Salt,Method,Temperatures_K,Thermal_Conductivity_W_mK
PGM,Zhao-PGM,"769.450000,774.809091,780.168182,785.527273,790.886364,796.245455,801.604545,806.963636,812.322727,817.681818,823.040909,828.400000,833.759091,839.118182,844.477273,849.836364,855.195455,860.554545,865.913636,871.272727,876.631818,881.990909,887.350000,892.709091,898.068182,903.427273,908.786364,914.145455,919.504545,924.863636,930.222727,935.581818,940.940909,946.300000,951.659091,957.018182,962.377273,967.736364,973.095455,978.454545,983.813636,989.172727,994.531818,999.890909,1005.250000,1010.609091,1015.968182,1021.327273,1026.686364,1032.045455,1037.404545,1042.763636,1048.122727,1053.481818,1058.840909,1064.200000,1069.559091,1074.918182,1080.277273,1085.636364,1090.995455,1096.354545,1101.713636,1107.072727,1112.431818,1117.790909,1123.150000,1128.509091,1133.868182,1139.227273,1144.586364,1149.945455,1155.304545,1160.663636,1166.022727,1171.381818,1176.740909,1182.100000,1187.459091,1192.818182,1198.177273,1203.536364,1208.895455,1214.254545,1219.613636,1224.972727,1230.331818,1235.690909,1241.050000,1246.409091,1251.768182,1257.127273,1262.486364,1267.845455,1273.204545,1278.563636,1283.922727,1289.281818,1294.640909,1300.000000","0.388029,0.387077,0.386123,0.385168,0.384211,0.383254,0.382294,0.381334,0.380372,0.379409,0.378445,0.377480,0.376513,0.375544,0.374575,0.373604,0.372632,0.371658,0.370683,0.369707,0.368729,0.367751,0.366770,0.365789,0.364806,0.363822,0.362837,0.361850,0.360862,0.359872,0.358882,0.357890,0.356896,0.355902,0.354906,0.353908,0.352910,0.351910,0.350909,0.349906,0.348902,0.347897,0.346891,0.345883,0.344874,0.343864,0.342852,0.341839,0.340825,0.339810,0.338793,0.337775,0.336756,0.335735,0.334713,0.333690,0.332666,0.331640,0.330613,0.329585,0.328556,0.327525,0.326493,0.325460,0.324426,0.323390,0.322353,0.321315,0.320276,0.319236,0.318194,0.317151,0.316107,0.315062,0.314016,0.312968,0.311919,0.310869,0.309818,0.308766,0.307712,0.306658,0.305602,0.304545,0.303487,0.302428,0.301368,0.300307,0.299245,0.298181,0.297116,0.296051,0.294984,0.293916,0.292848,0.291778,0.290707,0.289635,0.288562,0.287488"
