Salt,Method,Temperatures_K,Thermal_Conductivity_W_mK
"SCM, Mix Data","Present Model, Mix Data","769.450000,774.809091,780.168182,785.527273,790.886364,796.245455,801.604545,806.963636,812.322727,817.681818,823.040909,828.400000,833.759091,839.118182,844.477273,849.836364,855.195455,860.554545,865.913636,871.272727,876.631818,881.990909,887.350000,892.709091,898.068182,903.427273,908.786364,914.145455,919.504545,924.863636,930.222727,935.581818,940.940909,946.300000,951.659091,957.018182,962.377273,967.736364,973.095455,978.454545,983.813636,989.172727,994.531818,999.890909,1005.250000,1010.609091,1015.968182,1021.327273,1026.686364,1032.045455,1037.404545,1042.763636,1048.122727,1053.481818,1058.840909,1064.200000,1069.559091,1074.918182,1080.277273,1085.636364,1090.995455,1096.354545,1101.713636,1107.072727,1112.431818,1117.790909,1123.150000,1128.509091,1133.868182,1139.227273,1144.586364,1149.945455,1155.304545,1160.663636,1166.022727,1171.381818,1176.740909,1182.100000,1187.459091,1192.818182,1198.177273,1203.536364,1208.895455,1214.254545,1219.613636,1224.972727,1230.331818,1235.690909,1241.050000,1246.409091,1251.768182,1257.127273,1262.486364,1267.845455,1273.204545,1278.563636,1283.922727,1289.281818,1294.640909,1300.000000","0.381901,0.380963,0.380024,0.379084,0.378143,0.377201,0.376257,0.375311,0.374365,0.373417,0.372468,0.371518,0.370566,0.369613,0.368659,0.367703,0.366746,0.365788,0.364829,0.363868,0.362906,0.361942,0.360978,0.360012,0.359044,0.358076,0.357106,0.356135,0.355162,0.354189,0.353214,0.352237,0.351260,0.350281,0.349300,0.348319,0.347336,0.346352,0.345367,0.344380,0.343392,0.342403,0.341412,0.340420,0.339427,0.338433,0.337437,0.336440,0.335442,0.334443,0.333442,0.332440,0.331437,0.330433,0.329427,0.328420,0.327412,0.326402,0.325392,0.324380,0.323367,0.322352,0.321337,0.320320,0.319302,0.318283,0.317262,0.316241,0.315218,0.314194,0.313169,0.312142,0.311115,0.310086,0.309056,0.308025,0.306993,0.305959,0.304925,0.303889,0.302853,0.301815,0.300776,0.299735,0.298694,0.297652,0.296608,0.295564,0.294518,0.293472,0.292424,0.291375,0.290325,0.289274,0.288222,0.287170,0.286116,0.285061,0.284005,0.282948"
