# composition,0.33NaCl-0.45MgCl2-0.22KCl
# source,Numbers, 2026
# temperature_K,750
# raw_file,0.33NaCl-0.22KCl-0.45MgCl2_Numbers_2026_750.0_AP.csv
# savgol,False
# grid_points,2000
r (A),Cl-Cl,K-Cl,K-K,K-Mg,K-Na,Mg-Cl,Mg-Mg,Mg-Na,Na-Cl,Na-Na
0.0,0.0,0.0,0.0,0.0,0.0,0.0,0.0,0.0,0.0,0.0
0.005239494747373687,0.0,0.0,0.0,0.0,0.0,0.0,0.0,0.0,0.0,0.0
0.010478989494747374,0.0,0.0,0.0,0.0,0.0,0.0,0.0,0.0,0.0,0.0
0.01571848424212106,0.0,0.0,0.0,0.0,0.0,0.0,0.0,0.0,0.0,0.0
0.02095797898949475,0.0,0.0,0.0,0.0,0.0,0.0,0.0,0.0,0.0,0.0
0.026197473736868437,0.0,0.0,0.0,0.0,0.0,0.0,0.0,0.0,0.0,0.0
0.03143696848424212,0.0,0.0,0.0,0.0,0.0,0.0,0.0,0.0,0.0,0.0
0.03667646323161581,0.0,0.0,0.0,0.0,0.0,0.0,0.0,0.0,0.0,0.0
0.0419159579789895,0.0,0.0,0.0,0.0,0.0,0.0,0.0,0.0,0.0,0.0
0.047155452726363185,0.0,0.0,0.0,0.0,0.0,0.0,0.0,0.0,0.0,0.0
0.05239494747373687,0.0,0.0,0.0,0.0,0.0,0.0,0.0,0.0,0.0,0.0
0.05763444222111056,0.0,0.0,0.0,0.0,0.0,0.0,0.0,0.0,0.0,0.0
0.06287393696848424,0.0,0.0,0.0,0.0,0.0,0.0,0.0,0.0,0.0,0.0
0.06811343171585793,0.0,0.0,0.0,0.0,0.0,0.0,0.0,0.0,0.0,0.0
0.07335292646323162,0.0,0.0,0.0,0.0,0.0,0.0,0.0,0.0,0.0,0.0
0.0785924212106053,0.0,0.0,0.0,0.0,0.0,0.0,0.0,0.0,0.0,0.0
0.083831915957979,0.0,0.0,0.0,0.0,0.0,0.0,0.0,0.0,0.0,0.0
0.08907141070535268,0.0,0.0,0.0,0.0,0.0,0.0,0.0,0.0,0.0,0.0
0.09431090545272637,0.0,0.0,0.0,0.0,0.0,0.0,0.0,0.0,0.0,0.0
0.09955040020010006,0.0,0.0,0.0,0.0,0.0,0.0,0.0,0.0,0.0,0.0
0.10478989494747375,0.0,0.0,0.0,0.0,0.0,0.0,0.0,0.0,0.0,0.0
0.11002938969484743,0.0,0.0,0.0,0.0,0.0,0.0,0.0,0.0,0.0,0.0
0.11526888444222112,0.0,0.0,0.0,0.0,0.0,0.0,0.0,0.0,0.0,0.0
0.12050837918959481,0.0,0.0,0.0,0.0,0.0,0.0,0.0,0.0,0.0,0.0
0.12574787393696849,0.0,0.0,0.0,0.0,0.0,0.0,0.0,0.0,0.0,0.0
0.1309873686843422,0.0,0.0,0.0,0.0,0.0,0.0,0.0,0.0,0.0,0.0
0.13622686343171586,0.0,0.0,0.0,0.0,0.0,0.0,0.0,0.0,0.0,0.0
0.14146635817908956,0.0,0.0,0.0,0.0,0.0,0.0,0.0,0.0,0.0,0.0
0.14670585292646324,0.0,0.0,0.0,0.0,0.0,0.0,0.0,0.0,0.0,0.0
0.15194534767383694,0.0,0.0,0.0,0.0,0.0,0.0,0.0,0.0,0.0,0.0
0.1571848424212106,0.0,0.0,0.0,0.0,0.0,0.0,0.0,0.0,0.0,0.0
0.16242433716858432,0.0,0.0,0.0,0.0,0.0,0.0,0.0,0.0,0.0,0.0
0.167663831915958,0.0,0.0,0.0,0.0,0.0,0.0,0.0,0.0,0.0,0.0
0.17290332666333166,0.0,0.0,0.0,0.0,0.0,0.0,0.0,0.0,0.0,0.0
0.17814282141070537,0.0,0.0,0.0,0.0,0.0,0.0,0.0,0.0,0.0,0.0
0.18338231615807904,0.0,0.0,0.0,0.0,0.0,0.0,0.0,0.0,0.0,0.0
0.18862181090545274,0.0,0.0,0.0,0.0,0.0,0.0,0.0,0.0,0.0,0.0
0.19386130565282642,0.0,0.0,0.0,0.0,0.0,0.0,0.0,0.0,0.0,0.0
0.19910080040020012,0.0,0.0,0.0,0.0,0.0,0.0,0.0,0.0,0.0,0.0
0.2043402951475738,0.0,0.0,0.0,0.0,0.0,0.0,0.0,0.0,0.0,0.0
0.2095797898949475,0.0,0.0,0.0,0.0,0.0,0.0,0.0,0.0,0.0,0.0
0.21481928464232117,0.0,0.0,0.0,0.0,0.0,0.0,0.0,0.0,0.0,0.0
0.22005877938969487,0.0,0.0,0.0,0.0,0.0,0.0,0.0,0.0,0.0,0.0
0.22529827413706854,0.0,0.0,0.0,0.0,0.0,0.0,0.0,0.0,0.0,0.0
0.23053776888444225,0.0,0.0,0.0,0.0,0.0,0.0,0.0,0.0,0.0,0.0
0.23577726363181592,0.0,0.0,0.0,0.0,0.0,0.0,0.0,0.0,0.0,0.0
0.24101675837918962,0.0,0.0,0.0,0.0,0.0,0.0,0.0,0.0,0.0,0.0
0.2462562531265633,0.0,0.0,0.0,0.0,0.0,0.0,0.0,0.0,0.0,0.0
0.25149574787393697,0.0,0.0,0.0,0.0,0.0,0.0,0.0,0.0,0.0,0.0
0.25673524262131064,0.0,0.0,0.0,0.0,0.0,0.0,0.0,0.0,0.0,0.0
0.2619747373686844,0.0,0.0,0.0,0.0,0.0,0.0,0.0,0.0,0.0,0.0
0.26721423211605805,0.0,0.0,0.0,0.0,0.0,0.0,0.0,0.0,0.0,0.0
0.2724537268634317,0.0,0.0,0.0,0.0,0.0,0.0,0.0,0.0,0.0,0.0
0.2776932216108054,0.0,0.0,0.0,0.0,0.0,0.0,0.0,0.0,0.0,0.0
0.2829327163581791,0.0,0.0,0.0,0.0,0.0,0.0,0.0,0.0,0.0,0.0
0.2881722111055528,0.0,0.0,0.0,0.0,0.0,0.0,0.0,0.0,0.0,0.0
0.2934117058529265,0.0,0.0,0.0,0.0,0.0,0.0,0.0,0.0,0.0,0.0
0.29865120060030015,0.0,0.0,0.0,0.0,0.0,0.0,0.0,0.0,0.0,0.0
0.3038906953476739,0.0,0.0,0.0,0.0,0.0,0.0,0.0,0.0,0.0,0.0
0.30913019009504755,0.0,0.0,0.0,0.0,0.0,0.0,0.0,0.0,0.0,0.0
0.3143696848424212,0.0,0.0,0.0,0.0,0.0,0.0,0.0,0.0,0.0,0.0
0.3196091795897949,0.0,0.0,0.0,0.0,0.0,0.0,0.0,0.0,0.0,0.0
0.32484867433716863,0.0,0.0,0.0,0.0,0.0,0.0,0.0,0.0,0.0,0.0
0.3300881690845423,0.0,0.0,0.0,0.0,0.0,0.0,0.0,0.0,0.0,0.0
0.335327663831916,0.0,0.0,0.0,0.0,0.0,0.0,0.0,0.0,0.0,0.0
0.34056715857928965,0.0,0.0,0.0,0.0,0.0,0.0,0.0,0.0,0.0,0.0
0.3458066533266633,0.0,0.0,0.0,0.0,0.0,0.0,0.0,0.0,0.0,0.0
0.35104614807403706,0.0,0.0,0.0,0.0,0.0,0.0,0.0,0.0,0.0,0.0
0.35628564282141073,0.0,0.0,0.0,0.0,0.0,0.0,0.0,0.0,0.0,0.0
0.3615251375687844,0.0,0.0,0.0,0.0,0.0,0.0,0.0,0.0,0.0,0.0
0.3667646323161581,0.0,0.0,0.0,0.0,0.0,0.0,0.0,0.0,0.0,0.0
0.3720041270635318,0.0,0.0,0.0,0.0,0.0,0.0,0.0,0.0,0.0,0.0
0.3772436218109055,0.0,0.0,0.0,0.0,0.0,0.0,0.0,0.0,0.0,0.0
0.38248311655827916,0.0,0.0,0.0,0.0,0.0,0.0,0.0,0.0,0.0,0.0
0.38772261130565283,0.0,0.0,0.0,0.0,0.0,0.0,0.0,0.0,0.0,0.0
0.39296210605302656,0.0,0.0,0.0,0.0,0.0,0.0,0.0,0.0,0.0,0.0
0.39820160080040023,0.0,0.0,0.0,0.0,0.0,0.0,0.0,0.0,0.0,0.0
0.4034410955477739,0.0,0.0,0.0,0.0,0.0,0.0,0.0,0.0,0.0,0.0
0.4086805902951476,0.0,0.0,0.0,0.0,0.0,0.0,0.0,0.0,0.0,0.0
0.4139200850425213,0.0,0.0,0.0,0.0,0.0,0.0,0.0,0.0,0.0,0.0
0.419159579789895,0.0,0.0,0.0,0.0,0.0,0.0,0.0,0.0,0.0,0.0
0.42439907453726866,0.0,0.0,0.0,0.0,0.0,0.0,0.0,0.0,0.0,0.0
0.42963856928464234,0.0,0.0,0.0,0.0,0.0,0.0,0.0,0.0,0.0,0.0
0.434878064032016,0.0,0.0,0.0,0.0,0.0,0.0,0.0,0.0,0.0,0.0
0.44011755877938974,0.0,0.0,0.0,0.0,0.0,0.0,0.0,0.0,0.0,0.0
0.4453570535267634,0.0,0.0,0.0,0.0,0.0,0.0,0.0,0.0,0.0,0.0
0.4505965482741371,0.0,0.0,0.0,0.0,0.0,0.0,0.0,0.0,0.0,0.0
0.45583604302151076,0.0,0.0,0.0,0.0,0.0,0.0,0.0,0.0,0.0,0.0
0.4610755377688845,0.0,0.0,0.0,0.0,0.0,0.0,0.0,0.0,0.0,0.0
0.46631503251625817,0.0,0.0,0.0,0.0,0.0,0.0,0.0,0.0,0.0,0.0
0.47155452726363184,0.0,0.0,0.0,0.0,0.0,0.0,0.0,0.0,0.0,0.0
0.4767940220110055,0.0,0.0,0.0,0.0,0.0,0.0,0.0,0.0,0.0,0.0
0.48203351675837924,0.0,0.0,0.0,0.0,0.0,0.0,0.0,0.0,0.0,0.0
0.4872730115057529,0.0,0.0,0.0,0.0,0.0,0.0,0.0,0.0,0.0,0.0
0.4925125062531266,0.0,0.0,0.0,0.0,0.0,0.0,0.0,0.0,0.0,0.0
0.49775200100050027,0.0,0.0,0.0,0.0,0.0,0.0,0.0,0.0,0.0,0.0
0.5029914957478739,0.0,0.0,0.0,0.0,0.0,0.0,0.0,0.0,0.0,0.0
0.5082309904952477,0.0,0.0,0.0,0.0,0.0,0.0,0.0,0.0,0.0,0.0
0.5134704852426213,0.0,0.0,0.0,0.0,0.0,0.0,0.0,0.0,0.0,0.0
0.518709979989995,0.0,0.0,0.0,0.0,0.0,0.0,0.0,0.0,0.0,0.0
0.5239494747373687,0.0,0.0,0.0,0.0,0.0,0.0,0.0,0.0,0.0,0.0
0.5291889694847424,0.0,0.0,0.0,0.0,0.0,0.0,0.0,0.0,0.0,0.0
0.5344284642321161,0.0,0.0,0.0,0.0,0.0,0.0,0.0,0.0,0.0,0.0
0.5396679589794898,0.0,0.0,0.0,0.0,0.0,0.0,0.0,0.0,0.0,0.0
0.5449074537268634,0.0,0.0,0.0,0.0,0.0,0.0,0.0,0.0,0.0,0.0
0.5501469484742372,0.0,0.0,0.0,0.0,0.0,0.0,0.0,0.0,0.0,0.0
0.5553864432216108,0.0,0.0,0.0,0.0,0.0,0.0,0.0,0.0,0.0,0.0
0.5606259379689845,0.0,0.0,0.0,0.0,0.0,0.0,0.0,0.0,0.0,0.0
0.5658654327163583,0.0,0.0,0.0,0.0,0.0,0.0,0.0,0.0,0.0,0.0
0.5711049274637319,0.0,0.0,0.0,0.0,0.0,0.0,0.0,0.0,0.0,0.0
0.5763444222111056,0.0,0.0,0.0,0.0,0.0,0.0,0.0,0.0,0.0,0.0
0.5815839169584793,0.0,0.0,0.0,0.0,0.0,0.0,0.0,0.0,0.0,0.0
0.586823411705853,0.0,0.0,0.0,0.0,0.0,0.0,0.0,0.0,0.0,0.0
0.5920629064532267,0.0,0.0,0.0,0.0,0.0,0.0,0.0,0.0,0.0,0.0
0.5973024012006003,0.0,0.0,0.0,0.0,0.0,0.0,0.0,0.0,0.0,0.0
0.602541895947974,0.0,0.0,0.0,0.0,0.0,0.0,0.0,0.0,0.0,0.0
0.6077813906953478,0.0,0.0,0.0,0.0,0.0,0.0,0.0,0.0,0.0,0.0
0.6130208854427214,0.0,0.0,0.0,0.0,0.0,0.0,0.0,0.0,0.0,0.0
0.6182603801900951,0.0,0.0,0.0,0.0,0.0,0.0,0.0,0.0,0.0,0.0
0.6234998749374687,0.0,0.0,0.0,0.0,0.0,0.0,0.0,0.0,0.0,0.0
0.6287393696848425,0.0,0.0,0.0,0.0,0.0,0.0,0.0,0.0,0.0,0.0
0.6339788644322162,0.0,0.0,0.0,0.0,0.0,0.0,0.0,0.0,0.0,0.0
0.6392183591795898,0.0,0.0,0.0,0.0,0.0,0.0,0.0,0.0,0.0,0.0
0.6444578539269635,0.0,0.0,0.0,0.0,0.0,0.0,0.0,0.0,0.0,0.0
0.6496973486743373,0.0,0.0,0.0,0.0,0.0,0.0,0.0,0.0,0.0,0.0
0.6549368434217109,0.0,0.0,0.0,0.0,0.0,0.0,0.0,0.0,0.0,0.0
0.6601763381690846,0.0,0.0,0.0,0.0,0.0,0.0,0.0,0.0,0.0,0.0
0.6654158329164582,0.0,0.0,0.0,0.0,0.0,0.0,0.0,0.0,0.0,0.0
0.670655327663832,0.0,0.0,0.0,0.0,0.0,0.0,0.0,0.0,0.0,0.0
0.6758948224112057,0.0,0.0,0.0,0.0,0.0,0.0,0.0,0.0,0.0,0.0
0.6811343171585793,0.0,0.0,0.0,0.0,0.0,0.0,0.0,0.0,0.0,0.0
0.686373811905953,0.0,0.0,0.0,0.0,0.0,0.0,0.0,0.0,0.0,0.0
0.6916133066533267,0.0,0.0,0.0,0.0,0.0,0.0,0.0,0.0,0.0,0.0
0.6968528014007004,0.0,0.0,0.0,0.0,0.0,0.0,0.0,0.0,0.0,0.0
0.7020922961480741,0.0,0.0,0.0,0.0,0.0,0.0,0.0,0.0,0.0,0.0
0.7073317908954477,0.0,0.0,0.0,0.0,0.0,0.0,0.0,0.0,0.0,0.0
0.7125712856428215,0.0,0.0,0.0,0.0,0.0,0.0,0.0,0.0,0.0,0.0
0.7178107803901952,0.0,0.0,0.0,0.0,0.0,0.0,0.0,0.0,0.0,0.0
0.7230502751375688,0.0,0.0,0.0,0.0,0.0,0.0,0.0,0.0,0.0,0.0
0.7282897698849425,0.0,0.0,0.0,0.0,0.0,0.0,0.0,0.0,0.0,0.0
0.7335292646323162,0.0,0.0,0.0,0.0,0.0,0.0,0.0,0.0,0.0,0.0
0.7387687593796899,0.0,0.0,0.0,0.0,0.0,0.0,0.0,0.0,0.0,0.0
0.7440082541270636,0.0,0.0,0.0,0.0,0.0,0.0,0.0,0.0,0.0,0.0
0.7492477488744372,0.0,0.0,0.0,0.0,0.0,0.0,0.0,0.0,0.0,0.0
0.754487243621811,0.0,0.0,0.0,0.0,0.0,0.0,0.0,0.0,0.0,0.0
0.7597267383691846,0.0,0.0,0.0,0.0,0.0,0.0,0.0,0.0,0.0,0.0
0.7649662331165583,0.0,0.0,0.0,0.0,0.0,0.0,0.0,0.0,0.0,0.0
0.770205727863932,0.0,0.0,0.0,0.0,0.0,0.0,0.0,0.0,0.0,0.0
0.7754452226113057,0.0,0.0,0.0,0.0,0.0,0.0,0.0,0.0,0.0,0.0
0.7806847173586794,0.0,0.0,0.0,0.0,0.0,0.0,0.0,0.0,0.0,0.0
0.7859242121060531,0.0,0.0,0.0,0.0,0.0,0.0,0.0,0.0,0.0,0.0
0.7911637068534267,0.0,0.0,0.0,0.0,0.0,0.0,0.0,0.0,0.0,0.0
0.7964032016008005,0.0,0.0,0.0,0.0,0.0,0.0,0.0,0.0,0.0,0.0
0.8016426963481741,0.0,0.0,0.0,0.0,0.0,0.0,0.0,0.0,0.0,0.0
0.8068821910955478,0.0,0.0,0.0,0.0,0.0,0.0,0.0,0.0,0.0,0.0
0.8121216858429215,0.0,0.0,0.0,0.0,0.0,0.0,0.0,0.0,0.0,0.0
0.8173611805902952,0.0,0.0,0.0,0.0,0.0,0.0,0.0,0.0,0.0,0.0
0.8226006753376689,0.0,0.0,0.0,0.0,0.0,0.0,0.0,0.0,0.0,0.0
0.8278401700850426,0.0,0.0,0.0,0.0,0.0,0.0,0.0,0.0,0.0,0.0
0.8330796648324162,0.0,0.0,0.0,0.0,0.0,0.0,0.0,0.0,0.0,0.0
0.83831915957979,0.0,0.0,0.0,0.0,0.0,0.0,0.0,0.0,0.0,0.0
0.8435586543271636,0.0,0.0,0.0,0.0,0.0,0.0,0.0,0.0,0.0,0.0
0.8487981490745373,0.0,0.0,0.0,0.0,0.0,0.0,0.0,0.0,0.0,0.0
0.854037643821911,0.0,0.0,0.0,0.0,0.0,0.0,0.0,0.0,0.0,0.0
0.8592771385692847,0.0,0.0,0.0,0.0,0.0,0.0,0.0,0.0,0.0,0.0
0.8645166333166584,0.0,0.0,0.0,0.0,0.0,0.0,0.0,0.0,0.0,0.0
0.869756128064032,0.0,0.0,0.0,0.0,0.0,0.0,0.0,0.0,0.0,0.0
0.8749956228114057,0.0,0.0,0.0,0.0,0.0,0.0,0.0,0.0,0.0,0.0
0.8802351175587795,0.0,0.0,0.0,0.0,0.0,0.0,0.0,0.0,0.0,0.0
0.8854746123061531,0.0,0.0,0.0,0.0,0.0,0.0,0.0,0.0,0.0,0.0
0.8907141070535268,0.0,0.0,0.0,0.0,0.0,0.0,0.0,0.0,0.0,0.0
0.8959536018009006,0.0,0.0,0.0,0.0,0.0,0.0,0.0,0.0,0.0,0.0
0.9011930965482742,0.0,0.0,0.0,0.0,0.0,0.0,0.0,0.0,0.0,0.0
0.9064325912956479,0.0,0.0,0.0,0.0,0.0,0.0,0.0,0.0,0.0,0.0
0.9116720860430215,0.0,0.0,0.0,0.0,0.0,0.0,0.0,0.0,0.0,0.0
0.9169115807903953,0.0,0.0,0.0,0.0,0.0,0.0,0.0,0.0,0.0,0.0
0.922151075537769,0.0,0.0,0.0,0.0,0.0,0.0,0.0,0.0,0.0,0.0
0.9273905702851426,0.0,0.0,0.0,0.0,0.0,0.0,0.0,0.0,0.0,0.0
0.9326300650325163,0.0,0.0,0.0,0.0,0.0,0.0,0.0,0.0,0.0,0.0
0.93786955977989,0.0,0.0,0.0,0.0,0.0,0.0,0.0,0.0,0.0,0.0
0.9431090545272637,0.0,0.0,0.0,0.0,0.0,0.0,0.0,0.0,0.0,0.0
0.9483485492746374,0.0,0.0,0.0,0.0,0.0,0.0,0.0,0.0,0.0,0.0
0.953588044022011,0.0,0.0,0.0,0.0,0.0,0.0,0.0,0.0,0.0,0.0
0.9588275387693848,0.0,0.0,0.0,0.0,0.0,0.0,0.0,0.0,0.0,0.0
0.9640670335167585,0.0,0.0,0.0,0.0,0.0,0.0,0.0,0.0,0.0,0.0
0.9693065282641321,0.0,0.0,0.0,0.0,0.0,0.0,0.0,0.0,0.0,0.0
0.9745460230115058,0.0,0.0,0.0,0.0,0.0,0.0,0.0,0.0,0.0,0.0
0.9797855177588795,0.0,0.0,0.0,0.0,0.0,0.0,0.0,0.0,0.0,0.0
0.9850250125062532,0.0,0.0,0.0,0.0,0.0,0.0,0.0,0.0,0.0,0.0
0.9902645072536269,0.0,0.0,0.0,0.0,0.0,0.0,0.0,0.0,0.0,0.0
0.9955040020010005,0.0,0.0,0.0,0.0,0.0,0.0,0.0,0.0,0.0,0.0
1.0007434967483742,0.0,0.0,0.0,0.0,0.0,0.0,0.0,0.0,0.0,0.0
1.0059829914957479,0.0,0.0,0.0,0.0,0.0,0.0,0.0,0.0,0.0,0.0
1.0112224862431216,0.0,0.0,0.0,0.0,0.0,0.0,0.0,0.0,0.0,0.0
1.0164619809904953,0.0,0.0,0.0,0.0,0.0,0.0,0.0,0.0,0.0,0.0
1.021701475737869,0.0,0.0,0.0,0.0,0.0,0.0,0.0,0.0,0.0,0.0
1.0269409704852426,0.0,0.0,0.0,0.0,0.0,0.0,0.0,0.0,0.0,0.0
1.0321804652326163,0.0,0.0,0.0,0.0,0.0,0.0,0.0,0.0,0.0,0.0
1.03741995997999,0.0,0.0,0.0,0.0,0.0,0.0,0.0,0.0,0.0,0.0
1.0426594547273638,0.0,0.0,0.0,0.0,0.0,0.0,0.0,0.0,0.0,0.0
1.0478989494747375,0.0,0.0,0.0,0.0,0.0,0.0,0.0,0.0,0.0,0.0
1.0531384442221112,0.0,0.0,0.0,0.0,0.0,0.0,0.0,0.0,0.0,0.0
1.0583779389694847,0.0,0.0,0.0,0.0,0.0,0.0,0.0,0.0,0.0,0.0
1.0636174337168585,0.0,0.0,0.0,0.0,0.0,0.0,0.0,0.0,0.0,0.0
1.0688569284642322,0.0,0.0,0.0,0.0,0.0,0.0,0.0,0.0,0.0,0.0
1.074096423211606,0.0,0.0,0.0,0.0,0.0,0.0,0.0,0.0,0.0,0.0
1.0793359179589797,0.0,0.0,0.0,0.0,0.0,0.0,0.0,0.0,0.0,0.0
1.0845754127063532,0.0,0.0,0.0,0.0,0.0,0.0,0.0,0.0,0.0,0.0
1.0898149074537269,0.0,0.0,0.0,0.0,0.0,0.0,0.0,0.0,0.0,0.0
1.0950544022011006,0.0,0.0,0.0,0.0,0.0,0.0,0.0,0.0,0.0,0.0
1.1002938969484743,0.0,0.0,0.0,0.0,0.0,0.0,0.0,0.0,0.0,0.0
1.105533391695848,0.0,0.0,0.0,0.0,0.0,0.0,0.0,0.0,0.0,0.0
1.1107728864432216,0.0,0.0,0.0,0.0,0.0,0.0,0.0,0.0,0.0,0.0
1.1160123811905953,0.0,0.0,0.0,0.0,0.0,0.0,0.0,0.0,0.0,0.0
1.121251875937969,0.0,0.0,0.0,0.0,0.0,0.0,0.0,0.0,0.0,0.0
1.1264913706853428,0.0,0.0,0.0,0.0,0.0,0.0,0.0,0.0,0.0,0.0
1.1317308654327165,0.0,0.0,0.0,0.0,0.0,0.0,0.0,0.0,0.0,0.0
1.13697036018009,0.0,0.0,0.0,0.0,0.0,0.0,0.0,0.0,0.0,0.0
1.1422098549274637,0.0,0.0,0.0,0.0,0.0,0.0,0.0,0.0,0.0,0.0
1.1474493496748375,0.0,0.0,0.0,0.0,0.0,0.0,0.0,0.0,0.0,0.0
1.1526888444222112,0.0,0.0,0.0,0.0,0.0,0.0,0.0,0.0,0.0,0.0
1.157928339169585,0.0,0.0,0.0,0.0,0.0,0.0,0.0,0.0,0.0,0.0
1.1631678339169587,0.0,0.0,0.0,0.0,0.0,0.0,0.0,0.0,0.0,0.0
1.1684073286643322,0.0,0.0,0.0,0.0,0.0,0.0,0.0,0.0,0.0,0.0
1.173646823411706,0.0,0.0,0.0,0.0,0.0,0.0,0.0,0.0,0.0,0.0
1.1788863181590796,0.0,0.0,0.0,0.0,0.0,0.0,0.0,0.0,0.0,0.0
1.1841258129064534,0.0,0.0,0.0,0.0,0.0,0.0,0.0,0.0,0.0,0.0
1.189365307653827,0.0,0.0,0.0,0.0,0.0,0.0,0.0,0.0,0.0,0.0
1.1946048024012006,0.0,0.0,0.0,0.0,0.0,0.0,0.0,0.0,0.0,0.0
1.1998442971485743,0.0,0.0,0.0,0.0,0.0,0.0,0.0,0.0,0.0,0.0
1.205083791895948,0.0,0.0,0.0,0.0,0.0,0.0,0.0,0.0,0.0,0.0
1.2103232866433218,0.0,0.0,0.0,0.0,0.0,0.0,0.0,0.0,0.0,0.0
1.2155627813906955,0.0,0.0,0.0,0.0,0.0,0.0,0.0,0.0,0.0,0.0
1.220802276138069,0.0,0.0,0.0,0.0,0.0,0.0,0.0,0.0,0.0,0.0
1.2260417708854427,0.0,0.0,0.0,0.0,0.0,0.0,0.0,0.0,0.0,0.0
1.2312812656328165,0.0,0.0,0.0,0.0,0.0,0.0,0.0,0.0,0.0,0.0
1.2365207603801902,0.0,0.0,0.0,0.0,0.0,0.0,0.0,0.0,0.0,0.0
1.241760255127564,0.0,0.0,0.0,0.0,0.0,0.0,0.0,0.0,0.0,0.0
1.2469997498749374,0.0,0.0,0.0,0.0,0.0,0.0,0.0,0.0,0.0,0.0
1.2522392446223112,0.0,0.0,0.0,0.0,0.0,0.0,0.0,0.0,0.0,0.0
1.257478739369685,0.0,0.0,0.0,0.0,0.0,0.0,0.0,0.0,0.0,0.0
1.2627182341170586,0.0,0.0,0.0,0.0,0.0,0.0,0.0,0.0,0.0,0.0
1.2679577288644324,0.0,0.0,0.0,0.0,0.0,0.0,0.0,0.0,0.0,0.0
1.2731972236118059,0.0,0.0,0.0,0.0,0.0,0.0,0.0,0.0,0.0,0.0
1.2784367183591796,0.0,0.0,0.0,0.0,0.0,0.0,0.0,0.0,0.0,0.0
1.2836762131065533,0.0,0.0,0.0,0.0,0.0,0.0,0.0,0.0,0.0,0.0
1.288915707853927,0.0,0.0,0.0,0.0,0.0,0.0,0.0,0.0,0.0,0.0
1.2941552026013008,0.0,0.0,0.0,0.0,0.0,0.0,0.0,0.0,0.0,0.0
1.2993946973486745,0.0,0.0,0.0,0.0,0.0,0.0,0.0,0.0,0.0,0.0
1.304634192096048,0.0,0.0,0.0,0.0,0.0,0.0,0.0,0.0,0.0,0.0
1.3098736868434218,0.0,0.0,0.0,0.0,0.0,0.0,0.0,0.0,0.0,0.0
1.3151131815907955,0.0,0.0,0.0,0.0,0.0,0.0,0.0,0.0,0.0,0.0
1.3203526763381692,0.0,0.0,0.0,0.0,0.0,0.0,0.0,0.0,0.0,0.0
1.325592171085543,0.0,0.0,0.0,0.0,0.0,0.0,0.0,0.0,0.0,0.0
1.3308316658329165,0.0,0.0,0.0,0.0,0.0,0.0,0.0,0.0,0.0,0.0
1.3360711605802902,0.0,0.0,0.0,0.0,0.0,0.0,0.0,0.0,0.0,0.0
1.341310655327664,0.0,0.0,0.0,0.0,0.0,0.0,0.0,0.0,0.0,0.0
1.3465501500750376,0.0,0.0,0.0,0.0,0.0,0.0,0.0,0.0,0.0,0.0
1.3517896448224114,0.0,0.0,0.0,0.0,0.0,0.0,0.0,0.0,0.0,0.0
1.3570291395697849,0.0,0.0,0.0,0.0,0.0,0.0,0.0,0.0,0.0,0.0
1.3622686343171586,0.0,0.0,0.0,0.0,0.0,0.0,0.0,0.0,0.0,0.0
1.3675081290645323,0.0,0.0,0.0,0.0,0.0,0.0,0.0,0.0,0.0,0.0
1.372747623811906,0.0,0.0,0.0,0.0,0.0,0.0,0.0,0.0,0.0,0.0
1.3779871185592798,0.0,0.0,0.0,0.0,0.0,0.0,0.0,0.0,0.0,0.0
1.3832266133066533,0.0,0.0,0.0,0.0,0.0,0.0,0.0,0.0,0.0,0.0
1.388466108054027,0.0,0.0,0.0,0.0,0.0,0.0,0.0,0.0,0.0,0.0
1.3937056028014008,0.0,0.0,0.0,0.0,0.0,0.0,0.0,0.0,0.0,0.0
1.3989450975487745,0.0,0.0,0.0,0.0,0.0,0.0,0.0,0.0,0.0,0.0
1.4041845922961482,0.0,0.0,0.0,0.0,0.0,0.0,0.0,0.0,0.0,0.0
1.409424087043522,0.0,0.0,0.0,0.0,0.0,0.0,0.0,0.0,0.0,0.0
1.4146635817908955,0.0,0.0,0.0,0.0,0.0,0.0,0.0,0.0,0.0,0.0
1.4199030765382692,0.0,0.0,0.0,0.0,0.0,0.0,0.0,0.0,0.0,0.0
1.425142571285643,0.0,0.0,0.0,0.0,0.0,0.0,0.0,0.0,0.0,0.0
1.4303820660330167,0.0,0.0,0.0,0.0,0.0,0.0,0.0,0.0,0.0,0.0
1.4356215607803904,0.0,0.0,0.0,0.0,0.0,0.0,0.0,0.0,0.0,0.0
1.440861055527764,0.0,0.0,0.0,0.0,0.0,0.0,0.0,0.0,0.0,0.0
1.4461005502751376,0.0,0.0,0.0,0.0,0.0,0.0,0.0,0.0,0.0,0.0
1.4513400450225113,0.0,0.0,0.0,0.0,0.0,0.0,0.0,0.0,0.0,0.0
1.456579539769885,0.0,0.0,0.0,0.0,0.0,0.0,0.0,0.0,0.0,0.0
1.4618190345172588,0.0,0.0,0.0,0.0,0.0,0.0,0.0,0.0,0.0,0.0
1.4670585292646323,0.0,0.0,0.0,0.0,0.0,0.0,0.0,0.0,0.0,0.0
1.472298024012006,0.0,0.0,0.0,0.0,0.0,0.0,0.0,0.0,0.0,0.0
1.4775375187593798,0.0,0.0,0.0,0.0,0.0,0.0,0.0,0.0,0.0,0.0
1.4827770135067535,0.0,0.0,0.0,0.0,0.0,0.0,0.0,0.0,0.0,0.0
1.4880165082541272,0.0,0.0,0.0,0.0,0.0,0.0,0.0,0.0,0.0,0.0
1.4932560030015007,0.0,0.0,0.0,0.0,0.0,0.0,0.0,0.0,0.0,0.0
1.4984954977488745,0.0,0.0,0.0,0.0,0.0,0.0,0.0,0.0,0.0,0.0
1.5037349924962482,0.0,0.0,0.0,0.0,0.0,0.0,0.0,0.0,0.0,0.0
1.508974487243622,0.0,0.0,0.0,0.0,0.0,0.0,0.0,0.0,0.0,0.0
1.5142139819909957,0.0,0.0,0.0,0.0,0.0,0.0,0.0,0.0,0.0,0.0
1.5194534767383692,0.0,0.0,0.0,0.0,0.0,0.0,0.0,0.0,0.0,0.0
1.524692971485743,0.0,0.0,0.0,0.0,0.0,0.0,0.0,0.0,0.0,0.0
1.5299324662331166,0.0,0.0,0.0,0.0,0.0,0.0,0.0,0.0,0.0,0.0
1.5351719609804904,0.0,0.0,0.0,0.0,0.0,0.0,0.0,0.0,0.0,0.0
1.540411455727864,0.0,0.0,0.0,0.0,0.0,0.0,0.0,0.0,0.0,0.0
1.5456509504752378,0.0,0.0,0.0,0.0,0.0,0.0,0.0,0.0,0.0,0.0
1.5508904452226113,0.0,0.0,0.0,0.0,0.0,0.0,0.0,0.0,0.0,0.0
1.556129939969985,0.0,0.0,0.0,0.0,0.0,0.0,0.0,0.0,0.0,0.0
1.5613694347173588,0.0,0.0,0.0,0.0,0.0,0.0,0.0,0.0,0.0,0.0
1.5666089294647325,0.0,0.0,0.0,0.0,0.0,0.0,0.0,0.0,0.0,0.0
1.5718484242121062,0.0,0.0,0.0,0.0,0.0,0.0,0.0,0.0,0.0,0.0
1.5770879189594798,0.0,0.0,0.0,0.0,0.0,0.0,0.0,0.0,0.0,0.0
1.5823274137068535,0.0,0.0,0.0,0.0,0.0,0.0,0.0,0.0,0.0,0.0
1.5875669084542272,0.0,0.0,0.0,0.0,0.0,0.0,0.0,0.0,0.0,0.0
1.592806403201601,0.0,0.0,0.0,0.0,0.0,0.0,0.0,0.0,0.0,0.0
1.5980458979489747,0.0,0.0,0.0,0.0,0.0,0.0,0.0,0.0,0.0,0.0
1.6032853926963482,0.0,0.0,0.0,0.0,0.0,0.0,0.0,0.0,0.0,0.0
1.608524887443722,0.0,0.0,0.0,0.0,0.0,0.0,0.0,0.0,0.0,0.0
1.6137643821910956,0.0,0.0,0.0,0.0,0.0,0.0,0.0,0.0,0.0,0.0
1.6190038769384694,0.0,0.0,0.0,0.0,0.0,0.0,0.0,0.0,0.0,0.0
1.624243371685843,0.0,0.0,0.0,0.0,0.0,0.0,0.0,0.0,0.0,0.0
1.6294828664332166,0.0,0.0,0.0,0.0,0.0,0.0,0.0,0.0,0.0,0.0
1.6347223611805903,0.0,0.0,0.0,0.0,0.0,0.0,0.0,0.0,0.0,0.0
1.639961855927964,0.0,0.0,0.0,0.0,0.0,0.0,0.0,0.0,0.0,0.0
1.6452013506753378,0.0,0.0,0.0,0.0,0.0,0.0,0.0,0.0,0.0,0.0
1.6504408454227115,0.0,0.0,0.0,0.0,0.0,0.0,0.0,0.0,0.0,0.0
1.6556803401700853,0.0,0.0,0.0,0.0,0.0,0.0,0.0,0.0,0.0,0.0
1.6609198349174588,0.0,0.0,0.0,0.0,0.0,0.0,0.0,0.0,0.0,0.0
1.6661593296648325,0.0,0.0,0.0,0.0,0.0,0.0,0.0,0.0,0.0,0.0
1.6713988244122062,0.0,0.0,0.0,0.0,0.0,0.0,0.0,0.0,0.0,0.0
1.67663831915958,0.0,0.0,0.0,0.0,0.0,0.0,0.0,0.0,0.0,0.0
1.6818778139069537,0.0,0.0,0.0,0.0,0.0,0.0,0.0,0.0,0.0,0.0
1.6871173086543272,0.0,0.0,0.0,0.0,0.0,0.0,0.0,0.0,0.0,0.0
1.692356803401701,0.0,0.0,0.0,0.0,0.0,0.0,0.0,0.0,0.0,0.0
1.6975962981490746,0.0,0.0,0.0,0.0,0.0,0.0,0.0,0.0,0.0,0.0
1.7028357928964484,0.0,0.0,0.0,0.0,0.0,0.0,0.0,0.0,0.0,0.0
1.708075287643822,0.0,0.0,0.0,0.0,0.0,0.0,0.0,0.0,0.0,0.0
1.7133147823911956,0.0,0.0,0.0,0.0,0.0,0.0,0.0,0.0,0.0,0.0
1.7185542771385693,0.0,0.0,0.0,0.0,0.0,0.0,0.0,0.0,0.0,0.0
1.723793771885943,0.0,0.0,0.0,0.0,0.0,0.0,0.0,0.0,0.0,0.0
1.7290332666333168,0.0,0.0,0.0,0.0,0.0,0.0,0.0,0.0,0.0,0.0
1.7342727613806905,0.0,0.0,0.0,0.0,0.0,0.0,0.0,0.0,0.0,0.0
1.739512256128064,0.0,0.0,0.0,0.0,0.0,0.0,0.0,0.0,0.0,0.0
1.7447517508754378,0.0,0.0,0.0,0.0,0.0,0.0,0.0,0.0,0.0,0.0
1.7499912456228115,0.0,0.0,0.0,0.0,0.0,0.0,0.0,0.0,0.0,0.0
1.7552307403701852,0.0,0.0,0.0,0.0,0.0,0.0,0.0,0.0,0.0,0.0
1.760470235117559,0.0,0.0,0.0,0.0,0.0,0.0,0.0,0.0,0.0,0.0
1.7657097298649325,0.0,0.0,0.0,0.0,0.0,0.0,0.0,0.0,0.0,0.0
1.7709492246123062,0.0,0.0,0.0,0.0,0.0,0.0,0.0,0.0,0.0,0.0
1.77618871935968,0.0,0.0,0.0,0.0,0.0,0.0,0.0,0.0,0.0,0.0
1.7814282141070537,0.0,0.0,0.0,0.0,0.0,0.0,0.0,0.0,0.0,0.0
1.7866677088544274,0.0,0.0,0.0,0.0,0.0,0.0,0.0,0.0,0.0,0.0
1.7919072036018011,0.0,0.0,0.0,0.0,0.0,0.0,0.0,0.0,0.0,0.0
1.7971466983491746,0.0,0.0,0.0,0.0,0.0,0.0,0.0,0.0,0.0,0.0
1.8023861930965484,0.0,0.0,0.0,0.0,0.0,0.0,0.0,0.0,0.0,0.0
1.807625687843922,0.0,0.0,0.0,0.0,0.0,0.0,0.0,0.0,0.0,0.0
1.8128651825912958,0.0,0.0,0.0,0.0,0.0,0.0,0.0,0.0,0.0,0.0
1.8181046773386695,0.0,0.0,0.0,0.0,0.0,0.0,0.0,0.0,0.0,0.0
1.823344172086043,0.0,0.0,0.0,0.0,0.0,0.0,0.0,0.0,0.0,0.0
1.8285836668334168,0.0,0.0,0.0,0.0,0.0,0.0,0.0,0.0,0.0,0.0
1.8338231615807905,0.0,0.0,0.0,0.0,0.0,0.0,0.0,0.0,0.0,0.0
1.8390626563281642,0.0,0.0,0.0,0.0,0.0,0.0,0.0,0.0,0.0,0.0
1.844302151075538,0.0,0.0,0.0,0.0,0.0,0.0,0.0,0.0,0.0,0.0
1.8495416458229115,0.0,0.0,0.0,0.0,0.0,0.0,0.0,0.0,0.0,0.0
1.8547811405702852,0.0,0.0,0.0,0.0,0.0,0.0,0.0,0.0,0.0,0.0
1.860020635317659,0.0,0.0,0.0,0.0,0.0,0.0,0.0,0.0,0.0,0.0
1.8652601300650327,0.0,0.0,0.0,0.0,0.0,0.0,0.0,0.0,0.0,0.0
1.8704996248124064,0.0,0.0,0.0,0.0,0.0,0.0,0.0,0.0,0.0,0.0
1.87573911955978,0.0,0.0,0.0,0.0,0.0,0.0,0.0,0.0,0.0,0.0
1.8809786143071536,0.0,0.0,0.0,0.0,0.0,0.0,0.0,0.0,0.0,0.0
1.8862181090545274,0.0,0.0,0.0,0.0,0.0,0.0,0.0,0.0,0.0,0.0
1.891457603801901,0.0,0.0,0.0,0.0,0.0,0.0,0.0,0.0,0.0,0.0
1.8966970985492748,0.0,0.0,0.0,0.0,0.0,0.0,0.0,0.0,0.0,0.0
1.9019365932966485,0.0,0.0,0.0,0.0,0.0,0.0,0.0,0.0,0.0,0.0
1.907176088044022,0.0,0.0,0.0,0.0,0.0,0.0,0.0,0.0,0.0,0.0
1.9124155827913958,0.0,0.0,0.0,0.0,0.0,0.0,0.0,0.0,0.0,0.0
1.9176550775387695,0.0,0.0,0.0,0.0,0.0,0.0,0.0,0.0,0.0,0.0
1.9228945722861432,0.0,0.0,0.0,0.0,0.0,0.0,0.0,0.0,0.0,0.0
1.928134067033517,0.0,0.0,0.0,0.0,0.0,0.0,0.0,0.0,0.0,0.0
1.9333735617808905,0.0,0.0,0.0,0.0,0.0,0.0,0.0,0.0,0.0,0.0
1.9386130565282642,0.0,0.0,0.0,0.0,0.0,0.0,0.0,0.0,0.0,0.0
1.943852551275638,0.0,0.0,0.0,0.0,0.0,0.0,0.0,0.0,0.0,0.0
1.9490920460230117,0.0,0.0,0.0,0.0,0.0,0.0,0.0,0.0,0.0,0.0
1.9543315407703854,0.0,0.0,0.0,0.0,0.0,0.0,0.0,0.0,0.0,0.0
1.959571035517759,0.0,0.0,0.0,0.0,0.0,0.0,0.0,0.0,0.0,0.0
1.9648105302651326,0.0,0.0,0.0,0.0,0.0,0.0,0.0,0.0,0.0,0.0
1.9700500250125064,0.0,0.0,0.0,0.0,0.0,0.0001326136943471847,0.0,0.0,0.0,0.0
1.97528951975988,0.0,0.0,0.0,0.0,0.0,0.0006670870685342805,0.0,0.0,0.0,0.0
1.9805290145072538,0.0,0.0,0.0,0.0,0.0,0.0012015604427213762,0.0,0.0,0.0,0.0
1.9857685092546273,0.0,0.0,0.0,0.0,0.0,0.0017360338169084494,0.0,0.0,0.0,0.0
1.991008004002001,0.0,0.0,0.0,0.0,0.0,0.002270507191095545,0.0,0.0,0.0,0.0
1.9962474987493748,0.0,0.0,0.0,0.0,0.0,0.002804980565282641,0.0,0.0,0.0,0.0
2.0014869934967483,0.0,0.0,0.0,0.0,0.0,0.003339453939469714,0.0,0.0,0.0,0.0
2.006726488244122,0.0,0.0,0.0,0.0,0.0,0.00387392731365681,0.0,0.0,0.0,0.0
2.0119659829914958,0.0,0.0,0.0,0.0,0.0,0.004408400687843906,0.0,0.0,0.0,0.0
2.0172054777388695,0.0,0.0,0.0,0.0,0.0,0.004942874062031001,0.0,0.0,0.0,0.0
2.022444972486243,0.0,0.0,0.0,0.0,0.0,0.006846535029514621,0.0,0.0,0.0,0.0
2.027684467233617,0.0,0.0,0.0,0.0,0.0,0.013384369389694794,0.0,0.0,0.0,0.0
2.0329239619809907,0.0,0.0,0.0,0.0,0.0,0.019922203749874967,0.0,0.0,0.0,0.0
2.0381634567283644,0.0,0.0,0.0,0.0,0.0,0.02646003811005514,0.0,0.0,0.0,0.0
2.043402951475738,0.0,0.0,0.0,0.0,0.0,0.032997872470235314,0.0,0.0,0.0,0.0
2.048642446223112,0.0,0.0,0.0,0.0,0.0,0.03953570683041548,0.0,0.0,0.0,0.0
2.053881940970485,0.0,0.0,0.0,0.0,0.0,0.046073541190595105,0.0,0.0,0.0,0.0
2.059121435717859,0.0,0.0,0.0,0.0,0.0,0.052611375550775275,0.0,0.0,0.0,0.0
2.0643609304652326,0.0,0.0,0.0,0.0,0.0,0.05914920991095545,0.0,0.0,0.0,0.0
2.0696004252126063,0.0,0.0,0.0,0.0,0.0,0.06568704427113563,0.0,0.0,0.0,0.0
2.07483991995998,0.0,0.0,0.0,0.0,0.0,0.0785868841238126,0.0,0.0,0.0,0.0
2.080079414707354,0.0,0.0,0.0,0.0,0.0,0.11570833524912541,0.0,0.0,0.0,0.0
2.0853189094547275,0.0,0.0,0.0,0.0,0.0,0.15282978637443823,0.0,0.0,0.0,0.0
2.0905584042021013,0.0,0.0,0.0,0.0,0.0,0.189951237499751,0.0,0.0,0.0,0.0
2.095797898949475,0.0,0.0,0.0,0.0,0.0,0.22707268862506386,0.0,0.0,0.0,0.0
2.1010373936968487,0.0,0.0,0.0,0.0,0.0,0.26419413975037664,0.0,0.0,0.0,0.0
2.1062768884442225,0.0,0.0,0.0,0.0,0.0,0.3013155908756895,0.0,0.0,0.0,0.0
2.1115163831915957,0.0,0.0,0.0,0.0,0.0,0.33843704200099917,0.0,0.0,0.0,0.0
2.1167558779389695,0.0,0.0,0.0,0.0,0.0,0.37555849312631195,0.0,0.0,0.0,0.0
2.121995372686343,0.0,0.0,0.0,0.0,0.0,0.41267994425162474,0.0,0.0,0.0,0.0
2.127234867433717,0.0,0.0,0.0,0.0,0.0,0.4657985829769856,0.0,0.0,6.587851425712024e-05,0.0
2.1324743621810907,0.0,0.0,0.0,0.0,0.0,0.5880250721345659,0.0,0.0,0.0004163522101050486,0.0
2.1377138569284644,0.0,0.0,0.0,0.0,0.0,0.7102515612921463,0.0,0.0,0.000766825905952977,0.0
2.142953351675838,0.0,0.0,0.0,0.0,0.0,0.8324780504497267,0.0,0.0,0.0011172996018009053,0.0
2.148192846423212,0.0,0.0,0.0,0.0,0.0,0.9547045396073068,0.0,0.0,0.0014677732976488337,0.0
2.1534323411705856,0.0,0.0,0.0,0.0,0.0,1.0769310287648872,0.0,0.0,0.001818246993496762,0.0
2.1586718359179593,0.0,0.0,0.0,0.0,0.0,1.1991575179224676,0.0,0.0,0.0021687206893446906,0.0
2.1639113306653326,0.0,0.0,0.0,0.0,0.0,1.3213840070800376,0.0,0.0,0.002519194385192589,0.0
2.1691508254127063,0.0,0.0,0.0,0.0,0.0,1.4436104962376177,0.0,0.0,0.0028696680810405173,0.0
2.17439032016008,0.0,0.0,0.0,0.0,0.0,1.565836985395198,0.0,0.0,0.0032201417768884457,0.0
2.1796298149074538,0.0,0.0,0.0,0.0,0.0,1.7049746138094082,0.0,0.0,0.0036633426515758024,0.0
2.1848693096548275,0.0,0.0,0.0,0.0,0.0,1.9279107233161625,0.0,0.0,0.004566027457228632,0.0
2.1901088044022012,0.0,0.0,0.0,0.0,0.0,2.150846832822917,0.0,0.0,0.005468712262881462,0.0
2.195348299149575,0.0,0.0,0.0,0.0,0.0,2.373782942329671,0.0,0.0,0.006371397068534292,0.0
2.2005877938969487,0.0,0.0,0.0,0.0,0.0,2.596719051836425,0.0,0.0,0.007274081874187122,0.0
2.2058272886443224,0.0,0.0,0.0,0.0,0.0,2.8196551613431797,0.0,0.0,0.008176766679839952,0.0
2.211066783391696,0.0,0.0,0.0,0.0,0.0,3.042591270849934,0.0,0.0,0.009079451485492782,0.0
2.21630627813907,0.0,0.0,0.0,0.0,0.0,3.265527380356688,0.0,0.0,0.009982136291145612,0.0
2.221545772886443,0.0,0.0,0.0,0.0,0.0,3.4884634898634235,0.0,0.0,0.010884821096798366,0.0
2.226785267633817,0.0,0.0,0.0,0.0,0.0,3.7113995993701776,0.0,0.0,0.011787505902451197,0.0
2.2320247623811906,0.0,0.0,0.0,0.0,0.0,3.937283156957222,0.0,0.0,0.013238132134567161,0.0
2.2372642571285644,0.0,0.0,0.0,0.0,0.0,4.18015200856628,0.0,0.0,0.017846386925962916,0.0
2.242503751875938,0.0,0.0,0.0,0.0,0.0,4.423020860175337,0.0,0.0,0.022454641717358673,0.0
2.247743246623312,0.0,0.0,0.0,0.0,0.0,4.665889711784395,0.0,0.0,0.02706289650875443,0.0
2.2529827413706855,0.0,0.0,0.0,0.0,0.0,4.9087585633934525,0.0,0.0,0.031671151300150184,0.0
2.2582222361180593,0.0,0.0,0.0,0.0,0.0,5.15162741500251,0.0,0.0,0.036279406091545945,0.0
2.263461730865433,0.0,0.0,0.0,0.0,0.0,5.394496266611568,0.0,0.0,0.0408876608829417,0.0
2.2687012256128067,0.0,0.0,0.0,0.0,0.0,5.637365118220625,0.0,0.0,0.04549591567433745,0.0
2.27394072036018,0.0,0.0,0.0,0.0,0.0,5.880233969829662,0.0,0.0,0.05010417046573282,0.0
2.2791802151075538,0.0,0.0,0.0,0.0,0.0,6.12310282143872,0.0,0.0,0.05471242525712858,0.0
2.2844197098549275,0.0,0.0,0.0,0.0,0.0,6.355776893110808,0.0,0.0,0.06060258823962,0.0
2.289659204602301,0.0,0.0,0.0,0.0,0.0,6.5188865840365215,0.0,0.0,0.07523988946723387,0.0
2.294898699349675,0.0,0.0,0.0,0.0,0.0,6.681996274962235,0.0,0.0,0.08987719069484774,0.0
2.3001381940970487,0.0,0.0,0.0,0.0,0.0,6.8451059658879485,0.0,0.0,0.10451449192246161,0.0
2.3053776888444224,0.0,0.0,0.0,0.0,0.0,7.008215656813662,0.0,0.0,0.11915179315007549,0.0
2.310617183591796,0.0,0.0,0.0,0.0,0.0,7.1713253477393755,0.0,0.0,0.13378909437768935,0.0
2.31585667833917,0.0,0.0,0.0,0.0,0.0,7.334435038665089,0.0,0.0,0.1484263956053032,0.0
2.3210961730865436,0.0,0.0,0.0,0.0,0.0,7.497544729590802,0.0,0.0,0.16306369683291708,0.0
2.3263356678339173,0.0,0.0,0.0,0.0,0.0,7.660654420516516,0.0,0.0,0.17770099806053094,0.0
2.3315751625812906,0.0,0.0,0.0,0.0,0.0,7.823764111442216,0.0,0.0,0.19233829928814358,0.0
2.3368146573286643,0.0,0.0,0.0,0.0,0.0,7.970798268468735,0.0,0.0,0.20859745059579704,0.0
2.342054152076038,0.0,0.0,0.0,0.0,0.0,7.984741958794897,0.0,0.0,0.23828401186843373,0.0
2.347293646823412,0.0,0.0,0.0,0.0,0.0,7.998685649121061,0.0,0.0,0.2679705731410704,0.0
2.3525331415707855,0.0,0.0,0.0,0.0,0.0,8.012629339447225,0.0,0.0,0.2976571344137071,0.0
2.3577726363181593,0.0,0.0,0.0,0.0,0.0,8.026573029773386,0.0,0.0,0.3273436956863438,0.0
2.363012131065533,0.0,0.0,0.0,0.0,0.0,8.04051672009955,0.0,0.0,0.3570302569589805,0.0
2.3682516258129067,0.0,0.0,0.0,0.0,0.0,8.054460410425714,0.0,0.0,0.3867168182316172,0.0
2.3734911205602804,0.0,0.0,0.0,0.0,0.0,8.068404100751877,0.0,0.0,0.4164033795042539,0.0
2.378730615307654,0.0,0.0,0.0,0.0,0.0,8.082347791078039,0.0,0.0,0.44608994077689057,0.0
2.3839701100550275,0.0,0.0,0.0,0.0,0.0,8.096291481404203,0.0,0.0,0.4757765020495247,0.0
2.389209604802401,0.0,0.0,0.0,0.0,0.0,8.10046132550225,0.0,0.0,0.5071039240600306,0.0
2.394449099549775,0.0,0.0,0.0,0.0,0.0,8.002983168827912,0.0,0.0,0.5554962977443729,0.0
2.3996885942971486,0.0,0.0,0.0,0.0,0.0,7.905505012153575,0.0,0.0,0.6038886714287153,0.0
2.4049280890445224,0.0,0.0,0.0,0.0,0.0,7.808026855479238,0.0,0.0,0.6522810451130576,0.0
2.410167583791896,0.0,0.0,0.0,0.0,0.0,7.7105486988048995,0.0,0.0,0.7006734187974,0.0
2.41540707853927,0.0,0.0,0.0,0.0,0.0,7.613070542130562,0.0,0.0,0.7490657924817423,0.0
2.4206465732866436,0.0,0.0,0.0,0.0,0.0,7.515592385456225,0.0,0.0,0.7974581661660848,0.0
2.4258860680340173,0.0,0.0,0.0,0.0,0.0,7.418114228781887,0.0,0.0,0.8458505398504271,0.0
2.431125562781391,0.0,0.0,0.0,0.0,0.0,7.32063607210755,0.0,0.0,0.8942429135347696,0.0
2.4363650575287643,0.0,0.0,0.0,0.0,0.0,7.22315791543322,0.0,0.0,0.9426352872191077,0.0
2.441604552276138,0.0,3.394388269132948e-05,0.0,0.0,0.0,7.122759281182346,0.0,0.0,0.9920167770665312,0.0
2.4468440470235118,0.0,0.0005355590380189996,0.0,0.0,0.0,6.9821229558769415,0.0,0.0,1.0550260896053014,0.0
2.4520835417708855,0.0,0.0010371741933466697,0.0,0.0,0.0,6.841486630571537,0.0,0.0,1.1180354021440715,0.0
2.4573230365182592,0.0,0.0015387893486743399,0.0,0.0,0.0,6.700850305266132,0.0,0.0,1.1810447146828418,0.0
2.462562531265633,0.0,0.00204040450400201,0.0,0.0,0.0,6.560213979960728,0.0,0.0,1.2440540272216118,0.0
2.4678020260130067,0.0,0.0025420196593296802,0.0,0.0,0.0,6.419577654655324,0.0,0.0,1.3070633397603821,0.0
2.4730415207603804,0.0,0.00304363481465735,0.0,0.0,0.0,6.278941329349919,0.0,0.0,1.3700726522991522,0.0
2.478281015507754,0.0,0.0035452499699850206,0.0,0.0,0.0,6.138305004044515,0.0,0.0,1.4330819648379225,0.0
2.483520510255128,0.0,0.004046865125312691,0.0,0.0,0.0,5.99766867873911,0.0,0.0,1.4960912773766926,0.0
2.4887600050025016,0.0,0.0045484802806403605,0.0,0.0,0.0,5.857032353433706,0.0,0.0,1.5591005899154626,0.0
2.493999499749875,0.0,0.005055019282641326,0.0,0.0,0.0,5.716549528771885,0.0,4.964184842422072e-06,1.6222871680060034,0.0
2.4992389944972486,0.0,0.005660035218109062,0.0,0.0,0.0,5.579136716981489,0.0,0.00010921206653326792,1.6890190571320667,0.0
2.5044784892446224,0.0,0.006265051153576799,0.0,0.0,0.0,5.441723905191093,0.0,0.00021345994822411377,1.75575094625813,0.0
2.509717983991996,0.0,0.006870067089044534,0.0,0.0,0.0,5.304311093400698,0.0,0.0003177078299149596,1.8224828353841933,0.0
2.51495747873937,0.0,0.007475083024512271,0.0,0.0,0.0,5.166898281610302,0.0,0.00042195571160580543,1.8892147245102566,0.0
2.5201969734867435,0.0,0.008080098959980008,0.0,0.0,0.0,5.029485469819906,0.0,0.0005262035932966513,1.95594661363632,0.0
2.5254364682341173,0.0,0.008685114895447744,0.0,0.0,0.0,4.892072658029511,0.0,0.0006304514749874971,2.0226785027623833,0.0
2.530675962981491,0.0,0.00929013083091548,0.0,0.0,0.0,4.7546598462391145,0.0,0.000734699356678343,2.0894103918884466,0.0
2.5359154577288647,0.0,0.009895146766383218,0.0,0.0,0.0,4.617247034448719,0.0,0.0008389472383691888,2.15614228101451,0.0
2.5411549524762385,0.0,0.010500162701850953,0.0,0.0,0.0,4.479834222658323,0.0,0.0009431951200600347,2.222874170140573,0.0
2.5463944472236117,0.0,0.011195518734617172,0.0,0.0,0.0,4.343198662696352,0.0,0.0010416949982491282,2.289460358772134,1.5135397448705078e-05
2.5516339419709855,0.0,0.015077416381190508,0.0,0.0,0.0,4.233978894500253,0.0,0.0009374471165582815,2.3509072935977975,0.000564137541270623
2.556873436718359,0.0,0.018959314027763845,0.0,0.0,0.0,4.124759126304154,0.0,0.0008331992348674347,2.412354228423461,0.0011131396850925408
2.562112931465733,0.0,0.022841211674337177,0.0,0.0,0.0,4.015539358108054,0.0,0.000728951353176588,2.473801163249125,0.0016621418289144588
2.5673524262131067,0.0,0.026723109320910515,0.0,0.0,0.0,3.9063195899119547,0.0,0.0006247034714857412,2.5352480980747885,0.0022111439727363767
2.5725919209604804,0.0,0.030605006967483847,0.0,0.0,0.0,3.797099821715855,0.0,0.0005204555897948945,2.596695032900452,0.0027601461165582945
2.577831415707854,0.0,0.034486904614057186,0.0,0.0,0.0,3.6878800535197556,0.0,0.00041620770810404776,2.6581419677261158,0.0033091482603802127
2.583070910455228,0.0,0.03836880226063052,0.0,0.0,0.0,3.5786602853236564,0.0,0.000311959826413201,2.7195889025517794,0.0038581504042021304
2.5883104052026016,0.0,0.042250699907203856,0.0,0.0,0.0,3.469440517127557,0.0,0.00020771194472235435,2.781035837377443,0.004407152548024048
2.5935498999499753,0.0,0.04613259755377719,0.0,0.0,0.0,3.3602207489314573,0.0,0.00010346406303150758,2.8424827722031063,0.004956154691845966
2.598789394697349,0.0,0.05003856020610369,0.0,0.0,0.0,3.251130559004494,0.0,7.229654827500751e-07,2.903705493417462,0.005496901164332117
2.6040288894447223,0.0,0.05712110361780897,0.0,0.0,0.0,3.159144700603301,0.0,9.687737468734463e-05,2.93533201793947,0.00494789902051025
2.609268384192096,0.0,0.06420364702951485,0.0,0.0,0.0,3.0671588422021,0.0,0.00019303178389194734,2.9669585424614815,0.004398896876688337
2.61450787893947,0.0,0.07128619044122074,0.0,0.0,0.0,2.975172983800899,0.0,0.00028918619309655007,2.9985850669834924,0.0038498947328664233
2.6197473736868435,0.0,0.07836873385292661,0.0,0.0,0.0,2.883187125399698,0.0,0.00038534060230115277,3.0302115915055037,0.00330089258904451
2.6249868684342172,0.0,0.0854512772646325,0.0,0.0,0.0,2.791201266998497,0.0,0.00048149501150575547,3.0618381160275145,0.002751890445222597
2.630226363181591,0.0,0.09253382067633838,0.0,0.0,0.0,2.699215408597296,0.0,0.0005776494207103582,3.093464640549526,0.0022028883014006836
2.6354658579289647,0.0,0.09961636408804425,0.0,0.0,0.0,2.607229550196095,0.0,0.0006738038299149609,3.125091165071537,0.0016538861575787702
2.6407053526763384,0.0,0.10669890749975014,0.0,0.0,0.0,2.515243691794894,0.0,0.0007699582391195636,3.156717689593548,0.0011048840137568572
2.645944847423712,0.0,0.11378145091145603,0.0,0.0,0.0,2.423257833393693,0.0,0.0008661126483241663,3.1883442141155593,0.0005558818699349438
2.651184342171086,0.0,0.12086399432316192,0.0,0.0,0.0,2.331271974992492,0.0,0.000962267057528769,3.2199707386375707,6.879726113030379e-06
2.656423836918459,2.6098114557277967e-05,0.13937196674036972,0.0,0.0,0.0,2.2671205937803918,0.0001398607363681805,0.0008685225332666358,3.245383744796398,0.0
2.661663331665833,5.2527423461730525e-05,0.1580249319114555,0.0,0.0,0.0,2.203322441974238,0.00028149635517758694,0.0007723681240620323,3.2707178991993495,0.0
2.6669028264132066,7.895673236618309e-05,0.17667789708254125,0.0,0.0,0.0,2.139524290168084,0.0004231319739869934,0.0006762137148574288,3.2960520536023012,0.0
2.6721423211605804,0.00010538604127063564,0.19533086225362706,0.0,0.0,0.0,2.0757261383619303,0.0005647675927964,0.0005800593056528253,3.321386208005253,0.0
2.677381815907954,0.0001318153501750882,0.2139838274247128,0.0,0.0,0.0,2.011927986555776,0.0007064032116058064,0.00048390489644822176,3.3467203624082047,0.0
2.682621310655328,0.00015824465907954077,0.23263679259579859,0.0,0.0,0.0,1.9481298347496225,0.0008480388304152129,0.00038775048724361825,3.372054516811157,0.0
2.6878608054027016,0.0001846739679839933,0.25128975776688434,0.0,0.0,0.0,1.8843316829434684,0.0009896744492246194,0.0002915960780390148,3.3973886712141086,0.0
2.6931003001500753,0.00021110327688844588,0.26994272293797017,0.0,0.0,0.0,1.8205335311373148,0.0011313100680340259,0.00019544166883441122,3.4227228256170603,0.0
2.698339794897449,0.00023753258579289844,0.2885956881090559,0.0,0.0,0.0,1.7567353793311606,0.0012729456868434323,9.928725962980777e-05,3.448056980020012,0.0
2.7035792896448227,0.000263961894697351,0.3072486532801417,0.0,0.0,0.0,1.692937227525007,0.0014145813056528388,3.1328504252041986e-06,3.4733911344229638,0.0
2.7088187843921965,0.00038687556278140233,0.3351378015417735,0.0,0.0,0.0,1.6479936965992956,0.0012821750755377557,0.00025820812506255586,3.474510499124062,0.0
2.7140582791395698,0.0005130387041020524,0.36333801296448254,0.0,0.0,0.0,1.6036851658586788,0.0011405394567283625,0.0005251123786893478,3.47481433981966,0.0
2.7192977738869435,0.0006392018454227133,0.39153822438719404,0.0,0.0,0.0,1.5593766351180585,0.0009989038379189573,0.0007920166323161623,3.475118180515258,0.0
2.724537268634317,0.0007653649867433742,0.41973843580990555,0.0,0.0,0.0,1.5150681043774379,0.000857268219109552,0.0010589208859429768,3.4754220212108557,0.0
2.729776763381691,0.000891528128064035,0.447938647232617,0.0,0.0,0.0,1.4707595736368173,0.0007156326003001467,0.0013258251395697914,3.4757258619064535,0.0
2.7350162581290647,0.0010176912693846958,0.47613885865532846,0.0,0.0,0.0,1.426451042896197,0.0005739969814907414,0.0015927293931966057,3.4760297026020512,0.0
2.7402557528764384,0.0011438544107053568,0.5043390700780399,0.0,0.0,0.0,1.3821425121555764,0.00043236136268133617,0.0018596336468234202,3.476333543297649,0.0
2.745495247623812,0.0012700175520260176,0.5325392815007515,0.0,0.0,0.0,1.3378339814149558,0.0002907257438719308,0.0021265379004502347,3.4766373839932467,0.0
2.750734742371186,0.0013961806933466784,0.5607394929234629,0.0,0.0,0.0,1.2935254506743354,0.0001490901250625256,0.0023934421540770493,3.4769412246888445,0.0
2.7559742371185596,0.0015223438346673392,0.5889397043461744,0.0,0.0,0.0,1.2492169199337149,7.4545062531202085e-06,0.002660346407703864,3.4772450653844422,0.0
2.7612137318659333,0.0016860395017508848,0.623756741665835,0.0,0.0,0.0,1.216858734201599,0.00012433666133067277,0.002665030038019009,3.464037081363181,0.0002226219559780023
2.7664532266133066,0.0018518203091545747,0.6589413804242116,0.0,0.0,0.0,1.1851644565255133,0.0002555809149574767,0.002655145855927964,3.4500784404132068,0.00045761179839919595
2.7716927213606803,0.0020176011165582786,0.6941260191825912,0.0,0.0,0.0,1.1534701788494248,0.00038682516858429175,0.0026452616738369184,3.4361197994632318,0.0006926016408204095
2.776932216108054,0.0021833819239619823,0.7293106579409708,0.0,0.0,0.0,1.1217759011733364,0.0005180694222111068,0.002635377491745873,3.4221611585132568,0.0009275914832416231
2.782171710855428,0.0023491627313656865,0.7644952966993505,0.0,0.0,0.0,1.090081623497248,0.0006493136758379219,0.0026254933096548274,3.4082025175632813,0.0011625813256628367
2.7874112056028015,0.0025149435387693906,0.7996799354577301,0.0,0.0,0.0,1.0583873458211595,0.0007805579294647369,0.0026156091275637817,3.3942438766133063,0.0013975711680840502
2.7926507003501753,0.0026807243461730943,0.8348645742161097,0.0,0.0,0.0,1.026693068145071,0.000911802183091552,0.002605724945472736,3.380285235663331,0.0016325610105052638
2.797890195097549,0.002846505153576798,0.8700492129744893,0.0,0.0,0.0,0.9949987904689827,0.0010430464367183671,0.0025958407633816906,3.366326594713356,0.0018675508529264774
2.8031296898449227,0.003012285960980502,0.905233851732869,0.0,0.0,0.0,0.9633045127928942,0.0011742906903451822,0.002585956581290645,3.352367953763381,0.002102540695347691
2.8083691845922965,0.0031780667683842063,0.9404184904912486,0.0,0.0,0.0,0.9316102351168059,0.0013055349439719973,0.002576072399199599,3.3384093128134054,0.0023375305377689045
2.81360867933967,0.003978166580290221,0.9822746419134605,0.0,0.0,0.00015311568034018488,0.9072226802371165,0.002014329485242689,0.002566688059529764,3.3109237388594273,0.003396623009004603
2.818848174087044,0.004827983287143652,1.0246536956795937,0.0,0.0,0.00031823231940972035,0.8834078144414685,0.0027683914814908162,0.0025573428966983486,3.282377945832163,0.004520307307904058
2.824087668834417,0.00567779999399701,1.0670327494457235,0.0,0.0,0.0004833489584792418,0.8595929486458227,0.003522453477738879,0.0025479977338669336,3.253832152804902,0.005643991606803416
2.829327163581791,0.00652761670085044,1.1094118032118567,0.0,0.0,0.0006484655975487773,0.8357780828501747,0.004276515473987007,0.0025386525710355177,3.2252863597776384,0.00676767590570287
2.8345666583291647,0.00737743340770387,1.1517908569779898,0.0,0.0,0.0008135822366183127,0.8119632170545268,0.0050305774702351334,0.0025293074082041018,3.1967405667503743,0.007891360204602325
2.8398061530765384,0.0082272501145573,1.194169910744123,0.0,0.0,0.000978698875687848,0.7881483512588789,0.005784639466483261,0.002519962245372686,3.1681947737231106,0.009015044503501778
2.845045647823912,0.00907706682141073,1.2365489645102563,0.0,0.0,0.0011438155147573835,0.764333485463231,0.006538701462731388,0.0025106170825412704,3.139648980695847,0.010138728802401232
2.850285142571286,0.00992688352826416,1.2789280182763896,0.0,0.0,0.001308932153826919,0.740518619667583,0.007292763458979515,0.0025012719197098545,3.1111031876685833,0.011262413101300687
2.8555246373186596,0.010776700235117592,1.3213070720425228,0.0,0.0,0.0014740487928964544,0.7167037538719351,0.008046825455227643,0.0024919267568784386,3.0825573946413196,0.01238609740020014
2.8607641320660333,0.011626516941971022,1.363686125808656,0.0,0.0,0.0016391654319659898,0.6928888880762871,0.008800887451475769,0.0024825815940470227,3.0540116016140555,0.013509781699099596
2.866003626813407,0.01346373989744883,1.4086640824262155,0.0,0.0,0.001793582879439728,0.6804132927148568,0.010059244150575358,0.003990472960480329,3.030030644884941,0.014164294440220142
2.8712431215607808,0.01540188559104565,1.4539076727606333,0.0,0.0,0.001946906763131576,0.6690966835580283,0.011369144783391783,0.005653440988744483,3.0065162598216593,0.01477085318234121
2.876482616308154,0.01734003128464231,1.4991512630950472,0.0,0.0,0.0021002306468234106,0.6577800744012007,0.012679045416208096,0.007316409017008496,2.9830018747583793,0.015377411924462228
2.881722111055528,0.019278176978239133,1.544394853429465,0.0,0.0,0.0022535545305152585,0.6464634652443721,0.01398894604902452,0.008979377045272649,2.9594874896950976,0.015983970666583296
2.8869616058029015,0.021216322671835954,1.5896384437638829,0.0,0.0,0.0024068784142071064,0.6351468560875436,0.015298846681840944,0.010642345073536803,2.9359731046318154,0.01659052940870436
2.8922011005502752,0.02315446836543278,1.6348820340983006,0.0,0.0,0.0025602022978989543,0.623830246930715,0.01660874731465737,0.012305313101800955,2.9124587195685336,0.01719708815082543
2.897440595297649,0.0250926140590296,1.6801256244327183,0.0,0.0,0.0027135261815908022,0.6125136377738865,0.017918647947473793,0.013968281130065107,2.8889443345052515,0.0178036468929465
2.9026800900450227,0.02703075975262642,1.725369214767136,0.0,0.0,0.00286685006528265,0.6011970286170579,0.019228548580290217,0.015631249158329263,2.8654299494419697,0.018410205635067567
2.9079195847923964,0.028968905446223246,1.770612805101554,0.0,0.0,0.003020173948974498,0.5898804194602294,0.020538449213106644,0.017294217186593415,2.841915564378688,0.019016764377188636
2.91315907953977,0.030907051139820067,1.8158563954359717,0.0,0.0,0.003173497832666346,0.5785638103034008,0.021848349845923067,0.018957185214857567,2.818401179315406,0.019623323119309706
2.918398574287144,0.03417530517058559,1.8505952858194126,0.0,0.0,0.0030445708224111916,0.5662305287303642,0.022867400607803987,0.019562339527763924,2.788946644147071,0.020752171761380795
2.9236380690345176,0.037612640769635136,1.8839988329887474,0.0,0.0,0.0028797644612306005,0.553768009138318,0.023849478928464323,0.02003302599549779,2.7587370051518234,0.021947413187343782
2.9288775637818913,0.041049976368684675,1.9174023801580822,0.0,0.0,0.0027149581000500095,0.541305489546272,0.024831557249124656,0.02050371246323166,2.7285273661565754,0.02314265461330677
2.9341170585292646,0.04448731196773392,1.9508059273274143,0.0,0.0,0.0025501517388694323,0.528842969954227,0.025813635569784908,0.02097439893096549,2.6983177271613306,0.02433789603926965
2.9393565532766384,0.04792464756678346,1.9842094744967491,0.0,0.0,0.0023853453776888412,0.5163804503621808,0.02679571389044524,0.02144508539869936,2.6681080881660826,0.025533137465232638
2.944596048024012,0.051361983165833,2.017613021666084,0.0,0.0,0.00222053901650825,0.5039179307701348,0.027777792211105577,0.021915771866433228,2.637898449170835,0.026728378891195625
2.949835542771386,0.054799318764882546,2.0510165688354185,0.0,0.0,0.0020557326553276595,0.4914554111780887,0.02875987053176591,0.022386458334167095,2.607688810175587,0.02792362031715861
2.9550750375187596,0.05823665436393208,2.0844201160047535,0.0,0.0,0.0018909262941470683,0.47899289158604264,0.029741948852426245,0.022857144801900965,2.5774791711803395,0.029118861743121595
2.9603145322661333,0.061673989962981624,2.1178236631740885,0.0,0.0,0.0017261199329664772,0.46653037199399655,0.03072402717308658,0.023327831269634836,2.5472695321850916,0.03031410316908458
2.965554027013507,0.06511132556203116,2.151227210343423,0.0,0.0,0.0015613135717858862,0.45406785240195047,0.03170610549374692,0.023798517737368702,2.5170598931898436,0.03150934459504757
2.9707935217608807,0.07133828269935001,2.1852986060550292,0.0,0.0,0.0015348284562281137,0.44772294193396667,0.0335150524162082,0.026684083597799065,2.4959898521565775,0.03333772551875948
2.9760330165082545,0.07799255180640363,2.2194723022658853,0.0,0.0,0.0015295312771385688,0.44231512188094013,0.0354506584019511,0.02993955872936489,2.4763198073429202,0.03526309023836931
2.981272511255628,0.08464682091345724,2.253645998476741,0.0,0.0,0.001524234098049024,0.43690730182791354,0.03738626438769399,0.033195033860930714,2.4566497625292634,0.037188454957979136
2.9865120060030015,0.09130109002051028,2.287819694687594,0.0,0.0,0.0015189369189594797,0.4314994817748874,0.03932187037343673,0.03645050899249626,2.436979717715608,0.0391138196775888
2.991751500750375,0.0979553591275639,2.32199339089845,0.0,0.0,0.0015136397398699348,0.42609166172186086,0.04125747635917962,0.03970598412406208,2.4173096729019505,0.04103918439719863
2.996990995497749,0.1046096282346175,2.3561670871093057,0.0,0.0,0.00150834256078039,0.42068384166883427,0.043193082344922515,0.04296145925562791,2.3976396280882937,0.04296454911680846
3.0022304902451227,0.11126389734167111,2.3903407833201618,0.0,0.0,0.001503045381690845,0.4152760216158077,0.04512868833066541,0.04621693438719373,2.3779695832746364,0.04488991383641829
3.0074699849924964,0.11791816644872471,2.4245144795310174,0.0,0.0,0.0014977482026013002,0.4098682015627811,0.04706429431640831,0.04947240951875956,2.3582995384609795,0.04681527855602812
3.01270947973987,0.12457243555577832,2.4586881757418735,0.0,0.0,0.0014924510235117554,0.40446038150975455,0.048999900302151206,0.05272788465032538,2.338629493647322,0.04874064327563795
3.017948974487244,0.13122670466283193,2.492861871952729,0.0,0.0,0.0014871538444222105,0.39905256145672796,0.0509355062878941,0.0559833597818912,2.3189594488336653,0.05066600799524778
3.0231884692346176,0.1417033240415217,2.5104546731350688,0.0,0.0,0.001967683476238167,0.3913695388729358,0.05638487742221162,0.05947560551976018,2.295999137693845,0.05114731395947976
3.0284279639819913,0.15286977586568382,2.5250550642678853,0.0,0.0,0.0025358919112056532,0.3832759028146566,0.062468389604052564,0.06301058204752408,2.2724450210927944,0.051368005769634836
3.033667458729365,0.16403622768984594,2.539655455400702,0.0,0.0,0.0031041003461731395,0.37518226675637745,0.06855190178589352,0.06654555857528797,2.2488909044917436,0.05158869757978991
3.0389069534767383,0.17520267951400714,2.554255846533517,0.0,0.0,0.0036723087811405776,0.36708863069809894,0.07463541396773393,0.07008053510305157,2.225336787890695,0.051809389389944976
3.044146448224112,0.18636913133816926,2.5688562376663335,0.0,0.0,0.004240517216108064,0.35899499463981976,0.08071892614957488,0.07361551163081546,2.2017826712896444,0.05203008120010005
3.049385942971486,0.19753558316233139,2.58345662879915,0.0,0.0,0.00480872565107555,0.3509013585815406,0.08680243833141582,0.07715048815857936,2.178228554688594,0.05225077301025513
3.0546254377188595,0.20870203498649353,2.5980570199319666,0.0,0.0,0.005376934086043035,0.3428077225232614,0.09288595051325677,0.08068546468634326,2.154674438087543,0.05247146482041021
3.0598649324662333,0.21986848681065566,2.612657411064783,0.0,0.0,0.005945142521010522,0.33471408646498224,0.09896946269509771,0.08422044121410716,2.1311203214864927,0.05269215663056529
3.065104427213607,0.23103493863481778,2.6272578021975996,0.0,0.0,0.006513350955978008,0.32662045040670307,0.10505297487693865,0.08775541774187105,2.107566204885442,0.05291284844072037
3.0703439219609807,0.24220139045897993,2.6418581933304157,0.0,0.0,0.007081559390945494,0.3185268143484239,0.1111364870587796,0.09129039426963495,2.0840120882843913,0.053133540250875445
3.0755834167083544,0.2570447645192604,2.653395456614308,0.0003586721135567992,0.00042965925712858924,0.008191250694847482,0.3157523383451725,0.11802309262231149,0.09560173880140091,2.0616133277663824,0.05459674883691854
3.080822911455728,0.2726569495925472,2.6642922477116064,0.0007923393054027277,0.0009491563589294962,0.009414161144072111,0.31409005035342663,0.12507761771110598,0.10007541482491272,2.0394561417020998,0.0563197563851927
3.086062406203102,0.2882691346658341,2.6751890388089055,0.001226006497248656,0.0014686534607304032,0.01063707159329674,0.31242776236168074,0.13213214279990046,0.10454909084842454,2.0172989556378176,0.058042763933466864
3.0913019009504756,0.3038813197391209,2.686085829906204,0.0016596736890945845,0.0019881505625313103,0.011859982042521366,0.31076547436993485,0.13918666788869496,0.10902276687193635,1.995141769573535,0.05976577148174102
3.096541395697849,0.3194935048124064,2.696982621003502,0.0020933408809404763,0.002507647664332173,0.01308289249174589,0.30910318637818907,0.14624119297748883,0.11349644289544779,1.9729845835092545,0.06148877903001503
3.1017808904452226,0.3351056898856933,2.7078794121008007,0.002527008072786405,0.00302714476613308,0.01430580294097052,0.3074408983864432,0.15329571806628334,0.1179701189189596,1.950827397444972,0.06321178657828919
3.1070203851925964,0.3507178749589801,2.7187762031980998,0.0029606752646323333,0.003546641867933987,0.015528713390195147,0.3057786103946973,0.16035024315507782,0.12244379494247142,1.9286702113806895,0.06493479412656335
3.11225987993997,0.3663300600322669,2.7296729942953983,0.0033943424564782617,0.004066138969734894,0.016751623839419773,0.3041163224029514,0.1674047682438723,0.12691747096598321,1.906513025316407,0.06665780167483751
3.117499374687344,0.38194224510555375,2.7405697853926974,0.00382800964832419,0.004585636071535801,0.0179745342886444,0.3024540344112055,0.1744592933326668,0.13139114698949506,1.8843558392521247,0.06838080922311167
3.1227388694347176,0.3975544301788406,2.751466576489996,0.004261676840170118,0.005105133173336708,0.01919744473786903,0.3007917464194596,0.18151381842146128,0.13586482301300684,1.8621986531878423,0.07010381677138583
3.1279783641820913,0.41704361131065704,2.7557813087258634,0.004672396739869968,0.006245939503751982,0.0202471966668335,0.29773118881090516,0.18777599429264683,0.14247665957678898,1.8441833648824397,0.07529243404802452
3.133217858929465,0.43745990019559955,2.7585220703644326,0.005077629243621846,0.007535319780140181,0.02125554112356187,0.2943362623809402,0.193848695350926,0.1495997954002007,1.827158530388943,0.08130978408579342
3.1384573536768388,0.4578761890805421,2.761262832003002,0.005482861747373723,0.00882470005652838,0.022263885580290237,0.29094133595097516,0.19992139640920514,0.15672293122361247,1.8101336958954461,0.08732713412356233
3.1436968484242125,0.4782924779654847,2.764003593641571,0.005888094251125601,0.01011408033291658,0.023272230037018605,0.2875464095210102,0.20599409746748432,0.1638460670470242,1.7931088614019492,0.09334448416133125
3.1489363431715858,0.4987087668504255,2.76674435528014,0.006293326754877444,0.01140346060930467,0.024280574493746886,0.2841514830910455,0.21206679852576296,0.17096920287043532,1.776084026908454,0.09936183419909964
3.1541758379189595,0.519125055735368,2.7694851169187094,0.006698559258629322,0.01269284088569287,0.025288918950475255,0.28075655666108046,0.21813949958404213,0.17809233869384705,1.7590591924149572,0.10537918423686855
3.1594153326663332,0.5395413446203106,2.7722258785572786,0.007103791762381199,0.01398222116208107,0.026297263407203623,0.2773616302311155,0.2242122006423213,0.18521547451725878,1.7420343579214603,0.11139653427463746
3.164654827413707,0.5599576335052532,2.774966640195848,0.007509024266133077,0.01527160143846927,0.02730560786393199,0.27396670380115046,0.23028490170060045,0.1923386103406705,1.7250095234279634,0.11741388431240637
3.1698943221610807,0.5803739223901957,2.7777074018344172,0.007914256769884954,0.01656098171485747,0.028313952320660363,0.2705717773711855,0.23635760275887963,0.19946174616408224,1.7079846889344665,0.12343123435017528
3.1751338169084544,0.6007902112751382,2.7804481634729865,0.008319489273636831,0.017850361991245667,0.029322296777388727,0.26717685094122046,0.2424303038171588,0.20658488198749397,1.6909598544409699,0.12944858438794418
3.180373311655828,0.6242663860210116,2.77700110296098,0.00774563027213603,0.018614863543271666,0.030482733472236172,0.2649426271605802,0.25553437467433787,0.21721843594547324,1.6720532947588784,0.13277840944672348
3.185612806403202,0.6485708738184106,2.7718789950515252,0.00690673057653822,0.019237280090295183,0.03168434163281648,0.26302260632641306,0.2705418418146582,0.22880226232841486,1.6526373508696837,0.1353807197818911
3.1908523011505756,0.6728753616158096,2.7667568871420705,0.006067830880940411,0.019859696637318704,0.03288594979339678,0.26110258549224596,0.28554930895497854,0.24038608871135647,1.633221406980489,0.13798303011705873
3.1960917958979493,0.6971798494132087,2.7616347792326157,0.0052289311853426015,0.020482113184342225,0.03408755795397709,0.2591825646580789,0.3005567760952989,0.2519699150942981,1.613805463091294,0.14058534045222634
3.201331290645323,0.7214843372106077,2.756512671323161,0.004390031489744792,0.021104529731365743,0.035289166114557395,0.2572625438239118,0.31556424323561927,0.2635537414772397,1.5943895192020991,0.14318765078739396
3.2065707853926964,0.7457888250080046,2.7513905634137066,0.0035511317941470536,0.02172694627838921,0.0364907742751376,0.2553425229897448,0.33057171037593835,0.27513756786018034,1.574973575312906,0.14578996112256135
3.21181028014007,0.7700933128054036,2.746268455504252,0.0027122320985492445,0.02234936282541273,0.0376923824357179,0.2534225021555777,0.34557917751625866,0.28672139424312193,1.5555576314237112,0.14839227145772896
3.217049774887444,0.7943978006028026,2.741146347594797,0.0018733324029514354,0.02297177937243625,0.03889399059629821,0.2515024813214106,0.360586644656579,0.29830522062606357,1.5361416875345164,0.15099458179289657
3.2222892696348175,0.8187022884002015,2.7360242396853423,0.0010344327073536254,0.023594195919459767,0.040095598756878514,0.2495824604872435,0.3755941117968994,0.3098890470090052,1.5167257436453216,0.15359689212806418
3.2275287643821913,0.8430067761976006,2.7309021317758875,0.00019553301175581628,0.024216612466483288,0.04129720691745882,0.2476624396530764,0.3906015789372197,0.3214728733919468,1.4973097997561267,0.1561992024632318
3.232768259129565,0.8706044783206626,2.7251871591990993,0.001507127227113713,0.024446931420710364,0.04263172990545284,0.24699203579489742,0.40125489791195673,0.33156979747924037,1.4833208662851416,0.1593299513776891
3.2380077538769387,0.8992030593074061,2.719292002262631,0.0034723029252127706,0.02455808345947975,0.04400664857628826,0.2467014174882441,0.41058489734617387,0.34121481988844504,1.4709813183334157,0.16262130417408732
3.2432472486243125,0.9278016402941496,2.7133968453261623,0.005437478623311828,0.024669235498249134,0.04538156724712368,0.24641079918159078,0.419914896780391,0.35085984229764966,1.4586417703816899,0.16591265697048552
3.248486743371686,0.9564002212808931,2.7075016883896943,0.007402654321410886,0.02478038753701852,0.046756485917959105,0.24612018087493745,0.42924489621460815,0.36050486470685433,1.446302222429964,0.16920400976688374
3.25372623811906,0.9849988022676366,2.701606531453226,0.009367830019509943,0.024891539575787904,0.04813140458879453,0.24582956256828412,0.43857489564882535,0.37014988711605895,1.4339626744782379,0.17249536256328196
3.258965732866433,1.0135973832543776,2.6957113745167582,0.011333005717608834,0.02500269161455728,0.049506323259629836,0.2455389442616308,0.4479048950830417,0.3797949095252628,1.4216231265265131,0.17578671535967988
3.264205227613807,1.0421959642411212,2.6898162175802898,0.013298181415707891,0.025113843653326667,0.05088124193046526,0.24524832595497748,0.45723489451725885,0.38943993193446746,1.4092835785747873,0.1790780681560781
3.2694447223611807,1.0707945452278644,2.6839210606438217,0.015263357113806948,0.02522499569209605,0.052256160601300686,0.24495770764832414,0.466564893951476,0.3990849543436721,1.3969440306230614,0.18236942095247632
3.2746842171085544,1.0993931262146082,2.6780259037073533,0.017228532811906005,0.025336147730865437,0.05363107927213611,0.2446670893416708,0.47589489338569313,0.4087299767528767,1.3846044826713353,0.18566077374887452
3.279923711855928,1.1279917072013514,2.6721307467708852,0.019193708510005063,0.02544729976963482,0.055005997942971535,0.24437647103501747,0.48522489281991027,0.4183749991620814,1.3722649347196094,0.18895212654527274
3.285163206603302,1.157353400744373,2.661714039635817,0.020498413868434255,0.02841386134767398,0.057223616934967574,0.2436710107148574,0.49988002405002563,0.43695991841170667,1.361228783386693,0.19669360055027546
3.2904027013506756,1.1869737331068044,2.649764860789144,0.02157926854127068,0.0323481959574789,0.059726849123061636,0.24282494957803896,0.5163399818284149,0.45857480269784984,1.3506343872836415,0.20594333711255666
3.2956421960980493,1.2165940654692358,2.6378156819424707,0.0226601232141071,0.03628253056728382,0.06223008131115569,0.24197888844122056,0.5327999396068042,0.480189686983993,1.3400399911805898,0.21519307367483784
3.300881690845423,1.246214397831667,2.6258665030957973,0.023740977886943522,0.04021686517708874,0.06473331349924974,0.24113282730440216,0.5492598973851934,0.5018045712701361,1.3294455950775383,0.224442810237119
3.3061211855927968,1.2758347301940987,2.613917324249124,0.024821832559779947,0.04415119978689365,0.0672365456873438,0.24028676616758374,0.5657198551635827,0.5234194555562793,1.3188511989744867,0.23369254679940019
3.3113606803401705,1.30545506255653,2.6019681454024504,0.025902687232616368,0.048085534396698576,0.06973977787543786,0.23944070503076534,0.582179812941972,0.5450343398424224,1.3082568028714352,0.24294228336168136
3.316600175087544,1.3350753949189587,2.5900189665557782,0.0269835419054527,0.052019869006503155,0.0722430100635317,0.238594643893947,0.5986397707203598,0.5666492241285638,1.2976624067683844,0.2521920199239618
3.3218396698349175,1.36469572728139,2.5780697877091048,0.028064396578289123,0.05595420361630808,0.07474624225162577,0.23774858275712857,0.615099728498749,0.5882641084147069,1.287068010665333,0.26144175648624296
3.3270791645822912,1.3943160596438213,2.5661206088624313,0.029145251251125544,0.059888538226112994,0.07724947443971981,0.23690252162031017,0.6315596862771383,0.6098789927008501,1.2764736145622813,0.27069149304852413
3.332318659329665,1.4239363920062527,2.554171430015758,0.030226105923961966,0.06382287283591792,0.07975270662781388,0.23605646048349174,0.6480196440555276,0.6314938769869933,1.2658792184592298,0.2799412296108053
3.3375581540770387,1.4506248636108052,2.534596182969985,0.02938036626963482,0.06738757546223112,0.08214205491645822,0.2361690467903952,0.6637920798729364,0.6513990887593797,1.2537204253351675,0.2847754058629315
3.3427976488244124,1.4762113599649827,2.512154586152826,0.027810492885442704,0.07081334744647327,0.08448859856703354,0.23664195230890445,0.679306102263632,0.670661699483492,1.2409736347101048,0.2879499404812407
3.348037143571786,1.50179785631916,2.4897129893356675,0.026240619501250586,0.07423911943071544,0.08683514221760885,0.2371148578274137,0.6948201246543275,0.6899243102076043,1.2282268440850421,0.29112447509954986
3.35327663831916,1.5273843526733375,2.4672713925185086,0.02467074611705847,0.07766489141495761,0.08918168586818417,0.23758776334592296,0.7103341470450231,0.7091869209317165,1.2154800534599794,0.29429900971785905
3.3585161330665336,1.552970849027515,2.4448297957013496,0.023100872732866356,0.08109066339919976,0.0915282295187595,0.23806066886443222,0.7258481694357186,0.7284495316558288,1.2027332628349168,0.29747354433616824
3.3637556278139074,1.5785573453816923,2.4223881988841907,0.021530999348674237,0.08451643538344193,0.0938747731693348,0.23853357438294148,0.7413621918264142,0.7477121423799411,1.189986472209854,0.3006480789544774
3.3689951225612806,1.6041438417358675,2.399946602067034,0.019961125964482254,0.08794220736768381,0.09622131681990992,0.2390064799014507,0.7568762142171084,0.7669747531040518,1.1772396815847925,0.30382261357278634
3.3742346173086544,1.629730338090045,2.377505005249875,0.01839125258029014,0.09136797935192598,0.09856786047048524,0.23947938541995997,0.7723902366078039,0.7862373638281641,1.1644928909597299,0.3069971481910955
3.379474112056028,1.6553168344442224,2.355063408432716,0.016821379196098024,0.09479375133616813,0.10091440412106056,0.23995229093846923,0.7879042589984995,0.8054999745522764,1.1517461003346672,0.3101716828094047
3.384713606803402,1.6809033307983998,2.332621811615557,0.015251505811905909,0.09821952332041028,0.10326094777163589,0.2404251964569785,0.803418281389195,0.8247625852763887,1.1389993097096045,0.3133462174277139
3.3899531015507756,1.7045846908754385,2.314655992610805,0.017541691454227244,0.10276894356078055,0.10712022949574802,0.2401709105222611,0.8188652174047029,0.8439063496468241,1.128820313322661,0.32147246756428244
3.3951925962981493,1.7274756220715366,2.298547145251625,0.021433390947974133,0.10778455829039538,0.11160713659079556,0.2396149174952476,0.8342843197113563,0.8630008054237126,1.1197066783749372,0.3316531528626817
3.400432091045523,1.7503665532676347,2.282438297892446,0.025325090441721022,0.11280017302001022,0.11609404368584311,0.2390589244682341,0.8497034220180096,0.8820952612006011,1.1105930434272133,0.3418338381610809
3.4056715857928967,1.773257484463733,2.266329450533266,0.02921678993546791,0.11781578774962503,0.12058095078089065,0.2385029314412206,0.8651225243246631,0.9011897169774896,1.1014794084794894,0.3520145234594802
3.4109110805402705,1.796148415659831,2.2502206031740863,0.0331084894292148,0.12283140247923988,0.1250678578759382,0.23794693841420708,0.8805416266313164,0.9202841727543781,1.0923657735317656,0.3621952087578794
3.416150575287644,1.8190393468559292,2.2341117558149066,0.03700018892296169,0.1278470172088547,0.12955476497098573,0.23739094538719357,0.8959607289379699,0.9393786285312666,1.0832521385840417,0.3723758940562787
3.421390070035018,1.8419302780520275,2.218002908455727,0.04089188841670858,0.13286263193846953,0.1340416720660333,0.23683495236018007,0.9113798312446233,0.9584730843081553,1.0741385036363178,0.3825565793546779
3.4266295647823912,1.8648212092481236,2.2018940610965485,0.04478358791045514,0.13787824666808393,0.13852857916108044,0.2362789593331666,0.9267989335512753,0.9775675400850421,1.0650248686885946,0.3927372646530763
3.431869059529765,1.8877121404442219,2.1857852137373692,0.04867528740420203,0.14289386139769877,0.14301548625612798,0.23572296630615308,0.9422180358579287,0.9966619958619307,1.0559112337408707,0.4029179499514755
3.4371085542771387,1.91060307164032,2.1696763663781895,0.05256698689794892,0.1479094761273136,0.14750239335117554,0.23516697327913957,0.9576371381645821,1.0157564516388191,1.0467975987931468,0.4130986352498748
3.4423480490245124,1.9315616825327664,2.155245467194097,0.052484106950975495,0.1554581308029014,0.14974584053226614,0.2347669185317659,0.97175741132016,1.0359082930165082,1.037225647581791,0.42264332947123556
3.447587543771886,1.9516387604399703,2.141580055316158,0.050588006456228095,0.1641623693954478,0.15096581147523763,0.23443800351050526,0.9852851529287144,1.0565425183361683,1.0274446104837418,0.431897881777889
3.45282703851926,1.971715838347174,2.127914643438219,0.0486919059614807,0.1728666079879942,0.15218578241820913,0.2341090884892446,0.998812894537269,1.0771767436558284,1.0176635733856927,0.4411524340845424
3.4580665332666336,1.991792916254378,2.11424923156028,0.0467958054667333,0.18157084658054057,0.15340575336118065,0.233780173467984,1.0123406361458234,1.0978109689754885,1.0078825362876436,0.45040698639119586
3.4633060280140073,2.011869994161582,2.1005838196823405,0.04489970497198591,0.19027508517308694,0.15462572430415214,0.23345125844672335,1.0258683777543778,1.1184451942951485,0.9981014991895943,0.4596615386978493
3.468545522761381,2.0319470720687858,2.0869184078044016,0.043003604477238506,0.19897932376563332,0.15584569524712363,0.2331223434254627,1.0393961193629322,1.1390794196148086,0.9883204620915452,0.46891609100450277
3.473785017508755,2.0520241499759897,2.0732529959264623,0.041107503982491106,0.2076835623581797,0.15706566619009515,0.23279342840420209,1.0529238609714866,1.1597136449344687,0.9785394249934961,0.4781706433111562
3.479024512256128,2.072101227883192,2.0595875840485243,0.03921140348774387,0.21638780095072535,0.15828563713306654,0.23246451338294147,1.06645160258004,1.1803478702541272,0.9687583878954478,0.48742519561780884
3.484264007003502,2.0921783057903953,2.0459221721705854,0.03731530299299648,0.22509203954327173,0.15950560807603803,0.23213559836168082,1.0799793441885943,1.2009820955737873,0.9589773507973987,0.4966797479244623
3.4895035017508755,2.1122553836975992,2.032256760292646,0.03541920249824908,0.2337962781358181,0.16072557901900955,0.2318066833404202,1.0935070857971487,1.2216163208934474,0.9491963136993494,0.5059343002311157
3.4947429964982493,2.1275147121860933,2.0170933193816905,0.03808875334867449,0.24188572918509277,0.1649073300890447,0.23173220696648322,1.1055418364047027,1.2433132504112063,0.9419101242671334,0.5156011200030017
3.499982491245623,2.140365165965233,2.0011808639542266,0.04304112987168602,0.24966778646273163,0.17056997122261153,0.2317849499162081,1.1168300915117562,1.2655415320280148,0.9358713586678338,0.5254740735075041
3.5052219859929967,2.1532156197443726,1.9852684085267627,0.047993506394697544,0.2574498437403705,0.17623261235617832,0.23183769286593298,1.1281183466188098,1.2877698136448235,0.929832593068534,0.5353470270120063
3.5104614807403705,2.1660660735235124,1.969355953099299,0.05294588291770907,0.2652319010180093,0.1818952534897451,0.23189043581565782,1.1394066017258633,1.309998095261632,0.9237938274692343,0.5452199805165087
3.515700975487744,2.178916527302652,1.9534434976718351,0.05789825944072059,0.2730139582956482,0.18755789462331193,0.2319431787653827,1.150694856832917,1.3322263768784404,0.9177550618699347,0.5550929340210109
3.520940470235118,2.1917669810817917,1.9375310422443714,0.06285063596373212,0.28079601557328704,0.19322053575687873,0.23199592171510755,1.1619831119399706,1.3544546584952488,0.911716296270635,0.5649658875255132
3.5261799649824916,2.204617434860931,1.9216185868169076,0.06780301248674364,0.2885780728509259,0.19888317689044555,0.23204866466483243,1.173271367047024,1.3766829401120573,0.9056775306713354,0.5748388410300156
3.531419459729865,2.2174678886400696,1.9057061313894452,0.07275538900975476,0.2963601301285641,0.20454581802401187,0.23210140761455728,1.1845596221540768,1.398911221728864,0.8996387650720362,0.584711794534517
3.5366589544772387,2.2303183424192095,1.8897936759619813,0.07770776553276629,0.3041421874062029,0.21020845915757866,0.23215415056428215,1.1958478772611303,1.4211395033456724,0.8935999994727365,0.5945847480390193
3.5418984492246124,2.243168796198349,1.8738812205345174,0.0826601420557778,0.3119242446838418,0.21587110029114548,0.232206893514007,1.207136132368184,1.443367784962481,0.8875612338734369,0.6044577015435215
3.547137943971986,2.2515525640590295,1.8578075785422712,0.08531021292296147,0.3226522088804401,0.22138464588344167,0.23384214696448224,1.2196276411380689,1.4643235946398199,0.8800591522891447,0.6095902199009504
3.55237743871936,2.2574952361270637,1.841645846218109,0.08670204697823913,0.33499014546298156,0.2268167090287644,0.23634226080490248,1.2327767420260132,1.4845839836060533,0.8717573515037519,0.6121320353291646
3.5576169334667336,2.2634379081950975,1.8254841138939468,0.08809388103351679,0.34732808204552296,0.23224877217408713,0.2388423746453227,1.2459258429139572,1.5048443725722866,0.863455550718359,0.6146738507573787
3.5628564282141073,2.2693805802631317,1.8093223815697845,0.08948571508879444,0.3596660186280644,0.23768083531940987,0.24134248848574294,1.2590749438019013,1.52510476153852,0.8551537499329662,0.6172156661855929
3.568095922961481,2.275323252331166,1.7931606492456222,0.09087754914407209,0.3720039552106058,0.2431128984647326,0.24384260232616317,1.2722240446898456,1.5453651505047534,0.8468519491475734,0.6197574816138071
3.5733354177088548,2.2812659243992,1.77699891692146,0.09226938319934976,0.38434189179314726,0.24854496161005532,0.24634271616658343,1.2853731455777897,1.5656255394709866,0.8385501483621807,0.6222992970420211
3.5785749124562285,2.287208596467234,1.7608371845972977,0.09366121725462741,0.39667982837568866,0.25397702475537803,0.24884283000700366,1.2985222464657338,1.58588592843722,0.8302483475767878,0.6248411124702353
3.5838144072036022,2.293151268535268,1.7446754522731354,0.09505305130990506,0.4090177649582301,0.2594090879007008,0.2513429438474239,1.3116713473536779,1.6061463174034534,0.821946546791395,0.6273829278984495
3.5890539019509755,2.299093940603302,1.7285137199489744,0.0964448853651826,0.42135570154077046,0.26484115104602307,0.25384305768784393,1.324820448241621,1.626406706369685,0.8136447460060029,0.6299247433266634
3.5942933966983492,2.3050366126713357,1.712351987624812,0.09783671942046025,0.4336936381233119,0.27027321419134576,0.25634317152826414,1.3379695491295651,1.6466670953359184,0.8053429452206101,0.6324665587548776
3.599532891445723,2.3106992405922964,1.6987024682196095,0.09877822900100051,0.44419800229464756,0.2768411578394199,0.25732368119159577,1.345256308221611,1.6709995967333675,0.799429539570285,0.6393513199684846
3.6047723861930967,2.316194962201601,1.6865502277141067,0.09945134519459732,0.45360955730890473,0.2840860862671338,0.2573985067653827,1.3490491116033017,1.6977590771398208,0.79493961742046,0.6488244768701854
3.6100118809404704,2.321690683810906,1.6743979872086039,0.10012446138819411,0.4630211123231619,0.2913310146948477,0.2574733323391696,1.3528419149849926,1.724518557546274,0.7904496952706351,0.6582976337718863
3.615251375687844,2.3271864054202105,1.662245746703101,0.10079757758179092,0.47243266733741907,0.2985759431225616,0.2575481579129565,1.3566347183666834,1.7512780379527275,0.7859597731208102,0.6677707906735872
3.620490870435218,2.332682127029515,1.6500935061975983,0.10147069377538773,0.48184422235167623,0.30582087155027543,0.2576229834867434,1.3604275217483743,1.7780375183591808,0.7814698509709853,0.677243947575288
3.6257303651825916,2.33817784863882,1.6379412656920955,0.10214380996898452,0.4912557773659334,0.31306579997798933,0.25769780906053025,1.364220325130065,1.804796998765634,0.7769799288211603,0.686717104476989
3.6309698599299653,2.3436735702481246,1.6257890251865927,0.10281692616258133,0.5006673323801906,0.32031072840570324,0.25777263463431715,1.368013128511756,1.8315564791720873,0.7724900066713354,0.6961902613786899
3.636209354677339,2.349169291857429,1.61363678468109,0.10349004235617812,0.5100788873944477,0.3275556568334171,0.25784746020810406,1.3718059318934468,1.8583159595785408,0.7680000845215105,0.7056634182803907
3.6414488494247124,2.3546650134667333,1.601484544175588,0.10416315854977487,0.5194904424087041,0.3348005852611304,0.25792228578189097,1.3755987352751373,1.8850754399849918,0.7635101623716859,0.7151365751820908
3.646688344172086,2.3601607350760383,1.5893323036700853,0.10483627474337168,0.5289019974229613,0.3420455136888443,0.2579971113556779,1.3793915386568283,1.911834920391445,0.759020240221861,0.7246097320837916
3.65192783891946,2.3611397496183093,1.5750538925067536,0.10660810664982488,0.5450733483641819,0.3498142976038018,0.25940279867833915,1.3876061802631314,1.9307871524817406,0.7554744442091046,0.7375193687038517
3.6571673336668336,2.3591885037906457,1.5593961061645822,0.1090927417253627,0.5656301867456228,0.35792293817783893,0.2616718963091546,1.3986895350977988,1.9446743515735367,0.7525411597811406,0.7526584570420211
3.6624068284142073,2.3572372579629817,1.543738319822411,0.11157737680090049,0.5861870251270638,0.36603157875187603,0.26394099393997006,1.4097728899324664,1.9585615506653329,0.7496078753531765,0.7677975453801903
3.667646323161581,2.3552860121353176,1.5280805334802396,0.11406201187643829,0.6067438635085048,0.3741402193259132,0.26621009157078546,1.4208562447671338,1.972448749757129,0.7466745909252125,0.7829366337183595
3.6728858179089547,2.353334766307654,1.5124227471380685,0.11654664695197609,0.6273007018899458,0.3822488598999503,0.2684791892016009,1.4319395996018014,1.986335948848925,0.7437413064972485,0.7980757220565289
3.6781253126563285,2.35138352047999,1.4967649607958973,0.1190312820275139,0.6478575402713868,0.39035750047398743,0.27074828683241636,1.4430229544364688,2.000223147940721,0.7408080220692844,0.8132148103946981
3.683364807403702,2.3494322746523264,1.4811071744537259,0.1215159171030517,0.6684143786528277,0.3984661410480246,0.27301738446323176,1.4541063092711364,2.014110347032517,0.7378747376413204,0.8283538987328674
3.688604302151076,2.3474810288246624,1.4654493881115547,0.12400055217858949,0.6889712170342688,0.4065747816220617,0.2752864820940472,1.4651896641058038,2.0279975461243134,0.7349414532133565,0.8434929870710366
3.6938437968984497,2.3455297829969983,1.4497916017693833,0.1264851872541273,0.7095280554157097,0.41468342219609877,0.27755557972486267,1.4762730189404714,2.0418847452161093,0.7320081687853924,0.8586320754092059
3.699083291645823,2.3435785371693347,1.4341338154272134,0.1289698223296649,0.7300848937971489,0.42279206277013526,0.2798246773556779,1.4873563737751379,2.0557719443079043,0.7290748843574286,0.873771163747374
3.7043227863931967,2.340510960336168,1.4206377453161578,0.133660746363682,0.7486939004927469,0.4284906531790897,0.2810791163956979,1.489040216907954,2.066687136381691,0.724228994842421,0.8819189016338169
3.7095622811405704,2.3366562270247626,1.4086659622911453,0.13990738697098568,0.7659294361278144,0.4324898492408706,0.2816180910447724,1.4840961992253625,2.075506682481241,0.7180344735352674,0.8851368411248125
3.714801775887944,2.3328014937133568,1.3966941792661327,0.14615402757828938,0.783164971762882,0.4364890453026515,0.28215706569384696,1.4791521815427713,2.0843262285807906,0.7118399522281138,0.888354780615808
3.720041270635318,2.328946760401951,1.3847223962411201,0.15240066818559303,0.8004005073979497,0.4404882413644324,0.2826960403429215,1.4742081638601798,2.0931457746803406,0.7056454309209602,0.8915727201068034
3.7252807653826916,2.325092027090545,1.3727506132161076,0.1586473087928967,0.8176360430330173,0.44448743742621327,0.28323501499199605,1.4692641461775886,2.1019653207798905,0.6994509096138066,0.894790659597799
3.7305202601300653,2.3212372937791392,1.360778830191095,0.1648939494002004,0.8348715786680849,0.44848663348799417,0.2837739896410706,1.4643201284949974,2.1107848668794404,0.693256388306653,0.8980085990887945
3.735759754877439,2.317382560467734,1.3488070471660825,0.1711405900075041,0.8521071143031524,0.45248582954977506,0.28431296429014513,1.459376110812406,2.11960441297899,0.6870618669994994,0.9012265385797901
3.740999249624813,2.313527827156328,1.33683526414107,0.17738723061480774,0.8693426499382201,0.45648502561155596,0.2848519389392197,1.4544320931298147,2.12842395907854,0.6808673456923457,0.9044444780707855
3.7462387443721865,2.309673093844922,1.3248634811160573,0.18363387122211142,0.8865781855732877,0.4604842216733369,0.28539091358829416,1.4494880754472232,2.13724350517809,0.6746728243851922,0.907662417561781
3.75147823911956,2.3058183605335167,1.3128916980910459,0.18988051182941457,0.9038137212083539,0.4644834177351175,0.2859298882373687,1.4445440577646325,2.146063051277639,0.6684783030780391,0.9108803570527763
3.7567177338669335,2.2982710696373188,1.3014558868414208,0.19477238073936964,0.9212912308264131,0.473053024572286,0.2870010269744872,1.4436075804467232,2.1556215555352676,0.6647613976118059,0.9161539195657827
3.7619572286143073,2.287897174926213,1.2904303548711855,0.19862718989869935,0.9389539683164082,0.4851212201888444,0.28847953025687845,1.4457388220805403,2.165745722453727,0.6629410741830916,0.9230010342151075
3.767196723361681,2.2775232802151075,1.2794048229009503,0.20248199905802908,0.9566167058064035,0.4971894158054028,0.28995803353926963,1.4478700637143571,2.175869889372186,0.6611207507543772,0.9298481488644322
3.7724362181090547,2.267149385504002,1.268379290930715,0.20633680821735878,0.9742794432963987,0.5092576114219612,0.2914365368216609,1.4500013053481742,2.1859940562906455,0.6593004273256627,0.936695263513757
3.7776757128564284,2.2567754907928963,1.25735375896048,0.21019161737668848,0.991942180786394,0.5213258070385197,0.29291504010405206,1.452132546981991,2.196118223209105,0.6574801038969484,0.9435423781630817
3.782915207603802,2.2464015960817902,1.2463282269902447,0.2140464265360182,1.009604918276389,0.5333940026550782,0.2943935433864433,1.454263788615808,2.2062423901275645,0.655659780468234,0.9503894928124065
3.788154702351176,2.2360277013706846,1.2353026950200094,0.21790123569534792,1.0272676557663845,0.5454621982716366,0.2958720466688345,1.456395030249625,2.216366557046024,0.6538394570395196,0.9572366074617312
3.7933941970985496,2.225653806659579,1.2242771630497742,0.22175604485467762,1.0449303932563796,0.557530393888195,0.29735054995122573,1.4585262718834417,2.226490723964483,0.6520191336108053,0.964083722111056
3.7986336918459234,2.2152799119484734,1.213251631079539,0.22561085401400732,1.0625931307463747,0.5695985895047535,0.2988290532336169,1.4606575135172588,2.2366148908829424,0.6501988101820909,0.9709308367603807
3.803873186593297,2.204906017237368,1.2022260991093037,0.22946566317333705,1.08025586823637,0.5816667851213119,0.30030755651600816,1.4627887551510756,2.2467390578014017,0.6483784867533765,0.9777779514097055
3.8091126813406704,2.1956887879404703,1.1911105852671333,0.23382384840070045,1.1007639323476746,0.5944108175982995,0.302646624667834,1.459356957732366,2.2559256216058032,0.645865898272136,0.9884859722896451
3.814352176088044,2.187431909285643,1.1799203617056024,0.23859997430840432,1.1236344006720869,0.6077159806795902,0.3057001985140071,1.451306306788394,2.264333716769635,0.6427785392656328,1.0023996079757382
3.819591670835418,2.179175030630815,1.1687301381440718,0.2433761002161082,1.146504868996499,0.6210211437608809,0.3087537723601802,1.4432556558444218,2.272741811933467,0.6396911802591295,1.0163132436618314
3.8248311655827916,2.1709181519759877,1.157539914582541,0.24815222612381208,1.1693753373209113,0.6343263068421716,0.31180734620635325,1.4352050049004499,2.281149907097299,0.6366038212526263,1.0302268793479243
3.8300706603301653,2.1626612733211603,1.14634969102101,0.252928352031516,1.1922458056453236,0.6476314699234623,0.31486092005252636,1.427154353956478,2.289558002261131,0.6335164622461229,1.0441405150340175
3.835310155077539,2.154404394666333,1.1351594674594792,0.2577044779392198,1.2151162739697359,0.660936633004753,0.31791449389869947,1.4191037030125058,2.297966097424963,0.6304291032396196,1.0580541507201107
3.8405496498249128,2.1461475160115056,1.1239692438979483,0.26248060384692373,1.2379867422941482,0.6742417960860437,0.3209680677448726,1.4110530520685338,2.306374192588795,0.6273417442331164,1.0719677864062038
3.8457891445722865,2.1378906373566777,1.1127790203364176,0.26725672975462755,1.2608572106185605,0.6875469591673344,0.3240216415910457,1.4030024011245619,2.3147822877526267,0.6242543852266131,1.0858814220922968
3.85102863931966,2.1296337587018503,1.1015887967748867,0.27203285566233143,1.2837276789429728,0.7008521222486251,0.32707521543721874,1.3949517501805897,2.323190382916459,0.6211670262201099,1.09979505777839
3.856268134067034,2.121376880047023,1.0903985732133559,0.2768089815700353,1.306598147267385,0.7141572853299158,0.33012878928339184,1.3869010992366178,2.331598478080291,0.6180796672136066,1.113708693464483
3.8615076288144072,2.1108439930805405,1.0826658720130065,0.28275697192746363,1.3255272968274137,0.7235433067078538,0.3323450478519259,1.3826822382426212,2.336239893904452,0.6158823800230115,1.1286164279174584
3.866747123561781,2.0982626986335666,1.0780449409377189,0.2897596402896448,1.3409092594994998,0.7294021005527764,0.3338077226705853,1.3819119882036017,2.3374912983229117,0.6144861574667334,1.1444188512606304
3.8719866183091547,2.085681404186593,1.073424009862431,0.296762308651826,1.3562912221715862,0.7352608943976989,0.33527039748924464,1.3811417381645823,2.3387427027413707,0.6130899349104553,1.160221274603802
3.8772261130565284,2.0731001097396193,1.0688030787871434,0.3037649770140072,1.3716731848436723,0.7411196882426214,0.336733072307904,1.3803714881255627,2.33999410715983,0.611693712354177,1.1760236979469738
3.882465607803902,2.060518815292646,1.0641821477118556,0.31076764537618834,1.3870551475157584,0.746978482087544,0.3381957471265633,1.3796012380865432,2.3412455115782893,0.6102974897978989,1.1918261212901455
3.887705102551276,2.047937520845672,1.059561216636568,0.3177703137383695,1.4024371101878448,0.7528372759324665,0.33965842194522267,1.3788309880475238,2.3424969159967484,0.6089012672416207,1.2076285446333175
3.8929445972986496,2.0353562263986986,1.0549402855612804,0.3247729821005507,1.417819072859931,0.758696069777389,0.341121096763882,1.3780607380085041,2.343748320415208,0.6075050446853426,1.2234309679764892
3.8981840920460233,2.022774931951725,1.0503193544859926,0.3317756504627319,1.4332010355320173,0.7645548636223115,0.3425837715825414,1.3772904879694847,2.344999724833667,0.6061088221290644,1.239233391319661
3.903423586793397,2.0101936375047513,1.045698423410705,0.33877831882491305,1.4485829982041034,0.7704136574672341,0.34404644640120075,1.376520237930465,2.3462511292521264,0.6047125995727862,1.2550358146628326
3.908663081540771,1.9976123430577777,1.0410774923354171,0.34578098718709427,1.4639649608761898,0.7762724513121566,0.3455091212198601,1.3757499878914456,2.3475025336705855,0.6033163770165081,1.2708382380060046
3.9139025762881445,1.9847621847918946,1.0329919887268622,0.35231941432916525,1.484173436922464,0.7848808000890457,0.3468716607278641,1.3748756500515256,2.350377979184593,0.6009613293261628,1.2816597075057534
3.919142071035518,1.9716498177521258,1.0215276693309152,0.35840509137043536,1.5090889581900957,0.796170645507504,0.34813654352201107,1.3738998008414207,2.3548372667571287,0.5976711897971485,1.2876235140987995
3.9243815657828915,1.9585374507123559,1.0100633499349672,0.364490768411706,1.5340044794577297,0.8074604909259633,0.3494014263161581,1.3729239516313156,2.359296554329665,0.5943810502681339,1.293587320691846
3.9296210605302653,1.945425083672586,0.9985990305390191,0.3705764454529767,1.5589200007253636,0.8187503363444226,0.3506663091103052,1.3719481024212106,2.363755841902201,0.5910909107391195,1.2995511272848925
3.934860555277639,1.932312716632816,0.987134711143071,0.37666212249424735,1.5838355219929976,0.8300401817628819,0.3519311919044523,1.3709722532111055,2.3682151294747373,0.5878007712101049,1.3055149338779393
3.9401000500250127,1.919200349593046,0.975670391747123,0.382747799535518,1.6087510432606313,0.8413300271813412,0.35319607469859937,1.3699964040010004,2.372674417047274,0.5845106316810904,1.3114787404709858
3.9453395447723865,1.9060879825532762,0.9642060723511751,0.3888334765767887,1.6336665645282653,0.8526198725998004,0.3544609574927465,1.3690205547908953,2.37713370461981,0.5812204921520759,1.3174425470640323
3.95057903951976,1.892975615513506,0.952741752955227,0.39491915361805935,1.6585820857958993,0.8639097180182598,0.3557258402868935,1.3680447055807903,2.3815929921923464,0.5779303526230614,1.3234063536570788
3.955818534267134,1.879863248473736,0.941277433559279,0.40100483065933,1.6834976070635332,0.875199563436719,0.35699072308104063,1.3670688563706852,2.3860522797648827,0.5746402130940469,1.3293701602501253
3.9610580290145077,1.8667508814339662,0.9298131141633309,0.4070905077006006,1.7084131283311672,0.8864894088551782,0.3582556058751877,1.3660930071605804,2.390511567337419,0.5713500735650323,1.3353339668431718
3.9662975237618814,1.8537386516333159,0.9207462306573282,0.4141646932541276,1.7281826095292656,0.8956068287353681,0.3603055768754379,1.362341264162581,2.3925782044827413,0.5699447131345674,1.3415729979559783
3.9715370185092547,1.8408322369564785,0.914212720127814,0.42228343677163566,1.7425142648806902,0.9024286443096547,0.36318515139244617,1.3556562313371687,2.3921165254549774,0.5705310007206104,1.3481028591025512
3.9767765132566284,1.82792582227964,0.9076792095982992,0.43040218028914445,1.7568459202321158,0.9092504598839419,0.3660647259094547,1.348971198511756,2.3916548464272136,0.5711172883066533,1.3546327202491244
3.982016008004002,1.8150194076028014,0.9011456990687844,0.43852092380665325,1.7711775755835417,0.9160722754582291,0.3689443004264632,1.3422861656863432,2.3911931673994498,0.5717035758926964,1.3611625813956978
3.987255502751376,1.802112992925963,0.8946121885392696,0.44663966732416205,1.7855092309349674,0.9228940910325162,0.37182387494347174,1.3356011328609305,2.390731488371686,0.5722898634787394,1.367692442542271
3.9924949974987496,1.7892065782491247,0.8880786780097548,0.4547584108416708,1.7998408862863933,0.9297159066068034,0.37470344946048023,1.3289161000355179,2.390269809343922,0.5728761510647824,1.3742223036888443
3.9977344922461233,1.7763001635722862,0.88154516748024,0.4628771543591796,1.814172541637819,0.9365377221810905,0.3775830239774888,1.322231067210105,2.3898081303161582,0.5734624386508255,1.3807521648354177
4.002973986993497,1.7633937488954488,0.8750116569507258,0.4709958978766877,1.8285041969892435,0.9433595377553772,0.38046259849449704,1.3155460343846928,2.3893464512883944,0.5740487262368684,1.3872820259819905
4.008213481740871,1.7504873342186091,0.8684781464212105,0.4791146413941972,1.8428358523406705,0.9501813533296649,0.38334217301150575,1.3088610015592796,2.3888847722606306,0.5746350138229115,1.3938118871285643
4.013452976488244,1.7375809195417717,0.8619446358916962,0.48723338491170526,1.857167507692095,0.9570031689039514,0.386221747528514,1.3021759687338674,2.3884230932328667,0.5752213014089544,1.400341748275137
4.018692471235618,1.7251799967113552,0.8557901680535266,0.49360261549975,1.8689031001445726,0.9701572158854432,0.38880292873086547,1.2973789574737367,2.3853469578694346,0.5749063245062531,1.4062771538404202
4.0239319659829915,1.7133579435760384,0.8500697652328666,0.49796837160405183,1.8776657818579288,0.9905626891558271,0.39104240145997987,1.2947440354254627,2.3792768483151576,0.5735592543986994,1.4115318118851923
4.029171460730366,1.7015358904407194,0.8443493624122057,0.5023341277083545,1.8864284635712862,1.0109681624262146,0.3932818741890947,1.2921091133771883,2.37320673876088,0.5722121842911455,1.4167864699299653
4.034410955477739,1.6897138373054026,0.8386289595915457,0.5066998838126563,1.8951911452846424,1.0313736356965983,0.3955213469182091,1.2894741913289143,2.367136629206603,0.5708651141835918,1.4220411279747374
4.039650450225113,1.6778917841700838,0.8329085567708848,0.511065639916959,1.903953826998,1.051779108966986,0.3977608196473239,1.28683926928064,2.3610665196523253,0.5695180440760379,1.4272957860195103
4.044889944972486,1.6660697310347667,0.8271881539502248,0.5154313960212609,1.912716508711356,1.0721845822373697,0.4000002923764383,1.284204347232366,2.3549964100980487,0.5681709739684841,1.4325504440642822
4.050129439719861,1.654247677899448,0.8214677511295639,0.5197971521255634,1.9214791904247137,1.092590055507757,0.4022397651055531,1.2815694251840917,2.348926300543771,0.5668239038609303,1.4378051021090552
4.055368934467234,1.642425624764131,0.8157473483089039,0.5241629082298653,1.9302418721380699,1.112995528778141,0.40447923783466755,1.2789345031358177,2.3428561909894943,0.5654768337533765,1.4430597601538273
4.060608429214607,1.630603571628814,0.8100269454882439,0.5285286643341672,1.939004553851426,1.1334010020485248,0.40671871056378195,1.2762995810875437,2.3367860814352173,0.5641297636458229,1.4483144181985994
4.065847923961981,1.6187815184934953,0.8043065426675831,0.5328944204384698,1.9477672355647835,1.1538064753189121,0.40895818329289674,1.2736646590392693,2.33071597188094,0.5627826935382689,1.4535690762433724
4.071087418709355,1.6080007550735362,0.7994977225917956,0.5403777635977995,1.9613379803951987,1.166103448295648,0.4115142800000002,1.2696563030155072,2.3251567739279637,0.561867414210105,1.4586360693511757
4.076326913456729,1.5985128288844408,0.7958206990700345,0.5517318187748891,1.980878286736121,1.1683331259639824,0.4144634885000004,1.2639427284042013,2.32023191004177,0.5614882346698349,1.4634700627338677
4.081566408204102,1.5890249026953471,0.7921436755482739,0.5630858739519767,2.0004185930770397,1.1705628036323164,0.4174126970000002,1.258229153792896,2.3153070461555774,0.5611090551295648,1.4683040561165586
4.086805902951476,1.5795369765062517,0.7884666520265127,0.5744399291290663,2.019958899417962,1.1727924813006507,0.42036190550000047,1.2525155791815898,2.3103821822693837,0.5607298755892945,1.4731380494992503
4.09204539769885,1.5700490503171578,0.7847896285047521,0.5857939843061539,2.0394992057588808,1.1750221589689847,0.4233111140000002,1.2468020045702848,2.3054573183831915,0.5603506960490244,1.4779720428819414
4.097284892446224,1.5605611241280624,0.7811126049829908,0.5971480394832435,2.059039512099803,1.177251836637319,0.4262603225000005,1.2410884299589786,2.300532454496998,0.5599715165087543,1.4828060362646331
4.102524387193597,1.5510731979389687,0.7774355814612303,0.6085020946603311,2.078579818440722,1.179481514305653,0.42920953100000026,1.2353748553476733,2.295607590610805,0.5595923369684842,1.487640029647324
4.10776388194097,1.5415852717498748,0.7737585579394697,0.6198561498374188,2.098120124781641,1.181711191973987,0.43215873950000006,1.2296612807363683,2.2906827267246124,0.5592131574282141,1.492474023030015
4.1130033766883445,1.5320973455607796,0.7700815344177085,0.6312102050145083,2.117660431122563,1.1839408696423213,0.4351079480000003,1.223947706125062,2.2857578628384188,0.5588339778879439,1.4973080164127068
4.118242871435718,1.5226094193716857,0.766404510895948,0.642564260191596,2.137200737463482,1.1861705473106554,0.43805715650000004,1.2182341315137568,2.280832998952226,0.5584547983476738,1.502142009795398
4.123482366183092,1.511652707044521,0.7630391879869932,0.6518062624972493,2.1515375602801408,1.192932700091547,0.44093802117308684,1.215233548675838,2.2768578786753375,0.5583711504982491,1.5048130197013507
4.128721860930465,1.4987174533901948,0.7600937441388194,0.6582032053466735,2.158864984702351,1.2058003634652328,0.44372682269109565,1.2158875253444223,2.2741621189074537,0.5586856012206103,1.5045703636298149
4.133961355677839,1.4857821997358664,0.757148300290645,0.6646001481960988,2.166192409124563,1.2186680268389207,0.44651562420910484,1.2165415020130066,2.2714663591395694,0.5590000519429714,1.5043277075582793
4.139200850425213,1.4728469460815403,0.7542028564424711,0.670997091045523,2.1735198335467736,1.2315356902126067,0.44930442572711365,1.2171954786815908,2.268770599371686,0.5593145026653327,1.5040850514867434
4.144440345172587,1.459911692427212,0.7512574125942968,0.6773940338949482,2.1808472579689853,1.2444033535862946,0.4520932272451229,1.2178494553501753,2.2660748396038017,0.5596289533876938,1.5038423954152076
4.14967983991996,1.4469764387728858,0.7483119687461229,0.6837909767443724,2.1881746823911956,1.2572710169599803,0.45488202876313166,1.2185034320187595,2.263379079835918,0.5599434041100549,1.503599739343672
4.154919334667334,1.4340411851185575,0.7453665248979486,0.6901879195937977,2.1955021068134077,1.2701386803336685,0.4576708302811409,1.2191574086873438,2.2606833200680336,0.5602578548324162,1.5033570832721361
4.160158829414708,1.4211059314642314,0.7424210810497748,0.6965848624432219,2.202829531235618,1.2830063437073542,0.4604596317991497,1.219811385355928,2.25798756030015,0.5605723055547773,1.5031144272006003
4.165398324162081,1.4081706778099052,0.7394756372016009,0.7029818052926461,2.2101569556578284,1.29587400708104,0.4632484333171585,1.2204653620245123,2.2552918005322664,0.5608867562771385,1.5028717711290647
4.170637818909455,1.395235424155577,0.7365301933534265,0.7093787481420714,2.2174843800800406,1.3087416704547281,0.46603723483516774,1.2211193386930967,2.252596040764382,0.5612012069994997,1.5026291150575288
4.175877313656828,1.38451472281941,0.7329251267548775,0.7157355143836917,2.224154055813907,1.3181100108494246,0.4688851741735867,1.2203798817623814,2.2469451800800404,0.5618900235137568,1.5057017133751873
4.1811168084042025,1.3770338295042517,0.7283550565030013,0.7220335037361184,2.229861469577789,1.3223589713304154,0.47181962995297666,1.217601883084542,2.236971116203101,0.5631265233161581,1.513624406077039
4.186356303151576,1.3695529361890946,0.7237849862511256,0.7283314930885442,2.2355688833416707,1.3266079318114057,0.4747540857323661,1.2148238844067034,2.2269970523261633,0.5643630231185592,1.5215470987788893
4.19159579789895,1.3620720428739364,0.7192149159992494,0.7346294824409709,2.241276297105553,1.3308568922923965,0.4776885415117561,1.2120458857288643,2.217022988449224,0.5655995229209605,1.529469791480741
4.196835292646323,1.3545911495587795,0.7146448457473737,0.7409274717933966,2.2469837108694346,1.3351058527733866,0.48062299729114555,1.2092678870510256,2.207048924572286,0.5668360227233616,1.5373924841825912
4.202074787393697,1.3471102562436212,0.7100747754954974,0.7472254611458233,2.252691124633317,1.3393548132543776,0.4835574530705355,1.2064898883731865,2.1970748606953467,0.568072522525763,1.5453151768844429
4.207314282141071,1.3396293629284644,0.7055047052436219,0.7535234504982491,2.2583985383971985,1.3436037737353677,0.486491908849925,1.2037118896953478,2.187100796818409,0.569309022328164,1.5532378695862932
4.212553776888445,1.3321484696133061,0.7009346349917455,0.7598214398506759,2.264105952161081,1.3478527342163586,0.48942636462931494,1.2009338910175087,2.17712673294147,0.5705455221305654,1.5611605622881448
4.217793271635818,1.324667576298149,0.69636456473987,0.7661194292031015,2.2698133659249624,1.3521016946973488,0.4923608204087044,1.19815589233967,2.1671526690645324,0.5717820219329665,1.5690832549899951
4.2230327663831915,1.3171866829829921,0.6917944944879943,0.7724174185555273,2.275520779688844,1.3563506551783389,0.4952952761880938,1.1953778936618311,2.1571786051875947,0.5730185217353676,1.5770059476918454
4.228272261130566,1.3080892240880437,0.6882818536418209,0.7826923616098052,2.2780812487128563,1.3652351182746376,0.49763306925212614,1.192965458627814,2.1501448231350677,0.5733264301190595,1.5842148842521262
4.233511755877939,1.2964199563161587,0.6864514868501752,0.7992942764624805,2.275635214741621,1.3814942446225607,0.499021626178089,1.191134602118059,2.1477887621668335,0.5721570339729866,1.590288299678089
4.238751250625313,1.2847506885442714,0.6846211200585292,0.8158961913151586,2.273189180770385,1.3977533709704864,0.5004101831040522,1.1893037456083042,2.145432701198599,0.5709876378269134,1.5963617151040526
4.243990745372686,1.2730814207723862,0.6827907532668834,0.8324981061678338,2.2707431467991492,1.4140124973184092,0.501798740030015,1.1874728890985493,2.143076640230365,0.5698182416808405,1.602435130530015
4.249230240120061,1.2614121530004991,0.6809603864752375,0.849100021020512,2.2682971128279137,1.4302716236663349,0.5031872969559782,1.1856420325887942,2.1407205792621307,0.5686488455347672,1.6085085459559787
4.254469734867434,1.2497428852286139,0.6791300196835918,0.8657019358731872,2.265851078856678,1.446530750014258,0.504575853881941,1.1838111760790395,2.138364518293897,0.5674794493886943,1.6145819613819412
4.259709229614808,1.2380736174567266,0.6772996528919457,0.8823038507258654,2.263405044885442,1.4627898763621836,0.5059644108079041,1.1819803195692844,2.1360084573256626,0.5663100532426212,1.6206553768079048
4.264948724362181,1.2264043496848416,0.6754692861003,0.8989057655785406,2.260959010914207,1.4790490027101064,0.5073529677338671,1.1801494630595297,2.1336523963574283,0.5651406570965483,1.6267287922338676
4.2701882191095555,1.2147350819129543,0.673638919308654,0.9155076804312188,2.258512976942971,1.4953081290580321,0.5087415246598301,1.1783186065497746,2.131296335389194,0.563971260950475,1.6328022076598312
4.275427713856929,1.203065814141069,0.6718085525170083,0.932109595283894,2.2560669429717355,1.5115672554059552,0.5101300815857931,1.1764877500400197,2.12894027442096,0.5628018648044021,1.6388756230857937
4.280667208604302,1.1927640359414704,0.6701856099849924,0.9446961035787897,2.2565663365182593,1.5219616294222111,0.5122433245207606,1.173181858086543,2.1224498549834907,0.5628760458614309,1.6370142719599792
4.285906703351676,1.184831948576037,0.6689221081220609,0.9503244073591804,2.2621697928181597,1.5221931106993498,0.5156123589644828,1.1673199115627806,2.108795102034265,0.5651051928936972,1.6214029486588273
4.2911461980990495,1.1768998612106047,0.6676586062591295,0.9559527111395701,2.2677732491180596,1.5224245919764883,0.5189813934082043,1.161457965039019,2.0951403490850415,0.5673343399259632,1.6057916253576778
4.296385692846424,1.1689677738451714,0.666395104396198,0.9615810149199608,2.27337670541796,1.522656073253627,0.5223504278519264,1.1555960185152567,2.0814855961358156,0.5695634869582294,1.590180302056526
4.301625187593797,1.1610356864797393,0.6651316025332665,0.9672093187003507,2.2789801617178593,1.5228875545307654,0.525719462295648,1.1497340719914952,2.0678308431865924,0.5717926339904954,1.5745689787553767
4.306864682341171,1.153103599114306,0.663868100670335,0.9728376224807413,2.2845836180177597,1.523119035807904,0.5290884967393702,1.1438721254677329,2.0541760902373665,0.5740217810227618,1.5589576554542246
4.312104177088544,1.1451715117488739,0.6626045988074036,0.978465926261131,2.290187074317659,1.5233505170850425,0.5324575311830918,1.1380101789439714,2.040521337288143,0.5762509280550278,1.5433463321530754
4.317343671835919,1.1372394243834403,0.6613410969444721,0.9840942300415217,2.29579053061756,1.5235819983621812,0.535826565626814,1.132148232420209,2.026866584338917,0.578480075087294,1.5277350088519235
4.322583166583292,1.1293073370180082,0.6600775950815406,0.9897225338219114,2.3013939869174593,1.5238134796393197,0.5391956000705356,1.1262862858964477,2.0132118313896936,0.58070922211956,1.512123685550774
4.327822661330665,1.1213752496525762,0.6588140932186093,0.9953508376023013,2.306997443217359,1.5240449609164584,0.5425646345142572,1.1204243393726863,1.99955707844047,0.582938369151826,1.4965123622496248
4.333062156078039,1.1141965632426207,0.6570987659974985,1.000267833361181,2.309274867526763,1.5252550500365187,0.5461791086888449,1.112932878528263,1.9892080868419204,0.5844065985087544,1.4887158385322667
4.338301650825413,1.1084427873354177,0.654528899512006,1.0038395291663333,2.3052617530715356,1.5283159844247125,0.5502577840935469,1.102359510164332,1.9851112960587793,0.584435700957979,1.4956994792451228
4.343541145572787,1.1026890114282135,0.651959033026513,1.0074112249714862,2.301248638616308,1.531376918812907,0.5543364594982496,1.0917861418003991,1.9810145052756374,0.5844648034072036,1.5026831199579798
4.34878064032016,1.0969352355210102,0.6493891665410205,1.0109829207766385,2.2972355241610805,1.5344378532011007,0.5584151349029516,1.081212773436468,1.976917714492496,0.5844939058564282,1.5096667606708356
4.354020135067534,1.0911814596138063,0.6468193000555275,1.0145546165817914,2.2932224097058524,1.5374987875892951,0.5624938103076543,1.070639405072535,1.9728209237093541,0.5845230083056528,1.5166504013836926
4.3592596298149076,1.085427683706603,0.644249433570035,1.0181263123869435,2.2892092952506253,1.540559721977489,0.5665724857123563,1.0600660367086039,1.968724132926213,0.5845521107548775,1.5236340420965484
4.364499124562282,1.079673907799399,0.641679567084542,1.0216980081920966,2.2851961807953973,1.5436206563656834,0.570651161117059,1.049492668344671,1.964627342143071,0.5845812132041021,1.5306176828094056
4.369738619309655,1.0739201318921958,0.6391097005990495,1.0252697039972487,2.28118306634017,1.5466815907538771,0.574729836521761,1.03891929998074,1.9605305513599298,0.5846103156533267,1.5376013235222614
4.374978114057029,1.0681663559849919,0.6365398341135565,1.0288413998024017,2.277169951884942,1.5497425251420716,0.5788085119264638,1.028345931616807,1.9564337605767879,0.5846394181025513,1.5445849642351184
4.3802176088044025,1.0624125800777886,0.6339699676280639,1.032413095607554,2.2731568374297146,1.5528034595302653,0.5828871873311658,1.017772563252876,1.9523369697936466,0.5846685205517759,1.5515686049479742
4.385457103551776,1.05649375687944,0.6313973575507755,1.039283676712856,2.270157708862431,1.5574372769899947,0.587001657348174,1.0129393113971983,1.9467854415517762,0.5849741787188594,1.554902089857929
4.39069659829915,1.0502334127478736,0.6288190703489244,1.0529804127853934,2.2692567510940473,1.5653257524977493,0.5911901946783394,1.01998368523937,1.938223725799149,0.5858520944867434,1.5506825600680336
4.395936093046523,1.0439730686163082,0.6262407831470737,1.0666771488579287,2.268355793325663,1.5732142280055026,0.5953787320085041,1.0270280590815406,1.9296620100465236,0.5867300102546272,1.546463030278139
4.401175587793897,1.037712724484742,0.6236624959452225,1.080373884930466,2.267454835557279,1.5811027035132572,0.5995672693386697,1.0340724329237123,1.9211002942938964,0.5876079260225113,1.5422435004882438
4.406415082541271,1.0314523803531768,0.6210842087433717,1.0940706210030013,2.2665538777888945,1.5889911790210105,0.6037558066688343,1.041116806765883,1.9125385785412707,0.5884858417903952,1.5380239706983492
4.411654577288645,1.0251920362216105,0.6185059215415205,1.1077673570755389,2.26565292002051,1.596879654528765,0.6079443439989998,1.0481611806080546,1.9039768627886438,0.5893637575582792,1.533804440908454
4.416894072036018,1.018931692090045,0.6159276343396698,1.121464093148074,2.2647519622521264,1.6047681300365182,0.6121328813291645,1.055205554450225,1.895415147036018,0.5902416733261631,1.5295849111185593
4.422133566783392,1.0126713479584788,0.6133493471378186,1.1351608292206115,2.263851004483742,1.6126566055442728,0.61632141865933,1.0622499282923967,1.8868534312833911,0.591119589094047,1.525365381328664
4.427373061530766,1.0064110038269134,0.6107710599359679,1.1488575652931465,2.262950046715358,1.620545081052026,0.6205099559894948,1.0692943021345673,1.8782917155307655,0.5919975048619309,1.5211458515387695
4.43261255627814,1.000150659695347,0.6081927727341168,1.162554301365684,2.2620490889469735,1.6284335565597807,0.6246984933196602,1.076338675976739,1.8697299997781385,0.5928754206298149,1.5169263217488742
4.437852051025513,0.9939529144412206,0.6066447363811905,1.1754696640260132,2.2608035112971487,1.6353352906663332,0.6287894387973988,1.0792676998934465,1.862022516795898,0.5936949427058529,1.5138791327108556
4.443091545772886,0.987897299425213,0.607435876136068,1.1866109247586287,2.258775477031266,1.6399966365095047,0.6326588027741369,1.0728528555367687,1.8562545623169089,0.5943818823831916,1.5134937337406205
4.4483310405202605,0.9818416844092043,0.6082270158909455,1.1977521854912463,2.256747442765383,1.6446579823526766,0.6365281667508756,1.0664380111800897,1.8504866078379187,0.5950688220605302,1.5131083347703853
4.453570535267634,0.9757860693931967,0.6090181556458228,1.2088934462238619,2.2547194084995,1.649319328195848,0.6403975307276137,1.0600231668234117,1.8447186533589295,0.5957557617378689,1.5127229358001502
4.458810030015008,0.969730454377188,0.6098092954007004,1.2200347069564792,2.252691374233617,1.65398067403902,0.6442668947043526,1.0536083224667327,1.8389506988799396,0.5964427014152076,1.512337536829915
4.464049524762381,0.9636748393611804,0.6106004351555778,1.231175967689095,2.250663339967734,1.6586420198821914,0.6481362586810907,1.0471934781100547,1.8331827444009503,0.5971296410925463,1.5119521378596799
4.469289019509755,0.9576192243451718,0.6113915749104554,1.2423172284217123,2.2486353057018507,1.6633033657253633,0.6520056226578295,1.0407786337533758,1.8274147899219602,0.597816580769885,1.5115667388894447
4.474528514257129,0.9515636093291641,0.6121827146653327,1.253458489154328,2.246607271435968,1.6679647115685348,0.6558749866345676,1.034363789396698,1.8216468354429711,0.5985035204472237,1.5111813399192096
4.479768009004503,0.9455079943131555,0.6129738544202102,1.2645997498869455,2.244579237170085,1.6726260574117067,0.6597443506113063,1.0279489450400188,1.815878880963981,0.5991904601245625,1.5107959409489744
4.485007503751876,0.9394523792971479,0.6137649941750877,1.275741010619561,2.242551202904202,1.6772874032548781,0.6636137145880445,1.021534100683341,1.810110926484992,0.599877399801901,1.5104105419787393
4.4902469984992495,0.934436365610305,0.6138280161010505,1.2830921333976988,2.2388751462011003,1.6793280605827912,0.6674987786858431,1.0151378996038016,1.804048701222611,0.6015246475637821,1.5099416138854427
4.495486493246624,0.9320193552463728,0.6120707434547271,1.2809679112896444,2.2310790334049515,1.6748169966225608,0.6714230930862937,1.0087883067171077,1.7972507990017499,0.605572665537019,1.509263862984492
4.500725987993997,0.9296023448824411,0.6103134708084041,1.2788436891815906,2.223282920608804,1.6703059326623309,0.6753474074867436,1.002438713830415,1.7904528967808901,0.6096206835102553,1.5085861120835418
4.505965482741371,0.9271853345185088,0.6085561981620808,1.2767194670735365,2.2154868078126553,1.6657948687021005,0.6792717218871942,0.9960891209437209,1.783654994560029,0.6136687014834924,1.5079083611825912
4.511204977488744,0.9247683241545771,0.6067989255157578,1.2745952449654825,2.207690695016508,1.6612838047418705,0.683196036287644,0.9897395280570281,1.776857092339169,0.6177167194567287,1.5072306102816408
4.516444472236119,0.9223513137906449,0.6050416528694345,1.2724710228574283,2.199894582220359,1.6567727407816402,0.6871203506880946,0.9833899351703342,1.770059190118308,0.6217647374299656,1.5065528593806903
4.521683966983492,0.9199343034267131,0.6032843802231114,1.2703468007493746,2.1920984694242116,1.6522616768214105,0.6910446650885446,0.9770403422836413,1.7632612878974483,0.6258127554032019,1.50587510847974
4.526923461730866,0.917517293062781,0.6015271075767881,1.2682225786413204,2.184302356628063,1.6477506128611799,0.694968979488995,0.9706907493969474,1.7564633856765872,0.6298607733764389,1.5051973575787894
4.532162956478239,0.9151002826988492,0.5997698349304651,1.2660983565332664,2.1765062438319154,1.6432395489009501,0.698893293889445,0.9643411565102546,1.7496654834557273,0.6339087913496751,1.504519606677839
4.5374024512256135,0.9126832723349171,0.5980125622841417,1.2639741344252122,2.1687101310357666,1.6387284849407195,0.7028176082898956,0.9579915636235607,1.7428675812348662,0.6379568093229122,1.5038418557768884
4.542641945972987,0.9100773568999497,0.5966531952111055,1.2662883884617322,2.1625625447953976,1.6372043644637324,0.7065838857578792,0.9517507047308649,1.7351181773316648,0.641134925675838,1.5043287775162586
4.54788144072036,0.9069492793346673,0.5963936992038519,1.2808712605205104,2.1609717347893946,1.6439366066338168,0.7099133252898949,0.9458104030102551,1.7247386791555777,0.6419085026443222,1.5080350302331167
4.553120935467734,0.9038212017693844,0.5961342031965983,1.295454132579291,2.1593809247833917,1.6506688488039025,0.7132427648219113,0.9398701012896442,1.7143591809794887,0.6426820796128065,1.5117412829499755
4.5583604302151075,0.900693124204102,0.5958747071893447,1.3100370046380694,2.157790114777389,1.6574010909739871,0.716572204353927,0.9339297995690344,1.7039796828034015,0.6434556565812907,1.5154475356668335
4.563599924962482,0.8975650466388191,0.5956152111820909,1.32461987669685,2.1561993047713854,1.6641333331440726,0.7199016438859434,0.9279894978484236,1.6936001846273125,0.644229233549775,1.5191537883836923
4.568839419709855,0.8944369690735366,0.5953557151748374,1.3392027487556282,2.1546084947653825,1.6708655753141572,0.723231083417959,0.9220491961278138,1.6832206864512254,0.6450028105182591,1.5228600411005504
4.574078914457229,0.8913088915082538,0.5950962191675837,1.353785620814409,2.1530176847593796,1.6775978174842427,0.7265605229499753,0.9161088944072029,1.6728411882751364,0.6457763874867435,1.5265662938174092
4.579318409204602,0.8881808139429713,0.5948367231603301,1.3683684928731872,2.1514268747533767,1.6843300596543274,0.7298899624819911,0.9101685926865931,1.6624616900990492,0.6465499644552276,1.5302725465342673
4.584557903951977,0.8850527363776884,0.5945772271530765,1.3829513649319678,2.1498360647473738,1.6910623018244129,0.7332194020140074,0.9042282909659822,1.6520821919229602,0.647323541423712,1.533978799251126
4.58979739869935,0.881924658812406,0.5943177311458229,1.397534236990746,2.148245254741371,1.6977945439944975,0.7365488415460232,0.8982879892453725,1.641702693746873,0.6480971183921961,1.537685051967984
4.595036893446724,0.8785682142101044,0.5943200086303152,1.4074706326718354,2.144536017832415,1.7039193147068539,0.7402186561830921,0.8921363407688836,1.6336800692691344,0.6486996116523261,1.537143545547772
4.600276388194097,0.8745103565655326,0.5951263046965983,1.4031357080500249,2.134320184007253,1.708178280227614,0.7449339086428216,0.8853355558279137,1.632896414007754,0.6487766335225112,1.523555350349424
4.605515882941471,0.8704524989209605,0.5959326007628813,1.3988007834282143,2.1241043501820913,1.712437245748374,0.7496491611025511,0.8785347708869437,1.6321127587463733,0.6488536553926963,1.5099671551510758
4.610755377688845,0.866394641276388,0.5967388968291646,1.394465858806403,2.113888516356928,1.7166962112691346,0.7543644135622815,0.8717339859459726,1.6313291034849926,0.6489306772628815,1.4963789599527255
4.615994872436218,0.862336783631816,0.5975451928954477,1.3901309341845924,2.103672682531766,1.7209551767898947,0.7590796660220109,0.8649332010050027,1.630545448223612,0.6490076991330664,1.4827907647543774
4.621234367183592,0.8582789259872433,0.5983514889617308,1.385796009562781,2.093456848706603,1.7252141423106555,0.7637949184817412,0.8581324160640316,1.629761792962231,0.6490847210032515,1.4692025695560271
4.6264738619309655,0.8542210683426714,0.599157785028014,1.3814610849409705,2.083241014881441,1.7294731078314156,0.7685101709414707,0.8513316311230616,1.6289781377008505,0.6491617428734366,1.455614374357679
4.63171335667834,0.8501632106980987,0.5999640810942972,1.3771261603191591,2.0730251810562774,1.7337320733521764,0.7732254234012009,0.8445308461820905,1.6281944824394696,0.6492387647436217,1.4420261791593287
4.636952851425713,0.8461053530535269,0.6007703771605802,1.3727912356973486,2.0628093472311155,1.7379910388729363,0.7779406758609304,0.8377300612411206,1.627410827178089,0.6493157866138068,1.4284379839609807
4.642192346173087,0.8420474954089542,0.6015766732268635,1.3684563110755374,2.0525935134059523,1.742250004393697,0.7826559283206607,0.8309292763001495,1.6266271719167082,0.649392808483992,1.4148497887626303
4.6474318409204605,0.8384379247478739,0.6022631864292146,1.365843029590295,2.043700625171086,1.7458352236338168,0.7868512573536768,0.8244772597283642,1.6242746771530765,0.6500220889034517,1.4042302062406204
4.652671335667835,0.8363674727301149,0.602538445132066,1.3691407228739372,2.0393498501295646,1.7471072473104052,0.7892615159549776,0.8192226812241116,1.616535833431715,0.6525474570087546,1.4038028605740371
4.657910830415208,0.8342970207123562,0.6028137038349175,1.3724384161575787,2.0349990750880442,1.7483792709869934,0.7916717745562781,0.8139681027198599,1.6087969897103551,0.6550728251140571,1.4033755149074538
4.663150325162581,0.8322265686945974,0.6030889625377689,1.3757361094412204,2.0306483000465234,1.7496512946635816,0.7940820331575786,0.8087135242156082,1.601058145988995,0.6575981932193595,1.4029481692408705
4.668389819909955,0.8301561166768384,0.6033642212406203,1.3790338027248625,2.0262975250050026,1.75092331834017,0.7964922917588795,0.8034589457113556,1.5933193022676335,0.6601235613246623,1.4025208235742872
4.673629314657329,0.8280856646590797,0.6036394799434718,1.382331496008504,2.021946749963482,1.7521953420167582,0.7989025503601799,0.7982043672071039,1.5855804585462736,0.6626489294299648,1.4020934779077039
4.678868809404703,0.8260152126413206,0.6039147386463232,1.3856291892921462,2.017595974921961,1.7534673656933466,0.8013128089614808,0.7929497887028513,1.5778416148249121,0.6651742975352677,1.4016661322411206
4.684108304152076,0.8239447606235619,0.6041899973491746,1.3889268825757877,2.0132451998804406,1.7547393893699348,0.8037230675627812,0.7876952101985996,1.5701027711035522,0.6676996656405702,1.4012387865745373
4.68934779889945,0.8218743086058029,0.6044652560520261,1.3922245758594298,2.0088944248389193,1.7560114130465232,0.8061333261640822,0.782440631694347,1.5623639273821908,0.670225033745873,1.400811440907954
4.694587293646824,0.8198038565880441,0.6047405147548774,1.3955222691430713,2.004543649797399,1.7572834367231114,0.8085435847653826,0.7771860531900953,1.5546250836608306,0.6727504018511754,1.4003840952413706
4.699826788394198,0.8179440284617309,0.604916552022011,1.400208753191096,1.9988097620505245,1.7571322838234114,0.8113896275262634,0.7728703011360679,1.5464803548299144,0.6753235442066033,1.3994641283601799
4.705066283141571,0.8168984414767384,0.6047090137388694,1.410264099096548,1.9877289629914958,1.7514793385495249,0.8159203480747873,0.7721839147493746,1.5367665335632819,0.6780813748216608,1.396639759954227
4.710305777888944,0.815852854491746,0.604501475455728,1.4203194450020002,1.9766481639324671,1.7458263932756382,0.8204510686233113,0.7714975283626814,1.527052712296649,0.680839205436718,1.3938153915482743
4.7155452726363185,0.8148072675067534,0.6042939371725863,1.430374790907454,1.9655673648734364,1.7401734480017508,0.8249817891718361,0.770811141975988,1.5173388910300147,0.6835970360517759,1.390991023142321
4.720784767383692,0.813761680521761,0.6040863988894447,1.440430136812906,1.9544865658144075,1.734520502727864,0.8295125097203601,0.7701247555892946,1.5076250697633822,0.6863548666668333,1.3881666547363682
4.726024262131066,0.8127160935367683,0.6038788606063031,1.4504854827183598,1.9434057667553768,1.7288675574539767,0.8340432302688847,0.7694383692026012,1.4979112484967478,0.6891126972818911,1.385342286330415
4.731263756878439,0.811670506551776,0.6036713223231616,1.460540828623812,1.932324967696348,1.72321461218009,0.8385739508174087,0.768751982815908,1.488197427230115,0.6918705278969485,1.3825179179244622
4.736503251625813,0.8106249195667833,0.60346378404002,1.4705961745292657,1.9212441686373174,1.7175616669062024,0.8431046713659335,0.7680655964292145,1.4784836059634807,0.6946283585120062,1.379693549518509
4.741742746373187,0.8095793325817909,0.6032562457568784,1.4806515204347177,1.9101633695782887,1.7119087216323159,0.8476353919144575,0.7673792100425212,1.468769784696848,0.6973861891270636,1.3768691811125562
4.746982241120561,0.8085337455967982,0.6030487074737368,1.4907068663401715,1.899082570519258,1.7062557763584283,0.8521661124629821,0.7666928236558278,1.4590559634302136,0.7001440197421215,1.374044812706603
4.752221735867934,0.8072763512696347,0.6030056419459731,1.4976140060910448,1.889141556848924,1.702596241862932,0.8565388792526266,0.7651763821380686,1.4510269941350675,0.7025440098824413,1.3716840229089544
4.757461230615308,0.8050887219937465,0.6036849229789897,1.4906945647576275,1.884206357385692,1.707691552002252,0.8602179302093553,0.7600144282203593,1.4503977125525263,0.7033724033431716,1.3713592202423712
4.762700725362682,0.8029010927178587,0.6043642040120061,1.4837751234242114,1.8792711579224608,1.7127868621415714,0.8638969811660834,0.7548524743026508,1.449768430969985,0.704200796803902,1.3710344175757878
4.767940220110055,0.800713463441971,0.6050434850450226,1.4768556820907952,1.8743359584592296,1.7178821722808906,0.8675760321228114,0.7496905203849423,1.4491391493874437,0.7050291902646323,1.3707096149092046
4.773179714857429,0.7985258341660828,0.6057227660780391,1.469936240757378,1.8694007589959976,1.7229774824202106,0.8712550830795401,0.7445285664672331,1.4485098678049024,0.7058575837253628,1.3703848122426212
4.778419209604802,0.796338204890195,0.6064020471110555,1.4630167994239618,1.8644655595327662,1.72807279255953,0.8749341340362682,0.7393666125495246,1.4478805862223612,0.706685977186093,1.370060009576038
4.7836587043521765,0.7941505756143069,0.6070813281440721,1.4560973580905445,1.859530360069534,1.7331681026988501,0.8786131849929969,0.7342046586318153,1.4472513046398199,0.7075143706468234,1.3697352069094546
4.78889819909955,0.7919629463384191,0.6077606091770885,1.4491779167571284,1.854595160606303,1.7382634128381693,0.882292235949725,0.7290427047141068,1.4466220230572786,0.7083427641075538,1.3694104042428714
4.794137693846924,0.789775317062531,0.6084398902101051,1.4422584754237109,1.8496599611430709,1.7433587229774894,0.8859712869064537,0.7238807507963976,1.4459927414747373,0.7091711575682842,1.369085601576288
4.799377188594297,0.7875876877866432,0.6091191712431215,1.4353390340902947,1.8447247616798397,1.7484540331168088,0.8896503378631817,0.7187187968786891,1.445363459892196,0.7099995510290145,1.3687607989097048
4.8046166833416715,0.785621880532266,0.6095790524777387,1.4311046782021022,1.8398316017403695,1.7506051731435703,0.8933983747503756,0.7139028962476234,1.443533639498248,0.7113648945552782,1.3683810007113555
4.809856178089045,0.7847752662046023,0.6089319620022511,1.4404177988784395,1.8351505503071532,1.7379016366933462,0.8974944770140072,0.7108329917446221,1.4356465551013002,0.7154393952303654,1.3677237250572785
4.815095672836419,0.7839286518769383,0.6082848715267632,1.4497309195547785,1.8304694988739363,1.72519810024312,0.9015905792776393,0.7077630872416204,1.427759470704351,0.7195138959054532,1.3670664494032014
4.820335167583792,0.7830820375492745,0.6076377810512756,1.459044040231116,1.82578844744072,1.7124945637928959,0.9056866815412709,0.7046931827386191,1.4198723863074032,0.7235883965805405,1.3664091737491244
4.8255746623311655,0.7822354232216108,0.6069906905757879,1.4683571609074535,1.8211073960075037,1.6997910273426717,0.9097827838049023,0.7016232782356179,1.4119853019104553,0.7276628972556277,1.3657518980950476
4.83081415707854,0.7813888088939469,0.6063436001003001,1.4776702815837923,1.8164263445742868,1.6870874908924456,0.9138788860685345,0.6985533737326161,1.4040982175135062,0.7317373979307157,1.3650946224409704
4.836053651825913,0.7805421945662832,0.6056965096248125,1.4869834022601298,1.8117452931410705,1.6743839544422214,0.917974988332166,0.6954834692296148,1.3962111331165583,0.7358118986058029,1.3644373467868935
4.841293146573287,0.7796955802386193,0.6050494191493246,1.4962965229364689,1.8070642417078535,1.661680417991995,0.9220710905957982,0.6924135647266131,1.3883240487196091,0.7398863992808907,1.3637800711328163
4.84653264132066,0.7788489659109555,0.6044023286738369,1.5056096436128064,1.8023831902746372,1.6489768815417711,0.9261671928594297,0.6893436602236118,1.3804369643226613,0.743960899955978,1.3631227954787393
4.851772136068035,0.7780023515832916,0.6037552381983492,1.5149227642891452,1.7977021388414203,1.6362733450915448,0.9302632951230618,0.68627375572061,1.3725498799257123,0.7480354006310659,1.3624655198246622
4.857011630815408,0.7772044064222111,0.6036389468944473,1.5237906044292147,1.7926402608009004,1.6259830524762382,0.9341532567258629,0.682633309178089,1.3645110655267634,0.7518678009209605,1.361114360184092
4.862251125562782,0.7766926023956978,0.6066433886510758,1.5300405021060535,1.7853393849484736,1.6298809693041525,0.9368312534089547,0.6756384689204595,1.355580183357428,0.7542768179117061,1.3556836412436213
4.867490620310155,0.7761807983691846,0.6096478304077039,1.5362903997828914,1.778038509096048,1.6337788861320661,0.939509250092046,0.6686436286628313,1.346649301188094,0.7566858349024513,1.3502529223031514
4.872730115057529,0.7756689943426714,0.6126522721643319,1.5425402974597293,1.7707376332436222,1.6376768029599797,0.9421872467751373,0.6616487884052031,1.33771841901876,0.7590948518931965,1.3448222033626818
4.877969609804903,0.7751571903161582,0.6156567139209606,1.5487901951365683,1.7634367573911955,1.641574719787894,0.9448652434582291,0.6546539481475736,1.3287875368494246,0.7615038688839421,1.339391484422211
4.883209104552276,0.7746453862896449,0.6186611556775886,1.5550400928134063,1.7561358815387698,1.6454726366158077,0.9475432401413204,0.6476591078899454,1.3198566546800907,0.7639128858746872,1.3339607654817411
4.88844859929965,0.7741335822631316,0.6216655974342172,1.5612899904902453,1.748835005686343,1.649370553443722,0.9502212368244123,0.640664267632316,1.3109257725107553,0.7663219028654328,1.3285300465412704
4.8936880940470235,0.7736217782366184,0.6246700391908453,1.5675398881670832,1.7415341298339173,1.6532684702716356,0.9528992335075036,0.6336694273746877,1.3019948903414211,0.768730919856178,1.3230993276008007
4.898927588794398,0.7731099742101051,0.6276744809474739,1.5737897858439223,1.7342332539814906,1.6571663870995499,0.9555772301905954,0.6266745871170583,1.2930640081720857,0.7711399368469236,1.31766860866033
4.904167083541771,0.7725981701835919,0.630678922704102,1.5800396835207602,1.7269323781290649,1.6610643039274635,0.9582552268736867,0.6196797468594301,1.2841331260027518,0.7735489538376688,1.31223788971986
4.909406578289145,0.7719122906818409,0.6332227171995998,1.5860153543841924,1.7195256349554775,1.6641662990695345,0.9612746163031518,0.6134473577648824,1.2758408468849423,0.7757832774817409,1.3076248357493747
4.9146460730365185,0.7700113643629315,0.6325511938124062,1.590076922090045,1.7113799378801904,1.6617127608444222,0.966676927102301,0.6125368777886443,1.2720060170667835,0.776798241566033,1.3087190832693847
4.919885567783893,0.7681104380440219,0.6318796704252125,1.5941384897958983,1.7032342408049017,1.6592592226193095,0.9720792379014511,0.6116263978124061,1.2681711872486239,0.7778132056503253,1.3098133307893947
4.925125062531266,0.7662095117251125,0.631208147038019,1.598200057501751,1.6950885437296146,1.656805684394197,0.9774815487006004,0.6107159178361681,1.2643363574304651,0.7788281697346173,1.3109075783094046
4.930364557278639,0.7643085854062032,0.6305366236508255,1.6022616252076036,1.6869428466543275,1.6543521461690847,0.9828838594997497,0.60980543785993,1.2605015276123064,0.7798431338189095,1.3120018258294146
4.935604052026013,0.7624076590872936,0.6298651002636318,1.606323192913457,1.678797149579039,1.651898607943972,0.9882861702988998,0.6088949578836917,1.2566666977941467,0.7808580979032017,1.3130960733494248
4.940843546773387,0.7605067327683842,0.6291935768764383,1.6103847606193096,1.670651452503752,1.6494450697188594,0.9936884810980491,0.6079844779074537,1.252831867975988,0.7818730619874937,1.3141903208694348
4.946083041520761,0.7586058064494745,0.6285220534892446,1.614446328325163,1.6625057554284635,1.6469915314937467,0.9990907918971992,0.6070739979312155,1.2489970381578284,0.782888026071786,1.3152845683894447
4.951322536268134,0.7567048801305652,0.627850530102051,1.6185078960310157,1.6543600583531763,1.6445379932686341,1.0044931026963484,0.6061635179549775,1.2451622083396696,0.7839029901560781,1.3163788159094547
4.956562031015508,0.7548039538116555,0.6271790067148574,1.622569463736869,1.6462143612778877,1.6420844550435214,1.0098954134954985,0.6052530379787392,1.2413273785215102,0.7849179542403704,1.317473063429465
4.961801525762882,0.7530236628174086,0.6267793715567785,1.6263792042646323,1.638626860874437,1.638324586248623,1.01487339943972,0.6043321304257128,1.2373366095527758,0.786238447881441,1.3178841104277135
4.967041020510256,0.7522687720827913,0.6286907863461735,1.6280484137786395,1.6357840321815904,1.6234609076105528,1.0162446241170588,0.6033225884699848,1.232020357804151,0.7901559427551282,1.3124879529909945
4.972280515257629,0.751513881348174,0.630602201135568,1.6297176232926465,1.632941203488744,1.608597228972485,1.0176158487943974,0.602313046514257,1.2267041060555273,0.7940734376288148,1.3070917955542767
4.977520010005003,0.7507589906135567,0.6325136159249628,1.6313868328066536,1.6300983747958975,1.5937335503344146,1.0189870734717361,0.6013035045585291,1.2213878543069023,0.797990932502502,1.301695638117558
4.9827595047523765,0.7500040998789393,0.6344250307143574,1.6330560423206606,1.6272555461030513,1.5788698716963467,1.0203582981490746,0.6002939626028013,1.2160716025582785,0.8019084273761884,1.2962994806808399
4.98799899949975,0.7492492091443221,0.6363364455037519,1.6347252518346673,1.624412717410205,1.564006193058279,1.0217295228264132,0.5992844206470735,1.2107553508096547,0.8058259222498749,1.290903323244122
4.993238494247124,0.7484943184097047,0.6382478602931467,1.6363944613486745,1.6215698887173584,1.5491425144202084,1.0231007475037521,0.5982748786913455,1.20543909906103,0.8097434171235621,1.285507165807403
4.998477988994497,0.7477394276750875,0.6401592750825413,1.6380636708626815,1.6187270600245123,1.5342788357821406,1.0244719721810907,0.5972653367356178,1.200122847312406,0.8136609119972487,1.2801110083706853
5.003717483741871,0.7469845369404701,0.6420706898719362,1.6397328803766886,1.6158842313316655,1.5194151571440704,1.0258431968584294,0.5962557947798899,1.1948065955637812,0.8175784068709359,1.2747148509339665
5.008956978489245,0.7462296462058529,0.6439821046613307,1.6414020898906954,1.6130414026388193,1.5045514785060026,1.027214421535768,0.5952462528241621,1.1894903438151574,0.8214959017446224,1.2693186934972485
5.014196473236619,0.7455481953266633,0.6459985467178593,1.6419525858644308,1.6100002481105546,1.4911866257543775,1.028978743276639,0.5940535268879437,1.1842443662736362,0.8253995768939474,1.2638221471230608
5.019435967983992,0.7456551428954477,0.6491424873774388,1.6304933629499745,1.6048300074079538,1.4939121097248624,1.034963077611306,0.5908942670435217,1.179752803014257,0.8291548932376189,1.2572478959789892
5.024675462731366,0.7457620904642321,0.6522864280370189,1.6190341400355164,1.599659766705352,1.496637593695348,1.0409474119459736,0.5877350071990992,1.175261239754877,0.8329102095812911,1.2506736448349167
5.02991495747874,0.7458690380330165,0.6554303686965984,1.60757491712106,1.5944895260027512,1.499363077665833,1.0469317462806407,0.5845757473546772,1.1707696764954976,0.8366655259249627,1.244099393690845
5.035154452226114,0.7459759856018009,0.6585743093561786,1.5961156942066017,1.5893192853001494,1.5020885616363184,1.0529160806153084,0.5814164875102548,1.1662781132361175,0.8404208422686348,1.2375251425467726
5.040393946973487,0.7460829331705853,0.661718250015758,1.5846564712921454,1.5841490445975486,1.5048140456068035,1.0589004149499752,0.5782572276658328,1.1617865499767381,0.8441761586123063,1.230950891402701
5.04563344172086,0.7461898807393696,0.6648621906753376,1.573197248377689,1.5789788038949477,1.5075395295772887,1.064884749284642,0.5750979678214109,1.1572949867173588,0.8479314749559779,1.2243766402586296
5.0508729364682345,0.7462968283081541,0.6680061313349177,1.5617380254632307,1.573808563192346,1.510265013547774,1.07086908361931,0.5719387079769883,1.1528034234579787,0.8516867912996501,1.2178023891145568
5.056112431215608,0.7464037758769385,0.6711500719944972,1.5502788025487746,1.568638322489745,1.512990497518259,1.0768534179539768,0.5687794481325664,1.1483118601985995,0.8554421076433216,1.2112281379704852
5.061351925962982,0.7465107234457229,0.6742940126540773,1.5388195796343163,1.5634680817871434,1.5157159814887446,1.0828377522886448,0.5656201882881439,1.1438202969392193,0.8591974239869937,1.2046538868264127
5.066591420710355,0.7465373229244623,0.6772626825402701,1.527641166234117,1.5583421669744875,1.5179984930670336,1.088674813486243,0.5625921208084043,1.1392600543221612,0.8627409448249125,1.1983904686088045
5.0718309154577295,0.745411236342171,0.6777168909467234,1.520491289326913,1.5538521581983489,1.5139260545572784,1.0923990716020513,0.5614461591758378,1.1337145270737865,0.8632460147533767,1.1965863073746872
5.077070410205103,0.7442851497598799,0.6781710993531767,1.5133414124197098,1.5493621494222112,1.5098536160475238,1.096123329717859,0.5603001975432716,1.1281689998254127,0.8637510846818409,1.1947821461405703
5.082309904952477,0.7431590631775887,0.6786253077596299,1.5061915355125055,1.5448721406460726,1.5057811775377685,1.099847587833667,0.5591542359107052,1.122623472577038,0.8642561546103051,1.192977984906453
5.08754939969985,0.7420329765952977,0.6790795161660831,1.4990416586053026,1.540382131869935,1.501708739028014,1.1035718459494748,0.558008274278139,1.1170779453286643,0.8647612245387694,1.1911738236723362
5.0927888944472235,0.7409068900130066,0.6795337245725362,1.4918917816980994,1.5358921230937972,1.4976363005182594,1.1072961040652824,0.5568623126455728,1.1115324180802906,0.8652662944672336,1.1893696624382193
5.098028389194598,0.7397808034307153,0.6799879329789895,1.4847419047908954,1.5314021143176588,1.493563862008504,1.1110203621810906,0.5557163510130064,1.105986890831916,0.8657713643956979,1.187565501204102
5.103267883941971,0.7386547168484243,0.6804421413854427,1.4775920278836923,1.5269121055415211,1.4894914234987497,1.1147446202968982,0.5545703893804402,1.1004413635835422,0.866276434324162,1.1857613399699851
5.108507378689345,0.737528630266133,0.680896349791896,1.470442150976488,1.5224220967653825,1.4854189849889945,1.1184688784127066,0.5534244277478739,1.0948958363351673,0.8667815042526263,1.183957178735868
5.113746873436718,0.736402543683842,0.6813505581983492,1.463292274069285,1.5179320879892448,1.48134654647924,1.122193136528514,0.5522784661153077,1.0893503090867935,0.8672865741810906,1.1821530175017512
5.118986368184093,0.735323611172086,0.6817901537968984,1.456725113395198,1.5134300028519259,1.4771911843196597,1.1259067019689846,0.5511882194217108,1.083834355874437,0.8680179672761382,1.180216551306153
5.124225862931466,0.7352427731533266,0.6819204449614807,1.4624921129887443,1.5086723014029515,1.471280604905453,1.1293939391148073,0.5512772722696347,1.0789443864244623,0.8735398673971985,1.1754796300925465
5.12946535767884,0.7351619351345673,0.682050736126063,1.4682591125822917,1.5039145999539767,1.4653700254912452,1.1328811762606306,0.5513663251175588,1.0740544169744868,0.8790617675182596,1.1707427088789393
5.134704852426213,0.7350810971158079,0.6821810272906453,1.474026112175838,1.4991568985050023,1.4594594460770385,1.1363684134064533,0.5514553779654827,1.0691644475245121,0.8845836676393197,1.1660057876653327
5.1399443471735875,0.7350002590970485,0.6823113184552276,1.4797931117693854,1.4943991970560273,1.4535488666628307,1.1398556505522766,0.5515444308134066,1.0642744780745366,0.8901055677603809,1.1612688664517252
5.145183841920961,0.7349194210782891,0.6824416096198099,1.4855601113629318,1.4896414956070532,1.447638287248624,1.1433428876980993,0.5516334836613306,1.059384508624562,0.8956274678814411,1.1565319452381189
5.150423336668334,0.7348385830595298,0.6825719007843922,1.4913271109564783,1.484883794158079,1.4417277078344173,1.1468301248439219,0.5517225365092546,1.0544945391745872,0.9011493680025012,1.1517950240245123
5.155662831415708,0.7347577450407704,0.6827021919489745,1.4970941105500255,1.480126092709104,1.4358171284202095,1.150317361989745,0.5518115893571786,1.049604569724612,0.9066712681235624,1.147058102810905
5.1609023261630815,0.734676907022011,0.6828324831135567,1.502861110143572,1.4753683912601299,1.4299065490060028,1.1538045991355679,0.5519006422051025,1.0447146002746373,0.9121931682446225,1.1423211815972985
5.166141820910456,0.7345960690032517,0.6829627742781391,1.5086281097371192,1.4706106898111548,1.423995969591795,1.157291836281391,0.5519896950530265,1.0398246308246617,0.9177150683656836,1.1375842603836912
5.171381315657829,0.7344978159619809,0.6831902928089048,1.5142758786353177,1.4658523370915453,1.4181787207278638,1.1607662699579793,0.5520184674732364,1.0348614171800896,0.9231297582716359,1.132880437806903
5.176620810405203,0.7337221185450225,0.6871999558841927,1.5152855734844923,1.4610686499442211,1.4159920302696345,1.1637426486813411,0.5497023312553773,1.0270490043656817,0.9243739708099051,1.1294641522023505
5.1818603051525765,0.732946421128064,0.6912096189594801,1.5162952683336668,1.456284962796898,1.4138053398114054,1.1667190274047026,0.5473861950375185,1.019236591551275,0.9256181833481743,1.1260478665977984
5.187099799899951,0.7321707237111055,0.695219282034768,1.5173049631828415,1.4515012756495738,1.4116186493531762,1.1696954061280644,0.5450700588196594,1.0114241787368672,0.9268623958864435,1.122631580993246
5.192339294647324,0.731395026294147,0.6992289451100554,1.5183146580320162,1.4467175885022505,1.4094319588949473,1.172671784851426,0.5427539226018007,1.0036117659224606,0.9281066084247125,1.119215295388694
5.197578789394698,0.7306193288771885,0.7032386081853433,1.5193243528811908,1.4419339013549266,1.407245268436718,1.175648163574788,0.5404377863839416,0.9957993531080527,0.9293508209629817,1.1157990097841413
5.202818284142071,0.72984363146023,0.7072482712606307,1.5203340477303653,1.4371502142076031,1.405058577978489,1.1786245422981494,0.5381216501660828,0.9879869402936461,0.9305950335012507,1.1123827241795894
5.208057778889445,0.7290679340432716,0.711257934335918,1.5213437425795397,1.43236652706028,1.4028718875202602,1.1816009210215108,0.5358055139482241,0.9801745274792395,0.9318392460395198,1.1089664385750373
5.213297273636819,0.728292236626313,0.7152675974112059,1.5223534374287144,1.427582839912956,1.4006851970620307,1.184577299744873,0.5334893777303649,0.9723621146648316,0.9330834585777891,1.1055501529704848
5.218536768384192,0.7275165392093547,0.7192772604864933,1.5233631322778889,1.4227991527656325,1.3984985066038018,1.1875536784682343,0.5311732415125062,0.964549701850425,0.9343276711160581,1.1021338673659327
5.223776263131566,0.7267392357788892,0.7232706135157579,1.5243168549114545,1.4180047694467224,1.3962936114742364,1.1905351929354684,0.5288571375182588,0.9567499336643316,0.9355913166518265,1.0986984533051516
5.22901575787894,0.7256431386673335,0.7240264224094547,1.514160092746873,1.4110871960680338,1.390475089084542,1.1945361525612808,0.5265474299109554,0.9514601241985992,0.9407124121910957,1.0914660406830912
5.234255252626314,0.7245470415557776,0.7247822313031517,1.5040033305822897,1.4041696226893439,1.3846565666948467,1.198537112187094,0.5242377223036515,0.9461703147328658,0.9458335077303658,1.0842336280610296
5.239494747373687,0.723450944444222,0.7255380401968484,1.4938465684177082,1.397252049310655,1.3788380443051522,1.2025380718129066,0.5219280146963481,0.9408805052671333,0.950954603269635,1.077001215438969
5.244734242121061,0.7223548473326662,0.7262938490905454,1.4836898062531252,1.3903344759319651,1.3730195219154568,1.2065390314387199,0.5196183070890442,0.9355906958014,0.9560756988089051,1.0697688028169074
5.2499737368684345,0.7212587502211104,0.7270496579842421,1.4735330440885437,1.3834169025532763,1.3672009995257626,1.2105399910645325,0.5173085994817408,0.9303008863356675,0.9611967943481744,1.062536390194847
5.255213231615809,0.7201626531095546,0.727805466877939,1.4633762819239606,1.3764993291745864,1.3613824771360672,1.2145409506903457,0.5149988918744369,0.9250110768699342,0.9663178898874445,1.0553039775727853
5.260452726363182,0.7190665559979988,0.7285612757716359,1.4532195197593791,1.3695817557958976,1.3555639547463727,1.2185419103161583,0.5126891842671334,0.9197212674042018,0.9714389854267137,1.0480715649507248
5.265692221110555,0.7179704588864432,0.7293170846653326,1.4430627575947976,1.3626641824172088,1.3497454323566784,1.222542869941971,0.51037947665983,0.9144314579384694,0.9765600809659829,1.0408391523286644
5.270931715857929,0.7168743617748873,0.7300728935590296,1.4329059954302144,1.3557466090385188,1.343926909966983,1.2265438295677842,0.5080697690525261,0.9091416484727359,0.981681176505253,1.0336067397066029
5.276171210605303,0.7157782646633316,0.7308287024527264,1.422749233265633,1.34882903565983,1.3381083875772888,1.2305447891935968,0.5057600614452227,0.9038518390070035,0.9868022720445222,1.0263743270845422
5.281410705352677,0.715377474004002,0.7355776616690849,1.416038190609054,1.347672886614057,1.3399903553541772,1.2337517108979492,0.5064027318349175,0.8988418688381686,0.9900196740110058,1.029239156021511
5.28665020010005,0.7149872987103552,0.7403875850125062,1.4093797543571787,1.3466046982451225,1.3419898878664331,1.236946509885943,0.5070904766978489,0.8938361710250124,0.9932080119534767,1.032258141318159
5.291889694847424,0.7145971234167083,0.7451975083559284,1.4027213181053022,1.345536509876188,1.3439894203786895,1.2401413088739373,0.5077782215607805,0.8888304732118555,0.9963963498959483,1.0352771266148075
5.297129189594798,0.7142069481230615,0.7500074316993497,1.3960628818534266,1.3444683215072537,1.3459889528909454,1.243336107861931,0.5084659664237119,0.8838247753986993,0.9995846878384193,1.0382961119114558
5.302368684342172,0.7138167728294147,0.7548173550427718,1.3894044456015502,1.343400133138319,1.3479884854032018,1.2465309068499253,0.5091537112866434,0.8788190775855422,1.0027730257808907,1.0413150972081042
5.307608179089545,0.7134265975357679,0.7596272783861931,1.3827460093496748,1.3423319447693847,1.3499880179154577,1.249725705837919,0.5098414561495748,0.873813379772386,1.0059613637233618,1.0443340825047525
5.312847673836918,0.713036422242121,0.7644372017296145,1.3760875730977995,1.3412637564004501,1.3519875504277137,1.2529205048259129,0.5105292010125062,0.86880768195923,1.0091497016658326,1.0473530678014005
5.3180871685842925,0.7126462469484742,0.7692471250730366,1.3694291368459228,1.3401955680315156,1.35398708293997,1.256115303813907,0.5112169458754378,0.8638019841460729,1.0123380396083042,1.050372053098049
5.323326663331666,0.7122560716548274,0.774057048416458,1.3627707005940475,1.3391273796625813,1.355986615452226,1.259310102801901,0.5119046907383692,0.8587962863329167,1.0155263775507752,1.0533910383946972
5.32856615807904,0.7118658963611806,0.7788669717598801,1.356112264342171,1.3380591912936466,1.3579861479644824,1.262504901789895,0.5125924356013007,0.8537905885197598,1.0187147154932468,1.0564100236913456
5.333805652826413,0.7118280906323161,0.779543685906203,1.356586538775638,1.3285944212113558,1.349706384147324,1.2654222984554777,0.5129001247963982,0.8502621555440221,1.0207052360045021,1.0568261102711354
5.3390451475737875,0.711803098342171,0.7800701015362681,1.3573201845067535,1.3188243208849417,1.3410528277363676,1.2683296077638821,0.5131939937853928,0.8467874412896446,1.0226521995182591,1.0571475459884943
5.344284642321161,0.711778106052026,0.7805965171663332,1.358053830237869,1.3090542205585292,1.3323992713254127,1.2712369170722861,0.5134878627743872,0.8433127270352676,1.024599163032016,1.057468981705853
5.349524137068535,0.7117531137618809,0.7811229327963982,1.3587874759689846,1.2992841202321148,1.3237457149144563,1.2741442263806908,0.5137817317633817,0.83983801278089,1.026546126545773,1.0577904174232116
5.354763631815908,0.7117281214717359,0.7816493484264633,1.3595211217001002,1.2895140199057022,1.3150921585035014,1.2770515356890948,0.5140756007523762,0.836363298526513,1.0284930900595297,1.0581118531405702
5.360003126563282,0.7117031291815908,0.7821757640565283,1.3602547674312158,1.2797439195792881,1.306438602092545,1.2799588449974992,0.5143694697413708,0.8328885842721355,1.030440053573287,1.058433288857929
5.365242621310656,0.7116781368914458,0.7827021796865934,1.3609884131623313,1.2699738192528756,1.29778504568159,1.2828661543059032,0.5146633387303653,0.8294138700177586,1.0323870170870437,1.0587547245752877
5.370482116058029,0.7116531446013007,0.7832285953166583,1.3617220588934467,1.260203718926463,1.289131489270635,1.2857734636143072,0.5149572077193597,0.8259391557633816,1.0343339806008003,1.0590761602926464
5.375721610805403,0.7116281523111556,0.7837550109467235,1.3624557046245624,1.2504336186000486,1.2804779328596787,1.2886807729227117,0.5152510767083542,0.822464441509004,1.0362809441145575,1.059397596010005
5.380961105552776,0.7116031600210105,0.7842814265767885,1.3631893503556778,1.240663518273636,1.2718243764487236,1.2915880822311157,0.5155449456973488,0.818989727254627,1.0382279076283143,1.0597190317273637
5.386200600300151,0.7121910245132568,0.7885185980430223,1.3610286302616303,1.2343720248591787,1.2688255431813402,1.2942027935225118,0.5191325960752883,0.8151287719739864,1.0441858411873446,1.0517637099612294
5.391440095047524,0.7128146525312656,0.7929723122901454,1.3586990081830914,1.2282835270735364,1.2661566937578788,1.2968004301285645,0.5229124565077542,0.8112452774292143,1.0503778366588299,1.0433253943896943
5.396679589794898,0.7134382805492747,0.7974260265372695,1.3563693861045518,1.222195029287893,1.2634878443344166,1.2993980667346177,0.5266923169402208,0.8073617828844415,1.056569832130316,1.0348870788181577
5.401919084542271,0.7140619085672837,0.8018797407843926,1.3540397640260127,1.2161065315022506,1.2608189949109552,1.3019957033406706,0.5304721773726867,0.8034782883396695,1.0627618276018014,1.0264487632466226
5.4071585792896455,0.7146855365852928,0.8063334550315165,1.3517101419474733,1.2100180337166073,1.2581501454874933,1.3045933399467238,0.5342520378051533,0.7995947937948967,1.0689538230732876,1.0180104476750862
5.412398074037019,0.7153091646033017,0.8107871692786397,1.3493805198689341,1.203929535930965,1.2554812960640316,1.3071909765527767,0.5380318982376192,0.7957112992501246,1.0751458185447729,1.009572132103551
5.417637568784393,0.7159327926213107,0.8152408835257637,1.3470508977903948,1.1978410381453215,1.2528124466405697,1.3097886131588299,0.5418117586700857,0.791827804705352,1.0813378140162593,1.0011338165320145
5.422877063531766,0.7165564206393197,0.8196945977728869,1.3447212757118556,1.1917525403596791,1.2501435972171082,1.3123862497648826,0.5455916191025516,0.7879443101605799,1.0875298094877444,0.9926955009604794
5.4281165582791395,0.7171800486573287,0.8241483120200102,1.3423916536333165,1.185664042574037,1.2474747477936468,1.3149838863709356,0.5493714795350175,0.7840608156158078,1.0937218049592297,0.9842571853889442
5.433356053026514,0.7178036766753377,0.8286020262671341,1.340062031554777,1.1795755447883935,1.2448058983701846,1.3175815229769887,0.5531513399674841,0.780177321071035,1.099913800430716,0.9758188698174077
5.438595547773887,0.7182300518576789,0.8305564276468235,1.3279097343246618,1.1767957018391695,1.2409635336970983,1.319236708847674,0.5514445699499749,0.7762714285585292,1.10345468475988,0.9806473050187595
5.443835042521261,0.7186403902241121,0.8323076328584295,1.3149588456188077,1.1742848552181089,1.2370257612801394,1.3208152727073539,0.5492917324162078,0.772363715073036,1.1067800315977991,0.9865543378439227
5.449074537268634,0.7190507285905453,0.8340588380700351,1.302007956912956,1.1717740085970485,1.2330879888631814,1.3223938365670336,0.547138894882441,0.7684560015875436,1.110105378435718,0.9924613706690848
5.454314032016009,0.7194610669569785,0.835810043281641,1.2890570682071019,1.1692631619759877,1.2291502164462225,1.3239724004267135,0.544986057348674,0.7645482881020504,1.113430725273637,0.9983684034942479
5.459553526763382,0.7198714053234117,0.8375612484932466,1.2761061795012498,1.1667523153549273,1.2252124440292644,1.3255509642863932,0.5428332198149073,0.7606405746165581,1.116756072111556,1.00427543631941
5.464793021510756,0.720281743689845,0.8393124537048526,1.2631552907953958,1.1642414687338665,1.2212746716123055,1.327129528146073,0.5406803822811402,0.756732861131065,1.120081418949475,1.010182469144573
5.470032516258129,0.7206920820562781,0.8410636589164583,1.250204402089544,1.1617306221128063,1.2173368991953475,1.3287080920057528,0.5385275447473735,0.7528251476455725,1.1234067657873938,1.0160895019697351
5.475272011005503,0.7211024204227113,0.842814864128064,1.2372535133836922,1.159219775491746,1.2133991267783892,1.3302866558654327,0.5363747072136068,0.74891743416008,1.1267321126253125,1.0219965347948974
5.480511505752877,0.7215127587891446,0.8445660693396699,1.224302624677838,1.156708928870685,1.2094613543614303,1.3318652197251126,0.5342218696798398,0.745009720674587,1.1300574594632318,1.0279035676200605
5.48575100050025,0.7219230971555778,0.8463172745512756,1.211351735971986,1.1541980822496247,1.2055235819444723,1.3334437835847923,0.532069032146073,0.7411020071890946,1.1333828063011504,1.0338106004452225
5.490990495247624,0.7228861488249125,0.8500469001718362,1.2149209160830419,1.1503185866583288,1.2030555598074035,1.3353518841003003,0.5363018803609308,0.7389895002016006,1.1351476621050525,1.0281275668226608
5.496229989994998,0.723907380841921,0.8539847805722861,1.220229050806403,1.1462950227543771,1.200742248226113,1.3372946726848423,0.5412069060230115,0.7370659623191596,1.1367482556948474,1.021224526205603
5.501469484742372,0.7249286128589295,0.8579226609727367,1.2255371855297652,1.1422714588504248,1.1984289366448222,1.3392374612693847,0.546111931685093,0.7351424244367182,1.1383488492846423,1.0143214855885438
5.506708979489745,0.7259498448759379,0.8618605413731866,1.2308453202531264,1.1382478949464732,1.1961156250635316,1.341180249853927,0.5510169573471736,0.7332188865542771,1.1399494428744372,1.0074184449714858
5.511948474237119,0.7269710768929466,0.8657984217736372,1.2361534549764888,1.1342243310425209,1.1938023134822409,1.3431230384384694,0.5559219830092551,0.7312953486718358,1.1415500364642321,1.0005154043544267
5.5171879689844925,0.727992308909955,0.869736302174087,1.24146158969985,1.1302007671385692,1.1914890019009503,1.3450658270230116,0.5608270086713357,0.7293718107893946,1.143150630054027,0.9936123637373686
5.522427463731867,0.7290135409269636,0.8736741825745377,1.246769724423212,1.126177203234617,1.1891756903196595,1.347008615607554,0.5657320343334172,0.7274482729069532,1.144751223643822,0.9867093231203096
5.52766695847924,0.730034772943972,0.8776120629749876,1.2520778591465733,1.1221536393306653,1.1868623787383692,1.348951404192096,0.5706370599954979,0.7255247350245122,1.146351817233617,0.9798062825032515
5.532906453226613,0.7310560049609804,0.8815499433754375,1.2573859938699345,1.1181300754267136,1.1845490671570786,1.3508941927766382,0.5755420856575785,0.7236011971420712,1.1479524108234116,0.9729032418861936
5.538145947973987,0.7320772369779891,0.8854878237758881,1.2626941285932969,1.1141065115227613,1.1822357555757879,1.3528369813611807,0.58044711131966,0.7216776592596298,1.1495530044132067,0.9660002012691344
5.543385442721361,0.7315580101935969,0.8874989891195597,1.25655073405953,1.1054065323516762,1.1811661123509254,1.3538207605950474,0.5827202517133566,0.719519287729865,1.1536608532573784,0.9610931622451228
5.548624937468735,0.7308380437353676,0.8892590811130566,1.248915072257128,1.0960971619559774,1.1802585335577789,1.354679569771886,0.5846504268879441,0.717330314648324,1.1580954265822914,0.9564462254117055
5.553864432216108,0.7301180772771386,0.8910191731065533,1.2412794104547273,1.0867877915602802,1.1793509547646324,1.3555383789487243,0.5865806020625313,0.7151413415667833,1.1625299999072036,0.9517992885782892
5.559103926963482,0.7293981108189094,0.8927792651000502,1.2336437486523255,1.0774784211645814,1.1784433759714856,1.356397188125563,0.5885107772371188,0.7129523684852423,1.1669645732321166,0.947152351744872
5.564343421710856,0.7286781443606803,0.8945393570935468,1.2260080868499248,1.0681690507688841,1.1775357971783391,1.3572559973024012,0.5904409524117059,0.7107633954037017,1.1713991465570288,0.9425054149114556
5.56958291645823,0.7279581779024511,0.8962994490870437,1.2183724250475227,1.0588596803731851,1.1766282183851924,1.3581148064792397,0.5923711275862935,0.7085744223221607,1.1758337198819417,0.9378584780780383
5.574822411205603,0.7272382114442221,0.8980595410805404,1.210736763245122,1.0495503099774879,1.1757206395920459,1.358973615656078,0.5943013027608807,0.7063854492406201,1.1802682932068538,0.9332115412446219
5.580061905952977,0.7265182449859929,0.8998196330740373,1.20310110144272,1.040240939581789,1.1748130607988991,1.3598324248329166,0.5962314779354682,0.7041964761590791,1.184702866531767,0.9285646044112047
5.5853014007003505,0.7257982785277638,0.9015797250675339,1.1954654396403193,1.0309315691860919,1.1739054820057526,1.360691234009755,0.5981616531100553,0.7020075030775385,1.189137439856679,0.9239176675777883
5.590540895447724,0.7250783120695348,0.9033398170610306,1.1878297778379185,1.0216221987903946,1.172997903212606,1.3615500431865932,0.6000918282846425,0.6998185299959978,1.1935720131815912,0.9192707307443719
5.595780390195098,0.7260095068094049,0.9068933560017515,1.181683399315907,1.0187317705082537,1.1675880928861921,1.3644020213466739,0.6006304488069035,0.6959091111215602,1.1951996266390699,0.9175261395475236
5.601019884942471,0.7271991441715859,0.9107276083776891,1.1757701260030011,1.0168460462091045,1.1614735854502245,1.3675659737823913,0.6009512607748875,0.6917304050795394,1.1963878898564284,0.9162358285372686
5.6062593796898454,0.7283887815337671,0.9145618607536274,1.169856852690094,1.0149603219099546,1.1553590780142562,1.3707299262181096,0.6012720727428715,0.6875516990375181,1.1975761530737872,0.9149455175270134
5.611498874437219,0.7295784188959481,0.918396113129565,1.1639435793771882,1.0130745976108053,1.1492445705782885,1.373893878653827,0.6015928847108555,0.6833729929954974,1.1987644162911457,0.9136552065167582
5.616738369184593,0.7307680562581292,0.9222303655055034,1.1580303060642811,1.0111888733116554,1.14313006314232,1.3770578310895454,0.6019136966788395,0.6791942869534761,1.1999526795085045,0.912364895506503
5.621977863931966,0.7319576936203103,0.926064617881441,1.1521170327513752,1.009303149012506,1.1370155557063526,1.3802217835252628,0.6022345086468235,0.6750155809114554,1.201140942725863,0.911074584496248
5.62721735867934,0.7331473309824915,0.9298988702573794,1.1462037594384682,1.0074174247133563,1.130901048270384,1.3833857359609811,0.6025553206148074,0.670836874869434,1.2023292059432218,0.9097842734859928
5.632456853426714,0.7343369683446724,0.9337331226333171,1.1402904861255623,1.0055317004142068,1.1247865408344166,1.3865496883966986,0.6028761325827915,0.6666581688274134,1.2035174691605803,0.9084939624757378
5.637696348174088,0.7355266057068537,0.9375673750092554,1.1343772128126552,1.0036459761150571,1.1186720333984481,1.3897136408324169,0.6031969445507754,0.6624794627853919,1.204705732377939,0.9072036514654825
5.642935842921461,0.7367162430690346,0.9414016273851931,1.128463939499749,1.0017602518159077,1.1125575259624805,1.3928775932681343,0.6035177565187594,0.6583007567433713,1.2058939955952976,0.9059133404552275
5.648175337668834,0.7386457128501751,0.9442677174512257,1.1231575579219608,0.9987835594734866,1.1117531351128063,1.3917420636268134,0.6054641155502752,0.6555786795915457,1.2087173367048525,0.9057597858249125
5.653414832416209,0.740711294233617,0.946955688635318,1.1179628300165076,0.9956061549094544,1.1119256796588295,1.389815531348174,0.6077095366528267,0.6531245875767882,1.2118414933316661,0.9058153673831917
5.658654327163582,0.7427768756170586,0.9496436598194098,1.1127681021110554,0.9924287503454226,1.1120982242048525,1.3878889990695347,0.6099549577553778,0.6506704955620309,1.2149656499584793,0.9058709489414708
5.663893821910956,0.7448424570005006,0.952331631003502,1.1075733742056022,0.9892513457813903,1.1122707687508755,1.3859624667908952,0.6122003788579292,0.6482164035472734,1.218089806585293,0.9059265304997499
5.669133316658329,0.746908038383942,0.955019602187594,1.1023786463001497,0.9860739412173585,1.1124433132968985,1.384035934512256,0.6144457999604803,0.6457623115325162,1.2212139632121062,0.905982112058029
5.6743728114057035,0.748973619767384,0.9577075733716862,1.0971839183946965,0.9828965366533262,1.1126158578429215,1.3821094022336164,0.6166912210630319,0.6433082195177586,1.2243381198389198,0.9060376936163081
5.679612306153077,0.7510392011508256,0.960395544555778,1.0919891904892443,0.9797191320892944,1.1127884023889445,1.3801828699549774,0.618936642165583,0.6408541275030014,1.227462276465733,0.9060932751745873
5.684851800900451,0.7531047825342675,0.9630835157398703,1.086794462583791,0.9765417275252621,1.1129609469349675,1.378256337676338,0.6211820632681344,0.6384000354882438,1.2305864330925467,0.9061488567328664
5.690091295647824,0.755170363917709,0.9657714869239621,1.0815997346783388,0.9733643229612304,1.1131334914809905,1.3763298053976987,0.6234274843706855,0.6359459434734867,1.2337105897193599,0.9062044382911455
5.6953307903951975,0.7572359453011506,0.9684594581080539,1.0764050067728865,0.9701869183971986,1.1133060360270135,1.3744032731190594,0.6256729054732366,0.6334918514587294,1.236834746346173,0.9062600198494246
5.700570285142572,0.7583497112513757,0.9731398384797402,1.0784245917726365,0.9641567194479735,1.107758154133066,1.3733326288269134,0.6272226998546775,0.6321816028289144,1.2406892758136572,0.9018609992583788
5.705809779889945,0.7592609632796399,0.9782441356998498,1.0819791369649825,0.9575195429699851,1.1009931602306153,1.3724440883616809,0.6286244885507755,0.631114725132066,1.244699203757879,0.8965141909759881
5.711049274637319,0.760172215307904,0.9833484329199603,1.085533682157329,0.9508823664919954,1.0942281663281634,1.371555547896448,0.6300262772468735,0.6300478474352176,1.2487091317021015,0.8911673826935964
5.716288769384692,0.761083467336168,0.98845273014007,1.0890882273496747,0.944245190014007,1.0874631724257129,1.3706670074312155,0.6314280659429715,0.6289809697383693,1.2527190596463231,0.8858205744112057
5.721528264132067,0.7619947193644323,0.9935570273601805,1.0926427725420214,0.9376080135360174,1.080698178523261,1.369778466965983,0.6328298546390697,0.6279140920415207,1.2567289875905456,0.8804737661288139
5.72676775887944,0.7629059713926963,0.9986613245802901,1.0961973177343671,0.930970837058029,1.0739331846208102,1.3688899265007504,0.6342316433351676,0.6268472143446724,1.2607389155347675,0.8751269578464231
5.732007253626814,0.7638172234209606,1.0037656218004007,1.0997518629267136,0.9243336605800394,1.0671681907183586,1.3680013860355176,0.6356334320312658,0.6257803366478238,1.26474884347899,0.8697801495640315
5.737246748374187,0.7647284754492246,1.0088699190205104,1.1033064081190596,0.917696484102051,1.0604031968159078,1.3671128455702852,0.6370352207273637,0.6247134589509755,1.2687587714232118,0.8644333412816407
5.7424862431215615,0.7656397274774888,1.013974216240621,1.106860953311406,0.9110593076240614,1.053638202913456,1.3662243051050524,0.6384370094234619,0.623646581254127,1.272768699367434,0.8590865329992491
5.747725737868935,0.7665509795057529,1.0190785134607305,1.110415498503752,0.9044221311460728,1.0468732090110053,1.3653357646398199,0.6398387981195598,0.6225797035572787,1.276778627311656,0.8537397247168583
5.752965232616308,0.7677861076875937,1.0237610878981989,1.1085925739752378,0.9016000265005003,1.0467849568179088,1.3646338867986494,0.6430975966253125,0.6202751551208106,1.2778371926155578,0.855094974108304
5.758204727363682,0.769099934747874,1.0283411876408206,1.1054629745612805,0.8997049486553276,1.0483190904607305,1.3639773662306154,0.6468076311595801,0.6176698642616306,1.2781786043806904,0.8580787608784394
5.763444222111056,0.770413761808154,1.0329212873834417,1.1023333751473237,0.8978098708101551,1.0498532241035516,1.3633208456625814,0.650517665693847,0.6150645734024512,1.278520016145823,0.8610625476485743
5.76868371685843,0.7717275888684343,1.0375013871260634,1.0992037757333664,0.8959147929649823,1.0513873577463733,1.3626643250945472,0.6542277002281145,0.6124592825432714,1.2788614279109556,0.8640463344187097
5.773923211605803,0.7730414159287143,1.0420814868686845,1.0960741763194095,0.8940197151198098,1.0529214913891947,1.3620078045265132,0.6579377347623814,0.6098539916840919,1.2792028396760882,0.8670301211888446
5.779162706353177,0.7743552429889947,1.0466615866113063,1.0929445769054522,0.8921246372746371,1.0544556250320163,1.3613512839584792,0.6616477692966489,0.6072487008249121,1.2795442514412207,0.8700139079589799
5.7844022011005505,0.7756690700492748,1.0512416863539273,1.0898149774914956,0.8902295594294646,1.0559897586748375,1.3606947633904452,0.6653578038309158,0.6046434099657326,1.2798856632063533,0.8729976947291148
5.789641695847925,0.776982897109555,1.055821786096549,1.086685378077538,0.8883344815842918,1.057523892317659,1.3600382428224111,0.6690678383651832,0.6020381191065528,1.280227074971486,0.8759814814992503
5.794881190595298,0.7782967241698351,1.0604018858391702,1.0835557786635814,0.8864394037391193,1.0590580259604805,1.3593817222543771,0.6727778728994502,0.5994328282473733,1.2805684867366183,0.878965268269385
5.800120685342672,0.7796105512301154,1.064981985581792,1.0804261792496241,0.8845443258939466,1.060592159603302,1.358725201686343,0.6764879074337177,0.5968275373881935,1.2809098985017509,0.8819490550395205
5.805360180090045,0.7818156229299653,1.0679069138449229,1.0796953055972986,0.8804395909627307,1.0553237574597287,1.3580127482218607,0.6803703873529271,0.5977843780242624,1.2826730101298152,0.8770717631968474
5.810599674837419,0.7842655733486745,1.070377066557779,1.0796235067548774,0.8757277298034014,1.0481862879754873,1.3572849266133065,0.6843002484322164,0.5997199512756379,1.2848267485572789,0.8700345583806899
5.815839169584793,0.7867155237673841,1.0728472192706358,1.0795517079124561,0.8710158686440713,1.0410488184912445,1.3565571050047522,0.6882301095115064,0.6016555245270138,1.2869804869847428,0.8629973535645312
5.821078664332166,0.7891654741860932,1.0753173719834919,1.079479909070035,0.866304007484742,1.0339113490070029,1.355829283396198,0.6921599705907957,0.6035910977783894,1.2891342254122062,0.8559601487483737
5.82631815907954,0.7916154246048028,1.0777875246963486,1.0794081102276138,0.8615921463254119,1.0267738795227601,1.3551014617876436,0.6960898316700856,0.6055266710297652,1.2912879638396701,0.8489229439322149
5.831557653826914,0.7940653750235119,1.0802576774092048,1.0793363113851926,0.8568802851660827,1.0196364100385187,1.3543736401790896,0.700019692749375,0.6074622442811407,1.2934417022671338,0.8418857391160575
5.836797148574288,0.7965153254422215,1.0827278301220615,1.0792645125427713,0.8521684240067526,1.012498940554276,1.3536458185705351,0.703949553828665,0.6093978175325165,1.2955954406945978,0.8348485342998987
5.842036643321661,0.7989652758609307,1.0851979828349176,1.07919271370035,0.8474565628474233,1.0053614710700343,1.352917996961981,0.7078794149079544,0.6113333907838921,1.2977491791220612,0.8278113294837413
5.847276138069035,0.8014152262796402,1.0876681355477744,1.0791209148579288,0.8427447016880932,0.9982240015857916,1.3521901753534267,0.7118092759872443,0.613268964035268,1.2999029175495251,0.8207741246675825
5.8525156328164085,0.8038651766983493,1.0901382882606305,1.0790491160155078,0.8380328405287639,0.9910865321015501,1.3514623537448724,0.7157391370665337,0.6152045372866435,1.3020566559769886,0.8137369198514249
5.857755127563783,0.8049587034702352,1.094613689030016,1.0708060134249604,0.8324825037778879,0.9871508477973981,1.3476001890322653,0.718941889589045,0.6133333606043015,1.3036581656613309,0.8123231745825413
5.862994622311156,0.8056341849214608,1.0997071006758385,1.060044541810404,0.8266737515987987,0.9842019431880937,1.3427720300515251,0.7219205496383194,0.6102889560735364,1.305089480257629,0.8126425611085543
5.868234117058529,0.8063096663726863,1.1048005123216609,1.0492830701958475,0.8208649994197097,0.9812530385787893,1.3379438710707852,0.7248992096875939,0.6072445515427713,1.306520794853927,0.8129619476345673
5.873473611805903,0.8069851478239121,1.1098939239674843,1.0385215985812895,0.8150562472406196,0.9783041339694843,1.3331157120900443,0.7278778697368687,0.6042001470120056,1.3079521094502253,0.8132813341605803
5.878713106553277,0.8076606292751376,1.1149873356133069,1.027760126966733,0.8092474950615306,0.9753552293601799,1.3282875531093044,0.7308565297861431,0.6011557424812405,1.3093834240465234,0.8136007206865933
5.883952601300651,0.8083361107263632,1.12008074725913,1.0169986553521748,0.8034387428824405,0.9724063247508751,1.3234593941285637,0.7338351898354181,0.5981113379504749,1.3108147386428217,0.8139201072126063
5.889192096048024,0.8090115921775889,1.1251741589049526,1.0062371837376183,0.7976299907033514,0.9694574201415707,1.3186312351478235,0.7368138498846925,0.5950669334197097,1.3122460532391196,0.8142394937386194
5.894431590795398,0.8096870736288145,1.130267570550776,0.9954757121230601,0.7918212385242613,0.9665085155322657,1.313803076167083,0.7397925099339674,0.592022528888944,1.3136773678354179,0.8145588802646324
5.899671085542772,0.8103625550800401,1.1353609821965984,0.9847142405085038,0.7860124863451723,0.9635596109229613,1.3089749171863427,0.7427711699832418,0.5889781243581789,1.315108682431716,0.8148782667906453
5.904910580290146,0.8110380365312658,1.1404543938424219,0.9739527688939454,0.7802037341660822,0.9606107063136564,1.304146758205602,0.7457498300325167,0.5859337198274133,1.3165399970280143,0.8151976533166584
5.910150075037519,0.8128004701583293,1.1437803354592297,0.972686116205603,0.776046091754377,0.9598811745422711,1.3012798697768881,0.7465369002641321,0.5838685753319158,1.3160921292573786,0.814022463784142
5.915389569784892,0.8149362004922461,1.1464992671670835,0.9746803104212106,0.7724554971415708,0.9599138516243121,1.2990865490125063,0.7465713032856428,0.5821397423636818,1.3149988857243622,0.8123339855042522
5.920629064532267,0.8170719308261633,1.1492181988749377,0.9766745046368186,0.7688649025287642,0.9599465287063531,1.2968932282481238,0.7466057063071536,0.5804109093954476,1.3139056421913458,0.8106455072243621
5.92586855927964,0.81920766116008,1.1519371305827915,0.9786686988524262,0.765274307915958,0.9599792057883941,1.294699907483742,0.7466401093286643,0.5786820764272136,1.3128123986583293,0.8089570289444723
5.931108054027014,0.8213433914939973,1.1546560622906454,0.9806628930680342,0.7616837133031513,0.9600118828704352,1.2925065867193595,0.746674512350175,0.5769532434589794,1.3117191551253127,0.8072685506645821
5.936347548774387,0.823479121827914,1.1573749939984992,0.9826570872836419,0.7580931186903451,0.9600445599524762,1.2903132659549774,0.7467089153716858,0.5752244104907454,1.3106259115922962,0.8055800723846924
5.9415870435217615,0.8256148521618312,1.1600939257063534,0.9846512814992499,0.7545025240775384,0.9600772370345172,1.2881199451905951,0.7467433183931965,0.5734955775225111,1.3095326680592796,0.8038915941048023
5.946826538269135,0.827750582495748,1.1628128574142071,0.9866454757148574,0.7509119294647323,0.9601099141165582,1.285926624426213,0.7467777214147073,0.5717667445542771,1.3084394245262632,0.8022031158249124
5.952066033016509,0.8298863128296651,1.1655317891220613,0.9886396699304654,0.7473213348519255,0.9601425911985992,1.2837333036618308,0.746812124436218,0.5700379115860429,1.3073461809932465,0.8005146375450224
5.957305527763882,0.8320220431635819,1.168250720829915,0.990633864146073,0.7437307402391194,0.9601752682806403,1.2815399828974487,0.7468465274577288,0.5683090786178089,1.30625293746023,0.7988261592651326
5.962545022511256,0.8349141194599804,1.171932807565283,0.9876473950620305,0.7412990864434715,0.957432732505002,1.2778368179929962,0.7500057584484746,0.5682837588964483,1.3065733750882944,0.7973941906048023
5.96778451725863,0.8380940783026515,1.17598149310005,0.9827651717808903,0.7393085519899949,0.9536338873371685,1.273558971927964,0.7543543703271637,0.5689068352206104,1.3074318920510255,0.7960598553636818
5.973024012006003,0.8412740371453225,1.1800301786348173,0.9778829484997501,0.7373180175365184,0.9498350421693349,1.2692811258629317,0.7587029822058526,0.5695299115447724,1.3082904090137568,0.7947255201225614
5.978263506753377,0.8444539959879941,1.184078864169585,0.9730007252186091,0.7353274830830414,0.9460361970015005,1.265003279797899,0.7630515940845424,0.5701529878689345,1.3091489259764884,0.7933911848814407
5.98350300150075,0.8476339548306652,1.188127549704352,0.968118501937469,0.7333369486295649,0.942237351833667,1.2607254337328666,0.7674002059632313,0.5707760641930966,1.3100074429392197,0.7920568496403202
5.988742496248125,0.8508139136733368,1.1921762352391196,0.963236278656328,0.7313464141760879,0.9384385066658327,1.2564475876678338,0.7717488178419211,0.5713991405172587,1.310865959901951,0.7907225143991995
5.993981990995498,0.8539938725160079,1.1962249207738869,0.9583540553751878,0.7293558797226114,0.9346396614979992,1.2521697416028017,0.7760974297206101,0.5720222168414207,1.3117244768646823,0.7893881791580791
5.999221485742872,0.8571738313586795,1.2002736063086545,0.9534718320940468,0.7273653452691344,0.9308408163301649,1.2478918955377687,0.7804460415992999,0.5726452931655829,1.3125829938274138,0.7880538439169584
6.004460980490245,0.8603537902013505,1.2043222918434215,0.9485896088129067,0.7253748108156578,0.9270419711623312,1.2436140494727366,0.7847946534779888,0.5732683694897449,1.3134415107901452,0.786719508675838
6.0097004752376195,0.8635337490440221,1.2083709773781892,0.9437073855317656,0.723384276362181,0.923243125994497,1.2393362034077036,0.7891432653566786,0.573891445813907,1.3143000277528765,0.7853851734347173
6.014939969984993,0.8661114683071536,1.2116159212416207,0.9398248585480241,0.7211818087988995,0.9221673818929464,1.2362899763364181,0.7935965571153075,0.5752442708444222,1.3133672740890445,0.7856372161028014
6.020179464732367,0.8684362898109057,1.2145233508089046,0.9363621328564279,0.7188903444137066,0.9222351464242121,1.2337609415827913,0.7980938069729868,0.5769035383921962,1.3116823142546272,0.7865554245832916
6.02541895947974,0.8707611113146574,1.2174307803761881,0.9328994071648323,0.7165988800285141,0.9223029109554777,1.2312319068291646,0.8025910568306655,0.57856280593997,1.3099973544202101,0.7874736330637819
6.0306584542271136,0.8730859328184091,1.2203382099434716,0.9294366814732368,0.7143074156433217,0.9223706754867433,1.228702872075538,0.807088306688344,0.5802220734877438,1.3083123945857928,0.7883918415442721
6.035897948974488,0.8754107543221612,1.2232456395107556,0.9259739557816405,0.7120159512581289,0.922438440018009,1.2261738373219109,0.8115855565460233,0.5818813410355179,1.3066274347513755,0.7893100500247624
6.041137443721861,0.877735575825913,1.226153069078039,0.922511230090045,0.7097244868729364,0.9225062045492747,1.2236448025682842,0.8160828064037019,0.5835406085832916,1.3049424749169585,0.7902282585052526
6.046376938469235,0.8800603973296651,1.2290604986453229,0.9190485043984489,0.7074330224877435,0.9225739690805403,1.2211157678146571,0.8205800562613812,0.5851998761310657,1.303257515082541,0.791146466985743
6.0516164332166085,0.8823852188334168,1.2319679282126064,0.9155857787068533,0.7051415581025511,0.9226417336118059,1.2185867330610305,0.8250773061190597,0.5868591436788395,1.3015725552481239,0.7920646754662332
6.056855927963983,0.8847100403371689,1.2348753577798903,0.9121230530152571,0.7028500937173583,0.9227094981430716,1.2160576983074034,0.829574555976739,0.5885184112266135,1.2998875954137066,0.7929828839467236
6.062095422711356,0.8870348618409207,1.2377827873471738,0.9086603273236615,0.7005586293321658,0.9227772626743372,1.2135286635537768,0.8340718058344175,0.5901776787743873,1.2982026355792895,0.7939010924272137
6.06733491745873,0.8884343437673838,1.240067995833417,0.9121576376200613,0.6988141675630312,0.922314944512256,1.2098367192010997,0.834819794896448,0.5902594253819408,1.2973046220760378,0.790280136258128
6.072574412206103,0.8894067458889446,1.2420660253591798,0.91886727221861,0.6973221685397697,0.9216079727993997,1.20560804734117,0.8338373558989494,0.5896130854017008,1.2967698145717859,0.7845641810200095
6.077813906953477,0.8903791480105053,1.2440640548849424,0.9255769068171588,0.6958301695165082,0.9209010010865433,1.2013793754812405,0.8328549169014506,0.5889667454214607,1.2962350070675337,0.7788482257818908
6.083053401700851,0.8913515501320661,1.2460620844107055,0.9322865414157087,0.6943381704932464,0.9201940293736868,1.1971507036213103,0.8318724779039519,0.5883204054412206,1.2957001995632815,0.7731322705437713
6.088292896448224,0.8923239522536268,1.2480601139364682,0.9389961760142573,0.692846171469985,0.9194870576608304,1.1929220317613805,0.8308900389064532,0.5876740654609804,1.2951653920590294,0.7674163153056527
6.093532391195598,0.8932963543751877,1.2500581434622313,0.9457058106128072,0.6913541724467231,0.9187800859479739,1.1886933599014502,0.8299075999089544,0.5870277254807402,1.2946305845547772,0.761700360067533
6.098771885942972,0.8942687564967484,1.252056172987994,0.952415445211356,0.6898621734234617,0.9180731142351175,1.1844646880415206,0.8289251609114557,0.5863813855005002,1.2940957770505253,0.7559844048294145
6.104011380690346,0.8952411586183092,1.254054202513757,0.9591250798099059,0.6883701744001999,0.917366142522261,1.1802360161815901,0.8279427219139569,0.58573504552026,1.293560969546273,0.7502684495912949
6.109250875437719,0.89621356073987,1.2560522320395198,0.9658347144084546,0.6868781753769384,0.9166591708094047,1.1760073443216605,0.8269602829164582,0.5850887055400199,1.293026162042021,0.7445524943531763
6.114490370185093,0.8971859628614308,1.2580502615652829,0.9725443490070045,0.6853861763536766,0.9159521990965482,1.1717786724617303,0.8259778439189593,0.5844423655597798,1.2924913545377688,0.7388365391150568
6.1197298649324665,0.8988226135322662,1.2600839736923464,0.9655044111468226,0.6834078909959979,0.9138838656453225,1.1684856428229111,0.8300333903804407,0.5849727786273137,1.2913318094672335,0.738289284529765
6.124969359679841,0.9007951483751878,1.2621357290970487,0.9515118592886423,0.6811837099069532,0.9111271455037515,1.165665730382691,0.8366364464702362,0.5860982290850426,1.2898563593631813,0.7403556370670339
6.130208854427214,0.9027676832181092,1.264187484501751,0.9375193074304643,0.6789595288179089,0.9083704253621809,1.162845817942471,0.8432395025600304,0.5872236795427714,1.2883809092591294,0.7424219896043023
6.135448349174587,0.9047402180610304,1.2662392399064533,0.9235267555722864,0.6767353477288645,0.9056137052206104,1.160025905502251,0.8498425586498248,0.5883491300005002,1.2869054591550775,0.7444883421415708
6.140687843921961,0.9067127529039521,1.2682909953111556,0.9095342037141061,0.6745111666398198,0.9028569850790393,1.1572059930620306,0.8564456147396203,0.5894745804582292,1.2854300090510253,0.7465546946788396
6.145927338669335,0.9086852877468734,1.270342750715858,0.895541651855928,0.6722869855507755,0.9001002649374688,1.154386080621811,0.8630486708294147,0.5906000309159579,1.2839545589469734,0.748621047216108
6.151166833416709,0.9106578225897951,1.2723945061205604,0.8815490999977478,0.6700628044617307,0.8973435447958977,1.1515661681815905,0.8696517269192101,0.5917254813736869,1.2824791088429213,0.7506873997533768
6.156406328164082,0.9126303574327164,1.2744462615252627,0.8675565481395697,0.6678386233726864,0.8945868246543272,1.1487462557413706,0.8762547830090045,0.5928509318314157,1.2810036587388693,0.7527537522906453
6.161645822911456,0.914602892275638,1.2764980169299651,0.8535639962813895,0.6656144422836416,0.8918301045127561,1.1459263433011502,0.8828578390988,0.5939763822891446,1.2795282086348172,0.7548201048279142
6.16688531765883,0.9165754271185593,1.2785497723346673,0.8395714444232114,0.6633902611945973,0.8890733843711855,1.1431064308609304,0.8894608951885944,0.5951018327468734,1.2780527585307653,0.7568864573651827
6.172124812406204,0.9190967101870938,1.2816669515805406,0.8393239229634825,0.662237183338169,0.8868853859449722,1.1406820913036515,0.8919502025470235,0.5958488706963482,1.2763724545495245,0.7558469298044019
6.177364307153577,0.9219211926643323,1.2853728085907954,0.8466709319184593,0.6616759212756378,0.8850116228634316,1.138476317308154,0.8921665436803402,0.5963868246918459,1.2745789628229114,0.7530913128509255
6.182603801900951,0.9247456751415711,1.2890786656010509,0.8540179408734375,0.6611146592131065,0.8831378597818907,1.136270543312656,0.8923828848136568,0.5969247786873437,1.2727854710962978,0.7503356958974484
6.1878432966483246,0.9275701576188095,1.2927845226113057,0.8613649498284144,0.6605533971505753,0.8812640967003501,1.1340647693171584,0.8925992259469735,0.5974627326828414,1.2709919793696847,0.7475800789439719
6.193082791395698,0.9303946400960479,1.2964903796215606,0.8687119587833912,0.6599921350880441,0.8793903336188095,1.131858995321661,0.8928155670802901,0.5980006866783392,1.2691984876430715,0.7448244619904953
6.198322286143072,0.9332191225732868,1.300196236631816,0.8760589677383694,0.6594308730255127,0.8775165705372685,1.129653221326163,0.8930319082136068,0.5985386406738369,1.2674049959164582,0.7420688450370184
6.203561780890445,0.9360436050505251,1.3039020936420709,0.8834059766933463,0.6588696109629815,0.8756428074557279,1.1274474473306655,0.8932482493469234,0.5990765946693346,1.265611504189845,0.7393132280835418
6.2088012756378195,0.938868087527764,1.3076079506523264,0.8907529856483245,0.6583083489004502,0.873769044374187,1.1252416733351676,0.8934645904802401,0.5996145486648324,1.2638180124632314,0.7365576111300649
6.214040770385193,0.9416925700050024,1.3113138076625812,0.8980999946033014,0.6577470868379189,0.8718952812926464,1.1230358993396699,0.8936809316135568,0.6001525026603302,1.2620245207366183,0.7338019941765883
6.219280265132567,0.9445170524822413,1.3150196646728367,0.9054470035582796,0.6571858247753877,0.8700215182111054,1.120830125344172,0.8938972727468734,0.6006904566558279,1.260231029010005,0.7310463772231114
6.22451975987994,0.9467478781653327,1.3165549716803402,0.9073334155455228,0.6554569983496749,0.8685433477448724,1.1175276180810405,0.897630948892196,0.6012334590982991,1.2585758125637818,0.7317217723129064
6.229759254627314,0.948621079273637,1.3167827184452228,0.9059303112871434,0.6530248198979487,0.8673034860830414,1.1135644281265629,0.9034835015507758,0.6017795027738869,1.2570038944792394,0.734464042127564
6.234998749374688,0.9504942803819411,1.3170104652101051,0.9045272070287643,0.650592641446223,0.8660636244212105,1.109601238172086,0.9093360542093548,0.6023255464494748,1.2554319763946973,0.7372063119422212
6.240238244122062,0.9523674814902454,1.3172382119749875,0.903124102770385,0.6481604629944969,0.8648237627593796,1.1056380482176082,0.9151886068679347,0.6028715901250625,1.253860058310155,0.7399485817568787
6.245477738869435,0.9542406825985494,1.31746595873987,0.9017209985120059,0.6457282845427712,0.8635839010975487,1.1016748582631313,0.9210411595265137,0.6034176338006504,1.2522881402256127,0.7426908515715359
6.250717233616808,0.9561138837068535,1.3176937055047524,0.9003178942536268,0.6432961060910455,0.8623440394357178,1.0977116683086543,0.9268937121850925,0.6039636774762381,1.2507162221410706,0.7454331213861931
6.255956728364183,0.9579870848151578,1.317921452269635,0.8989147899952474,0.6408639276393193,0.8611041777738868,1.0937484783541767,0.9327462648436725,0.604509721151826,1.249144304056528,0.7481753912008507
6.261196223111556,0.9598602859234618,1.3181491990345173,0.8975116857368683,0.6384317491875937,0.8598643161120559,1.0897852883996997,0.9385988175022514,0.6050557648274137,1.2475723859719858,0.7509176610155078
6.26643571785893,0.9617334870317662,1.3183769457994,0.896108581478489,0.6359995707358675,0.858624454450225,1.085822098445222,0.9444513701608314,0.6056018085030016,1.2460004678874435,0.7536599308301655
6.271675212606303,0.9636066881400702,1.3186046925642823,0.89470547722011,0.6335673922841418,0.8573845927883941,1.081858908490745,0.9503039228194102,0.6061478521785894,1.2444285498029013,0.7564022006448227
6.2769147073536775,0.9662292344424719,1.3186380559507254,0.894025371334167,0.6320810913919458,0.8550605846695842,1.0780149861690838,0.9559696891453237,0.6076368776763386,1.2422529581243116,0.7560618908784388
6.282154202101051,0.9693430526978493,1.318543981271636,0.8938192643811906,0.6312149093976988,0.8520258083341667,1.0742492559054524,0.9615129980415213,0.6097441236218111,1.2396815970355175,0.753700636822411
6.287393696848425,0.9724568709532272,1.3184499065925464,0.8936131574282141,0.6303487274034516,0.8489910319987488,1.0704835256418201,0.9670563069377199,0.611851369567284,1.237110235946723,0.7513393827663828
6.292633191595798,0.9755706892086047,1.3183558319134567,0.8934070504752376,0.6294825454092045,0.8459562556633313,1.0667177953781888,0.9725996158339175,0.6139586155127565,1.2345388748579287,0.748978128710355
6.2978726863431715,0.9786845074639821,1.3182617572343673,0.8932009435222611,0.6286163634149574,0.8429214793279138,1.0629520651145572,0.9781429247301152,0.6160658614582292,1.2319675137691346,0.7466168746543271
6.303112181090546,0.9817983257193601,1.3181676825552777,0.8929948365692846,0.6277501814207103,0.8398867029924959,1.059186334850925,0.9836862336263138,0.618173107403702,1.2293961526803399,0.7442556205982989
6.308351675837919,0.9849121439747375,1.318073607876188,0.8927887296163082,0.6268839994264632,0.8368519266570784,1.0554206045872936,0.9892295425225114,0.6202803533491746,1.2268247915915458,0.741894366542271
6.313591170585293,0.9880259622301154,1.3179795331970987,0.8925826226633317,0.6260178174322161,0.8338171503216605,1.0516548743236613,0.99477285141871,0.6223875992946475,1.224253430502751,0.7395331124862429
6.3188306653326665,0.9911397804854929,1.317885458518009,0.8923765157103551,0.625151635437969,0.830782373986243,1.0478891440600298,1.0003161603149076,0.6244948452401201,1.221682069413957,0.737171858430215
6.324070160080041,0.9942535987408708,1.3177913838389195,0.8921704087573786,0.6242854534437218,0.827747597650825,1.0441234137963977,1.0058594692111062,0.6266020911855931,1.2191107083251624,0.7348106043741868
6.329309654827414,0.9969591139272137,1.3170216026325663,0.8891067110110052,0.6232999035912956,0.825753609528264,1.0410167131345671,1.0087480076945974,0.6283343877381191,1.2165250314902452,0.734989643191846
6.334549149574788,0.9993737350815411,1.315770416775888,0.8840071331285635,0.6222293105437717,0.8245011271710854,1.0383795357083538,1.0097451646823412,0.6297995529634819,1.2139291554542269,0.7369785044002004
6.339788644322161,1.001788356235868,1.3145192309192095,0.8789075552461227,0.6211587174962481,0.8232486448139069,1.035742358282141,1.010742321670085,0.6312647181888444,1.211333279418209,0.7389673656085545
6.3450281390695356,1.0042029773901955,1.3132680450625311,0.8738079773636811,0.6200881244487242,0.8219961624567281,1.0331051808559275,1.011739478657829,0.6327298834142073,1.2087374033821907,0.7409562268169088
6.350267633816909,1.0066175985445225,1.312016859205853,0.8687083994812402,0.6190175314012005,0.8207436800995497,1.0304680034297147,1.0127366356455727,0.6341950486395699,1.206141527346173,0.7429450880252628
6.355507128564282,1.0090322196988495,1.3107656733491746,0.8636088215987994,0.6179469383536769,0.8194911977423712,1.0278308260035018,1.0137337926333165,0.6356602138649324,1.2035456513101552,0.7449339492336168
6.360746623311656,1.0114468408531767,1.3095144874924962,0.8585092437163577,0.616876345306153,0.8182387153851925,1.0251936485772883,1.0147309496210606,0.6371253790902952,1.200949775274137,0.7469228104419712
6.36598611805903,1.0138614620075037,1.3082633016358178,0.853409665833917,0.6158057522586293,0.816986233028014,1.0225564711510755,1.0157281066088044,0.6385905443156578,1.198353899238119,0.7489116716503251
6.371225612806404,1.0162760831618312,1.3070121157791394,0.8483100879514752,0.6147351592111054,0.8157337506708353,1.0199192937248622,1.0167252635965482,0.6400557095410206,1.1957580232021008,0.7509005328586795
6.376465107553777,1.0186907043161582,1.3057609299224613,0.8432105100690345,0.6136645661635818,0.8144812683136569,1.0172821162986492,1.017722420584292,0.6415208747663832,1.193162147166083,0.7528893940670336
6.381704602301151,1.0209429423289147,1.306241070047524,0.8421209953619311,0.6126365713339168,0.8141670671908454,1.0148045677056026,1.020599495287144,0.6443090878844425,1.1900433250382687,0.7539516274989996
6.3869440970485245,1.0230696040455227,1.3080601022651326,0.8441325961770886,0.611641519126063,0.8145784702226113,1.0124504654102051,1.0249303730230115,0.6481204580395198,1.1865200912661331,0.7542972687838919
6.392183591795899,1.0251962657621312,1.3098791344827416,0.8461441969922463,0.610646466918209,0.8149898732543772,1.0100963631148072,1.0292612507588799,0.6519318281945976,1.1829968574939966,0.7546429100687845
6.397423086543272,1.0273229274787394,1.3116981667003502,0.8481557978074037,0.6096514147103551,0.8154012762861431,1.0077422608194095,1.0335921284947476,0.6557431983496749,1.1794736237218608,0.7549885513536768
6.402662581290646,1.029449589195348,1.3135171989179593,0.8501673986225615,0.6086563625025011,0.815812679317909,1.0053881585240116,1.0379230062306157,0.6595545685047528,1.1759503899497246,0.7553341926385693
6.407902076038019,1.031576250911956,1.3153362311355679,0.8521789994377189,0.6076613102946473,0.8162240823496748,1.0030340562286142,1.0422538839664834,0.66336593865983,1.1724271561775887,0.7556798339234617
6.413141570785393,1.0337029126285642,1.3171552633531765,0.8541906002528763,0.6066662580867934,0.8166354853814407,1.0006799539332167,1.046584761702351,0.6671773088149072,1.168903922405453,0.7560254752083542
6.418381065532767,1.0358295743451726,1.3189742955707855,0.8562022010680341,0.6056712058789394,0.8170468884132066,0.9983258516378188,1.0509156394382193,0.670988678969985,1.1653806886333167,0.7563711164932466
6.42362056028014,1.0379562360617807,1.320793327788394,0.8582138018831915,0.6046761536710856,0.8174582914449724,0.9959717493424213,1.055246517174087,0.6748000491250623,1.1618574548611809,0.7567167577781391
6.428860055027514,1.0400828977783894,1.3226123600060031,0.8602254026983494,0.6036811014632316,0.8178696944767383,0.9936176470470234,1.0595773949099552,0.6786114192801402,1.1583342210890444,0.7570623990630315
6.434099549774888,1.0425236799129565,1.3230059277451225,0.8558999545217612,0.6034598809167083,0.8167466086043021,0.9918303311115558,1.0639991859844922,0.6793958387408704,1.1551925543526764,0.7596031306608303
6.439339044522262,1.0452279178819412,1.3222039446313156,0.846259562029514,0.6038876804732367,0.8143365320380188,0.9905183843811904,1.0684972269559785,0.6776415253611804,1.1523709115817908,0.7639849057468737
6.444578539269635,1.0479321558509254,1.3214019615175088,0.8366191695372684,0.6043154800297649,0.8119264554717358,0.9892064376508254,1.072995267927464,0.6758872119814907,1.1495492688109055,0.7683666808329165
6.449818034017009,1.0506363938199101,1.3205999784037017,0.8269787770450213,0.6047432795862933,0.8095163789054525,0.9878944909204601,1.07749330889895,0.6741328986018007,1.1467276260400197,0.77274845591896
6.4550575287643825,1.0533406317888945,1.3197979952898948,0.8173383845527759,0.6051710791428214,0.8071063023391695,0.986582544190095,1.0819913498704354,0.6723785852221109,1.1439059832691345,0.7771302310050028
6.460297023511756,1.0560448697578788,1.318996012176088,0.8076979920605303,0.6055988786993497,0.8046962257728865,0.9852705974597299,1.0864893908419209,0.6706242718424212,1.1410843404982491,0.7815120060910455
6.46553651825913,1.0587491077268636,1.318194029062281,0.7980575995682831,0.606026678255878,0.802286149206603,0.9839586507293645,1.0909874318134072,0.6688699584627312,1.1382626977273633,0.785893781177089
6.470776013006503,1.061453345695848,1.317392045948474,0.7884172070760377,0.6064544778124062,0.7998760726403201,0.9826467039989994,1.0954854727848926,0.6671156450830414,1.1354410549564782,0.7902755562631317
6.4760155077538775,1.0641575836648327,1.3165900628346672,0.7787768145837906,0.6068822773689345,0.7974659960740367,0.9813347572686342,1.099983513756379,0.6653613317033514,1.1326194121855924,0.7946573313491753
6.481255002501251,1.066861821633817,1.3157880797208603,0.769136422091545,0.6073100769254628,0.7950559195077537,0.980022810538269,1.1044815547278644,0.6636070183236618,1.129797769414707,0.799039106435218
6.486494497248625,1.0692934031063035,1.3150212104889942,0.764943971749875,0.6084103161035521,0.7938409043664332,0.9772096346340663,1.1091636364049533,0.6638083964627317,1.1279947626373183,0.7990236072541264
6.491733991995998,1.0714771150365183,1.314286262967984,0.7657041960905453,0.6101218640285144,0.7937123087023512,0.9730317049354673,1.1140130278144076,0.6657876759824914,1.1271177885812904,0.7950105860120056
6.496973486743372,1.0736608269667336,1.3135513154469733,0.7664644204312158,0.6118334119534771,0.7935837130382691,0.9688537752368677,1.1188624192238628,0.6677669555022515,1.1262408145252625,0.7909975647698843
6.502212981490746,1.0758445388969486,1.3128163679259628,0.767224644771886,0.6135449598784394,0.7934551173741871,0.9646758455382687,1.1237118106333173,0.6697462350220112,1.1253638404692345,0.7869845435277635
6.50745247623812,1.078028250827164,1.3120814204049522,0.7679848691125564,0.615256507803402,0.7933265217101051,0.960497915839669,1.1285612020427724,0.6717255145417713,1.1244868664132064,0.782971522285642
6.512691970985493,1.0802119627573787,1.311346472883942,0.7687450934532267,0.6169680557283644,0.793197926046023,0.95631998614107,1.1334105934522267,0.6737047940615309,1.1236098923571785,0.7789585010435214
6.517931465732866,1.0823956746875938,1.3106115253629314,0.769505317793897,0.6186796036533267,0.7930693303819409,0.9521420564424711,1.138259984861681,0.6756840735812907,1.1227329183011505,0.7749454798014006
6.523170960480241,1.084579386617809,1.3098765778419208,0.7702655421345673,0.6203911515782894,0.7929407347178589,0.9479641267438714,1.1431093762711362,0.6776633531010507,1.1218559442451224,0.7709324585592792
6.528410455227614,1.0867630985480239,1.3091416303209105,0.7710257664752377,0.6221026995032517,0.7928121390537769,0.9437861970452724,1.1479587676805905,0.6796426326208105,1.1209789701890944,0.7669194373171584
6.533649949974988,1.0889468104782394,1.3084066827999,0.771785990815908,0.6238142474282143,0.7926835433896948,0.9396082673466728,1.1528081590900456,0.6816219121405706,1.1201019961330663,0.7629064160750371
6.538889444722361,1.0913892171508255,1.307334811969985,0.7736586135087545,0.6245886435115058,0.7933362670022512,0.9375144728631816,1.1558907943346675,0.6841457127766384,1.1185464578916957,0.7623084976503253
6.5441289394697355,1.0940864574502254,1.3059310465372684,0.776627031593297,0.624439875094047,0.794758648409705,0.9374737070990495,1.157233042909455,0.6872059073481744,1.116322483288644,0.76507471035918
6.549368434217109,1.0967836977496248,1.3045272811045523,0.7795954496778391,0.6242911066765883,0.7961810298171587,0.9374329413349174,1.1585752914842422,0.69026610191971,1.1140985086855926,0.7678409230680342
6.554607928964483,1.099480938049025,1.3031235156718357,0.7825638677623816,0.6241423382591296,0.7976034112246125,0.9373921755707854,1.1599175400590298,0.6933262964912461,1.1118745340825409,0.7706071357768889
6.559847423711856,1.1021781783484244,1.3017197502391196,0.7855322858469237,0.6239935698416709,0.7990257926320661,0.9373514098066533,1.161259788633817,0.6963864910627816,1.1096505594794897,0.773373348485743
6.56508691845923,1.1048754186478242,1.300315984806403,0.7885007039314662,0.6238448014242121,0.80044817403952,0.9373106440425213,1.1626020372086046,0.6994466856343177,1.1074265848764377,0.7761395611945977
6.570326413206604,1.107572658947224,1.2989122193736868,0.7914691220160082,0.6236960330067534,0.8018705554469735,0.9372698782783891,1.1639442857833917,0.7025068802058532,1.1052026102733865,0.778905773903452
6.575565907953977,1.1102698992466233,1.2975084539409705,0.7944375401005502,0.6235472645892947,0.8032929368544272,0.9372291125142571,1.165286534358179,0.7055670747773887,1.1029786356703353,0.7816719866123061
6.580805402701351,1.1129671395460232,1.296104688508254,0.7974059581850927,0.623398496171836,0.804715318261881,0.9371883467501251,1.1666287829329667,0.7086272693489247,1.1007546610672834,0.7844381993211608
6.5860448974487245,1.1156643798454229,1.2947009230755377,0.8003743762696348,0.6232497277543773,0.8061376996693346,0.937147580985993,1.1679710315077538,0.7116874639204602,1.0985306864642321,0.787204412030015
6.591284392196099,1.1177534978061534,1.2925545724262129,0.7996266056153072,0.6227992490215107,0.8041386855970479,0.9358496305040018,1.170239713681341,0.7142076915110057,1.0956883765977987,0.7879517319704851
6.596523886943472,1.11919353181991,1.2896156178669336,0.7949123329909955,0.6220267375167584,0.7984878193546773,0.9332098144682341,1.1734972317168584,0.7161515812876439,1.0921860819424714,0.7865441715467734
6.601763381690846,1.120633565833667,1.2866766633076536,0.7901980603666828,0.621254226012006,0.7928369531123055,0.930569998432466,1.1767547497523765,0.7180954710642824,1.0886837872871433,0.7851366111230614
6.607002876438219,1.1220735998474238,1.2837377087483741,0.7854837877423712,0.6204817145072536,0.7871860868699349,0.9279301823966983,1.180012267787894,0.7200393608409205,1.085181492631816,0.7837290506993496
6.6122423711855935,1.1235136338611809,1.2807987541890942,0.7807695151180586,0.6197092030025012,0.7815352206275631,0.9252903663609302,1.183269785823412,0.721983250617559,1.081679197976488,0.7823214902756377
6.617481865932967,1.1249536678749374,1.2778597996298149,0.7760552424937468,0.6189366914977489,0.7758843543851924,0.9226505503251625,1.1865273038589295,0.7239271403941971,1.0781769033211606,0.780913929851926
6.622721360680341,1.1263937018886945,1.274920845070535,0.7713409698694342,0.6181641799929964,0.7702334881428208,0.9200107342893944,1.1897848218944476,0.7258710301708357,1.0746746086658325,0.7795063694282139
6.627960855427714,1.1278337359024513,1.2719818905112554,0.7666266972451224,0.6173916684882441,0.76458262190045,0.9173709182536267,1.193042339929965,0.7278149199474738,1.0711723140105052,0.7780988090045022
6.633200350175088,1.129273769916208,1.2690429359519761,0.7619124246208107,0.6166191569834918,0.7589317556580792,0.914731102217859,1.1962998579654827,0.7297588097241119,1.0676700193551778,0.7766912485807905
6.638439844922462,1.1307138039299651,1.2661039813926962,0.7571981519964981,0.6158466454787394,0.7532808894157076,0.9120912861820909,1.1995573760010005,0.7317026995007504,1.0641677246998498,0.7752836881570785
6.643679339669835,1.1320396419507253,1.262816096288144,0.7536861646185594,0.6151971846555778,0.7521836367726361,0.9104156972723861,1.2039717950070032,0.7330758049552275,1.0610262837888946,0.7748704305010005
6.648918834417209,1.1332333829849925,1.2591245834177085,0.7515649288229114,0.6146900635397698,0.7563538074282143,0.9098554846058028,1.2097244670275142,0.7337886517883943,1.0583022628849423,0.7756073392896449
6.6541583291645825,1.1344271240192596,1.2554330705472736,0.7494436930272637,0.614182942423962,0.7605239780837919,0.9092952719392196,1.2154771390480241,0.7345014986215608,1.0555782419809905,0.7763442480782892
6.659397823911957,1.1356208650535269,1.251741557676838,0.7473224572316156,0.613675821308154,0.7646941487393701,0.9087350592726362,1.221229811068535,0.7352143454547274,1.0528542210770382,0.7770811568669336
6.66463731865933,1.136814606087794,1.248050044806403,0.7452012214359679,0.6131687001923461,0.7688643193949477,0.908174846606053,1.2269824830890448,0.7359271922878939,1.0501302001730863,0.7778180656555779
6.669876813406704,1.1380083471220612,1.2443585319359673,0.7430799856403199,0.6126615790765382,0.7730344900505259,0.9076146339394696,1.2327351551095558,0.7366400391210606,1.0474061792691343,0.7785549744442223
6.675116308154077,1.1392020881563283,1.2406670190655325,0.7409587498446721,0.6121544579607303,0.7772046607061034,0.9070544212728864,1.2384878271300657,0.7373528859542271,1.0446821583651824,0.7792918832328665
6.680355802901451,1.1403958291905953,1.2369755061950976,0.7388375140490244,0.6116473368449225,0.781374831361681,0.9064942086063031,1.2442404991505756,0.7380657327873937,1.0419581374612306,0.7800287920215108
6.685595297648825,1.1415895702248626,1.2332839933246618,0.7367162782533764,0.6111402157291145,0.7855450020172592,0.9059339959397198,1.2499931711710863,0.7387785796205604,1.0392341165572783,0.7807657008101552
6.690834792396198,1.1427833112591297,1.2295924804542269,0.7345950424577287,0.6106330946133066,0.7897151726728368,0.9053737832731366,1.2557458431915962,0.7394914264537269,1.0365100956533264,0.7815026095987995
6.696074287143572,1.1445148284979993,1.2274531239704853,0.7359224403511765,0.6117799592946479,0.7911492045892943,0.904703889090045,1.2597779833916962,0.7431222281703364,1.0336759506443216,0.782098738086043
6.701313781890946,1.146920844705353,1.227260539903952,0.7415752432106058,0.6150013146368187,0.7891514692736367,0.9038964282591295,1.2616521684272137,0.7504128377068541,1.0307036838764378,0.7825182946698349
6.70655327663832,1.1493268609127067,1.2270679558374187,0.747228046070036,0.61822266997899,0.7871537339579786,0.903088967428214,1.2635263534627317,0.757703447243373,1.0277314171085536,0.7829378512536269
6.711792771385693,1.1517328771200603,1.2268753717708856,0.7528808489294653,0.6214440253211608,0.785155998642321,0.9022815065972986,1.2654005384982492,0.7649940567798906,1.02475915034067,0.7833574078374187
6.717032266133067,1.1541388933274142,1.2266827877043522,0.7585336517888955,0.6246653806633322,0.7831582633266629,0.9014740457663831,1.2672747235337671,0.7722846663164096,1.021786883572786,0.7837769644212107
6.7222717608804405,1.1565449095347677,1.226490203637819,0.7641864546483248,0.627886736005503,0.7811605280110053,0.9006665849354677,1.2691489085692849,0.7795752758529272,1.0188146168049022,0.7841965210050026
6.727511255627815,1.1589509257421216,1.2262976195712856,0.7698392575077551,0.6311080913476744,0.7791627926953473,0.8998591241045522,1.2710230936048028,0.7868658853894461,1.015842350037018,0.7846160775887945
6.732750750375188,1.1613569419494751,1.2261050355047525,0.7754920603671843,0.6343294466898453,0.7771650573796897,0.8990516632736367,1.2728972786403203,0.7941564949259639,1.0128700832691342,0.7850356341725864
6.737990245122561,1.1637629581568285,1.2259124514382191,0.7811448632266136,0.6375508020320161,0.7751673220640319,0.8982442024427214,1.274771463675838,0.8014471044624815,1.0098978165012507,0.7854551907563783
6.7432297398699355,1.1661689743641825,1.2257198673716858,0.7867976660860437,0.6407721573741875,0.773169586748374,0.8974367416118059,1.2766456487113558,0.8087377139990004,1.0069255497333665,0.7858747473401702
6.748469234617309,1.168024437521511,1.2246431710070034,0.7895423907931466,0.6428243287411206,0.7717760854432216,0.896165009586043,1.2771702359309653,0.8130248152933968,1.0048577062483741,0.7878817630260132
6.753708729364683,1.169130627297149,1.2223632448874435,0.7883293760030013,0.643285302981991,0.771204914448224,0.8942614291885941,1.2758580923951974,0.8132243018204103,1.0040207346868433,0.7920492260105059
6.758948224112056,1.1702368170727866,1.220083318767884,0.7871163612128564,0.6437462772228615,0.7706337434532267,0.8923578487911454,1.2745459488594295,0.8134237883474238,1.0031837631253127,0.7962166889949978
6.76418771885943,1.1713430068484245,1.2178033926483238,0.7859033464227112,0.6442072514637319,0.7700625724582291,0.8904542683936966,1.2732338053236616,0.8136232748744373,1.0023467915637818,0.8003841519794903
6.769427213606804,1.1724491966240622,1.2155234665287642,0.7846903316325663,0.6446682257046024,0.7694914014632316,0.888550687996248,1.271921661787894,0.8138227614014507,1.0015098200022512,0.8045516149639822
6.774666708354178,1.1735553863997001,1.2132435404092043,0.7834773168424211,0.6451291999454728,0.7689202304682341,0.8866471075987991,1.2706095182521258,0.8140222479284643,1.0006728484407204,0.8087190779484749
6.779906203101551,1.1746615761753378,1.2109636142896447,0.782264302052276,0.6455901741863432,0.7683490594732366,0.8847435272013505,1.269297374716358,0.8142217344554777,0.9998358768791896,0.8128865409329668
6.785145697848925,1.1757677659509758,1.2086836881700846,0.7810512872621309,0.6460511484272137,0.767777888478239,0.8828399468039017,1.26798523118059,0.8144212209824913,0.9989989053176588,0.8170540039174594
6.790385192596299,1.1768739557266135,1.206403762050525,0.7798382724719859,0.6465121226680841,0.7672067174832417,0.880936366406453,1.2666730876448222,0.8146207075095048,0.998161933756128,0.8212214669019513
6.795624687343672,1.1779801455022512,1.2041238359309656,0.7786252576818409,0.6469730969089544,0.7666355464882442,0.8790327860090045,1.2653609441090545,0.8148201940365183,0.9973249621945973,0.8253889298864432
6.800864182091046,1.1792922365590297,1.2018662038011505,0.7753863226678334,0.6478524068569286,0.7676830149272139,0.8779998440792897,1.267743867960731,0.815576973727614,0.9955746332436216,0.828226391361681
6.806103676838419,1.1809087034227115,1.199641528004002,0.769152549062031,0.6493501261110556,0.7711232547033517,0.8782539329279639,1.2755890653416708,0.817157578096048,0.992474123803902,0.8290977636493246
6.8113431715857935,1.1825251702863935,1.1974168522068533,0.7629187754562275,0.6508478453651827,0.7745634944794901,0.8785080217766383,1.2834342627226119,0.8187381824644824,0.9893736143641818,0.8299691359369685
6.816582666333167,1.184141637150075,1.1951921764097049,0.7566850018504252,0.6523455646193097,0.7780037342556279,0.8787621106253126,1.2912794601035518,0.8203187868329165,0.9862731049244622,0.8308405082246123
6.821822161080541,1.185758104013757,1.1929675006125562,0.7504512282446217,0.6538432838734369,0.7814439740317662,0.879016199473987,1.299124657484493,0.8218993912013508,0.9831725954847421,0.8317118805122562
6.827061655827914,1.1873745708774388,1.1907428248154077,0.7442174546388193,0.6553410031275638,0.7848842138079041,0.8792702883226613,1.306969854865433,0.8234799955697849,0.9800720860450225,0.8325832527999
6.832301150575288,1.1889910377411208,1.188518149018259,0.7379836810330158,0.656838722381691,0.7883244535840424,0.8795243771713357,1.314815052246374,0.8250605999382193,0.9769715766053023,0.8334546250875439
6.837540645322662,1.1906075046048024,1.1862934732211106,0.7317499074272135,0.658336441635818,0.7917646933601802,0.87977846602001,1.3226602496273139,0.8266412043066533,0.9738710671655827,0.8343259973751876
6.842780140070036,1.1922239714684844,1.1840687974239619,0.72551613382141,0.6598341608899452,0.7952049331363186,0.8800325548686844,1.3305054470082551,0.8282218086750878,0.9707705577258625,0.8351973696628315
6.848019634817409,1.1938404383321661,1.1818441216268134,0.7192823602156077,0.6613318801440722,0.7986451729124564,0.8802866437173588,1.3383506443891948,0.8298024130435219,0.967670048286143,0.8360687419504753
6.8532591295647824,1.194661895344172,1.1796098548191598,0.7176797372188592,0.66348634964032,0.800160534077789,0.8798186018419211,1.3436166276995998,0.8318232654212105,0.9652603942351176,0.8391039695877937
6.858498624312157,1.194205101222111,1.1773601671710854,0.7235232779464736,0.6666967705062534,0.7985809923786892,0.8781894870375186,1.3447356393671837,0.8345519675392699,0.9639615272796397,0.8456183371991
6.86373811905953,1.19374830710005,1.1751104795230116,0.7293668186740871,0.6699071913721861,0.7970014506795898,0.8765603722331166,1.3458546510347675,0.8372806696573287,0.962662660324162,0.8521327048104053
6.868977613806904,1.1932915129779889,1.1728607918749372,0.7352103594017015,0.6731176122381195,0.79542190898049,0.8749312574287142,1.3469736627023514,0.840009371775388,0.9613637933686842,0.8586470724217116
6.874217108554277,1.192834718855928,1.1706111042268634,0.7410539001293149,0.6763280331040522,0.7938423672813906,0.8733021426243122,1.348092674369935,0.8427380738934469,0.9600649264132065,0.8651614400330168
6.8794566033016515,1.1923779247338668,1.168361416578789,0.7468974408569293,0.6795384539699855,0.7922628255822909,0.8716730278199097,1.349211686037519,0.8454667760115062,0.9587660594577286,0.8716758076443232
6.884696098049025,1.1919211306118058,1.1661117289307152,0.7527409815845428,0.6827488748359183,0.7906832838831914,0.8700439130155077,1.3503306977051026,0.8481954781295651,0.957467192502251,0.8781901752556284
6.889935592796399,1.1914643364897448,1.1638620412826408,0.7585845223121572,0.6859592957018515,0.7891037421840917,0.8684147982111052,1.3514497093726867,0.8509241802476244,0.9561683255467731,0.8847045428669347
6.895175087543772,1.1910075423676838,1.1616123536345668,0.7644280630397706,0.6891697165677844,0.7875242004849923,0.8667856834067031,1.3525687210402704,0.8536528823656832,0.9548694585912955,0.89121891047824
6.900414582291146,1.1905507482456228,1.159362665986493,0.7702716037673841,0.6923801374337171,0.7859446587858928,0.8651565686023011,1.353687732707854,0.856381584483742,0.9535705916358178,0.8977332780895452
6.90565407703852,1.1902971533806905,1.157256857072786,0.7736329974289643,0.6944943743664332,0.7851810905147575,0.8641741772996498,1.3543535029909954,0.8590973353961986,0.9520101655345169,0.9023630107758881
6.910893571785893,1.1903995075592797,1.1554030840110052,0.7726463541610805,0.6946883994437218,0.7858468825932967,0.8643246671655829,1.3542253194007003,0.8617903993691848,0.9499915599639818,0.9036913829729866
6.916133066533267,1.190501861737869,1.1535493109492243,0.7716597108931964,0.6948824245210106,0.786512674671836,0.8644751570315158,1.3540971358104053,0.8644834633421715,0.9479729543934463,0.9050197551700853
6.9213725612806405,1.1906042159164583,1.1516955378874434,0.7706730676253126,0.6950764495982992,0.7871784667503753,0.8646256468974488,1.3539689522201102,0.8671765273151578,0.9459543488229112,0.9063481273671837
6.926612056028015,1.1907065700950477,1.1498417648256625,0.7696864243574286,0.6952704746755878,0.7878442588289145,0.8647761367633817,1.3538407686298148,0.8698695912881446,0.9439357432523757,0.9076764995642824
6.931851550775388,1.1908089242736368,1.1479879917638818,0.7686997810895447,0.6954644997528764,0.7885100509074537,0.8649266266293147,1.3537125850395197,0.8725626552611309,0.9419171376818407,0.9090048717613808
6.937091045522762,1.1909112784522262,1.1461342187021006,0.7677131378216607,0.6956585248301651,0.7891758429859931,0.8650771164952477,1.3535844014492247,0.8752557192341176,0.9398985321113053,0.9103332439584795
6.942330540270135,1.1910136326308154,1.14428044564032,0.7667264945537768,0.6958525499074537,0.7898416350645323,0.8652276063611807,1.3534562178589293,0.8779487832071039,0.9378799265407701,0.911661616155578
6.94757003501751,1.1911159868094048,1.1424266725785388,0.7657398512858928,0.6960465749847424,0.7905074271430717,0.8653780962271136,1.3533280342686342,0.8806418471800906,0.9358613209702347,0.9129899883526766
6.952809529764883,1.191218340987994,1.140572899516758,0.764753208018009,0.696240600062031,0.7911732192216109,0.8655285860930466,1.3531998506783391,0.8833349111530768,0.9338427153996995,0.9143183605497751
6.958049024512256,1.1920470433976988,1.138306294773887,0.7618510645717858,0.6973016229229615,0.792150429981991,0.8653591277421211,1.3529374990610303,0.88596400225988,0.9322874120977989,0.9143985990442721
6.96328851925963,1.1942648205267636,1.1352501871080536,0.7552857018064024,0.70002069993947,0.7937232005572789,0.8645777976188094,1.3524185633336667,0.8884707510970489,0.9316181321125562,0.9120918957133565
6.968528014007004,1.196482597655828,1.132194079442221,0.7487203390410202,0.7027397769559781,0.7952959711325663,0.8637964674954978,1.3518996276063031,0.8909774999342173,0.9309488521273136,0.9097851923824412
6.973767508754378,1.1987003747848928,1.1291379717763879,0.742154976275637,0.7054588539724865,0.7968687417078542,0.863015137372186,1.3513806918789393,0.893484248771386,0.9302795721420709,0.9074784890515255
6.979007003501751,1.2009181519139571,1.1260818641105552,0.7355896135102548,0.7081779309889946,0.7984415122831416,0.8622338072488744,1.3508617561515757,0.8959909976085544,0.9296102921568283,0.9051717857206102
6.984246498249125,1.2031359290430217,1.123025756444722,0.7290242507448715,0.7108970080055032,0.8000142828584295,0.8614524771255627,1.350342820424212,0.8984977464457232,0.9289410121715858,0.9028650823896945
6.9894859929964985,1.205353706172086,1.1199696487788893,0.7224588879794893,0.7136160850220111,0.801587053433717,0.8606711470022511,1.3498238846968484,0.9010044952828916,0.9282717321863432,0.9005583790587792
6.994725487743873,1.2075714833011508,1.1169135411130562,0.7158935252141061,0.7163351620385197,0.8031598240090048,0.8598898168789394,1.3493049489694846,0.9035112441200605,0.9276024522011005,0.8982516757278636
6.999964982491246,1.2097892604302152,1.1138574334472235,0.7093281624487239,0.7190542390550276,0.8047325945842922,0.8591084867556278,1.348786013242121,0.9060179929572287,0.9269331722158579,0.8959449723969484
7.00520447723862,1.21200703755928,1.1108013257813902,0.7027627996833407,0.7217733160715362,0.8063053651595801,0.8583271566323161,1.3482670775147574,0.9085247417943976,0.9262638922306152,0.8936382690660326
7.0104439719859934,1.2134100527533767,1.1079383182091045,0.7010594570817915,0.7246873768784394,0.8079303681188096,0.8582521206428215,1.349198475203352,0.9105879690782892,0.9256556827426213,0.8921558025877939
7.015683466733367,1.2131077522696347,1.1054794736233118,0.7095324357533767,0.7280095432931466,0.8096646946723361,0.8596553747008504,1.35316545446023,0.9117228954367184,0.9251752952256128,0.8923984830105053
7.020922961480741,1.2128054517858928,1.1030206290375186,0.7180054144249632,0.7313317097078542,0.8113990212258632,0.8610586287588796,1.357132433717109,0.9128578217951476,0.9246949077086043,0.8926411634332166
7.026162456228114,1.212503151302151,1.100561784451726,0.7264783930965484,0.7346538761225613,0.8131333477793897,0.8624618828169085,1.361099412973987,0.9139927481535768,0.9242145201915958,0.892883843855928
7.031401950975488,1.2122008508184092,1.0981029398659328,0.7349513717681349,0.7379760425372689,0.8148676743329166,0.8638651368749376,1.365066392230866,0.9151276745120062,0.9237341326745873,0.8931265242786394
7.036641445722862,1.2118985503346673,1.09564409528014,0.74342435043972,0.7412982089519761,0.8166020008864432,0.8652683909329665,1.369033371487744,0.9162626008704352,0.9232537451575789,0.8933692047013507
7.041880940470236,1.2115962498509254,1.093185250694347,0.7518973291113066,0.7446203753666837,0.8183363274399702,0.8666716449909956,1.3730003507446227,0.9173975272288646,0.9227733576405702,0.8936118851240621
7.047120435217609,1.2112939493671835,1.0907264061085542,0.7603703077828917,0.7479425417813907,0.8200706539934968,0.8680748990490246,1.3769673300015008,0.9185324535872937,0.9222929701235618,0.8938545655467733
7.052359929964983,1.2109916488834418,1.0882675615227613,0.7688432864544782,0.7512647081960984,0.8218049805470237,0.8694781531070537,1.3809343092583797,0.919667379945723,0.9218125826065532,0.8940972459694848
7.057599424712357,1.2106893483996999,1.0858087169369686,0.7773162651260633,0.7545868746108055,0.8235393071005503,0.8708814071650826,1.3849012885152578,0.9208023063041522,0.9213321950895448,0.8943399263921961
7.06283891945973,1.2103319043601801,1.0834578799534769,0.7813242577841424,0.7575610932076037,0.8245021286955978,0.8718664582871435,1.3880466282886443,0.9236617308669333,0.92034331275988,0.8970216286928461
7.068078414207104,1.209847766861931,1.0813551926678338,0.7750738528244119,0.759735894503752,0.8236924017083541,0.8718906795232616,1.3893042343726865,0.9304832256843426,0.9181861530920459,0.905307034151076
7.073317908954477,1.2093636293636818,1.079252505382191,0.7688234478646824,0.7619106957998999,0.8228826747211105,0.8719149007593796,1.3905618404567284,0.937304720501751,0.9160289934242121,0.9135924396093046
7.0785574037018515,1.2088794918654326,1.0771498180965482,0.7625730429049519,0.7640854970960482,0.8220729477338669,0.8719391219954977,1.3918194465407705,0.9441262153191603,0.9138718337563779,0.9218778450675347
7.083796898449225,1.2083953543671835,1.0750471308109055,0.7563226379452224,0.7662602983921961,0.8212632207466233,0.8719633432316157,1.3930770526248124,0.9509477101365686,0.9117146740885442,0.9301632505257632
7.089036393196599,1.2079112168689343,1.0729444435252624,0.7500722329854919,0.7684350996883444,0.8204534937593796,0.8719875644677338,1.3943346587088545,0.957769204953978,0.90955751442071,0.9384486559839932
7.094275887943972,1.2074270793706854,1.0708417562396197,0.7438218280257624,0.7706099009844924,0.819643766772136,0.8720117857038518,1.3955922647928964,0.9645906997713863,0.9074003547528763,0.9467340614422218
7.099515382691346,1.2069429418724362,1.0687390689539766,0.7375714230660319,0.7727847022806407,0.8188340397848922,0.87203600693997,1.3968498708769386,0.9714121945887957,0.9052431950850421,0.9550194669004518
7.10475487743872,1.206458804374187,1.066636381668334,0.7313210181063023,0.7749595035767887,0.8180243127976488,0.872060228176088,1.3981074769609807,0.978233689406204,0.9030860354172083,0.9633048723586803
7.109994372186094,1.205974666875938,1.0645336943826909,0.7250706131465718,0.7771343048729369,0.817214585810405,0.8720844494122061,1.3993650830450228,0.9850551842236134,0.9009288757493742,0.9715902778169104
7.115233866933467,1.2052095692076035,1.0621096398736865,0.7213665389377193,0.7784278009952474,0.8184218402261141,0.8718494958211603,1.4002654780682842,0.9900767890945474,0.8988062558684339,0.9785162753556784
7.12047336168084,1.2037333688079037,1.058872213454227,0.724107160257629,0.7774907371200599,0.8247340210245128,0.8709585776233115,1.40026178138019,0.9905429202956479,0.8967710552711354,0.9820016475407707
7.125712856428215,1.2022571684082037,1.0556347870347669,0.7268477815775392,0.7765536732448722,0.8310462018229126,0.8700676594254625,1.400258084692096,0.9910090514967484,0.8947358546738365,0.9854870197258636
7.130952351175588,1.200780968008504,1.0523973606153074,0.729588402897449,0.7756166093696847,0.8373583826213112,0.8691767412276137,1.400254388004002,0.9914751826978491,0.8927006540765381,0.9889723919109559
7.136191845922962,1.199304767608804,1.0491599341958473,0.7323290242173591,0.774679545494497,0.8436705634197109,0.8682858230297646,1.4002506913159078,0.9919413138989496,0.8906654534792392,0.9924577640960487
7.141431340670335,1.1978285672091042,1.0459225077763878,0.7350696455372688,0.7737424816193095,0.8499827442181096,0.8673949048319158,1.400246994627814,0.9924074451000501,0.8886302528819408,0.995943136281141
7.1466708354177095,1.1963523668094043,1.042685081356928,0.7378102668571791,0.7728054177441218,0.8562949250165094,0.8665039866340668,1.40024329793972,0.9928735763011507,0.886595052284642,0.9994285084662339
7.151910330165083,1.1948761664097045,1.0394476549374683,0.7405508881770888,0.7718683538689343,0.8626071058149081,0.865613068436218,1.4002396012516258,0.9933397075022512,0.8845598516873434,1.002913880651326
7.157149824912457,1.1933999660100045,1.0362102285180084,0.743291509496999,0.7709312899937466,0.8689192866133079,0.864722150238369,1.4002359045635318,0.9938058387033518,0.8825246510900446,1.006399252836419
7.16238931965983,1.191923765610305,1.032972802098549,0.7460321308169087,0.7699942261185592,0.8752314674117065,0.8638312320405201,1.4002322078754377,0.9942719699044523,0.8804894504927462,1.0098846250215112
7.1676288144072045,1.1905828062611303,1.0303147977726361,0.7485147728621814,0.7710794096645835,0.8793018905675333,0.8633857906035519,1.4006795628231619,0.9946942489507254,0.8791068758459231,1.012507459657829
7.172868309154578,1.1896205218534266,1.029279175308654,0.7502750729384694,0.7778268859899957,0.8770953923241618,0.8641876840970486,1.402389862351176,0.9949937419634818,0.8795516538604303,1.012715189157579
7.178107803901951,1.1886582374457229,1.0282435528446723,0.7520353730147574,0.7845743623154079,0.8748888940807903,0.8649895775905453,1.4041001618791897,0.9952932349762382,0.8799964318749375,1.0129229186573288
7.183347298649325,1.187695953038019,1.0272079303806902,0.7537956730910457,0.7913218386408213,0.8726823958374185,0.8657914710840421,1.4058104614072038,0.9955927279889946,0.8804412098894447,1.0131306481570785
7.1885867933966985,1.1867336686303152,1.0261723079167082,0.7555559731673337,0.7980693149662335,0.870475897594047,0.8665933645775388,1.4075207609352176,0.9958922210017509,0.880885987903952,1.0133383776568285
7.193826288144073,1.1857713842226112,1.0251366854527262,0.757316273243622,0.8048167912916467,0.868269399350675,0.8673952580710356,1.4092310604632319,0.9961917140145073,0.8813307659184593,1.0135461071565783
7.199065782891446,1.1848090998149075,1.0241010629887444,0.7590765733199101,0.8115642676170589,0.8660629011073036,0.8681971515645323,1.4109413599912457,0.9964912070272637,0.8817755439329665,1.0137538366563281
7.20430527763882,1.1838468154072035,1.0230654405247623,0.7608368733961983,0.8183117439424722,0.8638564028639316,0.868999045058029,1.41265165951926,0.9967907000400201,0.8822203219474738,1.0139615661560781
7.209544772386193,1.1828845309994998,1.0220298180607803,0.7625971734724863,0.8250592202678844,0.8616499046205601,0.8698009385515257,1.4143619590472738,0.9970901930527765,0.8826650999619811,1.014169295655828
7.214784267133568,1.1819222465917958,1.0209941955967983,0.7643574735487746,0.8318066965932976,0.8594434063771883,0.8706028320450226,1.4160722585752878,0.9973896860655328,0.8831098779764883,1.0143770251555777
7.220023761880941,1.1810476360150075,1.019608913462481,0.7657338647298649,0.8369945961948475,0.8582259910035019,0.871107182624062,1.4166863044027012,0.998971227787144,0.8831792447858929,1.0147512294132066
7.225263256628315,1.1804459893241621,1.0171350001895945,0.7659149931650826,0.8373269064087044,0.8600879882756381,0.8706851624797398,1.4138872716983486,1.004544302602302,0.8820798055752875,1.0156437365252629
7.230502751375688,1.1798443426333167,1.0146610869167083,0.7660961216003002,0.8376592166225614,0.861949985547774,0.8702631423354177,1.4110882389939967,1.0101173774174592,0.8809803663646822,1.0165362436373186
7.235742246123062,1.1792426959424713,1.012187173643822,0.7662772500355177,0.8379915268364182,0.86381198281991,0.8698411221910956,1.4082892062896448,1.0156904522326164,0.8798809271540771,1.0174287507493747
7.240981740870436,1.178641049251626,1.0097132603709353,0.7664583784707354,0.8383238370502752,0.8656739800920462,0.8694191020467733,1.4054901735852923,1.0212635270477743,0.8787814879434717,1.0183212578614307
7.246221235617809,1.1780394025607805,1.007239347098049,0.766639506905953,0.8386561472641321,0.8675359773641821,0.8689970819024513,1.4026911408809404,1.0268366018629316,0.8776820487328665,1.0192137649734867
7.251460730365183,1.177437755869935,1.0047654338251624,0.7668206353411706,0.8389884574779891,0.8693979746363183,0.868575061758129,1.399892108176588,1.0324096766780897,0.8765826095222611,1.0201062720855427
7.2567002251125565,1.1768361091790895,1.002291520552276,0.7670017637763882,0.8393207676918459,0.8712599719084543,0.8681530416138069,1.397093075472236,1.0379827514932467,0.8754831703116558,1.0209987791975987
7.261939719859931,1.1762344624882441,0.9998176072793894,0.7671828922116058,0.839653077905703,0.8731219691805905,0.8677310214694848,1.3942940427678836,1.0435558263084048,0.8743837311010504,1.021891286309655
7.267179214607304,1.1756328157973988,0.9973436940065031,0.7673640206468234,0.8399853881195598,0.8749839664527264,0.8673090013251626,1.3914950100635317,1.049128901123562,0.8732842918904452,1.0227837934217108
7.272418709354678,1.1752146931170586,0.994975321176588,0.7681581789449728,0.8408912890417712,0.8763374307253626,0.8672139487263634,1.3899033168766886,1.0534583352401201,0.8722624870370185,1.024701387974988
7.277658204102051,1.1754358113721861,0.9929745611255627,0.7710876097993998,0.8437950901840922,0.8759196002806403,0.8682577718479241,1.3925169635822912,1.053455987148074,0.8715110939894948,1.0301895118179092
7.282897698849425,1.1756569296273136,0.9909738010745374,0.7740170406538268,0.8466988913264131,0.875501769835918,0.8693015949694847,1.3951306102878938,1.053453639056028,0.8707597009419711,1.0356776356608302
7.288137193596799,1.1758780478824413,0.9889730410235116,0.7769464715082542,0.8496026924687345,0.8750839393911956,0.8703454180910456,1.3977442569934968,1.053451290963982,0.8700083078944472,1.041165759503752
7.293376688344172,1.1760991661375688,0.9869722809724862,0.7798759023626812,0.8525064936110555,0.8746661089464732,0.8713892412126063,1.4003579036990994,1.053448942871936,0.8692569148469235,1.046653883346673
7.298616183091546,1.1763202843926963,0.9849715209214606,0.7828053332171088,0.8554102947533768,0.8742482785017508,0.8724330643341671,1.4029715504047024,1.0534465947798899,0.8685055217993997,1.052142007189595
7.30385567783892,1.176541402647824,0.9829707608704352,0.7857347640715356,0.8583140958956978,0.8738304480570285,0.8734768874557278,1.405585197110305,1.053444246687844,0.867754128751876,1.057630131032516
7.309095172586294,1.1767625209029515,0.9809700008194095,0.7886641949259632,0.8612178970380192,0.8734126176123062,0.8745207105772886,1.408198843815908,1.0534418985957978,0.8670027357043522,1.063118254875438
7.314334667333667,1.176983639158079,0.9789692407683842,0.7915936257803902,0.8641216981803401,0.8729947871675838,0.8755645336988493,1.4108124905215107,1.053439550503752,0.8662513426568285,1.068606378718359
7.319574162081041,1.1772047574132067,0.9769684807173585,0.7945230566348176,0.8670254993226616,0.8725769567228614,0.8766083568204103,1.4134261372271137,1.0534372024117058,0.8654999496093047,1.074094502561281
7.324813656828415,1.1768321387596299,0.9746745746968484,0.7964393260770385,0.8699184184249624,0.8726489774047024,0.8775151913359179,1.4146658622771386,1.053705068010005,0.8647239343649324,1.0782554134249625
7.330053151575789,1.1741285529829912,0.971229799314657,0.7943779988639318,0.8727686154442224,0.8746441173241623,0.8778842187313657,1.4105116726793392,1.0550337725407706,0.8638512541995997,1.077205784444222
7.335292646323162,1.171424967206353,0.9677850239324661,0.7923166716508253,0.8756188124634818,0.8766392572436219,0.8782532461268134,1.4063574830815406,1.0563624770715359,0.8629785740342671,1.0761561554634818
7.340532141070535,1.168721381429715,0.9643402485502752,0.7902553444377189,0.8784690094827413,0.8786343971630814,0.8786222735222611,1.402203293483742,1.0576911816023011,0.8621058938689345,1.0751065264827413
7.3457716358179095,1.1660177956530764,0.9608954731680838,0.7881940172246121,0.8813192065020012,0.8806295370825414,0.8789913009177088,1.3980491038859426,1.0590198861330666,0.8612332137036017,1.0740568975020008
7.351011130565283,1.1633142098764382,0.9574506977858929,0.7861326900115057,0.8841694035212607,0.882624677002001,0.8793603283131566,1.393894914288144,1.060348590663832,0.8603605335382691,1.0730072685212606
7.356250625312657,1.1606106240997995,0.9540059224037014,0.784071362798399,0.8870196005405206,0.884619816921461,0.8797293557086043,1.3897407246903446,1.0616772951945974,0.8594878533729364,1.0719576395405201
7.36149012006003,1.1579070383231613,0.9505611470215106,0.7820100355852925,0.8898697975597801,0.8866149568409205,0.880098383104052,1.385586535092546,1.0630059997253627,0.8586151732076038,1.07090801055978
7.366729614807404,1.1552034525465227,0.9471163716393192,0.7799487083721858,0.89271999457904,0.8886100967603805,0.8804674104994998,1.3814323454947466,1.0643347042561282,0.857742493042271,1.0698583815790395
7.371969109554778,1.1524998667698847,0.9436715962571283,0.7778873811590793,0.8955701915982994,0.89060523667984,0.8808364378949475,1.377278155896948,1.0656634087868937,0.8568698128769384,1.0688087525982992
7.377208604302152,1.1499601960112553,0.9411042928346676,0.7769996556825921,0.8983772246560786,0.8931711090775397,0.8813069355277641,1.3740764883939471,1.0673396300550282,0.8562048265125064,1.0681805055637823
7.382448099049525,1.1481525293056525,0.9424555628214109,0.7813529461805908,0.9009914981050529,0.8982857319944978,0.8822305742206104,1.375128549697849,1.070567775383192,0.8564673494507254,1.0694340463986995
7.387687593796899,1.1463448626000496,0.9438068328081544,0.7857062366785902,0.9036057715540275,0.9034003549114568,0.8831542129134569,1.376180611001751,1.0737959207113563,0.8567298723889446,1.0706875872336172
7.392927088544273,1.144537195894447,0.9451581027948976,0.7900595271765888,0.9062200450030018,0.9085149778284148,0.8840778516063033,1.377232672305653,1.0770240660395203,0.8569923953271636,1.0719411280685345
7.398166583291646,1.1427295291888442,0.9465093727816409,0.7944128176745875,0.9088343184519762,0.9136296007453729,0.8850014902991495,1.3782847336095547,1.080252211367684,0.8572549182653827,1.0731946689034517
7.40340607803902,1.1409218624832413,0.9478606427683843,0.7987661081725869,0.9114485919009508,0.9187442236623318,0.885925128991996,1.3793367949134567,1.0834803566958484,0.8575174412036018,1.0744482097383694
7.408645572786393,1.1391141957776387,0.9492119127551276,0.8031193986705856,0.9140628653499251,0.9238588465792898,0.8868487676848424,1.3803888562173587,1.0867085020240121,0.857779964141821,1.0757017505732867
7.4138850675337675,1.1373065290720357,0.9505631827418711,0.807472689168585,0.9166771387988998,0.9289734694962488,0.887772406377689,1.3814409175212607,1.0899366473521765,0.85804248708004,1.0769552914082043
7.419124562281141,1.135498862366433,0.9519144527286144,0.8118259796665835,0.919291412247874,0.9340880924132069,0.8886960450705353,1.3824929788251625,1.0931647926803405,0.8583050100182592,1.0782088322431216
7.424364057028515,1.13369119566083,0.9532657227153579,0.816179270164583,0.9219056856968488,0.9392027153301659,0.8896196837633819,1.3835450401290645,1.096392938008505,0.8585675329564783,1.0794623730780393
7.429603551775888,1.13193856916033,0.9539138055172585,0.8191442790380188,0.9243856185342673,0.9439778321753379,0.8905199968209105,1.3843459923696848,1.0991679202288644,0.8586549698754377,1.0807300760115057
7.4348430465232624,1.1304687646368181,0.9509485880155073,0.814975656179089,0.9261752473061533,0.9470084101285647,0.8913004519984994,1.3838566303466733,1.0996143412491246,0.8578427340185092,1.082070550343672
7.440082541270636,1.1289989601133066,0.9479833705137567,0.8108070333201598,0.9279648760780391,0.9500389880817911,0.8920809071760881,1.3833672683236617,1.1000607622693848,0.8570304981615807,1.083411024675838
7.44532203601801,1.1275291555897946,0.9450181530120055,0.80663841046123,0.9297545048499253,0.953069566035018,0.892861362353677,1.3828779063006502,1.100507183289645,0.8562182623046523,1.0847514990080043
7.450561530765383,1.126059351066283,0.9420529355102549,0.8024697876023008,0.931544133621811,0.9561001439882444,0.8936418175312657,1.3823885442776387,1.100953604309905,0.8554060264477238,1.0860919733401702
7.4558010255127565,1.1245895465427713,0.9390877180085042,0.7983011647433718,0.9333337623936968,0.9591307219414708,0.8944222727088544,1.3818991822546274,1.1014000253301652,0.8545937905907954,1.087432447672336
7.461040520260131,1.1231197420192596,0.9361225005067532,0.7941325418844418,0.935123391165583,0.9621612998946976,0.8952027278864433,1.3814098202316158,1.1018464463504254,0.8537815547338669,1.0887729220045024
7.466280015007504,1.1216499374957478,0.9331572830050024,0.7899639190255128,0.9369130199374688,0.9651918778479239,0.895983183064032,1.3809204582086043,1.1022928673706853,0.8529693188769385,1.0901133963366683
7.471519509754878,1.120180132972236,0.9301920655032514,0.785795296166583,0.9387026487093548,0.9682224558011508,0.8967636382416209,1.3804310961855928,1.1027392883909455,0.8521570830200099,1.0914538706688346
7.476759004502251,1.1187103284487243,0.9272268480015007,0.7816266733076538,0.9404922774812406,0.9712530337543772,0.8975440934192096,1.3799417341625813,1.1031857094112056,0.8513448471630816,1.0927943450010005
7.481998499249626,1.117349344510005,0.9245900741803401,0.7780060153436719,0.9427634786088049,0.9736476300587792,0.8981741748124062,1.3791709342973986,1.1038568015202603,0.8508429600245124,1.0945666290065037
7.487237993996999,1.11664128408004,0.9239239624427213,0.7776731467493747,0.9479241138704354,0.972226336470235,0.8979020134992497,1.3767115073791896,1.1058759201620811,0.8522031651960981,1.098929771052026
7.492477488744373,1.115933223650075,0.9232578507051025,0.7773402781550776,0.9530847491320666,0.9708050428816907,0.897629852186093,1.3742520804609804,1.1078950388039022,0.853563370367684,1.1032929130975493
7.497716983491746,1.11522516322011,0.9225917389674838,0.7770074095607804,0.958245384393697,0.9693837492931465,0.8973576908729365,1.3717926535427714,1.109914157445723,0.8549235755392697,1.1076560551430716
7.50295647823912,1.114517102790145,0.921925627229865,0.7766745409664833,0.9634060196553275,0.9679624557046024,0.8970855295597799,1.3693332266245624,1.1119332760875438,0.8562837807108554,1.112019197188594
7.508195972986494,1.11380904236018,0.9212595154922462,0.7763416723721861,0.9685666549169587,0.9665411621160579,0.8968133682466233,1.3668737997063531,1.1139523947293648,0.8576439858824413,1.1163823392341172
7.513435467733867,1.1131009819302151,0.9205934037546274,0.776008803777889,0.9737272901785891,0.9651198685275137,0.8965412069334667,1.3644143727881441,1.1159715133711856,0.8590041910540269,1.1207454812796396
7.518674962481241,1.1123929215002502,0.9199272920170085,0.7756759351835918,0.9788879254402204,0.9636985749389694,0.8962690456203102,1.361954945869935,1.1179906320130066,0.8603643962256129,1.1251086233251628
7.5239144572286145,1.1116848610702852,0.9192611802793897,0.7753430665892946,0.9840485607018508,0.9622772813504252,0.8959968843071536,1.359495518951726,1.1200097506548274,0.8617246013971985,1.1294717653706852
7.529153951975989,1.11097680064032,0.9185950685417709,0.7750101979949975,0.9892091959634821,0.9608559877618807,0.895724722993997,1.3570360920335167,1.1220288692966485,0.8630848065687845,1.1338349074162082
7.534393446723362,1.110114601211856,0.9175992893756879,0.7755444210220109,0.9940916308204102,0.9601075871758378,0.895490372510005,1.355029688732366,1.1238105285212607,0.8641016880070035,1.1375055101188094
7.539632941470736,1.1081514089369682,0.9142487428634315,0.7822721556298156,0.996986919929465,0.9641655651790899,0.8955260993771886,1.3562591684102052,1.1238960490515257,0.8626662570640319,1.1362294032291143
7.544872436218109,1.106188216662081,0.9108981963511755,0.788999890237619,0.9998822090385193,0.9682235431823413,0.8955618262443722,1.357488648088044,1.123981569581791,0.8612308261210605,1.1349532963394195
7.550111930965484,1.1042250243871934,0.907547649838919,0.7957276248454236,1.002777498147574,0.9722815211855933,0.8955975531115558,1.358718127765883,1.1240670901120562,0.8597953951780889,1.1336771894497246
7.555351425712857,1.1022618321123059,0.9041971033266631,0.8024553594532271,1.0056727872566285,0.9763394991888447,0.8956332799787394,1.359947607443722,1.1241526106423212,0.8583599642351175,1.13240108256003
7.56059092046023,1.1002986398374186,0.9008465568144072,0.8091830940610305,1.0085680763656828,0.980397477192096,0.895669006845923,1.3611770871215607,1.1242381311725864,0.8569245332921461,1.131124975670335
7.565830415207604,1.098335447562531,0.8974960103021508,0.8159108286688351,1.0114633654747378,0.9844554551953482,0.8957047337131065,1.3624065667993999,1.1243236517028514,0.8554891023491744,1.12984886878064
7.571069909954978,1.0963722552876436,0.8941454637898948,0.8226385632766386,1.0143586545837922,0.9885134331985995,0.8957404605802902,1.3636360464772386,1.1244091722331166,0.854053671406203,1.1285727618909454
7.576309404702352,1.094409063012756,0.8907949172776383,0.8293662978844433,1.017253943692847,0.9925714112018516,0.8957761874474738,1.3648655261550777,1.1244946927633817,0.8526182404632314,1.1272966550012504
7.581548899449725,1.0924458707378688,0.8874443707653824,0.8360940324922467,1.0201492328019013,0.996629389205103,0.8958119143146573,1.3660950058329164,1.1245802132936469,0.85118280952026,1.1260205481115555
7.586788394197099,1.0904697768356675,0.8845786626258132,0.8426455805525273,1.0226372595275137,1.0005059936378193,0.8959977470735371,1.3666815187010994,1.1246275056208104,0.8499893708631818,1.1251811458611811
7.592027888944473,1.0883810296998497,0.8859464212526265,0.8476587192466238,1.0215691903196598,1.0027988971375692,0.8974942605452728,1.3616538335727857,1.1243410004672336,0.85090893801951,1.128154920705353
7.597267383691847,1.0862922825640315,0.88731417987944,0.8526718579407213,1.0205011211118058,1.0050918006373193,0.8989907740170088,1.3566261484444713,1.1240544953136566,0.8518285051758382,1.1311286955495252
7.60250687843922,1.0842035354282138,0.8886819385062533,0.857684996634818,1.0194330519039518,1.007384704137069,0.9004872874887445,1.3515984633161575,1.1237679901600799,0.8527480723321662,1.1341024703936973
7.607746373186594,1.0821147882923958,0.8900496971330668,0.8626981353289155,1.0183649826960979,1.009677607636819,0.9019838009604806,1.3465707781878429,1.1234814850065031,0.8536676394884944,1.1370762452378695
7.6129858679339675,1.080026041156578,0.8914174557598801,0.8677112740230121,1.017296913488244,1.0119705111365687,0.9034803144322163,1.3415430930595291,1.1231949798529264,0.8545872066448226,1.1400500200820414
7.618225362681341,1.0779372940207603,0.8927852143866934,0.8727244127171088,1.0162288442803902,1.0142634146363183,0.9049768279039521,1.3365154079312154,1.1229084746993496,0.8555067738011507,1.1430237949262132
7.623464857428715,1.0758485468849421,0.8941529730135069,0.8777375514112062,1.015160775072536,1.0165563181360684,0.906473341375688,1.3314877228029007,1.1226219695457729,0.8564263409574789,1.1459975697703857
7.628704352176088,1.0737597997491244,0.8955207316403202,0.8827506901053028,1.0140927058646823,1.018849221635818,0.9079698548474238,1.326460037674587,1.1223354643921961,0.857345908113807,1.1489713446145575
7.633943846923462,1.0716710526133064,0.8968884902671338,0.8877638287994004,1.0130246366568283,1.0211421251355681,0.9094663683191597,1.3214323525462726,1.1220489592386191,0.8582654752701352,1.1519451194587298
7.639183341670836,1.0696487030292645,0.898133857094047,0.8920018093794394,1.0121906535515257,1.0233478294122063,0.9109029973809405,1.3166118115050025,1.121908708227864,0.8590729904229615,1.154657321594047
7.64442283641821,1.0683627626558276,0.8980217875947974,0.887642581785392,1.0139528981290646,1.0245864150325166,0.9116754538959481,1.3140886867018506,1.1233905486193099,0.8586377469914956,1.1544684445947975
7.649662331165583,1.0670768222823912,0.8979097180955478,0.8832833541913453,1.0157151427066033,1.0258250006528264,0.9124479104109555,1.3115655618986992,1.1248723890107555,0.85820250356003,1.1542795675955477
7.654901825912957,1.0657908819089543,0.8977976485962982,0.8789241265972979,1.0174773872841423,1.0270635862731368,0.9132203669259631,1.3090424370955474,1.1263542294022013,0.8577672601285642,1.1540906905962982
7.660141320660331,1.0645049415355177,0.8976855790970485,0.8745648990032513,1.019239631861681,1.0283021718934469,0.9139928234409705,1.3065193122923962,1.127836069793647,0.8573320166970985,1.1539018135970485
7.665380815407704,1.063219001162081,0.8975735095977989,0.8702056714092046,1.0210018764392195,1.029540757513757,0.914765279955978,1.3039961874892447,1.1293179101850925,0.8568967732656328,1.153712936597799
7.670620310155078,1.0619330607886441,0.8974614400985493,0.8658464438151572,1.0227641210167584,1.0307793431340673,0.9155377364709856,1.3014730626860929,1.1307997505765384,0.856461529834167,1.1535240595985494
7.675859804902451,1.0606471204152077,0.8973493705992996,0.8614872162211106,1.024526365594297,1.0320179287543774,0.9163101929859929,1.2989499378829414,1.132281590967984,0.8560262864027013,1.1533351825992997
7.6810992996498255,1.0593611800417708,0.8972373011000501,0.8571279886270631,1.026288610171836,1.0332565143746875,0.9170826495010005,1.2964268130797896,1.1337634313594298,0.8555910429712356,1.1531463056000502
7.686338794397199,1.0580752396683342,0.8971252316008005,0.8527687610330165,1.0280508547493747,1.0344950999949976,0.917855106016008,1.2939036882766384,1.1352452717508756,0.8551557995397698,1.1529574286008004
7.691578289144573,1.0567964136958479,0.8969029893589293,0.8488939380725367,1.029994919293147,1.0359414571573293,0.9186788612491247,1.2916220944139571,1.1368277740795403,0.8547855553516759,1.1529561058036522
7.696817783891946,1.0556240191615809,0.8950325628874437,0.8522658084302153,1.034659010531766,1.0404960765882942,0.9202700453051526,1.2929538034207104,1.1399161789889947,0.8553876998444222,1.1557605938699351
7.70205727863932,1.0544516246273135,0.8931621364159578,0.8556376787878943,1.0393231017703857,1.0450506960192603,0.9218612293611808,1.294285512427464,1.1430045838984497,0.8559898443371686,1.1585650819362185
7.707296773386694,1.0532792300930465,0.8912917099444722,0.8590095491455729,1.0439871930090046,1.0496053154502254,0.9234524134172086,1.2956172214342172,1.1460929888079041,0.8565919888299149,1.1613695700025013
7.712536268134068,1.0521068355587793,0.8894212834729863,0.8623814195032521,1.0486512842476243,1.0541599348811912,0.9250435974732368,1.2969489304409707,1.1491813937173592,0.8571941333226614,1.1641740580687847
7.717775762881441,1.0509344410245123,0.8875508570015007,0.8657532898609306,1.0533153754862432,1.0587145543121563,0.9266347815292647,1.298280639447724,1.1522697986268136,0.8577962778154077,1.1669785461350677
7.7230152576288145,1.0497620464902453,0.8856804305300151,0.8691251602186092,1.0579794667248623,1.0632691737431215,0.9282259655852926,1.2996123484544773,1.155358203536268,0.8583984223081541,1.1697830342013504
7.728254752376189,1.0485896519559779,0.8838100040585292,0.8724970305762884,1.0626435579634819,1.0678237931740873,0.9298171496413207,1.3009440574612308,1.158446608445723,0.8590005668009005,1.1725875222676339
7.733494247123562,1.0474172574217109,0.8819395775870436,0.8758689009339669,1.067307649202101,1.0723784126050524,0.9314083336973485,1.302275766467984,1.1615350133551774,0.8596027112936468,1.1753920103339168
7.738733741870936,1.0462448628874437,0.8800691511155576,0.879240771291646,1.0719717404407205,1.0769330320360182,0.9329995177533768,1.3036074754747375,1.1646234182646324,0.8602048557863933,1.1781964984002002
7.743973236618309,1.0450520705345172,0.878228508235868,0.8828101693691844,1.0765128364327163,1.0813920221510755,0.9345733298206602,1.3046693398289146,1.1674662185825413,0.8608170613664332,1.1808076008786892
7.749212731365684,1.0434009271975986,0.8770571201835917,0.8908181315047531,1.0782901568829415,1.0837021652851428,0.9357567830820411,1.2996676361075534,1.1647901392551272,0.8616553454962482,1.1790732154432213
7.754452226113057,1.0417497838606802,0.8758857321313156,0.8988260936403203,1.0800674773331667,1.0860123084192097,0.9369402363434217,1.294665932386193,1.1621140599277138,0.8624936296260631,1.1773388300077536
7.759691720860431,1.0400986405237616,0.8747143440790394,0.9068340557758889,1.0818447977833918,1.088322451553277,0.9381236896048025,1.2896642286648319,1.1594379806002997,0.863331913755878,1.1756044445722857
7.764931215607804,1.0384474971868434,0.8735429560267634,0.9148420179114563,1.083622118233617,1.0906325946873439,0.9393071428661831,1.2846625249434716,1.1567619012728863,0.8641701978856929,1.1738700591368183
7.7701707103551785,1.0367963538499247,0.872371567974487,0.9228499800470248,1.0853994386838421,1.092942737821411,0.940490596127564,1.2796608212221103,1.1540858219454722,0.865008482015508,1.1721356737013502
7.775410205102552,1.0351452105130063,0.871200179922211,0.9308579421825921,1.087176759134067,1.095252880955478,0.9416740493889446,1.27465911750075,1.1514097426180587,0.8658467661453227,1.1704012882658827
7.780649699849925,1.033494067176088,0.870028791869935,0.9388659043181593,1.0889540795842922,1.0975630240895449,0.9428575026503252,1.2696574137793897,1.148733663290645,0.8666850502751376,1.168666902830415
7.785889194597299,1.0318429238391693,0.8688574038176586,0.946873866453728,1.0907314000345174,1.0998731672236122,0.944040955911706,1.2646557100580285,1.1460575839632312,0.8675233344049527,1.1669325173949472
7.7911286893446725,1.030191780502251,0.8676860157653826,0.9548818285892953,1.0925087204847426,1.102183310357679,0.9452244091730867,1.259654006336668,1.1433815046358176,0.8683616185347675,1.1651981319594795
7.796368184092047,1.028548175988994,0.8665603883031517,0.9627128038114057,1.0943237341798406,1.1044804617576292,0.9463842316535769,1.254736181730615,1.14075728702051,0.8691837666550776,1.1636973872466247
7.80160767883942,1.027231253834417,0.8674177197428715,0.9628743461170585,1.09777212181941,1.1062146380125064,0.9465200536288144,1.253453118787894,1.1403804102631314,0.8693066876968485,1.1723210738469243
7.806847173586794,1.0259143316798396,0.8682750511825915,0.9630358884227114,1.1012205094589802,1.107948814267384,0.9466558756040521,1.2521700558451725,1.1400035335057528,0.8694296087386194,1.1809447604472252
7.812086668334167,1.0245974095252623,0.8691323826223113,0.9631974307283642,1.1046688970985497,1.1096829905222614,0.9467916975792897,1.250886992902451,1.1396266567483742,0.8695525297803902,1.1895684470475247
7.817326163081542,1.023280487370685,0.8699897140620312,0.963358973034017,1.1081172847381198,1.1114171667771389,0.9469275195545274,1.2496039299597297,1.1392497799909953,0.8696754508221611,1.1981921336478256
7.822565657828915,1.0219635652161079,0.870847045501751,0.9635205153396699,1.1115656723776892,1.1131513430320161,0.9470633415297649,1.2483208670170085,1.1388729032336167,0.869798371863932,1.2068158202481252
7.827805152576289,1.0206466430615304,0.871704376941471,0.9636820576453227,1.1150140600172593,1.1148855192868938,0.9471991635050026,1.2470378040742869,1.138496026476238,0.8699212929057029,1.215439506848426
7.833044647323662,1.0193297209069534,0.8725617083811907,0.9638435999509755,1.1184624476568288,1.116619695541771,0.9473349854802402,1.2457547411315657,1.1381191497188594,0.8700442139474738,1.2240631934487254
7.838284142071036,1.0180127987523762,0.8734190398209105,0.9640051422566284,1.1219108352963982,1.1183538717966486,0.9474708074554778,1.2444716781888445,1.1377422729614808,0.8701671349892447,1.232686880049025
7.84352363681841,1.0166958765977987,0.8742763712606304,0.9641666845622812,1.1253592229359684,1.120088048051526,0.9476066294307154,1.243188615246123,1.137365396204102,0.8702900560310155,1.2413105666493258
7.848763131565783,1.0153775686908453,0.8751276779719859,0.9643402566643324,1.1287962052748872,1.1218249067481243,0.9477469362163583,1.2419069399312157,1.1369892790330165,0.8704154210235119,1.2499032894222109
7.854002626313157,1.0135077313381688,0.8735811427943969,0.9693016877328672,1.1276938779549772,1.1246293772496254,0.9496721975432719,1.241177540486243,1.1369154772066032,0.8715134784047025,1.2461724088844417
7.8592421210605306,1.0116378939854926,0.8720346076168083,0.974263118801401,1.1265915506350674,1.1274338477511259,0.9515974588701853,1.2404481410412707,1.1368416753801902,0.872611535785893,1.2424415283466732
7.864481615807905,1.0097680566328162,0.8704880724392193,0.9792245498699358,1.1254892233151574,1.1302383182526268,0.9535227201970989,1.239718741596298,1.136767873553777,0.8737095931670837,1.2387106478089038
7.869721110555278,1.00789821928014,0.8689415372616307,0.9841859809384697,1.1243868959952474,1.1330427887541272,0.9554479815240122,1.2389893421513256,1.1366940717273637,0.8748076505482743,1.2349797672711353
7.874960605302652,1.0060283819274634,0.8673950020840417,0.9891474120070043,1.1232845686753374,1.1358472592556283,0.9573732428509258,1.2382599427063532,1.1366202699009504,0.8759057079294649,1.2312488867333662
7.8802001000500255,1.0041585445747871,0.8658484669064531,0.9941088430755382,1.1221822413554277,1.1386517297571288,0.9592985041778391,1.2375305432613806,1.1365464680745374,0.8770037653106554,1.2275180061955975
7.885439594797399,1.002288707222111,0.8643019317288644,0.9990702741440721,1.1210799140355177,1.1414562002586293,0.9612237655047524,1.2368011438164082,1.1364726662481242,0.8781018226918459,1.223787125657829
7.890679089544773,1.0004188698694345,0.8627553965512755,1.0040317052126069,1.1199775867156077,1.1442606707601304,0.963149026831666,1.2360717443714357,1.136398864421711,0.8791998800730366,1.2200562451200596
7.895918584292146,0.9985490325167583,0.8612088613736868,1.0089931362811406,1.1188752593956979,1.1470651412616308,0.9650742881585793,1.2353423449264633,1.1363250625952976,0.8802979374542271,1.2163253645822911
7.90115807903952,0.9966791951640818,0.8596623261960978,1.0139545673496753,1.1177729320757879,1.1498696117631317,0.9669995494854929,1.2346129454814907,1.1362512607688844,0.8813959948354178,1.212594484044522
7.906397573786894,0.9958947140375187,0.8602266421880941,1.010761842872436,1.1190512148729366,1.1480994086338168,0.968522969925963,1.2321069093801902,1.134962533675838,0.8813278141735867,1.2131240654097049
7.911637068534268,0.995129614272136,0.8608286519509756,1.007423508474737,1.1203720085650326,1.1462475149039517,0.9700392146363184,1.2295691476243118,1.1336521114887443,0.8812388078324161,1.213729726451726
7.916876563281641,0.9943645145067533,0.861430661713857,1.0040851740770385,1.1216928022571286,1.1443956211740869,0.9715554593466734,1.227031385868434,1.132341689301651,0.8811498014912456,1.2143353874937468
7.922116058029015,0.9935994147413706,0.8620326714767385,1.0007468396793393,1.1230135959492247,1.1425437274442218,0.9730717040570287,1.224493624112556,1.1310312671145573,0.881060795150075,1.214941048535768
7.927355552776389,0.992834314975988,0.8626346812396198,0.9974085052816407,1.1243343896413207,1.140691833714357,0.9745879487673837,1.2219558623566782,1.1297208449274638,0.8809717888089044,1.215546709577789
7.932595047523763,0.9920692152106052,0.8632366910025013,0.9940701708839416,1.125655183333417,1.138839939984492,0.976104193477739,1.2194181006008,1.12841042274037,0.8808827824677338,1.2161523706198099
7.937834542271136,0.9913041154452226,0.8638387007653827,0.990731836486243,1.1269759770255128,1.1369880462546271,0.9776204381880941,1.2168803388449223,1.1271000005532765,0.8807937761265633,1.216758031661831
7.943074037018509,0.9905390156798399,0.8644407105282641,0.9873935020885445,1.1282967707176088,1.1351361525247623,0.9791366828984491,1.2143425770890446,1.125789578366183,0.8807047697853927,1.2173636927038518
7.9483135317658835,0.9897739159144572,0.8650427202911456,0.9840551676908453,1.1296175644097048,1.1332842587948972,0.9806529276088045,1.2118048153331664,1.1244791561790894,0.8806157634442221,1.217969353745873
7.953553026513257,0.9890088161490745,0.8656447300540271,0.9807168332931467,1.1309383581018009,1.1314323650650324,0.9821691723191596,1.2092670535772887,1.123168733991996,0.8805267571030515,1.218575014787894
7.958792521260631,0.9873931716553276,0.8654376273246623,0.985459614365183,1.133434454677339,1.1340421227688846,0.9825971519049526,1.2061144690180088,1.1235157353326664,0.8815130879184593,1.2182368770185092
7.964032016008004,0.9857443027581291,0.8651989186385693,0.9905180640102552,1.135976461521761,1.136826163731866,0.9829826211343172,1.2029378679429714,1.12392747977989,0.8825414240915458,1.217861872108054
7.969271510755378,0.9840954338609302,0.8649602099524762,0.9955765136553283,1.1385184683661833,1.1396102046948478,0.9833680903636819,1.1997612668679336,1.1243392242271135,0.8835697602646324,1.2174868671975987
7.974511005502752,0.9824465649637318,0.8647215012663831,1.0006349633004004,1.1410604752106055,1.142394245657829,0.9837535595930466,1.1965846657928962,1.124750968674337,0.8845980964377189,1.2171118622871435
7.979750500250126,0.980797696066533,0.8644827925802901,1.0056934129454735,1.143602482055028,1.1451782866208107,0.9841390288224113,1.1934080647178584,1.125162713121561,0.8856264326108055,1.2167368573766884
7.984989994997499,0.9791488271693345,0.864244083894197,1.0107518625905456,1.14614448889945,1.147962327583792,0.9845244980517759,1.190231463642821,1.1255744575687843,0.886654768783892,1.2163618524662332
7.990229489744873,0.9774999582721358,0.8640053752081039,1.0158103122356188,1.1486864957438725,1.1507463685467738,0.9849099672811407,1.1870548625677833,1.125986202016008,0.8876831049569787,1.2159868475557778
7.995468984492247,0.9758510893749373,0.863766666522011,1.0208687618806909,1.1512285025882947,1.1535304095097552,0.9852954365105053,1.1838782614927459,1.1263979464632317,0.8887114411300652,1.2156118426453226
8.00070847923962,0.9742022204777387,0.8635279578359178,1.0259272115257632,1.1537705094327166,1.1563144504727365,0.98568090573987,1.1807016604177085,1.1268096909104552,0.8897397773031516,1.2152368377348675
8.005947973986993,0.9725533515805402,0.8632892491498249,1.0309856611708355,1.1563125162771386,1.1590984914357179,0.9860663749692347,1.1775250593426712,1.1272214353576788,0.8907681134762381,1.2148618328244123
8.011187468734368,0.9725461905672836,0.8627597714252124,1.033149285969485,1.1569149279679842,1.1608442129129568,0.9868736469799902,1.1755584124427207,1.1273787537338669,0.8916405240105054,1.216127230143072
8.016426963481742,0.9726394531745873,0.8622125072966482,1.0351358337163585,1.1573986942106054,1.1625264201663335,0.9877067207566285,1.173665778697098,1.1275205088131566,0.8925033965402703,1.217492971215108
8.021666458229115,0.9727327157818909,0.8616652431680839,1.0371223814632318,1.1578824604532267,1.16420862741971,0.9885397945332667,1.1717731449514754,1.127662263892446,0.8933662690700351,1.2188587122871437
8.026905952976488,0.9728259783891946,0.8611179790395197,1.039108929210105,1.1583662266958479,1.1658908346730865,0.989372868309905,1.1698805112058528,1.1278040189717358,0.8942291415997999,1.2202244533591797
8.032145447723863,0.9729192409964983,0.8605707149109553,1.041095476956979,1.1588499929384695,1.1675730419264636,0.9902059420865436,1.1679878774602295,1.1279457740510255,0.8950920141295651,1.221590194431216
8.037384942471236,0.9730125036038019,0.8600234507823911,1.0430820247038521,1.1593337591810906,1.1692552491798403,0.9910390158631818,1.1660952437146068,1.1280875291303152,0.8959548866593299,1.222955935503252
8.04262443721861,0.9731057662111056,0.8594761866538269,1.0450685724507256,1.159817525423712,1.1709374564332167,0.99187208963982,1.1642026099689842,1.1282292842096049,0.8968177591890947,1.2243216765752878
8.047863931965983,0.9731990288184091,0.8589289225252625,1.0470551201975988,1.1603012916663331,1.1726196636865933,0.9927051634164582,1.1623099762233615,1.1283710392888944,0.8976806317188595,1.2256874176473238
8.053103426713356,0.9732922914257128,0.8583816583966983,1.049041667944472,1.1607850579089545,1.1743018709399697,0.9935382371930965,1.1604173424777389,1.128512794368184,0.8985435042486243,1.2270531587193596
8.058342921460731,0.9733855540330165,0.8578343942681339,1.051028215691346,1.1612688241515758,1.175984078193347,0.994371310969735,1.1585247087321155,1.1286545494474738,0.8994063767783894,1.228418899791396
8.063582416208105,0.9723735061810903,0.8570136188799399,1.0566375032641329,1.162201173465733,1.1788111654787397,0.9953846745552778,1.1549843015997994,1.127495627488244,0.8995742136543272,1.2250387990025007
8.068821910955478,0.9712683479372185,0.8561698031410705,1.062551967289645,1.163171311027764,1.1817346964624813,0.9964132255975489,1.1513050874702349,1.126227137626313,0.8996835013311656,1.2212589126220608
8.074061405702851,0.9701631896933467,0.8553259874022011,1.0684664313151575,1.1641414485897947,1.184658227446223,0.9974417766398199,1.1476258733406703,1.1249586477643823,0.8997927890080041,1.2174790262416209
8.079300900450226,0.9690580314494744,0.8544821716633315,1.0743808953406717,1.1651115861518262,1.1875817584299657,0.9984703276820913,1.1439466592111047,1.123690157902451,0.8999020766848425,1.2136991398611796
8.0845403951976,0.9679528732056026,0.8536383559244621,1.080295359366184,1.166081723713857,1.1905052894137074,0.9994988787243624,1.1402674450815402,1.1224216680405201,0.9000113643616808,1.2099192534807397
8.089779889944973,0.9668477149617308,0.8527945401855928,1.0862098233916964,1.167051861275888,1.193428820397449,1.0005274297666333,1.1365882309519757,1.1211531781785893,0.9001206520385193,1.2061393671002998
8.095019384692346,0.9657425567178589,0.8519507244467234,1.0921242874172086,1.168021998837919,1.1963523513811907,1.0015559808089045,1.1329090168224112,1.1198846883166584,0.9002299397153577,1.2023594807198599
8.100258879439721,0.9646373984739868,0.8511069087078538,1.0980387514427228,1.1689921363999503,1.1992758823649332,1.002584531851176,1.1292298026928453,1.1186161984547272,0.9003392273921961,1.1985795943394186
8.105498374187095,0.9635322402301149,0.8502630929689844,1.1039532154682352,1.1699622739619813,1.2021994133486749,1.0036130828934469,1.125550588563281,1.1173477085927963,0.9004485150690346,1.1947997079589787
8.110737868934468,0.962427081986243,0.849419277230115,1.1098676794937474,1.1709324115240123,1.2051229443324165,1.004641633935718,1.1218713744337165,1.1160792187308655,0.9005578027458729,1.1910198215785388
8.115977363681841,0.9610590582796398,0.8495810450430216,1.1116272867208605,1.1709793061245624,1.2039988697033517,1.0054679441275638,1.1186471198039019,1.1167806735412706,0.901446193004002,1.1921621163286642
8.121216858429214,0.9596625574812407,0.849851751074037,1.1129367844614806,1.170926182737619,1.2024363044662332,1.006272344893947,1.1154721524532267,1.1176955390245122,0.9024189860417708,1.1938376473679337
8.12645635317659,0.9582660566828411,0.8501224571050526,1.1142462822021013,1.1708730593506753,1.2008737392291142,1.0070767456603302,1.1122971851025507,1.118610404507754,0.9033917790795399,1.195513178407204
8.131695847923963,0.9568695558844421,0.850393163136068,1.1155557799427216,1.170819935963732,1.1993111739919957,1.0078811464267134,1.1091222177518756,1.1195252699909957,0.9043645721173087,1.1971887094464735
8.136935342671336,0.955473055086043,0.8506638691670836,1.1168652776833417,1.1707668125767885,1.1977486087548774,1.0086855471930964,1.1059472504012005,1.1204401354742373,0.9053373651550776,1.1988642404857428
8.14217483741871,0.9540765542876439,0.8509345751980991,1.118174775423962,1.170713689189845,1.196186043517759,1.0094899479594797,1.1027722830505253,1.1213550009574786,0.9063101581928463,1.2005397715250123
8.147414332166084,0.9526800534892443,0.8512052812291147,1.1194842731645824,1.1706605658029015,1.19462347828064,1.010294348725863,1.0995973156998493,1.1222698664407207,0.9072829512306154,1.2022153025642826
8.152653826913458,0.9512835526908453,0.8514759872601302,1.1207937709052027,1.170607442415958,1.1930609130435215,1.011098749492246,1.0964223483491742,1.123184731923962,0.9082557442683843,1.203890833603552
8.157893321660831,0.9498870518924462,0.8517466932911456,1.122103268645823,1.1705543190290146,1.191498347806403,1.0119031502586293,1.093247380998499,1.1240995974072037,0.909228537306153,1.2055663646428214
8.163132816408204,0.9484905510940471,0.8520173993221611,1.123412766386443,1.170501195642071,1.1899357825692847,1.0127075510250123,1.090072413647824,1.1250144628904453,0.9102013303439219,1.207241895682091
8.168372311155577,0.9475300869059531,0.8510569679204604,1.1244083382361179,1.170613089643822,1.1910495557413705,1.013504993672336,1.087704967313657,1.1231801948149078,0.9121948662411202,1.207999016372186
8.173611805902953,0.9466278435152575,0.8499321516910954,1.1253619938446724,1.1707470172173589,1.1925206809169586,1.0143015072526262,1.0854453433879436,1.120978854928964,0.9143246945087546,1.208633508407704
8.178851300650326,0.9457256001245622,0.8488073354617308,1.1263156494532267,1.1708809447908954,1.1939918060925463,1.0150980208329163,1.083185719462231,1.1187775150430215,0.9164545227763883,1.2092680004432217
8.1840907953977,0.944823356733867,0.8476825192323663,1.1272693050617808,1.1710148723644322,1.195462931268134,1.0158945344132067,1.0809260955365183,1.1165761751570786,0.9185843510440219,1.2099024924787394
8.189330290145072,0.9439211133431716,0.8465577030030016,1.1282229606703351,1.171148799937969,1.1969340564437216,1.0166910479934967,1.0786664716108056,1.1143748352711358,0.9207141793116556,1.210536984514257
8.194569784892447,0.9430188699524761,0.8454328867736366,1.1291766162788894,1.1712827275115059,1.19840518161931,1.017487561573787,1.076406847685092,1.1121734953851923,0.92284400757929,1.211171476549775
8.19980927963982,0.9421166265617809,0.844308070544272,1.1301302718874437,1.1714166550850427,1.1998763067948977,1.0182840751540772,1.0741472237593794,1.1099721554992494,0.9249738358469236,1.2118059685852927
8.205048774387194,0.9412143831710855,0.8431832543149074,1.1310839274959978,1.1715505826585795,1.2013474319704853,1.0190805887343672,1.0718875998336668,1.1077708156133068,0.9271036641145572,1.2124404606208103
8.210288269134567,0.9403121397803903,0.8420584380855428,1.1320375831045522,1.171684510232116,1.202818557146073,1.0198771023146573,1.069627975907954,1.105569475727364,0.9292334923821909,1.213074952656328
8.21552776388194,0.939409896389695,0.8409336218561783,1.1329912387131063,1.1718184378056529,1.2042896823216607,1.0206736158949474,1.0673683519822414,1.1033681358414211,0.9313633206498245,1.2137094446918457
8.220767258629316,0.938977579198099,0.8425416712076039,1.1349301433621812,1.1716600655332667,1.206487508443722,1.0218253167028515,1.0658163648809404,1.1041815411420712,0.9316570878949474,1.2142515802991496
8.226006753376689,0.9386203955557779,0.8445866612768884,1.137026573293897,1.171454959273887,1.2088015222171087,1.0230338061663333,1.064377517388194,1.1054769551208106,0.9316572988719359,1.2147789496170585
8.231246248124062,0.9382632119134567,0.8466316513461729,1.1391230032256126,1.1712498530145072,1.211115535990495,1.024242295629815,1.0629386698954477,1.1067723690995497,0.9316575098489245,1.2153063189349675
8.236485742871436,0.9379060282711356,0.8486766414154574,1.1412194331573284,1.1710447467551277,1.2134295497638816,1.0254507850932966,1.0614998224027015,1.108067783078289,0.9316577208259129,1.2158336882528764
8.24172523761881,0.9375488446288144,0.8507216314847426,1.1433158630890448,1.170839640495748,1.2157435635372689,1.0266592745567786,1.0600609749099548,1.1093631970570286,0.9316579318029015,1.2163610575707855
8.246964732366184,0.9371916609864932,0.852766621554027,1.1454122930207604,1.1706345342363682,1.2180575773106554,1.0278677640202603,1.0586221274172085,1.110658611035768,0.9316581427798899,1.2168884268886944
8.252204227113557,0.936834477344172,0.8548116116233115,1.147508722952476,1.1704294279769885,1.220371591084042,1.0290762534837419,1.0571832799244623,1.1119540250145072,0.9316583537568784,1.2174157962066032
8.25744372186093,0.936477293701851,0.856856601692596,1.149605152884192,1.1702243217176087,1.2226856048574284,1.0302847429472235,1.055744432431716,1.1132494389932464,0.9316585647338669,1.217943165524512
8.262683216608306,0.9361201100595297,0.8589015917618812,1.1517015828159083,1.170019215458229,1.2249996186308156,1.0314932324107056,1.0543055849389693,1.1145448529719861,0.9316587757108554,1.2184705348424212
8.267922711355679,0.9357629264172086,0.8609465818311657,1.153798012747624,1.1698141091988494,1.2273136324042022,1.0327017218741872,1.052866737446223,1.1158402669507252,0.931658986687844,1.21899790416033
8.273162206103052,0.9359227932401201,0.8606549316723361,1.155790984514257,1.169827448070035,1.2258058002266132,1.033949863203602,1.051551971190095,1.1132949924212105,0.9319134710015008,1.2167778756033016
8.278401700850425,0.9361796070252626,0.8599251614707354,1.1577645578749374,1.1698817454032016,1.2235813719332167,1.035205439257879,1.050260470165833,1.1100295887963982,0.9322156315657829,1.2140427099447224
8.283641195597799,0.9364364208104051,0.8591953912691346,1.1597381312356176,1.169936042736368,1.2213569436398202,1.036461015312156,1.048968969141571,1.1067641851715861,0.932517792130065,1.2113075442861434
8.288880690345174,0.9366932345955478,0.8584656210675335,1.1617117045962986,1.1699903400695348,1.2191325153464228,1.0377165913664335,1.0476774681173084,1.1034987815467727,0.9328199526943473,1.2085723786275633
8.294120185092547,0.9369500483806904,0.8577358508659328,1.1636852779569788,1.1700446374027014,1.2169080870530262,1.0389721674207106,1.0463859670930462,1.1002333779219604,0.9331221132586294,1.205837212968984
8.29935967983992,0.9372068621658329,0.857006080664332,1.1656588513176591,1.170098934735868,1.2146836587596295,1.0402277434749876,1.0450944660687842,1.0969679742971483,0.9334242738229115,1.203102047310405
8.304599174587294,0.9374636759509755,0.8562763104627313,1.1676324246783394,1.1701532320690344,1.212459230466233,1.0414833195292648,1.0438029650445222,1.093702570672336,0.9337264343871936,1.2003668816518258
8.309838669334669,0.9377204897361181,0.8555465402611303,1.16960599803902,1.1702075294022012,1.2102348021728355,1.0427388955835422,1.0425114640202597,1.0904371670475226,0.9340285949514758,1.1976317159932457
8.315078164082042,0.9379773035212607,0.8548167700595295,1.1715795713997004,1.1702618267353677,1.208010373879439,1.0439944716378193,1.0412199629959975,1.0871717634227105,0.934330755515758,1.1948965503346667
8.320317658829415,0.9382341173064033,0.8540869998579288,1.1735531447603806,1.1703161240685342,1.2057859455860425,1.0452500476920963,1.0399284619717355,1.0839063597978982,0.9346329160800401,1.1921613846760875
8.325557153576788,0.9370288076738367,0.8548332207958981,1.174337660118059,1.1703023308824412,1.2084171022931471,1.0458989736353177,1.0372121860480235,1.0827611041990994,0.9359907686003004,1.1893876294647319
8.330796648324162,0.9355070018136566,0.855898939815908,1.17486478792021,1.170273798590045,1.212099315509505,1.046416582024012,1.0341874984844919,1.0820747830815407,0.9375771398061532,1.1866055210270132
8.336036143071537,0.9339851959534762,0.8569646588359183,1.1753919157223613,1.1702452662976488,1.2157815287258642,1.0469341904127065,1.0311628109209594,1.0813884619639818,0.9391635110120066,1.1838234125892937
8.34127563781891,0.9324633900932963,0.8580303778559283,1.1759190435245124,1.1702167340052527,1.219463741942222,1.0474517988014007,1.0281381233574278,1.080702140846423,0.9407498822178594,1.181041304151575
8.346515132566283,0.9309415842331162,0.8590960968759381,1.1764461713266634,1.1701882017128564,1.22314595515858,1.0479694071900951,1.0251134357938965,1.0800158197288643,0.9423362534237122,1.1782591957138564
8.351754627313657,0.9294197783729363,0.8601618158959481,1.1769732991288144,1.1701596694204603,1.2268281683749378,1.0484870155787893,1.0220887482303649,1.0793294986113056,0.9439226246295649,1.1754770872761378
8.356994122061032,0.9278979725127559,0.8612275349159584,1.1775004269309657,1.170131137128064,1.230510381591297,1.049004623967484,1.0190640606668324,1.0786431774937466,0.9455089958354183,1.1726949788384182
8.362233616808405,0.9263761666525758,0.8622932539359683,1.1780275547331167,1.170102604835668,1.2341925948076549,1.0495222323561781,1.0160393731033008,1.0779568563761879,0.9470953670412711,1.1699128704006996
8.367473111555778,0.9248543607923959,0.8633589729559783,1.1785546825352677,1.1700740725432717,1.2378748080240127,1.0500398407448726,1.0130146855397693,1.0772705352586291,0.9486817382471239,1.167130761962981
8.372712606303152,0.9233325549322159,0.8644246919759881,1.1790818103374188,1.1700455402508756,1.2415570212403706,1.0505574491335667,1.0099899979762377,1.0765842141410704,0.9502681094529767,1.1643486535252623
8.377952101050525,0.9231479686418209,0.864780270805903,1.1824113294952479,1.1674450467778887,1.2412952195692846,1.052044884595798,1.0063524625487743,1.0762560321730865,0.9516385290030015,1.164295006358179
8.3831915957979,0.9232935084327164,0.8649605337763883,1.1864326890190107,1.1642096003884432,1.2400597392228612,1.0537717461168088,1.0025636303049013,1.0760162658076537,0.9529556354879943,1.1649149480672838
8.388431090545273,0.9234390482236119,0.8651407967468735,1.1904540485427724,1.1609741539989988,1.238824258876438,1.0554986076378192,0.9987747980610296,1.075776499442221,0.9542727419729867,1.1655348897763882
8.393670585292647,0.9235845880145073,0.8653210597173587,1.1944754080665339,1.1577387076095542,1.2375887785300148,1.0572254691588296,0.994985965817158,1.0755367330767884,0.9555898484579791,1.1661548314854928
8.39891008004002,0.9237301278054028,0.865501322687844,1.1984967675902953,1.1545032612201098,1.2363532981835919,1.05895233067984,0.9911971335732864,1.0752969667113557,0.9569069549429716,1.1667747731945972
8.404149574787395,0.9238756675962982,0.8656815856583292,1.2025181271140584,1.1512678148306643,1.2351178178371682,1.060679192200851,0.9874083013294135,1.075057200345923,0.9582240614279645,1.167394714903702
8.409389069534768,0.9240212073871936,0.8658618486288144,1.2065394866378198,1.1480323684412197,1.233882337490745,1.0624060537218614,0.9836194690855419,1.0748174339804901,0.9595411679129568,1.1680146566128065
8.414628564282141,0.9241667471780891,0.8660421115992997,1.2105608461615813,1.1447969220517753,1.232646857144322,1.0641329152428718,0.9798306368416703,1.0745776676150576,0.9608582743979492,1.168634598321911
8.419868059029515,0.9243122869689845,0.8662223745697849,1.214582205685343,1.141561475662331,1.231411376797899,1.065859776763882,0.9760418045977985,1.0743379012496248,0.9621753808829416,1.1692545400310155
8.42510755377689,0.92445782675988,0.8664026375402701,1.2186035652091058,1.1383260292728852,1.2301758964514753,1.067586638284893,0.9722529723539257,1.074098134884192,0.9634924873679345,1.1698744817401203
8.430347048524263,0.9246076426208104,0.8676057781515761,1.2216656670760386,1.140494576776389,1.2275011541740863,1.0676756753936967,0.9715833972566283,1.0727023034782388,0.9646970390335171,1.1689025971080538
8.435586543271636,0.9247586508474237,0.8690941442588798,1.224460283634818,1.1441700071923466,1.224425079242871,1.0673080114644822,0.9717836150175088,1.0709841077821407,0.9658702052206105,1.1674868378231613
8.44082603801901,0.924909659074037,0.8705825103661833,1.227254900193597,1.1478454376083045,1.2213490043116555,1.0669403475352677,0.9719838327783892,1.0692659120860428,0.967043371407704,1.166071078538269
8.446065532766383,0.9250606673006503,0.8720708764734868,1.2300495167523762,1.1515208680242621,1.2182729293804402,1.066572683606053,0.9721840505392696,1.067547716389945,0.9682165375947974,1.1646553192533766
8.451305027513758,0.9252116755272637,0.8735592425807909,1.2328441333111564,1.155196298440221,1.2151968544492238,1.0662050196768382,0.9723842683001501,1.0658295206938464,0.9693897037818913,1.163239559968484
8.456544522261131,0.925362683753877,0.8750476086880944,1.2356387498699355,1.1588717288561787,1.2121207795180085,1.0658373557476237,0.9725844860610305,1.0641113249977485,0.9705628699689848,1.1618238006835915
8.461784017008505,0.9255136919804903,0.8765359747953979,1.2384333664287146,1.1625471592721364,1.2090447045867931,1.0654696918184092,0.972784703821911,1.0623931293016506,0.9717360361560782,1.1604080413986992
8.467023511755878,0.9256647002071036,0.8780243409027014,1.2412279829874937,1.1662225896880942,1.2059686296555778,1.0651020278891945,0.9729849215827914,1.0606749336055528,0.9729092023431717,1.1589922821138068
8.472263006503253,0.9258157084337169,0.8795127070100055,1.244022599546274,1.169898020104053,1.2028925547243614,1.0647343639599798,0.9731851393436719,1.0589567379094542,0.9740823685302655,1.157576522828914
8.477502501250626,0.9259667166603301,0.881001073117309,1.246817216105053,1.1735734505200108,1.199816479793146,1.0643667000307653,0.9733853571045523,1.0572385422133563,0.9752555347173589,1.1561607635440216
8.482741995998,0.9254593174592295,0.8815193868584292,1.246806025352176,1.1725674445697845,1.1990974552511255,1.0648177992711356,0.9719937282141068,1.0563316689104552,0.9751951112576288,1.1542795574477236
8.487981490745373,0.9247461659369685,0.8817345592351176,1.245918019814407,1.1700984897551274,1.1991150089557279,1.065524762002001,0.9701046472451225,1.0556783338554276,0.9747491910332666,1.1522528992228613
8.493220985492746,0.9240330144147074,0.8819497316118059,1.2450300142766384,1.1676295349404704,1.1991325626603302,1.0662317247328663,0.9682155662761381,1.0550249988004001,0.9743032708089044,1.150226240997999
8.498460480240121,0.923319862892446,0.8821649039884943,1.2441420087388693,1.1651605801258123,1.1991501163649325,1.0669386874637319,0.9663264853071531,1.0543716637453726,0.9738573505845421,1.1481995827731362
8.503699974987494,0.922606711370185,0.8823800763651827,1.2432540032011004,1.1626916253111552,1.1991676700695348,1.0676456501945972,0.9644374043381688,1.053718328690345,0.9734114303601801,1.1461729245482737
8.508939469734868,0.9218935598479239,0.882595248741871,1.2423659976633314,1.1602226704964982,1.1991852237741372,1.0683526129254628,0.9625483233691845,1.0530649936353176,0.9729655101358179,1.1441462663234114
8.514178964482241,0.9211804083256628,0.8828104211185593,1.2414779921255628,1.157753715681841,1.1992027774787393,1.0690595756563281,0.9606592424002002,1.05241165858029,0.9725195899114557,1.1421196080985492
8.519418459229616,0.9204672568034015,0.8830255934952477,1.2405899865877936,1.155284760867183,1.1992203311833416,1.0697665383871937,0.9587701614312152,1.0517583235252623,0.9720736696870934,1.1400929498736863
8.52465795397699,0.9197541052811404,0.883240765871936,1.2397019810500247,1.152815806052526,1.199237884887944,1.070473501118059,0.9568810804622309,1.051104988470235,0.9716277494627313,1.138066291648824
8.529897448724363,0.9190409537588794,0.8834559382486243,1.238813975512256,1.1503468512378687,1.1992554385925462,1.0711804638489244,0.9549919994932464,1.0504516534152075,0.9711818292383692,1.1360396334239617
8.535136943471736,0.9187645238794397,0.8850380551355678,1.2442409875272635,1.1482427185702853,1.1976463688674337,1.0714934006048022,0.9544348518169085,1.0496681795687843,0.9728325155132567,1.133128609010005
8.540376438219111,0.9186400613284141,0.8870958317676344,1.2518654549744892,1.1462655341498245,1.1954712781515753,1.0716692269707353,0.9543411809282141,1.0488394209402199,0.975212764184843,1.1299098490640311
8.545615932966484,0.9185155987773886,0.8891536083997003,1.2594899224217122,1.1442883497293643,1.1932961874357175,1.0718450533366684,0.9542475100395197,1.0480106623116556,0.9775930128564286,1.1266910891180584
8.550855427713858,0.9183911362263631,0.8912113850317661,1.2671143898689352,1.1423111653089044,1.1911210967198598,1.0720208797026012,0.9541538391508254,1.0471819036830914,0.9799732615280142,1.1234723291720856
8.55609492246123,0.9182666736753377,0.893269161663832,1.2747388573161582,1.1403339808884443,1.188946006004002,1.0721967060685342,0.954060168262131,1.0463531450545271,0.9823535101995998,1.120253569226113
8.561334417208604,0.9181422111243122,0.8953269382958978,1.2823633247633812,1.1383567964679842,1.1867709152881443,1.0723725324344673,0.9539664973734368,1.045524386425963,0.9847337588711854,1.1170348092801403
8.56657391195598,0.9180177485732866,0.8973847149279645,1.2899877922106069,1.1363796120475234,1.1845958245722858,1.0725483588004001,0.9538728264847424,1.0446956277973984,0.9871140075427719,1.1138160493341664
8.571813406703352,0.9178932860222611,0.8994424915600303,1.29761225965783,1.1344024276270632,1.182420733856428,1.0727241851663332,0.953779155596048,1.0438668691688342,0.9894942562143575,1.1105972893881937
8.577052901450726,0.9177688234712356,0.9015002681920962,1.305236727105053,1.1324252432066033,1.1802456431405703,1.0729000115322662,0.9536854847073536,1.04303811054027,0.9918745048859431,1.107378529442221
8.582292396198099,0.9176443609202101,0.903558044824162,1.312861194552276,1.1304480587861432,1.1780705524247126,1.073075837898199,0.9535918138186593,1.0422093519117057,0.9942547535575287,1.1041597694962484
8.587531890945474,0.9178677754277139,0.9049441433611809,1.3121959808629307,1.1299514799164583,1.1776801581610807,1.0741968816328167,0.9514505288429208,1.0410362823676835,0.9957448804562283,1.1030904268109054
8.592771385692847,0.9182252675515258,0.906071365965733,1.3083357859022007,1.1300255511028015,1.1779776156550776,1.0756822278949476,0.9485200592711351,1.039730509658329,0.9968919395882943,1.1028495053614307
8.59801088044022,0.9185827596753376,0.9071985885702852,1.3044755909414707,1.1300996222891446,1.1782750731490745,1.0771675741570785,0.9455895896993495,1.0384247369489743,0.9980389987203603,1.102608583911956
8.603250375187594,0.9189402517991495,0.9083258111748373,1.3006153959807405,1.1301736934754878,1.1785725306430717,1.0786529204192095,0.9426591201275638,1.03711896423962,0.9991860578524262,1.1023676624624812
8.608489869934967,0.9192977439229614,0.9094530337793896,1.2967552010200105,1.130247764661831,1.1788699881370686,1.0801382666813406,0.9397286505557781,1.0358131915302653,1.0003331169844922,1.1021267410130065
8.613729364682342,0.9196552360467734,0.9105802563839421,1.2928950060592792,1.1303218358481741,1.1791674456310657,1.081623612943472,0.9367981809839915,1.0345074188209102,1.0014801761165584,1.1018858195635317
8.618968859429716,0.9200127281705853,0.9117074789884944,1.289034811098549,1.1303959070345173,1.1794649031250626,1.083108959205603,0.9338677114122058,1.0332016461115556,1.0026272352486245,1.101644898114057
8.624208354177089,0.9203702202943972,0.9128347015930465,1.285174616137819,1.1304699782208605,1.1797623606190595,1.0845943054677338,0.9309372418404201,1.0318958734022012,1.0037742943806904,1.1014039766645822
8.629447848924462,0.920727712418209,0.9139619241975987,1.281314421177089,1.1305440494072037,1.1800598181130566,1.0860796517298648,0.9280067722686345,1.0305901006928466,1.0049213535127564,1.1011630552151075
8.634687343671837,0.921085204542021,0.9150891468021513,1.2774542262163577,1.1306181205935468,1.1803572756070535,1.0875649979919961,0.9250763026968479,1.0292843279834916,1.0060684126448227,1.1009221337656327
8.63992683841921,0.921088029182091,0.9152357650045022,1.2730232072036014,1.1296296493486744,1.1829557555222614,1.0878221398719359,0.9225177503736866,1.0290194045687844,1.006897145533767,1.100679644162081
8.645166333166584,0.9209401201415708,0.9149656263359179,1.2683495879687345,1.1281895975705354,1.1865321699664833,1.0875572948894447,0.9201172628811906,1.0291968421043023,1.0075905897693846,1.1004364880930464
8.650405827913957,0.9207922111010505,0.9146954876673337,1.2636759687338674,1.1267495457923964,1.190108584410705,1.0872924499069534,0.9177167753886945,1.02937427963982,1.0082840340050025,1.100193332024012
8.65564532266133,0.9206443020605303,0.9144253489987494,1.2590023494990004,1.1253094940142574,1.193684998854927,1.0870276049244623,0.9153162878961985,1.0295517171753377,1.0089774782406202,1.0999501759549775
8.660884817408705,0.92049639302001,0.9141552103301651,1.2543287302641317,1.123869442236118,1.19726141329915,1.086762759941971,0.9129158004037016,1.0297291547108554,1.0096709224762381,1.0997070198859429
8.666124312156079,0.9203484839794898,0.9138850716615808,1.2496551110292646,1.122429390457979,1.2008378277433718,1.0864979149594798,0.9105153129112056,1.0299065922463733,1.010364366711856,1.0994638638169083
8.671363806903452,0.9202005749389695,0.9136149329929966,1.2449814917943975,1.12098933867984,1.2044142421875936,1.0862330699769884,0.9081148254187095,1.030084029781891,1.0110578109474737,1.099220707747874
8.676603301650825,0.9200526658984493,0.9133447943244123,1.2403078725595305,1.119549286901701,1.2079906566318155,1.0859682249944973,0.9057143379262134,1.0302614673174086,1.0117512551830914,1.0989775516788394
8.6818427963982,0.9199047568579289,0.9130746556558279,1.2356342533246618,1.1181092351235615,1.2115670710760384,1.085703380012006,0.9033138504337166,1.0304389048529263,1.0124446994187095,1.0987343956098048
8.687082291145574,0.9197568478174087,0.9128045169872436,1.2309606340897947,1.1166691833454225,1.2151434855202603,1.0854385350295146,0.9009133629412205,1.0306163423884442,1.0131381436543272,1.0984912395407704
8.692321785892947,0.9201687819264632,0.9132356555492747,1.233907929836418,1.1168481153671834,1.2121672070180092,1.0854092439519758,0.9016514234427212,1.0291817975047524,1.0142791877018509,1.0959310507913957
8.69756128064032,0.9208421133884441,0.9139942287006002,1.240413520445722,1.117782969971986,1.206131399088545,1.0854899357638819,0.903854908926713,1.0269945990650327,1.0156292213674336,1.0922890122243627
8.702800775387695,0.9215154448504254,0.9147528018519261,1.2469191110550284,1.1187178245767884,1.2000955911590787,1.085570627575788,0.9060583944107057,1.0248074006253123,1.0169792550330168,1.088646973657328
8.708040270135069,0.9221887763124063,0.9155113750032517,1.2534247016643327,1.1196526791815908,1.1940597832296145,1.0856513193876938,0.9082618798946974,1.0226202021855926,1.0183292886985993,1.0850049350902948
8.713279764882442,0.9228621077743872,0.9162699481545773,1.2599302922736368,1.120587533786393,1.1880239753001502,1.0857320111995998,0.9104653653786893,1.0204330037458729,1.019679322364182,1.0813628965232618
8.718519259629815,0.923535439236368,0.917028521305903,1.266435882882941,1.1215223883911956,1.181988167370686,1.0858127030115057,0.9126688508626811,1.0182458053061532,1.0210293560297647,1.0777208579562285
8.723758754377188,0.9242087706983491,0.9177870944572285,1.272941473492245,1.1224572429959978,1.1759523594412218,1.0858933948234117,0.9148723363466729,1.0160586068664337,1.0223793896953475,1.0740788193891952
8.728998249124563,0.9248821021603302,0.9185456676085544,1.2794470641015514,1.1233920976008005,1.1699165515117553,1.0859740866353176,0.9170758218306655,1.013871408426713,1.0237294233609306,1.0704367808221609
8.734237743871937,0.9255554336223111,0.9193042407598799,1.2859526547108555,1.1243269522056027,1.163880743582291,1.0860547784472236,0.9192793073146572,1.0116842099869934,1.0250794570265132,1.0667947422551276
8.73947723861931,0.9262287650842921,0.9200628139112056,1.2924582453201596,1.1252618068104052,1.1578449356528269,1.0861354702591295,0.9214827927986491,1.009497011547274,1.0264294906920959,1.0631527036880943
8.744716733366683,0.9264879230055028,0.9219582160310151,1.2950899633211606,1.1228455727928972,1.155379957254127,1.0864500059809905,0.9207680469129568,1.0076054434507256,1.0268139434992496,1.0618153326248125
8.749956228114058,0.9265352876388194,0.9244349511460734,1.2957407237383693,1.1187157139117052,1.1547409712291143,1.0868841209749875,0.9185610236223108,1.0058650499614805,1.0267046333674337,1.0616564847168584
8.755195722861432,0.9265826522721361,0.9269116862611309,1.296391484155578,1.114585855030515,1.154101985204102,1.0873182359689846,0.9163540003316656,1.004124656472236,1.0265953232356178,1.0614976368089044
8.760435217608805,0.9266300169054527,0.9293884213761883,1.2970422445727865,1.1104559961493246,1.1534629991790895,1.0877523509629814,0.9141469770410203,1.0023842629829913,1.0264860131038018,1.0613387889009505
8.765674712356178,0.9266773815387693,0.9318651564912457,1.297693004989995,1.1063261372681341,1.152824013154077,1.0881864659569784,0.9119399537503752,1.0006438694937467,1.026376702971986,1.0611799409929965
8.770914207103552,0.926724746172086,0.9343418916063031,1.2983437654072036,1.1021962783869437,1.1521850271290646,1.0886205809509755,0.9097329304597299,0.9989034760045022,1.02626739284017,1.0610210930850426
8.776153701850927,0.9267721108054027,0.9368186267213613,1.2989945258244124,1.098066419505752,1.151546041104052,1.0890546959449725,0.907525907169084,0.9971630825152572,1.026158082708354,1.0608622451770886
8.7813931965983,0.9268194754387193,0.9392953618364187,1.299645286241621,1.0939365606245615,1.1509070550790395,1.0894888109389695,0.9053188838784387,0.9954226890260126,1.0260487725765381,1.0607033972691344
8.786632691345673,0.926866840072036,0.9417720969514761,1.3002960466588296,1.089806701743371,1.150268069054027,1.0899229259329666,0.9031118605877936,0.9936822955367681,1.0259394624447222,1.0605445493611805
8.791872186093046,0.9269142047053527,0.9442488320665335,1.3009468070760382,1.0856768428621808,1.1496290830290146,1.0903570409269636,0.9009048372971483,0.9919419020475235,1.0258301523129063,1.0603857014532265
8.797111680840421,0.9269796405822911,0.9448576481980989,1.2989103321635804,1.0845970639009508,1.148130103935467,1.0906735223201602,0.8998222760135066,0.9907664605382688,1.0266249809704857,1.0599660809829914
8.802351175587795,0.9270551709429715,0.9444230564599799,1.2953727843911944,1.0852210405200102,1.1461507380887939,1.0909242943191597,0.8993678321790894,0.9899065976740867,1.0279248559049528,1.0594007945892945
8.807590670335168,0.9271307013036518,0.9439884647218608,1.2918352366188086,1.0858450171390697,1.1441713722421207,1.0911750663181592,0.8989133883446723,0.9890467348099047,1.02922473083942,1.0588355081955976
8.812830165082541,0.9272062316643321,0.9435538729837418,1.2882976888464228,1.086468993758129,1.1421920063954474,1.0914258383171587,0.8984589445102551,0.9881868719457227,1.030524605773887,1.058270221801901
8.818069659829915,0.9272817620250124,0.9431192812456228,1.2847601410740368,1.0870929703771888,1.1402126405487742,1.0916766103161581,0.8980045006758379,0.9873270090815407,1.031824480708354,1.057704935408204
8.82330915457729,0.9273572923856929,0.9426846895075036,1.2812225933016497,1.0877169469962484,1.1382332747021005,1.0919273823151576,0.8975500568414205,0.9864671462173583,1.0331243556428218,1.057139649014507
8.828548649324663,0.9274328227463732,0.9422500977693846,1.2776850455292639,1.0883409236153079,1.136253908855427,1.092178154314157,0.8970956130070034,0.9856072833531764,1.0344242305772888,1.0565743626208102
8.833788144072036,0.9275083531070536,0.9418155060312655,1.2741474977568779,1.0889649002343673,1.134274543008754,1.0924289263131566,0.8966411691725862,0.9847474204889943,1.035724105511756,1.0560090762271135
8.83902763881941,0.9275838834677339,0.9413809142931465,1.270609949984492,1.0895888768534268,1.1322951771620808,1.092679698312156,0.896186725338169,0.9838875576248123,1.0370239804462231,1.0554437898334166
8.844267133566785,0.9276594138284142,0.9409463225550273,1.267072402212105,1.0902128534724864,1.130315811315407,1.0929304703111558,0.8957322815037517,0.98302769476063,1.0383238553806908,1.0548785034397197
8.849506628314158,0.9275220721050524,0.942556110256629,1.2672346591880947,1.0886425739174581,1.1304506898829418,1.0930859416418208,0.8961014400865435,0.9827119545037518,1.0403364931705859,1.0531964409759873
8.854746123061531,0.9272551187498749,0.9454106612461235,1.2696496198616813,1.0857362754822406,1.1318728704929966,1.093183387162331,0.8969720662701353,0.9827275147053527,1.0427831115700354,1.0508344059857424
8.859985617808904,0.9269881653946973,0.948265212235618,1.272064580535268,1.0828299770470233,1.1332950511030515,1.0932808326828414,0.8978426924537269,0.9827430749069535,1.045229729969485,1.0484723709954975
8.86522511255628,0.9267212120395197,0.9511197632251135,1.2744795412088552,1.079923678611805,1.134717231713107,1.0933782782033517,0.898713318637319,0.9827586351085542,1.0476763483689353,1.0461103360052517
8.870464607303653,0.9264542586843422,0.9539743142146081,1.2768945018824418,1.0770173801765874,1.1361394123231618,1.093475723723862,0.8995839448209108,0.9827741953101551,1.050122966768385,1.0437483010150068
8.875704102051026,0.9261873053291646,0.9568288652041026,1.2793094625560284,1.0741110817413702,1.1375615929332168,1.0935731692443722,0.9004545710045024,0.9827897555117558,1.0525695851678343,1.041386266024762
8.8809435967984,0.925920351973987,0.9596834161935971,1.281724423229615,1.0712047833061529,1.1389837735432717,1.0936706147648825,0.9013251971880942,0.9828053157133566,1.0550162035672839,1.039024231034517
8.886183091545773,0.9256533986188095,0.9625379671830916,1.2841393839032016,1.0682984848709354,1.1404059541533267,1.0937680602853928,0.9021958233716859,0.9828208759149575,1.0574628219667335,1.0366621960442721
8.891422586293148,0.9253864452636318,0.9653925181725871,1.286554344576789,1.065392186435717,1.141828134763382,1.093865505805903,0.9030664495552779,0.9828364361165582,1.0599094403661837,1.0343001610540263
8.896662081040521,0.9251194919084542,0.9682470691620816,1.2889693052503757,1.0624858880004997,1.143250315373437,1.093962951326413,0.9039370757388696,0.9828519963181591,1.0623560587656333,1.0319381260637814
8.901901575787894,0.9254543985832918,0.9685494313971984,1.2877870508364178,1.0609935812611304,1.143460494002501,1.0937090862516257,0.9041854589409705,0.9826552432031015,1.0635071607068536,1.0295910520540268
8.907141070535268,0.926188037528014,0.9671609685825412,1.2842216414269634,1.06043804402026,1.1428677213191596,1.0932224779074537,0.9040216061678339,0.9823178325157579,1.0637999829944973,1.0272538896938468
8.912380565282643,0.9269216764727366,0.9657725057678835,1.2806562320175077,1.0598825067793896,1.1422749486358177,1.0927358695632814,0.9038577533946973,0.981980421828414,1.0640928052821412,1.0249167273336661
8.917620060030016,0.9276553154174589,0.9643840429532263,1.2770908226080533,1.059326969538519,1.141682175952476,1.0922492612191095,0.9036939006215607,0.9816430111410704,1.064385627569785,1.0225795649734863
8.92285955477739,0.9283889543621812,0.9629955801385691,1.273525413198599,1.0587714322976487,1.1410894032691343,1.0917626528749373,0.9035300478484242,0.9813056004537268,1.0646784498574289,1.0202424026133063
8.928099049524763,0.9291225933069035,0.9616071173239119,1.2699600037891443,1.0582158950567784,1.1404966305857929,1.0912760445307654,0.9033661950752876,0.9809681897663831,1.0649712721450726,1.0179052402531263
8.933338544272136,0.9298562322516258,0.9602186545092547,1.26639459437969,1.0576603578159078,1.1399038579024512,1.0907894361865933,0.903202342302151,0.9806307790790395,1.0652640944327163,1.0155680778929466
8.93857803901951,0.9305898711963484,0.9588301916945969,1.2628291849702344,1.0571048205750373,1.1393110852191093,1.0903028278424212,0.9030384895290144,0.9802933683916958,1.0655569167203602,1.013230915532766
8.943817533766884,0.9313235101410706,0.9574417288799397,1.2592637755607798,1.056549283334167,1.1387183125357678,1.089816219498249,0.9028746367558779,0.9799559577043521,1.0658497390080042,1.010893753172586
8.949057028514257,0.932057149085793,0.9560532660652825,1.2556983661513255,1.0559937460932967,1.1381255398524261,1.089329611154077,0.9027107839827413,0.9796185470170085,1.0661425612956479,1.0085565908124061
8.95429652326163,0.9327023848889444,0.9568478727653826,1.2521153744727365,1.054518012304152,1.1350444603376688,1.0889985333931966,0.901320200222111,0.9774590186008004,1.0661363556033017,1.0074569936888444
8.959536018009006,0.9332839856720861,0.959213913124813,1.248519726591795,1.052379895654827,1.13017222892271,1.0887794108366682,0.8990465816558273,0.9739878795780381,1.065914901321911,1.0072482301623311
8.964775512756379,0.9338655864552277,0.9615799534842425,1.2449240787108549,1.0502417790055023,1.1252999975077531,1.08856028828014,0.8967729630895444,0.970516740555277,1.0656934470405202,1.0070394666358178
8.970015007503752,0.9344471872383693,0.9639459938436721,1.2413284308299146,1.048103662356178,1.120427766092796,1.0883411657236117,0.8944993445232614,0.967045601532516,1.0654719927591296,1.0068307031093047
8.975254502251126,0.9350287880215108,0.9663120342031015,1.2377327829489746,1.0459655457068533,1.115555534677839,1.0881220431670835,0.8922257259569785,0.9635744625097548,1.0652505384777389,1.0066219395827913
8.980493996998499,0.9356103888046523,0.9686780745625311,1.2341371350680344,1.043827429057529,1.1106833032628818,1.0879029206105553,0.8899521073906955,0.9601033234869937,1.0650290841963481,1.0064131760562782
8.985733491745874,0.936191989587794,0.9710441149219614,1.230541487187093,1.0416893124082036,1.105811071847923,1.0876837980540268,0.8876784888244117,0.9566321844642314,1.0648076299149574,1.006204412529765
8.990972986493247,0.9367735903709355,0.973410155281391,1.2269458393061528,1.0395511957588792,1.100938840432966,1.0874646754974986,0.8854048702581288,0.9531610454414703,1.0645861756335666,1.0059956490032516
8.99621248124062,0.9373551911540771,0.9757761956408205,1.2233501914252125,1.0374130791095546,1.096066609018009,1.0872455529409704,0.8831312516918458,0.9496899064187092,1.064364721352176,1.0057868854767382
9.001451975987994,0.9379367919372186,0.9781422360002501,1.2197545435442725,1.0352749624602302,1.091194377603052,1.0870264303844421,0.8808576331255629,0.9462187673959481,1.0641432670707853,1.0055781219502251
9.006691470735369,0.93878374329965,0.9798995565837922,1.2182864348329165,1.0341460886243121,1.0888794667843922,1.0865978538209102,0.8807009560300153,0.9460461209874942,1.0640957709204601,1.0045434175892942
9.011930965482742,0.9398379998021512,0.9811813148424214,1.218480466097799,1.0338056857363682,1.0885624626815908,1.086005641314407,0.8821981394584794,0.9484504219339672,1.06418417956003,1.0028634469514754
9.017170460230115,0.9408922563046523,0.9824630731010506,1.2186744973626815,1.033465282848424,1.0882454585787895,1.0854134288079038,0.8836953228869435,0.9508547228804403,1.0642725881995998,1.0011834763136567
9.022409954977489,0.9419465128071535,0.9837448313596798,1.2188685286275638,1.0331248799604802,1.0879284544759882,1.0848212163014006,0.8851925063154076,0.9532590238269134,1.0643609968391696,0.9995035056758379
9.027649449724864,0.943000769309655,0.9850265896183095,1.2190625598924463,1.032784477072536,1.0876114503731866,1.0842290037948974,0.8866896897438722,0.9556633247733872,1.0644494054787392,0.9978235350380186
9.032888944472237,0.9440550258121562,0.9863083478769387,1.2192565911573288,1.0324440741845922,1.0872944462703853,1.0836367912883942,0.8881868731723364,0.9580676257198603,1.064537814118309,0.9961435644001998
9.03812843921961,0.9451092823146574,0.9875901061355679,1.219450622422211,1.0321036712966483,1.0869774421675837,1.083044578781891,0.8896840566008004,0.9604719266663333,1.0646262227578789,0.994463593762381
9.043367933966984,0.9461635388171585,0.988871864394197,1.2196446536870935,1.0317632684087044,1.0866604380647824,1.0824523662753878,0.8911812400292646,0.9628762276128063,1.0647146313974487,0.9927836231245623
9.048607428714357,0.9472177953196597,0.9901536226528262,1.219838684951976,1.0314228655207605,1.086343433961981,1.0818601537688846,0.8926784234577287,0.9652805285592795,1.0648030400370185,0.9911036524867435
9.053846923461732,0.9482720518221612,0.9914353809114559,1.2200327162168585,1.0310824626328163,1.0860264298591795,1.0812679412623811,0.8941756068861934,0.9676848295057533,1.0648914486765884,0.9894236818489242
9.059086418209105,0.9487034486068033,0.9931983870620312,1.2211587324822413,1.0306367412676338,1.0846510418024011,1.0809132707308655,0.8940431025687843,0.966355759222611,1.0656683382446224,0.9887166107608805
9.064325912956479,0.9486071447971486,0.9953691171210606,1.2230743471508254,1.030101791748124,1.0823789673401703,1.0807598510392697,0.8925298905777889,0.961863693869935,1.0670285241548274,0.9888338017913957
9.069565407703852,0.9485108409874937,0.9975398471800899,1.2249899618194096,1.0295668422286144,1.0801068928779392,1.080606431347674,0.8910166785867935,0.9573716285172591,1.0683887100650324,0.9889509928219109
9.074804902451227,0.9484145371778389,0.9997105772391199,1.2269055764879944,1.0290318927091044,1.0778348184157076,1.080453011656078,0.8895034665957976,0.9528795631645816,1.069748895975238,0.9890681838524262
9.0800443971986,0.948318233368184,1.0018813072981494,1.2288211911565785,1.0284969431895947,1.0755627439534765,1.0802995919644822,0.8879902546048023,0.9483874978119056,1.0711090818854427,0.9891853748829414
9.085283891945974,0.9482219295585292,1.0040520373571786,1.2307368058251626,1.027961993670085,1.0732906694912456,1.0801461722728865,0.8864770426138069,0.9438954324592296,1.0724692677956478,0.9893025659134567
9.090523386693347,0.9481256257488744,1.006222767416208,1.2326524204937468,1.0274270441505753,1.0710185950290148,1.0799927525812907,0.8849638306228115,0.9394033671065536,1.0738294537058528,0.989419756943972
9.09576288144072,0.9480293219392196,1.0083934974752373,1.234568035162331,1.0268920946310658,1.0687465205667839,1.079839332889695,0.8834506186318162,0.9349113017538776,1.0751896396160578,0.9895369479744872
9.101002376188095,0.9479330181295648,1.0105642275342674,1.2364836498309157,1.0263571451115558,1.066474446104552,1.0796859131980991,0.8819374066408202,0.9304192364012001,1.0765498255262633,0.9896541390050025
9.106241870935468,0.9478367143199099,1.0127349575932967,1.2383992644994999,1.0258221955920461,1.0642023716423212,1.0795324935065034,0.8804241946498249,0.9259271710485242,1.0779100114364684,0.9897713300355178
9.111481365682842,0.9482381511805902,1.0143067676763382,1.2393153595162583,1.0248177984487246,1.0629192480595298,1.0787523201820912,0.8803408422406203,0.9252637109704851,1.0786871449404702,0.9896188990630315
9.116720860430215,0.9490966479837417,1.0153286079737367,1.2393136263911957,1.0233823219969989,1.0625442476400702,1.077396618281391,0.8815704858896947,0.9281159413129061,1.0789288793599299,0.9892188825012507
9.12196035517759,0.9499551447868936,1.0163504482711356,1.2393118932661331,1.0219468455452725,1.0621692472206103,1.07604091638069,0.8828001295387695,0.930968171655328,1.0791706137793897,0.9888188659394697
9.127199849924963,0.950813641590045,1.0173722885685343,1.2393101601410705,1.0205113690935468,1.0617942468011505,1.0746852144799899,0.8840297731878439,0.933820401997749,1.0794123481988493,0.9884188493776889
9.132439344672337,0.9516721383931965,1.018394128865933,1.2393084270160082,1.019075892641821,1.061419246381691,1.0733295125792897,0.8852594168369184,0.93667263234017,1.0796540826183092,0.988018832815908
9.13767883941971,0.9525306351963481,1.0194159691633315,1.2393066938909456,1.0176404161900952,1.0610442459622311,1.0719738106785894,0.8864890604859929,0.9395248626825909,1.0798958170377688,0.9876188162541271
9.142918334167083,0.9533891319994996,1.0204378094607303,1.239304960765883,1.0162049397383695,1.0606692455427715,1.0706181087778892,0.8877187041350673,0.9423770930250119,1.0801375514572287,0.9872187996923463
9.148157828914458,0.9542476288026513,1.0214596497581292,1.2393032276408205,1.0147694632866433,1.0602942451233117,1.0692624068771885,0.8889483477841421,0.9452293233674339,1.0803792858766883,0.9868187831305653
9.153397323661832,0.9551061256058029,1.0224814900555277,1.2393014945157579,1.0133339868349174,1.059919244703852,1.0679067049764883,0.8901779914332166,0.9480815537098549,1.0806210202961481,0.9864187665687844
9.158636818409205,0.9559646224089543,1.0235033303529264,1.2392997613906953,1.0118985103831917,1.0595442442843923,1.066551003075788,0.891407635082291,0.9509337840522758,1.0808627547156078,0.9860187500070036
9.163876313156578,0.9564965364207103,1.0244936592946472,1.2370452532281149,1.011493727628314,1.0597287844352175,1.065788371110055,0.8919968182011005,0.9529882647198598,1.0810466574192097,0.9845473289429719
9.169115807903953,0.9567035005550275,1.0254526344374688,1.2325492339032011,1.012114485101801,1.0604700674534768,1.0656158437296148,0.8919487430922961,0.9542489844609806,1.0811730175655327,0.9820098603991992
9.174355302651326,0.9569104646893447,1.0264116095802902,1.2280532145782888,1.0127352425752878,1.061211350471736,1.0654433163491746,0.8919006679834918,0.9555097042021011,1.081299377711856,0.9794723918554276
9.1795947973987,0.9571174288236618,1.0273705847231116,1.2235571952533766,1.0133560000487745,1.0619526334899951,1.0652707889687343,0.8918525928746873,0.9567704239432216,1.081425737858179,0.9769349233116558
9.184834292146073,0.957324392957979,1.028329559865933,1.2190611759284642,1.0139767575222611,1.062693916508254,1.0650982615882942,0.8918045177658829,0.9580311436843422,1.0815520980045024,0.974397454767884
9.190073786893448,0.9575313570922962,1.0292885350087546,1.2145651566035505,1.014597514995748,1.0634351995265134,1.064925734207854,0.8917564426570785,0.959291863425463,1.0816784581508254,0.9718599862241113
9.195313281640821,0.9577383212266134,1.030247510151576,1.2100691372786383,1.0152182724692347,1.0641764825447726,1.0647532068274137,0.8917083675482741,0.9605525831665835,1.0818048182971487,0.9693225176803396
9.200552776388195,0.9579452853609305,1.0312064852943974,1.205573117953726,1.0158390299427216,1.0649177655630315,1.0645806794469734,0.8916602924394696,0.9618133029077041,1.0819311784434718,0.9667850491365678
9.205792271135568,0.9581522494952477,1.0321654604372188,1.2010770986288137,1.0164597874162082,1.0656590485812907,1.0644081520665332,0.8916122173306653,0.9630740226488246,1.082057538589795,0.964247580592796
9.211031765882941,0.9583592136295648,1.0331244355800402,1.1965810793039016,1.017080544889695,1.0664003315995498,1.0642356246860931,0.8915641422218609,0.9643347423899451,1.082183898736118,0.9617101120490242
9.216271260630316,0.9591456943221616,1.0334229605457728,1.192770458678338,1.0160664055067523,1.0646908502116041,1.063730387622811,0.8924655006778396,0.964325006055027,1.082025826730365,0.9598933141125559
9.22151075537769,0.9605569663041524,1.0330094376643322,1.1896987835255117,1.0132896429504745,1.0603391384482228,1.0628664479327161,0.8943904671958485,0.9629455592631312,1.0815611013106552,0.958853489174587
9.226750250125063,0.9619682382861433,1.0325959147828914,1.1866271083726856,1.0105128803941965,1.0559874266848415,1.0620025082426212,0.8963154337138572,0.9615661124712354,1.0810963758909453,0.9578136642366181
9.231989744872436,0.9633795102681343,1.0321823919014508,1.1835554332198595,1.0077361178379187,1.0516357149214601,1.061138568552526,0.8982404002318661,0.9601866656793395,1.0806316504712357,0.9567738392986492
9.237229239619811,0.9647907822501256,1.03176886902001,1.1804837580670322,1.0049593552816398,1.0472840031580772,1.060274628862431,0.9001653667498757,0.9588072188874431,1.0801669250515256,0.95573401436068
9.242468734367185,0.9662020542321165,1.0313553461385692,1.177412082914206,1.0021825927253618,1.042932291394696,1.059410689172336,0.9020903332678845,0.9574277720955473,1.079702199631816,0.954694189422711
9.247708229114558,0.9676133262141073,1.0309418232571286,1.17434040776138,0.999405830169084,1.0385805796313146,1.058546749482241,0.9040152997858933,0.9560483253036515,1.079237474212106,0.9536543644847422
9.252947723861931,0.9690245981960982,1.0305283003756878,1.1712687326085538,0.996629067612806,1.0342288678679332,1.057682809792146,0.9059402663039022,0.9546688785117556,1.0787727487923962,0.9526145395467732
9.258187218609304,0.9704358701780891,1.0301147774942472,1.1681970574557277,0.9938523050565281,1.0298771561045519,1.0568188701020511,0.907865232821911,0.9532894317198598,1.0783080233726863,0.9515747146088044
9.26342671335668,0.9718471421600805,1.0297012546128064,1.1651253823029004,0.9910755425002493,1.0255254443411692,1.0559549304119558,0.9097901993399206,0.9519099849279635,1.0778432979529764,0.9505348896708351
9.268666208104053,0.9727202784362181,1.0310400367698858,1.164666365261131,0.988130759179589,1.0237641346508257,1.0551887766888444,0.910917318248124,0.9516439374617311,1.0778926720770388,0.9487843485327658
9.273905702851426,0.9729646148386694,1.034426349270886,1.167260182425213,0.9849896472483737,1.025029653469735,1.0545368837423712,0.9111121695687844,0.9526788729032017,1.078542760341921,0.9462033509652322
9.2791451975988,0.9732089512411205,1.0378126617718864,1.1698539995892947,0.9818485353171583,1.0262951722886444,1.053884990795898,0.9113070208894447,0.9537138083446725,1.0791928486068034,0.9436223533976986
9.284384692346174,0.9734532876435719,1.0411989742728875,1.1724478167533774,0.978707423385942,1.027560691107554,1.0532330978494246,0.9115018722101051,0.9547487437861434,1.079842936871686,0.9410413558301642
9.289624187093548,0.973697624046023,1.0445852867738878,1.1750416339174594,0.9755663114547266,1.0288262099264636,1.0525812049029513,0.9116967235307655,0.9557836792276141,1.0804930251365685,0.9384603582626306
9.294863681840921,0.9739419604484743,1.0479715992748881,1.1776354510815412,0.9724251995235113,1.0300917287453728,1.051929311956478,0.9118915748514258,0.9568186146690847,1.0811431134014509,0.9358793606950971
9.300103176588294,0.9741862968509255,1.0513579117758882,1.180229268245623,0.9692840875922959,1.0313572475642823,1.051277419010005,0.9120864261720861,0.9578535501105554,1.0817932016663332,0.9332983631275635
9.30534267133567,0.9744306332533768,1.0547442242768896,1.1828230854097057,0.9661429756610794,1.032622766383192,1.0506255260635315,0.9122812774927465,0.9588884855520264,1.0824432899312157,0.9307173655600292
9.310582166083043,0.9746749696558279,1.05813053677789,1.1854169025737875,0.9630018637298641,1.0338882852021014,1.0499736331170584,0.9124761288134068,0.959923420993497,1.0830933781960983,0.9281363679924955
9.315821660830416,0.9749193060582791,1.06151684927889,1.1880107197378693,0.9598607517986487,1.0351538040210106,1.0493217401705852,0.9126709801340671,0.9609583564349677,1.0837434664609806,0.9255553704249619
9.32106115557779,0.9754278478674338,1.0628362602611303,1.187302471565282,0.9582806687418709,1.0348219935472733,1.048982815372186,0.9116236243351673,0.9605715747498746,1.0842065893271635,0.9253530619859933
9.326300650325162,0.9762711499362181,1.0615368130690344,1.1824103565172583,0.9586784802248625,1.0324662942538767,1.0490404354432217,0.9090023356518259,0.9583834128419209,1.0844328185347674,0.9281646607951476
9.331540145072537,0.9771144520050027,1.060237365876938,1.1775182414692331,0.959076291707854,1.0301105949604794,1.0490980555142573,0.9063810469684835,0.9561952509339664,1.0846590477423712,0.930976259604303
9.33677963981991,0.977957754073787,1.0589379186848422,1.1726261264212097,0.9594741031908455,1.027754895667083,1.0491556755852927,0.903759758285142,0.9540070890260125,1.084885276949975,0.9337878584134572
9.342019134567284,0.9788010561425714,1.0576384714927463,1.167734011373186,0.9598719146738369,1.0253991963736864,1.0492132956563283,0.9011384696018006,0.9518189271180587,1.0851115061575787,0.9365994572226116
9.347258629314657,0.9796443582113558,1.0563390243006503,1.1628418963251623,0.9602697261568284,1.02304349708029,1.0492709157273636,0.8985171809184591,0.9496307652101049,1.0853377353651825,0.939411056031766
9.352498124062032,0.9804876602801403,1.055039577108554,1.157949781277137,0.96066753763982,1.0206877977868927,1.0493285357983992,0.8958958922351168,0.9474426033021504,1.0855639645727864,0.9422226548409213
9.357737618809406,0.9813309623489247,1.053740129916458,1.1530576662291134,0.9610653491228115,1.0183320984934963,1.0493861558694348,0.8932746035517752,0.9452544413941966,1.0857901937803902,0.9450342536500757
9.362977113556779,0.982174264417709,1.052440682724362,1.14816555118109,0.961463160605803,1.0159763992000996,1.0494437759404702,0.8906533148684338,0.9430662794862428,1.086016422987994,0.94784585245923
9.368216608304152,0.9830175664864933,1.051141235532266,1.1432734361330663,0.9618609720887944,1.0136206999067032,1.0495013960115058,0.8880320261850924,0.940878117578289,1.0862426521955977,0.9506574512683843
9.373456103051526,0.9837075308204103,1.0512207651585792,1.1413933925387694,0.9621804590975488,1.0122457168754377,1.0491682321145572,0.8863901689294647,0.940066667304152,1.0864530905797898,0.951339586877939
9.3786955977989,0.9841866557688846,1.0531963879102055,1.1436549471933473,0.9623922499542271,1.0122192187046022,1.0482977402616307,0.8860950298869433,0.9411481955265135,1.0866418165817908,0.9490937105880435
9.383935092546274,0.9846657807173588,1.0551720106618312,1.1459165018479245,0.9626040408109054,1.0121927205337669,1.0474272484087042,0.8857998908444221,0.9422297237488746,1.0868305425837919,0.9468478342981487
9.389174587293647,0.985144905665833,1.0571476334134569,1.1481780565025015,0.9628158316675838,1.0121662223629315,1.0465567565557778,0.8855047518019009,0.9433112519712357,1.087019268585793,0.944601958008254
9.39441408204102,0.9856240306143071,1.0591232561650825,1.1504396111570785,0.9630276225242621,1.012139724192096,1.0456862647028515,0.8852096127593797,0.9443927801935967,1.087207994587794,0.9423560817183592
9.399653576788396,0.9861031555627815,1.0610988789167088,1.1527011658116564,0.9632394133809405,1.0121132260212606,1.0448157728499248,0.8849144737168584,0.9454743084159583,1.087396720589795,0.9401102054284637
9.404893071535769,0.9865822805112557,1.0630745016683345,1.1549627204662336,0.9634512042376189,1.012086727850425,1.0439452809969985,0.8846193346743371,0.9465558366383193,1.0875854465917958,0.9378643291385689
9.410132566283142,0.9870614054597299,1.0650501244199602,1.1572242751208106,0.9636629950942972,1.0120602296795898,1.043074789144072,0.8843241956318159,0.9476373648606804,1.0877741725937968,0.9356184528486742
9.415372061030515,0.9875405304082041,1.0670257471715858,1.1594858297753878,0.9638747859509755,1.0120337315087544,1.0422042972911456,0.8840290565892946,0.9487188930830415,1.0879628985957979,0.9333725765587794
9.420611555777889,0.9880196553566782,1.0690013699232115,1.1617473844299648,0.9640865768076539,1.0120072333379189,1.041333805438219,0.8837339175467734,0.9498004213054027,1.088151624597799,0.9311267002688846
9.425851050525264,0.9885322378739371,1.0701781917543773,1.1620775015657825,0.9637961132971484,1.0103969115752869,1.040561086911956,0.884174388749375,0.9506074676868435,1.088168843766383,0.9285506827483736
9.431090545272637,0.9890947976345673,1.0701618047106054,1.1595225339079538,0.9627554073256627,1.0064207533224108,1.039934417292396,0.885713677755628,0.9510045068184092,1.0879298746025512,0.925481516764632
9.43633004002001,0.9896573573951976,1.0701454176668335,1.1569675662501249,0.961714701354177,1.0024445950695346,1.0393077476728365,0.887252966761881,0.951401545949975,1.0876909054387192,0.9224123507808903
9.441569534767384,0.9902199171558278,1.0701290306230615,1.1544125985922962,0.9606739953826914,0.9984684368166585,1.0386810780532767,0.888792255768134,0.9517985850815407,1.0874519362748873,0.9193431847971487
9.446809029514759,0.9907824769164583,1.0701126435792896,1.1518576309344666,0.9596332894112054,0.9944922785637811,1.0380544084337167,0.8903315447743876,0.9521956242131067,1.0872129671110553,0.9162740188134061
9.452048524262132,0.9913450366770886,1.0700962565355179,1.1493026632766379,0.9585925834397198,0.990516120310905,1.037427738814157,0.8918708337806406,0.9525926633446724,1.0869739979472235,0.9132048528296645
9.457288019009505,0.9919075964377189,1.070079869491746,1.1467476956188092,0.9575518774682341,0.9865399620580289,1.0368010691945972,0.8934101227868936,0.9529897024762382,1.0867350287833917,0.9101356868459228
9.462527513756879,0.9924701561983491,1.070063482447974,1.1441927279609805,0.9565111714967485,0.9825638038051527,1.0361743995750377,0.8949494117931466,0.9533867416078039,1.0864960596195596,0.9070665208621812
9.467767008504254,0.9930327159589796,1.070047095404202,1.141637760303151,0.9554704655252624,0.9785876455522753,1.0355477299554776,0.8964887007994,0.9537837807393698,1.0862570904557276,0.9039973548784386
9.473006503251627,0.9935952757196099,1.0700307083604301,1.1390827926453222,0.9544297595537767,0.9746114872993992,1.0349210603359178,0.898027989805653,0.9541808198709355,1.0860181212918958,0.900928188894697
9.478245997999,0.9942793312321161,1.0702842293666834,1.1372212160630315,0.9530467324357178,0.9722430128204103,1.034167658834417,0.898461939412206,0.9546092069304652,1.0853711519639817,0.8991504388249125
9.483485492746373,0.9951608173414207,1.0709763509542272,1.1364863999784893,0.9511074334544772,0.972487024473987,1.0332083180247624,0.8970997124942471,0.9550885343729364,1.0840611823694346,0.8994712396153076
9.488724987493747,0.9960423034507253,1.071668472541771,1.135751583893947,0.9491681344732368,0.9727310361275638,1.0322489772151076,0.8957374855762883,0.9555678618154076,1.0827512127748875,0.8997920404057028
9.493964482241122,0.9969237895600301,1.0723605941293148,1.1350167678094045,0.9472288354919957,0.9729750477811406,1.0312896364054525,0.8943752586583289,0.956047189257879,1.08144124318034,0.9001128411960981
9.499203976988495,0.9978052756693347,1.0730527157168586,1.1342819517248623,0.9452895365107552,0.9732190594347174,1.0303302955957978,0.8930130317403701,0.9565265167003502,1.0801312735857929,0.9004336419864933
9.504443471735868,0.9986867617786392,1.0737448373044023,1.1335471356403202,0.9433502375295147,0.9734630710882942,1.0293709547861432,0.8916508048224112,0.9570058441428214,1.0788213039912455,0.9007544427768884
9.509682966483242,0.9995682478879439,1.074436958891946,1.132812319555778,0.9414109385482743,0.973707082741871,1.0284116139764883,0.8902885779044524,0.9574851715852926,1.0775113343966984,0.9010752435672836
9.514922461230617,1.0004497339972487,1.07512908047949,1.1320775034712356,0.9394716395670332,0.9739510943954478,1.0274522731668332,0.888926350986493,0.9579644990277639,1.076201364802151,0.901396044357679
9.52016195597799,1.0013312201065534,1.0758212020670337,1.1313426873866934,0.9375323405857927,0.9741951060490246,1.0264929323571785,0.8875641240685341,0.9584438264702352,1.0748913952076038,0.9017168451480742
9.525401450725363,1.002212706215858,1.0765133236545774,1.130607871302151,0.9355930416045523,0.9744391177026014,1.0255335915475237,0.8862018971505753,0.9589231539127063,1.0735814256130565,0.9020376459384692
9.530640945472737,1.0032335877828913,1.0776305948329163,1.1286452864012009,0.9347471409984992,0.9738872479834919,1.0246409016313156,0.8860533833451725,0.9587748446408205,1.0725525223716859,0.9016834391290647
9.53588044022011,1.0045013154729863,1.079500735078289,1.124508527554528,0.9358374666818408,0.9719260050002504,1.0238662393389195,0.888054153176588,0.9575150953539271,1.0720213407973989,0.9001339063616811
9.541119934967485,1.0057690431630817,1.0813708753236622,1.1203717687078536,0.9369277923651828,0.9699647620170083,1.0230915770465232,0.8900549230080043,0.9562553460670333,1.0714901592231116,0.898584373594297
9.546359429714858,1.0070367708531764,1.0832410155690346,1.1162350098611806,0.9380181180485243,0.9680035190337668,1.022316914754127,0.8920556928394198,0.95499559678014,1.0709589776488244,0.8970348408269134
9.551598924462231,1.0083044985432714,1.085111155814407,1.1120982510145074,0.9391084437318659,0.9660422760505254,1.0215422524617308,0.8940564626708354,0.9537358474932467,1.0704277960745374,0.8954853080595299
9.556838419209605,1.0095722262333664,1.0869812960597798,1.1079614921678345,0.9401987694152075,0.964081033067284,1.0207675901693347,0.8960572325022509,0.9524760982063534,1.0698966145002502,0.8939357752921463
9.56207791395698,1.0108399539234618,1.088851436305153,1.1038247333211602,0.9412890950985494,0.9621197900840418,1.0199929278769384,0.8980580023336671,0.9512163489194596,1.069365432925963,0.8923862425247622
9.567317408704353,1.0121076816135568,1.0907215765505254,1.0996879744744872,0.9423794207818911,0.9601585471008004,1.019218265584542,0.9000587721650827,0.9499565996325662,1.068834251351676,0.8908367097573786
9.572556903451726,1.0133754093036518,1.0925917167958978,1.0955512156278142,0.9434697464652326,0.9581973041175589,1.018443603292146,0.9020595419964982,0.9486968503456729,1.0683030697773888,0.889287176989995
9.5777963981991,1.0146431369937465,1.0944618570412705,1.0914144567811412,0.9445600721485742,0.9562360611343175,1.01766894099975,0.9040603118279138,0.9474371010587795,1.0677718882031018,0.8877376442226115
9.583035892946473,1.0154715634912455,1.0954910680920462,1.0868553628269144,0.9439015616198106,0.954883139585793,1.016615535583792,0.9058847537133564,0.9466489430315157,1.0675426456443222,0.8869943841215606
9.588275387693848,1.015450459006003,1.0948940704797399,1.0814795473044017,0.9398611104749871,0.9547066043411706,1.0150230901568282,0.9073682084679842,0.9467727592783892,1.0678972998581793,0.887810313073787
9.593514882441221,1.0154293545207602,1.0942970728674337,1.0761037317818907,0.9358206593301649,0.9545300690965483,1.0134306447298647,0.9088516632226115,0.9468965755252626,1.068251954072036,0.888626242026013
9.598754377188595,1.0154082500355177,1.0937000752551276,1.0707279162593797,0.9317802081853426,0.954353533851926,1.0118381993029013,0.9103351179772387,0.947020391772136,1.068606608285893,0.8894421709782392
9.603993871935968,1.0153871455502752,1.0931030776428214,1.0653521007368687,0.9277397570405204,0.9541769986073037,1.010245753875938,0.9118185727318658,0.9471442080190094,1.06896126249975,0.8902580999304652
9.609233366683343,1.0153660410650325,1.092506080030515,1.0599762852143557,0.9236993058956968,0.9540004633626813,1.008653308448974,0.9133020274864936,0.947268024265883,1.069315916713607,0.8910740288826916
9.614472861430716,1.01534493657979,1.091909082418209,1.0546004696918447,0.9196588547508746,0.9538239281180589,1.0070608630220106,0.9147854822411209,0.9473918405127564,1.0696705709274639,0.8918899578349176
9.61971235617809,1.0153238320945472,1.0913120848059028,1.0492246541693337,0.9156184036060523,0.9536473928734367,1.0054684175950472,0.9162689369957481,0.9475156567596298,1.0700252251413207,0.8927058867871437
9.624951850925463,1.0153027276093047,1.0907150871935969,1.0438488386468228,0.9115779524612301,0.9534708576288143,1.0038759721680839,0.9177523917503754,0.9476394730065033,1.0703798793551778,0.8935218157393698
9.630191345672838,1.015281623124062,1.0901180895812905,1.0384730231243098,0.9075375013164065,0.953294322384192,1.0022835267411199,0.9192358465050031,0.9477632892533767,1.0707345335690348,0.8943377446915961
9.635430840420211,1.015384604425713,1.0895765037068534,1.0363735438819426,0.905069389589295,0.9527335810525257,1.000945006996998,0.9202576865482741,0.9485384931460737,1.0705499785622807,0.8947026246313154
9.640670335167584,1.0157502986043023,1.0891522348711855,1.0412106828576801,0.9059302152231118,0.9513594033959476,1.0001440955345169,0.9203022016948474,0.9506928068201607,1.0692238165337666,0.8941125492398698
9.645909829914958,1.0161159927828916,1.0887279660355178,1.0460478218334177,0.9067910408569286,0.9499852257393694,0.9993431840720358,0.9203467168414207,0.9528471204942476,1.0678976545052525,0.8935224738484241
9.651149324662331,1.0164816869614808,1.0883036971998499,1.050884960809155,0.9076518664907455,0.9486110480827912,0.9985422726095546,0.920391231987994,0.9550014341683344,1.0665714924767382,0.8929323984569785
9.656388819409706,1.0168473811400702,1.087879428364182,1.0557220997848942,0.9085126921245626,0.9472368704262126,0.9977413611470732,0.9204357471345673,0.957155747842422,1.0652453304482237,0.8923423230655325
9.66162831415708,1.0172130753186595,1.0874551595285142,1.0605592387606317,0.9093735177583795,0.9458626927696344,0.9969404496845921,0.9204802622811405,0.9593100615165089,1.0639191684197096,0.8917522476740869
9.666867808904453,1.0175787694972487,1.0870308906928463,1.0653963777363693,0.9102343433921963,0.9444885151130562,0.9961395382221109,0.9205247774277139,0.9614643751905957,1.0625930063911955,0.8911621722826412
9.672107303651826,1.017944463675838,1.0866066218571786,1.0702335167121066,0.9110951690260132,0.9431143374564781,0.9953386267596297,0.9205692925742872,0.9636186888646826,1.0612668443626811,0.8905720968911955
9.677346798399201,1.0183101578544274,1.0861823530215104,1.0750706556878458,0.9119559946598302,0.9417401597998994,0.9945377152971482,0.9206138077208604,0.9657730025387702,1.0599406823341666,0.8899820214997496
9.682586293146574,1.0186758520330166,1.0857580841858427,1.0799077946635833,0.9128168202936471,0.9403659821433212,0.9937368038346671,0.9206583228674338,0.967927316212857,1.0586145203056525,0.889391946108304
9.687825787893948,1.019030670363682,1.0857550773011508,1.0811826461755862,0.9131689647868932,0.9393719658374187,0.9930496239779889,0.9206451273786893,0.9694959217128565,1.0578272681620813,0.8887806107868933
9.69306528264132,1.019360202347924,1.0867315044524763,1.074175179334416,0.912338425628314,0.9392618246718359,0.9926268701048023,0.9204977546628315,0.969702755708104,1.0582929815010007,0.8881198461283141
9.698304777388694,1.019689734332166,1.0877079316038019,1.0671677124932462,0.9115078864697348,0.9391516835062531,0.9922041162316158,0.9203503819469735,0.9699095897033516,1.0587586948399201,0.8874590814697348
9.70354427213607,1.0200192663164083,1.0886843587551278,1.0601602456520738,0.9106773473111553,0.9390415423406704,0.9917813623584291,0.9202030092311155,0.9701164236985993,1.0592244081788396,0.8867983168111554
9.708783766883442,1.0203487983006505,1.0896607859064535,1.0531527788109036,0.9098468081525761,0.9389314011750876,0.9913586084852425,0.9200556365152576,0.970323257693847,1.059690121517759,0.8861375521525762
9.714023261630816,1.0206783302848925,1.090637213057779,1.0461453119697337,0.9090162689939969,0.9388212600095047,0.9909358546120559,0.9199082637993997,0.9705300916890945,1.0601558348566784,0.8854767874939969
9.719262756378189,1.0210078622691345,1.0916136402091048,1.0391378451285636,0.9081857298354177,0.938711118843922,0.9905131007388693,0.9197608910835418,0.9707369256843422,1.0606215481955978,0.8848160228354176
9.724502251125564,1.0213373942533768,1.0925900673604305,1.0321303782873912,0.9073551906768381,0.9386009776783392,0.9900903468656826,0.9196135183676838,0.9709437596795899,1.0610872615345175,0.8841552581768382
9.729741745872937,1.021666926237619,1.0935664945117562,1.0251229114462213,0.9065246515182589,0.9384908365127564,0.9896675929924961,0.9194661456518258,0.9711505936748375,1.061552974873437,0.8834944935182589
9.73498124062031,1.021996458221861,1.0945429216630818,1.018115444605051,0.9056941123596797,0.9383806953471736,0.9892448391193095,0.9193187729359679,0.971357427670085,1.0620186882123563,0.8828337288596797
9.740220735367684,1.022490105615808,1.0951545987953977,1.0133166361970984,0.9058199916823414,0.937573083622311,0.9886914943106552,0.9193375458609304,0.9708509863596796,1.0619476946378188,0.8821592150385192
9.745460230115057,1.0234042987471237,1.094831604004002,1.014177515024262,0.9083966933631816,0.9349782035892946,0.9878035102298649,0.9197820669904953,0.9685167770785392,1.0605013895975488,0.8814494689882442
9.750699724862432,1.0243184918784396,1.0945086092126064,1.0150383938514258,0.9109733950440227,0.9323833235562775,0.9869155261490743,0.9202265881200601,0.9661825677973981,1.0590550845572781,0.8807397229379688
9.755939219609806,1.025232685009755,1.0941856144212105,1.0158992726785894,0.913550096724863,0.9297884435232612,0.9860275420682839,0.9206711092496248,0.9638483585162577,1.0576087795170082,0.8800299768876937
9.761178714357179,1.0261468781410708,1.093862619629815,1.016760151505753,0.9161267984057031,0.9271935634902448,0.9851395579874936,0.9211156303791896,0.9615141492351172,1.0561624744767382,0.8793202308374186
9.766418209104552,1.0270610712723862,1.0935396248384193,1.0176210303329165,0.9187035000865433,0.9245986834572285,0.9842515739067034,0.9215601515087544,0.9591799399539769,1.0547161694364682,0.8786104847871435
9.771657703851927,1.0279752644037021,1.0932166300470234,1.0184819091600803,0.9212802017673845,0.9220038034242114,0.9833635898259127,0.9220046726383192,0.9568457306728357,1.0532698643961977,0.8779007387368682
9.7768971985993,1.0288894575350178,1.0928936352556278,1.0193427879872439,0.9238569034482247,0.9194089233911951,0.9824756057451224,0.922449193767884,0.9545115213916954,1.0518235593559278,0.8771909926865932
9.782136693346674,1.0298036506663333,1.0925706404642321,1.0202036668144072,0.9264336051290649,0.9168140433581787,0.9815876216643321,0.9228937148974488,0.952177312110555,1.0503772543156575,0.8764812466363181
9.787376188094047,1.0307178437976487,1.0922476456728365,1.0210645456415708,0.929010306809905,0.9142191633251625,0.9806996375835417,0.9233382360270135,0.9498431028294146,1.0489309492753875,0.875771500586043
9.792615682841422,1.0314601830420211,1.0920590826133068,1.0208605301255618,0.930431417277138,0.9121790854172085,0.9797651861570783,0.9242635577668841,0.9486949071810913,1.0480231032206104,0.8760118859194607
9.797855177588795,1.0317150521263132,1.092251840331666,1.017635900847673,0.9285746488211601,0.9117127250755377,0.9786989283174085,0.9265526889302156,0.9509108848181597,1.0486426167881442,0.8789473554662338
9.803094672336169,1.0319699212106053,1.092444598050025,1.0144112715697844,0.9267178803651823,0.9112463647338669,0.9776326704777387,0.9288418200935471,0.9531268624552279,1.049262130355678,0.881882825013007
9.808334167083542,1.0322247902948976,1.0926373557683842,1.0111866422918956,0.9248611119092045,0.9107800043921961,0.976566412638069,0.9311309512568786,0.9553428400922963,1.0498816439232117,0.8848182945597801
9.813573661830915,1.0324796593791896,1.0928301134867433,1.007962013014007,0.9230043434532266,0.9103136440505253,0.9755001547983992,0.9334200824202101,0.9575588177293647,1.0505011574907452,0.8877537641065533
9.81881315657829,1.032734528463482,1.0930228712051027,1.0047373837361173,0.9211475749972482,0.9098472837088544,0.9744338969587292,0.9357092135835423,0.9597747953664338,1.0511206710582792,0.8906892336533274
9.824052651325664,1.032989397547774,1.0932156289234618,1.0015127544582285,0.9192908065412703,0.9093809233671836,0.9733676391190594,0.9379983447468738,0.9619907730035021,1.051740184625813,0.8936247032001006
9.829292146073037,1.033244266632066,1.093408386641821,0.9982881251803398,0.9174340380852924,0.9089145630255128,0.9723013812793896,0.9402874759102053,0.9642067506405705,1.0523596981933467,0.8965601727468737
9.83453164082041,1.0334991357163583,1.09360114436018,0.9950634959024511,0.9155772696293146,0.908448202683842,0.9712351234397198,0.9425766070735369,0.9664227282776389,1.0529792117608805,0.8994956422936469
9.839771135567785,1.0337540048006504,1.0937939020785392,0.9918388666245613,0.9137205011733361,0.9079818423421709,0.9701688656000498,0.944865738236869,0.968638705914708,1.0535987253284143,0.902431111840421
9.845010630315159,1.0337567451325662,1.0936761144922458,0.9892114644882439,0.9122032003871935,0.9079483554372189,0.9692845145537768,0.9466891762336169,0.9704950723541773,1.0536751529929962,0.9046262801245623
9.850250125062532,1.032963704089795,1.092578168288144,0.9884690605175086,0.9117573444339669,0.9092811253169086,0.9689743068241621,0.9470427701733367,0.9712164159512258,1.052037465776388,0.9044848725485243
9.855489619809905,1.0321706630470235,1.091480222084042,0.9877266565467733,0.9113114884807404,0.9106138951965983,0.9686640990945473,0.9473963641130565,0.9719377595482742,1.0503997785597798,0.9043434649724863
9.860729114557278,1.0313776220042523,1.09038227587994,0.9869842525760381,0.9108656325275137,0.9119466650762881,0.9683538913649326,0.9477499580527764,0.9726591031453227,1.0487620913431717,0.9042020573964482
9.865968609304653,1.0305845809614806,1.0892843296758377,0.9862418486053025,0.9104197765742871,0.9132794349559783,0.9680436836353176,0.9481035519924963,0.9733804467423713,1.047124404126563,0.9040606498204102
9.871208104052027,1.0297915399187092,1.0881863834717358,0.9854994446345672,0.9099739206210604,0.914612204835668,0.9677334759057028,0.9484571459322162,0.9741017903394198,1.0454867169099549,0.9039192422443721
9.8764475987994,1.028998498875938,1.0870884372676337,0.9847570406638319,0.9095280646678339,0.9159449747153577,0.967423268176088,0.948810739871936,0.9748231339364684,1.0438490296933467,0.9037778346683342
9.881687093546773,1.0282054578331665,1.0859904910635318,0.9840146366930965,0.9090822087146073,0.9172777445950474,0.9671130604464733,0.9491643338116558,0.9755444775335168,1.0422113424767385,0.9036364270922962
9.886926588294148,1.0274124167903949,1.0848925448594295,0.983272232722361,0.9086363527613806,0.9186105144747376,0.9668028527168584,0.9495179277513758,0.9762658211305655,1.04057365526013,0.9034950195162581
9.892166083041522,1.0266193757476236,1.0837945986553275,0.9825298287516256,0.908190496808154,0.9199432843544274,0.9664926449872435,0.9498715216910956,0.9769871647276139,1.0389359680435217,0.9033536119402201
9.897405577788895,1.0259137791470734,1.0827011044632315,0.9814313360605301,0.9077794800505252,0.9206994442271135,0.9658893455977988,0.949846234822411,0.9773168995642821,1.0375937655452727,0.9024764265252625
9.902645072536268,1.0255172191548274,1.0816233440862932,0.97907439345998,0.9074915881773387,0.919417811915958,0.9642502336378189,0.9484819487331165,0.9762626534409705,1.037295832903952,0.8989989353386695
9.907884567283643,1.0251206591625812,1.0805455837093545,0.9767174508594292,0.907203696304152,0.9181361796048021,0.9626111216778386,0.9471176626438216,0.9752084073176586,1.0369979002626313,0.8955214441520752
9.913124062031017,1.024724099170335,1.079467823332416,0.9743605082588791,0.9069158044309654,0.9168545472936466,0.9609720097178587,0.945753376554527,0.9741541611943471,1.0366999676213107,0.8920439529654822
9.91836355677839,1.024327539178089,1.0783900629554777,0.972003565658329,0.9066279125577789,0.9155729149824912,0.9593328977578788,0.9443890904652325,0.9730999150710354,1.03640203497999,0.8885664617788892
9.923603051525763,1.0239309791858429,1.0773123025785392,0.9696466230577789,0.9063400206845923,0.9142912826713356,0.957693785797899,0.9430248043759379,0.9720456689477239,1.0361041023386695,0.8850889705922962
9.928842546273136,1.023534419193597,1.0762345422016009,0.9672896804572289,0.9060521288114057,0.9130096503601801,0.9560546738379191,0.9416605182866434,0.9709914228244123,1.0358061696973486,0.8816114794057032
9.934082041020512,1.0231378592013507,1.0751567818246621,0.9649327378566779,0.9057642369382191,0.9117280180490243,0.9544155618779386,0.9402962321973484,0.9699371767011004,1.035508237056028,0.878133988219109
9.939321535767885,1.0227412992091045,1.0740790214477238,0.9625757952561278,0.9054763450650325,0.9104463857378687,0.9527764499179588,0.9389319461080539,0.9688829305777888,1.0352103044147072,0.874656497032516
9.944561030515258,1.0223447392168585,1.0730012610707853,0.9602188526555777,0.9051884531918459,0.9091647534267133,0.951137337957979,0.9375676600187594,0.9678286844544772,1.0349123717733866,0.871179005845923
9.949800525262631,1.0217428667283643,1.0717411128399201,0.9580234098849426,0.9044130220090048,0.9076923881490746,0.9493817935617811,0.9366107054552275,0.9666748182011007,1.0339158586218111,0.8680607240240121
9.955040020010006,1.0203223106610804,1.0697536930415203,0.9564719476860928,0.901693527828914,0.9054594751675833,0.9471619748261627,0.9372779853506754,0.9651237166790892,1.030133755685592,0.8663747895437716
9.96027951475738,1.0189017545937968,1.0677662732431212,0.9549204854872435,0.8989740336488241,0.9032265621860928,0.944942156090545,0.9379452652461231,0.9635726151570784,1.0263516527493741,0.8646888550635317
9.965519009504753,1.0174811985265133,1.0657788534447223,0.9533690232883941,0.8962545394687342,0.9009936492046022,0.9427223373549274,0.9386125451415708,0.9620215136350675,1.0225695498131564,0.8630029205832916
9.970758504252126,1.0160606424592298,1.0637914336463232,0.9518175610895449,0.8935350452886445,0.8987607362231117,0.9405025186193098,0.9392798250370185,0.9604704121130566,1.0187874468769387,0.8613169861030516
9.9759979989995,1.0146400863919462,1.061804013847924,0.9502660988906956,0.8908155511085546,0.8965278232416211,0.9382826998836922,0.9399471049324661,0.9589193105910457,1.015005343940721,0.8596310516228116
9.981237493746875,1.013219530324662,1.0598165940495246,0.9487146366918457,0.8880960569284638,0.8942949102601297,0.9360628811480738,0.940614384827914,0.9573682090690343,1.0112232410045017,0.857945117142571
9.986476988494248,1.0117989742573785,1.0578291742511254,0.9471631744929965,0.8853765627483741,0.8920619972786392,0.9338430624124562,0.9412816647233617,0.9558171075470234,1.007441138068284,0.8562591826623311
9.991716483241621,1.010378418190095,1.0558417544527263,0.9456117122941472,0.8826570685682842,0.8898290842971487,0.9316232436768385,0.9419489446188094,0.9542660060250125,1.0036590351320662,0.8545732481820911
9.996955977988994,1.0089578621228115,1.0538543346543274,0.9440602500952978,0.8799375743881944,0.8875961713156582,0.9294034249412209,0.9426162245142571,0.9527149045030017,0.9998769321958484,0.8528873137018511
10.00219547273637,1.007497663716358,1.0515608996383186,0.9423701383716856,0.8781052644242123,0.885317667422711,0.927357259886443,0.9426885530120056,0.9512048843836917,0.9963449091755875,0.8511208118159076
10.007434967483743,1.0058574230195096,1.0478776455090042,0.9400503267231115,0.880302249441721,0.8828321048069033,0.9260997719654827,0.9400588105785391,0.9498814423016507,0.9939486657736367,0.8489883996290644
10.012674462231116,1.0042171823226613,1.0441943913796898,0.9377305150745373,0.8824992344592295,0.8803465421910956,0.9248422840445223,0.9374290681450725,0.9485580002196098,0.991552422371686,0.8468559874422211
10.01791395697849,1.002576941625813,1.0405111372503755,0.9354107034259632,0.884696219476738,0.8778609795752879,0.9235847961235619,0.9347993257116061,0.9472345581375688,0.9891561789697352,0.8447235752553779
10.023153451725863,1.0009367009289647,1.0368278831210611,0.9330908917773891,0.8868932044942467,0.8753754169594802,0.9223273082026016,0.9321695832781396,0.945911116055528,0.9867599355677844,0.8425911630685347
10.028392946473238,0.9992964602321159,1.0331446289917454,0.9307710801288143,0.889090189511756,0.8728898543436716,0.9210698202816407,0.9295398408446721,0.9445876739734866,0.9843636921658327,0.8404587508816906
10.033632441220611,0.9976562195352676,1.029461374862431,0.9284512684802402,0.8912871745292645,0.8704042917278639,0.9198123323606804,0.9269100984112056,0.9432642318914457,0.981967448763882,0.8383263386948474
10.038871935967984,0.9960159788384193,1.0257781207331167,0.9261314568316661,0.8934841595467732,0.8679187291120563,0.91855484443972,0.924280355977739,0.9419407898094048,0.9795712053619312,0.8361939265080042
10.044111430715358,0.994375738141571,1.0220948666038023,0.923811645183092,0.8956811445642817,0.8654331664962486,0.9172973565187595,0.9216506135442726,0.9406173477273639,0.9771749619599804,0.8340615143211609
10.049350925462733,0.9927354974447222,1.0184116124744869,0.921491833534517,0.897878129581791,0.86294760388044,0.9160398685977988,0.9190208711108051,0.9392939056453226,0.9747787185580289,0.831929102134317
10.054590420210106,0.9911813096143071,1.0149856297168582,0.9186007372036017,0.8992597994057028,0.8604483092946473,0.9145880798784392,0.9167324049634817,0.9381130946228113,0.9723314435922962,0.8301757126268134
10.05982991495748,0.9900775547566283,1.0129063017953976,0.9127193226135569,0.8963738037631317,0.8578771364284643,0.9121192479174588,0.9162303068764382,0.9376788680525263,0.9696170502848925,0.8304062699564783
10.065069409704853,0.9889737998989495,1.010826973873937,0.9068379080235123,0.8934878081205605,0.8553059635622814,0.9096504159564784,0.9157282087893948,0.9372446414822412,0.966902656977489,0.8306368272861431
10.070308904452228,0.9878700450412704,1.0087476459524758,0.9009564934334655,0.8906018124779884,0.8527347906960975,0.9071815839954972,0.915226110702351,0.9368104149119558,0.9641882636700845,0.830867384615808
10.0755483991996,0.9867662901835916,1.0066683180310152,0.8950750788434207,0.8877158168354172,0.8501636178299146,0.9047127520345168,0.9147240126153076,0.9363761883416707,0.961473870362681,0.8310979419454728
10.080787893946974,0.9856625353259129,1.0045889901095544,0.889193664253376,0.884829821192846,0.8475924449637315,0.9022439200735365,0.9142219145282641,0.9359419617713857,0.9587594770552773,0.8313284992751376
10.086027388694347,0.9845587804682341,1.0025096621880938,0.8833122496633312,0.881943825550275,0.8450212720975486,0.8997750881125561,0.9137198164412206,0.9355077352011005,0.9560450837478738,0.8315590566048024
10.09126688344172,0.9834550256105553,1.0004303342666332,0.8774308350732865,0.8790578299077038,0.8424500992313656,0.8973062561515757,0.9132177183541771,0.9350735086308154,0.9533306904404701,0.8317896139344672
10.096506378189096,0.9823512707528761,0.9983510063451719,0.8715494204832397,0.8761718342651317,0.8398789263651818,0.8948374241905945,0.9127156202671334,0.9346392820605302,0.9506162971330656,0.8320201712641321
10.101745872936469,0.9812475158951973,0.9962716784237112,0.865668005893195,0.8732858386225605,0.8373077534989988,0.8923685922296141,0.9122135221800899,0.934205055490245,0.9479019038256621,0.8322507285937969
10.106985367683842,0.9800775006273134,0.9942468214977485,0.8609366777443727,0.870506796816908,0.8348463293851922,0.8901563178394195,0.9116741707303649,0.9338513554632316,0.9452619526293141,0.8327472535532771
10.112224862431216,0.9785016403469233,0.9925555994192093,0.8632496290480244,0.8683828472623809,0.8330571163796896,0.889515458570285,0.910906642434217,0.9339908805137569,0.9430779593631813,0.834872830245373
10.11746435717859,0.9769257800665326,0.9908643773406697,0.8655625803516768,0.8662588977078531,0.8312679033741864,0.8888745993011503,0.9101391141380687,0.9341304055642822,0.9408939660970477,0.8369984069374695
10.122703851925964,0.9753499197861426,0.9891731552621306,0.8678755316553284,0.864134948153326,0.8294786903686838,0.8882337400320158,0.9093715858419207,0.9342699306148075,0.9387099728309147,0.8391239836295654
10.127943346673337,0.9737740595057526,0.9874819331835913,0.87018848295898,0.8620109985987989,0.8276894773631812,0.8875928807628813,0.9086040575457727,0.9344094556653326,0.9365259795647819,0.8412495603216613
10.13318284142071,0.9721981992253624,0.9857907111050522,0.8725014342626317,0.8598870490442718,0.8259002643576786,0.8869520214937467,0.9078365292496247,0.9345489807158579,0.934341986298649,0.8433751370137572
10.138422336168084,0.9706223389449724,0.9840994890265131,0.8748143855662833,0.8577630994897447,0.824111051352176,0.8863111622246123,0.9070690009534766,0.9346885057663832,0.9321579930325161,0.845500713705853
10.143661830915459,0.9690464786645818,0.9824082669479735,0.8771273368699357,0.8556391499352168,0.8223218383466728,0.8856703029554776,0.9063014726573284,0.9348280308169085,0.9299739997663825,0.8476262903979497
10.148901325662832,0.9674706183841917,0.9807170448694342,0.8794402881735874,0.8535152003806897,0.8205326253411702,0.8850294436863431,0.9055339443611804,0.9349675558674337,0.9277900065002496,0.8497518670900456
10.154140820410205,0.9658947581038017,0.9790258227908951,0.881753239477239,0.8513912508261626,0.8187434123356676,0.8843885844172086,0.9047664160650324,0.935107080917959,0.9256060132341166,0.8518774437821414
10.159380315157579,0.9643780048289143,0.9773165478979488,0.8834496432191093,0.8495796286273136,0.8171873514542272,0.883470165952476,0.9039727268444222,0.9351037417483741,0.9234755179369684,0.8534197346193094
10.164619809904954,0.9632934715317655,0.9754752617996492,0.8806375429154568,0.8500519002168586,0.8173362154799901,0.880522095869934,0.9029877358636815,0.9340557079692342,0.9217362265380183,0.8506967476423202
10.169859304652327,0.9622089382346171,0.9736339757013501,0.8778254426118052,0.8505241718064033,0.817485079505753,0.877574025787393,0.9020027448829412,0.9330076741900948,0.9199969351390691,0.8479737606653319
10.1750987993997,0.9611244049374685,0.9717926896030512,0.8750133423081535,0.850996443395948,0.8176339435315159,0.8746259557048519,0.901017753902201,0.9319596404109552,0.9182576437401198,0.8452507736883437
10.180338294147074,0.96003987164032,0.9699514035047522,0.872201242004502,0.8514687149854928,0.8177828075572787,0.8716778856223109,0.9000327629214606,0.9309116066318158,0.9165183523411704,0.8425277867113553
10.185577788894447,0.9589553383431716,0.9681101174064531,0.8693891417008504,0.8519409865750375,0.8179316715830416,0.8687298155397698,0.8990477719407204,0.9298635728526763,0.9147790609422211,0.8398047997343671
10.190817283641822,0.9578708050460227,0.9662688313081536,0.8665770413971978,0.8524132581645825,0.8180805356088044,0.8657817454572277,0.8980627809599797,0.9288155390735364,0.9130397695432712,0.8370818127573779
10.196056778389195,0.9567862717488742,0.9644275452098545,0.8637649410935463,0.8528855297541271,0.8182293996345673,0.8628336753746867,0.8970777899792394,0.927767505294397,0.9113004781443218,0.8343588257803896
10.201296273136569,0.9557017384517257,0.9625862591115555,0.8609528407898946,0.8533578013436719,0.8183782636603303,0.8598856052921457,0.8960927989984991,0.9267194715152575,0.9095611867453725,0.8316358388034013
10.206535767883942,0.9546172051545772,0.9607449730132566,0.858140740486243,0.8538300729332167,0.8185271276860931,0.8569375352096047,0.8951078080177588,0.925671437736118,0.9078218953464231,0.828912851826413
10.211775262631317,0.9534416243636812,0.9588716146888437,0.8553097681565774,0.8541205107058525,0.8183935295607796,0.8541261020655323,0.8943362105137572,0.92462763138069,0.9060793455682836,0.826501969591796
10.21701475737869,0.9514488923164077,0.956710408135067,0.8523094193934461,0.8527789899717356,0.8157248336295643,0.8525409854442217,0.895479819463482,0.9236217661530763,0.904307551836918,0.82689222741996
10.222254252126064,0.9494561602691343,0.9545492015812903,0.8493090706303148,0.8514374692376186,0.8130561376983488,0.8509558688229112,0.8966234284132067,0.9226159009254626,0.9025357581055525,0.8272824852481241
10.227493746873437,0.9474634282218608,0.9523879950275136,0.8463087218671834,0.8500959485035017,0.8103874417671334,0.8493707522016006,0.8977670373629315,0.9216100356978488,0.9007639643741869,0.8276727430762881
10.232733241620812,0.9454706961745867,0.9502267884737362,0.8433083731040512,0.8487544277693843,0.8077187458359171,0.8477856355802896,0.8989106463126567,0.9206041704702348,0.8989921706428209,0.8280630009044523
10.237972736368185,0.9434779641273131,0.9480655819199595,0.8403080243409198,0.8474129070352674,0.8050500499047017,0.8462005189589791,0.9000542552623815,0.9195983052426211,0.8972203769114553,0.8284532587326163
10.243212231115558,0.9414852320800396,0.9459043753661828,0.8373076755777884,0.8460713863011504,0.8023813539734863,0.8446154023376685,0.9011978642121062,0.9185924400150074,0.8954485831800898,0.8288435165607805
10.248451725862932,0.9394925000327662,0.943743168812406,0.8343073268146571,0.8447298655670334,0.7997126580422709,0.8430302857163581,0.902341473161831,0.9175865747873936,0.8936767894487242,0.8292337743889445
10.253691220610305,0.9374997679854927,0.9415819622586293,0.8313069780515258,0.8433883448329165,0.7970439621110555,0.8414451690950475,0.9034850821115558,0.9165807095597799,0.8919049957173587,0.8296240322171086
10.25893071535768,0.9355070359382186,0.939420755704852,0.8283066292883935,0.842046824098799,0.7943752661798392,0.8398600524737364,0.904628691061281,0.9155748443321658,0.8901332019859926,0.8300142900452727
10.264170210105053,0.9335913372716357,0.9372704286948471,0.8255308512106053,0.8407117179239618,0.7917543807778885,0.8382899750600298,0.9055695344842419,0.9145885703401699,0.8883629774232114,0.8301409193071531
10.269409704852427,0.9325591151898448,0.9352448764524761,0.8253306181803401,0.8394501787258628,0.7896818223834415,0.8368923785585292,0.9041849107721359,0.9138269833316658,0.8866107492626312,0.8272440584494745
10.2746491995998,0.931526893108054,0.9332193242101051,0.8251303851500751,0.8381886395277639,0.7876092639889944,0.8354947820570284,0.90280028706003,0.9130653963231615,0.884858521102051,0.8243471975917959
10.279888694347175,0.9304946710262628,0.9311937719677333,0.8249301521198098,0.8369271003296646,0.7855367055945467,0.8340971855555274,0.9014156633479236,0.9123038093146572,0.8831062929414703,0.8214503367341163
10.285128189094548,0.929462448944472,0.9291682197253623,0.8247299190895447,0.8356655611315655,0.7834641472000996,0.8326995890540267,0.9000310396358177,0.9115422223061529,0.8813540647808902,0.8185534758764377
10.290367683841922,0.9284302268626812,0.9271426674829913,0.8245296860592796,0.8344040219334666,0.7813915888056526,0.8313019925525261,0.8986464159237117,0.9107806352976487,0.87960183662031,0.8156566150187591
10.295607178589295,0.9273980047808904,0.9251171152406202,0.8243294530290145,0.8331424827353676,0.7793190304112055,0.8299043960510255,0.8972617922116057,0.9100190482891446,0.8778496084597298,0.8127597541610805
10.300846673336668,0.9263657826990996,0.9230915629982492,0.8241292199987493,0.8318809435372687,0.7772464720167584,0.8285067995495249,0.8958771684994998,0.9092574612806403,0.8760973802991497,0.8098628933034018
10.306086168084043,0.9253335606173084,0.9210660107558776,0.8239289869684842,0.8306194043391694,0.7751739136223107,0.8271092030480237,0.8944925447873935,0.9084958742721359,0.874345152138569,0.8069660324457223
10.311325662831416,0.9243013385355177,0.9190404585135065,0.823728753938219,0.8293578651410703,0.7731013552278637,0.8257116065465231,0.8931079210752875,0.9077342872636317,0.8725929239779888,0.8040691715880436
10.31656515757879,0.9232503014862431,0.9169889792896447,0.8233675149689843,0.8281350373966984,0.7712405691295648,0.8243440736528264,0.8918614160305154,0.906958974296148,0.8708192805177588,0.8013892433506754
10.321804652326163,0.9219052805700351,0.9145323909799901,0.8204905582033517,0.8275170761168085,0.7726887251585792,0.8234462846310656,0.8927730151628314,0.9059691932196098,0.8687110230005003,0.8020988873056528
10.327044147073538,0.9205602596538266,0.9120758026703346,0.8176136014377182,0.8268991148369184,0.7741368811875942,0.8225484956093044,0.8936846142951478,0.9049794121430713,0.8666027654832411,0.8028085312606305
10.332283641820911,0.9192152387376186,0.9096192143606799,0.8147366446720856,0.8262811535570285,0.7755850372166085,0.8216507065875437,0.8945962134274639,0.9039896310665331,0.8644945079659827,0.8035181752156079
10.337523136568285,0.9178702178214106,0.9071626260510254,0.811859687906453,0.8256631922771386,0.7770331932456229,0.8207529175657828,0.89550781255978,0.9029998499899949,0.8623862504487242,0.8042278191705854
10.342762631315658,0.9165251969052026,0.9047060377413707,0.8089827311408204,0.8250452309972487,0.7784813492746373,0.819855128544022,0.896419411692096,0.9020100689134567,0.8602779929314658,0.8049374631255628
10.348002126063031,0.9151801759889946,0.902249449431716,0.8061057743751878,0.8244272697173588,0.7799295053036517,0.8189573395222612,0.8973310108244121,0.9010202878369186,0.8581697354142073,0.8056471070805402
10.353241620810406,0.9138351550727862,0.8997928611220606,0.8032288176095543,0.8238093084374687,0.7813776613326666,0.8180595505005,0.8982426099567284,0.90003050676038,0.8560614778969481,0.8063567510355178
10.35848111555778,0.9124901341565782,0.897336272812406,0.8003518608439217,0.8231913471575788,0.782825817361681,0.8171617614787393,0.8991542090890445,0.8990407256838417,0.8539532203796897,0.8070663949904954
10.363720610305153,0.9111451132403702,0.8948796845027513,0.7974749040782891,0.8225733858776889,0.7842739733906954,0.8162639724569785,0.9000658082213606,0.8980509446073036,0.8518449628624312,0.8077760389454728
10.368960105052526,0.9097635705832918,0.8924259266483243,0.7945688485152579,0.8219332932201102,0.7855436113126566,0.8153365033391696,0.9008216522481243,0.8970715102801401,0.8497307022636319,0.8083973279029516
10.374199599799901,0.9075077887541267,0.8900399228159075,0.7909662404894942,0.8207634307091044,0.7825399720470231,0.8136985669222108,0.8978491084357173,0.8963397512661329,0.8474727429004498,0.8069036191078036
10.379439094547275,0.9052520069249623,0.8876539189834916,0.7873636324637315,0.8195935681980989,0.7795363327813905,0.8120606305052525,0.8948765646233113,0.895607992252126,0.8452147835372684,0.8054099103126562
10.384678589294648,0.9029962250957979,0.8852679151510755,0.7837610244379689,0.8184237056870936,0.7765326935157579,0.810422694088294,0.8919040208109054,0.894876233238119,0.842956824174087,0.8039162015175088
10.389918084042021,0.9007404432666335,0.8828819113186595,0.7801584164122064,0.8172538431760881,0.7735290542501253,0.8087847576713357,0.8889314769984994,0.894144474224112,0.8406988648109056,0.8024224927223613
10.395157578789396,0.8984846614374683,0.8804959074862426,0.7765558083864426,0.8160839806650824,0.7705254149844917,0.8071468212543769,0.8859589331860924,0.8934127152101049,0.8384409054477234,0.8009287839272133
10.40039707353677,0.8962288796083039,0.8781099036538267,0.7729532003606799,0.8149141181540769,0.7675217757188592,0.8055088848374184,0.8829863893736865,0.892680956196098,0.836182946084542,0.7994350751320659
10.405636568284143,0.8939730977791395,0.8757238998214106,0.7693505923349173,0.8137442556430715,0.7645181364532265,0.8038709484204601,0.8800138455612805,0.891949197182091,0.8339249867213606,0.7979413663369185
10.410876063031516,0.891717315949975,0.8733378959889946,0.7657479843091548,0.812574393132066,0.761514497187594,0.8022330120035018,0.8770413017488745,0.8912174381680841,0.8316670273581792,0.7964476575417709
10.41611555777889,0.8894615341208107,0.8709518921565786,0.7621453762833922,0.8114045306210607,0.7585108579219614,0.8005950755865434,0.8740687579364685,0.8904856791540772,0.8294090679949978,0.7949539487466235
10.421355052526264,0.8872146875352674,0.8685694351615806,0.75854722678089,0.8102372782371184,0.7555698654457229,0.7989662665372684,0.8711478447093546,0.8897459699389694,0.8271554256623309,0.7934675345147573
10.426594547273638,0.8854045509817408,0.8663603298454227,0.7551669876028012,0.8091975958134067,0.7556907348011506,0.7977835575835417,0.8707503763384191,0.8886176946450725,0.825112778196098,0.7923376420632816
10.431834042021011,0.8835944144282142,0.8641512245292647,0.7517867484247125,0.8081579133896949,0.7558116041565783,0.796600848629815,0.8703529079674838,0.8874894193511756,0.823070130729865,0.791207749611806
10.437073536768384,0.8817842778746876,0.8619421192131068,0.7484065092466237,0.8071182309659831,0.755932473512006,0.7954181396760882,0.8699554395965483,0.8863611440572787,0.8210274832636321,0.7900778571603303
10.44231303151576,0.8799741413211604,0.8597330138969482,0.7450262700685337,0.806078548542271,0.7560533428674338,0.794235430722361,0.8695579712256127,0.8852328687633815,0.8189848357973984,0.7889479647088543
10.447552526263133,0.8781640047676337,0.8575239085807903,0.741646030890445,0.8050388661185592,0.7561742122228615,0.7930527217686343,0.8691605028546773,0.8841045934694847,0.8169421883311655,0.7878180722573787
10.452792021010506,0.8763538682141071,0.8553148032646324,0.7382657917123562,0.8039991836948475,0.7562950815782892,0.7918700128149074,0.8687630344837418,0.8829763181755877,0.8148995408649325,0.786688179805903
10.45803151575788,0.8745437316605805,0.8531056979484745,0.7348855525342675,0.8029595012711357,0.7564159509337168,0.7906873038611807,0.8683655661128065,0.8818480428816909,0.8128568933986995,0.7855582873544273
10.463271010505252,0.8727335951070538,0.8508965926323165,0.7315053133561786,0.8019198188474239,0.7565368202891446,0.789504594907454,0.867968097741871,0.880719767587794,0.8108142459324665,0.7844283949029517
10.468510505252627,0.8709234585535266,0.848687487316158,0.7281250741780887,0.8008801364237118,0.7566576896445724,0.7883218859537268,0.8675706293709354,0.8795914922938968,0.8087715984662329,0.7832985024514757
10.47375,0.869113322,0.846478382,0.724744835,0.799840454,0.756778559,0.787139177,0.867173161,0.878463217,0.806728951,0.78216861
