# composition,0.5LiCl-0.5KCl
# source,NumbersNVT, 2026
# temperature_K,738
# raw_file,0.5LiCl-0.5KCl_NumbersNVT_2026_738.0_AP.csv
# savgol,True
# grid_points,2000
r (A),Cl-Cl,K-Cl,K-K,K-Li,Li-Cl,Li-Li
0.0,0.0,0.0,0.0,0.0,0.0,0.0
0.005239494747373687,0.0,0.0,0.0,0.0,0.0,0.0
0.010478989494747374,0.0,0.0,0.0,0.0,0.0,0.0
0.01571848424212106,0.0,0.0,0.0,0.0,0.0,0.0
0.02095797898949475,0.0,0.0,0.0,0.0,0.0,0.0
0.026197473736868437,0.0,0.0,0.0,0.0,0.0,0.0
0.03143696848424212,0.0,0.0,0.0,0.0,0.0,0.0
0.03667646323161581,0.0,0.0,0.0,0.0,0.0,0.0
0.0419159579789895,0.0,0.0,0.0,0.0,0.0,0.0
0.047155452726363185,0.0,0.0,0.0,0.0,0.0,0.0
0.05239494747373687,0.0,0.0,0.0,0.0,0.0,0.0
0.05763444222111056,0.0,0.0,0.0,0.0,0.0,0.0
0.06287393696848424,0.0,0.0,0.0,0.0,0.0,0.0
0.06811343171585793,0.0,0.0,0.0,0.0,0.0,0.0
0.07335292646323162,0.0,0.0,0.0,0.0,0.0,0.0
0.0785924212106053,0.0,0.0,0.0,0.0,0.0,0.0
0.083831915957979,0.0,0.0,0.0,0.0,0.0,0.0
0.08907141070535268,0.0,0.0,0.0,0.0,0.0,0.0
0.09431090545272637,0.0,0.0,0.0,0.0,0.0,0.0
0.09955040020010006,0.0,0.0,0.0,0.0,0.0,0.0
0.10478989494747375,0.0,0.0,0.0,0.0,0.0,0.0
0.11002938969484743,0.0,0.0,0.0,0.0,0.0,0.0
0.11526888444222112,0.0,0.0,0.0,0.0,0.0,0.0
0.12050837918959481,0.0,0.0,0.0,0.0,0.0,0.0
0.12574787393696849,0.0,0.0,0.0,0.0,0.0,0.0
0.1309873686843422,0.0,0.0,0.0,0.0,0.0,0.0
0.13622686343171586,0.0,0.0,0.0,0.0,0.0,0.0
0.14146635817908956,0.0,0.0,0.0,0.0,0.0,0.0
0.14670585292646324,0.0,0.0,0.0,0.0,0.0,0.0
0.15194534767383694,0.0,0.0,0.0,0.0,0.0,0.0
0.1571848424212106,0.0,0.0,0.0,0.0,0.0,0.0
0.16242433716858432,0.0,0.0,0.0,0.0,0.0,0.0
0.167663831915958,0.0,0.0,0.0,0.0,0.0,0.0
0.17290332666333166,0.0,0.0,0.0,0.0,0.0,0.0
0.17814282141070537,0.0,0.0,0.0,0.0,0.0,0.0
0.18338231615807904,0.0,0.0,0.0,0.0,0.0,0.0
0.18862181090545274,0.0,0.0,0.0,0.0,0.0,0.0
0.19386130565282642,0.0,0.0,0.0,0.0,0.0,0.0
0.19910080040020012,0.0,0.0,0.0,0.0,0.0,0.0
0.2043402951475738,0.0,0.0,0.0,0.0,0.0,0.0
0.2095797898949475,0.0,0.0,0.0,0.0,0.0,0.0
0.21481928464232117,0.0,0.0,0.0,0.0,0.0,0.0
0.22005877938969487,0.0,0.0,0.0,0.0,0.0,0.0
0.22529827413706854,0.0,0.0,0.0,0.0,0.0,0.0
0.23053776888444225,0.0,0.0,0.0,0.0,0.0,0.0
0.23577726363181592,0.0,0.0,0.0,0.0,0.0,0.0
0.24101675837918962,0.0,0.0,0.0,0.0,0.0,0.0
0.2462562531265633,0.0,0.0,0.0,0.0,0.0,0.0
0.25149574787393697,0.0,0.0,0.0,0.0,0.0,0.0
0.25673524262131064,0.0,0.0,0.0,0.0,0.0,0.0
0.2619747373686844,0.0,0.0,0.0,0.0,0.0,0.0
0.26721423211605805,0.0,0.0,0.0,0.0,0.0,0.0
0.2724537268634317,0.0,0.0,0.0,0.0,0.0,0.0
0.2776932216108054,0.0,0.0,0.0,0.0,0.0,0.0
0.2829327163581791,0.0,0.0,0.0,0.0,0.0,0.0
0.2881722111055528,0.0,0.0,0.0,0.0,0.0,0.0
0.2934117058529265,0.0,0.0,0.0,0.0,0.0,0.0
0.29865120060030015,0.0,0.0,0.0,0.0,0.0,0.0
0.3038906953476739,0.0,0.0,0.0,0.0,0.0,0.0
0.30913019009504755,0.0,0.0,0.0,0.0,0.0,0.0
0.3143696848424212,0.0,0.0,0.0,0.0,0.0,0.0
0.3196091795897949,0.0,0.0,0.0,0.0,0.0,0.0
0.32484867433716863,0.0,0.0,0.0,0.0,0.0,0.0
0.3300881690845423,0.0,0.0,0.0,0.0,0.0,0.0
0.335327663831916,0.0,0.0,0.0,0.0,0.0,0.0
0.34056715857928965,0.0,0.0,0.0,0.0,0.0,0.0
0.3458066533266633,0.0,0.0,0.0,0.0,0.0,0.0
0.35104614807403706,0.0,0.0,0.0,0.0,0.0,0.0
0.35628564282141073,0.0,0.0,0.0,0.0,0.0,0.0
0.3615251375687844,0.0,0.0,0.0,0.0,0.0,0.0
0.3667646323161581,0.0,0.0,0.0,0.0,0.0,0.0
0.3720041270635318,0.0,0.0,0.0,0.0,0.0,0.0
0.3772436218109055,0.0,0.0,0.0,0.0,0.0,0.0
0.38248311655827916,0.0,0.0,0.0,0.0,0.0,0.0
0.38772261130565283,0.0,0.0,0.0,0.0,0.0,0.0
0.39296210605302656,0.0,0.0,0.0,0.0,0.0,0.0
0.39820160080040023,0.0,0.0,0.0,0.0,0.0,0.0
0.4034410955477739,0.0,0.0,0.0,0.0,0.0,0.0
0.4086805902951476,0.0,0.0,0.0,0.0,0.0,0.0
0.4139200850425213,0.0,0.0,0.0,0.0,0.0,0.0
0.419159579789895,0.0,0.0,0.0,0.0,0.0,0.0
0.42439907453726866,0.0,0.0,0.0,0.0,0.0,0.0
0.42963856928464234,0.0,0.0,0.0,0.0,0.0,0.0
0.434878064032016,0.0,0.0,0.0,0.0,0.0,0.0
0.44011755877938974,0.0,0.0,0.0,0.0,0.0,0.0
0.4453570535267634,0.0,0.0,0.0,0.0,0.0,0.0
0.4505965482741371,0.0,0.0,0.0,0.0,0.0,0.0
0.45583604302151076,0.0,0.0,0.0,0.0,0.0,0.0
0.4610755377688845,0.0,0.0,0.0,0.0,0.0,0.0
0.46631503251625817,0.0,0.0,0.0,0.0,0.0,0.0
0.47155452726363184,0.0,0.0,0.0,0.0,0.0,0.0
0.4767940220110055,0.0,0.0,0.0,0.0,0.0,0.0
0.48203351675837924,0.0,0.0,0.0,0.0,0.0,0.0
0.4872730115057529,0.0,0.0,0.0,0.0,0.0,0.0
0.4925125062531266,0.0,0.0,0.0,0.0,0.0,0.0
0.49775200100050027,0.0,0.0,0.0,0.0,0.0,0.0
0.5029914957478739,0.0,0.0,0.0,0.0,0.0,0.0
0.5082309904952477,0.0,0.0,0.0,0.0,0.0,0.0
0.5134704852426213,0.0,0.0,0.0,0.0,0.0,0.0
0.518709979989995,0.0,0.0,0.0,0.0,0.0,0.0
0.5239494747373687,0.0,0.0,0.0,0.0,0.0,0.0
0.5291889694847424,0.0,0.0,0.0,0.0,0.0,0.0
0.5344284642321161,0.0,0.0,0.0,0.0,0.0,0.0
0.5396679589794898,0.0,0.0,0.0,0.0,0.0,0.0
0.5449074537268634,0.0,0.0,0.0,0.0,0.0,0.0
0.5501469484742372,0.0,0.0,0.0,0.0,0.0,0.0
0.5553864432216108,0.0,0.0,0.0,0.0,0.0,0.0
0.5606259379689845,0.0,0.0,0.0,0.0,0.0,0.0
0.5658654327163583,0.0,0.0,0.0,0.0,0.0,0.0
0.5711049274637319,0.0,0.0,0.0,0.0,0.0,0.0
0.5763444222111056,0.0,0.0,0.0,0.0,0.0,0.0
0.5815839169584793,0.0,0.0,0.0,0.0,0.0,0.0
0.586823411705853,0.0,0.0,0.0,0.0,0.0,0.0
0.5920629064532267,0.0,0.0,0.0,0.0,0.0,0.0
0.5973024012006003,0.0,0.0,0.0,0.0,0.0,0.0
0.602541895947974,0.0,0.0,0.0,0.0,0.0,0.0
0.6077813906953478,0.0,0.0,0.0,0.0,0.0,0.0
0.6130208854427214,0.0,0.0,0.0,0.0,0.0,0.0
0.6182603801900951,0.0,0.0,0.0,0.0,0.0,0.0
0.6234998749374687,0.0,0.0,0.0,0.0,0.0,0.0
0.6287393696848425,0.0,0.0,0.0,0.0,0.0,0.0
0.6339788644322162,0.0,0.0,0.0,0.0,0.0,0.0
0.6392183591795898,0.0,0.0,0.0,0.0,0.0,0.0
0.6444578539269635,0.0,0.0,0.0,0.0,0.0,0.0
0.6496973486743373,0.0,0.0,0.0,0.0,0.0,0.0
0.6549368434217109,0.0,0.0,0.0,0.0,0.0,0.0
0.6601763381690846,0.0,0.0,0.0,0.0,0.0,0.0
0.6654158329164582,0.0,0.0,0.0,0.0,0.0,0.0
0.670655327663832,0.0,0.0,0.0,0.0,0.0,0.0
0.6758948224112057,0.0,0.0,0.0,0.0,0.0,0.0
0.6811343171585793,0.0,0.0,0.0,0.0,0.0,0.0
0.686373811905953,0.0,0.0,0.0,0.0,0.0,0.0
0.6916133066533267,0.0,0.0,0.0,0.0,0.0,0.0
0.6968528014007004,0.0,0.0,0.0,0.0,0.0,0.0
0.7020922961480741,0.0,0.0,0.0,0.0,0.0,0.0
0.7073317908954477,0.0,0.0,0.0,0.0,0.0,0.0
0.7125712856428215,0.0,0.0,0.0,0.0,0.0,0.0
0.7178107803901952,0.0,0.0,0.0,0.0,0.0,0.0
0.7230502751375688,0.0,0.0,0.0,0.0,0.0,0.0
0.7282897698849425,0.0,0.0,0.0,0.0,0.0,0.0
0.7335292646323162,0.0,0.0,0.0,0.0,0.0,0.0
0.7387687593796899,0.0,0.0,0.0,0.0,0.0,0.0
0.7440082541270636,0.0,0.0,0.0,0.0,0.0,0.0
0.7492477488744372,0.0,0.0,0.0,0.0,0.0,0.0
0.754487243621811,0.0,0.0,0.0,0.0,0.0,0.0
0.7597267383691846,0.0,0.0,0.0,0.0,0.0,0.0
0.7649662331165583,0.0,0.0,0.0,0.0,0.0,0.0
0.770205727863932,0.0,0.0,0.0,0.0,0.0,0.0
0.7754452226113057,0.0,0.0,0.0,0.0,0.0,0.0
0.7806847173586794,0.0,0.0,0.0,0.0,0.0,0.0
0.7859242121060531,0.0,0.0,0.0,0.0,0.0,0.0
0.7911637068534267,0.0,0.0,0.0,0.0,0.0,0.0
0.7964032016008005,0.0,0.0,0.0,0.0,0.0,0.0
0.8016426963481741,0.0,0.0,0.0,0.0,0.0,0.0
0.8068821910955478,0.0,0.0,0.0,0.0,0.0,0.0
0.8121216858429215,0.0,0.0,0.0,0.0,0.0,0.0
0.8173611805902952,0.0,0.0,0.0,0.0,0.0,0.0
0.8226006753376689,0.0,0.0,0.0,0.0,0.0,0.0
0.8278401700850426,0.0,0.0,0.0,0.0,0.0,0.0
0.8330796648324162,0.0,0.0,0.0,0.0,0.0,0.0
0.83831915957979,0.0,0.0,0.0,0.0,0.0,0.0
0.8435586543271636,0.0,0.0,0.0,0.0,0.0,0.0
0.8487981490745373,0.0,0.0,0.0,0.0,0.0,0.0
0.854037643821911,0.0,0.0,0.0,0.0,0.0,0.0
0.8592771385692847,0.0,0.0,0.0,0.0,0.0,0.0
0.8645166333166584,0.0,0.0,0.0,0.0,0.0,0.0
0.869756128064032,0.0,0.0,0.0,0.0,0.0,0.0
0.8749956228114057,0.0,0.0,0.0,0.0,0.0,0.0
0.8802351175587795,0.0,0.0,0.0,0.0,0.0,0.0
0.8854746123061531,0.0,0.0,0.0,0.0,0.0,0.0
0.8907141070535268,0.0,0.0,0.0,0.0,0.0,0.0
0.8959536018009006,0.0,0.0,0.0,0.0,0.0,0.0
0.9011930965482742,0.0,0.0,0.0,0.0,0.0,0.0
0.9064325912956479,0.0,0.0,0.0,0.0,0.0,0.0
0.9116720860430215,0.0,0.0,0.0,0.0,0.0,0.0
0.9169115807903953,0.0,0.0,0.0,0.0,0.0,0.0
0.922151075537769,0.0,0.0,0.0,0.0,0.0,0.0
0.9273905702851426,0.0,0.0,0.0,0.0,0.0,0.0
0.9326300650325163,0.0,0.0,0.0,0.0,0.0,0.0
0.93786955977989,0.0,0.0,0.0,0.0,0.0,0.0
0.9431090545272637,0.0,0.0,0.0,0.0,0.0,0.0
0.9483485492746374,0.0,0.0,0.0,0.0,0.0,0.0
0.953588044022011,0.0,0.0,0.0,0.0,0.0,0.0
0.9588275387693848,0.0,0.0,0.0,0.0,0.0,0.0
0.9640670335167585,0.0,0.0,0.0,0.0,0.0,0.0
0.9693065282641321,0.0,0.0,0.0,0.0,0.0,0.0
0.9745460230115058,0.0,0.0,0.0,0.0,0.0,0.0
0.9797855177588795,0.0,0.0,0.0,0.0,0.0,0.0
0.9850250125062532,0.0,0.0,0.0,0.0,0.0,0.0
0.9902645072536269,0.0,0.0,0.0,0.0,0.0,0.0
0.9955040020010005,0.0,0.0,0.0,0.0,0.0,0.0
1.0007434967483742,0.0,0.0,0.0,0.0,0.0,0.0
1.0059829914957479,0.0,0.0,0.0,0.0,0.0,0.0
1.0112224862431216,0.0,0.0,0.0,0.0,0.0,0.0
1.0164619809904953,0.0,0.0,0.0,0.0,0.0,0.0
1.021701475737869,0.0,0.0,0.0,0.0,0.0,0.0
1.0269409704852426,0.0,0.0,0.0,0.0,0.0,0.0
1.0321804652326163,0.0,0.0,0.0,0.0,0.0,0.0
1.03741995997999,0.0,0.0,0.0,0.0,0.0,0.0
1.0426594547273638,0.0,0.0,0.0,0.0,0.0,0.0
1.0478989494747375,0.0,0.0,0.0,0.0,0.0,0.0
1.0531384442221112,0.0,0.0,0.0,0.0,0.0,0.0
1.0583779389694847,0.0,0.0,0.0,0.0,0.0,0.0
1.0636174337168585,0.0,0.0,0.0,0.0,0.0,0.0
1.0688569284642322,0.0,0.0,0.0,0.0,0.0,0.0
1.074096423211606,0.0,0.0,0.0,0.0,0.0,0.0
1.0793359179589797,0.0,0.0,0.0,0.0,0.0,0.0
1.0845754127063532,0.0,0.0,0.0,0.0,0.0,0.0
1.0898149074537269,0.0,0.0,0.0,0.0,0.0,0.0
1.0950544022011006,0.0,0.0,0.0,0.0,0.0,0.0
1.1002938969484743,0.0,0.0,0.0,0.0,0.0,0.0
1.105533391695848,0.0,0.0,0.0,0.0,0.0,0.0
1.1107728864432216,0.0,0.0,0.0,0.0,0.0,0.0
1.1160123811905953,0.0,0.0,0.0,0.0,0.0,0.0
1.121251875937969,0.0,0.0,0.0,0.0,0.0,0.0
1.1264913706853428,0.0,0.0,0.0,0.0,0.0,0.0
1.1317308654327165,0.0,0.0,0.0,0.0,0.0,0.0
1.13697036018009,0.0,0.0,0.0,0.0,0.0,0.0
1.1422098549274637,0.0,0.0,0.0,0.0,0.0,0.0
1.1474493496748375,0.0,0.0,0.0,0.0,0.0,0.0
1.1526888444222112,0.0,0.0,0.0,0.0,0.0,0.0
1.157928339169585,0.0,0.0,0.0,0.0,0.0,0.0
1.1631678339169587,0.0,0.0,0.0,0.0,0.0,0.0
1.1684073286643322,0.0,0.0,0.0,0.0,0.0,0.0
1.173646823411706,0.0,0.0,0.0,0.0,0.0,0.0
1.1788863181590796,0.0,0.0,0.0,0.0,0.0,0.0
1.1841258129064534,0.0,0.0,0.0,0.0,0.0,0.0
1.189365307653827,0.0,0.0,0.0,0.0,0.0,0.0
1.1946048024012006,0.0,0.0,0.0,0.0,0.0,0.0
1.1998442971485743,0.0,0.0,0.0,0.0,0.0,0.0
1.205083791895948,0.0,0.0,0.0,0.0,0.0,0.0
1.2103232866433218,0.0,0.0,0.0,0.0,0.0,0.0
1.2155627813906955,0.0,0.0,0.0,0.0,0.0,0.0
1.220802276138069,0.0,0.0,0.0,0.0,0.0,0.0
1.2260417708854427,0.0,0.0,0.0,0.0,0.0,0.0
1.2312812656328165,0.0,0.0,0.0,0.0,0.0,0.0
1.2365207603801902,0.0,0.0,0.0,0.0,0.0,0.0
1.241760255127564,0.0,0.0,0.0,0.0,0.0,0.0
1.2469997498749374,0.0,0.0,0.0,0.0,0.0,0.0
1.2522392446223112,0.0,0.0,0.0,0.0,0.0,0.0
1.257478739369685,0.0,0.0,0.0,0.0,0.0,0.0
1.2627182341170586,0.0,0.0,0.0,0.0,0.0,0.0
1.2679577288644324,0.0,0.0,0.0,0.0,0.0,0.0
1.2731972236118059,0.0,0.0,0.0,0.0,0.0,0.0
1.2784367183591796,0.0,0.0,0.0,0.0,0.0,0.0
1.2836762131065533,0.0,0.0,0.0,0.0,0.0,0.0
1.288915707853927,0.0,0.0,0.0,0.0,0.0,0.0
1.2941552026013008,0.0,0.0,0.0,0.0,0.0,0.0
1.2993946973486745,0.0,0.0,0.0,0.0,0.0,0.0
1.304634192096048,0.0,0.0,0.0,0.0,0.0,0.0
1.3098736868434218,0.0,0.0,0.0,0.0,0.0,0.0
1.3151131815907955,0.0,0.0,0.0,0.0,0.0,0.0
1.3203526763381692,0.0,0.0,0.0,0.0,0.0,0.0
1.325592171085543,0.0,0.0,0.0,0.0,0.0,0.0
1.3308316658329165,0.0,0.0,0.0,0.0,0.0,0.0
1.3360711605802902,0.0,0.0,0.0,0.0,0.0,0.0
1.341310655327664,0.0,0.0,0.0,0.0,0.0,0.0
1.3465501500750376,0.0,0.0,0.0,0.0,0.0,0.0
1.3517896448224114,0.0,0.0,0.0,0.0,0.0,0.0
1.3570291395697849,0.0,0.0,0.0,0.0,0.0,0.0
1.3622686343171586,0.0,0.0,0.0,0.0,0.0,0.0
1.3675081290645323,0.0,0.0,0.0,0.0,0.0,0.0
1.372747623811906,0.0,0.0,0.0,0.0,0.0,0.0
1.3779871185592798,0.0,0.0,0.0,0.0,0.0,0.0
1.3832266133066533,0.0,0.0,0.0,0.0,0.0,0.0
1.388466108054027,0.0,0.0,0.0,0.0,0.0,0.0
1.3937056028014008,0.0,0.0,0.0,0.0,0.0,0.0
1.3989450975487745,0.0,0.0,0.0,0.0,0.0,0.0
1.4041845922961482,0.0,0.0,0.0,0.0,0.0,0.0
1.409424087043522,0.0,0.0,0.0,0.0,0.0,0.0
1.4146635817908955,0.0,0.0,0.0,0.0,0.0,0.0
1.4199030765382692,0.0,0.0,0.0,0.0,0.0,0.0
1.425142571285643,0.0,0.0,0.0,0.0,0.0,0.0
1.4303820660330167,0.0,0.0,0.0,0.0,0.0,0.0
1.4356215607803904,0.0,0.0,0.0,0.0,0.0,0.0
1.440861055527764,0.0,0.0,0.0,0.0,0.0,0.0
1.4461005502751376,0.0,0.0,0.0,0.0,0.0,0.0
1.4513400450225113,0.0,0.0,0.0,0.0,0.0,0.0
1.456579539769885,0.0,0.0,0.0,0.0,0.0,0.0
1.4618190345172588,0.0,0.0,0.0,0.0,0.0,0.0
1.4670585292646323,0.0,0.0,0.0,0.0,0.0,0.0
1.472298024012006,0.0,0.0,0.0,0.0,0.0,0.0
1.4775375187593798,0.0,0.0,0.0,0.0,0.0,0.0
1.4827770135067535,0.0,0.0,0.0,0.0,0.0,0.0
1.4880165082541272,0.0,0.0,0.0,0.0,0.0,0.0
1.4932560030015007,0.0,0.0,0.0,0.0,0.0,0.0
1.4984954977488745,0.0,0.0,0.0,0.0,0.0,0.0
1.5037349924962482,0.0,0.0,0.0,0.0,0.0,0.0
1.508974487243622,0.0,0.0,0.0,0.0,0.0,0.0
1.5142139819909957,0.0,0.0,0.0,0.0,0.0,0.0
1.5194534767383692,0.0,0.0,0.0,0.0,0.0,0.0
1.524692971485743,0.0,0.0,0.0,0.0,0.0,0.0
1.5299324662331166,0.0,0.0,0.0,0.0,0.0,0.0
1.5351719609804904,0.0,0.0,0.0,0.0,0.0,0.0
1.540411455727864,0.0,0.0,0.0,0.0,0.0,0.0
1.5456509504752378,0.0,0.0,0.0,0.0,0.0,0.0
1.5508904452226113,0.0,0.0,0.0,0.0,0.0,0.0
1.556129939969985,0.0,0.0,0.0,0.0,0.0,0.0
1.5613694347173588,0.0,0.0,0.0,0.0,0.0,0.0
1.5666089294647325,0.0,0.0,0.0,0.0,0.0,0.0
1.5718484242121062,0.0,0.0,0.0,0.0,0.0,0.0
1.5770879189594798,0.0,0.0,0.0,0.0,0.0,0.0
1.5823274137068535,0.0,0.0,0.0,0.0,0.0,0.0
1.5875669084542272,0.0,0.0,0.0,0.0,0.0,0.0
1.592806403201601,0.0,0.0,0.0,0.0,0.0,0.0
1.5980458979489747,0.0,0.0,0.0,0.0,0.0,0.0
1.6032853926963482,0.0,0.0,0.0,0.0,0.0,0.0
1.608524887443722,0.0,0.0,0.0,0.0,0.0,0.0
1.6137643821910956,0.0,0.0,0.0,0.0,0.0,0.0
1.6190038769384694,0.0,0.0,0.0,0.0,0.0,0.0
1.624243371685843,0.0,0.0,0.0,0.0,0.0,0.0
1.6294828664332166,0.0,0.0,0.0,0.0,0.0,0.0
1.6347223611805903,0.0,0.0,0.0,0.0,0.0,0.0
1.639961855927964,0.0,0.0,0.0,0.0,0.0,0.0
1.6452013506753378,0.0,0.0,0.0,0.0,0.0,0.0
1.6504408454227115,0.0,0.0,0.0,0.0,0.0,0.0
1.6556803401700853,0.0,0.0,0.0,0.0,0.0,0.0
1.6609198349174588,0.0,0.0,0.0,0.0,0.0,0.0
1.6661593296648325,0.0,0.0,0.0,0.0,0.0,0.0
1.6713988244122062,0.0,0.0,0.0,0.0,0.0,0.0
1.67663831915958,0.0,0.0,0.0,0.0,0.0,0.0
1.6818778139069537,0.0,0.0,0.0,0.0,0.0,0.0
1.6871173086543272,0.0,0.0,0.0,0.0,0.0,0.0
1.692356803401701,0.0,0.0,0.0,0.0,0.0,0.0
1.6975962981490746,0.0,0.0,0.0,0.0,0.0,0.0
1.7028357928964484,0.0,0.0,0.0,0.0,0.0,0.0
1.708075287643822,0.0,0.0,0.0,0.0,0.0,0.0
1.7133147823911956,0.0,0.0,0.0,0.0,0.0,0.0
1.7185542771385693,0.0,0.0,0.0,0.0,0.0,0.0
1.723793771885943,0.0,0.0,0.0,0.0,0.0,0.0
1.7290332666333168,0.0,0.0,0.0,0.0,0.0,0.0
1.7342727613806905,0.0,0.0,0.0,0.0,0.0,0.0
1.739512256128064,0.0,0.0,0.0,0.0,0.0,0.0
1.7447517508754378,0.0,0.0,0.0,0.0,0.0,0.0
1.7499912456228115,0.0,0.0,0.0,0.0,0.0,0.0
1.7552307403701852,0.0,0.0,0.0,0.0,0.0,0.0
1.760470235117559,0.0,0.0,0.0,0.0,1.6557213856929836e-05,0.0
1.7657097298649325,0.0,0.0,0.0,0.0,6.698720110054994e-05,0.0
1.7709492246123062,0.0,0.0,0.0,0.0,0.00011741718834417217,0.0
1.77618871935968,0.0,0.0,0.0,0.0,0.0001678471755877944,0.0
1.7814282141070537,0.0,0.0,0.0,0.0,0.00021827716283141666,0.0
1.7866677088544274,0.0,0.0,0.0,0.0,0.0002687071500750389,0.0
1.7919072036018011,0.0,0.0,0.0,0.0,0.0003191371373186611,0.0
1.7971466983491746,0.0,0.0,0.0,0.0,0.00036956712456228123,0.0
1.8023861930965484,0.0,0.0,0.0,0.0,0.0004199971118059035,0.0
1.807625687843922,0.0,0.0,0.0,0.0,0.0004704270990495257,0.0
1.8128651825912958,0.0,0.0,0.0,0.0,0.0004897649137068522,0.0
1.8181046773386695,0.0,0.0,0.0,0.0,0.0004393349264632299,0.0
1.823344172086043,0.0,0.0,0.0,0.0,0.00038890493921960983,0.0
1.8285836668334168,0.0,0.0,0.0,0.0,0.0003384749519759876,0.0
1.8338231615807905,0.0,0.0,0.0,0.0,0.0002880449647323654,0.0
1.8390626563281642,0.0,0.0,0.0,0.0,0.00023761497748874314,0.0
1.844302151075538,0.0,0.0,0.0,0.0,0.0001871849902451209,0.0
1.8495416458229115,0.0,0.0,0.0,0.0,0.00013675500300150076,0.0
1.8547811405702852,0.0,0.0,0.0,0.0,8.632501575787856e-05,0.0
1.860020635317659,0.0,0.0,0.0,0.0,3.589502851425631e-05,0.0
1.8652601300650327,0.0,0.0,0.0,0.0,0.0007578072594154883,0.0
1.8704996248124064,0.0,0.0,0.0,0.0,0.003387068968169894,0.0
1.87573911955978,0.0,0.0,0.0,0.0,0.006016330676924189,0.0
1.8809786143071536,0.0,0.0,0.0,0.0,0.008645592385678594,0.0
1.8862181090545274,0.0,0.0,0.0,0.0,0.011274854094433,0.0
1.891457603801901,0.0,0.0,0.0,0.0,0.013904115803187405,0.0
1.8966970985492748,0.0,0.0,0.0,0.0,0.01653337751194181,0.0
1.9019365932966485,0.0,0.0,0.0,0.0,0.019162639220696217,0.0
1.907176088044022,0.0,0.0,0.0,0.0,0.021791900929450513,0.0
1.9124155827913958,0.0,0.0,0.0,0.0,0.02442116263820492,0.0
1.9176550775387695,0.0,0.0,0.0,0.0,0.03057712751890989,0.0
1.9228945722861432,0.0,0.0,0.0,0.0,0.04635736647633875,0.0
1.928134067033517,0.0,0.0,0.0,0.0,0.06213760543376761,0.0
1.9333735617808905,0.0,0.0,0.0,0.0,0.0779178443911958,0.0
1.9386130565282642,0.0,0.0,0.0,0.0,0.09369808334862464,0.0
1.943852551275638,0.0,0.0,0.0,0.0,0.1094783223060535,0.0
1.9490920460230117,0.0,0.0,0.0,0.0,0.12525856126348237,0.0
1.9543315407703854,0.0,0.0,0.0,0.0,0.14103880022091123,0.0
1.959571035517759,0.0,0.0,0.0,0.0,0.15681903917833942,0.0
1.9648105302651326,0.0,0.0,0.0,0.0,0.17259927813576828,0.0
1.9700500250125064,0.0,0.0,0.0,0.0,0.19641005027482433,0.0
1.97528951975988,0.0,0.0,0.0,0.0,0.24455577144911173,0.0
1.9805290145072538,0.0,0.0,0.0,0.0,0.2927014926233991,0.0
1.9857685092546273,0.0,0.0,0.0,0.0,0.34084721379768446,0.0
1.991008004002001,0.0,0.0,0.0,0.0,0.38899293497197185,0.0
1.9962474987493748,0.0,0.0,0.0,0.0,0.43713865614625924,0.0
2.0014869934967483,0.0,0.0,0.0,0.0,0.4852843773205445,0.0
2.006726488244122,0.0,0.0,0.0,0.0,0.5334300984948319,0.0
2.0119659829914958,0.0,0.0,0.0,0.0,0.5815758196691193,0.0
2.0172054777388695,0.0,0.0,0.0,0.0,0.6297215408434067,0.0
2.022444972486243,0.0,0.0,0.0,0.0,0.6885896568879283,0.0
2.027684467233617,0.0,0.0,0.0,0.0,0.7837489555701707,0.0
2.0329239619809907,0.0,0.0,0.0,0.0,0.878908254252413,0.0
2.0381634567283644,0.0,0.0,0.0,0.0,0.9740675529346554,0.0
2.043402951475738,0.0,0.0,0.0,0.0,1.0692268516168977,0.0
2.048642446223112,0.0,0.0,0.0,0.0,1.1643861502991402,0.0
2.053881940970485,0.0,0.0,0.0,0.0,1.2595454489813744,0.0
2.059121435717859,0.0,0.0,0.0,0.0,1.3547047476636167,0.0
2.0643609304652326,0.0,0.0,0.0,0.0,1.4498640463458592,0.0
2.0696004252126063,0.0,0.0,0.0,0.0,1.5450233450281017,0.0
2.07483991995998,0.0,0.0,0.0,0.0,1.6488228509173766,0.0
2.080079414707354,0.0,0.0,0.0,0.0,1.78551760352258,0.0
2.0853189094547275,0.0,0.0,0.0,0.0,1.922212356127783,0.0
2.0905584042021013,0.0,0.0,0.0,0.0,2.058907108732986,0.0
2.095797898949475,0.0,0.0,0.0,0.0,2.1956018613381896,0.0
2.1010373936968487,0.0,0.0,0.0,0.0,2.332296613943393,0.0
2.1062768884442225,0.0,0.0,0.0,0.0,2.468991366548596,0.0
2.1115163831915957,0.0,0.0,0.0,0.0,2.6056861191537877,0.0
2.1167558779389695,0.0,0.0,0.0,0.0,2.742380871758991,0.0
2.121995372686343,0.0,0.0,0.0,0.0,2.8790756243641944,0.0
2.127234867433717,0.0,0.0,0.0,0.0,3.0170238676634944,0.0
2.1324743621810907,0.0,0.0,0.0,0.0,3.1603871907612953,0.0
2.1377138569284644,0.0,0.0,0.0,0.0,3.3037505138590957,0.0
2.142953351675838,0.0,0.0,0.0,0.0,3.4471138369568965,0.0
2.148192846423212,0.0,0.0,0.0,0.0,3.5904771600546974,0.0
2.1534323411705856,0.0,0.0,0.0,0.0,3.7338404831524983,0.0
2.1586718359179593,0.0,0.0,0.0,0.0,3.877203806250299,0.0
2.1639113306653326,0.0,0.0,0.0,0.0,4.020567129348088,0.0
2.1691508254127063,0.0,0.0,0.0,0.0,4.163930452445888,0.0
2.17439032016008,0.0,0.0,0.0,0.0,4.307293775543689,0.0
2.1796298149074538,0.0,0.0,0.0,0.0,4.44439599058053,1.6257439258329732e-05
2.1848693096548275,0.0,0.0,0.0,0.0,4.550473013434708,0.0001130741297668817
2.1901088044022012,0.0,0.0,0.0,0.0,4.656550036288885,0.00020989082027543366
2.195348299149575,0.0,0.0,0.0,0.0,4.762627059143063,0.0003067075107839856
2.2005877938969487,0.0,0.0,0.0,0.0,4.86870408199724,0.00040352420129253754
2.2058272886443224,0.0,0.0,0.0,0.0,4.974781104851418,0.0005003408918010895
2.211066783391696,0.0,0.0,0.0,0.0,5.080858127705596,0.0005971575823096414
2.21630627813907,0.0,0.0,0.0,0.0,5.186935150559774,0.0006939742728181935
2.221545772886443,0.0,0.0,0.0,0.0,5.293012173413942,0.0007907909633267372
2.226785267633817,0.0,0.0,0.0,0.0,5.39908919626812,0.0008876076538352892
2.2320247623811906,0.0,0.0,0.0,0.0,5.497205013510836,0.0012148252170134306
2.2372642571285644,0.0,0.0,0.0,0.0,5.549442696721393,0.0028697766226945904
2.242503751875938,0.0,0.0,0.0,0.0,5.601680379931948,0.00452472802837575
2.247743246623312,0.0,0.0,0.0,0.0,5.653918063142504,0.006179679434056911
2.2529827413706855,0.0,0.0,0.0,0.0,5.70615574635306,0.00783463083973807
2.2582222361180593,0.0,0.0,0.0,0.0,5.758393429563616,0.00948958224541923
2.263461730865433,0.0,0.0,0.0,0.0,5.810631112774171,0.01114453365110039
2.2687012256128067,0.0,0.0,0.0,0.0,5.862868795984728,0.012799485056781551
2.27394072036018,0.0,0.0,0.0,0.0,5.915106479195279,0.01445443646246257
2.2791802151075538,0.0,0.0,0.0,0.0,5.967344162405835,0.01610938786814373
2.2844197098549275,0.0,0.0,0.0,0.0,6.012697653102054,0.017865234248902906
2.289659204602301,0.0,0.0,0.0,0.0,6.011076653700453,0.020309540459606125
2.294898699349675,0.0,0.0,0.0,0.0,6.009455654298852,0.022753846670309344
2.3001381940970487,0.0,0.0,0.0,0.0,6.007834654897252,0.02519815288101256
2.3053776888444224,0.0,0.0,0.0,0.0,6.0062136554956504,0.02764245909171578
2.310617183591796,0.0,0.0,0.0,0.0,6.00459265609405,0.030086765302418998
2.31585667833917,0.0,0.0,0.0,0.0,6.002971656692449,0.03253107151312221
2.3210961730865436,0.0,0.0,0.0,0.0,6.001350657290849,0.03497537772382543
2.3263356678339173,0.0,0.0,0.0,0.0,5.999729657889247,0.03741968393452865
2.3315751625812906,0.0,0.0,0.0,0.0,5.998108658487647,0.03986399014523166
2.3368146573286643,0.0,0.0,0.0,0.0,5.991561824830756,0.04240784386168822
2.342054152076038,0.0,0.0,0.0,0.0,5.944233665711446,0.04577585832345178
2.347293646823412,0.0,0.0,0.0,0.0,5.896905506592135,0.049143872785215335
2.3525331415707855,0.0,0.0,0.0,0.0,5.849577347472825,0.05251188724697889
2.3577726363181593,0.0,0.0,0.0,0.0,5.802249188353515,0.05587990170874245
2.363012131065533,0.0,0.0,0.0,0.0,5.754921029234204,0.05924791617050601
2.3682516258129067,0.0,0.0,0.0,0.0,5.707592870114894,0.06261593063226956
2.3734911205602804,0.0,0.0,0.0,0.0,5.660264710995584,0.06598394509403312
2.378730615307654,0.0,0.0,0.0,0.0,5.612936551876273,0.06935195955579668
2.3839701100550275,0.0,0.0,0.0,0.0,5.5656083927569675,0.07271997401755995
2.389209604802401,0.0,7.3055190095056495e-06,0.0,4.8703401700856405e-06,5.516005104907541,0.07621061198521262
2.394449099549775,0.0,9.058843571786017e-05,0.0,6.039221810905535e-05,5.44274047826492,0.08097653441411187
2.3996885942971486,0.0,0.0001738713524262147,0.0,0.00011591409604802506,5.3694758516222985,0.08574245684301113
2.4049280890445224,0.0,0.00025715426913456923,0.0,0.00017143597398699476,5.296211224979677,0.09050837927191037
2.410167583791896,0.0,0.00034043718584292375,0.0,0.0002269578519259645,5.222946598337055,0.09527430170080962
2.41540707853927,0.0,0.0004237201025512783,0.0,0.0002824797298649342,5.1496819716944335,0.10004022412970888
2.4206465732866436,0.0,0.0005070030192596327,0.0,0.00033800160780390393,5.076417345051812,0.10480614655860813
2.4258860680340173,0.0,0.0005902859359679873,0.0,0.0003935234857428736,5.00315271840919,0.10957206898750738
2.431125562781391,0.0,0.0006735688526763418,0.0,0.00044904536368184334,4.929888091766569,0.11433799141640663
2.4363650575287643,0.0,0.0007568517693846893,0.0,0.0005045672416208084,4.8566234651239535,0.11910391384530548
2.441604552276138,0.0,0.0008288633139069562,0.0,0.0005561754769884943,4.783129128674178,0.12400836780281933
2.4468440470235118,0.0,0.000745580397198601,0.0,0.0005538624147073538,4.706469901548064,0.13082147837680203
2.4520835417708855,0.0,0.0006622974804902457,0.0,0.0005515493524262131,4.62981067442195,0.1376345889507847
2.4573230365182592,0.0,0.0005790145637818905,0.0,0.0005492362901450725,4.553151447295836,0.14444769952476738
2.462562531265633,0.0,0.0004957316470735353,0.0,0.0005469232278639319,4.476492220169722,0.15126081009875006
2.4678020260130067,0.0,0.00041244873036518006,0.0,0.0005446101655827914,4.399832993043608,0.15807392067273274
2.4730415207603804,0.0,0.00032916581365682483,0.0,0.0005422971033016507,4.3231737659174945,0.16488703124671542
2.478281015507754,0.0,0.0002458828969484696,0.0,0.0005399840410205101,4.24651453879138,0.1717001418206981
2.483520510255128,0.0,0.00016259998024011437,0.0,0.0005376709787393696,4.169855311665266,0.17851325239468077
2.4887600050025016,0.0,7.931706353175914e-05,0.0,0.0005353579164582289,4.093196084539152,0.18532636296866345
2.493999499749875,0.0,4.906366030635221e-05,0.0,0.0005306212468734363,4.016713308113574,0.1921929840875267
2.4992389944972486,0.0,0.0010794005267395742,0.0,0.00047741243121560714,3.943759545698566,0.20012981610401315
2.5044784892446224,0.0,0.002109737393172796,0.0,0.000424203615557778,3.870805783283558,0.2080666481204996
2.509717983991996,0.0,0.0031400742596060177,0.0,0.0003709947998999489,3.79785202086855,0.21600348013698606
2.51495747873937,0.0,0.0041704111260392395,0.0,0.0003177859842421198,3.724898258453542,0.22394031215347254
2.5201969734867435,0.0,0.005200747992472461,0.0,0.0002645771685842906,3.651944496038534,0.231877144169959
2.5254364682341173,0.0,0.006231084858905683,0.0,0.00021136835292646147,3.5789907336235265,0.23981397618644545
2.530675962981491,0.0,0.007261421725338905,0.0,0.00015815953726863236,3.5060369712085184,0.24775080820293194
2.5359154577288647,0.0,0.008291758591772128,0.0,0.0001049507216108032,3.4330832087935104,0.25568764021941837
2.5411549524762385,0.0,0.00932209545820535,0.0,5.174190595297405e-05,3.3601294463785027,0.26362447223590485
2.5463944472236117,0.0,0.01050278443187048,0.0,0.0,3.2873346420369804,0.27158547565295293
2.5516339419709855,0.0,0.01698680227881675,0.0,0.0,3.2201467224690954,0.2803990702898366
2.556873436718359,0.0,0.02347082012576302,0.0,0.0,3.1529588029012108,0.2892126649267203
2.562112931465733,0.0,0.02995483797270929,0.0,0.0,3.0857708833333257,0.298026259563604
2.5673524262131067,0.0,0.03643885581965556,0.0,0.0,3.018582963765441,0.30683985420048776
2.5725919209604804,0.0,0.04292287366660183,0.0,0.0,2.951395044197556,0.31565344883737145
2.577831415707854,0.0,0.0494068915135481,0.0,0.0,2.884207124629671,0.32446704347425515
2.583070910455228,0.0,0.05589090936049437,0.0,0.0,2.8170192050617864,0.33328063811113884
2.5883104052026016,0.0,0.062374927207440645,0.0,0.0,2.7498312854939013,0.34209423274802253
2.5935498999499753,0.0,0.06885894505438692,0.0,0.0,2.6826433659260167,0.3509078273849062
2.598789394697349,0.0,0.07540716660005345,0.0,0.0,2.615562131524273,0.35973319427861367
2.6040288894447223,0.0,0.09043027637669053,0.0,0.0,2.5625633390530416,0.3701124990730316
2.609268384192096,0.0,0.1054533861533289,0.0,0.0,2.5095645465818057,0.3804918038674505
2.61450787893947,0.0,0.12047649592996726,0.0,0.0,2.45656575411057,0.39087110866186936
2.6197473736868435,0.0,0.13549960570660563,0.0,0.0,2.403566961639334,0.40125041345628826
2.6249868684342172,0.0,0.15052271548324397,0.0,0.0,2.350568169168098,0.4116297182507071
2.630226363181591,0.0,0.16554582525988235,0.0,0.0,2.2975693766968623,0.422009023045126
2.6354658579289647,0.0,0.18056893503652072,0.0,0.0,2.2445705842256265,0.43238832783954484
2.6407053526763384,0.0,0.19559204481315906,0.0,0.0,2.1915717917543907,0.4427676326339637
2.645944847423712,0.0,0.21061515458979743,0.0,0.0,2.138572999283155,0.4531469374283826
2.651184342171086,0.0,0.2256382643664358,0.0,0.0,2.085574206811919,0.4635262422228015
2.656423836918459,0.0,0.25226009323063814,0.0,0.0003515315286128074,2.044992271670323,0.47522779601414744
2.661663331665833,0.0,0.27902911396143565,0.0,0.0007075241172334052,2.0045679108603176,0.4869461296151001
2.6669028264132066,0.0,0.30579813469223316,0.0,0.001063516705854003,1.964143550050312,0.49866446321605273
2.6721423211605804,0.0,0.33256715542303067,0.0,0.0014195092944746007,1.9237191892403063,0.5103827968170054
2.677381815907954,0.0,0.3593361761538282,0.0,0.0017755018830951986,1.8832948284303008,0.522101130417958
2.682621310655328,0.0,0.38610519688462575,0.0,0.0021314944717157965,1.8428704676202954,0.5338194640189107
2.6878608054027016,0.0,0.41287421761542326,0.0,0.0024874870603363943,1.8024461068102897,0.5455377976198632
2.6931003001500753,0.0,0.43964323834622077,0.0,0.002843479648956992,1.7620217460002843,0.5572561312208159
2.698339794897449,0.0,0.46641225907701833,0.0,0.00319947223757759,1.7215973851902788,0.5689744648217685
2.7035792896448227,0.0,0.4931812798078158,0.0,0.0035554648261981875,1.6811730243802732,0.5806927984227211
2.7088187843921965,2.1265722861432743e-05,0.5302909265945555,0.0,0.004650617042259258,1.6481227802691754,0.5924566289225565
2.7140582791395698,4.3247648824412465e-05,0.5677488328080456,0.0,0.005770663235410128,1.6153208872386127,0.6042219917013687
2.7192977738869435,6.522957478739404e-05,0.6052067390215388,0.0,0.006890709428561091,1.5825189942080473,0.6159873544801818
2.724537268634317,8.721150075037563e-05,0.642664645235032,0.0,0.008010755621712055,1.549717101177482,0.6277527172589951
2.729776763381691,0.00010919342671335722,0.6801225514485252,0.0,0.00913080181486302,1.5169152081469164,0.6395180800378082
2.7350162581290647,0.0001311753526763388,0.7175804576620184,0.0,0.010250848008013985,1.484113315116351,0.6512834428166214
2.7402557528764384,0.00015315727863932037,0.7550383638755116,0.0,0.011370894201164949,1.4513114220857857,0.6630488055954347
2.745495247623812,0.00017513920460230197,0.7924962700890048,0.0,0.012490940394315912,1.41850952905522,0.6748141683742479
2.750734742371186,0.00019712113056528355,0.829954176302498,0.0,0.013610986587466877,1.3857076360246547,0.686579531153061
2.7559742371185596,0.00021910305652826512,0.8674120825159912,0.0,0.014731032780617841,1.3529057429940894,0.6983448939318743
2.7612137318659333,0.00023954253826913573,0.9141094125570354,0.0,0.016262132057160657,1.327004240825255,0.7103765049057725
2.7664532266133066,0.0002598963286643319,0.9613200439218279,0.0,0.017816067616113977,1.3014860937042962,0.7224229074460633
2.7716927213606803,0.0002802501190595297,1.0085306752866243,0.0,0.01937000317506743,1.2759679465833353,0.7344693099863552
2.776932216108054,0.00030060390945472755,1.055741306651421,0.0,0.020923938734020885,1.2504497994623747,0.7465157125266471
2.782171710855428,0.0003209576998499254,1.1029519380162176,0.0,0.022477874292974338,1.2249316523414138,0.7585621150669389
2.7874112056028015,0.00034131149024512326,1.150162569381014,0.0,0.02403180985192779,1.199413505220453,0.7706085176072308
2.7926507003501753,0.00036166528064032115,1.1973732007458104,0.0,0.025585745410881246,1.1738953580994922,0.7826549201475227
2.797890195097549,0.000382019071035519,1.244583832110607,0.0,0.027139680969834698,1.1483772109785313,0.7947013226878146
2.8031296898449227,0.0004023728614307168,1.2917944634754037,0.0,0.02869361652878815,1.1228590638575706,0.8067477252281064
2.8083691845922965,0.00042272665182591465,1.3390050948402001,0.0,0.030247552087741603,1.0973409167366097,0.8187941277683983
2.81360867933967,0.000401264905192687,1.3888877060041926,0.0,0.032681630745230325,1.0781517603679545,0.8310774625829696
2.818848174087044,0.00037652572457615445,1.4389797426119058,0.0,0.03518469359152308,1.0594586600312361,0.8433793677649842
2.824087668834417,0.00035178654395962407,1.4890717792196146,0.0,0.03768775643781562,1.0407655596945191,0.8556812729469979
2.829327163581791,0.0003270473633430915,1.5391638158273278,0.0,0.04019081928410837,1.0220724593578008,0.8679831781290127
2.8345666583291647,0.000302308182726559,1.5892558524350409,0.0,0.04269388213040112,1.0033793590210822,0.8802850833110274
2.8398061530765384,0.0002775690021100264,1.639347889042754,0.0,0.045196944976693874,0.9846862586843639,0.8925869884930422
2.845045647823912,0.00025282982149349393,1.689439925650467,0.0,0.047700007822986626,0.9659931583476454,0.9048888936750569
2.850285142571286,0.0002280906408769614,1.7395319622581802,0.0,0.050203070669279384,0.947300058010927,0.9171907988570717
2.8555246373186596,0.00020335146026042886,1.7896239988658933,0.0,0.05270613351557213,0.9286069576742085,0.9294927040390863
2.8607641320660333,0.00017861227964389634,1.8397160354736064,0.0,0.05520919636186489,0.9099138573374901,0.9417946092211011
2.866003626813407,0.00038266632641379843,1.8892438882445637,0.0,0.05880397102180889,0.8950512841323803,0.9534529253535186
2.8712431215607808,0.0006101053163143465,1.9387140758167367,0.0,0.06251032948591058,0.8805802288937609,0.9650454602847341
2.876482616308154,0.0008375443062148753,1.9881842633889055,0.0,0.06621668795001194,0.8661091736551425,0.9766379952159487
2.881722111055528,0.0010649832961154232,2.0376544509610786,0.0,0.06992304641411362,0.851638118416523,0.9882305301471643
2.8869616058029015,0.0012924222860159714,2.0871246385332514,0.0,0.0736294048782153,0.8371670631779036,0.9998230650783799
2.8922011005502752,0.0015198612759165194,2.1365948261054246,0.0,0.07733576334231698,0.822696007939284,1.0114156000095955
2.897440595297649,0.0017473002658170674,2.1860650136775974,0.0,0.08104212180641865,0.8082249527006645,1.0230081349408109
2.9026800900450227,0.0019747392557176156,2.2355352012497702,0.0,0.08474848027052034,0.7937538974620449,1.0346006698720265
2.9079195847923964,0.0022021782456181638,2.2850053888219435,0.0,0.08845483873462201,0.7792828422234255,1.046193204803242
2.91315907953977,0.0024296172355187115,2.3344755763941163,0.0,0.0921611971987237,0.7648117869848059,1.0577857397344577
2.918398574287144,0.003060384745924306,2.376467136277821,0.0,0.09688252725489017,0.7539229660333019,1.068352836478803
2.9236380690345176,0.0037424228309703295,2.4175080231502797,0.0,0.10173287912360716,0.7434895138471088,1.0787895809112584
2.9288775637818913,0.004424460916016353,2.458548910022739,0.0,0.10658323099232414,0.7330560616609156,1.0892263253437136
2.9341170585292646,0.005106499001062319,2.4995897968951946,0.0,0.11143358286104071,0.7226226094747233,1.099663069776168
2.9393565532766384,0.0057885370861083425,2.5406306837676538,0.0,0.1162839347297577,0.7121891572885302,1.1100998142086231
2.944596048024012,0.006470575171154367,2.581671570640113,0.0,0.12113428659847468,0.7017557051023371,1.1205365586410783
2.949835542771386,0.00715261325620039,2.6227124575125718,0.0,0.12598463846719166,0.6913222529161439,1.1309733030735336
2.9550750375187596,0.007834651341246415,2.663753344385031,0.0,0.13083499033590865,0.6808888007299507,1.1414100475059887
2.9603145322661333,0.008516689426292436,2.70479423125749,0.0,0.13568534220462564,0.6704553485437577,1.151846791938444
2.965554027013507,0.009198727511338461,2.745835118129949,0.0,0.14053569407334263,0.6600218963575645,1.1622835363708992
2.9707935217608807,0.01061291904947938,2.7770026041121145,0.0,0.1463698061375716,0.6516412626856857,1.171944918480875
2.9760330165082545,0.012139261261071213,2.8066576905359404,0.0,0.15235460979244259,0.643575078092589,1.1814875312177542
2.981272511255628,0.013665603472663046,2.8363127769597662,0.0,0.15833941344731356,0.6355088934994924,1.1910301439546334
2.9865120060030015,0.01519194568425475,2.8659678633835894,0.0,0.16432421710218403,0.6274427089063964,1.2005727566915119
2.991751500750375,0.016718287895846583,2.8956229498074153,0.0,0.17030902075705498,0.6193765243132997,1.210115369428391
2.996990995497749,0.018244630107438417,2.925278036231241,0.0,0.17629382441192595,0.6113103397202031,1.2196579821652702
3.0022304902451227,0.019770972319030248,2.954933122655067,0.0,0.18227862806679693,0.6032441551271064,1.2292005949021496
3.0074699849924964,0.021297314530622082,2.984588209078893,0.0,0.1882634317216679,0.5951779705340098,1.2387432076390288
3.01270947973987,0.022823656742213913,3.0142432955027187,0.0,0.19424823537653885,0.5871117859409131,1.248285820375908
3.017948974487244,0.024349998953805747,3.0438983819265446,0.0,0.20023303903140982,0.5790456013478165,1.2578284331127871
3.0231884692346176,0.027263546817223625,3.062141523251703,0.00046053083937683584,0.20761101589655093,0.5725309449664115,1.2661085981801103
3.0284279639819913,0.030427448363367346,3.078325112354914,0.0010041752326056521,0.21524042342981753,0.5662962981143355,1.2741609250585495
3.033667458729365,0.03359134990951107,3.0945087014581243,0.0015478196258344684,0.22286983096308416,0.5600616512622594,1.2822132519369884
3.0389069534767383,0.036755251455654524,3.110692290561334,0.0020914640190632387,0.23049923849635012,0.5538270044101838,1.290265578815427
3.044146448224112,0.03991915300179824,3.1268758796645444,0.002635108412292055,0.23812864602961673,0.5475923575581079,1.2983179056938658
3.049385942971486,0.043083054547941965,3.1430594687677553,0.0031787528055208713,0.24575805356288333,0.5413577107060318,1.306370232572305
3.0546254377188595,0.04624695609408569,3.159243057870966,0.0037223971987496874,0.25338746109614996,0.5351230638539557,1.314422559450744
3.0598649324662333,0.049410857640229414,3.1754266469741768,0.0042660415919785035,0.2610168686294166,0.5288884170018796,1.322474886329183
3.065104427213607,0.05257475918637313,3.1916102360773873,0.00480968598520732,0.26864627616268316,0.5226537701498035,1.330527213207622
3.0703439219609807,0.05573866073251685,3.207793825180598,0.0053533303784361365,0.2762756836959498,0.5164191232977274,1.3385795400860612
3.0755834167083544,0.060545610531633334,3.2146071645364347,0.0064597515756129485,0.28481746265856145,0.5102942123670406,1.3459157724834054
3.080822911455728,0.06569610678364403,3.2194612698541847,0.007683844286342493,0.2935500101927634,0.504192246219917,1.353102276034703
3.086062406203102,0.07084660303565472,3.2243153751719342,0.008907936997072036,0.3022825577269653,0.4980902800727934,1.3602887795860001
3.0913019009504756,0.07599709928766542,3.229169480489684,0.01013202970780158,0.3110151052611672,0.4919883139256697,1.3674752831372974
3.096541395697849,0.08114759553967568,3.2340235858074338,0.01135612241853102,0.31974765279536843,0.4858863477785466,1.3746617866885942
3.1017808904452226,0.08629809179168638,3.2388776911251833,0.012580215129260565,0.3284802003295703,0.47978438163142295,1.3818482902398914
3.1070203851925964,0.09144858804369707,3.2437317964429333,0.013804307839990109,0.33721274786377226,0.47368241548429935,1.3890347937911889
3.11225987993997,0.09659908429570777,3.2485859017606833,0.015028400550719651,0.3459452953979742,0.4675804493371757,1.3962212973424861
3.117499374687344,0.10174958054771846,3.2534400070784333,0.016252493261449195,0.3546778429321761,0.461478483190052,1.4034078008937834
3.1227388694347176,0.10690007679972917,3.258294112396183,0.01747658597217874,0.363410390466378,0.4553765170429284,1.4105943044450808
3.1279783641820913,0.1141880088763913,3.2541662516803846,0.018846523261047937,0.372999568775678,0.45056881280746075,1.416515308910493
3.133217858929465,0.121987066911122,3.247890529521783,0.020251336427298337,0.3827935935746753,0.44607060598564985,1.4221336940292804
3.1384573536768388,0.1297861249458527,3.2416148073631805,0.02165614959354874,0.3925876183736726,0.44157239916383895,1.4277520791480678
3.1436968484242125,0.1375851829805834,3.2353390852045787,0.02306096275979914,0.4023816431726699,0.437074192342028,1.4333704642668552
3.1489363431715858,0.14538424101531344,3.2290633630459773,0.024465775926049423,0.4121756679716663,0.4325759855202175,1.4389888493856424
3.1541758379189595,0.15318329905004413,3.222787640887375,0.025870589092299827,0.4219696927706636,0.4280777786984066,1.4446072345044298
3.1594153326663332,0.16098235708477485,3.216511918728773,0.027275402258550227,0.43176371756966087,0.4235795718765956,1.4502256196232173
3.164654827413707,0.16878141511950556,3.210236196570171,0.028680215424800627,0.44155774236865813,0.4190813650547847,1.455844004742005
3.1698943221610807,0.17658047315423625,3.203960474411569,0.030085028591051027,0.4513517671676554,0.4145831582329738,1.4614623898607924
3.1751338169084544,0.18437953118896694,3.1976847522529668,0.031489841757301434,0.4611457919666527,0.41008495141116286,1.4670807749795798
3.180373311655828,0.19500464102190235,3.1864472367305225,0.0333480187504868,0.47178216492563607,0.4063938990160939,1.4714502502789968
3.185612806403202,0.20639476487664457,3.1738665605841083,0.035328921620390204,0.4826465620680551,0.402921343838455,1.4754816448948265
3.1908523011505756,0.2177848887313868,3.161285884437694,0.03730982449029362,0.4935109592104742,0.3994487886608162,1.479513039510656
3.1960917958979493,0.22917501258612905,3.14870520829128,0.03929072736019702,0.5043753563528933,0.3959762334831773,1.4835444341264856
3.201331290645323,0.24056513644087127,3.1361245321448656,0.04127163023010043,0.5152397534953124,0.39250367830553845,1.487575828742315
3.2065707853926964,0.25195526029561255,3.1235438559984523,0.04325253310000367,0.5261041506377305,0.3890311231278999,1.4916072233581443
3.21181028014007,0.26334538415035474,3.110963179852038,0.045233435969907074,0.5369685477801496,0.385558567950261,1.4956386179739738
3.217049774887444,0.274735508005097,3.098382503705624,0.04721433883981048,0.5478329449225686,0.38208601277262216,1.4996700125898035
3.2222892696348175,0.2861256318598392,3.0858018275592096,0.049195241709713886,0.5586973420649878,0.37861345759498327,1.503701407205633
3.2275287643821913,0.29751575571458144,3.0732211514127954,0.05117614457961729,0.5695617392074068,0.37514090241734444,1.5077328018214624
3.232768259129565,0.3113450109237913,3.056086911528083,0.05372770789255262,0.5813191731245254,0.37276744892782115,1.5103233498161048
3.2380077538769387,0.32591557076033906,3.0375687454091826,0.05645270722248777,0.5933480201790525,0.37072803614743094,1.5124759934454848
3.2432472486243125,0.3404861305968868,3.019050579290282,0.05917770655242292,0.6053768672335796,0.3686886233670407,1.5146286370748645
3.248486743371686,0.3550566904334346,3.0005324131713818,0.06190270588235808,0.6174057142881069,0.3666492105866505,1.5167812807042442
3.25372623811906,0.36962725026998233,2.982014247052481,0.06462770521229323,0.629434561342634,0.36460979780626035,1.5189339243336242
3.258965732866433,0.3841978101065288,2.963496080933582,0.06735270454222815,0.6414634083971601,0.3625703850258703,1.521086567963004
3.264205227613807,0.3987683699430766,2.944977914814682,0.0700777038721633,0.6534922554516872,0.3605309722454801,1.5232392115923836
3.2694447223611807,0.4133389297796243,2.9264597486957813,0.07280270320209845,0.6655211025062144,0.35849155946508987,1.5253918552217633
3.2746842171085544,0.42790948961617203,2.907941582576881,0.0755277025320336,0.6775499495607415,0.35645214668469966,1.5275444988511433
3.279923711855928,0.4424800494527198,2.8894234164579804,0.07825270186196875,0.6895787966152687,0.35441273390430944,1.529697142480523
3.285163206603302,0.4592040747864125,2.870105119700189,0.08134689806330592,0.7022723730033763,0.35345895734667354,1.530819106039508
3.2904027013506756,0.47665796594296295,2.850515637725861,0.08456622474790347,0.7151912435615901,0.35287313132091064,1.5315917451451042
3.2956421960980493,0.49411185709951333,2.830926155751533,0.08778555143250102,0.7281101141198039,0.35228730529514773,1.5323643842507004
3.300881690845423,0.5115657482560638,2.811336673777205,0.09100487811709858,0.7410289846780177,0.3517014792693849,1.5331370233562966
3.3061211855927968,0.5290196394126142,2.7917471918028767,0.09422420480169613,0.7539478552362314,0.351115653243622,1.5339096624618929
3.3113606803401705,0.5464735305691646,2.7721577098285484,0.09744353148629369,0.7668667257944453,0.3505298272178591,1.534682301567489
3.316600175087544,0.5639274217257135,2.7525682278542223,0.10066285817089096,0.7797855963526579,0.34994400119209623,1.5354549406730853
3.3218396698349175,0.581381312882264,2.732978745879894,0.10388218485548852,0.7927044669108716,0.3493581751663334,1.5362275797786815
3.3270791645822912,0.5988352040388144,2.7133892639055657,0.10710151154008607,0.8056233374690854,0.3487723491405705,1.5370002188842777
3.332318659329665,0.6162890951953648,2.693799781931238,0.11032083822468362,0.8185422080272992,0.3481865231148076,1.537772857989874
3.3375581540770387,0.6355256652418673,2.6726487382781374,0.11397866335005714,0.8318147485104134,0.3474774585932968,1.5381012214536454
3.3427976488244124,0.6554322766642484,2.650910762821636,0.11780130340661889,0.8452202201032315,0.3467220733957981,1.5382625985554896
3.348037143571786,0.6753388880866295,2.629172787365135,0.12162394346318063,0.8586256916960496,0.3459666881982993,1.5384239756573341
3.35327663831916,0.6952454995090105,2.6074348119086337,0.12544658351974236,0.8720311632888678,0.34521130300080055,1.5385853527591784
3.3585161330665336,0.7151521109313916,2.5856968364521324,0.1292692235763041,0.8854366348816859,0.3444559178033018,1.5387467298610227
3.3637556278139074,0.7350587223537727,2.563958860995631,0.13309186363286585,0.898842106474504,0.343700532605803,1.538908106962867
3.3689951225612806,0.754965333776152,2.5422208855391317,0.13691450368942726,0.9122475780673209,0.34294514740830434,1.5390694840647112
3.3742346173086544,0.7748719451985331,2.5204829100826305,0.140737143745989,0.9256530496601391,0.34218976221080555,1.5392308611665555
3.379474112056028,0.7947785566209142,2.4987449346261297,0.14455978380255075,0.9390585212529572,0.3414343770133068,1.5393922382683998
3.384713606803402,0.8146851680432953,2.4770069591696284,0.1483824238591125,0.9524639928457753,0.3406789918158081,1.5395536153702443
3.3899531015507756,0.8361088283446787,2.455990536267742,0.15285206415477887,0.9661173968766937,0.33985324058896604,1.5389659017272102
3.3951925962981493,0.8581619025426696,2.4352734809151113,0.15759014071986094,0.9798736664936325,0.3389982949456944,1.5380673951155563
3.400432091045523,0.8802149767406603,2.4145564255624805,0.16232821728494304,0.9936299361105713,0.3381433493024228,1.5371688885039025
3.4056715857928967,0.9022680509386511,2.3938393702098493,0.1670662938500251,1.00738620572751,0.33728840365915114,1.536270381892249
3.4109110805402705,0.9243211251366419,2.3731223148572185,0.1718043704151072,1.0211424753444487,0.3364334580158795,1.5353718752805952
3.416150575287644,0.9463741993346326,2.3524052595045877,0.17654244698018928,1.0348987449613876,0.33557851237260783,1.5344733686689414
3.421390070035018,0.9684272735326234,2.3316882041519564,0.18128052354527135,1.0486550145783262,0.33472356672933623,1.5335748620572875
3.4266295647823912,0.9904803477306123,2.3109711487993274,0.18601860011035304,1.0624112841952638,0.33386862108606463,1.532676355445634
3.431869059529765,1.012533421928603,2.2902540934466966,0.19075667667543514,1.0761675538122026,0.33301367544279303,1.5317778488339802
3.4371085542771387,1.034586496126594,2.2695370380940654,0.19549475324051724,1.0899238234291413,0.3321587297995214,1.5308793422223266
3.4423480490245124,1.0569540391244638,2.248417146072496,0.20041237915263072,1.103284552803594,0.33140909975024674,1.5298620450120715
3.447587543771886,1.079465044166074,2.2271134781983086,0.20541191626320743,1.1164648349871311,0.3307075151361897,1.5287905550104837
3.45282703851926,1.1019760492076842,2.2058098103241215,0.21041145337378414,1.1296451171706685,0.3300059305221327,1.5277190650088959
3.4580665332666336,1.1244870542492946,2.1845061424499344,0.21541099048436085,1.142825399354206,0.3293043459080756,1.526647575007308
3.4633060280140073,1.1469980592909048,2.1632024745757468,0.22041052759493757,1.1560056815377433,0.3286027612940186,1.5255760850057203
3.468545522761381,1.1695090643325152,2.1418988067015596,0.22541006470551428,1.1691859637212807,0.32790117667996155,1.5245045950041325
3.473785017508755,1.1920200693741254,2.120595138827372,0.230409601816091,1.182366245904818,0.32719959206590454,1.5234331050025447
3.479024512256128,1.2145310744157338,2.0992914709531867,0.23540913892666726,1.1955465280883542,0.32649800745184754,1.522361615000957
3.484264007003502,1.237042079457344,2.0779878030789996,0.24040867603724397,1.2087268102718915,0.32579642283779053,1.521290124999369
3.4895035017508755,1.2595530844989544,2.056684135204812,0.2454082131478207,1.221907092455429,0.3250948382237335,1.5202186349977813
3.4947429964982493,1.2818655577548383,2.0361492281687865,0.2511895782072408,1.234839254915039,0.32512903274424376,1.519103669110816
3.499982491245623,1.3040787651178591,2.0159987015518417,0.2573618572410826,1.2476473575126856,0.32553111683203767,1.517966965281162
3.5052219859929967,1.32629197248088,1.9958481749348966,0.2635341362749244,1.260455460110332,0.3259332009198316,1.5168302614515081
3.5104614807403705,1.3485051798439007,1.9756976483179518,0.26970641530876616,1.2732635627079785,0.3263352850076255,1.5156935576218542
3.515700975487744,1.3707183872069215,1.955547121701007,0.275878694342608,1.286071665305625,0.3267373690954194,1.5145568537922
3.520940470235118,1.3929315945699425,1.9353965950840621,0.28205097337644974,1.2988797679032715,0.3271394531832133,1.5134201499625461
3.5261799649824916,1.4151448019329633,1.915246068467117,0.28822325241029156,1.3116878705009178,0.3275415372710072,1.5122834461328922
3.531419459729865,1.4373580092959821,1.895095541850174,0.2943955314441328,1.3244959730985633,0.32794362135880106,1.5111467423032383
3.5366589544772387,1.459571216659003,1.8749450152332292,0.3005678104779746,1.3373040756962098,0.32834570544659497,1.5100100384735844
3.5418984492246124,1.481784424022024,1.8547944886162844,0.30674008951181636,1.3501121782938563,0.3287477895343889,1.5088733346439303
3.547137943971986,1.5028547963190222,1.8357398896174146,0.3133994669197303,1.362552164802116,0.32847644538339194,1.506886019690029
3.55237743871936,1.5233005959636596,1.8172842278051673,0.32032504925300925,1.3747909715871063,0.3278370648693349,1.5044338358658995
3.5576169334667336,1.5437463956082969,1.7988285659929202,0.3272506315862882,1.3870297783720964,0.32719768435527785,1.50198165204177
3.5628564282141073,1.5641921952529343,1.7803729041806728,0.33417621391956714,1.3992685851570865,0.3265583038412208,1.4995294682176405
3.568095922961481,1.5846379948975715,1.7619172423684257,0.3411017962528461,1.4115073919420769,0.32591892332716377,1.497077284393511
3.5733354177088548,1.605083794542209,1.7434615805561784,0.34802737858612504,1.423746198727067,0.3252795428131067,1.4946251005693816
3.5785749124562285,1.6255295941868462,1.725005918743931,0.354952960919404,1.4359850055120573,0.3246401622990497,1.492172916745252
3.5838144072036022,1.6459753938314836,1.706550256931684,0.3618785432526829,1.4482238122970474,0.32400078178499264,1.4897207329211224
3.5890539019509755,1.666421193476119,1.6880945951194382,0.36880412558596126,1.4604626190820367,0.32336140127093566,1.4872685490969932
3.5942933966983492,1.6868669931207565,1.669638933307191,0.3757297079192402,1.4727014258670268,0.3227220207568786,1.4848163652728636
3.599532891445723,1.7057175172820809,1.6522883827876031,0.38319360397806007,1.4842737656667877,0.32274882592494836,1.4823101021737053
3.6047723861930967,1.723617257255351,1.6355964785984403,0.39097833501730234,1.4954488911433519,0.32317267775956565,1.4797716078266294
3.6100118809404704,1.7415169972286209,1.6189045744092776,0.39876306605654455,1.506624016619916,0.323596529594183,1.4772331134795538
3.615251375687844,1.759416737201891,1.6022126702201147,0.40654779709578676,1.5177991420964803,0.3240203814288003,1.4746946191324781
3.620490870435218,1.7773164771751608,1.5855207660309518,0.41433252813502897,1.5289742675730444,0.3244442332634176,1.4721561247854025
3.6257303651825916,1.795216217148431,1.568828861841789,0.42211725917427123,1.5401493930496086,0.32486808509803494,1.4696176304383266
3.6309698599299653,1.8131159571217008,1.5521369576526263,0.42990199021351344,1.5513245185261728,0.32529193693265224,1.467079136091251
3.636209354677339,1.831015697094971,1.5354450534634634,0.43768672125275565,1.562499644002737,0.32571578876726953,1.4645406417441753
3.6414488494247124,1.8489154370682392,1.518753149274302,0.44547145229199725,1.5736747694793003,0.3261396406018868,1.4620021473970999
3.646688344172086,1.8668151770415093,1.5020612450851392,0.45325618333123946,1.5848498949558645,0.3265634924365042,1.459463653050024
3.65192783891946,1.8826724169572506,1.4865030160379757,0.4614893963310597,1.5953550209389746,0.3272780787181307,1.4572138532214316
3.6571673336668336,1.8972045638604629,1.4716802704507048,0.47001356663588306,1.605425477829224,0.3281812819757095,1.4551513469440864
3.6624068284142073,1.9117367107636754,1.4568575248634337,0.47853773694070645,1.6154959347194733,0.32908448523328826,1.453088840666741
3.667646323161581,1.9262688576668876,1.4420347792761625,0.48706190724552983,1.6255663916097227,0.32998768849086707,1.4510263343893959
3.6728858179089547,1.9408010045700999,1.4272120336888916,0.4955860775503532,1.6356368484999722,0.3308908917484459,1.4489638281120507
3.6781253126563285,1.955333151473312,1.4123892881016205,0.5041102478551766,1.6457073053902214,0.3317940950060247,1.4469013218347055
3.683364807403702,1.9698652983765244,1.3975665425143495,0.51263441816,1.6557777622804708,0.3326972982636035,1.4448388155573602
3.688604302151076,1.9843974452797368,1.3827437969270784,0.5211585884648233,1.6658482191707202,0.33360050152118226,1.442776309280015
3.6938437968984497,1.998929592182949,1.3679210513398075,0.5296827587696468,1.6759186760609694,0.33450370477876107,1.4407138030026698
3.699083291645823,2.01346173908616,1.3530983057525376,0.5382069290744694,1.685989132951218,0.3354069080363398,1.4386512967253249
3.7043227863931967,2.025969890753891,1.339316840067432,0.5470454471041242,1.6948801710415982,0.33676344800909047,1.4362187466994463
3.7095622811405704,2.0370508662940385,1.3262696102107763,0.5561056205807753,1.702939567670532,0.338439648486129,1.4335252683893456
3.714801775887944,2.0481318418341865,1.3132223803541205,0.5651657940574265,1.7109989642994659,0.34011584896316754,1.4308317900792449
3.720041270635318,2.0592128173743345,1.300175150497465,0.5742259675340777,1.7190583609283998,0.3417920494402061,1.4281383117691442
3.7252807653826916,2.070293792914482,1.2871279206408093,0.583286141010729,1.7271177575573335,0.34346824991724456,1.4254448334590435
3.7305202601300653,2.08137476845463,1.2740806907841535,0.5923463144873801,1.7351771541862675,0.3451444503942831,1.4227513551489428
3.735759754877439,2.0924557439947775,1.261033460927498,0.6014064879640313,1.7432365508152015,0.34682065087132163,1.420057876838842
3.740999249624813,2.1035367195349255,1.2479862310708423,0.6104666614406825,1.7512959474441352,0.34849685134836017,1.4173643985287414
3.7462387443721865,2.114617695075073,1.2349390012141865,0.6195268349173337,1.7593553440730691,0.3501730518253987,1.4146709202186407
3.75147823911956,2.12569867061522,1.2218917713575321,0.6285870083939841,1.7674147407020024,0.3518492523024371,1.4119774419085402
3.7567177338669335,2.1344785298939435,1.2098289068371266,0.6377357299750305,1.7746553940238337,0.35323201031428586,1.4093184067643005
3.7619572286143073,2.1414969152203374,1.1985195609148245,0.6469522339545739,1.7812693102123516,0.35439014201428587,1.406685737406317
3.767196723361681,2.1485153005467317,1.1872102149925223,0.6561687379341175,1.7878832264008697,0.35554827371428593,1.4040530680483339
3.7724362181090547,2.1555336858731255,1.1759008690702202,0.665385241913661,1.7944971425893876,0.35670640541428594,1.4014203986903504
3.7776757128564284,2.16255207119952,1.164591523147918,0.6746017458932045,1.8011110587779058,0.35786453711428595,1.3987877293323672
3.782915207603802,2.1695704565259137,1.1532821772256159,0.683818249872748,1.8077249749664237,0.35902266881428596,1.3961550599743837
3.788154702351176,2.176588841852308,1.1419728313033137,0.6930347538522915,1.8143388911549418,0.36018080051428597,1.3935223906164005
3.7933941970985496,2.183607227178702,1.1306634853810116,0.7022512578318351,1.8209528073434598,0.36133893221428603,1.390889721258417
3.7986336918459234,2.1906256125050962,1.1193541394587094,0.7114677618113785,1.827566723531978,0.36249706391428604,1.3882570519004338
3.803873186593297,2.19764399783149,1.1080447935364073,0.720684265790922,1.8341806397204958,0.36365519561428605,1.3856243825424504
3.8091126813406704,2.2025956769075123,1.097569468307574,0.7303520914222481,1.8398404325647786,0.3649875514046597,1.3831154248970383
3.814352176088044,2.205831420977493,1.0877866098012983,0.7403946382415235,1.8447080404305918,0.36646456114162823,1.3807091820221553
3.819591670835418,2.209067165047474,1.0780037512950222,0.7504371850607989,1.849575648296405,0.3679415708785967,1.3783029391472723
3.8248311655827916,2.212302909117455,1.0682208927887464,0.7604797318800744,1.8544432561622182,0.3694185806155652,1.3758966962723893
3.8300706603301653,2.2155386531874357,1.0584380342824706,0.7705222786993499,1.8593108640280314,0.37089559035253367,1.3734904533975063
3.835310155077539,2.218774397257416,1.0486551757761946,0.7805648255186253,1.8641784718938446,0.3723726000895022,1.3710842105226233
3.8405496498249128,2.222010141327397,1.0388723172699188,0.7906073723379007,1.8690460797596578,0.37384960982647064,1.36867796764774
3.8457891445722865,2.2252458853973778,1.029089458763643,0.8006499191571761,1.873913687625471,0.37532661956343916,1.366271724772857
3.85102863931966,2.2284816294673586,1.019306600257367,0.8106924659764515,1.8787812954912841,0.3768036293004076,1.363865481897974
3.856268134067034,2.2317173735373395,1.0095237417510912,0.8207350127957269,1.8836489033570973,0.37828063903737613,1.361459239023091
3.8615076288144072,2.2330280903540256,1.0003007375703878,0.830627478826061,1.887770326940254,0.37958690392441957,1.3590900853756767
3.866747123561781,2.2326062826427466,0.9915816022826984,0.8403848721463496,1.8912201846690202,0.3807394984465306,1.3567543120329835
3.8719866183091547,2.232184474931468,0.982862466995009,0.8501422654666383,1.8946700423977867,0.3818920929686417,1.3544185386902905
3.8772261130565284,2.231762667220189,0.9741433317073196,0.8598996587869269,1.8981199001265532,0.38304468749075277,1.3520827653475973
3.882465607803902,2.2313408595089106,0.9654241964196302,0.8696570521072156,1.9015697578553197,0.38419728201286385,1.3497469920049041
3.887705102551276,2.2309190517976316,0.9567050611319408,0.8794144454275041,1.905019615584086,0.38534987653497493,1.3474112186622111
3.8929445972986496,2.230497244086353,0.9479859258442513,0.8891718387477927,1.9084694733128524,0.386502471057086,1.345075445319518
3.8981840920460233,2.2300754363750745,0.9392667905565619,0.8989292320680814,1.911919331041619,0.3876550655791971,1.342739671976825
3.903423586793397,2.2296536286637956,0.9305476552688725,0.90868662538837,1.9153691887703852,0.38880766010130813,1.3404038986341318
3.908663081540771,2.229231820952517,0.9218285199811831,0.9184440187086587,1.9188190464991517,0.3899602546234192,1.3380681252914386
3.9139025762881445,2.2274091256772905,0.913548622962453,0.9283606014390489,1.9213566131436361,0.3911600870974348,1.3356301198512364
3.919142071035518,2.224220218272868,0.9056970919783025,0.9384324332476065,1.9230044701663211,0.3924059882671196,1.3330924128109882
3.9243815657828915,2.2210313108684456,0.8978455609941514,0.948504265056165,1.9246523271890064,0.3936518894368044,1.3305547057707399
3.9296210605302653,2.217842403464023,0.8899940300100001,0.9585760968647237,1.9263001842116914,0.3948977906064893,1.3280169987304915
3.934860555277639,2.2146534960596007,0.882142499025849,0.9686479286732822,1.9279480412343766,0.3961436917761741,1.3254792916902431
3.9401000500250127,2.2114645886551783,0.8742909680416978,0.9787197604818407,1.9295958982570618,0.39738959294585896,1.3229415846499948
3.9453395447723865,2.2082756812507554,0.8664394370575467,0.9887915922903993,1.9312437552797468,0.3986354941155438,1.3204038776097464
3.95057903951976,2.205086773846333,0.8585879060733954,0.9988634240989578,1.932891612302432,0.39988139528522865,1.317866170569498
3.955818534267134,2.2018978664419104,0.8507363750892443,1.0089352559075164,1.9345394693251172,0.40112729645491346,1.3153284635292497
3.9610580290145077,2.198708959037488,0.8428848441050931,1.0190070877160748,1.9361873263478022,0.40237319762459833,1.3127907564890013
3.9662975237618814,2.194244095722862,0.8357912624976975,1.028901746362994,1.9369808846252845,0.4041440596679343,1.3103499359069128
3.9715370185092547,2.1884309284825063,0.8294986067781109,1.0386091859473552,1.9368717045379908,0.40646964840765404,1.3080114953450452
3.9767765132566284,2.1826177612421502,0.8232059510585239,1.0483166255317171,1.936762524450697,0.40879523714737387,1.3056730547831774
3.982016008004002,2.1768045940017937,0.8169132953389368,1.058024065116079,1.9366533443634033,0.41112082588709375,1.3033346142213096
3.987255502751376,2.1709914267614376,0.8106206396193497,1.0677315047004412,1.9365441642761094,0.41344641462681364,1.3009961736594415
3.9924949974987496,2.1651782595210816,0.8043279838997626,1.0774389442848031,1.9364349841888158,0.41577200336653347,1.2986577330975737
3.9977344922461233,2.159365092280725,0.7980353281801755,1.087146383869165,1.936325804101522,0.41809759210625336,1.2963192925357059
4.002973986993497,2.1535519250403694,0.7917426724605889,1.0968538234535261,1.9362166240142282,0.420423180845973,1.2939808519738383
4.008213481740871,2.147738757800013,0.7854500167410013,1.106561263037889,1.9361074439269346,0.4227487695856931,1.2916424114119702
4.013452976488244,2.1419255905596573,0.7791573610214148,1.1162687026222502,1.935998263839641,0.42507435832541274,1.2893039708501024
4.018692471235618,2.135156068922147,0.7731822103564518,1.1258502563005002,1.93527414443887,0.4275254518711073,1.2871533382625286
4.0239319659829915,2.127291367249189,0.7675706541895279,1.135287650312071,1.9338458203404076,0.43012026866235276,1.2852177760971308
4.029171460730366,2.119426665576229,0.7619590980226029,1.1447250443236436,1.9324174962419451,0.43271508545359866,1.2832822139317328
4.034410955477739,2.1115619639032706,0.7563475418556789,1.1541624383352145,1.9309891721434829,0.4353099022448441,1.281346651766335
4.039650450225113,2.1036972622303107,0.7507359856887539,1.1635998323467869,1.9295608480450204,0.43790471903609,1.279411089600937
4.044889944972486,2.0958325605573527,0.7451244295218299,1.1730372263583577,1.928132523946558,0.4404995358273355,1.2774755274355392
4.050129439719861,2.087967858884393,0.739512873354905,1.1824746203699301,1.9267041998480958,0.4430943526185813,1.275539965270141
4.055368934467234,2.0801031572114344,0.7339013171879809,1.1919120143815012,1.9252758757496335,0.44568916940982684,1.2736044031047433
4.060608429214607,2.072238455538476,0.7282897610210569,1.201349408393072,1.9238475516511713,0.4482839862010723,1.2716688409393455
4.065847923961981,2.0643737538655165,0.722678204854132,1.2107868024046444,1.9224192275527088,0.4508788029923182,1.2697332787739473
4.071087418709355,2.0557821656361304,0.7177624062829021,1.2200752584710535,1.9205252324803377,0.453496433857715,1.267840323606772
4.076326913456729,2.0462880946597184,0.7137104415804824,1.229178797201055,1.9180530728841805,0.4561423900623675,1.2660002681396358
4.081566408204102,2.0367940236833078,0.7096584768780633,1.238282335931055,1.915580913288024,0.45878834626701964,1.2641602126725004
4.086805902951476,2.027299952706896,0.7056065121756435,1.2473858746610569,1.913108753691867,0.4614343024716722,1.2623201572053644
4.09204539769885,2.017805881730485,0.7015545474732244,1.256489413391057,1.9106365940957104,0.4640802586763243,1.260480101738229
4.097284892446224,2.0083118107540727,0.6975025827708047,1.2655929521210585,1.9081644344995532,0.4667262148809769,1.2586400462710932
4.102524387193597,1.9988177397776623,0.6934506180683856,1.2746964908510587,1.9056922749033967,0.46937217108562895,1.2567999908039575
4.10776388194097,1.9893236688012519,0.6893986533659665,1.2838000295810588,1.9032201153072401,0.4720181272902811,1.254959935336822
4.1130033766883445,1.9798295978248397,0.6853466886635468,1.2929035683110603,1.9007479557110831,0.47466408349493366,1.253119879869686
4.118242871435718,1.970335526848429,0.6812947239611277,1.3020071070410606,1.8982757961149264,0.47731003969958574,1.2512798244025505
4.123482366183092,1.9605841084921674,0.6772949314384342,1.3108286192446743,1.8950975792216023,0.4797706939822773,1.249499138101193
4.128721860930465,1.9504860280771688,0.6733654179107844,1.3192702251274468,1.890968261616213,0.48198173567597397,1.2477984255584436
4.133961355677839,1.9403879476621684,0.6694359043831338,1.3277118310102207,1.8868389440108229,0.48419277736967103,1.2460977130156938
4.139200850425213,1.9302898672471698,0.665506390855484,1.3361534368929933,1.8827096264054335,0.4864038190633677,1.2443970004729443
4.144440345172587,1.9201917868321694,0.6615768773278335,1.3445950427757671,1.8785803088000435,0.4886148607570648,1.2426962879301946
4.14967983991996,1.9100937064171708,0.6576473638001836,1.3530366486585397,1.874450991194654,0.49082590245076146,1.240995575387445
4.154919334667334,1.8999956260021704,0.6537178502725332,1.3614782545413135,1.870321673589264,0.49303694414445853,1.2392948628446954
4.160158829414708,1.8898975455871718,0.6497883367448833,1.3699198604240859,1.8661923559838747,0.4952479858381552,1.2375941503019459
4.165398324162081,1.8797994651721732,0.6458588232172334,1.3783614663068584,1.8620630383784853,0.4974590275318519,1.2358934377591964
4.170637818909455,1.8697013847571728,0.641929309689583,1.3868030721896323,1.8579337207730953,0.4996700692255489,1.2341927252164466
4.175877313656828,1.8592848601369072,0.6382980908533566,1.3949631406924115,1.8534649984698592,0.502084451358065,1.2320791124014767
4.1811168084042025,1.848402463438564,0.635103266102731,1.4027113304355716,1.8484997396642169,0.5047963130214469,1.229361441780851
4.186356303151576,1.8375200667402227,0.631908441352106,1.4104595201787307,1.8435344808585752,0.5075081746848283,1.2266437711602258
4.19159579789895,1.8266376700418794,0.6287136166014804,1.418207709921891,1.8385692220529328,0.5102200363482103,1.2239261005396
4.196835292646323,1.815755273343538,0.6255187918508553,1.42595589966505,1.8336039632472914,0.5129318980115918,1.2212084299189747
4.202074787393697,1.804872876645195,0.6223239671002297,1.4337040894082105,1.828638704441649,0.5156437596749737,1.218490759298349
4.207314282141071,1.7939904799468536,0.6191291423496047,1.4414522791513695,1.8236734456360075,0.5183556213383551,1.2157730886777238
4.212553776888445,1.7831080832485104,0.6159343175989791,1.44920046889453,1.8187081868303652,0.5210674830017371,1.213055418057098
4.217793271635818,1.772225686550169,0.6127394928483539,1.4569486586376887,1.8137429280247237,0.5237793446651186,1.2103377474364727
4.2230327663831915,1.7613432898518278,0.6095446680977289,1.4646968483808478,1.808777669219082,0.5264912063285,1.2076200768158474
4.228272261130566,1.7505892057797976,0.6065374374663296,1.4721076261694253,1.8036232268584436,0.5292318795913817,1.20498228251438
4.233511755877939,1.7400392554314492,0.6038286520246089,1.4789816122120738,1.7981678106603123,0.5320183894898308,1.2024715641752108
4.238751250625313,1.729489305083099,0.6011198665828877,1.4858555982547237,1.7927123944621801,0.5348048993882804,1.199960845836041
4.243990745372686,1.7189393547347507,0.5984110811411671,1.4927295842973722,1.7872569782640488,0.5375914092867293,1.1974501274968716
4.249230240120061,1.7083894043864005,0.595702295699446,1.4996035703400221,1.7818015620659164,0.5403779191851789,1.1949394091577017
4.254469734867434,1.6978394540380524,0.5929935102577253,1.5064775563826707,1.7763461458677852,0.5431644290836279,1.1924286908185324
4.259709229614808,1.6872895036897022,0.5902847248160041,1.5133515424253206,1.770890729669653,0.5459509389820775,1.1899179724793625
4.264948724362181,1.6767395533413538,0.5875759393742835,1.5202255284679693,1.7654353134715217,0.5487374488805266,1.1874072541401932
4.2701882191095555,1.6661896029930037,0.5848671539325624,1.527099514510619,1.7599798972733893,0.551523958778976,1.1848965358010233
4.275427713856929,1.6556396526446553,0.5821583684908417,1.5339735005532678,1.754524481075258,0.5543104686774251,1.182385817461854
4.280667208604302,1.6452148406951335,0.5797205564275527,1.5405177109988812,1.7489233797336294,0.5570677057219472,1.1797821414126834
4.285906703351676,1.6350068781627545,0.5777523078214086,1.5464904609920997,1.7430698239995008,0.5597742165195962,1.17701738111262
4.2911461980990495,1.6247989156303773,0.5757840592152648,1.5524632109853174,1.7372162682653736,0.5624807273172449,1.1742526208125572
4.296385692846424,1.614590953097998,0.5738158106091206,1.5584359609785357,1.731362712531245,0.5651872381148939,1.1714878605124939
4.301625187593797,1.6043829905656208,0.5718475620029768,1.5644087109717533,1.7255091567971177,0.5678937489125425,1.168723100212431
4.306864682341171,1.5941750280332418,0.5698793133968326,1.5703814609649718,1.719655601062989,0.5706002597101916,1.1659583399123676
4.312104177088544,1.5839670655008646,0.5679110647906888,1.5763542109581892,1.7138020453288618,0.5733067705078402,1.163193579612305
4.317343671835919,1.5737591029684856,0.5659428161845447,1.5823269609514077,1.7079484895947332,0.5760132813054892,1.1604288193122416
4.322583166583292,1.5635511404361082,0.5639745675784008,1.5882997109446253,1.702094933860606,0.5787197921031378,1.1576640590121787
4.327822661330665,1.553343177903731,0.562006318972257,1.5942724609378427,1.6962413781264785,0.5814263029007865,1.1548992987121158
4.333062156078039,1.5433340396131512,0.5601917672046814,1.5997729964939,1.6903177700949945,0.584273296364097,1.152067473983263
4.338301650825413,1.5337009384755413,0.5586679029361382,1.6043804308318474,1.6842616718489483,0.5873859853037666,1.1491088100086564
4.343541145572787,1.5240678373379297,0.5571440386675948,1.6089878651697958,1.6782055736029007,0.5904986742434367,1.1461501460340493
4.34878064032016,1.5144347362003197,0.5556201743990515,1.6135952995077432,1.6721494753568544,0.5936113631831063,1.1431914820594429
4.354020135067534,1.504801635062708,0.554096310130508,1.6182027338456915,1.666093377110807,0.5967240521227763,1.1402328180848358
4.3592596298149076,1.495168533925098,0.5525724458619647,1.6228101681836389,1.6600372788647606,0.599836741062446,1.1372741541102291
4.364499124562282,1.4855354327874863,0.5510485815934213,1.6274176025215872,1.6539811806187132,0.6029494300021161,1.134315490135622
4.369738619309655,1.4759023316498763,0.5495247173248781,1.6320250368595346,1.6479250823726668,0.6060621189417856,1.1313568261610154
4.374978114057029,1.4662692305122647,0.5480008530563345,1.6366324711974827,1.6418689841266194,0.6091748078814558,1.1283981621864085
4.3802176088044025,1.4566361293746546,0.5464769887877913,1.6412399055354303,1.6358128858805732,0.6122874968211254,1.125439498211802
4.385457103551776,1.4470945377945506,0.5450250108546235,1.6455485533120395,1.629698116893271,0.6156583013971846,1.1225592282656502
4.39069659829915,1.437742300606515,0.5437217823385018,1.649238942742496,1.623461944602908,0.6195632067900814,1.1198411736553016
4.395936093046523,1.4283900634184814,0.5424185538223801,1.652929332172952,1.617225772312546,0.6234681121829775,1.117123119044953
4.401175587793897,1.419037826230446,0.5411153253062584,1.6566197216034082,1.610989600022183,0.6273730175758743,1.1144050644346042
4.406415082541271,1.409685589042412,0.5398120967901368,1.660310111033864,1.6047534277318212,0.6312779229687704,1.1116870098242557
4.411654577288645,1.4003333518543766,0.538508868274015,1.6640005004643206,1.5985172554414582,0.6351828283616672,1.1089689552139068
4.416894072036018,1.3909811146663427,0.5372056397578934,1.6676908898947762,1.592281083151096,0.6390877337545633,1.1062509006035584
4.422133566783392,1.3816288774783072,0.5359024112417716,1.6713812793252327,1.586044910860733,0.6429926391474602,1.1035328459932094
4.427373061530766,1.3722766402902735,0.53459918272565,1.6750716687556886,1.5798087385703712,0.6468975445403563,1.1008147913828612
4.43261255627814,1.362924403102238,0.5332959542095282,1.6787620581861449,1.5735725662800082,0.6508024499332531,1.0980967367725123
4.437852051025513,1.353765068046023,0.5322522370945011,1.6820965468733564,1.5673460610826275,0.6548344766469096,1.0952237446637665
4.443091545772886,1.3450437156989374,0.5317977384885163,1.6846229658402505,1.561141504940622,0.6591551312773746,1.0919989682348894
4.4483310405202605,1.3363223633518502,0.5313432398825314,1.6871493848071453,1.5549369487986158,0.6634757859078403,1.0887741918060114
4.453570535267634,1.3276010110047647,0.5308887412765466,1.6896758037740396,1.5487323926566106,0.6677964405383052,1.0855494153771343
4.458810030015008,1.3188796586576776,0.5304342426705618,1.6922022227409341,1.5425278365146042,0.6721170951687709,1.0823246389482566
4.464049524762381,1.310158306310592,0.529979744064577,1.6947286417078284,1.536323280372599,0.6764377497992359,1.0790998625193793
4.469289019509755,1.301436953963505,0.5295252454585921,1.6972550606747232,1.5301187242305927,0.6807584044297016,1.0758750860905015
4.474528514257129,1.2927156016164194,0.5290707468526074,1.6997814796416175,1.5239141680885873,0.6850790590601665,1.0726503096616242
4.479768009004503,1.2839942492693321,0.5286162482466225,1.702307898608512,1.517709611946581,0.6893997136906322,1.0694255332327465
4.485007503751876,1.2752728969222467,0.5281617496406377,1.7048343175754064,1.5115050558045757,0.6937203683210972,1.0662007568038694
4.4902469984992495,1.266796805173705,0.5277080311500417,1.7069898400349273,1.5053029365817754,0.6977185780071041,1.0628319584873869
4.495486493246624,1.2589338649215225,0.5272562629479179,1.7082181212260155,1.4991069096569865,0.7009106753319668,1.0591031054518905
4.500725987993997,1.251070924669341,0.5268044947457942,1.7094464024171034,1.4929108827321986,0.704102772656829,1.055374252416395
4.505965482741371,1.2432079844171582,0.5263527265436704,1.7106746836081916,1.4867148558074097,0.7072948699816917,1.0516453993808987
4.511204977488744,1.235345044164977,0.5259009583415466,1.7119029647992796,1.4805188288826219,0.7104869673065539,1.047916546345403
4.516444472236119,1.227482103912794,0.5254491901394228,1.713131245990368,1.474322801957833,0.7136790646314166,1.0441876933099068
4.521683966983492,1.2196191636606126,0.524997421937299,1.714359527181456,1.4681267750330451,0.7168711619562788,1.040458840274411
4.526923461730866,1.2117562234084298,0.5245456537351753,1.7155878083725442,1.4619307481082562,0.7200632592811416,1.0367299872389149
4.532162956478239,1.2038932831562486,0.5240938855330515,1.7168160895636322,1.4557347211834681,0.7232553566060037,1.033001134203419
4.5374024512256135,1.1960303429040657,0.5236421173309277,1.7180443707547204,1.4495386942586794,0.7264474539308664,1.029272281167923
4.542641945972987,1.1881895955944815,0.5231310573584317,1.7190621573945046,1.4435388550837223,0.7296673237382699,1.0255089945111973
4.54788144072036,1.1804101929281139,0.5224561059829258,1.7194981053217233,1.4380813084625426,0.7329639608794902,1.0216505281278647
4.553120935467734,1.172630790261745,0.5217811546074198,1.7199340532489422,1.432623761841362,0.7362605980207111,1.0177920617445315
4.5583604302151075,1.1648513875953774,0.5211062032319139,1.720370001176161,1.4271662152201823,0.7395572351619315,1.0139335953611988
4.563599924962482,1.1570719849290088,0.5204312518564079,1.7208059491033798,1.4217086685990017,0.7428538723031524,1.0100751289778656
4.568839419709855,1.1492925822626412,0.519756300480902,1.7212418970305985,1.416251121977822,0.7461505094443727,1.0062166625945328
4.574078914457229,1.1415131795962723,0.519081349105396,1.7216778449578174,1.4107935753566414,0.7494471465855936,1.0023581962111996
4.579318409204602,1.1337337769299047,0.5184063977298902,1.722113792885036,1.4053360287354617,0.7527437837268139,0.9984997298278669
4.584557903951977,1.1259543742635358,0.5177314463543842,1.722549740812255,1.3998784821142811,0.7560404208680348,0.9946412634445336
4.58979739869935,1.1181749715971683,0.5170564949788783,1.7229856887394737,1.3944209354931014,0.7593370580092552,0.9907827970612011
4.595036893446724,1.1106773505668086,0.5164432934695024,1.7231328830777088,1.3891305877828637,0.7628408491241631,0.9867867800555977
4.600276388194097,1.1040452017041926,0.5160197522632402,1.7223931913926382,1.3843537795848087,0.7669808988725368,0.9823682861387376
4.605515882941471,1.0974130528415764,0.5155962110569781,1.7216534997075676,1.3795769713867536,0.7711209486209107,0.9779497922218775
4.610755377688845,1.0907809039789593,0.5151726698507157,1.7209138080224968,1.374800163188698,0.7752609983692853,0.9735312983050166
4.615994872436218,1.0841487551163431,0.5147491286444535,1.7201741163374262,1.3700233549906429,0.7794010481176592,0.9691128043881564
4.621234367183592,1.077516606253726,0.5143255874381913,1.7194344246523554,1.365246546792587,0.7835410978660338,0.9646943104712955
4.6264738619309655,1.0708844573911098,0.5139020462319291,1.7186947329672848,1.360469738594532,0.7876811476144076,0.9602758165544354
4.63171335667834,1.0642523085284925,0.5134785050256668,1.717955041282214,1.3556929303964762,0.7918211973627821,0.9558573226375745
4.636952851425713,1.0576201596658765,0.5130549638194046,1.7172153495971434,1.3509161221984212,0.795961247111156,0.9514388287207143
4.642192346173087,1.0509880108032592,0.5126314226131424,1.7164756579120726,1.3461393140003652,0.8001012968595306,0.9470203348038534
4.6474318409204605,1.044525650708471,0.5123510967643966,1.7154728423971042,1.3414217041223004,0.8042568223757883,0.942637702185794
4.652671335667835,1.0386462320498913,0.5125624769764572,1.7135666350661536,1.3369073418095352,0.8084654813617818,0.938378193360283
4.657910830415208,1.0327668133913124,0.5127738571885178,1.711660427735203,1.3323929794967704,0.8126741403477744,0.9341186845347729
4.663150325162581,1.0268873947327337,0.5129852374005783,1.7097542204042526,1.3278786171840058,0.8168827993337671,0.9298591757092627
4.668389819909955,1.021007976074154,0.5131966176126389,1.707848013073302,1.3233642548712403,0.8210914583197605,0.9255996668837517
4.673629314657329,1.015128557415575,0.5134079978246995,1.7059418057423514,1.3188498925584757,0.8253001173057531,0.9213401580582415
4.678868809404703,1.0092491387569953,0.51361937803676,1.7040355984114008,1.3143355302457103,0.8295087762917466,0.9170806492327307
4.684108304152076,1.0033697200984164,0.5138307582488206,1.7021293910804505,1.3098211679329457,0.8337174352777392,0.9128211404072205
4.68934779889945,0.9974903014398365,0.5140421384608812,1.7002231837494997,1.3053068056201802,0.8379260942637325,0.9085616315817096
4.694587293646824,0.9916108827812578,0.5142535186729418,1.6983169764185493,1.3007924433074156,0.8421347532497253,0.9043021227561994
4.699826788394198,0.9858829490026599,0.5144875095552249,1.6962589788240245,1.2964074834993982,0.8462039079041529,0.9000265819949742
4.705066283141571,0.9807406336015541,0.5148089099797099,1.6936141822837327,1.292522774837785,0.8497337592280145,0.8956890641164157
4.710305777888944,0.9755983182004482,0.5151303104041948,1.690969385743441,1.288638066176172,0.8532636105518763,0.8913515462378573
4.7155452726363185,0.9704560027993414,0.5154517108286798,1.6883245892031484,1.2847533575145584,0.8567934618757386,0.887014028359298
4.720784767383692,0.9653136873982356,0.5157731112531647,1.6856797926628566,1.2808686488529453,0.8603233131996003,0.8826765104807395
4.726024262131066,0.9601713719971289,0.5160945116776497,1.6830349961225644,1.2769839401913317,0.8638531645234626,0.8783389926021803
4.731263756878439,0.955029056596023,0.5164159121021348,1.6803901995822725,1.2730992315297185,0.8673830158473242,0.8740014747236218
4.736503251625813,0.9498867411949163,0.5167373125266197,1.6777454030419803,1.2692145228681049,0.8709128671711865,0.8696639568450625
4.741742746373187,0.9447444257938105,0.5170587129511047,1.6751006065016885,1.2653298142064917,0.8744427184950483,0.8653264389665041
4.746982241120561,0.9396021103927038,0.5173801133755898,1.672455809961396,1.261445105544878,0.8779725698189106,0.8609889210879448
4.752221735867934,0.9346288693031279,0.5177536810268114,1.6696557753175547,1.257615406956044,0.8813886451337535,0.8566074424037751
4.757461230615308,0.9303981843114866,0.5183563614981608,1.6661739517054213,1.2540273066598195,0.8843050285170954,0.8520328926138798
4.762700725362682,0.926167499319846,0.51895904196951,1.6626921280932883,1.2504392063635956,0.8872214119004368,0.8474583428239852
4.767940220110055,0.9219368143282054,0.5195617224408593,1.6592103044811555,1.2468511060673717,0.8901377952837782,0.8428837930340908
4.773179714857429,0.917706129336564,0.5201644029122087,1.655728480869022,1.2432630057711473,0.8930541786671201,0.8383092432441955
4.778419209604802,0.9134754443449234,0.5207670833835579,1.652246657256889,1.2396749054749234,0.8959705620504615,0.8337346934543011
4.7836587043521765,0.9092447593532822,0.5213697638549073,1.6487648336447556,1.236086805178699,0.8988869454338034,0.8291601436644057
4.78889819909955,0.9050140743616415,0.5219724443262566,1.6452830100326228,1.2324987048824751,0.9018033288171449,0.8245855938745112
4.794137693846924,0.9007833893700002,0.5225751247976059,1.6418011864204891,1.2289106045862506,0.9047197122004869,0.820011044084616
4.799377188594297,0.8965527043783597,0.5231778052689552,1.6383193628083563,1.2253225042900266,0.9076360955838283,0.8154364942947214
4.8046166833416715,0.8923692746004022,0.5237785881570128,1.6347066291120702,1.2218825014040517,0.9106704674836571,0.8109582392332078
4.809856178089045,0.8884242688551225,0.5243697968748263,1.6304333945366525,1.2191897172697892,0.9143001450803051,0.8069658348467106
4.815095672836419,0.8844792631098422,0.5249610055926398,1.6261601599612336,1.2164969331355262,0.9179298226769538,0.8029734304602127
4.820335167583792,0.8805342573645625,0.5255522143104532,1.621886925385816,1.2138041490012637,0.9215595002736018,0.7989810260737156
4.8255746623311655,0.8765892516192828,0.5261434230282666,1.617613690810398,1.2111113648670013,0.9251891778702498,0.7949886216872184
4.83081415707854,0.8726442458740025,0.52673463174608,1.6133404562349793,1.2084185807327383,0.9288188554668985,0.7909962173007206
4.836053651825913,0.8686992401287228,0.5273258404638935,1.6090672216595614,1.2057257965984758,0.9324485330635465,0.7870038129142234
4.841293146573287,0.8647542343834426,0.527917049181707,1.6047939870841428,1.2030330124642128,0.9360782106601951,0.7830114085277254
4.84653264132066,0.8608092286381629,0.5285082578995204,1.6005207525087248,1.2003402283299505,0.9397078882568431,0.7790190041412283
4.851772136068035,0.8568642228928826,0.5290994666173339,1.5962475179333062,1.1976474441956875,0.9433375658534918,0.7750265997547304
4.857011630815408,0.853026957477108,0.5297800483015072,1.5919876176532803,1.1949862636946755,0.9469333878719365,0.7710051188463355
4.862251125562782,0.849823130895147,0.5309860813913476,1.5878061138340938,1.1925108907615676,0.9503301624392204,0.7668126880419547
4.867490620310155,0.8466193043131868,0.5321921144811879,1.583624610014908,1.19003551782846,0.9537269370065038,0.7626202572375747
4.872730115057529,0.8434154777312265,0.5333981475710281,1.5794431061957224,1.1875601448953523,0.9571237115737872,0.7584278264331946
4.877969609804903,0.8402116511492657,0.5346041806608687,1.5752616023765358,1.1850847719622444,0.9605204861410711,0.7542353956288139
4.883209104552276,0.8370078245673053,0.5358102137507089,1.57108009855735,1.1826093990291369,0.9639172607083545,0.7500429648244338
4.88844859929965,0.8338039979853444,0.5370162468405494,1.5668985947381635,1.1801340260960287,0.9673140352756384,0.7458505340200531
4.8936880940470235,0.8306001714033842,0.5382222799303896,1.5627170909189778,1.1776586531629212,0.9707108098429218,0.741658103215673
4.898927588794398,0.8273963448214233,0.5394283130202301,1.5585355870997912,1.1751832802298132,0.9741075844102057,0.7374656724112922
4.904167083541771,0.8241925182394629,0.5406343461100704,1.5543540832806055,1.1727079072967055,0.9775043589774891,0.7332732416069122
4.909406578289145,0.8210209895294859,0.5418400104991102,1.550095643231283,1.1702850548313257,0.9809496862975781,0.7291291230762434
4.9146460730365185,0.8180748999659561,0.5430431013565616,1.5453001882956106,1.1682287952306887,0.9847339118322451,0.7253222242160855
4.919885567783893,0.8151288104024258,0.5442461922140133,1.5405047333599375,1.1661725356300512,0.9885181373669129,0.7215153253559268
4.925125062531266,0.8121827208388959,0.5454492830714646,1.5357092784242654,1.1641162760294141,0.99230236290158,0.7177084264957687
4.930364557278639,0.809236631275366,0.546652373928916,1.530913823488593,1.162060016428777,0.9960865884362471,0.7139015276356107
4.935604052026013,0.8062905417118358,0.5478554647863676,1.52611836855292,1.1600037568281396,0.9998708139709148,0.710094628775452
4.940843546773387,0.803344452148306,0.5490585556438189,1.521322913617248,1.1579474972275026,1.0036550395055819,0.706287729915294
4.946083041520761,0.8003983625847756,0.5502616465012705,1.516527458681575,1.155891237626865,1.0074392650402497,0.7024808310551353
4.951322536268134,0.7974522730212458,0.5514647373587219,1.5117320037459026,1.153834978026228,1.0112234905749167,0.6986739321949772
4.956562031015508,0.7945061834577154,0.5526678282161734,1.5069365488102295,1.1517787184255905,1.0150077161095845,0.6948670333348186
4.961801525762882,0.7916083077810382,0.553916899296509,1.5021111708374941,1.1497442432565628,1.0187631226135363,0.6911119862369582
4.967041020510256,0.7891202501426068,0.5555568022713603,1.4970314470497192,1.1478949357562147,1.022273567356408,0.6877976791186271
4.972280515257629,0.7866321925041759,0.5571967052462112,1.491951723261945,1.1460456282558669,1.0257840120992792,0.6844833720002966
4.977520010005003,0.7841441348657445,0.5588366082210624,1.4868719994741701,1.1441963207555188,1.029294456842151,0.6811690648819655
4.9827595047523765,0.7816560772273137,0.5604765111959134,1.4817922756863962,1.142347013255171,1.032804901585022,0.6778547577636349
4.98799899949975,0.7791680195888827,0.5621164141707643,1.4767125518986222,1.1404977057548231,1.0363153463278931,0.6745404506453044
4.993238494247124,0.7766799619504514,0.5637563171456155,1.4716328281108473,1.138648398254475,1.039825791070765,0.6712261435269733
4.998477988994497,0.7741919043120205,0.5653962201204664,1.4665531043230733,1.1367990907541272,1.0433362358136362,0.6679118364086428
5.003717483741871,0.7717038466735892,0.5670361230953176,1.4614733805352982,1.1349497832537792,1.046846680556508,0.6645975292903117
5.008956978489245,0.7692157890351583,0.5686760260701685,1.4563936567475242,1.1331004757534313,1.050357125299379,0.6612832221719812
5.014196473236619,0.7667628137909579,0.5703478746588808,1.4513076309305402,1.131299724324104,1.053822498888531,0.658018407455093
5.019435967983992,0.764686458367178,0.5723626688081599,1.4461539509764576,1.1300202365983827,1.0568040203862796,0.6552849082242822
5.024675462731366,0.7626101029433977,0.5743774629574392,1.4410002710223742,1.1287407488726608,1.0597855418840287,0.652551408993471
5.02991495747874,0.7605337475196178,0.5763922571067183,1.4358465910682918,1.1274612611469395,1.0627670633817774,0.6498179097626602
5.035154452226114,0.7584573920958375,0.5784070512559976,1.4306929111142084,1.1261817734212178,1.0657485848795265,0.647084410531849
5.040393946973487,0.7563810366720576,0.5804218454052766,1.4255392311601258,1.1249022856954964,1.0687301063772752,0.6443509113010382
5.04563344172086,0.7543046812482777,0.5824366395545556,1.4203855512060435,1.123622797969775,1.0717116278750238,0.6416174120702274
5.0508729364682345,0.7522283258244974,0.584451433703835,1.41523187125196,1.1223433102440534,1.074693149372773,0.6388839128394161
5.056112431215608,0.7501519704007175,0.586466227853114,1.4100781912978775,1.121063822518332,1.0776746708705216,0.6361504136086054
5.061351925962982,0.7480756149769372,0.5884810220023934,1.4049245113437943,1.1197843347926102,1.0806561923682707,0.6334169143777941
5.066591420710355,0.746003390107874,0.5905153447891773,1.3997427957082054,1.118514689156142,1.0836352055172735,0.6307094576437472
5.0718309154577295,0.743990422812247,0.5928298284140127,1.394158875872545,1.1173862396462675,1.0865782335092697,0.6283756105748104
5.077070410205103,0.7419774555166203,0.5951443120388475,1.3885749560368856,1.116257790136393,1.0895212615012655,0.626041763505874
5.082309904952477,0.7399644882209934,0.5974587956636829,1.3829910362012252,1.1151293406265186,1.092464289493262,0.6237079164369372
5.08754939969985,0.7379515209253666,0.5997732792885179,1.3774071163655657,1.1140008911166441,1.0954073174852577,0.6213740693680009
5.0927888944472235,0.73593855362974,0.6020877629133529,1.3718231965299061,1.11287244160677,1.0983503454772534,0.6190402222990645
5.098028389194598,0.733925586334113,0.6044022465381882,1.366239276694246,1.1117439920968952,1.1012933734692496,0.6167063752301277
5.103267883941971,0.7319126190384863,0.6067167301630231,1.3606553568585864,1.110615542587021,1.1042364014612454,0.6143725281611914
5.108507378689345,0.7298996517428593,0.6090312137878584,1.355071437022926,1.1094870930771463,1.1071794294532415,0.6120386810922546
5.113746873436718,0.7278866844472326,0.6113456974126934,1.3494875171872664,1.108358643567272,1.1101224574452373,0.6097048340233182
5.118986368184093,0.7259079960105911,0.6136694197615011,1.3439102073997027,1.1072272594808135,1.1130531230333744,0.6073924494038776
5.124225862931466,0.7246548767558082,0.6161886951010571,1.338472810296848,1.1060337601899943,1.1157221177398275,0.6055343532987708
5.12946535767884,0.723401757501025,0.6187079704406135,1.3330354131939923,1.1048402608991748,1.118391112446281,0.6036762571936638
5.134704852426213,0.7221486382462421,0.6212272457801695,1.3275980160911378,1.1036467616083556,1.1210601071527342,0.601818161088557
5.1399443471735875,0.720895518991459,0.623746521119726,1.3221606189882822,1.1024532623175363,1.1237291018591877,0.59996006498345
5.145183841920961,0.7196423997366761,0.6262657964592819,1.3167232218854277,1.1012597630267171,1.1263980965656408,0.5981019688783432
5.150423336668334,0.7183892804818932,0.6287850717988379,1.3112858247825732,1.1000662637358978,1.1290670912720937,0.5962438727732364
5.155662831415708,0.71713616122711,0.6313043471383942,1.3058484276797175,1.0988727644450784,1.1317360859785472,0.5943857766681294
5.1609023261630815,0.7158830419723271,0.6338236224779502,1.300411030576863,1.0976792651542593,1.1344050806850003,0.5925276805630226
5.166141820910456,0.714629922717544,0.6363428978175066,1.2949736334740074,1.0964857658634397,1.1370740753914539,0.5906695844579156
5.171381315657829,0.7133840448868239,0.6388615927410105,1.2895493598298036,1.0952873878442182,1.1397474879128144,0.5888162106081609
5.176620810405203,0.7124198584521485,0.6413577094800847,1.2846355887271144,1.0938992272901475,1.1425927534340752,0.5871465324916026
5.1818603051525765,0.7114556720174732,0.6438538262191587,1.279721817624426,1.0925110667360771,1.1454380189553357,0.5854768543750445
5.187099799899951,0.7104914855827977,0.6463499429582329,1.2748080465217366,1.0911229061820065,1.1482832844765964,0.5838071762584862
5.192339294647324,0.7095272991481224,0.6488460596973068,1.2698942754190483,1.089734745627936,1.151128549997857,0.5821374981419282
5.197578789394698,0.708563112713447,0.6513421764363811,1.2649805043163591,1.0883465850738654,1.1539738155191177,0.5804678200253698
5.202818284142071,0.7075989262787716,0.6538382931754549,1.2600667332136706,1.086958424519795,1.1568190810403782,0.5787981419088117
5.208057778889445,0.7066347398440963,0.6563344099145288,1.2551529621109823,1.0855702639657245,1.1596643465616385,0.5771284637922536
5.213297273636819,0.7056705534094209,0.6588305266536032,1.2502391910082928,1.0841821034116539,1.1625096120828995,0.5754587856756953
5.218536768384192,0.7047063669747455,0.661326643392677,1.2453254199056045,1.0827939428575835,1.1653548776041598,0.5737891075591371
5.223776263131566,0.7037445421654469,0.6638236956232894,1.240411037624839,1.0814054760891105,1.168194051414708,0.5721236589935838
5.22901575787894,0.7032514999934414,0.6665064429241896,1.2353753364959097,1.0799562257617623,1.1698240206488248,0.5712977763024883
5.234255252626314,0.7027584578214358,0.6691891902250903,1.2303396353669798,1.0785069754344137,1.1714539898829421,0.5704718936113927
5.239494747373687,0.7022654156494302,0.6718719375259905,1.2253039342380507,1.0770577251070654,1.173083959117059,0.5696460109202972
5.244734242121061,0.7017723734774246,0.6745546848268912,1.2202682331091208,1.075608474779717,1.1747139283511763,0.5688201282292017
5.2499737368684345,0.701279331305419,0.6772374321277914,1.2152325319801918,1.0741592244523688,1.1763438975852931,0.5679942455381062
5.255213231615809,0.7007862891334133,0.6799201794286921,1.2101968308512616,1.0727099741250201,1.1779738668194104,0.5671683628470107
5.260452726363182,0.7002932469614078,0.6826029267295923,1.2051611297223326,1.071260723797672,1.1796038360535273,0.5663424801559152
5.265692221110555,0.6998002047894023,0.6852856740304926,1.2001254285934035,1.0698114734703237,1.1812338052876443,0.5655165974648197
5.270931715857929,0.6993071626173967,0.6879684213313932,1.1950897274644736,1.0683622231429752,1.1828637745217614,0.5646907147737241
5.276171210605303,0.6988141204453912,0.6906511686322935,1.1900540263355444,1.066912972815627,1.1844937437558785,0.5638648320826286
5.281410705352677,0.6984379367684618,0.6932854188762468,1.1856993123218411,1.0651465211898021,1.185937429189717,0.5637163272747909
5.28665020010005,0.6980635371906939,0.6959189287071166,1.1813549950579894,1.063375226796062,1.18737827059607,0.5635781641140257
5.291889694847424,0.697689137612926,0.6985524385379868,1.177010677794137,1.0616039324023214,1.1888191120024232,0.5634400009532606
5.297129189594798,0.6973147380351581,0.7011859483688566,1.1726663605302852,1.0598326380085812,1.1902599534087763,0.5633018377924955
5.302368684342172,0.6969403384573901,0.7038194581997268,1.1683220432664325,1.0580613436148405,1.1917007948151297,0.5631636746317303
5.307608179089545,0.6965659388796223,0.7064529680305965,1.1639777260025808,1.0562900492211003,1.1931416362214828,0.5630255114709652
5.312847673836918,0.6961915393018544,0.7090864778614663,1.159633408738729,1.05451875482736,1.1945824776278358,0.5628873483102002
5.3180871685842925,0.6958171397240865,0.7117199876923366,1.1552890914748766,1.0527474604336196,1.1960233190341891,0.5627491851494351
5.323326663331666,0.6954427401463187,0.7143534975232063,1.1509447742110248,1.0509761660398793,1.1974641604405423,0.5626110219886699
5.32856615807904,0.6950683405685507,0.7169870073540765,1.1466004569471722,1.0492048716461388,1.1989050018468956,0.5624728588279048
5.333805652826413,0.6949965727431654,0.7199536756087416,1.1424500871042722,1.0470973789622524,1.200884011892068,0.562488886115287
5.3390451475737875,0.6949358097087758,0.7229324587151814,1.1383067698948606,1.0449776608859966,1.2028825917059252,0.5625105203280565
5.344284642321161,0.6948750466743863,0.7259112418216208,1.1341634526854498,1.0428579428097413,1.204881171519782,0.562532154540826
5.349524137068535,0.6948142836399966,0.7288900249280608,1.1300201354760382,1.0407382247334855,1.2068797513336391,0.5625537887535954
5.354763631815908,0.6947535206056071,0.7318688080345002,1.1258768182666272,1.0386185066572302,1.208878331147496,0.5625754229663649
5.360003126563282,0.6946927575712175,0.73484759114094,1.1217335010572158,1.0364987885809747,1.210876910961353,0.5625970571791343
5.365242621310656,0.6946319945368279,0.7378263742473794,1.1175901838478048,1.0343790705047193,1.2128754907752097,0.5626186913919038
5.370482116058029,0.6945712315024384,0.7408051573538188,1.113446866638394,1.0322593524284638,1.2148740705890666,0.5626403256046733
5.375721610805403,0.6945104684680488,0.7437839404602588,1.1093035494289825,1.0301396343522082,1.2168726504029237,0.5626619598174427
5.380961105552776,0.6944497054336592,0.7467627235666982,1.1051602322195715,1.028019916275953,1.2188712302167806,0.5626835940302121
5.386200600300151,0.6945585616577398,0.7501432759178329,1.101696837164065,1.025808329757076,1.2212498541338823,0.5630585607911184
5.391440095047524,0.694677316087885,0.7535472736890819,1.0982731192634287,1.0235913822150224,1.2236506556909605,0.5634541464275127
5.396679589794898,0.69479607051803,0.7569512714603315,1.0948494013627919,1.0213744346729687,1.2260514572480394,0.563849732063907
5.401919084542271,0.6949148249481752,0.7603552692315804,1.0914256834621554,1.0191574871309155,1.2284522588051177,0.5642453177003013
5.4071585792896455,0.6950335793783203,0.7637592670028299,1.0880019655615185,1.0169405395888615,1.2308530603621965,0.5646409033366957
5.412398074037019,0.6951523338084655,0.7671632647740789,1.0845782476608823,1.0147235920468083,1.2332538619192748,0.56503648897309
5.417637568784393,0.6952710882386107,0.7705672625453285,1.0811545297602454,1.0125066445047544,1.2356546634763537,0.5654320746094843
5.422877063531766,0.6953898426687558,0.7739712603165775,1.0777308118596092,1.010289696962701,1.238055465033432,0.5658276602458786
5.4281165582791395,0.695508597098901,0.7773752580878265,1.0743070939589727,1.0080727494206476,1.2404562665905103,0.5662232458822729
5.433356053026514,0.6956273515290461,0.780779255859076,1.0708833760583358,1.005855801878594,1.242857068147589,0.5666188315186672
5.438595547773887,0.6961732312346577,0.7845709180482613,1.0678227835473393,1.0033003583851878,1.2451745901017874,0.5676202437292781
5.443835042521261,0.696753836572421,0.7883940976697996,1.0647917134257436,1.0007173948957364,1.247485341356565,0.5686709101329148
5.449074537268634,0.6973344419101842,0.7922172772913374,1.0617606433041487,0.9981344314062853,1.249796092611342,0.5697215765365513
5.454314032016009,0.6979150472479476,0.7960404569128757,1.058729573182553,0.9955514679168338,1.2521068438661198,0.570772242940188
5.459553526763382,0.6984956525857108,0.7998636365344135,1.0556985030609578,0.9929685044273827,1.254417595120897,0.5718229093438246
5.464793021510756,0.6990762579234742,0.8036868161559518,1.0526674329393622,0.9903855409379313,1.2567283463756744,0.5728735757474613
5.470032516258129,0.6996568632612373,0.8075099957774896,1.0496363628177672,0.9878025774484802,1.2590390976304517,0.5739242421510978
5.475272011005503,0.7002374685990006,0.8113331753990274,1.046605292696172,0.9852196139590292,1.2613498488852288,0.5749749085547344
5.480511505752877,0.700818073936764,0.8151563550205657,1.0435742225745765,0.9826366504695777,1.2636606001400064,0.5760255749583711
5.48575100050025,0.7013986792745271,0.8189795346421035,1.0405431524529813,0.9800536869801266,1.2659713513947837,0.5770762413620076
5.490990495247624,0.7023153118203473,0.8226520196145684,1.0380169150528478,0.9773842901619223,1.2673371496893668,0.5783297240726923
5.496229989994998,0.703267315651226,0.8263086419923933,1.035543817939184,0.9747057950985866,1.2686034792512977,0.5796045558683293
5.501469484742372,0.7042193194821048,0.8299652643702189,1.03307072082552,0.9720273000352504,1.2698698088132288,0.5808793876639663
5.506708979489745,0.7051713233129835,0.8336218867480438,1.0305976237118564,0.9693488049719146,1.2711361383751598,0.5821542194596031
5.511948474237119,0.7061233271438623,0.8372785091258694,1.0281245265981924,0.9666703099085784,1.2724024679370909,0.5834290512552402
5.5171879689844925,0.707075330974741,0.8409351315036944,1.025651429484529,0.9639918148452427,1.2736687974990217,0.5847038830508771
5.522427463731867,0.7080273348056197,0.84459175388152,1.0231783323708648,0.9613133197819064,1.2749351270609528,0.5859787148465142
5.52766695847924,0.7089793386364984,0.8482483762593449,1.0207052352572012,0.9586348247185706,1.2762014566228836,0.587253546642151
5.532906453226613,0.7099313424673771,0.8519049986371698,1.0182321381435377,0.9559563296552349,1.2774677861848147,0.5885283784377879
5.538145947973987,0.7108833462982559,0.8555616210149954,1.0157590410298736,0.9532778345918986,1.2787341157467458,0.589803210233425
5.543385442721361,0.712128984368099,0.8595234734537167,1.0134686631210879,0.9504972874305282,1.2804387209109491,0.5908477680425369
5.548624937468735,0.7134128863897621,0.8635251009145385,1.0112020956469314,0.9477034416954756,1.2822004384765822,0.5918623184766345
5.553864432216108,0.7146967884114249,0.8675267283753596,1.0089355281727754,0.9449095959604236,1.2839621560422148,0.592876868910732
5.559103926963482,0.7159806904330881,0.8715283558361813,1.0066689606986192,0.942115750225371,1.2857238736078478,0.5938914193448296
5.564343421710856,0.7172645924547509,0.8755299832970024,1.0044023932244632,0.9393219044903189,1.2874855911734804,0.594905969778927
5.56958291645823,0.718548494476414,0.8795316107578242,1.0021358257503068,0.9365280587552665,1.2892473087391134,0.5959205202130246
5.574822411205603,0.7198323964980768,0.8835332382186452,0.9998692582761509,0.9337342130202143,1.291009026304746,0.5969350706471219
5.580061905952977,0.7211162985197399,0.8875348656794669,0.9976026908019946,0.9309403672851618,1.292770743870379,0.5979496210812195
5.5853014007003505,0.7224002005414027,0.8915364931402879,0.9953361233278387,0.9281465215501097,1.2945324614360116,0.5989641715153169
5.590540895447724,0.7236841025630656,0.895538120601109,0.9930695558536827,0.9253526758150576,1.2962941790016445,0.5999787219494144
5.595780390195098,0.7250818532993832,0.8994747720936543,0.9913926013144624,0.922608113573406,1.29750097237854,0.6016507549698804
5.601019884942471,0.7264974238345161,0.9034012534346427,0.9898079340172323,0.9198712652698523,1.298620908056329,0.6034256983082125
5.6062593796898454,0.7279129943696492,0.9073277347756318,0.9882232667200019,0.9171344169662982,1.299740843734118,0.6052006416465449
5.611498874437219,0.729328564904782,0.91125421611662,0.9866385994227719,0.9143975686627445,1.300860779411907,0.606975584984877
5.616738369184593,0.7307441354399151,0.9151806974576091,0.9850539321255415,0.9116607203591903,1.3019807150896958,0.6087505283232094
5.621977863931966,0.732159705975048,0.9191071787985975,0.9834692648283113,0.9089238720556366,1.3031006507674847,0.6105254716615415
5.62721735867934,0.7335752765101811,0.9230336601395865,0.9818845975310809,0.9061870237520824,1.3042205864452738,0.6123004149998739
5.632456853426714,0.7349908470453139,0.9269601414805748,0.9802999302338509,0.9034501754485287,1.3053405221230625,0.6140753583382059
5.637696348174088,0.736406417580447,0.9308866228215639,0.9787152629366205,0.9007133271449745,1.3064604578008516,0.6158503016765383
5.642935842921461,0.7378219881155799,0.9348131041625523,0.9771305956393903,0.8979764788414208,1.3075803934786405,0.6176252450148704
5.648175337668834,0.739559198395521,0.9386726721312224,0.9757556514191039,0.8951174218815933,1.3086508579947485,0.6196312703104393
5.653414832416209,0.7413555827531423,0.9425199296278347,0.9744192912663854,0.8922358814301063,1.3097122209914969,0.6216798092005149
5.658654327163582,0.7431519671107633,0.9463671871244463,0.9730829311136672,0.8893543409786201,1.310773583988245,0.6237283480905902
5.663893821910956,0.7449483514683845,0.9502144446210585,0.9717465709609487,0.8864728005271332,1.3118349469849935,0.6257768869806658
5.669133316658329,0.7467447358260054,0.9540617021176702,0.9704102108082304,0.8835912600756469,1.312896309981742,0.6278254258707411
5.6743728114057035,0.7485411201836267,0.9579089596142825,0.969073850655512,0.8807097196241601,1.3139576729784903,0.6298739647608167
5.679612306153077,0.7503375045412477,0.9617562171108941,0.9677374905027937,0.8778281791726738,1.3150190359752385,0.631922503650892
5.684851800900451,0.7521338888988689,0.9656034746075064,0.9664011303500752,0.8749466387211869,1.316080398971987,0.6339710425409677
5.690091295647824,0.7539302732564899,0.969450732104118,0.965064770197357,0.8720650982697006,1.3171417619687353,0.636019581431043
5.6953307903951975,0.7557266576141108,0.9732979896007297,0.9637284100446387,0.8691835578182142,1.3182031249654835,0.6380681203211183
5.700570285142572,0.7576926396755217,0.9767746173291547,0.96260087986688,0.8662333367027117,1.3183471347488251,0.6403813595081731
5.705809779889945,0.7596947063547598,0.9801723876600927,0.9615177815986874,0.8632685026799725,1.3182959629973996,0.6427509179073507
5.711049274637319,0.7616967730339982,0.9835701579910312,0.9604346833304945,0.8603036686572326,1.3182447912459738,0.6451204763065288
5.716288769384692,0.7636988397132362,0.9869679283219691,0.9593515850623018,0.8573388346344932,1.318193619494548,0.6474900347057064
5.721528264132067,0.7657009063924746,0.9903656986529076,0.958268486794109,0.8543740006117534,1.3181424477431223,0.6498595931048845
5.72676775887944,0.7677029730717126,0.9937634689838455,0.9571853885259163,0.8514091665890141,1.3180912759916967,0.6522291515040621
5.732007253626814,0.7697050397509511,0.997161239314784,0.9561022902577234,0.8484443325662743,1.318040104240271,0.6545987099032401
5.737246748374187,0.7717071064301891,1.000559009645722,0.9550191919895308,0.8454794985435349,1.3179889324888452,0.6569682683024178
5.7424862431215615,0.7737091731094276,1.0039567799766604,0.9539360937213379,0.842514664520795,1.3179377607374194,0.6593378267015958
5.747725737868935,0.7757112397886656,1.0073545503075982,0.9528529954531453,0.8395498304980558,1.3178865889859939,0.6617073851007735
5.752965232616308,0.7775773013746945,1.0107392096804988,0.9521094668620366,0.8367891930238082,1.3170413207957201,0.66419908585337
5.758204727363682,0.7794103149941496,1.014120683213129,0.9514484505289107,0.8340781734024646,1.3160030945922683,0.6667204660563304
5.763444222111056,0.7812433286136042,1.017502156745759,0.950787434195785,0.8313671537811216,1.3149648683888167,0.6692418462592904
5.76868371685843,0.7830763422330593,1.0208836302783892,0.9501264178626592,0.828656134159778,1.3139266421853648,0.6717632264622508
5.773923211605803,0.784909355852514,1.0242651038110189,0.9494654015295334,0.825945114538435,1.3128884159819132,0.6742846066652107
5.779162706353177,0.7867423694719691,1.0276465773436492,0.9488043851964076,0.8232340949170915,1.3118501897784614,0.6768059868681712
5.7844022011005505,0.7885753830914237,1.031028050876279,0.9481433688632819,0.8205230752957484,1.3108119635750097,0.6793273670711312
5.789641695847925,0.7904083967108788,1.0344095244089093,0.947482352530156,0.817812055674405,1.309773737371558,0.6818487472740916
5.794881190595298,0.7922414103303335,1.037790997941539,0.9468213361970303,0.815101036053062,1.308735511168106,0.6843701274770515
5.800120685342672,0.7940744239497886,1.0411724714741692,0.9461603198639045,0.8123900164317184,1.3076972849646542,0.686891507680012
5.805360180090045,0.7959571923964675,1.0447404465650685,0.9456541922022026,0.8098296359320686,1.3064705905700642,0.689258566021056
5.810599674837419,0.7978536314985498,1.0483596648956197,0.9451906218112434,0.8073106450952483,1.3051921125830208,0.6915832228281549
5.815839169584793,0.7997500706006325,1.0519788832261716,0.944727051420284,0.8047916542584275,1.3039136345959772,0.6939078796352542
5.821078664332166,0.8016465097027149,1.055598101556723,0.9442634810293248,0.8022726634216072,1.3026351566089338,0.6962325364423533
5.82631815907954,0.8035429488047976,1.059217319887275,0.9437999106383654,0.7997536725847864,1.3013566786218902,0.6985571932494526
5.831557653826914,0.80543938790688,1.0628365382178262,0.9433363402474062,0.7972346817479661,1.3000782006348466,0.7008818500565517
5.836797148574288,0.8073358270089627,1.0664557565483783,0.9428727698564469,0.7947156909111452,1.298799722647803,0.703206506863651
5.842036643321661,0.809232266111045,1.0700749748789296,0.9424091994654876,0.7921967000743249,1.2975212446607596,0.7055311636707501
5.847276138069035,0.8111287052131277,1.0736941932094815,0.9419456290745283,0.7896777092375041,1.296242766673716,0.7078558204778495
5.8525156328164085,0.8130251443152101,1.077313411540033,0.941482058683569,0.7871587184006837,1.2949642886866726,0.7101804772849485
5.857755127563783,0.8151020629437926,1.080646195100023,0.9413518804019673,0.7846924011073964,1.294349573526757,0.712765209930161
5.862994622311156,0.817234604770706,1.083890700402856,0.9413244524753804,0.7822423176275263,1.2939394278938905,0.7154300970959719
5.868234117058529,0.8193671465976192,1.087135205705689,0.9412970245487936,0.7797922341476562,1.293529282261024,0.7180949842617829
5.873473611805903,0.8214996884245329,1.0903797110085225,0.9412695966222067,0.7773421506677857,1.2931191366281576,0.7207598714275942
5.878713106553277,0.8236322302514462,1.0936242163113554,0.9412421686956198,0.7748920671879155,1.2927089909952911,0.7234247585934052
5.883952601300651,0.8257647720783597,1.0968687216141888,0.941214740769033,0.772441983708045,1.2922988453624247,0.7260896457592165
5.889192096048024,0.8278973139052731,1.100113226917022,0.9411873128424462,0.7699919002281749,1.2918886997295582,0.7287545329250275
5.894431590795398,0.8300298557321867,1.1033577322198553,0.9411598849158593,0.7675418167483044,1.2914785540966918,0.7314194200908388
5.899671085542772,0.8321623975591,1.1066022375226883,0.9411324569892725,0.7650917332684343,1.2910684084638253,0.7340843072566497
5.904910580290146,0.8342949393860136,1.1098467428255219,0.9411050290626857,0.7626416497885637,1.2906582628309589,0.7367491944224611
5.910150075037519,0.8362191845502301,1.1125110898932729,0.9411456182933896,0.7604073301009215,1.2900150101418428,0.7394760908488829
5.915389569784892,0.838071893486854,1.1149761906984708,0.9412095669518499,0.7582471111096,1.289291700483914,0.7422242833850093
5.920629064532267,0.839924602423478,1.117441291503669,0.9412735156103101,0.7560868921182781,1.288568390825985,0.7449724759211364
5.92586855927964,0.8417773113601018,1.119906392308867,0.9413374642687704,0.7539266731269565,1.287845081168056,0.7477206684572629
5.931108054027014,0.8436300202967258,1.1223714931140654,0.9414014129272307,0.7517664541356346,1.287121771510127,0.7504688609933898
5.936347548774387,0.8454827292333497,1.1248365939192633,0.9414653615856909,0.749606235144313,1.2863984618521982,0.7532170535295164
5.9415870435217615,0.8473354381699737,1.1273016947244614,0.9415293102441512,0.747446016152991,1.285675152194269,0.7559652460656434
5.946826538269135,0.8491881471065975,1.1297667955296593,0.9415932589026115,0.7452857971616695,1.2849518425363402,0.7587134386017699
5.952066033016509,0.8510408560432215,1.1322318963348577,0.9416572075610717,0.7431255781703475,1.284228532878411,0.7614616311378969
5.957305527763882,0.8528935649798454,1.1346969971400556,0.941721156219532,0.7409653591790261,1.2835052232204822,0.7642098236740235
5.962545022511256,0.8548709195135838,1.1373798500571302,0.9417759749165001,0.7390822455677043,1.282187926736433,0.7668870901640145
5.96778451725863,0.8568957170081614,1.1401455844008699,0.9418273185416202,0.737304604592369,1.2806445453012656,0.7695373605810815
5.973024012006003,0.858920514502739,1.1429113187446096,0.9418786621667402,0.7355269636170337,1.279101163866098,0.7721876309981485
5.978263506753377,0.8609453119973168,1.14567705308835,0.9419300057918601,0.7337493226416981,1.2775577824309303,0.7748379014152158
5.98350300150075,0.8629701094918943,1.1484427874320897,0.9419813494169802,0.7319716816663628,1.276014400995763,0.7774881718322828
5.988742496248125,0.8649949069864723,1.15120852177583,0.9420326930421002,0.7301940406910273,1.2744710195605953,0.7801384422493503
5.993981990995498,0.8670197044810498,1.1539742561195698,0.9420840366672203,0.728416399715692,1.2729276381254278,0.7827887126664171
5.999221485742872,0.8690445019756277,1.15673999046331,0.9421353802923402,0.7266387587403564,1.27138425669026,0.7854389830834846
6.004460980490245,0.8710692994702053,1.15950572480705,0.9421867239174603,0.7248611177650212,1.2698408752550927,0.7880892535005516
6.0097004752376195,0.8730940969647831,1.16227145915079,0.9422380675425803,0.7230834767896857,1.268297493819925,0.7907395239176189
6.014939969984993,0.8751507309802278,1.1649227439831196,0.9423494990723879,0.7215971523487299,1.2662699097881163,0.7935748248852272
6.020179464732367,0.8772207340684924,1.1675259681665298,0.9424861632454451,0.7202331601179405,1.2640389951285362,0.7964878255146292
6.02541895947974,0.8792907371567568,1.1701291923499395,0.9426228274185023,0.7188691678871514,1.2618080804689566,0.7994008261440306
6.0306584542271136,0.881360740245021,1.1727324165333493,0.9427594915915596,0.7175051756563622,1.2595771658093768,0.802313826773432
6.035897948974488,0.8834307433332856,1.1753356407167594,0.9428961557646168,0.7161411834255728,1.2573462511497968,0.8052268274028339
6.041137443721861,0.88550074642155,1.177938864900169,0.9430328199376741,0.7147771911947836,1.2551153364902172,0.8081398280322354
6.046376938469235,0.8875707495098145,1.1805420890835792,0.9431694841107312,0.7134131989639941,1.2528844218306372,0.8110528286616373
6.0516164332166085,0.8896407525980788,1.183145313266989,0.9433061482837884,0.7120492067332049,1.2506535071710574,0.8139658292910388
6.056855927963983,0.8917107556863435,1.185748537450399,0.9434428124568457,0.7106852145024155,1.2484225925114774,0.8168788299204407
6.062095422711356,0.8937807587746078,1.1883517616338088,0.9435794766299029,0.7093212222716263,1.2461916778518978,0.8197918305498421
6.06733491745873,0.8955992854699714,1.1905149244261826,0.943759130899808,0.7081555947664029,1.2439489763661047,0.8226744724980241
6.072574412206103,0.8973017461378419,1.1924749819611544,0.9439586267528737,0.7070815202114408,1.2417008348066751,0.825543102747181
6.077813906953477,0.8990042068057124,1.1944350394961263,0.9441581226059392,0.7060074456564787,1.2394526932472456,0.828411732996338
6.083053401700851,0.9007066674735832,1.1963950970310984,0.9443576184590049,0.7049333711015163,1.2372045516878158,0.8312803632454954
6.088292896448224,0.9024091281414538,1.1983551545660702,0.9445571143120705,0.7038592965465542,1.2349564101283863,0.8341489934946523
6.093532391195598,0.9041115888093245,1.2003152121010425,0.9447566101651361,0.7027852219915919,1.2327082685689563,0.8370176237438097
6.098771885942972,0.9058140494771951,1.2022752696360144,0.9449561060182017,0.7017111474366298,1.2304601270095268,0.8398862539929666
6.104011380690346,0.907516510145066,1.2042353271709865,0.9451556018712673,0.7006370728816674,1.228211985450097,0.842754884242124
6.109250875437719,0.9092189708129365,1.2061953847059583,0.9453550977243329,0.6995629983267053,1.2259638438906675,0.8456235144912809
6.114490370185093,0.9109214314808073,1.2081554422409306,0.9455545935773986,0.698488923771743,1.2237157023312375,0.8484921447404383
6.1197298649324665,0.9125912770387743,1.2100270037673841,0.9455940979532649,0.6975551916592635,1.2207690801804407,0.8514030182844611
6.124969359679841,0.9142446304279603,1.211853816368776,0.9455527009783964,0.6966924251592091,1.2174692640702354,0.854335252588907
6.130208854427214,0.915897983817146,1.2136806289701674,0.9455113040035279,0.6958296586591548,1.2141694479600305,0.8572674868933524
6.135448349174587,0.9175513372063318,1.2155074415715588,0.9454699070286594,0.6949668921591006,1.2108696318498258,0.8601997211977979
6.140687843921961,0.9192046905955178,1.2173342541729506,0.9454285100537909,0.6941041256590461,1.2075698157396202,0.8631319555022438
6.145927338669335,0.9208580439847035,1.219161066774342,0.9453871130789224,0.6932413591589918,1.2042699996294155,0.8660641898066892
6.151166833416709,0.9225113973738894,1.2209878793757338,0.9453457161040539,0.6923785926589374,1.20097018351921,0.8689964241111351
6.156406328164082,0.9241647507630751,1.2228146919771252,0.9453043191291856,0.6915158261588831,1.1976703674090052,0.8719286584155805
6.161645822911456,0.9258181041522612,1.2246415045785168,0.9452629221543171,0.6906530596588286,1.1943705512987997,0.8748608927200264
6.16688531765883,0.9274714575414469,1.2264683171799085,0.9452215251794486,0.6897902931587744,1.191070735188595,0.8777931270244719
6.172124812406204,0.929143797850892,1.2280850728550188,0.945251823209458,0.6891803580750535,1.1881651546430148,0.8806404298941324
6.177364307153577,0.9308266289878729,1.2295857659482925,0.9453217348219292,0.6887101197272057,1.1854774007518194,0.8834408056675297
6.182603801900951,0.9325094601248541,1.2310864590415667,0.9453916464344004,0.688239881379358,1.1827896468606236,0.8862411814409275
6.1878432966483246,0.934192291261835,1.2325871521348404,0.9454615580468716,0.6877696430315102,1.180101892969428,0.8890415572143247
6.193082791395698,0.935875122398816,1.2340878452281143,0.9455314696593428,0.6872994046836625,1.1774141390782327,0.891841932987722
6.198322286143072,0.9375579535357972,1.2355885383213883,0.9456013812718139,0.6868291663358146,1.1747263851870369,0.8946423087611197
6.203561780890445,0.9392407846727782,1.2370892314146622,0.9456712928842851,0.6863589279879668,1.1720386312958415,0.897442684534517
6.2088012756378195,0.9409236158097594,1.2385899245079361,0.9457412044967564,0.6858886896401191,1.1693508774046457,0.9002430603079148
6.214040770385193,0.9426064469467403,1.24009061760121,0.9458111161092275,0.6854184512922713,1.1666631235134504,0.9030434360813121
6.219280265132567,0.9442892780837215,1.241591310694484,0.9458810277216987,0.6849482129444234,1.1639753696222546,0.9058438118547099
6.22451975987994,0.945781027847278,1.2429813327407409,0.9457805930509794,0.6846077876531902,1.161856120283028,0.9089238079103156
6.229759254627314,0.9471576683497357,1.244304685481566,0.9455775401373744,0.6843455629984715,1.160079343565469,0.9121722499190593
6.234998749374688,0.9485343088521931,1.2456280382223908,0.9453744872237693,0.6840833383437529,1.1583025668479103,0.9154206919278026
6.240238244122062,0.9499109493546508,1.246951390963216,0.9451714343101641,0.6838211136890342,1.1565257901303514,0.9186691339365465
6.245477738869435,0.9512875898571083,1.248274743704041,0.9449683813965591,0.6835588890343156,1.1547490134127927,0.9219175759452897
6.250717233616808,0.9526642303595657,1.2495980964448656,0.944765328482954,0.6832966643795969,1.152972236695234,0.925166017954033
6.255956728364183,0.9540408708620234,1.2509214491856908,0.9445622755693489,0.6830344397248783,1.151195459977675,0.9284144599627768
6.261196223111556,0.9554175113644807,1.2522448019265155,0.9443592226557439,0.6827722150701596,1.1494186832601165,0.93166290197152
6.26643571785893,0.9567941518669384,1.2535681546673407,0.9441561697421388,0.682509990415441,1.1476419065425576,0.9349113439802639
6.271675212606303,0.9581707923693958,1.2548915074081657,0.9439531168285338,0.6822477657607223,1.1458651298249989,0.9381597859890072
6.2769147073536775,0.9593459491644264,1.2558812331761178,0.9436606544379607,0.6821952792521208,1.143901212002037,0.9412394900733058
6.282154202101051,0.9603890129064546,1.2566522325469167,0.9433095750458899,0.6822802974202266,1.141814604159766,0.9442085692942745
6.287393696848425,0.9614320766484831,1.2574232319177159,0.9429584956538191,0.6823653155883324,1.1397279963174949,0.947177648515244
6.292633191595798,0.9624751403905114,1.2581942312885148,0.9426074162617484,0.6824503337564382,1.137641388475224,0.9501467277362129
6.2978726863431715,0.9635182041325397,1.2589652306593138,0.9422563368696776,0.6825353519245441,1.135554780632953,0.9531158069571818
6.303112181090546,0.9645612678745682,1.259736230030113,0.9419052574776068,0.6826203700926499,1.1334681727906815,0.9560848861781511
6.308351675837919,0.9656043316165964,1.2605072294009119,0.9415541780855361,0.6827053882607557,1.1313815649484107,0.95905396539912
6.313591170585293,0.9666473953586249,1.261278228771711,0.9412030986934653,0.6827904064288615,1.1292949571061393,0.9620230446200894
6.3188306653326665,0.9676904591006532,1.26204922814251,0.9408520193013946,0.6828754245969673,1.1272083492638683,0.9649921238410583
6.324070160080041,0.9687335228426817,1.2628202275133091,0.9405009399093238,0.6829604427650731,1.125121741421597,0.9679612030620276
6.329309654827414,0.9699291740071299,1.2633365140200992,0.9400113191928198,0.6832096752356619,1.122581184634718,0.9709581535298111
6.334549149574788,0.9712335355240317,1.2636713312761363,0.9394229952151314,0.6835759015869898,1.1197172135782896,0.9739749607657119
6.339788644322161,0.9725378970409334,1.2640061485321734,0.9388346712374431,0.6839421279383177,1.1168532425218616,0.9769917680016121
6.3450281390695356,0.9738422585578353,1.2643409657882105,0.9382463472597549,0.6843083542896455,1.1139892714654331,0.980008575237513
6.350267633816909,0.9751466200747371,1.2646757830442477,0.9376580232820666,0.6846745806409733,1.1111253004090051,0.9830253824734132
6.355507128564282,0.9764509815916388,1.2650106003002848,0.9370696993043783,0.6850408069923012,1.1082613293525772,0.9860421897093135
6.360746623311656,0.9777553431085406,1.265345417556322,0.9364813753266901,0.6854070333436291,1.1053973582961487,0.9890589969452143
6.36598611805903,0.9790597046254423,1.265680234812359,0.9358930513490018,0.6857732596949568,1.1025333872397207,0.9920758041811145
6.371225612806404,0.9803640661423443,1.2660150520683962,0.9353047273713134,0.6861394860462848,1.0996694161832923,0.9950926114170153
6.376465107553777,0.981668427659246,1.266349869324433,0.9347164033936252,0.6865057123976126,1.0968054451268643,0.9981094186529156
6.381704602301151,0.9828082337987651,1.2667918072313802,0.9341349090639937,0.6870219782507362,1.094044853283078,1.0009257098522286
6.3869440970485245,0.9838207837797748,1.267316585108364,0.9335586963288595,0.687654274651915,1.0913642080304018,1.00358693531658
6.392183591795899,0.9848333337607846,1.267841362985348,0.9329824835937252,0.688286571053094,1.0886835627777252,1.0062481607809322
6.397423086543272,0.9858458837417943,1.268366140862332,0.932406270858591,0.6889188674542728,1.086002917525049,1.0089093862452836
6.402662581290646,0.986858433722804,1.268890918739316,0.9318300581234567,0.6895511638554517,1.0833222722723723,1.0115706117096355
6.407902076038019,0.9878709837038138,1.2694156966163,0.9312538453883225,0.6901834602566306,1.0806416270196963,1.014231837173987
6.413141570785393,0.9888835336848234,1.2699404744932838,0.9306776326531883,0.6908157566578094,1.0779609817670202,1.0168930626383383
6.418381065532767,0.9898960836658331,1.2704652523702678,0.930101419918054,0.6914480530589884,1.0752803365143435,1.0195542881026904
6.42362056028014,0.9909086336468428,1.2709900302472517,0.9295252071829198,0.6920803494601672,1.0725996912616673,1.0222155135670419
6.428860055027514,0.9919211836278526,1.2715148081242356,0.9289489944477854,0.6927126458613461,1.0699190460089907,1.0248767390313938
6.434099549774888,0.9929458193679797,1.2718530557915844,0.9281852030627593,0.6935636369218872,1.0677650234960845,1.027492577534119
6.439339044522262,0.9939805915512375,1.2720348587669812,0.9272640876487913,0.6945980493096355,1.066052684571372,1.0300703495529004
6.444578539269635,0.9950153637344952,1.272216661742378,0.9263429722348234,0.6956324616973836,1.0643403456466596,1.0326481215716814
6.449818034017009,0.9960501359177529,1.2723984647177748,0.9254218568208554,0.696666874085132,1.0626280067219471,1.0352258935904628
6.4550575287643825,0.9970849081010106,1.2725802676931717,0.9245007414068875,0.6977012864728801,1.060915667797235,1.0378036656092438
6.460297023511756,0.9981196802842683,1.2727620706685683,0.9235796259929198,0.6987356988606283,1.0592033288725227,1.0403814376280247
6.46553651825913,0.9991544524675261,1.272943873643965,0.9226585105789518,0.6997701112483765,1.05749098994781,1.0429592096468059
6.470776013006503,1.0001892246507837,1.273125676619362,0.9217373951649839,0.7008045236361247,1.0557786510230978,1.0455369816655868
6.4760155077538775,1.0012239968340417,1.2733074795947588,0.9208162797510159,0.7018389360238729,1.0540663120983853,1.0481147536843682
6.481255002501251,1.0022587690172993,1.2734892825701554,0.9198951643370481,0.7028733484116211,1.0523539731736729,1.0506925257031492
6.486494497248625,1.0032311848649855,1.2733909497182219,0.9190065272976717,0.703942892458957,1.050657048506039,1.0534418916018455
6.491733991995998,1.004146913134879,1.2730379479323517,0.918147416053379,0.7050443743786451,1.0489741367993857,1.056347251936828
6.496973486743372,1.0050626414047727,1.2726849461464815,0.9172883048090861,0.7061458562983333,1.0472912250927322,1.059252612271811
6.502212981490746,1.0059783696746665,1.2723319443606111,0.9164291935647932,0.7072473382180213,1.0456083133860792,1.0621579726067933
6.50745247623812,1.0068940979445602,1.271978942574741,0.9155700823205003,0.7083488201377096,1.0439254016794257,1.0650633329417762
6.512691970985493,1.007809826214454,1.2716259407888708,0.9147109710762075,0.7094503020573976,1.0422424899727725,1.0679686932767587
6.517931465732866,1.0087255544843474,1.2712729390030006,0.9138518598319147,0.7105517839770856,1.0405595782661192,1.070874053611741
6.523170960480241,1.0096412827542414,1.2709199372171305,0.9129927485876218,0.7116532658967739,1.0388766665594658,1.0737794139467238
6.528410455227614,1.0105570110241349,1.2705669354312603,0.912133637343329,0.712754747816462,1.0371937548528127,1.0766847742817063
6.533649949974988,1.0114727392940286,1.27021393364539,0.911274526099036,0.7138562297361501,1.0355108431461593,1.0795901346166892
6.538889444722361,1.0125629437693169,1.2699402867824001,0.910363995428307,0.7151734271999284,1.033391881877189,1.0822297254381659
6.5441289394697355,1.0138250203275314,1.2697448104404563,0.9094028127852676,0.7167031205728106,1.0308433792483245,1.0846075134552942
6.549368434217109,1.0150870968857457,1.2695493340985127,0.9084416301422283,0.7182328139456926,1.0282948766194602,1.086985301472422
6.554607928964483,1.0163491734439603,1.269353857756569,0.9074804474991889,0.7197625073185748,1.0257463739905957,1.0893630894895505
6.559847423711856,1.0176112500021746,1.2691583814146252,0.9065192648561496,0.7212922006914567,1.0231978713617313,1.0917408775066784
6.56508691845923,1.018873326560389,1.2689629050726816,0.9055580822131102,0.7228218940643389,1.0206493687328668,1.0941186655238067
6.570326413206604,1.0201354031186034,1.2687674287307378,0.904596899570071,0.7243515874372208,1.0181008661040025,1.0964964535409345
6.575565907953977,1.0213974796768177,1.2685719523887942,0.9036357169270317,0.7258812808101028,1.0155523634751382,1.0988742415580623
6.580805402701351,1.0226595562350322,1.2683764760468506,0.9026745342839922,0.7274109741829851,1.0130038608462737,1.1012520295751906
6.5860448974487245,1.0239216327932466,1.2681809997049067,0.901713351640953,0.728940667555867,1.0104553582174094,1.1036298175923187
6.591284392196099,1.0250552445746626,1.2677777957989473,0.9007954115955478,0.7305747800737991,1.0079983634841712,1.1058113046455267
6.596523886943472,1.0260517385114123,1.2671528723168881,0.8999236268616073,0.7323203451506961,1.0056390403908246,1.1077832683900946
6.601763381690846,1.0270482324481622,1.2665279488348289,0.8990518421276666,0.7340659102275934,1.003279717297478,1.1097552321346627
6.607002876438219,1.028044726384912,1.2659030253527697,0.8981800573937262,0.7358114753044904,1.0009203942041314,1.1117271958792303
6.6122423711855935,1.029041220321662,1.2652781018707104,0.8973082726597855,0.7375570403813877,0.9985610711107844,1.1136991596237984
6.617481865932967,1.0300377142584116,1.2646531783886512,0.896436487925845,0.7393026054582846,0.9962017480174379,1.115671123368366
6.622721360680341,1.0310342081951616,1.264028254906592,0.8955647031919044,0.7410481705351819,0.9938424249240909,1.1176430871129341
6.627960855427714,1.0320307021319113,1.263403331424533,0.8946929184579638,0.742793735612079,0.9914831018307445,1.119615050857502
6.633200350175088,1.033027196068661,1.2627784079424738,0.8938211337240234,0.7445393006889759,0.989123778737398,1.1215870146020697
6.638439844922462,1.034023690005411,1.2621534844604145,0.8929493489900827,0.7462848657658732,0.986764455644051,1.1235589783466378
6.643679339669835,1.0351128354332908,1.2614817238349514,0.8919846223297107,0.7481406449207891,0.9845435542771749,1.1256002773356681
6.648918834417209,1.0363091560995594,1.2607557840273884,0.8909123844679526,0.7501239149551434,0.982482773177675,1.1277217803372126
6.6541583291645825,1.0375054767658278,1.2600298442198257,0.8898401466061947,0.7521071849894975,0.9804219920781754,1.1298432833387568
6.659397823911957,1.0387017974320965,1.2593039044122627,0.8887679087444367,0.7540904550238517,0.9783612109786753,1.131964786340301
6.66463731865933,1.0398981180983649,1.2585779646046997,0.8876956708826789,0.7560737250582058,0.9763004298791758,1.1340862893418453
6.669876813406704,1.0410944387646335,1.2578520247971368,0.8866234330209208,0.7580569950925601,0.9742396487796757,1.1362077923433898
6.675116308154077,1.0422907594309019,1.257126084989574,0.885551195159163,0.7600402651269141,0.9721788676801761,1.1383292953449338
6.680355802901451,1.0434870800971703,1.2564001451820113,0.8844789572974051,0.7620235351612681,0.9701180865806766,1.1404507983464778
6.685595297648825,1.044683400763439,1.2556742053744483,0.8834067194356471,0.7640068051956225,0.9680573054811766,1.1425723013480222
6.690834792396198,1.045879721429707,1.2549482655668853,0.8823344815738893,0.7659900752299764,0.9659965243816769,1.1446938043495662
6.696074287143572,1.0470459505239538,1.2540881989786854,0.8813436820575545,0.767940991788085,0.9640377136880014,1.1467577486714775
6.701313781890946,1.0481744376465114,1.2530599055808729,0.880455025550734,0.7698513294098848,0.9622067980795973,1.1487495007511368
6.70655327663832,1.0493029247690693,1.2520316121830601,0.8795663690439133,0.771761667031685,0.960375882471193,1.1507412528307963
6.711792771385693,1.050431411891627,1.2510033187852478,0.8786777125370926,0.7736720046534848,0.9585449668627889,1.1527330049104556
6.717032266133067,1.051559899014185,1.249975025387435,0.8777890560302719,0.775582342275285,0.9567140512543846,1.1547247569901151
6.7222717608804405,1.0526883861367426,1.2489467319896226,0.8769003995234512,0.7774926798970848,0.9548831356459805,1.1567165090697742
6.727511255627815,1.0538168732593005,1.24791843859181,0.8760117430166305,0.7794030175188851,0.9530522200375762,1.1587082611494337
6.732750750375188,1.0549453603818582,1.2468901451939975,0.87512308650981,0.7813133551406849,0.9512213044291721,1.160700013229093
6.737990245122561,1.056073847504416,1.245861851796185,0.8742344300029893,0.7832236927624847,0.9493903888207681,1.162691765308752
6.7432297398699355,1.0572023346269739,1.2448335583983725,0.8733457734961686,0.7851340303842849,0.9475594732123637,1.1646835173884116
6.748469234617309,1.0582295508751398,1.2437272701886908,0.8724410190523043,0.7871786483405564,0.9456250897712647,1.1666237069433065
6.753708729364683,1.0591189428563823,1.242514835193625,0.8715143561734102,0.7894060146810202,0.9435498921199889,1.1684937226479306
6.758948224112056,1.0600083348376246,1.2413024001985595,0.8705876932945162,0.7916333810214837,0.9414746944687135,1.1703637383525545
6.76418771885943,1.0608977268188668,1.2400899652034936,0.869661030415622,0.7938607473619477,0.9393994968174376,1.1722337540571788
6.769427213606804,1.0617871188001093,1.238877530208428,0.8687343675367281,0.7960881137024112,0.9373242991661621,1.1741037697618026
6.774666708354178,1.0626765107813516,1.237665095213362,0.8678077046578339,0.7983154800428751,0.9352491015148863,1.1759737854664267
6.779906203101551,1.0635659027625939,1.2364526602182966,0.8668810417789399,0.8005428463833386,0.9331739038636108,1.1778438011710506
6.785145697848925,1.0644552947438364,1.2352402252232308,0.8659543789000458,0.8027702127238024,0.931098706212335,1.1797138168756747
6.790385192596299,1.0653446867250786,1.2340277902281651,0.8650277160211517,0.8049975790642661,0.9290235085610595,1.1815838325802985
6.795624687343672,1.066234078706321,1.2328153552330996,0.8641010531422577,0.8072249454047296,0.926948310909784,1.1834538482849224
6.800864182091046,1.067146706049821,1.2315703438981063,0.863173624975117,0.8094963131220793,0.9253426512365474,1.1851059766092116
6.806103676838419,1.068093681320136,1.2302771762345246,0.8622450655123075,0.8118327263530858,0.9244310911830207,1.1864360105451794
6.8113431715857935,1.0690406565904513,1.2289840085709427,0.8613165060494978,0.8141691395840928,0.9235195311294938,1.1877660444811475
6.816582666333167,1.0699876318607664,1.227690840907361,0.8603879465866884,0.8165055528150993,0.9226079710759671,1.1890960784171154
6.821822161080541,1.070934607131082,1.2263976732437791,0.8594593871238787,0.8188419660461063,0.9216964110224403,1.1904261123530835
6.827061655827914,1.071881582401397,1.2251045055801975,0.8585308276610691,0.8211783792771129,0.9207848509689136,1.1917561462890514
6.832301150575288,1.0728285576717123,1.2238113379166156,0.8576022681982596,0.8235147925081198,0.9198732909153867,1.1930861802250194
6.837540645322662,1.0737755329420273,1.2225181702530339,0.85667370873545,0.8258512057391264,0.9189617308618601,1.1944162141609873
6.842780140070036,1.0747225082123426,1.221225002589452,0.8557451492726403,0.8281876189701334,0.9180501708083332,1.1957462480969554
6.848019634817409,1.075669483482658,1.2199318349258703,0.8548165898098309,0.8305240322011399,0.9171386107548065,1.1970762820329233
6.8532591295647824,1.0765838110454444,1.2185270482666088,0.853997142657499,0.8328529865084466,0.9164353440199963,1.1984002891643297
6.858498624312157,1.0774456462157342,1.2169427957711565,0.8533531309847585,0.8351699480364718,0.9160669802682204,1.1997146061393824
6.86373811905953,1.0783074813860238,1.2153585432757044,0.8527091193120182,0.8374869095644966,0.9156986165164445,1.201028923114435
6.868977613806904,1.0791693165563137,1.2137742907802518,0.8520651076392777,0.8398038710925216,0.9153302527646686,1.202343240089488
6.874217108554277,1.0800311517266032,1.2121900382847997,0.8514210959665374,0.8421208326205464,0.9149618890128927,1.2036575570645405
6.8794566033016515,1.080892986896893,1.210605785789347,0.8507770842937968,0.8444377941485716,0.9145935252611168,1.2049718740395934
6.884696098049025,1.0817548220671827,1.209021533293895,0.8501330726210565,0.8467547556765963,0.914225161509341,1.2062861910146458
6.889935592796399,1.0826166572374725,1.2074372807984426,0.849489060948316,0.8490717172046214,0.913856797757565,1.2076005079896988
6.895175087543772,1.0834784924077623,1.2058530283029905,0.8488450492755757,0.8513886787326461,0.9134884340057892,1.2089148249647512
6.900414582291146,1.0843403275780519,1.204268775807538,0.8482010376028353,0.8537056402606709,0.9131200702540132,1.210229141939804
6.90565407703852,1.0851254506180603,1.2026271128342765,0.8475318387033147,0.856031243899063,0.9127017405426147,1.2114772887625955
6.910893571785893,1.0857761951677827,1.2008848825412666,0.8468185187306762,0.8583719861307874,0.9121958842536702,1.2126095237324608
6.916133066533267,1.086426939717505,1.1991426522482562,0.8461051987580375,0.8607127283625121,0.9116900279647256,1.2137417587023263
6.9213725612806405,1.0870776842672274,1.1974004219552463,0.8453918787853989,0.8630534705942364,0.9111841716757813,1.2148739936721915
6.926612056028015,1.08772842881695,1.195658191662236,0.8446785588127602,0.8653942128259611,0.9106783153868367,1.2160062286420568
6.931851550775388,1.0883791733666723,1.193915961369226,0.8439652388401216,0.8677349550576854,0.9101724590978922,1.217138463611922
6.937091045522762,1.0890299179163947,1.1921737310762157,0.843251918867483,0.8700756972894101,0.9096666028089477,1.2182706985817875
6.942330540270135,1.0896806624661173,1.1904315007832058,0.8425385988948444,0.8724164395211345,0.9091607465200033,1.2194029335516527
6.94757003501751,1.0903314070158396,1.1886892704901955,0.8418252789222057,0.8747571817528592,0.9086548902310587,1.2205351685215182
6.952809529764883,1.090982151565562,1.1869470401971856,0.8411119589495671,0.8770979239845835,0.9081490339421143,1.2216674034913833
6.958049024512256,1.0917236928981537,1.1852437110600944,0.8405106470695691,0.8794702027031441,0.9074017836619814,1.2226589773918513
6.96328851925963,1.0926388747936049,1.1836147768343221,0.8401235404470296,0.881902792075363,0.9061928893986997,1.2233815498311362
6.968528014007004,1.093554056689056,1.1819858426085503,0.8397364338244903,0.8843353814475815,0.9049839951354182,1.224104122270421
6.973767508754378,1.0944692385845074,1.1803569083827783,0.8393493272019508,0.8867679708198004,0.9037751008721364,1.224826694709706
6.979007003501751,1.0953844204799585,1.1787279741570065,0.8389622205794114,0.889200560192019,0.9025662066088549,1.2255492671489907
6.984246498249125,1.09629960237541,1.1770990399312342,0.8385751139568719,0.8916331495642378,0.9013573123455731,1.2262718395882757
6.9894859929964985,1.097214784270861,1.1754701057054624,0.8381880073343325,0.8940657389364564,0.9001484180822916,1.2269944120275604
6.994725487743873,1.0981299661663124,1.1738411714796904,0.837800900711793,0.8964983283086753,0.89893952381901,1.2277169844668454
6.999964982491246,1.0990451480617636,1.1722122372539183,0.8374137940892536,0.8989309176808937,0.8977306295557285,1.2284395569061302
7.00520447723862,1.0999603299572147,1.1705833030281463,0.8370266874667142,0.9013635070531126,0.8965217352924467,1.2291621293454151
7.0104439719859934,1.1007895160216157,1.1688733947599181,0.8366679562902242,0.9037943764055256,0.8954676242581511,1.229750938794954
7.015683466733367,1.1014387108117258,1.1669940059377117,0.8363686155822099,0.9062216457164852,0.894737478121733,1.230059779196187
7.020922961480741,1.102087905601836,1.165114617115505,0.8360692748741955,0.9086489150274453,0.8940073319853147,1.2303686195974202
7.026162456228114,1.102737100391946,1.1632352282932985,0.8357699341661812,0.9110761843384049,0.8932771858488965,1.2306774599986534
7.031401950975488,1.103386295182056,1.1613558394710919,0.8354705934581668,0.9135034536493648,0.8925470397124783,1.2309863003998867
7.036641445722862,1.1040354899721663,1.1594764506488855,0.8351712527501525,0.9159307229603244,0.8918168935760601,1.23129514080112
7.041880940470236,1.1046846847622764,1.1575970618266787,0.8348719120421381,0.9183579922712845,0.8910867474396418,1.2316039812023531
7.047120435217609,1.1053338795523866,1.1557176730044723,0.8345725713341237,0.920785261582244,0.8903566013032237,1.2319128216035864
7.052359929964983,1.1059830743424968,1.1538382841822656,0.8342732306261094,0.9232125308932041,0.8896264551668054,1.2322216620048196
7.057599424712357,1.1066322691326067,1.1519588953600592,0.833973889918095,0.9256398002041637,0.8888963090303872,1.2325305024060527
7.06283891945973,1.1072820765975735,1.1500469171994099,0.8336673742920475,0.928084017436584,0.8881588048159158,1.2328459637133815
7.068078414207104,1.1079332916956819,1.1480600643603538,0.8333443741435766,0.9305671728687241,0.8874043952650903,1.233176636689261
7.073317908954477,1.1085845067937903,1.146073211521298,0.8330213739951059,0.933050328300864,0.8866499857142649,1.23350730966514
7.0785574037018515,1.109235721891899,1.1440863586822418,0.832698373846635,0.9355334837330042,0.8858955761634394,1.2338379826410193
7.083796898449225,1.1098869369900073,1.1420995058431862,0.8323753736981643,0.938016639165144,0.885141166612614,1.2341686556168985
7.089036393196599,1.110538152088116,1.1401126530041301,0.8320523735496934,0.9404997945972842,0.8843867570617885,1.234499328592778
7.094275887943972,1.1111893671862243,1.1381258001650743,0.8317293734012227,0.942982950029424,0.8836323475109631,1.234830001568657
7.099515382691346,1.111840582284333,1.1361389473260182,0.8314063732527518,0.9454661054615642,0.8828779379601376,1.2351606745445363
7.10475487743872,1.1124917973824413,1.1341520944869625,0.831083373104281,0.947949260893704,0.8821235284093122,1.2354913475204157
7.109994372186094,1.11314301248055,1.1321652416479064,0.8307603729558102,0.9504324163258442,0.8813691188584867,1.2358220204962949
7.115233866933467,1.1137503999808809,1.130134513507609,0.830542490447668,0.9528958491591581,0.8806498449387983,1.2360611160333184
7.12047336168084,1.1142468609948022,1.1279927381447006,0.8305906578964638,0.9553093646184528,0.8800194983687133,1.236068431503858
7.125712856428215,1.1147433220087235,1.1258509627817916,0.8306388253452595,0.9577228800777479,0.8793891517986282,1.2360757469743975
7.130952351175588,1.1152397830226448,1.123709187418883,0.8306869927940551,0.9601363955370424,0.8787588052285432,1.236083062444937
7.136191845922962,1.1157362440365661,1.121567412055974,0.8307351602428508,0.9625499109963375,0.8781284586584582,1.2360903779154766
7.141431340670335,1.1162327050504874,1.1194256366930655,0.8307833276916464,0.9649634264556322,0.8774981120883732,1.2360976933860162
7.1466708354177095,1.1167291660644088,1.1172838613301566,0.8308314951404421,0.9673769419149272,0.8768677655182882,1.2361050088565557
7.151910330165083,1.11722562707833,1.115142085967248,0.8308796625892377,0.9697904573742218,0.8762374189482032,1.2361123243270953
7.157149824912457,1.1177220880922514,1.1130003106043391,0.8309278300380334,0.9722039728335169,0.8756070723781181,1.2361196397976348
7.16238931965983,1.1182185491061727,1.1108585352414304,0.830975997486829,0.9746174882928115,0.8749767258080331,1.2361269552681744
7.1676288144072045,1.1186918507430716,1.1087070204410756,0.8310549234282648,0.9770379761848447,0.8743053351356468,1.2361660212865508
7.172868309154578,1.1191003061243077,1.1065282352158723,0.8312199731490925,0.979477986888544,0.8735190209768174,1.2362939888388704
7.178107803901951,1.1195087615055437,1.104349449990669,0.8313850228699201,0.9819179975922435,0.8727327068179881,1.23642195639119
7.183347298649325,1.11991721688678,1.1021706647654652,0.8315500725907478,0.9843580082959434,0.8719463926591585,1.2365499239435098
7.1885867933966985,1.120325672268016,1.099991879540262,0.8317151223115754,0.9867980189996428,0.8711600785003292,1.2366778914958294
7.193826288144073,1.120734127649252,1.0978130943150584,0.831880172032403,0.9892380297033427,0.8703737643414997,1.236805859048149
7.199065782891446,1.121142583030488,1.095634309089855,0.8320452217532307,0.9916780404070421,0.8695874501826704,1.2369338266004686
7.20430527763882,1.1215510384117242,1.0934555238646513,0.8322102714740583,0.994118051110742,0.8688011360238409,1.2370617941527882
7.209544772386193,1.1219594937929602,1.091276738639448,0.832375321194886,0.9965580618144415,0.8680148218650116,1.2371897617051077
7.214784267133568,1.1223679491741962,1.0890979534142442,0.8325403709157136,0.9989980725181413,0.867228507706182,1.2373177292574273
7.220023761880941,1.1227959901324576,1.0869261989975187,0.8327808530534945,1.0014061552410496,0.8665425246499111,1.2373827448484265
7.225263256628315,1.1232850088666113,1.0847763343144043,0.8332561866337479,1.0037148333227317,0.8661689126552137,1.2372517656732518
7.230502751375688,1.123774027600765,1.0826264696312902,0.8337315202140012,1.0060235114044136,0.8657953006605165,1.2371207864980773
7.235742246123062,1.1242630463349188,1.080476604948176,0.8342068537942545,1.0083321894860955,0.8654216886658191,1.2369898073229029
7.240981740870436,1.1247520650690725,1.0783267402650616,0.834682187374508,1.0106408675677778,0.8650480766711217,1.2368588281477284
7.246221235617809,1.1252410838032263,1.0761768755819474,0.8351575209547613,1.0129495456494597,0.8646744646764244,1.236727848972554
7.251460730365183,1.12573010253738,1.074027010898833,0.8356328545350147,1.015258223731142,0.8643008526817271,1.2365968697973793
7.2567002251125565,1.1262191212715338,1.0718771462157188,0.836108188115268,1.017566901812824,0.8639272406870298,1.2364658906222048
7.261939719859931,1.1267081400056878,1.0697272815326044,0.8365835216955213,1.0198755798945063,0.8635536286923323,1.2363349114470303
7.267179214607304,1.1271971587398415,1.0675774168494903,0.8370588552757746,1.0221842579761882,0.863180016697635,1.2362039322718559
7.272418709354678,1.1275972886964152,1.0654511435154237,0.8375710846454774,1.0244459452597967,0.8627836122157226,1.2361081223503763
7.277658204102051,1.1276878060569242,1.0634070422960187,0.8382118274391046,1.0265439567298904,0.8623078181716006,1.236134812076598
7.282897698849425,1.1277783234174332,1.0613629410766137,0.8388525702327319,1.0286419681999839,0.8618320241274786,1.2361615018028198
7.288137193596799,1.127868840777942,1.0593188398572084,0.8394933130263592,1.0307399796700778,0.8613562300833565,1.2361881915290416
7.293376688344172,1.127959358138451,1.0572747386378034,0.8401340558199865,1.0328379911401713,0.8608804360392345,1.2362148812552631
7.298616183091546,1.1280498754989599,1.055230637418398,0.8407747986136138,1.0349360026102652,0.8604046419951124,1.236241570981485
7.30385567783892,1.1281403928594689,1.053186536198993,0.841415541407241,1.037034014080359,0.8599288479509903,1.2362682607077067
7.309095172586294,1.1282309102199777,1.0511424349795877,0.8420562842008683,1.0391320255504528,0.8594530539068682,1.2362949504339285
7.314334667333667,1.1283214275804867,1.0490983337601827,0.8426970269944956,1.0412300370205463,0.8589772598627462,1.2363216401601502
7.319574162081041,1.1284119449409957,1.0470542325407772,0.8433377697881229,1.0433280484906402,0.8585014658186241,1.236348329886372
7.324813656828415,1.1284648266124817,1.0450335781869413,0.8439937205106526,1.0454570017286662,0.8581233172889735,1.2362908860749675
7.330053151575789,1.1283699533566929,1.0431049744905248,0.8447093764355398,1.0477074300556124,0.8581285178161371,1.2359031402269565
7.335292646323162,1.1282750801009043,1.0411763707941086,0.8454250323604269,1.0499578583825584,0.8581337183433007,1.2355153943789456
7.340532141070535,1.1281802068451154,1.0392477670976923,0.846140688285314,1.0522082867095042,0.8581389188704642,1.2351276485309346
7.3457716358179095,1.1280853335893268,1.0373191634012757,0.8468563442102013,1.0544587150364506,0.8581441193976278,1.2347399026829236
7.351011130565283,1.127990460333538,1.0353905597048594,0.8475720001350884,1.0567091433633964,0.8581493199247914,1.2343521568349125
7.356250625312657,1.1278955870777494,1.0334619560084428,0.8482876560599756,1.0589595716903428,0.858154520451955,1.2339644109869017
7.36149012006003,1.1278007138219606,1.0315333523120267,0.8490033119848627,1.0612100000172886,0.8581597209791185,1.2335766651388906
7.366729614807404,1.1277058405661717,1.0296047486156101,0.8497189679097499,1.063460428344235,0.8581649215062821,1.2331889192908796
7.371969109554778,1.1276109673103831,1.0276761449191938,0.8504346238346371,1.0657108566711808,0.8581701220334457,1.2328011734428685
7.377208604302152,1.1275283071634634,1.0257836995172374,0.851193720195624,1.0679206117725804,0.8581968840786041,1.2324074427766454
7.382448099049525,1.1275001877493018,1.0240527281425955,0.8521468108328915,1.0699487302777022,0.8583199345465881,1.2319869853879946
7.387687593796899,1.1274720683351402,1.0223217567679534,0.853099901470159,1.0719768487828245,0.8584429850145721,1.2315665279993435
7.392927088544273,1.1274439489209787,1.0205907853933118,0.8540529921074265,1.0740049672879464,0.8585660354825561,1.2311460706106927
7.398166583291646,1.127415829506817,1.01885981401867,0.8550060827446939,1.0760330857930682,0.85868908595054,1.2307256132220419
7.40340607803902,1.1273877100926553,1.017128842644028,0.8559591733819615,1.0780612042981905,0.858812136418524,1.230305155833391
7.408645572786393,1.1273595906784937,1.0153978712693863,0.8569122640192289,1.0800893228033124,0.858935186886508,1.2298846984447402
7.4138850675337675,1.127331471264332,1.0136668998947442,0.8578653546564965,1.0821174413084345,0.859058237354492,1.2294642410560894
7.419124562281141,1.1273033518501705,1.0119359285201026,0.8588184452937639,1.0841455598135563,0.859181287822476,1.2290437836674386
7.424364057028515,1.127275232436009,1.0102049571454605,0.8597715359310315,1.0861736783186786,0.85930433829046,1.2286233262787878
7.429603551775888,1.1272223092110403,1.008490539176434,0.8607568658333942,1.0881478975020789,0.8595360745974351,1.2281477974381698
7.4348430465232624,1.127041932558233,1.006861180245491,0.8619078559594768,1.089845157093864,0.8603262889078404,1.2273892860597524
7.440082541270636,1.126861555905426,1.0052318213145484,0.8630588460855594,1.0915424166856489,0.8611165032182454,1.226630774681335
7.44532203601801,1.1266811792526188,1.0036024623836055,0.8642098362116422,1.0932396762774341,0.8619067175286507,1.2258722633029175
7.450561530765383,1.1265008025998116,1.0019731034526629,0.8653608263377247,1.094936935869219,0.8626969318390558,1.2251137519245001
7.4558010255127565,1.1263204259470043,1.0003437445217205,0.8665118164638073,1.096634195461004,0.863487146149461,1.2243552405460827
7.461040520260131,1.126140049294197,0.9987143855907775,0.8676628065898899,1.098331455052789,0.8642773604598663,1.2235967291676653
7.466280015007504,1.12595967264139,0.9970850266598349,0.8688137967159725,1.100028714644574,0.8650675747702713,1.2228382177892478
7.471519509754878,1.1257792959885828,0.995455667728892,0.8699647868420552,1.101725974236359,0.8658577890806766,1.2220797064108302
7.476759004502251,1.1255989193357756,0.9938263087979494,0.8711157769681377,1.103423233828144,0.8666480033910817,1.221321195032413
7.481998499249626,1.125387207558072,0.9921617884365542,0.8722833306957488,1.1051182021862578,0.8673561250664122,1.2205566980657152
7.487237993996999,1.1249874850309904,0.990286299492446,0.8735502660325298,1.1067994231423444,0.8675716909312947,1.2197562875693366
7.492477488744373,1.1245877625039087,0.9884108105483375,0.874817201369311,1.1084806440984314,0.8677872567961772,1.218955877072958
7.497716983491746,1.124188039976827,0.9865353216042292,0.8760841367060919,1.1101618650545177,0.8680028226610595,1.2181554665765795
7.50295647823912,1.1237883174497454,0.9846598326601209,0.8773510720428729,1.1118430860106043,0.868218388525942,1.217355056080201
7.508195972986494,1.1233885949226636,0.9827843437160123,0.878618007379654,1.1135243069666911,0.8684339543908245,1.2165546455838223
7.513435467733867,1.1229888723955819,0.980908854771904,0.879884942716435,1.1152055279227777,0.8686495202557069,1.2157542350874437
7.518674962481241,1.1225891498685001,0.9790333658277954,0.8811518780532162,1.1168867488788647,0.8688650861205893,1.214953824591065
7.5239144572286145,1.1221894273414184,0.9771578768836872,0.8824188133899971,1.118567969834951,0.8690806519854717,1.2141534140946864
7.529153951975989,1.1217897048143368,0.9752823879395786,0.8836857487267783,1.1202491907910381,0.8692962178503542,1.2133530035983078
7.534393446723362,1.1213520070657876,0.9734383112717296,0.8849743467798393,1.1218856543961104,0.8695579760302942,1.21256127777518
7.539632941470736,1.1206430577353286,0.9718186080057328,0.8864176785206163,1.123202422636796,0.870149679317788,1.211831585332415
7.544872436218109,1.1199341084048697,0.9701989047397364,0.887861010261393,1.1245191908774816,0.8707413826052817,1.2111018928896502
7.550111930965484,1.1192251590744107,0.9685792014737395,0.8893043420021698,1.1258359591181673,0.8713330858927755,1.2103722004468853
7.555351425712857,1.1185162097439518,0.9669594982077431,0.8907476737429465,1.1271527273588529,0.8719247891802692,1.2096425080041204
7.56059092046023,1.117807260413493,0.9653397949417465,0.8921910054837231,1.1284694955995382,0.8725164924677629,1.2089128155613555
7.565830415207604,1.117098311083034,0.9637200916757497,0.8936343372245,1.1297862638402238,0.8731081957552567,1.2081831231185904
7.571069909954978,1.116389361752575,0.9621003884097532,0.8950776689652766,1.1311030320809095,0.8736998990427504,1.2074534306758258
7.576309404702352,1.115680412422116,0.9604806851437564,0.8965210007060536,1.132419800321595,0.8742916023302442,1.2067237382330607
7.581548899449725,1.1149714630916572,0.9588609818777599,0.8979643324468302,1.1337365685622807,0.8748833056177379,1.2059940457902958
7.586788394197099,1.1142515514809146,0.9572332879785829,0.8994046653332965,1.1350545050679768,0.8754685090864223,1.2052087806448237
7.592027888944473,1.113435920447209,0.9555358222091983,0.900818813101637,1.1363826425218122,0.8759969580396488,1.2039382709244963
7.597267383691847,1.1126202894135033,0.9538383564398135,0.9022329608699776,1.1377107799756478,0.8765254069928755,1.2026677612041687
7.60250687843922,1.1118046583797978,0.952140890670429,0.903647108638318,1.1390389174294833,0.8770538559461021,1.2013972514838414
7.607746373186594,1.110989027346092,0.9504434249010442,0.9050612564066587,1.140367054883319,0.8775823048993288,1.2001267417635137
7.6129858679339675,1.1101733963123863,0.9487459591316596,0.906475404174999,1.1416951923371543,0.8781107538525554,1.1988562320431864
7.618225362681341,1.1093577652786808,0.947048493362275,0.9078895519433394,1.1430233297909898,0.878639202805782,1.197585722322859
7.623464857428715,1.108542134244975,0.9453510275928902,0.9093036997116801,1.1443514672448254,0.8791676517590087,1.1963152126025312
7.628704352176088,1.1077265032112695,0.9436535618235057,0.9107178474800205,1.1456796046986608,0.8796961007122353,1.1950447028822038
7.633943846923462,1.1069108721775638,0.9419560960541209,0.9121319952483611,1.1470077421524965,0.8802245496654619,1.1937741931618762
7.639183341670836,1.1060942134411607,0.9402598924829425,0.9135624735059634,1.1483111560145682,0.8807879215814914,1.1924864206282986
7.64442283641821,1.105266156547567,0.9385776878373241,0.9151740717353795,1.1493403627679886,0.8817386209031522,1.1910071878023094
7.649662331165583,1.1044380996539733,0.936895483191706,0.9167856699647952,1.1503695695214087,0.8826893202248131,1.1895279549763205
7.654901825912957,1.1036100427603797,0.9352132785460876,0.9183972681942112,1.1513987762748288,0.883640019546474,1.1880487221503313
7.660141320660331,1.102781985866786,0.9335310739004694,0.920008866423627,1.152427983028249,0.8845907188681347,1.1865694893243424
7.665380815407704,1.1019539289731923,0.9318488692548512,0.9216204646530428,1.153457189781669,0.8855414181897954,1.1850902564983534
7.670620310155078,1.1011258720795987,0.9301666646092328,0.9232320628824588,1.1544863965350893,0.8864921175114563,1.1836110236723643
7.675859804902451,1.100297815186005,0.9284844599636147,0.9248436611118745,1.1555156032885094,0.8874428168331171,1.1821317908463753
7.6810992996498255,1.0994697582924113,0.9268022553179963,0.9264552593412906,1.1565448100419295,0.888393516154778,1.180652558020386
7.686338794397199,1.0986417013988177,0.9251200506723781,0.9280668575707064,1.1575740167953497,0.8893442154764387,1.179173325194397
7.691578289144573,1.0978121922264767,0.9234618868350697,0.929681323379875,1.1585878437072392,0.890270344221204,1.1777079759694313
7.696817783891946,1.0969609569640781,0.9221633734900792,0.9313386881821409,1.159371588189828,0.8908288971356112,1.176450325415774
7.70205727863932,1.0961097217016795,0.9208648601450884,0.9329960529844071,1.1601553326724174,0.8913874500500184,1.1751926748621166
7.707296773386694,1.095258486439281,0.9195663468000979,0.9346534177866731,1.1609390771550063,0.8919460029644256,1.1739350243084594
7.712536268134068,1.094407251176882,0.918267833455107,0.9363107825889394,1.1617228216375957,0.8925045558788328,1.1726773737548022
7.717775762881441,1.0935560159144835,0.9169693201101164,0.9379681473912054,1.1625065661201845,0.89306310879324,1.171419723201145
7.7230152576288145,1.0927047806520849,0.9156708067651259,0.9396255121934713,1.1632903106027737,0.8936216617076471,1.1701620726474877
7.728254752376189,1.091853545389686,0.914372293420135,0.9412828769957375,1.1640740550853628,0.8941802146220544,1.1689044220938305
7.733494247123562,1.0910023101272874,0.9130737800751445,0.9429402417980035,1.1648577995679519,0.8947387675364615,1.1676467715401733
7.738733741870936,1.0901510748648886,0.9117752667301537,0.9445976066002698,1.165641544050541,0.8952973204508688,1.1663891209865158
7.743973236618309,1.0893033958439382,0.9104777000505857,0.9462595267362096,1.1664191782213038,0.8958521114313519,1.165127880389301
7.749212731365684,1.0885356276602363,0.9092014054999238,0.948023807899411,1.1670595100910321,0.8963223695436581,1.163785969401557
7.754452226113057,1.0877678594765343,0.9079251109492622,0.9497880890626121,1.1676998419607605,0.8967926276559642,1.1624440584138134
7.759691720860431,1.0870000912928321,0.9066488163986004,0.9515523702258135,1.1683401738304888,0.8972628857682704,1.1611021474260694
7.764931215607804,1.0862323231091302,0.9053725218479388,0.9533166513890146,1.1689805057002172,0.8977331438805765,1.1597602364383255
7.7701707103551785,1.0854645549254283,0.904096227297277,0.9550809325522159,1.1696208375699455,0.8982034019928827,1.1584183254505815
7.775410205102552,1.0846967867417263,0.9028199327466154,0.956845213715417,1.1702611694396738,0.8986736601051888,1.1570764144628378
7.780649699849925,1.0839290185580244,0.9015436381959537,0.958609494878618,1.170901501309402,0.899143918217495,1.1557345034750939
7.785889194597299,1.0831612503743222,0.9002673436452919,0.9603737760418194,1.1715418331791303,0.8996141763298011,1.15439259248735
7.7911286893446725,1.0823934821906203,0.8989910490946303,0.9621380572050205,1.1721821650488586,0.9000844344421073,1.1530506814996062
7.796368184092047,1.081623099069927,0.8977208509886,0.9639021876886028,1.172823155101542,0.9005573232868297,1.1517089661447577
7.80160767883942,1.0807394020129475,0.8967148321499308,0.9656597887220228,1.1734926664156122,0.9011442105362544,1.1503757282153801
7.806847173586794,1.0798557049559678,0.8957088133112613,0.9674173897554432,1.1741621777296822,0.9017310977856792,1.1490424902860024
7.812086668334167,1.0789720078989884,0.894702794472592,0.9691749907888633,1.1748316890437522,0.9023179850351039,1.1477092523566248
7.817326163081542,1.0780883108420087,0.8936967756339226,0.9709325918222836,1.1755012003578225,0.9029048722845286,1.1463760144272468
7.822565657828915,1.0772046137850293,0.8926907567952533,0.9726901928557037,1.1761707116718925,0.9034917595339533,1.1450427764978692
7.827805152576289,1.0763209167280496,0.8916847379565839,0.9744477938891241,1.1768402229859627,0.9040786467833781,1.1437095385684914
7.833044647323662,1.0754372196710702,0.8906787191179146,0.9762053949225441,1.1775097343000327,0.9046655340328028,1.1423763006391139
7.838284142071036,1.0745535226140908,0.8896727002792454,0.9779629959559641,1.1781792456141027,0.9052524212822275,1.1410430627097363
7.84352363681841,1.073669825557111,0.888666681440576,0.9797205969893845,1.1788487569281727,0.9058393085316522,1.1397098247803585
7.848763131565783,1.0727855389531054,0.8876608397579783,0.9814778760081458,1.1795176166362409,0.9064265603668127,1.1383758670906081
7.854002626313157,1.0716666126325813,0.8867255061918542,0.9831069931927567,1.1799271371555113,0.9071589173247917,1.1367554447724706
7.8592421210605306,1.0705476863120575,0.8857901726257303,0.9847361103773673,1.1803366576747818,0.9078912742827706,1.1351350224543335
7.864481615807905,1.0694287599915335,0.8848548390596063,0.9863652275619782,1.1807461781940523,0.9086236312407496,1.133514600136196
7.869721110555278,1.0683098336710097,0.8839195054934824,0.9879943447465888,1.1811556987133227,0.9093559881987285,1.131894177818059
7.874960605302652,1.0671909073504857,0.8829841719273583,0.9896234619311997,1.1815652192325932,0.9100883451567076,1.1302737554999214
7.8802001000500255,1.066071981029962,0.8820488383612345,0.9912525791158102,1.1819747397518636,0.9108207021146866,1.128653333181784
7.885439594797399,1.0649530547094381,0.8811135047951105,0.9928816963004209,1.182384260271134,0.9115530590726655,1.127032910863647
7.890679089544773,1.0638341283889141,0.8801781712289866,0.9945108134850317,1.1827937807904045,0.9122854160306445,1.1254124885455095
7.895918584292146,1.0627152020683903,0.8792428376628626,0.9961399306696423,1.183203301309675,0.9130177729886234,1.1237920662273724
7.90115807903952,1.0615962757478663,0.8783075040967385,0.9977690478542531,1.1836128218289454,0.9137501299466024,1.1221716439092349
7.906397573786894,1.0608992187274564,0.8774041986073804,0.9995269369228579,1.1836118687409225,0.9151920908009296,1.120893782461826
7.911637068534268,1.0602096950874054,0.8765014650479642,1.0012871254893914,1.183603585767055,0.9166467231534059,1.1196220381728228
7.916876563281641,1.0595201714473548,0.8755987314885482,1.0030473140559244,1.1835953027931876,0.918101355505882,1.1183502938838197
7.922116058029015,1.0588306478073037,0.8746959979291321,1.0048075026224579,1.1835870198193204,0.9195559878583585,1.1170785495948163
7.927355552776389,1.0581411241672531,0.873793264369716,1.0065676911889911,1.183578736845453,0.9210106202108346,1.1158068053058134
7.932595047523763,1.057451600527202,0.8728905308102999,1.0083278797555246,1.1835704538715854,0.9224652525633109,1.11453506101681
7.937834542271136,1.0567620768871513,0.8719877972508839,1.0100880683220577,1.1835621708977182,0.923919884915787,1.1132633167278072
7.943074037018509,1.0560725532471007,0.8710850636914679,1.011848256888591,1.1835538879238507,0.9253745172682631,1.111991572438804
7.9483135317658835,1.0553830296070497,0.8701823301320518,1.0136084454551242,1.1835456049499833,0.9268291496207395,1.1107198281498007
7.953553026513257,1.054693505966999,0.8692795965726358,1.0153686340216574,1.183537321976116,0.9282837819732156,1.1094480838607979
7.958792521260631,1.0537315141004433,0.8685830928144579,1.017171075615615,1.1834464733737213,0.9295427969540347,1.1079447690218722
7.964032016008004,1.0527588789437898,0.867894644907891,1.018975167718456,1.1833523995514623,0.9307941706312732,1.1064324084583406
7.969271510755378,1.0517862437871361,0.8672061970013241,1.0207792598212972,1.1832583257292033,0.932045544308512,1.1049200478948087
7.974511005502752,1.0508136086304827,0.8665177490947572,1.0225833519241383,1.1831642519069443,0.9332969179857505,1.103407687331277
7.979750500250126,1.0498409734738292,0.8658293011881902,1.0243874440269796,1.1830701780846853,0.9345482916629894,1.1018953267677452
7.984989994997499,1.0488683383171757,0.8651408532816234,1.0261915361298206,1.1829761042624265,0.9357996653402278,1.1003829662042133
7.990229489744873,1.0478957031605223,0.8644524053750563,1.0279956282326619,1.1828820304401675,0.9370510390174667,1.0988706056406814
7.995468984492247,1.0469230680038688,0.8637639574684894,1.029799720335503,1.1827879566179085,0.9383024126947052,1.0973582450771497
8.00070847923962,1.0459504328472153,0.8630755095619226,1.031603812438344,1.1826938827956495,0.9395537863719438,1.095845884513618
8.005947973986993,1.0449777976905619,0.8623870616553557,1.0334079045411848,1.1825998089733905,0.9408051600491822,1.0943335239500864
8.011187468734368,1.044027996162298,0.8618142576127119,1.035060858550086,1.1823311696035887,0.9416309065523769,1.0927320503281794
8.016426963481742,1.0430795913719415,0.8612485275298296,1.0367045674096231,1.1820518520221024,0.942430617350776,1.0911251256415317
8.021666458229115,1.0421311865815848,0.8606827974469473,1.0383482762691603,1.181772534440616,0.9432303281491752,1.0895182009548843
8.026905952976488,1.0411827817912283,0.860117067364065,1.0399919851286974,1.1814932168591297,0.9440300389475743,1.0879112762682368
8.032145447723863,1.040234377000871,0.8595513372811825,1.0416356939882352,1.181213899277643,0.9448297497459737,1.0863043515815887
8.037384942471236,1.0392859722105146,0.8589856071983002,1.0432794028477723,1.1809345816961567,0.9456294605443728,1.0846974268949412
8.04262443721861,1.0383375674201578,0.8584198771154179,1.0449231117073094,1.1806552641146704,0.9464291713427719,1.0830905022082937
8.047863931965983,1.0373891626298013,0.8578541470325356,1.0465668205668466,1.180375946533184,0.9472288821411711,1.081483577521646
8.053103426713356,1.0364407578394446,0.8572884169496533,1.0482105294263837,1.1800966289516976,0.9480285929395702,1.0798766528349986
8.058342921460731,1.0354923530490876,0.8567226868667708,1.0498542382859213,1.179817311370211,0.9488283037379697,1.0782697281483504
8.063582416208105,1.0343454620011312,0.8560970875258309,1.0515272540264546,1.1794944391317872,0.9495137701921396,1.0766087141279534
8.068821910955478,1.0331818506434316,0.8554664448506525,1.0532027385531586,1.1791678978869367,0.9501896128020945,1.0749431436691155
8.074061405702851,1.0320182392857318,0.8548358021754741,1.0548782230798628,1.1788413566420861,0.9508654554120494,1.0732775732102773
8.079300900450226,1.0308546279280317,0.8542051595002953,1.0565537076065674,1.1785148153972353,0.9515412980220045,1.0716120027514389
8.0845403951976,1.029691016570332,0.8535745168251169,1.0582291921332714,1.1781882741523846,0.9522171406319594,1.069946432292601
8.089779889944973,1.0285274052126323,0.8529438741499384,1.0599046766599756,1.177861732907534,0.9528929832419144,1.068280861833763
8.095019384692346,1.0273637938549325,0.85231323147476,1.0615801611866795,1.1775351916626835,0.9535688258518693,1.066615291374925
8.100258879439721,1.0262001824972324,0.8516825887995814,1.0632556457133842,1.1772086504178327,0.9542446684618244,1.0649497209160863
8.105498374187095,1.0250365711395326,0.8510519461244028,1.0649311302400883,1.1768821091729822,0.9549205110717793,1.0632841504572483
8.110737868934468,1.023872959781833,0.8504213034492244,1.0666066147667923,1.1765555679281314,0.9555963536817343,1.0616185799984104
8.115977363681841,1.0228220296866526,0.850369829124325,1.0681421356152434,1.1760573513051373,0.9566450908212397,1.060126200946564
8.121216858429214,1.0217833067282451,0.8503810980373724,1.069662493731884,1.1755405365161777,0.957734224868113,1.0586525842971415
8.12645635317659,1.0207445837698375,0.8503923669504199,1.0711828518485247,1.175023721727218,0.9588233589149867,1.0571789676477186
8.131695847923963,1.01970586081143,0.8504036358634673,1.0727032099651652,1.174506906938258,0.9599124929618601,1.0557053509982963
8.136935342671336,1.0186671378530225,0.8504149047765147,1.0742235680818055,1.1739900921492985,0.9610016270087335,1.0542317343488739
8.14217483741871,1.017628414894615,0.8504261736895622,1.075743926198446,1.173473277360339,0.9620907610556068,1.0527581176994516
8.147414332166084,1.0165896919362072,0.8504374426026096,1.0772642843150868,1.172956462571379,0.9631798951024805,1.0512845010500287
8.152653826913458,1.0155509689777997,0.850448711515657,1.0787846424317273,1.1724396477824193,0.9642690291493539,1.0498108844006062
8.157893321660831,1.0145122460193923,0.8504599804287044,1.0803050005483676,1.1719228329934597,0.9653581631962271,1.048337267751184
8.163132816408204,1.0134735230609848,0.8504712493417519,1.0818253586650082,1.1714060182045,0.9664472972431005,1.0468636511017615
8.168372311155577,1.0124702676223887,0.8503219806092146,1.0833006995623078,1.1708783911421032,0.9671736449539488,1.0454672349658354
8.173611805902953,1.0114717479037667,0.850151276452409,1.0847700296377074,1.170349320395469,0.9678515524437938,1.044081126853018
8.178851300650326,1.0104732281851454,0.8499805722956033,1.0862393597131066,1.1698202496488348,0.9685294599336387,1.0426950187402007
8.1840907953977,1.0094747084665239,0.8498098681387977,1.0877086897885055,1.1692911789022005,0.9692073674234837,1.0413089106273836
8.189330290145072,1.0084761887479023,0.849639163981992,1.0891780198639047,1.1687621081555664,0.9698852749133285,1.0399228025145664
8.194569784892447,1.0074776690292806,0.8494684598251863,1.0906473499393043,1.168233037408932,0.9705631824031736,1.0385366944017487
8.19980927963982,1.006479149310659,0.8492977556683806,1.0921166800147035,1.167703966662298,0.9712410898930185,1.0371505862889316
8.205048774387194,1.0054806295920378,0.849127051511575,1.0935860100901027,1.1671748959156636,0.9719189973828635,1.0357644781761144
8.210288269134567,1.0044821098734162,0.8489563473547693,1.0950553401655017,1.1666458251690295,0.9725969048727083,1.0343783700632974
8.21552776388194,1.0034835901547947,0.8487856431979637,1.0965246702409008,1.1661167544223954,0.9732748123625532,1.03299226195048
8.220767258629316,1.0025221693724988,0.848785476390248,1.097918358399799,1.1654016625072035,0.9736908726501114,1.031749473105742
8.226006753376689,1.0015666801061858,0.8488125757284627,1.099299952647628,1.164656828835411,0.9740650678326527,1.0305295986788656
8.231246248124062,1.0006111908398727,0.8488396750666772,1.100681546895457,1.1639119951636188,0.9744392630151939,1.0293097242519893
8.236485742871436,0.9996557015735594,0.8488667744048918,1.102063141143286,1.1631671614918264,0.9748134581977351,1.028089849825113
8.24172523761881,0.998700212307246,0.8488938737431063,1.1034447353911154,1.1624223278200339,0.9751876533802765,1.0268699753982362
8.246964732366184,0.9977447230409329,0.8489209730813209,1.1048263296389444,1.1616774941482415,0.9755618485628177,1.02565010097136
8.252204227113557,0.9967892337746197,0.8489480724195355,1.1062079238867735,1.1609326604764492,0.9759360437453589,1.0244302265444836
8.25744372186093,0.9958337445083065,0.8489751717577501,1.1075895181346025,1.1601878268046568,0.9763102389279001,1.0232103521176072
8.262683216608306,0.9948782552419931,0.8490022710959646,1.108971112382432,1.1594429931328643,0.9766844341104415,1.0219904776907305
8.267922711355679,0.99392276597568,0.8490293704341791,1.1103527066302608,1.158698159461072,0.9770586292929827,1.0207706032638542
8.273162206103052,0.9930114456013932,0.8491110082216183,1.1114152914937012,1.1578314446477111,0.9775736357819772,1.0195982842423783
8.278401700850425,0.9921084068943613,0.8492028719682871,1.1124180620975685,1.1569418771203062,0.9781150443909317,1.0184348818594153
8.283641195597799,0.9912053681873295,0.8492947357149558,1.113420832701436,1.1560523095929012,0.9786564529998861,1.0172714794764521
8.288880690345174,0.9903023294802974,0.8493865994616246,1.1144236033053039,1.155162742065496,0.9791978616088407,1.0161080770934885
8.294120185092547,0.9893992907732656,0.8494784632082935,1.1154263739091712,1.154273174538091,0.9797392702177952,1.0149446747105253
8.29935967983992,0.9884962520662338,0.8495703269549623,1.1164291445130385,1.153383607010686,0.9802806788267496,1.0137812723275623
8.304599174587294,0.9875932133592019,0.849662190701631,1.117431915116906,1.152494039483281,0.9808220874357041,1.0126178699445991
8.309838669334669,0.9866901746521698,0.8497540544482998,1.1184346857207739,1.1516044719558758,0.9813634960446588,1.0114544675616355
8.315078164082042,0.985787135945138,0.8498459181949686,1.1194374563246412,1.1507149044284708,0.9819049046536132,1.0102910651786725
8.320317658829415,0.9848840972381062,0.8499377819416374,1.1204402269285088,1.149825336901066,0.9824463132625677,1.0091276627957093
8.325557153576788,0.9842842339042902,0.8501784247598333,1.1215986509421723,1.1488705407499742,0.9837868976360331,1.0081270904115651
8.330796648324162,0.9837499969469934,0.850451272803878,1.1227907682244196,1.1479016249882674,0.9853004743243772,1.0071617647649702
8.336036143071537,0.9832157599896965,0.8507241208479228,1.1239828855066671,1.1469327092265602,0.9868140510127218,1.0061964391183749
8.34127563781891,0.9826815230323996,0.8509969688919676,1.1251750027889147,1.1459637934648532,0.9883276277010657,1.00523111347178
8.346515132566283,0.9821472860751029,0.8512698169360123,1.126367120071162,1.1449948777031465,0.9898412043894098,1.004265787825185
8.351754627313657,0.9816130491178061,0.851542664980057,1.1275592373534093,1.1440259619414395,0.9913547810777539,1.00330046217859
8.356994122061032,0.9810788121605092,0.8518155130241019,1.1287513546356571,1.1430570461797323,0.9928683577660985,1.0023351365319948
8.362233616808405,0.9805445752032124,0.8520883610681467,1.1299434719179045,1.1420881304180255,0.9943819344544426,1.0013698108853997
8.367473111555778,0.9800103382459157,0.8523612091121914,1.1311355892001518,1.1411192146563185,0.9958955111427866,1.0004044852388048
8.372712606303152,0.9794761012886188,0.8526340571562361,1.132327706482399,1.1401502988946117,0.9974090878311307,0.9994391595922099
8.377952101050525,0.9787835584882373,0.8530458369061338,1.1333528207032078,1.1392116761439413,0.9987956097166447,0.998371282824824
8.3831915957979,0.9780519339328441,0.853491915420914,1.134336706043224,1.1382805319803702,1.0001507649477106,0.9972780887494926
8.388431090545273,0.977320309377451,0.853937993935694,1.1353205913832398,1.1373493878167993,1.001505920178776,0.9961848946741616
8.393670585292647,0.976588684822058,0.8543840724504741,1.1363044767232557,1.1364182436532284,1.0028610754098415,0.9950917005988307
8.39891008004002,0.975857060266665,0.8548301509652542,1.1372883620632719,1.1354870994896575,1.0042162306409068,0.9939985065234996
8.404149574787395,0.9751254357112716,0.8552762294800345,1.138272247403288,1.1345559553260864,1.0055713858719728,0.9929053124481683
8.409389069534768,0.9743938111558786,0.8557223079948145,1.139256132743304,1.1336248111625156,1.0069265411030381,0.9918121183728372
8.414628564282141,0.9736621866004856,0.8561683865095946,1.1402400180833199,1.1326936669989447,1.0082816963341037,0.9907189242975063
8.419868059029515,0.9729305620450925,0.8566144650243747,1.141223903423336,1.131762522835374,1.009636851565169,0.9896257302221753
8.42510755377689,0.9721989374896993,0.8570605435391548,1.1422077887633522,1.1308313786718027,1.0109920067962348,0.9885325361468439
8.430347048524263,0.9717538260075703,0.8574844661996182,1.1429898761374748,1.1297008929487906,1.011883204056086,0.9874225521208082
8.435586543271636,0.9713886075939474,0.85790221078532,1.1437156929249541,1.1285148215986265,1.0126450284201178,0.9863078862815952
8.44082603801901,0.9710233891803246,0.858319955371022,1.1444415097124334,1.1273287502484624,1.0134068527841498,0.9851932204423822
8.446065532766383,0.9706581707667018,0.8587376999567239,1.1451673264999127,1.1261426788982982,1.0141686771481817,0.9840785546031692
8.451305027513758,0.9702929523530788,0.859155444542426,1.1458931432873922,1.1249566075481336,1.0149305015122139,0.9829638887639558
8.456544522261131,0.969927733939456,0.8595731891281279,1.1466189600748717,1.1237705361979695,1.0156923258762458,0.9818492229247429
8.461784017008505,0.9695625155258331,0.8599909337138297,1.147344776862351,1.1225844648478054,1.0164541502402777,0.9807345570855298
8.467023511755878,0.9691972971122103,0.8604086782995317,1.1480705936498303,1.1213983934976413,1.0172159746043097,0.9796198912463169
8.472263006503253,0.9688320786985872,0.8608264228852337,1.1487964104373098,1.120212322147477,1.017977798968342,0.9785052254071035
8.477502501250626,0.9684668602849644,0.8612441674709357,1.1495222272247891,1.1190262507973128,1.0187396233323738,0.9773905595678906
8.482741995998,0.9682201209849683,0.8617401418201946,1.1500813428788328,1.1177448350899264,1.0191267489541203,0.9763963336089655
8.487981490745373,0.9680104064079805,0.8622605629705653,1.1505883644286778,1.1164336242709085,1.0193967812189026,0.9754397451126305
8.493220985492746,0.9678006918309927,0.8627809841209358,1.151095385978523,1.1151224134518904,1.019666813483685,0.9744831566162955
8.498460480240121,0.9675909772540049,0.8633014052713066,1.1516024075283682,1.113811202632872,1.0199368457484677,0.9735265681199602
8.503699974987494,0.9673812626770171,0.8638218264216772,1.152109429078213,1.1124999918138538,1.02020687801325,0.9725699796236251
8.508939469734868,0.9671715481000293,0.8643422475720478,1.152616450628058,1.1111887809948358,1.0204769102780324,0.9716133911272902
8.514178964482241,0.9669618335230415,0.8648626687224183,1.1531234721779031,1.1098775701758177,1.0207469425428148,0.9706568026309551
8.519418459229616,0.9667521189460536,0.8653830898727891,1.1536304937277484,1.1085663593567991,1.0210169748075972,0.9697002141346198
8.52465795397699,0.9665424043690659,0.8659035110231598,1.1541375152775935,1.107255148537781,1.0212870070723796,0.9687436256382848
8.529897448724363,0.9663326897920781,0.8664239321735303,1.1546445368274385,1.105943937718763,1.021557039337162,0.9677870371419497
8.535136943471736,0.9660763998190286,0.867196417950422,1.1550864731958437,1.1047359864698856,1.0222139745028807,0.9669791349200072
8.540376438219111,0.9658039028669442,0.8680566154047857,1.155505761680167,1.1035639667606176,1.0230055414212902,0.9662229715030051
8.545615932966484,0.9655314059148598,0.8689168128591492,1.1559250501644902,1.1023919470513501,1.0237971083396993,0.9654668080860032
8.550855427713858,0.9652589089627753,0.8697770103135127,1.1563443386488133,1.1012199273420824,1.0245886752581084,0.9647106446690012
8.55609492246123,0.9649864120106909,0.8706372077678762,1.1567636271331365,1.100047907632815,1.0253802421765175,0.9639544812519993
8.561334417208604,0.9647139150586065,0.8714974052222396,1.1571829156174596,1.0988758879235474,1.0261718090949268,0.9631983178349974
8.56657391195598,0.964441418106522,0.8723576026766034,1.1576022041017828,1.0977038682142795,1.026963376013336,0.9624421544179952
8.571813406703352,0.9641689211544376,0.873217800130967,1.158021492586106,1.096531848505012,1.0277549429317454,0.9616859910009933
8.577052901450726,0.9638964242023532,0.8740779975853304,1.1584407810704291,1.0953598287957442,1.0285465098501545,0.9609298275839914
8.582292396198099,0.9636239272502688,0.8749381950396938,1.1588600695547524,1.0941878090864767,1.0293380767685636,0.9601736641669895
8.587531890945474,0.9632547395757042,0.8757807448933222,1.1592735645146168,1.0929694734280004,1.0300123267274646,0.9593824811117759
8.592771385692847,0.9628482856851838,0.8766164930675001,1.1596848265535962,1.0917332868307672,1.0306413607748883,0.9585778009043353
8.59801088044022,0.9624418317946634,0.8774522412416781,1.1600960885925753,1.0904971002335337,1.0312703948223119,0.9577731206968948
8.603250375187594,0.962035377904143,0.878287989415856,1.1605073506315546,1.0892609136363005,1.0318994288697356,0.9569684404894542
8.608489869934967,0.9616289240136225,0.8791237375900339,1.1609186126705338,1.0880247270390673,1.0325284629171592,0.9561637602820136
8.613729364682342,0.961222470123102,0.8799594857642121,1.161329874709513,1.0867885404418336,1.033157496964583,0.9553590800745727
8.618968859429716,0.9608160162325816,0.88079523393839,1.1617411367484922,1.0855523538446004,1.0337865310120067,0.9545543998671321
8.624208354177089,0.9604095623420612,0.881630982112568,1.1621523987874716,1.0843161672473671,1.0344155650594302,0.9537497196596916
8.629447848924462,0.9600031084515408,0.8824667302867458,1.1625636608264507,1.0830799806501337,1.0350445991068538,0.952945039452251
8.634687343671837,0.9595966545610203,0.883302478460924,1.16297492286543,1.0818437940529,1.0356736331542777,0.9521403592448101
8.63992683841921,0.9593050216592927,0.8842924390291779,1.163248383862601,1.0805635834978526,1.0365524386394203,0.9513495829142965
8.645166333166584,0.9590621876778019,0.8853479398649138,1.1634632794170034,1.079264662760734,1.0375373969855932,0.9505647157314769
8.650405827913957,0.9588193536963111,0.8864034407006498,1.163678174971406,1.0779657420236157,1.0385223553317662,0.9497798485486574
8.65564532266133,0.9585765197148204,0.8874589415363857,1.1638930705258086,1.0766668212864972,1.0395073136779394,0.9489949813658378
8.660884817408705,0.9583336857333296,0.8885144423721221,1.164107966080211,1.0753679005493784,1.0404922720241125,0.948210114183018
8.666124312156079,0.9580908517518388,0.889569943207858,1.1643228616346135,1.07406897981226,1.0414772303702857,0.9474252470001985
8.671363806903452,0.9578480177703481,0.890625444043594,1.164537757189016,1.0727700590751414,1.0424621887164587,0.9466403798173788
8.676603301650825,0.9576051837888573,0.8916809448793299,1.1647526527434184,1.071471138338023,1.0434471470626316,0.9458555126345592
8.6818427963982,0.9573623498073665,0.8927364457150663,1.164967548297821,1.070172217600904,1.044432105408805,0.9450706454517395
8.687082291145574,0.9571195158258757,0.8937919465508023,1.1651824438522236,1.0688732968637857,1.045417063754978,0.9442857782689199
8.692321785892947,0.9569860402890059,0.8948354987715208,1.1653049529612194,1.067585061337737,1.0458473276279716,0.9435952107648641
8.69756128064032,0.9569036254964995,0.8958734720433157,1.1653843257519556,1.066301814862445,1.0460185981256205,0.9429486728902312
8.702800775387695,0.9568212107039932,0.8969114453151109,1.1654636985426918,1.0650185683871527,1.0461898686232693,0.9423021350155981
8.708040270135069,0.9567387959114868,0.8979494185869058,1.1655430713334278,1.063735321911861,1.0463611391209182,0.9416555971409651
8.713279764882442,0.9566563811189803,0.8989873918587007,1.165622444124164,1.0624520754365692,1.0465324096185669,0.9410090592663323
8.718519259629815,0.956573966326474,0.9000253651304956,1.1657018169149003,1.0611688289612773,1.0467036801162157,0.9403625213916993
8.723758754377188,0.9564915515339676,0.9010633384022905,1.1657811897056365,1.0598855824859854,1.0468749506138646,0.9397159835170664
8.728998249124563,0.9564091367414612,0.9021013116740857,1.1658605624963727,1.058602336010693,1.0470462211115135,0.9390694456424332
8.734237743871937,0.9563267219489548,0.9031392849458806,1.1659399352871087,1.0573190895354012,1.0472174916091623,0.9384229077678004
8.73947723861931,0.9562443071564485,0.9041772582176755,1.166019308077845,1.0560358430601093,1.0473887621068112,0.9377763698931674
8.744716733366683,0.9560193734046163,0.9052875123644794,1.1660541820285082,1.054818537347373,1.04775297141335,0.9373408809995578
8.749956228114058,0.9557215606394924,0.9064347283223677,1.166066300890498,1.0536349513427619,1.048215842610799,0.9370133148803351
8.755195722861432,0.9554237478743686,0.9075819442802557,1.1660784197524876,1.0524513653381509,1.0486787138082476,0.9366857487611124
8.760435217608805,0.9551259351092448,0.9087291602381438,1.166090538614477,1.0512677793335399,1.0491415850056964,0.9363581826418899
8.765674712356178,0.954828122344121,0.9098763761960318,1.1661026574764668,1.0500841933289289,1.049604456203145,0.9360306165226672
8.770914207103552,0.9545303095789972,0.9110235921539197,1.1661147763384565,1.0489006073243181,1.0500673274005938,0.9357030504034446
8.776153701850927,0.9542324968138733,0.9121708081118081,1.166126895200446,1.0477170213197067,1.0505301985980426,0.9353754842842219
8.7813931965983,0.9539346840487495,0.9133180240696961,1.1661390140624357,1.0465334353150957,1.0509930697954915,0.9350479181649992
8.786632691345673,0.9536368712836257,0.9144652400275841,1.1661511329244254,1.0453498493104847,1.05145594099294,0.9347203520457766
8.791872186093046,0.953339058518502,0.9156124559854721,1.166163251786415,1.044166263305874,1.0519188121903889,0.9343927859265541
8.797111680840421,0.9531073019252962,0.9169696953844491,1.1660389995597857,1.043031812289281,1.0524330055847075,0.9341510900716979
8.802351175587795,0.9529124438968729,0.9184442525649711,1.1658385712953738,1.0419248077699017,1.0529758672374339,0.9339573608098278
8.807590670335168,0.9527175858684497,0.919918809745493,1.1656381430309617,1.0408178032505226,1.0535187288901602,0.9337636315479578
8.812830165082541,0.9525227278400263,0.9213933669260149,1.1654377147665496,1.0397107987311434,1.0540615905428865,0.9335699022860877
8.818069659829915,0.952327869811603,0.922867924106537,1.1652372865021374,1.0386037942117643,1.0546044521956128,0.9333761730242177
8.82330915457729,0.9521330117831797,0.9243424812870593,1.1650368582377253,1.0374967896923848,1.0551473138483392,0.9331824437623475
8.828548649324663,0.9519381537547564,0.9258170384675813,1.1648364299733132,1.0363897851730055,1.0556901755010655,0.9329887145004775
8.833788144072036,0.9517432957263331,0.9272915956481033,1.164636001708901,1.0352827806536264,1.0562330371537918,0.9327949852386074
8.83902763881941,0.9515484376979098,0.9287661528286252,1.1644355734444891,1.0341757761342472,1.0567758988065181,0.9326012559767374
8.844267133566785,0.9513535796694864,0.9302407100091477,1.164235145180077,1.0330687716148677,1.0573187604592447,0.9324075267148673
8.849506628314158,0.9513782336337403,0.9316433521749761,1.16394867391304,1.03201833528213,1.0577004389595948,0.9322073894555195
8.854746123061531,0.9515365420774061,0.933002207376213,1.1636098135597277,1.0310023416759355,1.0579839777179738,0.9320033505525464
8.859985617808904,0.951694850521072,0.9343610625774499,1.1632709532064156,1.0299863480697413,1.058267516476353,0.9317993116495732
8.86522511255628,0.951853158964738,0.9357199177786871,1.162932092853103,1.0289703544635467,1.0585510552347324,0.9315952727465999
8.870464607303653,0.9520114674084038,0.937078772979924,1.1625932324997907,1.0279543608573525,1.0588345939931114,0.9313912338436268
8.875704102051026,0.9521697758520697,0.9384376281811609,1.1622543721464786,1.0269383672511583,1.0591181327514907,0.9311871949406535
8.8809435967984,0.9523280842957356,0.9397964833823977,1.1619155117931663,1.0259223736449639,1.05940167150987,0.9309831560376803
8.886183091545773,0.9524863927394015,0.9411553385836346,1.161576651439854,1.0249063800387697,1.059685210268249,0.9307791171347072
8.891422586293148,0.9526447011830674,0.942514193784872,1.1612377910865417,1.023890386432575,1.0599687490266283,0.9305750782317339
8.896662081040521,0.9528030096267334,0.9438730489861088,1.1608989307332294,1.0228743928263808,1.0602522877850076,0.9303710393287608
8.901901575787894,0.9529452768398539,0.9451874603041054,1.1603963250961948,1.0217427690509862,1.0602873648273858,0.9301286741144069
8.907141070535268,0.9530769167377381,0.9464724275494553,1.1597852382086942,1.0205345402884962,1.0601578359829136,0.9298609177187634
8.912380565282643,0.9532085566356223,0.9477573947948055,1.1591741513211933,1.019326311526006,1.0600283071384413,0.92959316132312
8.917620060030016,0.9533401965335065,0.9490423620401554,1.1585630644336928,1.0181180827635161,1.059898778293969,0.9293254049274765
8.92285955477739,0.9534718364313908,0.9503273292855052,1.1579519775461922,1.0169098540010264,1.0597692494494968,0.9290576485318331
8.928099049524763,0.9536034763292751,0.951612296530855,1.1573408906586915,1.0157016252385365,1.0596397206050245,0.9287898921361897
8.933338544272136,0.9537351162271593,0.9528972637762049,1.156729803771191,1.0144933964760465,1.0595101917605523,0.9285221357405462
8.93857803901951,0.9538667561250436,0.9541822310215551,1.1561187168836902,1.0132851677135564,1.05938066291608,0.9282543793449027
8.943817533766884,0.9539983960229278,0.955467198266905,1.1555076299961895,1.0120769389510664,1.0592511340716078,0.9279866229492593
8.949057028514257,0.954130035920812,0.9567521655122548,1.154896543108689,1.0108687101885765,1.0591216052271355,0.9277188665536159
8.95429652326163,0.954262377377443,0.957939098582699,1.154186603617242,1.009568273348877,1.058938262000558,0.927549714989936
8.959536018009006,0.9543952238354133,0.9590554639496556,1.1534055072945057,1.0082014625915308,1.0587161816972064,0.9274515419044367
8.964775512756379,0.9545280702933835,0.9601718293166117,1.1526244109717696,1.0068346518341849,1.0584941013938547,0.9273533688189374
8.970015007503752,0.9546609167513538,0.9612881946835677,1.1518433146490337,1.005467841076839,1.058272021090503,0.9272551957334382
8.975254502251126,0.954793763209324,0.9624045600505239,1.1510622183262975,1.004101030319493,1.0580499407871513,0.9271570226479389
8.980493996998499,0.9549266096672941,0.96352092541748,1.1502811220035616,1.002734219562147,1.0578278604837996,0.9270588495624396
8.985733491745874,0.9550594561252644,0.9646372907844365,1.1495000256808252,1.0013674088048006,1.057605780180448,0.9269606764769402
8.990972986493247,0.9551923025832347,0.9657536561513926,1.148718929358089,1.0000005980474547,1.0573836998770962,0.926862503391441
8.99621248124062,0.9553251490412049,0.9668700215183488,1.1479378330353531,0.9986337872901088,1.0571616195737445,0.9267643303059417
9.001451975987994,0.9554579954991751,0.9679863868853049,1.147156736712617,0.9972669765327629,1.0569395392703929,0.9266661572204425
9.006691470735369,0.9558481317334276,0.969264968269846,1.1462659724838358,0.9959557844841942,1.0569317373942548,0.9266232947189309
9.011930965482742,0.9564392756054002,0.9706702809181246,1.1452895302034571,0.9946880445518586,1.0570913405393774,0.9266236436111596
9.017170460230115,0.9570304194773729,0.9720755935664032,1.1443130879230785,0.993420304619523,1.0572509436845,0.9266239925033882
9.022409954977489,0.9576215633493456,0.9734809062146818,1.1433366456426999,0.9921525646871874,1.0574105468296227,0.926624341395617
9.027649449724864,0.9582127072213185,0.9748862188629608,1.1423602033623208,0.9908848247548514,1.0575701499747452,0.9266246902878457
9.032888944472237,0.9588038510932911,0.9762915315112394,1.1413837610819422,0.9896170848225158,1.0577297531198677,0.9266250391800743
9.03812843921961,0.9593949949652638,0.9776968441595179,1.1404073188015635,0.9883493448901802,1.0578893562649903,0.9266253880723031
9.043367933966984,0.9599861388372365,0.9791021568077964,1.139430876521185,0.9870816049578446,1.0580489594101128,0.9266257369645318
9.048607428714357,0.9605772827092092,0.980507469456075,1.1384544342408063,0.9858138650255089,1.0582085625552355,0.9266260858567604
9.053846923461732,0.961168426581182,0.9819127821043541,1.1374779919604274,0.984546125093173,1.058368165700358,0.9266264347489892
9.059086418209105,0.9616602842079621,0.9833332574950169,1.1363971240014439,0.9832444192400057,1.0585777340602593,0.9264732079070258
9.064325912956479,0.9620680243214541,0.9847665790979773,1.1352277842869758,0.9819139367039117,1.0588296340604595,0.926189868290261
9.069565407703852,0.9624757644349461,0.9861999007009378,1.1340584445725077,0.9805834541678177,1.0590815340606596,0.9259065286734961
9.074804902451227,0.9628835045484383,0.9876332223038987,1.1328891048580394,0.9792529716317232,1.0593334340608598,0.9256231890567311
9.0800443971986,0.9632912446619303,0.9890665439068591,1.1317197651435713,0.9779224890956292,1.0595853340610597,0.9253398494399663
9.085283891945974,0.9636989847754224,0.9904998655098196,1.1305504254291032,0.9765920065595352,1.0598372340612598,0.9250565098232014
9.090523386693347,0.9641067248889144,0.99193318711278,1.1293810857146351,0.9752615240234411,1.06008913406146,0.9247731702064365
9.09576288144072,0.9645144650024063,0.9933665087157405,1.128211746000167,0.9739310414873471,1.06034103406166,0.9244898305896716
9.101002376188095,0.9649222051158985,0.9947998303187015,1.1270424062856985,0.9726005589512526,1.06059293406186,0.9242064909729066
9.106241870935468,0.9653299452293905,0.996233151921662,1.1258730665712304,0.9712700764151586,1.0608448340620602,0.9239231513561418
9.111481365682842,0.9657538355746045,0.9975470421402548,1.1245368864723895,0.9699520973054989,1.0613070614206823,0.9236874691340069
9.116720860430215,0.9661925561806785,0.9987512621933949,1.1230475019821289,0.9686455997076131,1.0619624259209324,0.9234955492309793
9.12196035517759,0.9666312767867526,0.9999554822465354,1.1215581174918678,0.967339102109727,1.0626177904211827,0.9233036293279516
9.127199849924963,0.9670699973928266,1.0011597022996754,1.1200687330016073,0.9660326045118411,1.0632731549214327,0.923111709424924
9.132439344672337,0.9675087179989006,1.0023639223528156,1.1185793485113467,0.9647261069139554,1.0639285194216828,0.9229197895218965
9.13767883941971,0.9679474386049746,1.0035681424059555,1.117089964021086,0.9634196093160696,1.0645838839219328,0.9227278696188689
9.142918334167083,0.9683861592110485,1.0047723624590956,1.1156005795308255,0.9621131117181839,1.0652392484221829,0.9225359497158413
9.148157828914458,0.9688248798171227,1.0059765825122362,1.1141111950405644,0.9608066141202977,1.0658946129224331,0.9223440298128137
9.153397323661832,0.9692636004231967,1.0071808025653761,1.1126218105503038,0.9595001165224119,1.0665499774226832,0.9221521099097861
9.158636818409205,0.9697023210292707,1.0083850226185163,1.1111324260600433,0.9581936189245261,1.0672053419229333,0.9219601900067586
9.163876313156578,0.9700246083115732,1.009391528072582,1.1095917939090174,0.9567961661540066,1.0676352940741518,0.9216591376404578
9.169115807903953,0.9702310444367233,1.0102013075005691,1.1080001703355296,0.9553082129867161,1.067840960938084,0.9212494984732001
9.174355302651326,0.9704374805618733,1.0110110869285558,1.1064085467620424,0.953820259819426,1.0680466278020158,0.9208398593059427
9.1795947973987,0.9706439166870232,1.0118208663565424,1.104816923188555,0.952332306652136,1.0682522946659478,0.9204302201386851
9.184834292146073,0.9708503528121732,1.012630645784529,1.1032252996150678,0.9508443534848459,1.0684579615298797,0.9200205809714277
9.190073786893448,0.9710567889373233,1.0134404252125162,1.10163367604158,0.9493564003175553,1.0686636283938118,0.91961094180417
9.195313281640821,0.9712632250624733,1.0142502046405029,1.1000420524680927,0.9478684471502653,1.0688692952577437,0.9192013026369126
9.200552776388195,0.9714696611876232,1.0150599840684895,1.0984504288946053,0.9463804939829752,1.0690749621216757,0.918791663469655
9.205792271135568,0.9716760973127733,1.0158697634964762,1.0968588053211181,0.9448925408156852,1.0692806289856076,0.9183820243023976
9.211031765882941,0.9718825334379232,1.016679542924463,1.095267181747631,0.9434045876483951,1.0694862958495395,0.91797238513514
9.216271260630316,0.9718750243334513,1.0173118985228207,1.093547814056935,0.9419484177498583,1.0692903255890804,0.9176180732874978
9.22151075537769,0.9716368555282935,1.0177529690548595,1.0916907222398748,0.940526514187947,1.068661340303888,0.9173234112063159
9.226750250125063,0.9713986867231357,1.018194039586898,1.0898336304228147,0.9391046106260357,1.0680323550186954,0.917028749125134
9.231989744872436,0.9711605179179779,1.0186351101189368,1.0879765386057545,0.9376827070641244,1.067403369733503,0.9167340870439521
9.237229239619811,0.9709223491128199,1.0190761806509756,1.0861194467886937,0.9362608035022126,1.0667743844483102,0.9164394249627702
9.242468734367185,0.9706841803076621,1.0195172511830142,1.0842623549716337,0.9348388999403013,1.0661453991631178,0.9161447628815883
9.247708229114558,0.9704460115025043,1.019958321715053,1.0824052631545735,0.9334169963783902,1.0655164138779252,0.9158501008004064
9.252947723861931,0.9702078426973465,1.0203993922470918,1.0805481713375134,0.9319950928164789,1.0648874285927326,0.9155554387192245
9.258187218609304,0.9699696738921887,1.0208404627791303,1.0786910795204532,0.9305731892545676,1.0642584433075402,0.9152607766380426
9.26342671335668,0.9697315050870308,1.021281533311169,1.0768339877033923,0.9291512856926558,1.0636294580223473,0.9149661145568606
9.268666208104053,0.9693069287381103,1.0214717625099263,1.0749556408362586,0.927667431447764,1.0625437685528338,0.9146362031274106
9.273905702851426,0.9686645392266414,1.021368889063817,1.07305245790518,0.9261111891765633,1.0609244301722938,0.9142651036007995
9.2791451975988,0.9680221497151724,1.0212660156177076,1.0711492749741014,0.9245549469053627,1.0593050917917535,0.9138940040741884
9.284384692346174,0.9673797602037032,1.021163142171598,1.069246092043022,0.9229987046341614,1.0576857534112127,0.9135229045475772
9.289624187093548,0.9667373706922343,1.0210602687254888,1.0673429091119433,0.9214424623629608,1.0560664150306727,0.9131518050209662
9.294863681840921,0.9660949811807653,1.0209573952793793,1.0654397261808648,0.9198862200917601,1.0544470766501326,0.912780705494355
9.300103176588294,0.9654525916692963,1.02085452183327,1.063536543249786,0.9183299778205596,1.0528277382695923,0.9124096059677439
9.30534267133567,0.9648102021578272,1.0207516483871606,1.0616333603187067,0.9167737355493584,1.0512083998890516,0.9120385064411327
9.310582166083043,0.9641678126463582,1.020648774941051,1.0597301773876282,0.9152174932781577,1.0495890615085115,0.9116674069145216
9.315821660830416,0.9635254231348892,1.0205459014949418,1.0578269944565495,0.913661251006957,1.0479697231279714,0.9112963073879106
9.32106115557779,0.9628109123130214,1.020132684792061,1.0558589500992266,0.9120619351666737,1.0460661664678914,0.9108523324285716
9.326300650325162,0.962005020512637,1.0193262490763397,1.0538087233666058,0.9104080431564731,1.043802492328622,0.9103160209834469
9.331540145072537,0.9611991287122524,1.018519813360618,1.0517584966339844,0.9087541511462719,1.0415388181893517,0.909779709538322
9.33677963981991,0.960393236911868,1.0177133776448966,1.0497082699013636,0.9071002591360713,1.0392751440500823,0.9092433980931973
9.342019134567284,0.9595873451114836,1.0169069419291752,1.0476580431687428,0.9054463671258707,1.0370114699108128,0.9087070866480726
9.347258629314657,0.9587814533110992,1.0161005062134536,1.045607816436122,0.9037924751156701,1.0347477957715434,0.908170775202948
9.352498124062032,0.9579755615107145,1.015294070497732,1.0435575897035005,0.9021385831054689,1.032484121632273,0.9076344637578231
9.357737618809406,0.9571696697103301,1.0144876347820106,1.0415073629708798,0.9004846910952683,1.0302204474930037,0.9070981523126983
9.362977113556779,0.9563637779099458,1.013681199066289,1.039457136238259,0.8988307990850677,1.0279567733537343,0.9065618408675736
9.368216608304152,0.9555578861095614,1.0128747633505677,1.0374069095056382,0.8971769070748671,1.0256930992144648,0.906025529422449
9.373456103051526,0.9546048758122782,1.0119609661486486,1.0352529959401573,0.8954840746040839,1.0234240300420787,0.9054447900607847
9.3786955977989,0.9534495775817587,1.0108995469032076,1.0329565129794929,0.8937376989999988,1.0211475426991568,0.9048029623138785
9.383935092546274,0.9522942793512398,1.0098381276577666,1.0306600300188296,0.8919913233959142,1.0188710553562355,0.9041611345669726
9.389174587293647,0.9511389811207207,1.0087767084123258,1.028363547058166,0.8902449477918298,1.0165945680133142,0.9035193068200665
9.39441408204102,0.9499836828902016,1.007715289166885,1.0260670640975025,0.8884985721877453,1.0143180806703929,0.9028774790731605
9.399653576788396,0.9488283846596822,1.0066538699214438,1.023770581136838,0.8867521965836602,1.012041593327471,0.9022356513262543
9.404893071535769,0.9476730864291633,1.005592450676003,1.0214740981761745,0.8850058209795757,1.0097651059845496,0.9015938235793483
9.410132566283142,0.9465177881986442,1.0045310314305622,1.019177615215511,0.8832594453754913,1.0074886186416283,0.9009519958324422
9.415372061030515,0.9453624899681252,1.0034696121851214,1.0168811322548477,0.8815130697714068,1.005212131298707,0.9003101680855362
9.420611555777889,0.9442071917376061,1.0024081929396806,1.0145846492941841,0.8797666941673223,1.0029356439557857,0.8996683403386302
9.425851050525264,0.9430089861231383,1.001325854130215,1.012285411862491,0.8780293053955616,1.0007825234219827,0.8989334021926015
9.431090545272637,0.941746687603898,1.0002122667219882,1.0099820599397,0.8763053407045858,0.9988136820593014,0.898059380387884
9.43633004002001,0.9404843890846578,0.9990986793137614,1.0076787080169087,0.87458137601361,0.9968448406966203,0.8971853585831665
9.441569534767384,0.9392220905654175,0.9979850919055346,1.0053753560941177,0.8728574113226342,0.9948759993339391,0.896311336778449
9.446809029514759,0.9379597920461767,0.9968715044973075,1.0030720041713257,0.8711334466316578,0.9929071579712573,0.8954373149737312
9.452048524262132,0.9366974935269364,0.9957579170890808,1.0007686522485346,0.8694094819406821,0.990938316608576,0.8945632931690137
9.457288019009505,0.9354351950076962,0.994644329680854,0.9984653003257434,0.8676855172497063,0.9889694752458948,0.8936892713642962
9.462527513756879,0.9341728964884559,0.9935307422726274,0.9961619484029522,0.8659615525587305,0.9870006338832137,0.8928152495595787
9.467767008504254,0.9329105979692152,0.9924171548644002,0.9938585964801603,0.8642375878677542,0.9850317925205319,0.891941227754861
9.473006503251627,0.9316482994499748,0.9913035674561735,0.9915552445573691,0.8625136231767785,0.9830629511578507,0.8910672059501434
9.478245997999,0.9303404097622227,0.9901687888165734,0.989199551143667,0.860744147152111,0.981006584281384,0.89016956998529
9.483485492746373,0.9289584344256383,0.988999574425992,0.9867588028072346,0.8589007152101946,0.9788079884450159,0.8892335610102156
9.488724987493747,0.9275764590890541,0.9878303600354104,0.9843180544708021,0.8570572832682782,0.976609392608648,0.8882975520351412
9.493964482241122,0.9261944837524694,0.9866611456448284,0.9818773061343689,0.8552138513263612,0.9744107967722792,0.8873615430600664
9.499203976988495,0.924812508415885,0.9854919312542468,0.9794365577979365,0.8533704193844447,0.9722122009359112,0.886425534084992
9.504443471735868,0.9234305330793008,0.9843227168636652,0.976995809461504,0.8515269874425283,0.9700136050995432,0.8854895251099176
9.509682966483242,0.9220485577427165,0.9831535024730838,0.9745550611250716,0.8496835555006119,0.9678150092631752,0.8845535161348432
9.514922461230617,0.9206665824061319,0.9819842880825017,0.9721143127886384,0.8478401235586949,0.9656164134268064,0.8836175071597686
9.52016195597799,0.9192846070695475,0.9808150736919202,0.9696735644522059,0.8459966916167785,0.9634178175904384,0.8826814981846942
9.525401450725363,0.9179026317329633,0.9796458593013386,0.9672328161157735,0.8441532596748621,0.9612192217540704,0.8817454892096198
9.530640945472737,0.916611011555609,0.978516789261374,0.9647863973359814,0.8423595364770359,0.9590977407415143,0.880753408229956
9.53588044022011,0.9154793953060577,0.9774588081756266,0.9623299371460734,0.8406538391802028,0.9571128172294584,0.8796620330754984
9.541119934967485,0.9143477790565061,0.9764008270898789,0.9598734769561645,0.8389481418833692,0.9551278937174019,0.8785706579210405
9.546359429714858,0.9132161628069548,0.9753428460041316,0.9574170167662565,0.8372424445865361,0.953142970205346,0.8774792827665829
9.551598924462231,0.9120845465574036,0.9742848649183843,0.9549605565763485,0.8355367472897031,0.9511580466932902,0.8763879076121254
9.556838419209605,0.9109529303078523,0.9732268838326369,0.9525040963864405,0.8338310499928699,0.9491731231812343,0.8752965324576678
9.56207791395698,0.9098213140583007,0.9721689027468893,0.9500476361965317,0.8321253526960364,0.9471881996691778,0.8742051573032099
9.567317408704353,0.9086896978087494,0.9711109216611419,0.9475911760066236,0.8304196553992033,0.9452032761571219,0.8731137821487523
9.572556903451726,0.9075580815591981,0.9700529405753946,0.9451347158167156,0.8287139581023703,0.943218352645066,0.8720224069942948
9.5777963981991,0.9064264653096469,0.9689949594896472,0.9426782556268075,0.8270082608055371,0.9412334291330102,0.8709310318398372
9.583035892946473,0.9052305558683762,0.9677645142826359,0.9401796007446599,0.8253256144360841,0.9392238002864585,0.8698800659068823
9.588275387693848,0.9039103147401771,0.9662005538999441,0.9375993487738421,0.8236875444923726,0.9371663956827561,0.8689072442772736
9.593514882441221,0.9025900736119785,0.9646365935172528,0.9350190968030252,0.8220494745486617,0.9351089910790542,0.8679344226476654
9.598754377188595,0.9012698324837798,0.9630726331345615,0.9324388448322082,0.8204114046049509,0.9330515864753525,0.8669616010180572
9.603993871935968,0.8999495913555812,0.9615086727518702,0.9298585928613913,0.8187733346612399,0.9309941818716507,0.865988779388449
9.609233366683343,0.8986293502273821,0.9599447123691784,0.9272783408905735,0.8171352647175285,0.9289367772679483,0.8650159577588404
9.614472861430716,0.8973091090991834,0.9583807519864871,0.9246980889197566,0.8154971947738177,0.9268793726642465,0.8640431361292321
9.61971235617809,0.8959888679709848,0.9568167916037958,0.9221178369489396,0.8138591248301067,0.9248219680605447,0.8630703144996239
9.624951850925463,0.8946686268427861,0.9552528312211046,0.9195375849781227,0.8122210548863958,0.922764563456843,0.8620974928700157
9.630191345672838,0.893348385714587,0.9536888708384128,0.9169573330073049,0.8105829849426844,0.9207071588531405,0.8611246712404071
9.635430840420211,0.892074103275122,0.9521475421573732,0.9143806755234111,0.8089569197608655,0.9186072254769382,0.8600751131395596
9.640670335167584,0.8908971239969603,0.9506541290321744,0.9118116282423,0.8073562709108646,0.9164172507152075,0.8588630895410104
9.645909829914958,0.8897201447187987,0.9491607159069756,0.9092425809611889,0.8057556220608637,0.9142272759534769,0.8576510659424612
9.651149324662331,0.8885431654406369,0.9476673027817767,0.9066735336800777,0.8041549732108627,0.9120373011917462,0.8564390423439121
9.656388819409706,0.8873661861624748,0.9461738896565773,0.9041044863989658,0.8025543243608613,0.9098473264300148,0.8552270187453626
9.66162831415708,0.8861892068843131,0.9446804765313785,0.9015354391178547,0.8009536755108604,0.9076573516682841,0.8540149951468133
9.666867808904453,0.8850122276061514,0.9431870634061797,0.8989663918367435,0.7993530266608595,0.9054673769065533,0.8528029715482642
9.672107303651826,0.8838352483279897,0.9416936502809808,0.8963973445556325,0.7977523778108586,0.9032774021448227,0.851590947949715
9.677346798399201,0.8826582690498276,0.9402002371557815,0.8938282972745205,0.7961517289608571,0.9010874273830912,0.8503789243511655
9.682586293146574,0.8814812897716658,0.9387068240305827,0.8912592499934093,0.7945510801108562,0.8988974526213606,0.8491669007526162
9.687825787893948,0.8802901358934768,0.9371896943070847,0.8887690050496739,0.7929352361107337,0.896788061481155,0.8479936952406913
9.69306528264132,0.8790660260702243,0.9356174234925412,0.8864619755403367,0.7912840633865782,0.8948660272609951,0.8469107417801677
9.698304777388694,0.8778419162469719,0.9340451526779977,0.8841549460309994,0.7896328906624228,0.8929439930408352,0.845827788319644
9.70354427213607,0.876617806423719,0.9324728818634537,0.8818479165216613,0.7879817179382669,0.8910219588206746,0.84474483485912
9.708783766883442,0.8753936966004666,0.9309006110489101,0.879540887012324,0.7863305452141115,0.8890999246005147,0.8436618813985964
9.714023261630816,0.8741695867772141,0.9293283402343666,0.8772338575029868,0.7846793724899561,0.8871778903803547,0.8425789279380728
9.719262756378189,0.8729454769539616,0.9277560694198231,0.8749268279936495,0.7830281997658007,0.8852558561601948,0.8414959744775491
9.724502251125564,0.8717213671307088,0.9261837986052791,0.8726197984843115,0.7813770270416448,0.8833338219400342,0.8404130210170251
9.729741745872937,0.8704972573074563,0.9246115277907356,0.8703127689749741,0.7797258543174894,0.8814117877198743,0.8393300675565014
9.73498124062031,0.8692731474842038,0.923039256976192,0.8680057394656369,0.778074681593334,0.8794897534997144,0.8382471140959777
9.740220735367684,0.8680018197891157,0.9214918534578421,0.8656434074265704,0.7764849288509224,0.8776116148929611,0.8372011011282177
9.745460230115057,0.8666094962974487,0.9200081723859882,0.8631393626550727,0.775052564811729,0.8758459587955626,0.8362497481731641
9.750699724862432,0.8652171728057811,0.9185244913141336,0.8606353178835742,0.7736202007725351,0.8740803026981634,0.8352983952181103
9.755939219609806,0.8638248493141141,0.9170408102422797,0.8581312731120765,0.7721878367333418,0.8723146466007649,0.8343470422630568
9.761178714357179,0.862432525822447,0.9155571291704256,0.8556272283405788,0.7707554726941483,0.8705489905033662,0.8333956893080033
9.766418209104552,0.8610402023307799,0.9140734480985717,0.8531231835690812,0.769323108654955,0.8687833344059677,0.8324443363529498
9.771657703851927,0.8596478788391124,0.9125897670267172,0.8506191387975827,0.7678907446157611,0.8670176783085686,0.8314929833978959
9.7768971985993,0.8582555553474455,0.9111060859548632,0.848115094026085,0.7664583805765678,0.8652520222111699,0.8305416304428425
9.782136693346674,0.8568632318557784,0.9096224048830093,0.8456110492545873,0.7650260165373743,0.8634863661137714,0.8295902774877889
9.787376188094047,0.8554709083641113,0.9081387238111552,0.8431070044830896,0.763593652498181,0.8617207100163728,0.8286389245327354
9.792615682841422,0.8541293689226508,0.9066236668954307,0.8406062821246552,0.7621881318035663,0.8599147780441792,0.8276900704154633
9.797855177588795,0.8529318803928353,0.9050196111918063,0.8381149839186627,0.760858753288287,0.8579946020040592,0.8267483043476687
9.803094672336169,0.8517343918630198,0.903415555488182,0.8356236857126701,0.7595293747730077,0.8560744259639393,0.8258065382798739
9.808334167083542,0.8505369033332043,0.9018114997845575,0.8331323875066776,0.7581999962577285,0.8541542499238194,0.8248647722120792
9.813573661830915,0.8493394148033887,0.9002074440809331,0.8306410893006851,0.7568706177424492,0.8522340738836995,0.8239230061442846
9.81881315657829,0.8481419262735729,0.8986033883773081,0.8281497910946918,0.7555412392271695,0.8503138978435789,0.8229812400764895
9.824052651325664,0.8469444377437574,0.8969993326736837,0.8256584928886992,0.7542118607118903,0.8483937218034591,0.8220394740086949
9.829292146073037,0.8457469492139419,0.8953952769700594,0.8231671946827067,0.752882482196611,0.8464735457633391,0.8210977079409002
9.83453164082041,0.8445494606841263,0.893791221266435,0.8206758964767142,0.7515531036813318,0.8445533697232193,0.8201559418731056
9.839771135567785,0.8433519721543105,0.89218716556281,0.8181845982707209,0.7502237251660521,0.8426331936830986,0.8192141758053105
9.845010630315159,0.842124556126704,0.8905914337410226,0.8156914312509835,0.748910808893846,0.8406828139484458,0.8182897746901799
9.850250125062532,0.8408026814341953,0.8890219741712834,0.8131923657878642,0.7476498515763395,0.8386371038029231,0.8174201817068948
9.855489619809905,0.8394808067416866,0.8874525146015441,0.8106933003247448,0.746388894258833,0.8365913936574005,0.8165505887236097
9.860729114557278,0.8381589320491778,0.8858830550318048,0.8081942348616256,0.7451279369413266,0.834545683511878,0.8156809957403247
9.865968609304653,0.8368370573566686,0.8843135954620649,0.8056951693985054,0.7438669796238196,0.8324999733663547,0.8148114027570393
9.871208104052027,0.8355151826641599,0.8827441358923256,0.803196103935386,0.7426060223063132,0.830454263220832,0.8139418097737543
9.8764475987994,0.8341933079716511,0.8811746763225863,0.8006970384722667,0.7413450649888068,0.8284085530753095,0.8130722167904693
9.881687093546773,0.8328714332791424,0.879605216752847,0.7981979730091473,0.7400841076713003,0.8263628429297869,0.8122026238071842
9.886926588294148,0.8315495585866333,0.8780357571831072,0.7956989075460271,0.7388231503537934,0.8243171327842636,0.8113330308238988
9.892166083041522,0.8302276838941245,0.8764662976133679,0.7931998420829078,0.737562193036287,0.822271422638741,0.8104634378406138
9.897405577788895,0.8288606889819674,0.8749268344330614,0.7907684057343719,0.7363395725878937,0.8202854359638109,0.8095523198053899
9.902645072536268,0.8273342351117352,0.873493381219955,0.7885759768248747,0.7352524381201165,0.8185105174633608,0.8084944484616094
9.907884567283643,0.8258077812415026,0.8720599280068481,0.7863835479153768,0.7341653036523389,0.81673559896291,0.8074365771178287
9.913124062031017,0.8242813273712704,0.8706264747937417,0.7841911190058797,0.7330781691845617,0.81496068046246,0.8063787057740482
9.91836355677839,0.8227548735010382,0.8691930215806352,0.7819986900963826,0.7319910347167845,0.8131857619620099,0.8053208344302677
9.923603051525763,0.821228419630806,0.8677595683675288,0.7798062611868855,0.7309039002490072,0.8114108434615598,0.8042629630864873
9.928842546273136,0.8197019657605737,0.8663261151544224,0.7776138322773883,0.72981676578123,0.8096359249611098,0.8032050917427068
9.934082041020512,0.818175511890341,0.8648926619413154,0.7754214033678904,0.7287296313134524,0.8078610064606591,0.802147220398926
9.939321535767885,0.8166490580201088,0.863459208728209,0.7732289744583933,0.7276424968456752,0.806086087960209,0.8010893490551455
9.944561030515258,0.8151226041498766,0.8620257555151025,0.7710365455488961,0.726555362377898,0.8043111694597589,0.8000314777113651
9.949800525262631,0.8136366402120698,0.8605704601825814,0.7688565643265989,0.7254462818943734,0.8025679547277644,0.7989667516295258
9.955040020010006,0.8123121298798089,0.8590280693988938,0.7667262182570106,0.724249691673056,0.8009511587724865,0.7978746922796767
9.96027951475738,0.8109876195475485,0.8574856786152065,0.7645958721874231,0.7230531014517388,0.7993343628172089,0.796782632929828
9.965519009504753,0.8096631092152881,0.8559432878315194,0.7624655261178356,0.7218565112304218,0.7977175668619314,0.7956905735799792
9.970758504252126,0.8083385988830276,0.8544008970478322,0.760335180048248,0.7206599210091047,0.7961007709066539,0.7945985142301305
9.9759979989995,0.8070140885507672,0.852858506264145,0.7582048339786605,0.7194633307877877,0.7944839749513763,0.7935064548802817
9.981237493746875,0.8056895782185064,0.8513161154804574,0.7560744879090722,0.7182667405664701,0.7928671789960983,0.7924143955304326
9.986476988494248,0.804365067886246,0.8497737246967701,0.7539441418394845,0.7170701503451531,0.7912503830408208,0.7913223361805839
9.991716483241621,0.8030405575539855,0.848231333913083,0.751813795769897,0.715873560123836,0.7896335870855433,0.7902302768307351
9.996955977988994,0.8017160472217251,0.8466889431293958,0.7496834497003094,0.7146769699025189,0.7880167911302658,0.7891382174808863
10.00219547273637,0.8003647529084387,0.8450989707871885,0.7475844881347388,0.71349257745144,0.7863335534108484,0.7880620324884029
10.007434967483743,0.7988918146813287,0.8432928988667058,0.7456280645249149,0.7123635832068613,0.7843485593459661,0.7870579435356223
10.012674462231116,0.7974188764542188,0.841486826946223,0.7436716409150912,0.7112345889622826,0.7823635652810839,0.7860538545828416
10.01791395697849,0.7959459382271088,0.8396807550257401,0.7417152173052675,0.710105594717704,0.7803785712162016,0.785049765630061
10.023153451725863,0.7944729999999989,0.8378746831052574,0.7397587936954437,0.7089766004731253,0.7783935771513194,0.7840456766772803
10.028392946473238,0.7930000617728884,0.8360686111847739,0.7378023700856192,0.7078476062285461,0.7764085830864365,0.7830415877244994
10.033632441220611,0.7915271235457785,0.8342625392642911,0.7358459464757955,0.7067186119839675,0.7744235890215542,0.7820374987717187
10.038871935967984,0.7900541853186686,0.8324564673438083,0.7338895228659718,0.7055896177393888,0.7724385949566719,0.7810334098189381
10.044111430715358,0.7885812470915586,0.8306503954233255,0.731933099256148,0.7044606234948101,0.7704536008917896,0.7800293208661574
10.049350925462733,0.7871083088644482,0.8288443235028421,0.7299766756463235,0.7033316292502311,0.7684686068269067,0.7790252319133765
10.054590420210106,0.7856447558599635,0.8270569900647433,0.7280407129069473,0.7022141326430255,0.7664793894709503,0.7780272081118769
10.05982991495748,0.7842303286301581,0.8253677408703735,0.7262118500363195,0.7011568189814448,0.7644680658257778,0.7770609315866144
10.065069409704853,0.7828159014003527,0.8236784916760036,0.7243829871656917,0.700099505319864,0.7624567421806052,0.7760946550613518
10.070308904452228,0.7814014741705468,0.8219892424816332,0.7225541242950633,0.6990421916582829,0.7604454185354321,0.7751283785360888
10.0755483991996,0.7799870469407414,0.8202999932872633,0.7207252614244355,0.6979848779967022,0.7584340948902596,0.7741621020108264
10.080787893946974,0.778572619710936,0.8186107440928936,0.7188963985538077,0.6969275643351214,0.7564227712450871,0.7731958254855638
10.086027388694347,0.7771581924811306,0.8169214948985237,0.7170675356831799,0.6958702506735407,0.7544114475999146,0.7722295489603012
10.09126688344172,0.7757437652513253,0.8152322457041539,0.7152386728125522,0.6948129370119599,0.7524001239547421,0.7712632724350387
10.096506378189096,0.7743293380215194,0.8135429965097835,0.7134098099419237,0.6937556233503789,0.7503888003095689,0.7702969959097757
10.101745872936469,0.772914910791714,0.8118537473154136,0.7115809470712959,0.6926983096887981,0.7483774766643965,0.7693307193845133
10.106985367683842,0.7714982608887352,0.8101381462196385,0.7097668166052429,0.6916541142652883,0.7464121028073181,0.7683496411219564
10.112224862431216,0.7700679971125692,0.8082611397277564,0.7080429221172099,0.6906902680499634,0.7447281714023157,0.767277902218472
10.11746435717859,0.7686377333364028,0.8063841332358735,0.7063190276291763,0.6897264218346382,0.7430442399973127,0.7662061633149875
10.122703851925964,0.7672074695602369,0.8045071267439914,0.7045951331411433,0.6887625756193132,0.7413603085923104,0.7651344244115031
10.127943346673337,0.7657772057840709,0.8026301202521093,0.7028712386531104,0.6877987294039882,0.739676377187308,0.7640626855080189
10.13318284142071,0.764346942007905,0.8007531137602272,0.7011473441650774,0.6868348831886633,0.7379924457823056,0.7629909466045347
10.138422336168084,0.762916678231739,0.798876107268345,0.6994234496770444,0.6858710369733383,0.7363085143773033,0.7619192077010504
10.143661830915459,0.7614864144555725,0.7969991007764622,0.6976995551890108,0.6849071907580131,0.7346245829723003,0.7608474687975658
10.148901325662832,0.7600561506794067,0.7951220942845801,0.6959756607009778,0.6839433445426881,0.7329406515672979,0.7597757298940815
10.154140820410205,0.7586258869032407,0.793245087792698,0.6942517662129448,0.6829794983273632,0.7312567201622956,0.7587039909905973
10.159380315157579,0.7572076528801611,0.7913845834092207,0.692547665513788,0.6820242220738403,0.729605251501694,0.7576514003414521
10.164619809904954,0.7558773864265248,0.7896447506934533,0.6909883068957866,0.6811316136659948,0.7281911666595225,0.7567388313021605
10.169859304652327,0.754547119972889,0.7879049179776864,0.6894289482777857,0.6802390052581497,0.7267770818173516,0.7558262622628692
10.1750987993997,0.7532168535192533,0.7861650852619195,0.6878695896597848,0.6793463968503046,0.7253629969751806,0.7549136932235779
10.180338294147074,0.7518865870656174,0.7844252525461527,0.686310231041784,0.6784537884424595,0.7239489121330096,0.7540011241842867
10.185577788894447,0.7505563206119816,0.7826854198303859,0.6847508724237831,0.6775611800346143,0.7225348272908386,0.7530885551449954
10.190817283641822,0.7492260541583454,0.7809455871146185,0.6831915138057817,0.6766685716267689,0.7211207424486672,0.7521759861057038
10.196056778389195,0.7478957877047095,0.7792057543988516,0.6816321551877809,0.6757759632189237,0.7197066576064962,0.7512634170664125
10.201296273136569,0.7465655212510738,0.7774659216830848,0.68007279656978,0.6748833548110786,0.7182925727643252,0.7503508480271213
10.206535767883942,0.745235254797438,0.775726088967318,0.6785134379517791,0.6739907464032335,0.7168784879221543,0.74943827898783
10.211775262631317,0.7438938815897254,0.7739735633623787,0.6769704440141103,0.6731009455080788,0.7154358810349601,0.7485195451098098
10.21701475737869,0.7424528252641781,0.7721071190771225,0.6755743230824262,0.6722363420393227,0.7137372887936897,0.7475454818042006
10.222254252126064,0.7410117689386307,0.7702406747918664,0.674178202150742,0.6713717385705666,0.7120386965524191,0.7465714184985913
10.227493746873437,0.7395707126130835,0.7683742305066102,0.6727820812190578,0.6705071351018107,0.7103401043111487,0.7455973551929821
10.232733241620812,0.7381296562875357,0.7665077862213535,0.6713859602873732,0.6696425316330543,0.7086415120698776,0.7446232918873725
10.237972736368185,0.7366885999619884,0.7646413419360975,0.669989839355689,0.6687779281642984,0.7069429198286071,0.7436492285817633
10.243212231115558,0.7352475436364412,0.7627748976508413,0.668593718424005,0.6679133246955423,0.7052443275873367,0.7426751652761541
10.248451725862932,0.7338064873108939,0.7609084533655852,0.6671975974923208,0.6670487212267863,0.7035457353460661,0.7417011019705448
10.253691220610305,0.7323654309853466,0.7590420090803291,0.6658014765606366,0.6661841177580303,0.7018471431047957,0.7407270386649355
10.25893071535768,0.7309243746597989,0.7571755647950724,0.664405355628952,0.6653195142892739,0.7001485508635246,0.7397529753593259
10.264170210105053,0.7294841805813191,0.7552995051684313,0.6630201293461371,0.6644668559348366,0.6984521359044953,0.7387930797924721
10.269409704852427,0.7280538753988959,0.7533131695952813,0.6617598510675415,0.6637511931102396,0.6967806916511687,0.7379956704794678
10.2746491995998,0.7266235702164726,0.7513268340221312,0.660499572788946,0.6630355302856425,0.6951092473978422,0.7371982611664636
10.279888694347175,0.7251932650340488,0.7493404984489804,0.65923929451035,0.6623198674610453,0.6934378031445151,0.736400851853459
10.285128189094548,0.7237629598516255,0.7473541628758305,0.6579790162317545,0.6616042046364483,0.6917663588911885,0.7356034425404548
10.290367683841922,0.7223326546692023,0.7453678273026804,0.6567187379531589,0.6608885418118513,0.690094914637862,0.7348060332274506
10.295607178589295,0.720902349486779,0.7433814917295304,0.6554584596745634,0.6601728789872543,0.6884234703845354,0.7340086239144463
10.300846673336668,0.7194720443043557,0.7413951561563803,0.6541981813959679,0.6594572161626573,0.686752026131209,0.7332112146014421
10.306086168084043,0.718041739121932,0.7394088205832295,0.6529379031173719,0.6587415533380601,0.6850805818778819,0.7324138052884376
10.311325662831416,0.7166114339395087,0.7374224850100796,0.6516776248387762,0.658025890513463,0.6834091376245554,0.7316163959754334
10.31656515757879,0.7151948311910716,0.7354436336717483,0.6504270571538914,0.6573137870203657,0.6817449786414639,0.7308224042184717
10.321804652326163,0.7139923289736694,0.7335817235024592,0.6493282174957353,0.656657298081951,0.6801946520057962,0.7300818117746737
10.327044147073538,0.7127898267562667,0.7317198133331695,0.648229377837579,0.6560008091435359,0.678644325370128,0.7293412193308756
10.332283641820911,0.7115873245388643,0.7298579031638804,0.647130538179423,0.6553443202051211,0.6770939987344603,0.7286006268870776
10.337523136568285,0.710384822321462,0.7279959929945914,0.646031698521267,0.6546878312667063,0.6755436720987925,0.7278600344432797
10.342762631315658,0.7091823201040597,0.7261340828253023,0.6449328588631109,0.6540313423282915,0.6739933454631248,0.7271194419994819
10.348002126063031,0.7079798178866574,0.7242721726560133,0.643834019204955,0.6533748533898767,0.6724430188274572,0.7263788495556839
10.353241620810406,0.7067773156692547,0.7224102624867237,0.6427351795467986,0.6527183644514617,0.6708926921917889,0.7256382571118858
10.35848111555778,0.7055748134518524,0.7205483523174346,0.6416363398886425,0.652061875513047,0.6693423655561213,0.7248976646680878
10.363720610305153,0.7043723112344501,0.7186864421481456,0.6405375002304865,0.6514053865746321,0.6677920389204535,0.7241570722242899
10.368960105052526,0.7031757003476454,0.7168312919156388,0.6394423118677223,0.6507503136203964,0.6662439694090051,0.7234173845750207
10.374199599799901,0.7021201131870229,0.7151379576698563,0.6384345263883978,0.6501291357874471,0.6647499298085544,0.7226993554447815
10.379439094547275,0.7010645260264007,0.7134446234240746,0.6374267409090737,0.6495079579544981,0.6632558902081044,0.7219813263145425
10.384678589294648,0.7000089388657785,0.7117512891782927,0.6364189554297497,0.6488867801215491,0.6617618506076542,0.7212632971843036
10.389918084042021,0.6989533517051564,0.7100579549325108,0.6354111699504256,0.6482656022886001,0.6602678110072041,0.7205452680540646
10.395157578789396,0.6978977645445338,0.7083646206867285,0.6344033844711011,0.647644424455651,0.6587737714067535,0.7198272389238254
10.40039707353677,0.6968421773839116,0.7066712864409466,0.633395598991777,0.6470232466227019,0.6572797318063034,0.7191092097935864
10.405636568284143,0.6957865902232895,0.7049779521951647,0.632387813512453,0.6464020687897529,0.6557856922058534,0.7183911806633475
10.410876063031516,0.6947310030626673,0.7032846179493829,0.6313800280331289,0.6457808909568039,0.6542916526054032,0.7176731515331085
10.41611555777889,0.6936754159020451,0.701591283703601,0.6303722425538048,0.6451597131238549,0.6527976130049531,0.7169551224028695
10.421355052526264,0.6926237344153364,0.6999077506967065,0.6293679101219911,0.6445399190825275,0.6513131354167658,0.7162391978782414
10.426594547273638,0.691762942741169,0.6987032532404558,0.6285323453872645,0.643987757856719,0.6502960011779465,0.7156261359528548
10.431834042021011,0.6909021510670016,0.6974987557842051,0.6276967806525381,0.6434355966309105,0.6492788669391272,0.7150130740274684
10.437073536768384,0.6900413593928342,0.6962942583279543,0.6268612159178115,0.642883435405102,0.6482617327003078,0.7144000121020818
10.44231303151576,0.6891805677186664,0.6950897608717032,0.6260256511830847,0.6423312741792934,0.6472445984614882,0.713786950176695
10.447552526263133,0.688319776044499,0.6938852634154524,0.6251900864483583,0.6417791129534848,0.6462274642226689,0.7131738882513086
10.452792021010506,0.6874589843703316,0.6926807659592016,0.6243545217136317,0.6412269517276763,0.6452103299838494,0.712560826325922
10.45803151575788,0.6865981926961641,0.6914762685029509,0.6235189569789052,0.6406747905018678,0.6441931957450301,0.7119477644005354
10.463271010505252,0.6857374010219967,0.6902717710467001,0.6226833922441788,0.6401226292760593,0.6431760615062108,0.7113347024751489
10.468510505252627,0.6848766093478289,0.689067273590449,0.6218478275094519,0.6395704680502506,0.6421589272673911,0.7107216405497622
10.47375,0.6840158176736615,0.6878627761341982,0.6210122627747254,0.6390183068244422,0.6411417930285718,0.7101085786243756
