# composition,0.5NaCl-0.5KCl
# source,Walker, 2026
# temperature_K,1100
# raw_file,0.5NaCl-0.5KCl_Walker_2026_1100.0_RIM.csv
# savgol,True
# grid_points,2000
r (A),Cl-Cl,K-Cl,K-K,K-Na,Na-Cl,Na-Na
0.0,0.0,0.0,0.0,0.0,0.0,0.0
0.005239494747373687,0.0,0.0,0.0,0.0,0.0,0.0
0.010478989494747374,0.0,0.0,0.0,0.0,0.0,0.0
0.01571848424212106,0.0,0.0,0.0,0.0,0.0,0.0
0.02095797898949475,0.0,0.0,0.0,0.0,0.0,0.0
0.026197473736868437,0.0,0.0,0.0,0.0,0.0,0.0
0.03143696848424212,0.0,0.0,0.0,0.0,0.0,0.0
0.03667646323161581,0.0,0.0,0.0,0.0,0.0,0.0
0.0419159579789895,0.0,0.0,0.0,0.0,0.0,0.0
0.047155452726363185,0.0,0.0,0.0,0.0,0.0,0.0
0.05239494747373687,0.0,0.0,0.0,0.0,0.0,0.0
0.05763444222111056,0.0,0.0,0.0,0.0,0.0,0.0
0.06287393696848424,0.0,0.0,0.0,0.0,0.0,0.0
0.06811343171585793,0.0,0.0,0.0,0.0,0.0,0.0
0.07335292646323162,0.0,0.0,0.0,0.0,0.0,0.0
0.0785924212106053,0.0,0.0,0.0,0.0,0.0,0.0
0.083831915957979,0.0,0.0,0.0,0.0,0.0,0.0
0.08907141070535268,0.0,0.0,0.0,0.0,0.0,0.0
0.09431090545272637,0.0,0.0,0.0,0.0,0.0,0.0
0.09955040020010006,0.0,0.0,0.0,0.0,0.0,0.0
0.10478989494747375,0.0,0.0,0.0,0.0,0.0,0.0
0.11002938969484743,0.0,0.0,0.0,0.0,0.0,0.0
0.11526888444222112,0.0,0.0,0.0,0.0,0.0,0.0
0.12050837918959481,0.0,0.0,0.0,0.0,0.0,0.0
0.12574787393696849,0.0,0.0,0.0,0.0,0.0,0.0
0.1309873686843422,0.0,0.0,0.0,0.0,0.0,0.0
0.13622686343171586,0.0,0.0,0.0,0.0,0.0,0.0
0.14146635817908956,0.0,0.0,0.0,0.0,0.0,0.0
0.14670585292646324,0.0,0.0,0.0,0.0,0.0,0.0
0.15194534767383694,0.0,0.0,0.0,0.0,0.0,0.0
0.1571848424212106,0.0,0.0,0.0,0.0,0.0,0.0
0.16242433716858432,0.0,0.0,0.0,0.0,0.0,0.0
0.167663831915958,0.0,0.0,0.0,0.0,0.0,0.0
0.17290332666333166,0.0,0.0,0.0,0.0,0.0,0.0
0.17814282141070537,0.0,0.0,0.0,0.0,0.0,0.0
0.18338231615807904,0.0,0.0,0.0,0.0,0.0,0.0
0.18862181090545274,0.0,0.0,0.0,0.0,0.0,0.0
0.19386130565282642,0.0,0.0,0.0,0.0,0.0,0.0
0.19910080040020012,0.0,0.0,0.0,0.0,0.0,0.0
0.2043402951475738,0.0,0.0,0.0,0.0,0.0,0.0
0.2095797898949475,0.0,0.0,0.0,0.0,0.0,0.0
0.21481928464232117,0.0,0.0,0.0,0.0,0.0,0.0
0.22005877938969487,0.0,0.0,0.0,0.0,0.0,0.0
0.22529827413706854,0.0,0.0,0.0,0.0,0.0,0.0
0.23053776888444225,0.0,0.0,0.0,0.0,0.0,0.0
0.23577726363181592,0.0,0.0,0.0,0.0,0.0,0.0
0.24101675837918962,0.0,0.0,0.0,0.0,0.0,0.0
0.2462562531265633,0.0,0.0,0.0,0.0,0.0,0.0
0.25149574787393697,0.0,0.0,0.0,0.0,0.0,0.0
0.25673524262131064,0.0,0.0,0.0,0.0,0.0,0.0
0.2619747373686844,0.0,0.0,0.0,0.0,0.0,0.0
0.26721423211605805,0.0,0.0,0.0,0.0,0.0,0.0
0.2724537268634317,0.0,0.0,0.0,0.0,0.0,0.0
0.2776932216108054,0.0,0.0,0.0,0.0,0.0,0.0
0.2829327163581791,0.0,0.0,0.0,0.0,0.0,0.0
0.2881722111055528,0.0,0.0,0.0,0.0,0.0,0.0
0.2934117058529265,0.0,0.0,0.0,0.0,0.0,0.0
0.29865120060030015,0.0,0.0,0.0,0.0,0.0,0.0
0.3038906953476739,0.0,0.0,0.0,0.0,0.0,0.0
0.30913019009504755,0.0,0.0,0.0,0.0,0.0,0.0
0.3143696848424212,0.0,0.0,0.0,0.0,0.0,0.0
0.3196091795897949,0.0,0.0,0.0,0.0,0.0,0.0
0.32484867433716863,0.0,0.0,0.0,0.0,0.0,0.0
0.3300881690845423,0.0,0.0,0.0,0.0,0.0,0.0
0.335327663831916,0.0,0.0,0.0,0.0,0.0,0.0
0.34056715857928965,0.0,0.0,0.0,0.0,0.0,0.0
0.3458066533266633,0.0,0.0,0.0,0.0,0.0,0.0
0.35104614807403706,0.0,0.0,0.0,0.0,0.0,0.0
0.35628564282141073,0.0,0.0,0.0,0.0,0.0,0.0
0.3615251375687844,0.0,0.0,0.0,0.0,0.0,0.0
0.3667646323161581,0.0,0.0,0.0,0.0,0.0,0.0
0.3720041270635318,0.0,0.0,0.0,0.0,0.0,0.0
0.3772436218109055,0.0,0.0,0.0,0.0,0.0,0.0
0.38248311655827916,0.0,0.0,0.0,0.0,0.0,0.0
0.38772261130565283,0.0,0.0,0.0,0.0,0.0,0.0
0.39296210605302656,0.0,0.0,0.0,0.0,0.0,0.0
0.39820160080040023,0.0,0.0,0.0,0.0,0.0,0.0
0.4034410955477739,0.0,0.0,0.0,0.0,0.0,0.0
0.4086805902951476,0.0,0.0,0.0,0.0,0.0,0.0
0.4139200850425213,0.0,0.0,0.0,0.0,0.0,0.0
0.419159579789895,0.0,0.0,0.0,0.0,0.0,0.0
0.42439907453726866,0.0,0.0,0.0,0.0,0.0,0.0
0.42963856928464234,0.0,0.0,0.0,0.0,0.0,0.0
0.434878064032016,0.0,0.0,0.0,0.0,0.0,0.0
0.44011755877938974,0.0,0.0,0.0,0.0,0.0,0.0
0.4453570535267634,0.0,0.0,0.0,0.0,0.0,0.0
0.4505965482741371,0.0,0.0,0.0,0.0,0.0,0.0
0.45583604302151076,0.0,0.0,0.0,0.0,0.0,0.0
0.4610755377688845,0.0,0.0,0.0,0.0,0.0,0.0
0.46631503251625817,0.0,0.0,0.0,0.0,0.0,0.0
0.47155452726363184,0.0,0.0,0.0,0.0,0.0,0.0
0.4767940220110055,0.0,0.0,0.0,0.0,0.0,0.0
0.48203351675837924,0.0,0.0,0.0,0.0,0.0,0.0
0.4872730115057529,0.0,0.0,0.0,0.0,0.0,0.0
0.4925125062531266,0.0,0.0,0.0,0.0,0.0,0.0
0.49775200100050027,0.0,0.0,0.0,0.0,0.0,0.0
0.5029914957478739,0.0,0.0,0.0,0.0,0.0,0.0
0.5082309904952477,0.0,0.0,0.0,0.0,0.0,0.0
0.5134704852426213,0.0,0.0,0.0,0.0,0.0,0.0
0.518709979989995,0.0,0.0,0.0,0.0,0.0,0.0
0.5239494747373687,0.0,0.0,0.0,0.0,0.0,0.0
0.5291889694847424,0.0,0.0,0.0,0.0,0.0,0.0
0.5344284642321161,0.0,0.0,0.0,0.0,0.0,0.0
0.5396679589794898,0.0,0.0,0.0,0.0,0.0,0.0
0.5449074537268634,0.0,0.0,0.0,0.0,0.0,0.0
0.5501469484742372,0.0,0.0,0.0,0.0,0.0,0.0
0.5553864432216108,0.0,0.0,0.0,0.0,0.0,0.0
0.5606259379689845,0.0,0.0,0.0,0.0,0.0,0.0
0.5658654327163583,0.0,0.0,0.0,0.0,0.0,0.0
0.5711049274637319,0.0,0.0,0.0,0.0,0.0,0.0
0.5763444222111056,0.0,0.0,0.0,0.0,0.0,0.0
0.5815839169584793,0.0,0.0,0.0,0.0,0.0,0.0
0.586823411705853,0.0,0.0,0.0,0.0,0.0,0.0
0.5920629064532267,0.0,0.0,0.0,0.0,0.0,0.0
0.5973024012006003,0.0,0.0,0.0,0.0,0.0,0.0
0.602541895947974,0.0,0.0,0.0,0.0,0.0,0.0
0.6077813906953478,0.0,0.0,0.0,0.0,0.0,0.0
0.6130208854427214,0.0,0.0,0.0,0.0,0.0,0.0
0.6182603801900951,0.0,0.0,0.0,0.0,0.0,0.0
0.6234998749374687,0.0,0.0,0.0,0.0,0.0,0.0
0.6287393696848425,0.0,0.0,0.0,0.0,0.0,0.0
0.6339788644322162,0.0,0.0,0.0,0.0,0.0,0.0
0.6392183591795898,0.0,0.0,0.0,0.0,0.0,0.0
0.6444578539269635,0.0,0.0,0.0,0.0,0.0,0.0
0.6496973486743373,0.0,0.0,0.0,0.0,0.0,0.0
0.6549368434217109,0.0,0.0,0.0,0.0,0.0,0.0
0.6601763381690846,0.0,0.0,0.0,0.0,0.0,0.0
0.6654158329164582,0.0,0.0,0.0,0.0,0.0,0.0
0.670655327663832,0.0,0.0,0.0,0.0,0.0,0.0
0.6758948224112057,0.0,0.0,0.0,0.0,0.0,0.0
0.6811343171585793,0.0,0.0,0.0,0.0,0.0,0.0
0.686373811905953,0.0,0.0,0.0,0.0,0.0,0.0
0.6916133066533267,0.0,0.0,0.0,0.0,0.0,0.0
0.6968528014007004,0.0,0.0,0.0,0.0,0.0,0.0
0.7020922961480741,0.0,0.0,0.0,0.0,0.0,0.0
0.7073317908954477,0.0,0.0,0.0,0.0,0.0,0.0
0.7125712856428215,0.0,0.0,0.0,0.0,0.0,0.0
0.7178107803901952,0.0,0.0,0.0,0.0,0.0,0.0
0.7230502751375688,0.0,0.0,0.0,0.0,0.0,0.0
0.7282897698849425,0.0,0.0,0.0,0.0,0.0,0.0
0.7335292646323162,0.0,0.0,0.0,0.0,0.0,0.0
0.7387687593796899,0.0,0.0,0.0,0.0,0.0,0.0
0.7440082541270636,0.0,0.0,0.0,0.0,0.0,0.0
0.7492477488744372,0.0,0.0,0.0,0.0,0.0,0.0
0.754487243621811,0.0,0.0,0.0,0.0,0.0,0.0
0.7597267383691846,0.0,0.0,0.0,0.0,0.0,0.0
0.7649662331165583,0.0,0.0,0.0,0.0,0.0,0.0
0.770205727863932,0.0,0.0,0.0,0.0,0.0,0.0
0.7754452226113057,0.0,0.0,0.0,0.0,0.0,0.0
0.7806847173586794,0.0,0.0,0.0,0.0,0.0,0.0
0.7859242121060531,0.0,0.0,0.0,0.0,0.0,0.0
0.7911637068534267,0.0,0.0,0.0,0.0,0.0,0.0
0.7964032016008005,0.0,0.0,0.0,0.0,0.0,0.0
0.8016426963481741,0.0,0.0,0.0,0.0,0.0,0.0
0.8068821910955478,0.0,0.0,0.0,0.0,0.0,0.0
0.8121216858429215,0.0,0.0,0.0,0.0,0.0,0.0
0.8173611805902952,0.0,0.0,0.0,0.0,0.0,0.0
0.8226006753376689,0.0,0.0,0.0,0.0,0.0,0.0
0.8278401700850426,0.0,0.0,0.0,0.0,0.0,0.0
0.8330796648324162,0.0,0.0,0.0,0.0,0.0,0.0
0.83831915957979,0.0,0.0,0.0,0.0,0.0,0.0
0.8435586543271636,0.0,0.0,0.0,0.0,0.0,0.0
0.8487981490745373,0.0,0.0,0.0,0.0,0.0,0.0
0.854037643821911,0.0,0.0,0.0,0.0,0.0,0.0
0.8592771385692847,0.0,0.0,0.0,0.0,0.0,0.0
0.8645166333166584,0.0,0.0,0.0,0.0,0.0,0.0
0.869756128064032,0.0,0.0,0.0,0.0,0.0,0.0
0.8749956228114057,0.0,0.0,0.0,0.0,0.0,0.0
0.8802351175587795,0.0,0.0,0.0,0.0,0.0,0.0
0.8854746123061531,0.0,0.0,0.0,0.0,0.0,0.0
0.8907141070535268,0.0,0.0,0.0,0.0,0.0,0.0
0.8959536018009006,0.0,0.0,0.0,0.0,0.0,0.0
0.9011930965482742,0.0,0.0,0.0,0.0,0.0,0.0
0.9064325912956479,0.0,0.0,0.0,0.0,0.0,0.0
0.9116720860430215,0.0,0.0,0.0,0.0,0.0,0.0
0.9169115807903953,0.0,0.0,0.0,0.0,0.0,0.0
0.922151075537769,0.0,0.0,0.0,0.0,0.0,0.0
0.9273905702851426,0.0,0.0,0.0,0.0,0.0,0.0
0.9326300650325163,0.0,0.0,0.0,0.0,0.0,0.0
0.93786955977989,0.0,0.0,0.0,0.0,0.0,0.0
0.9431090545272637,0.0,0.0,0.0,0.0,0.0,0.0
0.9483485492746374,0.0,0.0,0.0,0.0,0.0,0.0
0.953588044022011,0.0,0.0,0.0,0.0,0.0,0.0
0.9588275387693848,0.0,0.0,0.0,0.0,0.0,0.0
0.9640670335167585,0.0,0.0,0.0,0.0,0.0,0.0
0.9693065282641321,0.0,0.0,0.0,0.0,0.0,0.0
0.9745460230115058,0.0,0.0,0.0,0.0,0.0,0.0
0.9797855177588795,0.0,0.0,0.0,0.0,0.0,0.0
0.9850250125062532,0.0,0.0,0.0,0.0,0.0,0.0
0.9902645072536269,0.0,0.0,0.0,0.0,0.0,0.0
0.9955040020010005,0.0,0.0,0.0,0.0,0.0,0.0
1.0007434967483742,0.0,0.0,0.0,0.0,0.0,0.0
1.0059829914957479,0.0,0.0,0.0,0.0,0.0,0.0
1.0112224862431216,0.0,0.0,0.0,0.0,0.0,0.0
1.0164619809904953,0.0,0.0,0.0,0.0,0.0,0.0
1.021701475737869,0.0,0.0,0.0,0.0,0.0,0.0
1.0269409704852426,0.0,0.0,0.0,0.0,0.0,0.0
1.0321804652326163,0.0,0.0,0.0,0.0,0.0,0.0
1.03741995997999,0.0,0.0,0.0,0.0,0.0,0.0
1.0426594547273638,0.0,0.0,0.0,0.0,0.0,0.0
1.0478989494747375,0.0,0.0,0.0,0.0,0.0,0.0
1.0531384442221112,0.0,0.0,0.0,0.0,0.0,0.0
1.0583779389694847,0.0,0.0,0.0,0.0,0.0,0.0
1.0636174337168585,0.0,0.0,0.0,0.0,0.0,0.0
1.0688569284642322,0.0,0.0,0.0,0.0,0.0,0.0
1.074096423211606,0.0,0.0,0.0,0.0,0.0,0.0
1.0793359179589797,0.0,0.0,0.0,0.0,0.0,0.0
1.0845754127063532,0.0,0.0,0.0,0.0,0.0,0.0
1.0898149074537269,0.0,0.0,0.0,0.0,0.0,0.0
1.0950544022011006,0.0,0.0,0.0,0.0,0.0,0.0
1.1002938969484743,0.0,0.0,0.0,0.0,0.0,0.0
1.105533391695848,0.0,0.0,0.0,0.0,0.0,0.0
1.1107728864432216,0.0,0.0,0.0,0.0,0.0,0.0
1.1160123811905953,0.0,0.0,0.0,0.0,0.0,0.0
1.121251875937969,0.0,0.0,0.0,0.0,0.0,0.0
1.1264913706853428,0.0,0.0,0.0,0.0,0.0,0.0
1.1317308654327165,0.0,0.0,0.0,0.0,0.0,0.0
1.13697036018009,0.0,0.0,0.0,0.0,0.0,0.0
1.1422098549274637,0.0,0.0,0.0,0.0,0.0,0.0
1.1474493496748375,0.0,0.0,0.0,0.0,0.0,0.0
1.1526888444222112,0.0,0.0,0.0,0.0,0.0,0.0
1.157928339169585,0.0,0.0,0.0,0.0,0.0,0.0
1.1631678339169587,0.0,0.0,0.0,0.0,0.0,0.0
1.1684073286643322,0.0,0.0,0.0,0.0,0.0,0.0
1.173646823411706,0.0,0.0,0.0,0.0,0.0,0.0
1.1788863181590796,0.0,0.0,0.0,0.0,0.0,0.0
1.1841258129064534,0.0,0.0,0.0,0.0,0.0,0.0
1.189365307653827,0.0,0.0,0.0,0.0,0.0,0.0
1.1946048024012006,0.0,0.0,0.0,0.0,0.0,0.0
1.1998442971485743,0.0,0.0,0.0,0.0,0.0,0.0
1.205083791895948,0.0,0.0,0.0,0.0,0.0,0.0
1.2103232866433218,0.0,0.0,0.0,0.0,0.0,0.0
1.2155627813906955,0.0,0.0,0.0,0.0,0.0,0.0
1.220802276138069,0.0,0.0,0.0,0.0,0.0,0.0
1.2260417708854427,0.0,0.0,0.0,0.0,0.0,0.0
1.2312812656328165,0.0,0.0,0.0,0.0,0.0,0.0
1.2365207603801902,0.0,0.0,0.0,0.0,0.0,0.0
1.241760255127564,0.0,0.0,0.0,0.0,0.0,0.0
1.2469997498749374,0.0,0.0,0.0,0.0,0.0,0.0
1.2522392446223112,0.0,0.0,0.0,0.0,0.0,0.0
1.257478739369685,0.0,0.0,0.0,0.0,0.0,0.0
1.2627182341170586,0.0,0.0,0.0,0.0,0.0,0.0
1.2679577288644324,0.0,0.0,0.0,0.0,0.0,0.0
1.2731972236118059,0.0,0.0,0.0,0.0,0.0,0.0
1.2784367183591796,0.0,0.0,0.0,0.0,0.0,0.0
1.2836762131065533,0.0,0.0,0.0,0.0,0.0,0.0
1.288915707853927,0.0,0.0,0.0,0.0,0.0,0.0
1.2941552026013008,0.0,0.0,0.0,0.0,0.0,0.0
1.2993946973486745,0.0,0.0,0.0,0.0,0.0,0.0
1.304634192096048,0.0,0.0,0.0,0.0,0.0,0.0
1.3098736868434218,0.0,0.0,0.0,0.0,0.0,0.0
1.3151131815907955,0.0,0.0,0.0,0.0,0.0,0.0
1.3203526763381692,0.0,0.0,0.0,0.0,0.0,0.0
1.325592171085543,0.0,0.0,0.0,0.0,0.0,0.0
1.3308316658329165,0.0,0.0,0.0,0.0,0.0,0.0
1.3360711605802902,0.0,0.0,0.0,0.0,0.0,0.0
1.341310655327664,0.0,0.0,0.0,0.0,0.0,0.0
1.3465501500750376,0.0,0.0,0.0,0.0,0.0,0.0
1.3517896448224114,0.0,0.0,0.0,0.0,0.0,0.0
1.3570291395697849,0.0,0.0,0.0,0.0,0.0,0.0
1.3622686343171586,0.0,0.0,0.0,0.0,0.0,0.0
1.3675081290645323,0.0,0.0,0.0,0.0,0.0,0.0
1.372747623811906,0.0,0.0,0.0,0.0,0.0,0.0
1.3779871185592798,0.0,0.0,0.0,0.0,0.0,0.0
1.3832266133066533,0.0,0.0,0.0,0.0,0.0,0.0
1.388466108054027,0.0,0.0,0.0,0.0,0.0,0.0
1.3937056028014008,0.0,0.0,0.0,0.0,0.0,0.0
1.3989450975487745,0.0,0.0,0.0,0.0,0.0,0.0
1.4041845922961482,0.0,0.0,0.0,0.0,0.0,0.0
1.409424087043522,0.0,0.0,0.0,0.0,0.0,0.0
1.4146635817908955,0.0,0.0,0.0,0.0,0.0,0.0
1.4199030765382692,0.0,0.0,0.0,0.0,0.0,0.0
1.425142571285643,0.0,0.0,0.0,0.0,0.0,0.0
1.4303820660330167,0.0,0.0,0.0,0.0,0.0,0.0
1.4356215607803904,0.0,0.0,0.0,0.0,0.0,0.0
1.440861055527764,0.0,0.0,0.0,0.0,0.0,0.0
1.4461005502751376,0.0,0.0,0.0,0.0,0.0,0.0
1.4513400450225113,0.0,0.0,0.0,0.0,0.0,0.0
1.456579539769885,0.0,0.0,0.0,0.0,0.0,0.0
1.4618190345172588,0.0,0.0,0.0,0.0,0.0,0.0
1.4670585292646323,0.0,0.0,0.0,0.0,0.0,0.0
1.472298024012006,0.0,0.0,0.0,0.0,0.0,0.0
1.4775375187593798,0.0,0.0,0.0,0.0,0.0,0.0
1.4827770135067535,0.0,0.0,0.0,0.0,0.0,0.0
1.4880165082541272,0.0,0.0,0.0,0.0,0.0,0.0
1.4932560030015007,0.0,0.0,0.0,0.0,0.0,0.0
1.4984954977488745,0.0,0.0,0.0,0.0,0.0,0.0
1.5037349924962482,0.0,0.0,0.0,0.0,0.0,0.0
1.508974487243622,0.0,0.0,0.0,0.0,0.0,0.0
1.5142139819909957,0.0,0.0,0.0,0.0,0.0,0.0
1.5194534767383692,0.0,0.0,0.0,0.0,0.0,0.0
1.524692971485743,0.0,0.0,0.0,0.0,0.0,0.0
1.5299324662331166,0.0,0.0,0.0,0.0,0.0,0.0
1.5351719609804904,0.0,0.0,0.0,0.0,0.0,0.0
1.540411455727864,0.0,0.0,0.0,0.0,0.0,0.0
1.5456509504752378,0.0,0.0,0.0,0.0,0.0,0.0
1.5508904452226113,0.0,0.0,0.0,0.0,0.0,0.0
1.556129939969985,0.0,0.0,0.0,0.0,0.0,0.0
1.5613694347173588,0.0,0.0,0.0,0.0,0.0,0.0
1.5666089294647325,0.0,0.0,0.0,0.0,0.0,0.0
1.5718484242121062,0.0,0.0,0.0,0.0,0.0,0.0
1.5770879189594798,0.0,0.0,0.0,0.0,0.0,0.0
1.5823274137068535,0.0,0.0,0.0,0.0,0.0,0.0
1.5875669084542272,0.0,0.0,0.0,0.0,0.0,0.0
1.592806403201601,0.0,0.0,0.0,0.0,0.0,0.0
1.5980458979489747,0.0,0.0,0.0,0.0,0.0,0.0
1.6032853926963482,0.0,0.0,0.0,0.0,0.0,0.0
1.608524887443722,0.0,0.0,0.0,0.0,0.0,0.0
1.6137643821910956,0.0,0.0,0.0,0.0,0.0,0.0
1.6190038769384694,0.0,0.0,0.0,0.0,0.0,0.0
1.624243371685843,0.0,0.0,0.0,0.0,0.0,0.0
1.6294828664332166,0.0,0.0,0.0,0.0,0.0,0.0
1.6347223611805903,0.0,0.0,0.0,0.0,0.0,0.0
1.639961855927964,0.0,0.0,0.0,0.0,0.0,0.0
1.6452013506753378,0.0,0.0,0.0,0.0,0.0,0.0
1.6504408454227115,0.0,0.0,0.0,0.0,0.0,0.0
1.6556803401700853,0.0,0.0,0.0,0.0,0.0,0.0
1.6609198349174588,0.0,0.0,0.0,0.0,0.0,0.0
1.6661593296648325,0.0,0.0,0.0,0.0,0.0,0.0
1.6713988244122062,0.0,0.0,0.0,0.0,0.0,0.0
1.67663831915958,0.0,0.0,0.0,0.0,0.0,0.0
1.6818778139069537,0.0,0.0,0.0,0.0,0.0,0.0
1.6871173086543272,0.0,0.0,0.0,0.0,0.0,0.0
1.692356803401701,0.0,0.0,0.0,0.0,0.0,0.0
1.6975962981490746,0.0,0.0,0.0,0.0,0.0,0.0
1.7028357928964484,0.0,0.0,0.0,0.0,0.0,0.0
1.708075287643822,0.0,0.0,0.0,0.0,0.0,0.0
1.7133147823911956,0.0,0.0,0.0,0.0,0.0,0.0
1.7185542771385693,0.0,0.0,0.0,0.0,0.0,0.0
1.723793771885943,0.0,0.0,0.0,0.0,0.0,0.0
1.7290332666333168,0.0,0.0,0.0,0.0,0.0,0.0
1.7342727613806905,0.0,0.0,0.0,0.0,0.0,0.0
1.739512256128064,0.0,0.0,0.0,0.0,0.0,0.0
1.7447517508754378,0.0,0.0,0.0,0.0,0.0,0.0
1.7499912456228115,0.0,0.0,0.0,0.0,0.0,0.0
1.7552307403701852,0.0,0.0,0.0,0.0,0.0,0.0
1.760470235117559,0.0,0.0,0.0,0.0,0.0,0.0
1.7657097298649325,0.0,0.0,0.0,0.0,0.0,0.0
1.7709492246123062,0.0,0.0,0.0,0.0,0.0,0.0
1.77618871935968,0.0,0.0,0.0,0.0,0.0,0.0
1.7814282141070537,0.0,0.0,0.0,0.0,0.0,0.0
1.7866677088544274,0.0,0.0,0.0,0.0,0.0,0.0
1.7919072036018011,0.0,0.0,0.0,0.0,0.0,0.0
1.7971466983491746,0.0,0.0,0.0,0.0,0.0,0.0
1.8023861930965484,0.0,0.0,0.0,0.0,0.0,0.0
1.807625687843922,0.0,0.0,0.0,0.0,0.0,0.0
1.8128651825912958,0.0,0.0,0.0,0.0,0.0,0.0
1.8181046773386695,0.0,0.0,0.0,0.0,0.0,0.0
1.823344172086043,0.0,0.0,0.0,0.0,0.0,0.0
1.8285836668334168,0.0,0.0,0.0,0.0,0.0,0.0
1.8338231615807905,0.0,0.0,0.0,0.0,0.0,0.0
1.8390626563281642,0.0,0.0,0.0,0.0,0.0,0.0
1.844302151075538,0.0,0.0,0.0,0.0,0.0,0.0
1.8495416458229115,0.0,0.0,0.0,0.0,0.0,0.0
1.8547811405702852,0.0,0.0,0.0,0.0,0.0,0.0
1.860020635317659,0.0,0.0,0.0,0.0,0.0,0.0
1.8652601300650327,0.0,0.0,0.0,0.0,1.581655577789029e-05,0.0
1.8704996248124064,0.0,0.0,0.0,0.0,7.06931275637837e-05,0.0
1.87573911955978,0.0,0.0,0.0,0.0,0.00012556969934967479,0.0
1.8809786143071536,0.0,0.0,0.0,0.0,0.0001804462711355682,0.0
1.8862181090545274,0.0,0.0,0.0,0.0,0.00023532284292146157,0.0
1.891457603801901,0.0,0.0,0.0,0.0,0.000290199414707355,0.0
1.8966970985492748,0.0,0.0,0.0,0.0,0.0003450759864932484,0.0
1.9019365932966485,0.0,0.0,0.0,0.0,0.0003999525582791418,0.0
1.907176088044022,0.0,0.0,0.0,0.0,0.0004548291300650329,0.0
1.9124155827913958,0.0,0.0,0.0,0.0,0.0005097057018509263,0.0
1.9176550775387695,0.0,0.0,0.0,0.0,0.0005490916550775387,0.0
1.9228945722861432,0.0,0.0,0.0,0.0,0.000546204144572286,0.0
1.928134067033517,0.0,0.0,0.0,0.0,0.0005433166340670334,0.0
1.9333735617808905,0.0,0.0,0.0,0.0,0.0005404291235617809,0.0
1.9386130565282642,0.0,0.0,0.0,0.0,0.0005375416130565282,0.0
1.943852551275638,0.0,0.0,0.0,0.0,0.0005346541025512756,0.0
1.9490920460230117,0.0,0.0,0.0,0.0,0.0005317665920460229,0.0
1.9543315407703854,0.0,0.0,0.0,0.0,0.0005288790815407702,0.0
1.959571035517759,0.0,0.0,0.0,0.0,0.0005259915710355178,0.0
1.9648105302651326,0.0,0.0,0.0,0.0,0.0005231040605302651,0.0
1.9700500250125064,0.0,0.0,0.0,0.0,0.0005080334584792386,0.0
1.97528951975988,0.0,0.0,0.0,0.0,0.00045604439719859803,0.0
1.9805290145072538,0.0,0.0,0.0,0.0,0.00040405533591795747,0.0
1.9857685092546273,0.0,0.0,0.0,0.0,0.0003520662746373191,0.0
1.991008004002001,0.0,0.0,0.0,0.0,0.0003000772133566786,0.0
1.9962474987493748,0.0,0.0,0.0,0.0,0.00024808815207603806,0.0
2.0014869934967483,0.0,0.0,0.0,0.0,0.00019609909079539972,0.0
2.006726488244122,0.0,0.0,0.0,0.0,0.00014411002951475915,0.0
2.0119659829914958,0.0,0.0,0.0,0.0,9.212096823411865e-05,0.0
2.0172054777388695,0.0,0.0,0.0,0.0,4.0131906953478084e-05,0.0
2.022444972486243,0.0,0.0,0.0,0.0,0.0,0.0
2.027684467233617,0.0,0.0,0.0,0.0,0.0,0.0
2.0329239619809907,0.0,0.0,0.0,0.0,0.0,0.0
2.0381634567283644,0.0,0.0,0.0,0.0,0.0,0.0
2.043402951475738,0.0,0.0,0.0,0.0,0.0,0.0
2.048642446223112,0.0,0.0,0.0,0.0,0.0,0.0
2.053881940970485,0.0,0.0,0.0,0.0,0.0,0.0
2.059121435717859,0.0,0.0,0.0,0.0,0.0,0.0
2.0643609304652326,0.0,0.0,0.0,0.0,0.0,0.0
2.0696004252126063,0.0,0.0,0.0,0.0,0.0,0.0
2.07483991995998,0.0,0.0,0.0,0.0,0.0,0.0
2.080079414707354,0.0,0.0,0.0,0.0,0.0,0.0
2.0853189094547275,0.0,0.0,0.0,0.0,0.0,0.0
2.0905584042021013,0.0,0.0,0.0,0.0,0.0,0.0
2.095797898949475,0.0,0.0,0.0,0.0,0.0,0.0
2.1010373936968487,0.0,0.0,0.0,0.0,0.0,0.0
2.1062768884442225,0.0,0.0,0.0,0.0,0.0,0.0
2.1115163831915957,0.0,0.0,0.0,0.0,0.0,0.0
2.1167558779389695,0.0,0.0,0.0,0.0,0.0,0.0
2.121995372686343,0.0,0.0,0.0,0.0,0.0,0.0
2.127234867433717,0.0,0.0,0.0,0.0,0.0006399557886085119,0.0
2.1324743621810907,0.0,0.0,0.0,0.0,0.004044520584006268,0.0
2.1377138569284644,0.0,0.0,0.0,0.0,0.007449085379404025,0.0
2.142953351675838,0.0,0.0,0.0,0.0,0.010853650174801782,0.0
2.148192846423212,0.0,0.0,0.0,0.0,0.014258214970199537,0.0
2.1534323411705856,0.0,0.0,0.0,0.0,0.017662779765597294,0.0
2.1586718359179593,0.0,0.0,0.0,0.0,0.02106734456099505,0.0
2.1639113306653326,0.0,0.0,0.0,0.0,0.02447190935639252,0.0
2.1691508254127063,0.0,0.0,0.0,0.0,0.027876474151790273,0.0
2.17439032016008,0.0,0.0,0.0,0.0,0.03128103894718803,0.0
2.1796298149074538,0.0,0.0,0.0,0.0,0.03637125683994415,0.0
2.1848693096548275,0.0,0.0,0.0,0.0,0.04981426321513181,0.0
2.1901088044022012,0.0,0.0,0.0,0.0,0.06325726959031949,0.0
2.195348299149575,0.0,0.0,0.0,0.0,0.07670027596550716,0.0
2.2005877938969487,0.0,0.0,0.0,0.0,0.09014328234069482,0.0
2.2058272886443224,0.0,0.0,0.0,0.0,0.10358628871588249,0.0
2.211066783391696,0.0,0.0,0.0,0.0,0.11702929509107016,0.0
2.21630627813907,0.0,0.0,0.0,0.0,0.13047230146625782,0.0
2.221545772886443,0.0,0.0,0.0,0.0,0.14391530784144435,0.0
2.226785267633817,0.0,0.0,0.0,0.0,0.15735831421663204,0.0
2.2320247623811906,0.0,0.0,0.0,0.0,0.17280163432152945,0.0
2.2372642571285644,0.0,0.0,0.0,0.0,0.19977218608916364,0.0
2.242503751875938,0.0,0.0,0.0,0.0,0.22674273785679783,0.0
2.247743246623312,0.0,0.0,0.0,0.0,0.253713289624432,0.0
2.2529827413706855,0.0,0.0,0.0,0.0,0.2806838413920662,0.0
2.2582222361180593,0.0,0.0,0.0,0.0,0.30765439315970033,0.0
2.263461730865433,0.0,0.0,0.0,0.0,0.3346249449273345,0.0
2.2687012256128067,0.0,0.0,0.0,0.0,0.3615954966949687,0.0
2.27394072036018,0.0,0.0,0.0,0.0,0.3885660484626006,0.0
2.2791802151075538,0.0,0.0,0.0,0.0,0.4155366002302348,0.0
2.2844197098549275,0.0,0.0,0.0,0.0,0.4451295594540974,0.0
2.289659204602301,0.0,0.0,0.0,0.0,0.49261659308516315,0.0
2.294898699349675,0.0,0.0,0.0,0.0,0.5401036267162289,0.0
2.3001381940970487,0.0,0.0,0.0,0.0,0.5875906603472947,0.0
2.3053776888444224,0.0,0.0,0.0,0.0,0.6350776939783604,0.0
2.310617183591796,0.0,0.0,0.0,0.0,0.6825647276094262,0.0
2.31585667833917,0.0,0.0,0.0,0.0,0.730051761240492,0.0
2.3210961730865436,0.0,0.0,0.0,0.0,0.7775387948715577,0.0
2.3263356678339173,0.0,0.0,0.0,0.0,0.8250258285026235,0.0
2.3315751625812906,0.0,0.0,0.0,0.0,0.8725128621336853,0.0
2.3368146573286643,0.0,0.0,0.0,0.0,0.9217971924065953,0.0
2.342054152076038,0.0,0.0,0.0,0.0,0.985961466970128,0.0
2.347293646823412,0.0,0.0,0.0,0.0,1.0501257415336605,0.0
2.3525331415707855,0.0,0.0,0.0,0.0,1.1142900160971931,0.0
2.3577726363181593,0.0,0.0,0.0,0.0,1.1784542906607258,0.0
2.363012131065533,0.0,0.0,0.0,0.0,1.2426185652242583,0.0
2.3682516258129067,0.0,0.0,0.0,0.0,1.306782839787791,0.0
2.3734911205602804,0.0,0.0,0.0,0.0,1.3709471143513237,0.0
2.378730615307654,0.0,0.0,0.0,0.0,1.4351113889148561,0.0
2.3839701100550275,0.0,0.0,0.0,0.0,1.4992756634783833,0.0
2.389209604802401,0.0,0.0,0.0,0.0,1.564454540105031,0.0
2.394449099549775,0.0,0.0,0.0,0.0,1.6401852781880728,0.0
2.3996885942971486,0.0,0.0,0.0,0.0,1.7159160162711147,0.0
2.4049280890445224,0.0,0.0,0.0,0.0,1.7916467543541565,0.0
2.410167583791896,0.0,0.0,0.0,0.0,1.8673774924371984,0.0
2.41540707853927,0.0,0.0,0.0,0.0,1.9431082305202403,0.0
2.4206465732866436,0.0,0.0,0.0,0.0,2.018838968603282,0.0
2.4258860680340173,0.0,0.0,0.0,0.0,2.094569706686324,0.0
2.431125562781391,0.0,0.0,0.0,0.0,2.170300444769366,0.0
2.4363650575287643,0.0,0.0,0.0,0.0,2.246031182852401,0.0
2.441604552276138,0.0,0.0002555189605028567,0.0,0.0,2.321672601795123,1.1419082779272305e-05
2.4468440470235118,0.0,0.0040315213768247,0.0,0.0,2.3960834014712122,0.0001801677505174901
2.4520835417708855,0.0,0.007807523793146543,0.0,0.0,2.470494201147301,0.0003489164182557079
2.4573230365182592,0.0,0.011583526209468386,0.0,0.0,2.54490500082339,0.0005176650859939257
2.462562531265633,0.0,0.015359528625790228,0.0,0.0,2.619315800499479,0.0006864137537321435
2.4678020260130067,0.0,0.01913553104211207,0.0,0.0,2.693726600175568,0.0008551624214703613
2.4730415207603804,0.0,0.022911533458433914,0.0,0.0,2.768137399851657,0.001023911089208579
2.478281015507754,0.0,0.026687535874755756,0.0,0.0,2.842548199527746,0.001192659756946797
2.483520510255128,0.0,0.030463538291077598,0.0,0.0,2.9169589992038354,0.0013614084246850147
2.4887600050025016,0.0,0.03423954070739944,0.0,0.0,2.991369798879924,0.0015301570924232326
2.493999499749875,0.0,0.03832122490775264,0.0,0.0,3.0650983112417785,0.0017246667104347136
2.4992389944972486,0.0,0.04851654478873862,0.0,0.0,3.125181077319067,0.0024343953339116637
2.5044784892446224,0.0,0.05871186466972459,0.0,0.0,3.1852638433963563,0.0031441239573886137
2.509717983991996,0.0,0.06890718455071057,0.0,0.0,3.245346609473645,0.0038538525808655636
2.51495747873937,0.0,0.07910250443169654,0.0,0.0,3.3054293755509336,0.004563581204342514
2.5201969734867435,0.0,0.08929782431268252,0.0,0.0,3.3655121416282228,0.005273309827819464
2.5254364682341173,0.0,0.0994931441936685,0.0,0.0,3.4255949077055114,0.005983038451296414
2.530675962981491,0.0,0.10968846407465448,0.0,0.0,3.4856776737828006,0.006692767074773364
2.5359154577288647,0.0,0.11988378395564045,0.0,0.0,3.5457604398600893,0.007402495698250314
2.5411549524762385,0.0,0.1300791038366264,0.0,0.0,3.6058432059373784,0.008112224321727264
2.5463944472236117,0.0,0.14052068487316519,0.0,0.0,3.6652183484940215,0.008842603175363617
2.5516339419709855,0.0,0.1596485684874271,0.0,0.0,3.6996336795953226,0.010301371965534786
2.556873436718359,0.0,0.17877645210168897,0.0,0.0,3.7340490106966238,0.011760140755705957
2.562112931465733,0.0,0.19790433571595087,0.0,0.0,3.768464341797925,0.013218909545877126
2.5673524262131067,0.0,0.21703221933021277,0.0,0.0,3.802879672899226,0.014677678336048296
2.5725919209604804,0.0,0.23616010294447465,0.0,0.0,3.8372950040005267,0.016136447126219467
2.577831415707854,0.0,0.2552879865587365,0.0,0.0,3.871710335101828,0.017595215916390634
2.583070910455228,0.0,0.2744158701729984,0.0,0.0,3.906125666203129,0.019053984706561805
2.5883104052026016,0.0,0.29354375378726033,0.0,0.0,3.94054099730443,0.020512753496732976
2.5935498999499753,0.0,0.31267163740152226,0.0,0.0,3.974956328405731,0.021971522286904147
2.598789394697349,0.0,0.33187660502463684,0.0,1.878948075509453e-06,4.0092112470452275,0.02343260077453432
2.6040288894447223,0.0,0.3612566618161893,0.0,0.00025177904211523783,4.022291720726818,0.02519855932674939
2.609268384192096,0.0,0.39063671860774424,0.0,0.0005016791361549873,4.035372194408408,0.02696451787896461
2.61450787893947,0.0,0.4200167753992992,0.0,0.0007515792301947369,4.0484526680899995,0.028730476431179833
2.6197473736868435,0.0,0.44939683219085413,0.0,0.0010014793242344865,4.06153314177159,0.03049643498339505
2.6249868684342172,0.0,0.4787768889824091,0.0,0.001251379418274236,4.074613615453181,0.03226239353561027
2.630226363181591,0.0,0.5081569457739641,0.0,0.0015012795123139854,4.087694089134772,0.03402835208782549
2.6354658579289647,0.0,0.537537002565519,0.0,0.001751179606353735,4.100774562816363,0.03579431064004071
2.6407053526763384,0.0,0.5669170593570739,0.0,0.0020010797003934848,4.113855036497954,0.03756026919225593
2.645944847423712,0.0,0.5962971161486288,0.0,0.002250979794433234,4.126935510179544,0.03932622774447115
2.651184342171086,0.0,0.6256771729401838,0.0,0.0025008798884729837,4.140015983861136,0.04109218629668637
2.656423836918459,8.242454377188384e-05,0.6645758988511401,0.0,0.0030778037625772492,4.132380145176662,0.04348891313280487
2.661663331665833,0.00016589508429214504,0.7035954200554928,0.0,0.003658877684651911,4.124481409127137,0.04589364464257714
2.6669028264132066,0.0002493656248124062,0.7426149412598454,0.0,0.004239951606726572,4.1165826730776125,0.048298376152349415
2.6721423211605804,0.0003328361653326674,0.781634462464198,0.0,0.004821025528801234,4.108683937028087,0.05070310766212169
2.677381815907954,0.0004163067058529286,0.8206539836685506,0.0,0.005402099450875896,4.100785200978563,0.05310783917189396
2.682621310655328,0.0004997772463731898,0.8596735048729032,0.0,0.005983173372950557,4.0928864649290375,0.055512570681666235
2.6878608054027016,0.000583247786893451,0.8986930260772559,0.0,0.006564247295025218,4.084987728879513,0.05791730219143851
2.6931003001500753,0.0006667183274137122,0.9377125472816084,0.0,0.00714532121709988,4.077088992829988,0.06032203370121078
2.698339794897449,0.0007501888679339733,0.9767320684859611,0.0,0.007726395139174542,4.069190256780463,0.06272676521098305
2.7035792896448227,0.0008336594084542346,1.0157515896903138,0.0,0.008307469061249203,4.061291520730938,0.06513149672075533
2.7088187843921965,0.0008333321295647822,1.0602548797813458,0.0,0.009198618716005785,4.041880091228043,0.06791292694418383
2.7140582791395698,0.0008301826443221611,1.1049428563892825,0.0,0.010100211335852585,4.022080928525943,0.07070704391185435
2.7192977738869435,0.0008270331590795398,1.149630832997223,0.0,0.011001803955699462,4.0022817658238425,0.07350116087952512
2.724537268634317,0.0008238836738369184,1.1943188096051633,0.0,0.011903396575546336,3.982482603121741,0.07629527784719588
2.729776763381691,0.0008207341885942971,1.2390067862131038,0.0,0.012804989195393213,3.96268344041964,0.07908939481486665
2.7350162581290647,0.0008175847033516758,1.2836947628210442,0.0,0.01370658181524009,3.9428842777175386,0.08188351178253742
2.7402557528764384,0.0008144352181090544,1.3283827394289847,0.0,0.014608174435086965,3.9230851150154376,0.08467762875020818
2.745495247623812,0.0008112857328664331,1.373070716036925,0.0,0.015509767054933841,3.9032859523133365,0.08747174571787894
2.750734742371186,0.0008081362476238119,1.4177586926448655,0.0,0.016411359674780718,3.883486789611235,0.0902658626855497
2.7559742371185596,0.0008049867623811905,1.462446669252806,0.0,0.017312952294627593,3.863687626909134,0.09305997965322048
2.7612137318659333,0.0007287273686843377,1.509098461383281,0.0004394932110961279,0.018477167604826622,3.835798080416637,0.09661957250640797
2.7664532266133066,0.0006484063134067047,1.5558593543761148,0.0009034027116975351,0.01965597306448955,3.8074590681580096,0.10022169179767937
2.7716927213606803,0.0005680852581290649,1.6026202473689526,0.0013673122122989814,0.020834778524152574,3.77912005589938,0.10382381108895108
2.776932216108054,0.000487764202851425,1.6493811403617906,0.001831221712900428,0.0220135839838156,3.7507810436407505,0.1074259303802228
2.782171710855428,0.0004074431475737852,1.6961420333546284,0.0022951312135018743,0.023192389443478626,3.7224420313821205,0.11102804967149452
2.7874112056028015,0.00032712209229614534,1.7429029263474662,0.002759040714103321,0.02437119490314165,3.694103019123491,0.11463016896276623
2.7926507003501753,0.0002468010370185055,1.789663819340304,0.0032229502147047675,0.02555000036280468,3.6657640068648614,0.11823228825403795
2.797890195097549,0.00016647998174086566,1.836424712333142,0.003686859715306214,0.026728805822467703,3.6374249946062314,0.12183440754530966
2.8031296898449227,8.615892646322582e-05,1.88318560532598,0.00415076921590766,0.027907611282130727,3.609085982347602,0.12543652683658138
2.8083691845922965,5.837871185585984e-06,1.9299464983188177,0.004614678716509107,0.029086416741793755,3.5807469700889722,0.1290386461278531
2.81360867933967,0.0,1.9725662383663403,0.005237368420392596,0.030642051126750374,3.548725784463659,0.13347415547307728
2.818848174087044,0.0,2.0148614015613924,0.005872503059127906,0.032227220751797535,3.5164159960609576,0.13797498457928686
2.824087668834417,0.0,2.0571565647564407,0.0065076376978631615,0.03381239037684455,3.484106207658259,0.14247581368549608
2.829327163581791,0.0,2.099451727951493,0.007142772336598471,0.03539756000189172,3.4517964192555577,0.14697664279170566
2.8345666583291647,0.0,2.1417468911465454,0.00777790697533378,0.036982729626938875,3.419486630852856,0.15147747189791524
2.8398061530765384,0.0,2.1840420543415973,0.00841304161406909,0.03856789925198603,3.3871768424501547,0.15597830100412483
2.845045647823912,0.0,2.2263372175366496,0.0090481762528044,0.040153068877033196,3.3548670540474532,0.1604791301103344
2.850285142571286,0.0,2.2686323807317015,0.009683310891539709,0.04173823850208035,3.3225572656447517,0.164979959216544
2.8555246373186596,0.0,2.310927543926754,0.010318445530275019,0.04332340812712751,3.2902474772420502,0.16948078832275357
2.8607641320660333,0.0,2.3532227071218057,0.010953580169010328,0.04490857775217467,3.257937688839349,0.17398161742896315
2.866003626813407,0.00038943950506808083,2.389135695578359,0.01172157180702004,0.046929548496711465,3.222528998436337,0.1789682733109644
2.8712431215607808,0.0008186836004331555,2.4243963623074967,0.012503142751585414,0.04899506244959386,3.1868035694310843,0.18400458552087806
2.876482616308154,0.0012479276957981938,2.4596570290366313,0.013284713696150724,0.05106057640247609,3.151078140425834,0.18904089773079127
2.881722111055528,0.0016771717911632684,2.494917695765769,0.014066284640716098,0.053126090355358487,3.115352711420581,0.1940772099407049
2.8869616058029015,0.002106415886528343,2.530178362494907,0.014847855585281473,0.05519160430824088,3.079627282415328,0.19911352215061856
2.8922011005502752,0.0025356599818934177,2.5654390292240445,0.01562942652984685,0.057257118261123285,3.0439018534100746,0.2041498343605322
2.897440595297649,0.0029649040772584925,2.6006996959531823,0.016410997474412225,0.05932263221400568,3.0081764244048212,0.20918614657044582
2.9026800900450227,0.003394148172623567,2.63596036268232,0.017192568418977597,0.06138814616688808,2.9724509953995684,0.21422245878035948
2.9079195847923964,0.003823392267988642,2.671221029411458,0.017974139363542974,0.06345366011977048,2.936725566394315,0.2192587709902731
2.91315907953977,0.004252636363353717,2.7064816961405955,0.01875571030810835,0.06551917407265287,2.9010001373890617,0.22429508320018676
2.918398574287144,0.005648535088830819,2.7327876938289455,0.019764137103556734,0.06813256187681516,2.8688584630165543,0.23069526900562928
2.9236380690345176,0.007167313640169516,2.7579553861307553,0.02080140150716819,0.07081559466207228,2.8371723506736326,0.23726882857321518
2.9288775637818913,0.008686092191508215,2.7831230784325656,0.021838665910779643,0.07349862744732939,2.805486238330711,0.24384238814080111
2.9341170585292646,0.010204870742846784,2.8082907707343736,0.02287593031439101,0.0761816602325863,2.7738001259877922,0.25041594770838643
2.9393565532766384,0.01172364929418548,2.8334584630361834,0.023913194718002465,0.0788646930178434,2.7421140136448705,0.25698950727597236
2.944596048024012,0.01324242784552418,2.8586261553379937,0.02495045912161392,0.08154772580310053,2.7104279013019488,0.26356306684355824
2.949835542771386,0.014761206396862877,2.8837938476398035,0.025987723525225374,0.08423075858835766,2.678741788959027,0.27013662641114417
2.9550750375187596,0.016279984948201577,2.9089615399416138,0.027024987928836827,0.08691379137361477,2.6470556766161057,0.27671018597873004
2.9603145322661333,0.017798763499540272,2.9341292322434236,0.028062252332448287,0.0895968241588719,2.615369564273184,0.28328374554631597
2.965554027013507,0.01931754205087897,2.959296924545234,0.02909951673605974,0.09227985694412902,2.5836834519302623,0.28985730511390184
2.9707935217608807,0.021448790053258136,2.97428000945739,0.03065212414591018,0.09550433728560574,2.5535754916448457,0.29677176347531453
2.9760330165082545,0.023673855630507626,2.9877030244514775,0.0322836713804157,0.0988117561255785,2.52370927141448,0.3037384404380937
2.981272511255628,0.02589892120775712,3.0011260394455657,0.033915218614921215,0.10211917496555127,2.4938430511841143,0.3107051174008729
2.9865120060030015,0.02812398678500642,3.0145490544396525,0.03554676584942659,0.10542659380552376,2.4639768309537513,0.31767179436365156
2.991751500750375,0.030349052362255914,3.0279720694337406,0.03717831308393211,0.10873401264549654,2.434110610723386,0.32463847132643076
2.996990995497749,0.032574117939505404,3.041395084427829,0.038809860318437625,0.1120414314854693,2.4042443904930204,0.33160514828920995
3.0022304902451227,0.03479918351675489,3.054818099421917,0.04044140755294315,0.11534885032544206,2.3743781702626547,0.33857182525198914
3.0074699849924964,0.03702424909400438,3.068241114416005,0.042072954787448665,0.11865626916541483,2.3445119500322895,0.34553850221476834
3.01270947973987,0.03924931467125388,3.081664129410093,0.04370450202195418,0.1219636880053876,2.314645729801924,0.3525051791775476
3.017948974487244,0.04147438024850337,3.095087144404181,0.0453360492564597,0.12527110684536036,2.284779509571558,0.3594718561403268
3.0231884692346176,0.04430283253261254,3.10002888229445,0.0473108668638278,0.12922249710478434,2.257756331618332,0.3669957939738513
3.0284279639819913,0.04724018005079986,3.103439975500303,0.04934763563316218,0.13329010705825123,2.2312462470938197,0.37462030255623807
3.033667458729365,0.05017752756898718,3.106851068706156,0.05138440440249657,0.13735771701171812,2.204736162569307,0.38224481113862485
3.0389069534767383,0.05311487508717426,3.1102621619120083,0.05342117317183078,0.14142532696518467,2.178226078044797,0.38986931972101097
3.044146448224112,0.05605222260536158,3.1136732551178614,0.05545794194116517,0.14549293691865153,2.1517159935202845,0.39749382830339774
3.049385942971486,0.058989570123548905,3.1170843483237145,0.05749471071049955,0.14956054687211842,2.125205908995772,0.4051183368857845
3.0546254377188595,0.06192691764173623,3.120495441529567,0.059531479479833935,0.1536281568255853,2.09869582447126,0.4127428454681713
3.0598649324662333,0.06486426515992355,3.1239065347354202,0.061568248249168324,0.1576957667790522,2.0721857399467476,0.4203673540505581
3.065104427213607,0.06780161267811088,3.1273176279412733,0.06360501701850271,0.1617633767325191,2.0456756554222353,0.42799186263294486
3.0703439219609807,0.0707389601962982,3.130728721147126,0.0656417857878371,0.16583098668598598,2.019165570897723,0.4356163712153316
3.0755834167083544,0.07443204716603433,3.1270822428590175,0.06807853565058253,0.17031682389050015,1.9952451200161032,0.44403028757609214
3.080822911455728,0.07828315238473063,3.1219600905312626,0.07059891792376843,0.1748901086111424,1.9718661379870885,0.45260926192687617
3.086062406203102,0.08213425760342692,3.1168379382035076,0.07311930019695434,0.17946339333178465,1.9484871559580736,0.46118823627766026
3.0913019009504756,0.08598536282212323,3.111715785875753,0.07563968247014025,0.1840366780524269,1.925108173929059,0.4697672106284443
3.096541395697849,0.0898364680408192,3.1065936335479987,0.07816006474332593,0.18860996277306877,1.901729191900046,0.47834618497922765
3.1017808904452226,0.09368757325951549,3.1014714812202437,0.08068044701651184,0.19318324749371102,1.8783502098710312,0.4869251593300117
3.1070203851925964,0.0975386784782118,3.096349328892489,0.08320082928969774,0.19775653221435327,1.8549712278420165,0.49550413368079577
3.11225987993997,0.10138978369690808,3.0912271765647343,0.08572121156288363,0.20232981693499552,1.8315922458130016,0.5040831080315799
3.117499374687344,0.10524088891560439,3.0861050242369794,0.08824159383606954,0.20690310165563777,1.808213263783987,0.5126620823823639
3.1227388694347176,0.10909199413430068,3.0809828719092245,0.09076197610925545,0.21147638637628002,1.784834281754972,0.5212410567331479
3.1279783641820913,0.11386650808086096,3.0705813194777054,0.09352247791994166,0.21656611713344945,1.7650967233527712,0.5304583189541672
3.133217858929465,0.11886183715799732,3.058917301803982,0.0963403996200301,0.22177934585587528,1.7462299401656776,0.539828215231112
3.1384573536768388,0.12385716623513367,3.047253284130259,0.09915832132011855,0.22699257457830113,1.727363156978584,0.549198111508057
3.1436968484242125,0.12885249531227,3.0355892664565354,0.10197624302020698,0.232205803300727,1.7084963737914902,0.5585680077850018
3.1489363431715858,0.13384782438940593,3.023925248782813,0.10479416472029518,0.2374190320231524,1.6896295906043983,0.567937904061946
3.1541758379189595,0.13884315346654227,3.0122612311090897,0.10761208642038363,0.24263226074557825,1.6707628074173047,0.577307800338891
3.1594153326663332,0.14383848254367865,3.0005972134353667,0.11043000812047207,0.2478454894680041,1.651896024230211,0.5866776966158358
3.164654827413707,0.148833811620815,2.988933195761643,0.1132479298205605,0.25305871819042997,1.6330292410431173,0.5960475928927808
3.1698943221610807,0.15382914069795134,2.97726917808792,0.11606585152064895,0.2582719469128558,1.6141624578560236,0.6054174891697256
3.1751338169084544,0.15882446977508768,2.9656051604141966,0.1188837732207374,0.2634851756352817,1.59529567466893,0.6147873854466706
3.180373311655828,0.16484190220741288,2.951031777375858,0.12243366058376112,0.26934029148639116,1.5778643067689084,0.6245257225956783
3.185612806403202,0.17113601866900888,2.935670827280219,0.12618169151796158,0.2753691665920806,1.5608215067013744,0.634363796923429
3.1908523011505756,0.17743013513060488,2.92030987718458,0.12992972245216203,0.28139804169777005,1.5437787066338404,0.6442018712511799
3.1960917958979493,0.1837242515922009,2.9049489270889413,0.13367775338636248,0.28742691680345944,1.5267359065663064,0.6540399455789307
3.201331290645323,0.1900183680537969,2.8895879769933024,0.13742578432056293,0.2934557919091489,1.5096931064987724,0.6638780199066815
3.2065707853926964,0.19631248451539238,2.874227026897665,0.14117381525476308,0.2994846670148378,1.49265030643124,0.6737160942344315
3.21181028014007,0.20260660097698838,2.858866076802026,0.14492184618896353,0.3055135421205272,1.475607506363706,0.6835541685621823
3.217049774887444,0.20890071743858438,2.843505126706387,0.14866987712316398,0.3115424172262167,1.458564706296172,0.6933922428899332
3.2222892696348175,0.2151948339001804,2.8281441766107482,0.15241790805736444,0.31757129233190606,1.441521906228638,0.7032303172176839
3.2275287643821913,0.2214889503617764,2.8127832265151094,0.1561659389915649,0.3236001674375955,1.424479106161104,0.7130683915454348
3.232768259129565,0.22856545982480855,2.794848301211886,0.1602516283556388,0.3302595911789558,1.41026953837857,0.7227990823354086
3.2380077538769387,0.23587975539612022,2.7761310893259656,0.1644399393993801,0.3371106522507651,1.3969210509963788,0.7324971369521364
3.2432472486243125,0.24319405096743188,2.7574138774400456,0.16862825044312138,0.34396171332257436,1.3835725636141876,0.7421951915688643
3.248486743371686,0.25050834653874354,2.738696665554125,0.1728165614868627,0.35081277439438363,1.3702240762319964,0.7518932461855921
3.25372623811906,0.25782264211005523,2.7199794536682047,0.17700487253060398,0.35766383546619285,1.3568755888498054,0.7615913008023198
3.258965732866433,0.26513693768136626,2.701262241782286,0.1811931835743449,0.3645148965380015,1.3435271014676153,0.7712893554190469
3.264205227613807,0.2724512332526779,2.682545029896366,0.18538149461808623,0.3713659576098108,1.3301786140854241,0.7809874100357748
3.2694447223611807,0.2797655288239896,2.6638278180104455,0.18956980566182752,0.37821701868162005,1.316830126703233,0.7906854646525026
3.2746842171085544,0.2870798243953012,2.645110606124525,0.1937581167055688,0.3850680797534293,1.3034816393210418,0.8003835192692303
3.279923711855928,0.2943941199666129,2.626393394238605,0.1979464277493101,0.39191914082523854,1.2901331519388506,0.8100815738859581
3.285163206603302,0.3025786793420434,2.607337531184527,0.20243512538683966,0.39929986072012885,1.2771056819172206,0.8201874212541972
3.2904027013506756,0.3110581938994068,2.5881668903855366,0.20702563190347195,0.40686009585371435,1.264187013081553,0.8304314802596933
3.2956421960980493,0.3195377084567702,2.568996249586546,0.2116161384201042,0.41442033098729986,1.251268344245885,0.8406755392651895
3.300881690845423,0.32801722301413355,2.5498256087875557,0.2162066449367365,0.42198056612088536,1.238349675410217,0.8509195982706855
3.3061211855927968,0.33649673757149695,2.530654967988565,0.22079715145336878,0.42954080125447086,1.225431006574549,0.8611636572761817
3.3113606803401705,0.3449762521288603,2.511484327189575,0.22538765797000104,0.43710103638805636,1.2125123377388811,0.8714077162816778
3.316600175087544,0.35345576668622297,2.492313686390586,0.22997816448663294,0.44466127152164125,1.1995936689032145,0.8816517752871731
3.3218396698349175,0.3619352812435863,2.4731430455915953,0.23456867100326523,0.45222150665522676,1.1866750000675466,0.8918958342926692
3.3270791645822912,0.3704147958009497,2.453972404792605,0.2391591775198975,0.45978174178881226,1.1737563312318786,0.9021398932981654
3.332318659329665,0.3788943103583131,2.4348017639936144,0.24374968403652977,0.46734197692239776,1.1608376623962107,0.9123839523036614
3.3375581540770387,0.3880234356837531,2.4157726007433227,0.24883878908268672,0.47501169126066195,1.149401195753544,0.9228694826973175
3.3427976488244124,0.3973967250565047,2.3967966135371963,0.254115298403734,0.4827225546793054,1.138521832693764,0.9334457730265234
3.348037143571786,0.40677001442925625,2.3778206263310704,0.2593918077247812,0.4904334180979489,1.127642469633984,0.9440220633557294
3.35327663831916,0.4161433038020078,2.3588446391249445,0.26466831704582844,0.49814428151659235,1.1167631065742039,0.9545983536849352
3.3585161330665336,0.4255165931747594,2.3398686519188185,0.2699448263668757,0.5058551449352358,1.105883743514424,0.9651746440141411
3.3637556278139074,0.434889882547511,2.3208926647126926,0.27522133568792295,0.5135660083538793,1.0950043804546439,0.9757509343433469
3.3689951225612806,0.44426317192026177,2.301916677506568,0.2804978450089698,0.5212768717725221,1.0841250173948649,0.986327224672552
3.3742346173086544,0.4536364612930134,2.282940690300442,0.285774354330017,0.5289877351911656,1.0732456543350848,0.9969035150017579
3.379474112056028,0.46300975066576494,2.263964703094316,0.29105086365106425,0.536698598609809,1.0623662912753047,1.0074798053309637
3.384713606803402,0.4723830400385165,2.2449887158881903,0.29632737297211154,0.5444094620284525,1.0514869282155248,1.0180560956601696
3.3899531015507756,0.4822880151156563,2.2261606160949134,0.30194184080452346,0.5525530413836781,1.041550815844089,1.0282702118997231
3.3951925962981493,0.49241358319780815,2.207393873845266,0.3076965254661186,0.560876151818975,1.032006052162498,1.0383340644212293
3.400432091045523,0.50253915127996,2.1886271315956187,0.3134512101277137,0.569199262254272,1.0224612884809072,1.0483979169427358
3.4056715857928967,0.5126647193621118,2.169860389345971,0.31920589478930883,0.577522372689569,1.0129165247993164,1.058461769464242
3.4109110805402705,0.5227902874442636,2.1510936470963236,0.32496057945090395,0.5858454831248658,1.0033717611177255,1.0685256219857484
3.416150575287644,0.5329158555264155,2.1323269048466758,0.3307152641124991,0.5941685935601628,0.9938269974361348,1.0785894745072546
3.421390070035018,0.5430414236085673,2.1135601625970284,0.3364699487740942,0.6024917039954597,0.9842822337545439,1.0886533270287608
3.4266295647823912,0.5531669916907183,2.0947934203473824,0.3422246334356889,0.6108148144307559,0.9747374700729539,1.0987171795502664
3.431869059529765,0.5632925597728702,2.0760266780977346,0.347979318097284,0.6191379248660529,0.965192706391363,1.1087810320717726
3.4371085542771387,0.573418127855022,2.057259935848087,0.3537340027588791,0.6274610353013499,0.9556479427097722,1.118844884593279
3.4423480490245124,0.5839647894864441,2.0393042411179243,0.3596138998750602,0.6360147573156208,0.9470935781788995,1.1283194745600174
3.447587543771886,0.5947035558392488,2.0217185498181833,0.36555091946139906,0.6446736853421976,0.938991038078099,1.1375252403685585
3.45282703851926,0.6054423221920534,2.0041328585184424,0.37148793904773797,0.6533326133687742,0.9308884979772986,1.1467310061770997
3.4580665332666336,0.6161810885448581,1.9865471672187012,0.3774249586340769,0.661991541395351,0.922785957876498,1.1559367719856408
3.4633060280140073,0.6269198548976628,1.9689614759189602,0.38336197822041573,0.6706504694219277,0.9146834177756975,1.1651425377941822
3.468545522761381,0.6376586212504674,1.9513757846192192,0.38929899780675464,0.6793093974485044,0.906580877674897,1.1743483036027234
3.473785017508755,0.648397387603272,1.9337900933194783,0.3952360173930935,0.6879683254750811,0.8984783375740966,1.1835540694112645
3.479024512256128,0.6591361539560758,1.9162044020197389,0.4011730369794319,0.6966272535016571,0.8903757974732966,1.192759835219805
3.484264007003502,0.6698749203088804,1.8986187107199977,0.4071100565657708,0.7052861815282339,0.8822732573724962,1.2019656010283462
3.4895035017508755,0.6806136866616851,1.8810330194202567,0.41304707615210967,0.7139451095548105,0.8741707172716957,1.2111713668368875
3.4947429964982493,0.6917301867416663,1.864294761621888,0.41948813198323853,0.7226717299440506,0.8663500542546038,1.220196845954222
3.499982491245623,0.7030355536852358,1.8479802205742049,0.4261812059367624,0.7314321965146224,0.8586703297793661,1.2291321817259535
3.5052219859929967,0.7143409206288054,1.8316656795265218,0.43287427989028626,0.7401926630851943,0.8509906053041285,1.238067517497685
3.5104614807403705,0.7256462875723748,1.815351138478839,0.43956735384381007,0.7489531296557661,0.8433108808288908,1.2470028532694164
3.515700975487744,0.7369516545159444,1.799036597431156,0.44626042779733394,0.7577135962263379,0.8356311563536531,1.2559381890411478
3.520940470235118,0.7482570214595139,1.782722056383473,0.45295350175085775,0.7664740627969098,0.8279514318784155,1.2648735248128793
3.5261799649824916,0.7595623884030834,1.76640751533579,0.4596465757043816,0.7752345293674816,0.8202717074031778,1.2738088605846107
3.531419459729865,0.770867755346652,1.7500929742881084,0.46633964965790486,0.7839949959380527,0.8125919829279408,1.2827441963563415
3.5366589544772387,0.7821731222902215,1.7337784332404256,0.4730327236114287,0.7927554625086244,0.8049122584527032,1.2916795321280727
3.5418984492246124,0.7934784892337909,1.7174638921927425,0.47972579756495254,0.8015159290791962,0.7972325339774655,1.3006148678998042
3.547137943971986,0.8049022340042629,1.7025288579962967,0.4868380922109615,0.8102582545866424,0.7903919321003126,1.3093087497769587
3.55237743871936,0.8163906736336232,1.6883477403348295,0.49417949584007287,0.8189906657921476,0.7840099204802524,1.3178706742931232
3.5576169334667336,0.8278791132629835,1.6741666226733622,0.5015208994691842,0.827723076997653,0.7776279088601923,1.3264325988092878
3.5628564282141073,0.8393675528923438,1.659985505011895,0.5088623030982956,0.8364554882031583,0.7712458972401321,1.3349945233254523
3.568095922961481,0.8508559925217041,1.6458043873504278,0.5162037067274069,0.8451878994086636,0.764863885620072,1.343556447841617
3.5733354177088548,0.8623444321510644,1.6316232696889605,0.5235451103565183,0.853920310614169,0.7584818740000119,1.3521183723577817
3.5785749124562285,0.8738328717804247,1.6174421520274933,0.5308865139856296,0.8626527218196742,0.7520998623799519,1.3606802968739462
3.5838144072036022,0.885321311409785,1.603261034366026,0.538227917614741,0.8713851330251795,0.7457178507598917,1.3692422213901108
3.5890539019509755,0.8968097510391443,1.58907991670456,0.5455693212438517,0.8801175442306841,0.7393358391398321,1.3778041459062746
3.5942933966983492,0.9082981906685046,1.5748987990430927,0.552910724872963,0.8888499554361894,0.732953827519772,1.3863660704224392
3.599532891445723,0.9198022324355797,1.5614255963296297,0.5602552358768516,0.8975914005592331,0.7268340629250103,1.3941961829125595
3.6047723861930967,0.9313155730767327,1.5483743109251775,0.5676015988761072,0.9063382298971299,0.7208705975573264,1.4015901354351579
3.6100118809404704,0.9428289137178858,1.5353230255207253,0.5749479618753628,0.9150850592350266,0.7149071321896425,1.408984087957756
3.615251375687844,0.9543422543590389,1.522271740116273,0.5822943248746185,0.9238318885729232,0.7089436668219588,1.416378040480354
3.620490870435218,0.9658555950001919,1.5092204547118206,0.5896406878738741,0.9325787179108199,0.7029802014542749,1.4237719930029522
3.6257303651825916,0.977368935641345,1.4961691693073684,0.5969870508731298,0.9413255472487166,0.697016736086591,1.4311659455255503
3.6309698599299653,0.988882276282498,1.4831178839029162,0.6043334138723854,0.9500723765866133,0.6910532707189071,1.4385598980481487
3.636209354677339,1.0003956169236512,1.470066598498464,0.6116797768716411,0.95881920592451,0.6850898053512232,1.4459538505707468
3.6414488494247124,1.0119089575648033,1.4570153130940127,0.619026139870896,0.9675660352624059,0.6791263399835399,1.4533478030933442
3.646688344172086,1.0234222982059564,1.4439640276895604,0.6263725028701518,0.9763128646003025,0.673162874615856,1.4607417556159425
3.65192783891946,1.0346674961247913,1.4308175264614582,0.6339464474847751,0.98514728977824,0.6684200382359041,1.467776654951467
3.6571673336668336,1.0457387336824526,1.4176092529841284,0.6416680380234183,0.9940385436623195,0.6644690975215468,1.4745786148226505
3.6624068284142073,1.056809971240114,1.4044009795067989,0.6493896285620613,1.002929797546399,0.6605181568071896,1.481380574693834
3.667646323161581,1.0678812087977754,1.391192706029469,0.6571112191007045,1.0118210514304784,0.6565672160928324,1.4881825345650173
3.6728858179089547,1.0789524463554367,1.3779844325521393,0.6648328096393474,1.020712305314558,0.6526162753784752,1.4949844944362007
3.6781253126563285,1.0900236839130983,1.3647761590748095,0.6725544001779906,1.0296035591986374,0.6486653346641179,1.5017864543073842
3.683364807403702,1.1010949214707597,1.35156788559748,0.6802759907166336,1.038494813082717,0.6447143939497607,1.5085884141785677
3.688604302151076,1.112166159028421,1.3383596121201502,0.6879975812552768,1.0473860669667965,0.6407634532354035,1.5153903740497512
3.6938437968984497,1.1232373965860825,1.3251513386428204,0.6957191717939197,1.056277320850876,0.6368125125210463,1.5221923339209344
3.699083291645823,1.134308634143743,1.311943065165492,0.7034407623325623,1.0651685747349549,0.6328615718066894,1.5289942937921175
3.7043227863931967,1.1450278845076378,1.2994832168457215,0.7112165093891366,1.0739185775385054,0.6291733378236979,1.5353271103558446
3.7095622811405704,1.155498938773364,1.2875511042139738,0.7190304437339959,1.08256898022117,0.6256703457666694,1.5413291207412372
3.714801775887944,1.1659699930390903,1.275618991582226,0.7268443780788553,1.0912193829038348,0.6221673537096408,1.5473311311266298
3.720041270635318,1.1764410473048166,1.2636868789504785,0.7346583124237145,1.0998697855864994,0.6186643616526123,1.5533331415120224
3.7252807653826916,1.1869121015705428,1.2517547663187307,0.7424722467685738,1.1085201882691642,0.6151613695955838,1.559335151897415
3.7305202601300653,1.197383155836269,1.239822653686983,0.7502861811134331,1.1171705909518288,0.6116583775385552,1.5653371622828076
3.735759754877439,1.2078542101019953,1.2278905410552352,0.7581001154582925,1.1258209936344936,0.6081553854815267,1.5713391726682002
3.740999249624813,1.2183252643677216,1.2159584284234874,0.7659140498031518,1.1344713963171582,0.6046523934244982,1.5773411830535928
3.7462387443721865,1.2287963186334478,1.2040263157917397,0.773727984148011,1.143121798999823,0.6011494013674696,1.5833431934389854
3.75147823911956,1.2392673728991732,1.192094203159993,0.7815419184928697,1.151772201682487,0.5976464093104413,1.5893452038243776
3.7567177338669335,1.249463619130399,1.1813072529493867,0.7893680853089149,1.1602284345935636,0.5943413528518549,1.5943637700059397
3.7619572286143073,1.2594495034591089,1.1713969093708927,0.7972036159192748,1.1685360331219645,0.5911878134664121,1.5986295227040388
3.767196723361681,1.2694353877878188,1.1614865657923987,0.8050391465296348,1.1768436316503654,0.5880342740809694,1.602895275402138
3.7724362181090547,1.2794212721165288,1.1515762222139048,0.8128746771399947,1.1851512301787666,0.5848807346955266,1.6071610281002369
3.7776757128564284,1.289407156445239,1.1416658786354108,0.8207102077503547,1.1934588287071675,0.5817271953100839,1.611426780798336
3.782915207603802,1.299393040773949,1.131755535056917,0.8285457383607147,1.2017664272355684,0.578573655924641,1.6156925334964352
3.788154702351176,1.3093789251026589,1.121845191478423,0.8363812689710747,1.2100740257639693,0.5754201165391983,1.619958286194534
3.7933941970985496,1.3193648094313688,1.1119348478999291,0.8442167995814346,1.2183816242923702,0.5722665771537556,1.6242240388926332
3.7986336918459234,1.3293506937600787,1.1020245043214352,0.8520523301917946,1.226689222820771,0.5691130377683128,1.6284897915907321
3.803873186593297,1.3393365780887887,1.0921141607429412,0.8598878608021545,1.234996821349172,0.5659594983828701,1.6327555442888313
3.8091126813406704,1.3486625736958762,1.082942103223231,0.8679092159337355,1.2428782155029001,0.5629730277626912,1.6363867702785162
3.814352176088044,1.3574406800432692,1.0743830263303071,0.8760848565622947,1.2504057427216946,0.5601252701999098,1.6394911644598393
3.819591670835418,1.3662187863906625,1.0658239494373836,0.8842604971908539,1.2579332699404893,0.5572775126371283,1.6425955586411627
3.8248311655827916,1.3749968927380556,1.0572648725444598,0.8924361378194131,1.2654607971592837,0.554429755074347,1.6456999528224858
3.8300706603301653,1.3837749990854489,1.048705795651536,0.9006117784479722,1.2729883243780784,0.5515819975115656,1.648804347003809
3.835310155077539,1.392553105432842,1.0401467187586122,0.9087874190765315,1.2805158515968729,0.5487342399487841,1.6519087411851323
3.8405496498249128,1.4013312117802352,1.0315876418656884,0.9169630597050907,1.2880433788156676,0.5458864823860027,1.6550131353664554
3.8457891445722865,1.4101093181276283,1.0230285649727646,0.9251387003336499,1.295570906034462,0.5430387248232214,1.6581175295477788
3.85102863931966,1.4188874244750216,1.014469488079841,0.9333143409622091,1.3030984332532565,0.5401909672604399,1.661221923729102
3.856268134067034,1.4276655308224147,1.0059104111869173,0.9414899815907684,1.3106259604720512,0.5373432096976585,1.6643263179104253
3.8615076288144072,1.4360253474415734,0.9977144296969229,0.94945193021658,1.3179146020627266,0.5350065905941069,1.6666972288591755
3.866747123561781,1.4440087033053228,0.9898452340695637,0.9572215560399203,1.3249882465880962,0.5331299961038618,1.6684080048986103
3.8719866183091547,1.451992059169072,0.9819760384422045,0.9649911818632606,1.3320618911134656,0.5312534016136167,1.6701187809380453
3.8772261130565284,1.4599754150328212,0.9741068428148453,0.9727608076866009,1.3391355356388353,0.5293768071233714,1.6718295569774801
3.882465607803902,1.4679587708965705,0.9662376471874861,0.9805304335099412,1.3462091801642049,0.5275002126331263,1.6735403330169152
3.887705102551276,1.4759421267603199,0.9583684515601268,0.9883000593332816,1.3532828246895743,0.5256236181428812,1.67525110905635
3.8929445972986496,1.483925482624069,0.9504992559327676,0.9960696851566219,1.360356469214944,0.523747023652636,1.676961885095785
3.8981840920460233,1.4919088384878183,0.9426300603054084,1.0038393109799622,1.3674301137403133,0.5218704291623909,1.6786726611352198
3.903423586793397,1.4998921943515675,0.9347608646780492,1.0116089368033023,1.374503758265683,0.5199938346721458,1.6803834371746549
3.908663081540771,1.5078755502153167,0.9268916690506899,1.0193785626266427,1.3815774027910526,0.5181172401819005,1.6820942132140897
3.9139025762881445,1.5152366105735753,0.9196615571382663,1.0272568166248588,1.3881216844424882,0.5162897129371592,1.6834538559401144
3.919142071035518,1.521990778780439,0.9130547100369434,1.0352410099817404,1.3941497062614239,0.5145100384021418,1.6844710567713779
3.9243815657828915,1.5287449469873031,0.90644786293562,1.0432252033386225,1.40017772808036,0.5127303638671242,1.6854882576026413
3.9296210605302653,1.5354991151941673,0.8998410158342965,1.0512093966955045,1.4062057498992964,0.5109506893321067,1.6865054584339048
3.934860555277639,1.5422532834010316,0.8932341687329731,1.0591935900523866,1.4122337717182325,0.5091710147970893,1.6875226592651682
3.9401000500250127,1.5490074516078958,0.8866273216316497,1.0671777834092688,1.4182617935371686,0.5073913402620717,1.6885398600964316
3.9453395447723865,1.5557616198147601,0.8800204745303263,1.0751619767661509,1.4242898153561048,0.5056116657270542,1.689557060927695
3.95057903951976,1.5625157880216243,0.8734136274290029,1.083146170123033,1.430317837175041,0.5038319911920367,1.6905742617589585
3.955818534267134,1.5692699562284884,0.8668067803276794,1.091130363479915,1.4363458589939773,0.5020523166570191,1.691591462590222
3.9610580290145077,1.5760241244353528,0.860199933226356,1.0991145568367973,1.4423738808129134,0.5002726421220016,1.6926086634214854
3.9662975237618814,1.5820635220191954,0.8540719783471697,1.1068852370381885,1.4480452655486242,0.4990770444877917,1.6931300008764514
3.9715370185092547,1.5873476207488142,0.8484500693728194,1.1144302976680558,1.4533397915108237,0.4984986415168063,1.6931273589904845
3.9767765132566284,1.5926317194784332,0.8428281603984685,1.1219753582979235,1.4586343174730234,0.4979202385458208,1.6931247171045176
3.982016008004002,1.5979158182080524,0.8372062514241178,1.1295204189277912,1.4639288434352233,0.4973418355748353,1.6931220752185507
3.987255502751376,1.6031999169376716,0.8315843424497669,1.1370654795576591,1.4692233693974233,0.4967634326038498,1.6931194333325839
3.9924949974987496,1.6084840156672906,0.8259624334754161,1.1446105401875268,1.474517895359623,0.4961850296328643,1.693116791446617
3.9977344922461233,1.6137681143969098,0.8203405245010653,1.1521556008173945,1.479812421321823,0.4956066266618788,1.69311414956065
4.002973986993497,1.6190522131265286,0.814718615526715,1.1597006614472618,1.4851069472840221,0.4950282236908934,1.6931115076746832
4.008213481740871,1.624336311856148,0.8090967065523637,1.1672457220771302,1.4904014732462225,0.49444982071990784,1.6931088657887163
4.013452976488244,1.6296204105857668,0.8034747975780133,1.1747907827069974,1.495695999208422,0.4938714177489224,1.6931062239027495
4.018692471235618,1.6344588615798827,0.7982415514314395,1.1821076750328172,1.50050690090319,0.4932322105409612,1.6926789181141908
4.0239319659829915,1.6387869740381789,0.7934533869102246,1.189163277849161,1.5047639748078332,0.49252337267452806,1.691765303662987
4.029171460730366,1.6431150864964756,0.788665222389009,1.1962188806655059,1.509021048712477,0.4918145348080948,1.690851689211783
4.034410955477739,1.647443198954772,0.7838770578677942,1.2032744834818496,1.5132781226171201,0.4911056969416616,1.6899380747605792
4.039650450225113,1.6517713114130688,0.7790888933465785,1.2103300862981945,1.517535196521764,0.4903968590752283,1.6890244603093754
4.044889944972486,1.6560994238713649,0.7743007288253637,1.2173856891145383,1.5217922704264073,0.4896880212087951,1.6881108458581715
4.050129439719861,1.660427536329662,0.769512564304148,1.2244412919308831,1.5260493443310512,0.48897918334236185,1.6871972314069676
4.055368934467234,1.664755648787958,0.7647243997829332,1.231496894747227,1.5303064182356945,0.4882703454759287,1.6862836169557638
4.060608429214607,1.6690837612462541,0.7599362352617184,1.2385524975635707,1.5345634921403377,0.4875615076094955,1.68537000250456
4.065847923961981,1.6734118737045511,0.7551480707405027,1.2456081003799155,1.5388205660449816,0.4868526697430622,1.684456388053356
4.071087418709355,1.6771248259853808,0.7503015248514979,1.2523576840388089,1.5427274742350192,0.48609787599232973,1.6833316218596115
4.076326913456729,1.680074011978458,0.7453824942305733,1.2587273225640145,1.5461996261164745,0.48528602465491094,1.6819446953563075
4.081566408204102,1.6830231979715347,0.7404634636096497,1.2650969610892193,1.5496717779979292,0.4844741733174923,1.6805577688530038
4.086805902951476,1.685972383964612,0.7355444329887252,1.2714665996144252,1.5531439298793845,0.48366232198007353,1.6791708423496998
4.09204539769885,1.6889215699576885,0.7306254023678015,1.27783623813963,1.5566160817608392,0.4828504706426549,1.677783915846396
4.097284892446224,1.6918707559507657,0.725706371746877,1.2842058766648357,1.5600882336422943,0.4820386193052361,1.6763969893430921
4.102524387193597,1.6948199419438423,0.7207873411259533,1.2905755151900404,1.563560385523749,0.4812267679678175,1.6750100628397884
4.10776388194097,1.6977691279369191,0.7158683105050296,1.2969451537152452,1.5670325374052037,0.4804149166303988,1.6736231363364849
4.1130033766883445,1.7007183139299962,0.7109492798841051,1.3033147922404509,1.570504689286659,0.47960306529298,1.6722362098331809
4.118242871435718,1.703667499923073,0.7060302492631814,1.3096844307656557,1.5739768411681136,0.4787912139555614,1.6708492833298771
4.123482366183092,1.706119969683633,0.7014402193436141,1.3158478552612272,1.5769955085795622,0.478021528322066,1.6689380047242486
4.128721860930465,1.7079033334603908,0.6972933727217581,1.321733497328643,1.5794033057343546,0.4773086423720911,1.6663203929925483
4.133961355677839,1.709686697237149,0.6931465260999014,1.32761913939606,1.5818111028891475,0.47659575642211605,1.6637027812608474
4.139200850425213,1.7114700610139069,0.6889996794780453,1.3335047814634757,1.58421890004394,0.4758828704721411,1.661085169529147
4.144440345172587,1.7132534247906648,0.6848528328561885,1.3393904235308924,1.5866266971987328,0.475169984522166,1.6584675577974461
4.14967983991996,1.7150367885674227,0.6807059862343324,1.3452760655983083,1.5890344943535253,0.4744570985721911,1.6558499460657459
4.154919334667334,1.7168201523441808,0.6765591396124757,1.3511617076657252,1.591442291508318,0.47374421262221605,1.6532323343340452
4.160158829414708,1.7186035161209385,0.6724122929906197,1.357047349733141,1.5938500886631104,0.4730313266722411,1.6506147226023447
4.165398324162081,1.7203868798976962,0.6682654463687636,1.3629329918005568,1.5962578858179028,0.4723184407222662,1.6479971108706444
4.170637818909455,1.7221702436744544,0.6641185997469069,1.3688186338679738,1.5986656829726957,0.47160555477229116,1.6453794991389434
4.175877313656828,1.7234272037020817,0.6603881413478441,1.3743614052937227,1.6008223713183367,0.4710531904657093,1.642779945763722
4.1811168084042025,1.7239140545411666,0.657266843496941,1.379402569669627,1.6026116967765154,0.4707356633781655,1.6402068110952006
4.186356303151576,1.7244009053802514,0.6541455456460386,1.3844437340455302,1.604401022234694,0.4704181362906218,1.6376336764266797
4.19159579789895,1.724887756219336,0.6510242477951356,1.3894848984214343,1.6061903476928727,0.470100609203078,1.6350605417581583
4.196835292646323,1.7253746070584208,0.6479029499442331,1.3945260627973377,1.6079796731510514,0.46978308211553427,1.6324874070896374
4.202074787393697,1.7258614578975056,0.6447816520933302,1.3995672271732418,1.60976899860923,0.4694655550279905,1.629914272421116
4.207314282141071,1.7263483087365903,0.6416603542424276,1.404608391549145,1.6115583240674087,0.46914802794044674,1.627341137752595
4.212553776888445,1.726835159575675,0.6385390563915246,1.4096495559250493,1.6133476495255874,0.46883050085290295,1.6247680030840734
4.217793271635818,1.7273220104147597,0.6354177585406222,1.4146907203009524,1.615136974983766,0.46851297376535916,1.6221948684155525
4.2230327663831915,1.7278088612538445,0.6322964606897197,1.4197318846768556,1.6169263004419445,0.46819544667781543,1.6196217337470316
4.228272261130566,1.7280138071548516,0.6294659618098022,1.4245577802307519,1.618301238177218,0.4681067974523694,1.6169895267392667
4.233511755877939,1.7277702679270985,0.627098097656453,1.4290412026587258,1.6190169227169597,0.4683822720984424,1.6142633410099783
4.238751250625313,1.7275267286993456,0.6247302335031033,1.4335246250867004,1.6197326072567018,0.46865774674451544,1.6115371552806894
4.243990745372686,1.7272831894715925,0.6223623693497541,1.4380080475146741,1.6204482917964436,0.46893322139058846,1.608810969551401
4.249230240120061,1.7270396502438397,0.6199945051964044,1.4424914699426488,1.6211639763361856,0.46920869603666154,1.6060847838221122
4.254469734867434,1.7267961110160868,0.6176266410430551,1.4469748923706225,1.6218796608759276,0.4694841706827345,1.603358598092824
4.259709229614808,1.7265525717883337,0.6152587768897054,1.451458314798597,1.6225953454156694,0.4697596453288076,1.6006324123635352
4.264948724362181,1.7263090325605808,0.6128909127363562,1.4559417372265708,1.6233110299554114,0.4700351199748806,1.5979062266342468
4.2701882191095555,1.7260654933328277,0.6105230485830065,1.4604251596545454,1.6240267144951535,0.47031059462095365,1.595180040904958
4.275427713856929,1.7258219541050748,0.6081551844296573,1.4649085820825194,1.6247423990348953,0.4705860692670267,1.5924538551756695
4.280667208604302,1.7253208826867823,0.6058438819827132,1.4691246877605486,1.6251747296771153,0.4710288927117133,1.5895233533291853
4.285906703351676,1.7243735397328293,0.6036305939996078,1.4728775664677847,1.6251160429489726,0.4717617109923537,1.5862387968412583
4.2911461980990495,1.7234261967788762,0.6014173060165029,1.47663044517502,1.62505735622083,0.47249452927299396,1.582954240353332
4.296385692846424,1.722478853824923,0.5992040180333975,1.4803833238822561,1.6249986694926872,0.4732273475536343,1.5796696838654054
4.301625187593797,1.72153151087097,0.5969907300502925,1.4841362025894915,1.6249399827645443,0.4739601658342746,1.576385127377479
4.306864682341171,1.7205841679170168,0.5947774420671871,1.4878890812967276,1.6248812960364016,0.47469298411491495,1.5731005708895522
4.312104177088544,1.7196368249630638,0.5925641540840821,1.491641960003963,1.624822609308259,0.47542580239555526,1.569816014401626
4.317343671835919,1.7186894820091108,0.5903508661009768,1.495394838711199,1.6247639225801163,0.47615862067619563,1.566531457913699
4.322583166583292,1.7177421390551577,0.5881375781178717,1.4991477174184342,1.6247052358519736,0.4768914389568359,1.5632469014257728
4.327822661330665,1.7167947961012047,0.5859242901347668,1.5029005961256696,1.6246465491238307,0.47762425723747615,1.5599623449378466
4.333062156078039,1.7155933918028508,0.583961026035519,1.506331782953094,1.6242330750464133,0.47837166988351354,1.5564903592413868
4.338301650825413,1.7139114801792172,0.5824706331948715,1.5091545525295698,1.6231485901127591,0.4791466849162798,1.55266388786792
4.343541145572787,1.7122295685555837,0.5809802403542238,1.511977322106046,1.622064105179105,0.4799216999490463,1.5488374164944527
4.34878064032016,1.7105476569319502,0.5794898475135762,1.5148000916825217,1.6209796202454507,0.4806967149818126,1.545010945120986
4.354020135067534,1.7088657453083167,0.5779994546729286,1.517622861258998,1.6198951353117963,0.48147173001457905,1.5411844737475184
4.3592596298149076,1.7071838336846832,0.576509061832281,1.5204456308354737,1.6188106503781423,0.4822467450473454,1.5373580023740516
4.364499124562282,1.7055019220610497,0.5750186689916333,1.52326840041195,1.6177261654444879,0.48302176008011183,1.5335315310005841
4.369738619309655,1.7038200104374162,0.5735282761509858,1.5260911699884259,1.616641680510834,0.48379677511287816,1.5297050596271173
4.374978114057029,1.7021380988137826,0.5720378833103381,1.528913939564902,1.6155571955771795,0.4845717901456446,1.5258785882536499
4.3802176088044025,1.7004561871901491,0.5705474904696907,1.5317367091413778,1.6144727106435255,0.48534680517841094,1.522052116880183
4.385457103551776,1.6985478568470163,0.5690307262587476,1.5343791995604186,1.613287464641978,0.4860850374932707,1.5181663612863485
4.39069659829915,1.6961710139227648,0.5674593935969621,1.5366486507998445,1.6118937207384048,0.48674715787646233,1.5141579329595978
4.395936093046523,1.6937941709985138,0.5658880609351767,1.53891810203927,1.6104999768348318,0.4874092782596539,1.510149504632848
4.401175587793897,1.6914173280742624,0.5643167282733912,1.5411875532786956,1.6091062329312587,0.48807139864284554,1.5061410763060972
4.406415082541271,1.6890404851500114,0.5627453956116059,1.543457004518121,1.6077124890276855,0.48873351902603707,1.5021326479793473
4.411654577288645,1.68666364222576,0.5611740629498203,1.5457264557575467,1.6063187451241123,0.4893956394092287,1.4981242196525968
4.416894072036018,1.684286799301509,0.559602730288035,1.5479959069969722,1.6049250012205394,0.4900577597924203,1.4941157913258467
4.422133566783392,1.6819099563772575,0.5580313976262494,1.550265358236398,1.6035312573169662,0.4907198801756119,1.4901073629990962
4.427373061530766,1.6795331134530063,0.5564600649644641,1.5525348094758236,1.6021375134133933,0.49138200055880343,1.486098934672346
4.43261255627814,1.6771562705287548,0.5548887323026785,1.5548042607152492,1.60074376950982,0.49204412094199507,1.4820905063455956
4.437852051025513,1.674604149410008,0.5535433739873262,1.5569103499853605,1.5992047733000403,0.4926272364077279,1.4782689884615072
4.443091545772886,1.6716540605873642,0.5527110885733011,1.558645527243176,1.5973359829196112,0.493030971855952,1.4748718492054296
4.4483310405202605,1.6687039717647199,0.5518788031592757,1.5603807045009919,1.595467192539182,0.49343470730417616,1.4714747099493513
4.453570535267634,1.6657538829420762,0.5510465177452506,1.5621158817588074,1.5935984021587528,0.49383844275240024,1.4680775706932734
4.458810030015008,1.662803794119432,0.5502142323312254,1.5638510590166235,1.5917296117783235,0.49424217820062444,1.464680431437195
4.464049524762381,1.6598537052967883,0.5493819469172002,1.565586236274439,1.5898608213978944,0.4946459136488485,1.4612832921811172
4.469289019509755,1.6569036164741442,0.5485496615031749,1.5673214135322548,1.587992031017465,0.4950496490970727,1.4578861529250389
4.474528514257129,1.6539535276515005,0.5477173760891497,1.5690565907900704,1.586123240637036,0.4954533845452968,1.454489013668961
4.479768009004503,1.6510034388288561,0.5468850906751245,1.5707917680478864,1.5842544502566067,0.49585711999352095,1.4510918744128827
4.485007503751876,1.6480533500062124,0.5460528052610993,1.572526945305702,1.5823856598761776,0.49626085544174503,1.4476947351568048
4.4902469984992495,1.6449273826264323,0.5452768268853271,1.5739786722527762,1.580347636219389,0.49670075251878354,1.4442914145017853
4.495486493246624,1.6413617188538112,0.544641616105187,1.574721773422998,1.5778865293717006,0.49723105366785814,1.4408726403494112
4.500725987993997,1.6377960550811903,0.544006405325047,1.5754648745932192,1.575425422524013,0.4977613548169326,1.4374538661970375
4.505965482741371,1.634230391308569,0.5433711945449069,1.5762079757634408,1.5729643156763249,0.4982916559660072,1.4340350920446632
4.511204977488744,1.6306647275359483,0.5427359837647668,1.576951076933662,1.570503208828637,0.4988219571150817,1.4306163178922895
4.516444472236119,1.627099063763327,0.5421007729846268,1.5776941781038838,1.568042101980949,0.4993522582641563,1.4271975437399154
4.521683966983492,1.6235333999907062,0.5414655622044867,1.5784372792741053,1.5655809951332613,0.4998825594132308,1.4237787695875417
4.526923461730866,1.6199677362180849,0.5408303514243467,1.5791803804443267,1.563119888285573,0.5004128605623054,1.4203599954351673
4.532162956478239,1.6164020724454642,0.5401951406442066,1.5799234816145482,1.5606587814378854,0.5009431617113799,1.4169412212827937
4.5374024512256135,1.6128364086728428,0.5395599298640665,1.5806665827847697,1.5581976745901973,0.5014734628604545,1.4135224471304195
4.542641945972987,1.609188715837198,0.5389472057694012,1.5812415255799352,1.5555638858831144,0.5021569389144814,1.4099368214853665
4.54788144072036,1.6053142822896094,0.538396638267605,1.5813516532440508,1.5524527784514772,0.5032638135265374,1.405889993129417
4.553120935467734,1.60143984874202,0.5378460707658085,1.5814617809081664,1.5493416710198396,0.5043706881385935,1.401843164773467
4.5583604302151075,1.5975654151944314,0.5372955032640122,1.581571908572282,1.5462305635882025,0.5054775627506495,1.3977963364175177
4.563599924962482,1.593690981646842,0.5367449357622158,1.5816820362363975,1.5431194561565649,0.5065844373627056,1.3937495080615676
4.568839419709855,1.5898165480992532,0.5361943682604196,1.581792163900513,1.5400083487249279,0.5076913119747616,1.3897026797056184
4.574078914457229,1.585942114551664,0.5356438007586231,1.5819022915646286,1.5368972412932902,0.5087981865868176,1.3856558513496684
4.579318409204602,1.5820676810040752,0.5350932332568268,1.5820124192287441,1.533786133861653,0.5099050611988736,1.381609022993719
4.584557903951977,1.578193247456486,0.5345426657550304,1.5821225468928597,1.5306750264300155,0.5110119358109297,1.377562194637769
4.58979739869935,1.5743188139088973,0.533992098253234,1.5822326745569752,1.5275639189983783,0.5121188104229857,1.3735153662818196
4.595036893446724,1.57041833793091,0.5334877906423073,1.5822288150563792,1.5243215312919849,0.5132802207043765,1.3695316439777347
4.600276388194097,1.5664378744881304,0.533125566981909,1.5818748521213124,1.5206759255988427,0.5146091333987236,1.3657417474043787
4.605515882941471,1.5624574110453509,0.5327633433215107,1.5815208891862456,1.5170303199057005,0.5159380460930707,1.3619518508310229
4.610755377688845,1.5584769476025704,0.5324011196611123,1.5811669262511787,1.5133847142125576,0.5172669587874179,1.3581619542576664
4.615994872436218,1.5544964841597908,0.5320388960007139,1.580812963316112,1.5097391085194154,0.518595871481765,1.3543720576843106
4.621234367183592,1.5505160207170106,0.5316766723403155,1.5804590003810453,1.5060935028262725,0.5199247841761123,1.350582161110954
4.6264738619309655,1.5465355572742308,0.5313144486799172,1.5801050374459784,1.5024478971331303,0.5212536968704593,1.346792264537598
4.63171335667834,1.5425550938314505,0.5309522250195188,1.5797510745109116,1.4988022914399874,0.5225826095648066,1.3430023679642416
4.636952851425713,1.5385746303886707,0.5305900013591204,1.5793971115758447,1.4951566857468452,0.5239115222591536,1.3392124713908857
4.642192346173087,1.5345941669458905,0.530227777698722,1.5790431486407779,1.4915110800537024,0.5252404349535009,1.3354225748175292
4.6474318409204605,1.530624274020015,0.5299933121696295,1.5785624166469465,1.4879251667718223,0.5266351113868604,1.3318473124862384
4.652671335667835,1.5266906732021777,0.530197482891354,1.577646444218023,1.484544197435275,0.5282555766574958,1.329008961052704
4.657910830415208,1.5227570723843409,0.5304016536130784,1.5767304717890995,1.4811632280987284,0.529876041928131,1.3261706096191703
4.663150325162581,1.518823471566504,0.530605824334803,1.5758144993601761,1.4777822587621818,0.5314965071987662,1.3233322581856364
4.668389819909955,1.5148898707486664,0.5308099950565275,1.5748985269312528,1.4744012894256344,0.5331169724694017,1.320493906752102
4.673629314657329,1.5109562699308297,0.531014165778252,1.5739825545023294,1.4710203200890877,0.5347374377400369,1.317655555318568
4.678868809404703,1.5070226691129922,0.5312183364999764,1.573066582073406,1.4676393507525405,0.5363579030106723,1.3148172038850336
4.684108304152076,1.5030890682951552,0.5314225072217009,1.5721506096444826,1.4642583814159937,0.5379783682813075,1.3119788524515
4.68934779889945,1.4991554674773178,0.5316266779434254,1.571234637215559,1.4608774120794465,0.539598833551943,1.3091405010179655
4.694587293646824,1.495221866659481,0.5318308486651498,1.5703186647866356,1.4574964427428998,0.5412192988225782,1.3063021495844316
4.699826788394198,1.4912106182008162,0.5319828845520046,1.5691945392411037,1.4540455339326326,0.5429349169565025,1.3034851707159805
4.705066283141571,1.4868991953257833,0.5319333747967406,1.5672657242081955,1.450324249352009,0.5450183821350917,1.3007508150564486
4.710305777888944,1.4825877724507506,0.5318838650414766,1.5653369091752873,1.4466029647713854,0.5471018473136808,1.298016459396917
4.7155452726363185,1.478276349575717,0.5318343552862126,1.563408094142379,1.4428816801907611,0.5491853124922703,1.2952821037373847
4.720784767383692,1.4739649267006842,0.5317848455309486,1.5614792791094707,1.4391603956101378,0.5512687776708595,1.292547748077853
4.726024262131066,1.4696535038256506,0.5317353357756847,1.559550464076562,1.4354391110295135,0.5533522428494491,1.289813392418321
4.731263756878439,1.465342080950618,0.5316858260204206,1.5576216490436539,1.43171782644889,0.5554357080280382,1.2870790367587892
4.736503251625813,1.4610306580755843,0.5316363162651566,1.5556928340107454,1.4279965418682656,0.5575191732066277,1.2843446810992571
4.741742746373187,1.4567192352005516,0.5315868065098927,1.5537640189778372,1.424275257287642,0.5596026383852168,1.2816103254397253
4.746982241120561,1.452407812325518,0.5315372967546287,1.5518352039449288,1.420553972707018,0.5616861035638064,1.2788759697801932
4.752221735867934,1.4480993214339117,0.5315719263754597,1.5498358843272069,1.4168426786791863,0.5636883442021968,1.2761735051465117
4.757461230615308,1.4438037074965426,0.531976087039951,1.5475269161951002,1.413175262079156,0.5653338554410664,1.2736111024506853
4.762700725362682,1.4395080935591744,0.5323802477044424,1.5452179480629942,1.4095078454791266,0.5669793666799358,1.2710486997548593
4.767940220110055,1.435212479621806,0.5327844083689337,1.542908979930888,1.4058404288790969,0.568624877918805,1.2684862970590334
4.773179714857429,1.4309168656844369,0.533188569033425,1.5406000117987815,1.4021730122790668,0.5702703891576746,1.265923894363207
4.778419209604802,1.4266212517470687,0.5335927296979164,1.5382910436666752,1.3985055956790373,0.5719159003965439,1.263361491667381
4.7836587043521765,1.4223256378096996,0.5339968903624077,1.5359820755345688,1.394838179079007,0.5735614116354135,1.2607990889715546
4.78889819909955,1.4180300238723313,0.534401051026899,1.5336731074024625,1.3911707624789775,0.5752069228742828,1.2582366862757286
4.794137693846924,1.4137344099349622,0.5348052116913904,1.531364139270356,1.3875033458789474,0.5768524341131523,1.2556742835799022
4.799377188594297,1.409438795997594,0.5352093723558817,1.5290551711382498,1.3838359292789177,0.5784979453520217,1.2531118808840762
4.8046166833416715,1.4051327159720735,0.5356076436892789,1.526736485283183,1.3801891377276627,0.5801400906089718,1.250569877075616
4.809856178089045,1.4007738297745163,0.5359762006703377,1.5243687690986352,1.3766464089225008,0.5817652529571458,1.2481307949261393
4.815095672836419,1.3964149435769586,0.5363447576513964,1.5220010529140868,1.3731036801173384,0.58339041530532,1.2456917127766622
4.820335167583792,1.3920560573794016,0.5367133146324551,1.519633336729539,1.3695609513121765,0.5850155776534939,1.2432526306271856
4.8255746623311655,1.3876971711818444,0.5370818716135137,1.5172656205449908,1.3660182225070148,0.5866407400016679,1.2408135484777087
4.83081415707854,1.3833382849842868,0.5374504285945725,1.5148979043604427,1.3624754937018522,0.5882659023498421,1.2383744663282317
4.836053651825913,1.3789793987867298,0.5378189855756311,1.5125301881758946,1.3589327648966902,0.5898910646980161,1.235935384178755
4.841293146573287,1.374620512589172,0.5381875425566899,1.5101624719913462,1.3553900360915279,0.5915162270461903,1.233496302029278
4.84653264132066,1.370261626391615,0.5385560995377486,1.5077947558067983,1.351847307286366,0.5931413893943642,1.2310572198798013
4.851772136068035,1.365902740194057,0.5389246565188074,1.50542703962225,1.3483045784812036,0.5947665517425386,1.2286181377303242
4.857011630815408,1.3615655513149134,0.5393372761527075,1.5029771650730233,1.344800198115122,0.5964604600369475,1.2261488640255345
4.862251125562782,1.3573559277043707,0.54000895379728,1.5000442560004263,1.3415212801236343,0.5985585470842213,1.223502084797266
4.867490620310155,1.353146304093829,0.5406806314418522,1.4971113469278297,1.3382423621321469,0.6006566341314947,1.2208553055689977
4.872730115057529,1.3489366804832872,0.5413523090864244,1.4941784378552332,1.3349634441406595,0.6027547211787683,1.2182085263407294
4.877969609804903,1.3447270568727445,0.5420239867309967,1.491245528782636,1.3316845261491717,0.604852808226042,1.2155617471124607
4.883209104552276,1.3405174332622027,0.5426956643755689,1.4883126197100396,1.3284056081576843,0.6069508952733155,1.2129149678841926
4.88844859929965,1.3363078096516603,0.5433673420201413,1.4853797106374425,1.3251266901661964,0.6090489823205893,1.210268188655924
4.8936880940470235,1.3320981860411183,0.5440390196647136,1.482446801564846,1.321847772174709,0.6111470693678628,1.2076214094276556
4.898927588794398,1.3278885624305758,0.5447106973092859,1.4795138924922488,1.3185688541832212,0.6132451564151365,1.2049746301993869
4.904167083541771,1.323678938820034,0.5453823749538581,1.4765809834196524,1.3152899361917338,0.6153432434624101,1.2023278509711188
4.909406578289145,1.3194971888226334,0.5460747743821578,1.4736036541147541,1.3120463668797717,0.6174709713735682,1.1996837617875153
4.9146460730365185,1.3155099966449644,0.5469118118608745,1.470316271588393,1.3090495313508999,0.6198055925146386,1.1970584491156753
4.919885567783893,1.3115228044672949,0.5477488493395911,1.4670288890620315,1.3060526958220273,0.6221402136557094,1.1944331364438348
4.925125062531266,1.3075356122896258,0.5485858868183077,1.4637415065356707,1.3030558602931555,0.6244748347967798,1.1918078237719945
4.930364557278639,1.303548420111957,0.5494229242970243,1.4604541240093099,1.3000590247642836,0.6268094559378502,1.1891825111001544
4.935604052026013,1.2995612279342872,0.550259961775741,1.4571667414829483,1.297062189235411,0.629144077078921,1.1865571984283139
4.940843546773387,1.2955740357566183,0.5510969992544575,1.4538793589565873,1.2940653537065392,0.6314786982199914,1.1839318857564738
4.946083041520761,1.2915868435789486,0.5519340367331743,1.4505919764302257,1.2910685181776669,0.6338133193610621,1.1813065730846333
4.951322536268134,1.2875996514012797,0.5527710742118909,1.447304593903865,1.288071682648795,0.6361479405021325,1.1786812604127932
4.956562031015508,1.28361245922361,0.5536081116906076,1.4440172113775034,1.2850748471199225,0.6384825616432033,1.1760559477409527
4.961801525762882,1.279613845567776,0.5544941635954919,1.4407737482497278,1.2820990862254789,0.6408407004896264,1.1734447650936075
4.967041020510256,1.2755181493475372,0.555796838122801,1.4379036000099266,1.2793024597236746,0.6433987398315476,1.1709536876544682
4.972280515257629,1.2714224531272993,0.55709951265011,1.4350334517701258,1.2765058332218708,0.6459567791734683,1.1684626102153293
4.977520010005003,1.2673267569070605,0.5584021871774193,1.4321633035303245,1.2737092067200668,0.6485148185153895,1.16597153277619
4.9827595047523765,1.2632310606868227,0.5597048617047283,1.429293155290524,1.270912580218263,0.6510728578573103,1.1634804553370512
4.98799899949975,1.2591353644665846,0.5610075362320374,1.4264230070507231,1.2681159537164592,0.653630897199231,1.1609893778979123
4.993238494247124,1.255039668246346,0.5623102107593465,1.4235528588109219,1.265319327214655,0.6561889365411522,1.158498300458773
4.998477988994497,1.250943972026108,0.5636128852866555,1.420682710571121,1.2625227007128512,0.658746975883073,1.156007223019634
5.003717483741871,1.2468482758058692,0.5649155598139648,1.4178125623313198,1.2597260742110472,0.6613050152249941,1.1535161455804948
5.008956978489245,1.2427525795856313,0.5662182343412738,1.414942414091519,1.2569294477092434,0.6638630545669149,1.1510250681413559
5.014196473236619,1.2386890057059985,0.5675298558902887,1.4120322819569766,1.2541448807197095,0.6664623018124546,1.1485591176060865
5.019435967983992,1.2349702746005156,0.5689375263487906,1.4086929109524202,1.2514897761413137,0.6695039280233097,1.1463629117741274
5.024675462731366,1.231251543495032,0.5703451968072927,1.4053535399478632,1.2488346715629173,0.6725455542341655,1.1441667059421676
5.02991495747874,1.2275328123895493,0.5717528672657946,1.4020141689433065,1.2461795669845215,0.6755871804450206,1.1419705001102085
5.035154452226114,1.2238140812840657,0.5731605377242966,1.3986747979387495,1.243524462406125,0.6786288066558763,1.1397742942782487
5.040393946973487,1.220095350178583,0.5745682081827985,1.3953354269341929,1.2408693578277292,0.6816704328667315,1.1375780884462896
5.04563344172086,1.2163766190731,0.5759758786413003,1.3919960559296365,1.2382142532493332,0.6847120590775867,1.1353818826143303
5.0508729364682345,1.2126578879676166,0.5773835490998025,1.3886566849250794,1.235559148670937,0.6877536852884424,1.1331856767823707
5.056112431215608,1.2089391568621337,0.5787912195583043,1.3853173139205228,1.232904044092541,0.6907953114992975,1.1309894709504114
5.061351925962982,1.2052204257566503,0.5801988900168064,1.3819779429159658,1.2302489395141447,0.6938369377101532,1.1287932651184518
5.066591420710355,1.2014984094388792,0.5816105918895825,1.3786138761456217,1.2275995507129316,0.6968465231224187,1.1265950618636587
5.0718309154577295,1.197729262960205,0.5830801290517547,1.3748955201199395,1.2250321613305357,0.6993964463087621,1.1243682032735962
5.077070410205103,1.1939601164815312,0.5845496662139265,1.3711771640942578,1.2224647719481403,0.701946369495105,1.122141344683534
5.082309904952477,1.1901909700028568,0.5860192033760986,1.3674588080685757,1.2198973825657442,0.7044962926814484,1.1199144860934713
5.08754939969985,1.186421823524183,0.5874887405382705,1.363740452042894,1.2173299931833488,0.7070462158677914,1.117687627503409
5.0927888944472235,1.1826526770455092,0.5889582777004424,1.3600220960172125,1.2147626038009531,0.7095961390541343,1.115460768913347
5.098028389194598,1.178883530566835,0.5904278148626145,1.3563037399915303,1.2121952144185573,0.7121460622404778,1.1132339103232842
5.103267883941971,1.1751143840881613,0.5918973520247864,1.3525853839658486,1.2096278250361616,0.7146959854268208,1.111007051733222
5.108507378689345,1.1713452376094868,0.5933668891869586,1.3488670279401664,1.2070604356537658,0.7172459086131642,1.1087801931431596
5.113746873436718,1.167576091130813,0.5948364263491304,1.3451486719144847,1.20449304627137,0.7197958317995071,1.1065533345530973
5.118986368184093,1.1638177131710399,0.5963117254487323,1.3414500769293445,1.201942780681494,0.7223422031822344,1.1043275115188027
5.124225862931466,1.1602872688613395,0.5979089855572637,1.338169757302343,1.1997549686999527,0.7248133947217541,1.1021236077482632
5.12946535767884,1.1567568245516386,0.5995062456657955,1.3348894376753409,1.197567156718411,0.7272845862612741,1.0999197039777233
5.134704852426213,1.1532263802419385,0.6011035057743268,1.3316091180483394,1.1953793447368697,0.7297557778007937,1.0977158002071838
5.1399443471735875,1.1496959359322376,0.6027007658828586,1.3283287984213372,1.193191532755328,0.7322269693403137,1.0955118964366442
5.145183841920961,1.1461654916225374,0.60429802599139,1.3250484787943357,1.1910037207737867,0.7346981608798333,1.0933079926661047
5.150423336668334,1.142635047312837,0.6058952860999214,1.321768159167334,1.1888159087922454,0.737169352419353,1.0911040888955652
5.155662831415708,1.1391046030031362,0.6074925462084532,1.3184878395403319,1.1866280968107037,0.739640543958873,1.0889001851250255
5.1609023261630815,1.135574158693436,0.6090898063169845,1.3152075199133304,1.1844402848291624,0.7421117354983926,1.086696281354486
5.166141820910456,1.1320437143837352,0.6106870664255163,1.3119272002863283,1.1822524728476207,0.7445829270379126,1.0844923775839461
5.171381315657829,1.128523856702141,0.6122788822225629,1.3086442596645662,1.1800592449490475,0.7470669730893311,1.082291500839777
5.176620810405203,1.1254158188538688,0.6136589143028531,1.3052593623466222,1.177655337877931,0.7500510596536135,1.0802083754214133
5.1818603051525765,1.122307781005597,0.6150389463831432,1.3018744650286789,1.1752514308068152,0.7530351462178954,1.07812525000305
5.187099799899951,1.1191997431573248,0.6164189784634334,1.2984895677107349,1.1728475237356988,0.7560192327821778,1.0760421245846863
5.192339294647324,1.1160917053090533,0.6177990105437234,1.2951046703927913,1.1704436166645826,0.7590033193464597,1.073958999166323
5.197578789394698,1.1129836674607811,0.6191790426240137,1.2917197730748473,1.1680397095934663,0.7619874059107421,1.0718758737479595
5.202818284142071,1.1098756296125094,0.6205590747043037,1.288334875756904,1.1656358025223503,0.764971492475024,1.0697927483295961
5.208057778889445,1.1067675917642377,0.6219391067845937,1.2849499784389604,1.1632318954512344,0.7679555790393059,1.0677096229112326
5.213297273636819,1.1036595539159655,0.623319138864884,1.2815650811210164,1.160827988380118,0.7709396656035883,1.065626497492869
5.218536768384192,1.100551516067694,0.624699170945174,1.278180183803073,1.158424081309002,0.7739237521678702,1.0635433720745058
5.223776263131566,1.0974441448196635,0.6260797409137504,1.2747975213172926,1.1560223638313092,0.7769083436566149,1.061459347684154
5.22901575787894,1.094469093719618,0.6275670817071243,1.2718584730159956,1.1540552806481572,0.7799931626511118,1.0591968773542133
5.234255252626314,1.091494042619572,0.6290544225004984,1.268919424714698,1.1520881974650048,0.7830779816456094,1.056934407024272
5.239494747373687,1.0885189915195268,0.6305417632938722,1.2659803764134008,1.1501211142818528,0.7861628006401065,1.0546719366943313
5.244734242121061,1.0855439404194809,0.6320291040872463,1.2630413281121033,1.1481540310987004,0.789247619634604,1.0524094663643901
5.2499737368684345,1.0825688893194354,0.6335164448806202,1.2601022798108061,1.1461869479155484,0.792332438629101,1.0501469960344492
5.255213231615809,1.0795938382193895,0.6350037856739943,1.2571632315095085,1.144219864732396,0.7954172576235985,1.047884525704508
5.260452726363182,1.076618787119344,0.636491126467368,1.2542241832082115,1.142252781549244,0.7985020766180955,1.0456220553745672
5.265692221110555,1.0736437360192987,0.6379784672607419,1.2512851349069143,1.1402856983660918,0.8015868956125924,1.0433595850446264
5.270931715857929,1.0706686849192528,0.639465808054116,1.2483460866056166,1.1383186151829396,0.8046717146070901,1.0410971147146852
5.276171210605303,1.0676936338192073,0.6409531488474899,1.2454070383043196,1.1363515319997874,0.8077565336015871,1.0388346443847443
5.281410705352677,1.0648422059357194,0.6426713667283883,1.242755304850938,1.1343734781500763,0.8115023443973424,1.036727361207173
5.28665020010005,1.061992665429584,0.6443931094503172,1.2401079578837848,1.1323952568092728,0.8152582466709789,1.034622447299104
5.291889694847424,1.0591431249234482,0.6461148521722466,1.237460610916631,1.130417035468469,0.8190141489446161,1.0325175333910346
5.297129189594798,1.0562935844173127,0.6478365948941757,1.2348132639494775,1.1284388141276658,0.8227700512182525,1.0304126194829655
5.302368684342172,1.053444043911177,0.6495583376161049,1.2321659169823238,1.1264605927868618,0.8265259534918897,1.0283077055748961
5.307608179089545,1.0505945034050415,0.651280080338034,1.2295185700151705,1.1244823714460586,0.8302818557655263,1.026202791666827
5.312847673836918,1.047744962898906,0.6530018230599629,1.2268712230480172,1.122504150105255,0.8340377580391628,1.024097877758758
5.3180871685842925,1.0448954223927702,0.6547235657818923,1.2242238760808635,1.1205259287644513,0.8377936603127999,1.0219929638506886
5.323326663331666,1.0420458818866347,0.6564453085038213,1.2215765291137102,1.1185477074236478,0.8415495625864364,1.0198880499426195
5.32856615807904,1.039196341380499,0.6581670512257506,1.2189291821465564,1.1165694860828441,0.8453054648600736,1.0177831360345502
5.333805652826413,1.0365206209462472,0.6602011390385584,1.2162644955651145,1.114769281624277,0.8493921239271068,1.015752865558969
5.3390451475737875,1.0338512212418818,0.6622465848546711,1.2135991784522435,1.1129755505068817,0.8534908105139007,1.0137253093900234
5.344284642321161,1.0311818215375168,0.6642920306707837,1.210933861339373,1.111181819389487,0.8575894971006939,1.0116977532210782
5.349524137068535,1.0285124218331514,0.6663374764868965,1.208268544226502,1.1093880882720917,0.8616881836874877,1.0096701970521327
5.354763631815908,1.0258430221287862,0.6683829223030089,1.2056032271136314,1.1075943571546967,0.8657868702742808,1.0076426408831876
5.360003126563282,1.0231736224244208,0.6704283681191218,1.2029379100007604,1.1058006260373014,0.8698855568610746,1.005615084714242
5.365242621310656,1.0205042227200558,0.6724738139352342,1.2002725928878897,1.1040068949199064,0.8739842434478677,1.0035875285452966
5.370482116058029,1.0178348230156908,0.6745192597513466,1.1976072757750191,1.1022131638025117,0.8780829300346609,1.0015599723763515
5.375721610805403,1.0151654233113254,0.6765647055674595,1.1949419586621481,1.1004194326851164,0.8821816166214547,0.999532416207406
5.380961105552776,1.0124960236069604,0.678610151383572,1.1922766415492776,1.0986257015677214,0.8862803032082478,0.9975048600384608
5.386200600300151,1.010366189977021,0.6811732240832554,1.189891675548461,1.0968628563859824,0.8901608225245848,0.9951926465308136
5.391440095047524,1.0082678429615048,0.6837665031262767,1.1875230695594887,1.0951018135665365,0.8940286105943694,0.9928638217195821
5.396679589794898,1.0061694959459881,0.6863597821692984,1.185154463570516,1.0933407707470904,0.8978963986641547,0.9905349969083502
5.401919084542271,1.004071148930472,0.6889530612123197,1.1827858575815435,1.0915797279276447,0.9017641867339393,0.9882061720971188
5.4071585792896455,1.0019728019149552,0.6915463402553415,1.1804172515925708,1.0898186851081986,0.9056319748037245,0.9858773472858869
5.412398074037019,0.9998744548994389,0.6941396192983628,1.1780486456035986,1.0880576422887527,0.9094997628735091,0.9835485224746554
5.417637568784393,0.9977761078839223,0.6967328983413845,1.1756800396146259,1.0862965994693066,0.9133675509432944,0.9812196976634235
5.422877063531766,0.995677760868406,0.6993261773844058,1.1733114336256536,1.0845355566498607,0.9172353390130789,0.978890872852192
5.4281165582791395,0.9935794138528897,0.7019194564274271,1.1709428276366813,1.082774513830415,0.9211031270828635,0.9765620480409606
5.433356053026514,0.9914810668373731,0.7045127354704488,1.1685742216477086,1.081013471010969,0.9249709151526487,0.9742332232297287
5.438595547773887,0.9894344781541731,0.7070899555163059,1.1660071471330553,1.0794178649167208,0.928892327904167,0.9718540814588447
5.443835042521261,0.9873920974654699,0.709665869952638,1.163423936965907,1.0778357089627326,0.9328181003859083,0.9694708488782324
5.449074537268634,0.9853497167767671,0.7122417843889696,1.1608407267987593,1.0762535530087445,0.9367438728676488,0.9670876162976206
5.454314032016009,0.9833073360880639,0.7148176988253016,1.1582575166316111,1.0746713970547561,0.94066964534939,0.9647043837170084
5.459553526763382,0.9812649553993611,0.7173936132616332,1.1556743064644635,1.0730892411007682,0.9445954178311307,0.9623211511363966
5.464793021510756,0.9792225747106579,0.7199695276979652,1.1530910962973153,1.0715070851467798,0.9485211903128719,0.9599379185557844
5.470032516258129,0.9771801940219551,0.7225454421342968,1.1505078861301676,1.069924929192792,0.9524469627946125,0.9575546859751726
5.475272011005503,0.9751378133332522,0.7251213565706284,1.1479246759630197,1.0683427732388038,0.956372735276353,0.9551714533945608
5.480511505752877,0.9730954326445491,0.7276972710069604,1.1453414657958716,1.0667606172848156,0.9602985077580942,0.9527882208139485
5.48575100050025,0.9710530519558463,0.730273185443292,1.142758255628724,1.0651784613308275,0.9642242802398349,0.9504049882333367
5.490990495247624,0.9691514938884804,0.7331940528863287,1.1406312947842647,1.0634532646435413,0.967745124325771,0.9479580453055817
5.496229989994998,0.9672647592549399,0.736151231172176,1.1385523601842997,1.0617130110369606,0.9712233443700428,0.9455043960254962
5.501469484742372,0.9653780246213991,0.7391084094580236,1.136473425584334,1.0599727574303799,0.9747015644143152,0.9430507467454103
5.506708979489745,0.9634912899878585,0.7420655877438709,1.134394490984369,1.0582325038237992,0.9781797844585871,0.9405970974653248
5.511948474237119,0.9616045553543177,0.7450227660297186,1.1323155563844034,1.0564922502172185,0.9816580045028594,0.938143448185239
5.5171879689844925,0.9597178207207772,0.7479799443155658,1.1302366217844384,1.0547519966106378,0.9851362245471313,0.9356897989051535
5.522427463731867,0.9578310860872363,0.7509371226014135,1.1281576871844727,1.053011743004057,0.9886144445914038,0.9332361496250676
5.52766695847924,0.9559443514536957,0.7538943008872608,1.1260787525845077,1.0512714893974764,0.9920926646356756,0.9307825003449821
5.532906453226613,0.9540576168201552,0.756851479173108,1.1239998179845425,1.049531235790896,0.9955708846799475,0.9283288510648967
5.538145947973987,0.9521708821866144,0.7598086574589558,1.121920883384577,1.047790982184315,0.9990491047242199,0.9258752017848109
5.543385442721361,0.9505343433883775,0.7631099721923676,1.1197114569497897,1.0461602392205922,1.002361526712857,0.9236297542248323
5.548624937468735,0.9489304080134378,0.76645613190195,1.117485025913297,1.0445437667655704,1.0056523432891453,0.9214114377671901
5.553864432216108,0.9473264726384982,0.7698022916115319,1.1152585948768046,1.0429272943105485,1.0089431598654333,0.9191931213095484
5.559103926963482,0.9457225372635585,0.7731484513211143,1.113032163840312,1.0413108218555265,1.0122339764417219,0.9169748048519064
5.564343421710856,0.944118601888619,0.7764946110306962,1.1108057328038197,1.0396943494005046,1.0155247930180098,0.9147564883942647
5.56958291645823,0.9425146665136792,0.7798407707402786,1.1085793017673269,1.0380778769454826,1.0188156095942984,0.9125381719366227
5.574822411205603,0.9409107311387397,0.7831869304498604,1.1063528707308345,1.036461404490461,1.0221064261705863,0.910319855478981
5.580061905952977,0.9393067957637999,0.7865330901594428,1.104126439694342,1.034844932035439,1.0253972427468747,0.9081015390213389
5.5853014007003505,0.9377028603888604,0.7898792498690247,1.1019000086578497,1.033228459580417,1.0286880593231627,0.9058832225636972
5.590540895447724,0.936098925013921,0.7932254095786065,1.0996735776213573,1.0316119871253955,1.0319788758994506,0.9036649061060555
5.595780390195098,0.9345728210547606,0.7962791611618855,1.0978575008334532,1.029744049895019,1.035236589286466,0.9014461508613771
5.601019884942471,0.9330588994041571,0.7992871445166989,1.096105653406198,1.0278367529606744,1.0384891213047247,0.899227326936989
5.6062593796898454,0.9315449777535534,0.802295127871513,1.0943538059789424,1.0259294560263297,1.0417416533229842,0.8970085030126006
5.611498874437219,0.93003105610295,0.8053031112263265,1.0926019585516873,1.0240221590919851,1.044994185341243,0.8947896790882125
5.616738369184593,0.9285171344523463,0.8083110945811406,1.0908501111244318,1.0221148621576404,1.0482467173595023,0.8925708551638241
5.621977863931966,0.9270032128017429,0.811319077935954,1.0890982636971764,1.0202075652232958,1.0514992493777613,0.890352031239436
5.62721735867934,0.9254892911511392,0.8143270612907682,1.0873464162699211,1.0183002682889508,1.0547517813960205,0.8881332073150475
5.632456853426714,0.9239753695005357,0.8173350446455817,1.0855945688426658,1.0163929713546063,1.0580043134142794,0.8859143833906595
5.637696348174088,0.9224614478499321,0.8203430280003957,1.0838427214154103,1.0144856744202615,1.0612568454325388,0.8836955594662711
5.642935842921461,0.9209475261993286,0.8233510113552093,1.0820908739881552,1.012578377485917,1.0645093774507977,0.881476735541883
5.648175337668834,0.9195495740347017,0.8265120384354103,1.080522666664317,1.0108779169972189,1.067720307818922,0.879327614030973
5.653414832416209,0.9181729575025095,0.8297012219279978,1.0789882447600985,1.0092155095044555,1.0709235844709983,0.8771913161094861
5.658654327163582,0.9167963409703175,0.8328904054205848,1.07745382285588,1.0075531020116926,1.074126861123074,0.8750550181879995
5.663893821910956,0.9154197244381252,0.8360795889131722,1.0759194009516615,1.0058906945189292,1.0773301377751505,0.8729187202665125
5.669133316658329,0.9140431079059331,0.8392687724057591,1.0743849790474431,1.004228287026166,1.0805334144272263,0.8707824223450259
5.6743728114057035,0.9126664913737409,0.8424579558983466,1.0728505571432245,1.0025658795334027,1.0837366910793025,0.868646124423539
5.679612306153077,0.9112898748415489,0.8456471393909336,1.0713161352390062,1.0009034720406396,1.0869399677313782,0.8665098265020523
5.684851800900451,0.9099132583093565,0.8488363228835211,1.0697817133347876,0.9992410645478762,1.0901432443834547,0.8643735285805653
5.690091295647824,0.9085366417771645,0.852025506376108,1.0682472914305692,0.9975786570551131,1.0933465210355304,0.8622372306590786
5.6953307903951975,0.9071600252449725,0.8552146898686949,1.0667128695263508,0.99591624956235,1.0965497976876062,0.860100932737592
5.700570285142572,0.9059071398257194,0.8583920966676022,1.065402468215597,0.9941041412324809,1.0995618079023806,0.8577633965014108
5.705809779889945,0.9046805801751767,0.8615669977870026,1.0641397308608997,0.9922601816606748,1.1025331231304945,0.8553830436025289
5.711049274637319,0.903454020524634,0.8647418989064035,1.0628769935062021,0.9904162220888683,1.1055044383586088,0.8530026907036468
5.716288769384692,0.9022274608740914,0.8679168000258038,1.061614256151505,0.9885722625170621,1.1084757535867225,0.8506223378047649
5.721528264132067,0.9010009012235487,0.8710917011452047,1.0603515187968073,0.9867283029452556,1.1114470688148368,0.8482419849058828
5.72676775887944,0.8997743415730061,0.8742666022646051,1.0590887814421102,0.9848843433734494,1.1144183840429507,0.8458616320070009
5.732007253626814,0.8985477819224633,0.877441503384006,1.0578260440874125,0.9830403838016429,1.117389699271065,0.8434812791081187
5.737246748374187,0.8973212222719208,0.8806164045034064,1.0565633067327154,0.9811964242298368,1.120361014499179,0.8411009262092368
5.7424862431215615,0.896094662621378,0.8837913056228073,1.0553005693780177,0.9793524646580303,1.1233323297272932,0.8387205733103547
5.747725737868935,0.8948681029708355,0.8869662067422076,1.0540378320233206,0.977508505086224,1.126303644955407,0.8363402204114728
5.752965232616308,0.8938448165160846,0.8901162743957127,1.052776712072503,0.9756812187253758,1.1295915525527769,0.8343330035450693
5.758204727363682,0.8928709235481613,0.8932603077490943,1.051515985135712,0.9738579837989656,1.1329563891370693,0.832416455247305
5.763444222111056,0.8918970305802384,0.8964043411024752,1.0502552581989213,0.9720347488725557,1.1363212257213613,0.8304999069495411
5.76868371685843,0.8909231376123151,0.8995483744558569,1.0489945312621303,0.9702115139461455,1.139686062305654,0.8285833586517768
5.773923211605803,0.8899492446443921,0.9026924078092379,1.0477338043253395,0.9683882790197356,1.143050898889946,0.8266668103540129
5.779162706353177,0.8889753516764689,0.9058364411626194,1.0464730773885487,0.9665650440933253,1.1464157354742384,0.8247502620562486
5.7844022011005505,0.8880014587085459,0.9089804745160005,1.0452123504517579,0.9647418091669154,1.1497805720585303,0.8228337137584847
5.789641695847925,0.8870275657406227,0.912124507869382,1.0439516235149668,0.9629185742405053,1.1531454086428228,0.8209171654607204
5.794881190595298,0.8860536727726996,0.915268541222763,1.0426908965781763,0.9610953393140954,1.1565102452271148,0.8190006171629565
5.800120685342672,0.8850797798047765,0.9184125745761447,1.0414301696413852,0.9592721043876852,1.1598750818114072,0.8170840688651921
5.805360180090045,0.8841654487642588,0.9215397614344957,1.0400426161474685,0.9573991325106308,1.1628878274402927,0.8155083640171821
5.810599674837419,0.8832674829817503,0.9246623195434135,1.0386202157400926,0.9555124948899488,1.165803832423284,0.814026309446101
5.815839169584793,0.8823695171992416,0.9277848776523319,1.0371978153327162,0.9536258572692665,1.168719837406276,0.8125442548750197
5.821078664332166,0.8814715514167331,0.9309074357612497,1.03577541492534,0.9517392196485847,1.171635842389267,0.8110622003039386
5.82631815907954,0.8805735856342243,0.934029993870168,1.0343530145179636,0.9498525820279023,1.174551847372259,0.8095801457328573
5.831557653826914,0.8796756198517158,0.9371525519790859,1.0329306141105876,0.9479659444072204,1.1774678523552502,0.8080980911617762
5.836797148574288,0.878777654069207,0.9402751100880042,1.0315082137032112,0.9460793067865382,1.180383857338242,0.8066160365906949
5.842036643321661,0.8778796882866985,0.9433976681969221,1.030085813295835,0.9441926691658562,1.1832998623212332,0.8051339820196138
5.847276138069035,0.8769817225041898,0.9465202263058404,1.0286634128884586,0.9423060315451739,1.186215867304225,0.8036519274485324
5.8525156328164085,0.8760837567216813,0.9496427844147582,1.0272410124810827,0.940419393924492,1.1891318722872162,0.8021698728774513
5.857755127563783,0.8750255277980228,0.9528092930676662,1.0260560451192566,0.9385547307054487,1.19220249421898,0.800839280639299
5.862994622311156,0.873917906299715,0.955989347134131,1.0249442538436002,0.9366968399249437,1.1953207685874139,0.7995553685955578
5.868234117058529,0.8728102848014073,0.9591694012005958,1.023832462567944,0.9348389491444387,1.1984390429558478,0.7982714565518164
5.873473611805903,0.8717026633030993,0.9623494552670612,1.0227206712922874,0.9329810583639333,1.2015573173242824,0.7969875445080749
5.878713106553277,0.8705950418047915,0.9655295093335259,1.0216088800166312,0.9311231675834283,1.2046755916927163,0.7957036324643336
5.883952601300651,0.8694874203064836,0.9687095633999913,1.0204970887409746,0.9292652768029229,1.2077938660611507,0.7944197204205921
5.889192096048024,0.8683797988081758,0.9718896174664561,1.0193852974653184,0.9274073860224179,1.2109121404295846,0.7931358083768508
5.894431590795398,0.8672721773098679,0.9750696715329215,1.0182735061896617,0.9255494952419127,1.2140304147980192,0.7918518963331093
5.899671085542772,0.8661645558115602,0.9782497255993862,1.0171617149140055,0.9236916044614076,1.2171486891664531,0.7905679842893679
5.904910580290146,0.8650569343132523,0.9814297796658515,1.016049923638349,0.9218337136809023,1.2202669635348875,0.7892840722456265
5.910150075037519,0.8641740463772822,0.9849594143873581,1.0148693752271911,0.9200504369597965,1.2229610804298705,0.7879169988754212
5.915389569784892,0.8633683396647412,0.9886091071116063,1.0136652132543458,0.9182927852691914,1.225509527081446,0.7865213650496629
5.920629064532267,0.8625626329522001,0.9922587998358551,1.0124610512815004,0.9165351335785862,1.2280579737330222,0.7851257312239042
5.92586855927964,0.8617569262396592,0.9959084925601033,1.011256889308655,0.9147774818879811,1.2306064203845977,0.7837300973981458
5.931108054027014,0.8609512195271181,0.999558185284352,1.0100527273358098,0.9130198301973758,1.2331548670361736,0.7823344635723871
5.936347548774387,0.8601455128145771,1.0032078780086002,1.0088485653629644,0.9112621785067707,1.2357033136877493,0.7809388297466288
5.9415870435217615,0.859339806102036,1.006857570732849,1.0076444033901188,0.9095045268161654,1.2382517603393253,0.7795431959208701
5.946826538269135,0.858534099389495,1.010507263457097,1.0064402414172737,0.9077468751255604,1.2408002069909008,0.7781475620951117
5.952066033016509,0.8577283926769539,1.014156956181346,1.0052360794444282,0.905989223434955,1.243348653642477,0.776751928269353
5.957305527763882,0.8569226859644129,1.0178066489055941,1.004031917471583,0.9042315717443501,1.2458971002940524,0.7753562944435947
5.962545022511256,0.8561243213282153,1.0213502310536695,1.0027619828449823,0.9024010590649332,1.2479772981670842,0.7740124793328951
5.96778451725863,0.8553287512539477,1.0248534250931662,1.001467013644288,0.9005428138292216,1.2498792698614314,0.7726883876085504
5.973024012006003,0.8545331811796802,1.028356619132663,1.000172044443594,0.89868456859351,1.2517812415557783,0.7713642958842057
5.978263506753377,0.8537376111054126,1.0318598131721604,0.9988770752428995,0.8968263233577981,1.2536832132501257,0.7700402041598609
5.98350300150075,0.8529420410311451,1.035363007211657,0.9975821060422053,0.8949680781220865,1.2555851849444728,0.7687161124355162
5.988742496248125,0.8521464709568775,1.0388662012511545,0.9962871368415109,0.8931098328863746,1.2574871566388202,0.7673920207111713
5.993981990995498,0.85135090088261,1.0423693952906512,0.9949921676408168,0.8912515876506629,1.259389128333167,0.7660679289868267
5.999221485742872,0.8505553308083423,1.0458725893301486,0.9936971984401224,0.889393342414951,1.2612911000275144,0.7647438372624819
6.004460980490245,0.8497597607340749,1.0493757833696453,0.9924022292394281,0.8875350971792395,1.2631930717218616,0.7634197455381372
6.0097004752376195,0.8489641906598072,1.0528789774091425,0.9911072600387337,0.8856768519435275,1.265095043416209,0.7620956538137923
6.014939969984993,0.8482676897928857,1.0563071779357065,0.9900242197268789,0.8839503586263119,1.2667171126933832,0.760925313449326
6.020179464732367,0.84761279094186,1.0597038865244557,0.9890301744644299,0.8822791917375034,1.2682216428772253,0.7598195377128512
6.02541895947974,0.8469578920908346,1.0631005951132044,0.9880361292019809,0.8806080248486952,1.269726173061067,0.7587137619763764
6.0306584542271136,0.8463029932398092,1.0664973037019532,0.987042083939532,0.878936857959887,1.2712307032449088,0.7576079862399018
6.035897948974488,0.8456480943887835,1.0698940122907026,0.9860480386770829,0.8772656910710784,1.272735233428751,0.7565022105034269
6.041137443721861,0.8449931955377581,1.073290720879451,0.985053993414634,0.8755945241822702,1.2742397636125928,0.7553964347669523
6.046376938469235,0.8443382966867325,1.0766874294682005,0.9840599481521848,0.8739233572934618,1.275744293796435,0.7542906590304774
6.0516164332166085,0.8436833978357071,1.0800841380569493,0.9830659028897358,0.8722521904046536,1.2772488239802768,0.7531848832940027
6.056855927963983,0.8430284989846815,1.0834808466456984,0.9820718576272868,0.8705810235158451,1.2787533541641187,0.7520791075575278
6.062095422711356,0.842373600133656,1.0868775552344472,0.9810778123648378,0.8689098566270369,1.2802578843479606,0.7509733318210532
6.06733491745873,0.8417068573895361,1.0901761840198856,0.9799582625743924,0.8672127548591343,1.2819012306583661,0.7502203951915558
6.072574412206103,0.8410346482332188,1.0934295452037954,0.9787807876171799,0.8655036831470346,1.2836086459502618,0.7496303073806635
6.077813906953477,0.8403624390769017,1.0966829063877053,0.9776033126599672,0.8637946114349349,1.2853160612421577,0.7490402195697711
6.083053401700851,0.8396902299205843,1.0999362675716158,0.9764258377027545,0.8620855397228349,1.2870234765340538,0.7484501317588786
6.088292896448224,0.8390180207642671,1.1031896287555256,0.9752483627455418,0.8603764680107352,1.2887308918259495,0.7478600439479863
6.093532391195598,0.8383458116079497,1.106442989939436,0.9740708877883291,0.8586673962986352,1.2904383071178456,0.7472699561370939
6.098771885942972,0.8376736024516326,1.109696351123346,0.9728934128311164,0.8569583245865355,1.2921457224097415,0.7466798683262015
6.104011380690346,0.8370013932953152,1.1129497123072563,0.9717159378739036,0.8552492528744355,1.2938531377016376,0.746089780515309
6.109250875437719,0.836329184138998,1.116203073491166,0.970538462916691,0.8535401811623358,1.2955605529935332,0.7454996927044167
6.114490370185093,0.8356569749826807,1.1194564346750766,0.9693609879594782,0.8518311094502359,1.2972679682854293,0.7449096048935243
6.1197298649324665,0.8349624188800083,1.122337324940524,0.9680777407439801,0.8501218783676038,1.2984958402048055,0.7444935278914883
6.124969359679841,0.834256562812009,1.125029871420787,0.966741008688443,0.8484125666976079,1.2994812260414739,0.7441654412607228
6.130208854427214,0.8335507067440099,1.1277224179010497,0.9654042766329062,0.8467032550276123,1.3004666118781423,0.7438373546299575
6.135448349174587,0.8328448506760107,1.1304149643813122,0.9640675445773693,0.8449939433576168,1.3014519977148105,0.7435092679991921
6.140687843921961,0.8321389946080114,1.1331075108615754,0.9627308125218322,0.8432846316876209,1.3024373835514789,0.7431811813684267
6.145927338669335,0.8314331385400122,1.1358000573418379,0.9613940804662954,0.8415753200176254,1.303422769388147,0.7428530947376614
6.151166833416709,0.830727282472013,1.138492603822101,0.9600573484107583,0.8398660083476295,1.3044081552248155,0.7425250081068959
6.156406328164082,0.8300214264040138,1.1411851503023638,0.9587206163552214,0.8381566966776339,1.3053935410614839,0.7421969214761306
6.161645822911456,0.8293155703360146,1.1438776967826267,0.9573838842996844,0.836447385007638,1.3063789268981523,0.7418688348453651
6.16688531765883,0.8286097142680153,1.1465702432628895,0.9560471522441475,0.8347380733376425,1.3073643127348205,0.7415407482145998
6.172124812406204,0.8278958135338541,1.1490192978431202,0.9547928660291389,0.8332292355803143,1.3083554341332817,0.7413790964210726
6.177364307153577,0.827177467886872,1.151333816042788,0.9535841335470295,0.8318311655101411,1.3093497245970136,0.7413094047321673
6.182603801900951,0.8264591222398898,1.1536483342424564,0.95237540106492,0.8304330954399678,1.3103440150607455,0.741239713043262
6.1878432966483246,0.8257407765929077,1.1559628524421242,0.9511666685828106,0.8290350253697947,1.3113383055244772,0.7411700213543567
6.193082791395698,0.8250224309459255,1.158277370641792,0.9499579361007013,0.8276369552996216,1.312332595988209,0.7411003296654515
6.198322286143072,0.8243040852989433,1.1605918888414604,0.9487492036185917,0.8262388852294482,1.313326886451941,0.7410306379765461
6.203561780890445,0.8235857396519612,1.1629064070411281,0.9475404711364824,0.8248408151592752,1.3143211769156729,0.7409609462876409
6.2088012756378195,0.822867394004979,1.1652209252407963,0.9463317386543729,0.8234427450891019,1.3153154673794047,0.7408912545987355
6.214040770385193,0.8221490483579968,1.1675354434404641,0.9451230061722635,0.8220446750189287,1.3163097578431366,0.7408215629098303
6.219280265132567,0.8214307027110147,1.1698499616401326,0.943914273690154,0.8206466049487554,1.3173040483068685,0.7407518712209249
6.22451975987994,0.82077260824947,1.1720033857457337,0.942780423790916,0.8193410807023782,1.3179786858762246,0.7406257956569466
6.229759254627314,0.820150809682767,1.1740597652163556,0.9416916838813593,0.8180913069522635,1.318460761461017,0.7404657539031654
6.234998749374688,0.8195290111160641,1.1761161446869772,0.9406029439718027,0.8168415332021489,1.3189428370458094,0.7403057121493841
6.240238244122062,0.8189072125493612,1.178172524157599,0.939514204062246,0.8155917594520342,1.319424912630602,0.7401456703956029
6.245477738869435,0.8182854139826583,1.1802289036282205,0.9384254641526895,0.8143419857019196,1.3199069882153942,0.7399856286418216
6.250717233616808,0.8176636154159554,1.1822852830988422,0.937336724243133,0.813092211951805,1.3203890638001865,0.7398255868880403
6.255956728364183,0.8170418168492525,1.184341662569464,0.9362479843335763,0.8118424382016903,1.320871139384979,0.7396655451342591
6.261196223111556,0.8164200182825496,1.1863980420400855,0.9351592444240198,0.8105926644515757,1.3213532149697713,0.7395055033804778
6.26643571785893,0.8157982197158467,1.1884544215107073,0.934070504514463,0.809342890701461,1.3218352905545638,0.7393454616266966
6.271675212606303,0.8151764211491438,1.190510800981329,0.9329817646049064,0.8080931169513464,1.3223173661393561,0.7391854198729154
6.2769147073536775,0.8145341044016309,1.1925790626753592,0.9318855866681245,0.8069250213457477,1.322581071525978,0.7391866790212104
6.282154202101051,0.8138783359007239,1.1946551143747768,0.9307845323483486,0.8058104740672591,1.3227016130482392,0.7392936873086258
6.287393696848425,0.8132225673998169,1.1967311660741948,0.9296834780285724,0.8046959267887703,1.3228221545705003,0.7394006955960413
6.292633191595798,0.81256679889891,1.1988072177736127,0.9285824237087964,0.8035813795102817,1.3229426960927615,0.7395077038834567
6.2978726863431715,0.811911030398003,1.2008832694730303,0.9274813693890205,0.8024668322317932,1.3230632376150226,0.739614712170872
6.303112181090546,0.8112552618970961,1.2029593211724483,0.9263803150692443,0.8013522849533045,1.3231837791372838,0.7397217204582875
6.308351675837919,0.8105994933961892,1.2050353728718661,0.9252792607494683,0.8002377376748159,1.323304320659545,0.7398287287457029
6.313591170585293,0.8099437248952821,1.2071114245712842,0.9241782064296922,0.7991231903963271,1.323424862181806,0.7399357370331184
6.3188306653326665,0.8092879563943752,1.2091874762707018,0.9230771521099163,0.7980086431178385,1.3235454037040673,0.7400427453205338
6.324070160080041,0.8086321878934682,1.2112635279701198,0.9219760977901401,0.7968940958393498,1.3236659452263284,0.7401497536079493
6.329309654827414,0.8080899111560794,1.2135775190604896,0.9207613007733756,0.7958346581894593,1.3237802955668796,0.7404608611769503
6.334549149574788,0.8076284912115832,1.2160610292019243,0.9194654681870825,0.7948144831934195,1.3238902350226074,0.7409173785345488
6.339788644322161,0.8071670712670871,1.2185445393433583,0.9181696356007898,0.7937943081973801,1.3240001744783354,0.741373895892147
6.3450281390695356,0.8067056513225909,1.221028049484793,0.9168738030144967,0.7927741332013404,1.3241101139340632,0.7418304132497454
6.350267633816909,0.8062442313780946,1.2235115596262272,0.915577970428204,0.7917539582053008,1.324220053389791,0.7422869306073437
6.355507128564282,0.8057828114335985,1.2259950697676611,0.9142821378419113,0.7907337832092612,1.3243299928455188,0.7427434479649421
6.360746623311656,0.8053213914891023,1.2284785799090958,0.9129863052556182,0.7897136082132216,1.3244399323012468,0.7431999653225405
6.36598611805903,0.8048599715446062,1.23096209005053,0.9116904726693255,0.7886934332171821,1.3245498717569746,0.7436564826801388
6.371225612806404,0.80439855160011,1.2334456001919645,0.9103946400830324,0.7876732582211423,1.3246598112127024,0.7441130000377372
6.376465107553777,0.8039371316556139,1.2359291103333987,0.9090988074967397,0.7866530832251029,1.3247697506684304,0.7445695173953355
6.381704602301151,0.8035161721307374,1.2381481866368915,0.9078485416766301,0.7856994877084441,1.3246776989830518,0.7449524432925919
6.3869440970485245,0.8031265019970336,1.2401627674390425,0.9066335141557025,0.7847973803225069,1.324429440815218,0.7452784584605172
6.392183591795899,0.8027368318633298,1.2421773482411937,0.9054184866347748,0.7838952729365696,1.324181182647384,0.7456044736284425
6.397423086543272,0.8023471617296261,1.2441919290433445,0.9042034591138473,0.7829931655506324,1.3239329244795501,0.7459304887963677
6.402662581290646,0.8019574915959222,1.246206509845496,0.9029884315929195,0.782091058164695,1.323684666311716,0.746256503964293
6.407902076038019,0.8015678214622184,1.2482210906476467,0.9017734040719919,0.7811889507787578,1.3234364081438823,0.7465825191322183
6.413141570785393,0.8011781513285147,1.2502356714497977,0.9005583765510644,0.7802868433928205,1.3231881499760483,0.7469085343001435
6.418381065532767,0.8007884811948108,1.252250252251949,0.8993433490301367,0.7793847360068832,1.3229398918082145,0.7472345494680688
6.42362056028014,0.800398811061107,1.2542648330541,0.8981283215092091,0.778482628620946,1.3226916336403804,0.7475605646359941
6.428860055027514,0.8000091409274032,1.2562794138562512,0.8969132939882813,0.7775805212350086,1.3224433754725466,0.7478865798039194
6.434099549774888,0.799663533422627,1.2581334336142815,0.8957624305044739,0.776754961121123,1.3219591511433821,0.7483748279667268
6.439339044522262,0.7993548816711447,1.2598527892707918,0.8946653820195412,0.775993601945087,1.3212770197111658,0.7489991425123388
6.444578539269635,0.7990462299196625,1.2615721449273016,0.8935683335346086,0.7752322427690512,1.3205948882789498,0.7496234570579506
6.449818034017009,0.7987375781681801,1.263291500583812,0.892471285049676,0.7744708835930152,1.3199127568467337,0.7502477716035627
6.4550575287643825,0.7984289264166979,1.265010856240322,0.8913742365647435,0.7737095244169794,1.3192306254145176,0.7508720861491746
6.460297023511756,0.7981202746652156,1.2667302118968318,0.8902771880798109,0.7729481652409436,1.3185484939823016,0.7514964006947864
6.46553651825913,0.7978116229137334,1.268449567553342,0.8891801395948782,0.7721868060649076,1.3178663625500853,0.7521207152403985
6.470776013006503,0.7975029711622512,1.270168923209852,0.8880830911099457,0.7714254468888717,1.3171842311178692,0.7527450297860103
6.4760155077538775,0.7971943194107689,1.2718882788663624,0.8869860426250129,0.7706640877128358,1.3165020996856531,0.7533693443316223
6.481255002501251,0.7968856676592867,1.2736076345228722,0.8858889941400804,0.7699027285368,1.315819968253437,0.7539936588772342
6.486494497248625,0.7966395970192033,1.2751634342736082,0.8846518396007711,0.76933150815114,1.3148790181196794,0.754751606806663
6.491733991995998,0.7964504182985734,1.2765705468372763,0.8832873159211196,0.7689331412112765,1.3137027782572483,0.7556310396304704
6.496973486743372,0.7962612395779435,1.2779776594009447,0.8819227922414681,0.768534774271413,1.312526538394817,0.756510472454278
6.502212981490746,0.7960720608573136,1.2793847719646128,0.8805582685618166,0.7681364073315495,1.311350298532386,0.7573899052780856
6.50745247623812,0.7958828821366838,1.280791884528281,0.8791937448821651,0.7677380403916859,1.3101740586699546,0.7582693381018931
6.512691970985493,0.7956937034160538,1.2821989970919492,0.8778292212025136,0.7673396734518224,1.3089978188075233,0.7591487709257007
6.517931465732866,0.795504524695424,1.2836061096556173,0.8764646975228623,0.7669413065119589,1.3078215789450922,0.7600282037495081
6.523170960480241,0.7953153459747941,1.2850132222192856,0.8751001738432106,0.7665429395720954,1.306645339082661,0.7609076365733157
6.528410455227614,0.7951261672541643,1.2864203347829537,0.8737356501635593,0.7661445726322319,1.3054690992202298,0.7617870693971232
6.533649949974988,0.7949369885335343,1.287827447346622,0.8723711264839076,0.7657462056923683,1.3042928593577985,0.7626665022209308
6.538889444722361,0.7948230019445548,1.28894590558707,0.8710776802834774,0.7653248700633656,1.3029022810345299,0.7636089803750208
6.5441289394697355,0.7947830852166039,1.289780017777779,0.8698542507043693,0.7648809085614794,1.3013005633319283,0.7646135628843147
6.549368434217109,0.7947431684886529,1.290614129968488,0.8686308211252615,0.7644369470595932,1.2996988456293272,0.7656181453936083
6.554607928964483,0.794703251760702,1.2914482421591968,0.8674073915461533,0.763992985557707,1.2980971279267257,0.7666227279029022
6.559847423711856,0.794663335032751,1.2922823543499058,0.8661839619670454,0.7635490240558208,1.2964954102241246,0.7676273104121959
6.56508691845923,0.7946234183048001,1.293116466540615,0.8649605323879374,0.7631050625539346,1.294893692521523,0.7686318929214897
6.570326413206604,0.7945835015768492,1.2939505787313237,0.8637371028088294,0.7626611010520484,1.293291974818922,0.7696364754307834
6.575565907953977,0.7945435848488982,1.2947846909220326,0.8625136732297216,0.7622171395501623,1.291690257116321,0.7706410579400771
6.580805402701351,0.7945036681209473,1.2956188031127418,0.8612902436506135,0.7617731780482762,1.2900885394137194,0.7716456404493709
6.5860448974487245,0.7944637513929963,1.2964529153034505,0.8600668140715055,0.76132921654639,1.2884868217111183,0.7726502229586646
6.591284392196099,0.7943999149534818,1.296966116179394,0.8589703496463006,0.7610402404541711,1.28682088857212,0.7737812805727973
6.596523886943472,0.7943105476301223,1.2971367899525306,0.8580094024319974,0.7609166892033589,1.2850864146046364,0.7750473323402809
6.601763381690846,0.7942211803067629,1.2973074637256672,0.8570484552176941,0.7607931379525467,1.2833519406371525,0.7763133841077646
6.607002876438219,0.7941318129834034,1.2974781374988036,0.856087508003391,0.7606695867017345,1.281617466669669,0.7775794358752482
6.6122423711855935,0.7940424456600439,1.2976488112719402,0.8551265607890877,0.7605460354509223,1.279882992702185,0.7788454876427321
6.617481865932967,0.7939530783366844,1.2978194850450768,0.8541656135747845,0.76042248420011,1.2781485187347015,0.7801115394102157
6.622721360680341,0.7938637110133249,1.2979901588182134,0.8532046663604811,0.7602989329492977,1.2764140447672174,0.7813775911776996
6.627960855427714,0.7937743436899654,1.2981608325913498,0.852243719146178,0.7601753816984855,1.2746795707997338,0.7826436429451832
6.633200350175088,0.793684976366606,1.2983315063644865,0.8512827719318748,0.7600518304476733,1.2729450968322502,0.7839096947126668
6.638439844922462,0.7935956090432464,1.298502180137623,0.8503218247175716,0.7599282791968611,1.2712106228647664,0.7851757464801506
6.643679339669835,0.793595720541512,1.2985047283214497,0.8493766150367629,0.7599493137562214,1.269285190602957,0.7864530514825918
6.648918834417209,0.7936993372712791,1.2983127960938587,0.8484496098541586,0.7601375989284298,1.2671388660439273,0.7877433737406058
6.6541583291645825,0.7938029540010462,1.2981208638662678,0.8475226046715545,0.7603258841006383,1.264992541484898,0.7890336959986195
6.659397823911957,0.7939065707308132,1.2979289316386766,0.8465955994889502,0.7605141692728468,1.2628462169258683,0.7903240182566335
6.66463731865933,0.7940101874605803,1.2977369994110857,0.8456685943063461,0.7607024544450551,1.2606998923668389,0.7916143405146471
6.669876813406704,0.7941138041903473,1.2975450671834945,0.8447415891237418,0.7608907396172636,1.258553567807809,0.792904662772661
6.675116308154077,0.7942174209201144,1.2973531349559035,0.8438145839411376,0.761079024789472,1.2564072432487798,0.7941949850306748
6.680355802901451,0.7943210376498814,1.2971612027283124,0.8428875787585335,0.7612673099616805,1.2542609186897504,0.7954853072886885
6.685595297648825,0.7944246543796485,1.2969692705007214,0.8419605735759292,0.7614555951338888,1.2521145941307206,0.7967756295467023
6.690834792396198,0.7945282711094155,1.2967773382731302,0.8410335683933251,0.7616438803060973,1.2499682695716914,0.7980659518047161
6.696074287143572,0.7947458810849632,1.2963205086080931,0.8401726557302089,0.7618327696659042,1.2478324375173424,0.7994587288301414
6.701313781890946,0.7951064656399647,1.2955314346994797,0.8393946387695018,0.762022416820326,1.245709765553611,0.8009800084452009
6.70655327663832,0.7954670501949661,1.2947423607908664,0.8386166218087946,0.7622120639747478,1.2435870935898787,0.8025012880602608
6.711792771385693,0.7958276347499674,1.293953286882253,0.8378386048480874,0.7624017111291698,1.241464421626147,0.8040225676753203
6.717032266133067,0.796188219304969,1.2931642129736396,0.8370605878873801,0.7625913582835916,1.239341749662415,0.8055438472903801
6.7222717608804405,0.7965488038599703,1.2923751390650262,0.836282570926673,0.7627810054380134,1.2372190776986833,0.8070651269054396
6.727511255627815,0.7969093884149717,1.2915860651564128,0.8355045539659657,0.7629706525924353,1.2350964057349512,0.8085864065204994
6.732750750375188,0.7972699729699732,1.2907969912477995,0.8347265370052586,0.7631602997468572,1.2329737337712194,0.810107686135559
6.737990245122561,0.7976305575249745,1.290007917339186,0.8339485200445513,0.763349946901279,1.2308510618074877,0.8116289657506186
6.7432297398699355,0.7979911420799759,1.2892188434305727,0.8331705030838441,0.7635395940557009,1.2287283898437558,0.8131502453656784
6.748469234617309,0.798399819395707,1.2885091133779598,0.8324657921326836,0.7638701063473273,1.2268332595158538,0.8147023491121179
6.753708729364683,0.7988739483976385,1.2879073660879512,0.8318608467566454,0.7643923285889954,1.225247801236714,0.8162964028598441
6.758948224112056,0.7993480773995699,1.2873056187979426,0.8312559013806075,0.7649145508306634,1.2236623429575746,0.8178904566075699
6.76418771885943,0.7998222064015013,1.2867038715079337,0.8306509560045694,0.7654367730723315,1.222076884678435,0.819484510355296
6.769427213606804,0.8002963354034327,1.2861021242179251,0.8300460106285313,0.7659589953139995,1.2204914263992954,0.8210785641030219
6.774666708354178,0.8007704644053641,1.2855003769279165,0.8294410652524933,0.7664812175556677,1.2189059681201557,0.8226726178507481
6.779906203101551,0.8012445934072955,1.284898629637908,0.8288361198764552,0.7670034397973357,1.2173205098410163,0.8242666715984739
6.785145697848925,0.8017187224092269,1.2842968823478993,0.8282311745004172,0.7675256620390037,1.2157350515618766,0.8258607253462
6.790385192596299,0.8021928514111583,1.2836951350578907,0.8276262291243791,0.7680478842806717,1.214149593282737,0.827454779093926
6.795624687343672,0.8026669804130896,1.283093387767882,0.8270212837483412,0.7685701065223398,1.2125641350035976,0.8290488328416518
6.800864182091046,0.8031677167403838,1.282296591544528,0.8264079828980496,0.7691179333092716,1.210938659505015,0.8306364704159412
6.806103676838419,0.8037077856356052,1.2812114621153587,0.8257823304771227,0.7697036102935498,1.209254028116821,0.8322146232121065
6.8113431715857935,0.8042478545308268,1.2801263326861896,0.8251566780561956,0.7702892872778281,1.2075693967286267,0.8337927760082722
6.816582666333167,0.8047879234260482,1.2790412032570206,0.8245310256352686,0.7708749642621063,1.2058847653404328,0.8353709288044374
6.821822161080541,0.8053279923212698,1.2779560738278513,0.8239053732143415,0.7714606412463846,1.2042001339522386,0.8369490816006031
6.827061655827914,0.8058680612164912,1.2768709443986823,0.8232797207934146,0.7720463182306627,1.2025155025640446,0.8385272343967684
6.832301150575288,0.8064081301117129,1.2757858149695132,0.8226540683724876,0.7726319952149411,1.2008308711758502,0.840105387192934
6.837540645322662,0.8069481990069343,1.274700685540344,0.8220284159515606,0.7732176721992192,1.1991462397876562,0.8416835399890994
6.842780140070036,0.8074882679021559,1.2736155561111748,0.8214027635306336,0.7738033491834976,1.197461608399462,0.843261692785265
6.848019634817409,0.8080283367973773,1.2725304266820059,0.8207771111097065,0.7743890261677757,1.195776977011268,0.8448398455814303
6.8532591295647824,0.808648265531791,1.271402422255299,0.8201830681535437,0.7750340270208579,1.1940939877461714,0.8463951369713553
6.858498624312157,0.8093965963605925,1.2702054815580412,0.8196398482583739,0.775774411349272,1.192413638757427,0.8479136708061489
6.86373811905953,0.8101449271893938,1.2690085408607836,0.8190966283632043,0.776514795677686,1.1907332897686826,0.8494322046409423
6.868977613806904,0.8108932580181952,1.2678116001635258,0.8185534084680345,0.7772551800061002,1.189052940779938,0.8509507384757359
6.874217108554277,0.8116415888469966,1.2666146594662682,0.8180101885728649,0.7779955643345141,1.1873725917911937,0.8524692723105293
6.8794566033016515,0.812389919675798,1.2654177187690103,0.8174669686776951,0.7787359486629283,1.1856922428024492,0.8539878061453229
6.884696098049025,0.8131382505045992,1.2642207780717527,0.8169237487825255,0.7794763329913423,1.184011893813705,0.8555063399801163
6.889935592796399,0.8138865813334006,1.2630238373744949,0.8163805288873557,0.7802167173197565,1.1823315448249603,0.8570248738149099
6.895175087543772,0.814634912162202,1.2618268966772372,0.8158373089921861,0.7809571016481704,1.180651195836216,0.8585434076497033
6.900414582291146,0.8153832429910033,1.2606299559799794,0.8152940890970164,0.7816974859765845,1.1789708468474718,0.8600619414844967
6.90565407703852,0.8162342641750165,1.2595823897750165,0.8148616279039173,0.78254762697609,1.1771632880002265,0.8617041855658764
6.910893571785893,0.8172651705329866,1.258796486473798,0.814623185402721,0.783590031385645,1.1751328925732631,0.8635631358723098
6.916133066533267,0.8182960768909571,1.258010583172579,0.8143847429015248,0.7846324357952001,1.1731024971462995,0.8654220861787436
6.9213725612806405,0.8193269832489273,1.2572246798713602,0.8141463004003286,0.7856748402047552,1.1710721017193362,0.8672810364851771
6.926612056028015,0.8203578896068976,1.2564387765701415,0.8139078578991324,0.7867172446143104,1.1690417062923726,0.8691399867916109
6.931851550775388,0.8213887959648678,1.2556528732689227,0.8136694153979362,0.7877596490238653,1.1670113108654092,0.8709989370980443
6.937091045522762,0.8224197023228381,1.2548669699677037,0.81343097289674,0.7888020534334205,1.1649809154384456,0.872857887404478
6.942330540270135,0.8234506086808083,1.254081066666485,0.813192530395544,0.7898444578429754,1.1629505200114822,0.8747168377109115
6.94757003501751,0.8244815150387786,1.2532951633652663,0.8129540878943476,0.7908868622525307,1.1609201245845187,0.8765757880173453
6.952809529764883,0.8255124213967489,1.2525092600640475,0.8127156453931516,0.7919292666620856,1.1588897291575553,0.8784347383237787
6.958049024512256,0.8265220333733523,1.2517004846227826,0.8125462110121271,0.7930213341419516,1.1566956408116802,0.8803180000882993
6.96328851925963,0.8274909217885099,1.2508479683005531,0.8125087483645695,0.7942083777124858,1.154188504693871,0.8822477552982131
6.968528014007004,0.8284598102036674,1.2499954519783238,0.8124712857170121,0.7953954212830195,1.1516813685760623,0.8841775105081267
6.973767508754378,0.8294286986188251,1.2491429356560946,0.8124338230694547,0.7965824648535537,1.1491742324582532,0.8861072657180404
6.979007003501751,0.8303975870339826,1.2482904193338653,0.8123963604218972,0.7977695084240874,1.1466670963404444,0.8880370209279539
6.984246498249125,0.8313664754491402,1.247437903011636,0.8123588977743397,0.7989565519946216,1.1441599602226353,0.8899667761378677
6.9894859929964985,0.8323353638642977,1.2465853866894068,0.8123214351267822,0.8001435955651554,1.1416528241048267,0.8918965313477811
6.994725487743873,0.8333042522794554,1.2457328703671773,0.8122839724792248,0.8013306391356895,1.1391456879870177,0.8938262865576949
6.999964982491246,0.8342731406946129,1.2448803540449482,0.8122465098316674,0.8025176827062233,1.1366385518692088,0.8957560417676084
7.00520447723862,0.8352420291097705,1.2440278377227187,0.8122090471841098,0.8037047262767574,1.1341314157513998,0.8976857969775223
7.0104439719859934,0.8362640758452407,1.24306807627263,0.8121486988839299,0.8049322206332287,1.1317526579558594,0.8995683329547106
7.015683466733367,0.8373973841813651,1.2418838482758592,0.8120404503805867,0.806244379425383,1.1296425989743688,0.9013520379796838
7.020922961480741,0.8385306925174898,1.2406996202790879,0.8119322018772434,0.8075565382175376,1.127532539992878,0.9031357430046573
7.026162456228114,0.8396640008536143,1.2395153922823168,0.8118239533739001,0.8088686970096919,1.1254224810113873,0.9049194480296305
7.031401950975488,0.8407973091897389,1.2383311642855457,0.8117157048705569,0.8101808558018465,1.1233124220298965,0.906703153054604
7.036641445722862,0.8419306175258634,1.2371469362887746,0.8116074563672137,0.8114930145940008,1.1212023630484058,0.9084868580795772
7.041880940470236,0.8430639258619881,1.2359627082920035,0.8114992078638704,0.8128051733861554,1.1190923040669147,0.9102705631045507
7.047120435217609,0.8441972341981125,1.2347784802952324,0.8113909593605272,0.8141173321783097,1.1169822450854243,0.912054268129524
7.052359929964983,0.8453305425342372,1.233594252298461,0.8112827108571838,0.8154294909704644,1.1148721861039332,0.9138379731544974
7.057599424712357,0.8464638508703617,1.2324100243016902,0.8111744623538406,0.8167416497626186,1.1127621271224428,0.9156216781794706
7.06283891945973,0.8476559362007214,1.2311542766221015,0.8111787016863049,0.8180472637789705,1.110609947155769,0.9173681688415525
7.068078414207104,0.8489830628897378,1.2297342109935598,0.811441384145666,0.8193378410376938,1.1083609933553686,0.9190291587359998
7.073317908954477,0.850310189578754,1.2283141453650184,0.811704066605027,0.8206284182964169,1.1061120395549686,0.9206901486304468
7.0785574037018515,0.8516373162677704,1.2268940797364767,0.811966749064388,0.8219189955551401,1.1038630857545682,0.9223511385248943
7.083796898449225,0.8529644429567865,1.2254740141079352,0.812229431523749,0.8232095728138633,1.1016141319541681,0.9240121284193413
7.089036393196599,0.8542915696458029,1.2240539484793935,0.81249211398311,0.8245001500725866,1.0993651781537677,0.9256731183137886
7.094275887943972,0.855618696334819,1.222633882850852,0.8127547964424711,0.8257907273313096,1.0971162243533676,0.9273341082082357
7.099515382691346,0.8569458230238354,1.2212138172223104,0.8130174789018322,0.8270813045900329,1.0948672705529672,0.9289950981026831
7.10475487743872,0.8582729497128515,1.2197937515937691,0.8132801613611932,0.828371881848756,1.0926183167525672,0.9306560879971302
7.109994372186094,0.8596000764018679,1.2183736859652274,0.8135428438205542,0.8296624591074793,1.090369362952167,0.9323170778915775
7.115233866933467,0.8609687013740926,1.2167795698100772,0.8138494513679391,0.8309807050616869,1.0881979265205346,0.9340334271500035
7.12047336168084,0.8624423573993943,1.2147449363928915,0.8142672321469593,0.8323689797495984,1.0862226844912701,0.9358898894889424
7.125712856428215,0.8639160134246963,1.2127103029757056,0.8146850129259796,0.8337572544375104,1.0842474424620052,0.9377463518278816
7.130952351175588,0.865389669449998,1.21067566955852,0.8151027937049999,0.8351455291254221,1.0822722004327407,0.9396028141668205
7.136191845922962,0.8668633254752999,1.2086410361413338,0.8155205744840203,0.836533803813334,1.0802969584034758,0.9414592765057597
7.141431340670335,0.8683369815006016,1.206606402724148,0.8159383552630406,0.8379220785012456,1.0783217163742114,0.9433157388446985
7.1466708354177095,0.8698106375259035,1.204571769306962,0.8163561360420609,0.8393103531891575,1.0763464743449467,0.9451722011836378
7.151910330165083,0.8712842935512051,1.2025371358897763,0.8167739168210812,0.8406986278770692,1.074371232315682,0.9470286635225766
7.157149824912457,0.872757949576507,1.2005025024725904,0.8171916976001016,0.842086902564981,1.0723959902864173,0.9488851258615159
7.16238931965983,0.8742316056018087,1.1984678690554045,0.8176094783791219,0.8434751772528927,1.0704207482571528,0.9507415882004547
7.1676288144072045,0.8757369271545917,1.1964761248774973,0.8180161234023745,0.8449011768165149,1.0684624160065272,0.9526183721876964
7.172868309154578,0.8773309121843217,1.1946044705695709,0.8183915883094777,0.8464328060321258,1.0665514311360922,0.9545520567901844
7.178107803901951,0.8789248972140515,1.1927328162616442,0.8187670532165808,0.8479644352477367,1.0646404462656571,0.9564857413926724
7.183347298649325,0.8805188822437817,1.1908611619537173,0.819142518123684,0.8494960644633478,1.0627294613952218,0.9584194259951607
7.1885867933966985,0.8821128672735117,1.1889895076457908,0.8195179830307872,0.8510276936789587,1.0608184765247868,0.9603531105976487
7.193826288144073,0.8837068523032419,1.187117853337864,0.8198934479378904,0.8525593228945698,1.0589074916543515,0.962286795200137
7.199065782891446,0.8853008373329718,1.1852461990299374,0.8202689128449935,0.8540909521101807,1.0569965067839164,0.9642204798026252
7.20430527763882,0.886894822362702,1.1833745447220105,0.8206443777520968,0.8556225813257918,1.055085521913481,0.9661541644051135
7.209544772386193,0.8884888073924319,1.181502890414084,0.8210198426591999,0.8571542105414026,1.0531745370430459,0.9680878490076015
7.214784267133568,0.890082792422162,1.1796312361061572,0.8213953075663031,0.8586858397570137,1.0512635521726106,0.9700215336100898
7.220023761880941,0.8916622105397399,1.1777243948011455,0.8218024690729732,0.8602478541947923,1.0493837020573507,0.9719401027620638
7.225263256628315,0.8931962760029891,1.1757080022268582,0.8223083148380889,0.8619044700459181,1.0476007869530484,0.9738116114392416
7.230502751375688,0.894730341466238,1.1736916096525711,0.8228141606032043,0.8635610858970435,1.0458178718487463,0.9756831201164191
7.235742246123062,0.8962644069294868,1.1716752170782843,0.8233200063683199,0.8652177017481689,1.0440349567444445,0.9775546287935967
7.240981740870436,0.897798472392736,1.169658824503997,0.8238258521334356,0.8668743175992946,1.0422520416401422,0.9794261374707746
7.246221235617809,0.8993325378559849,1.1676424319297098,0.8243316978985512,0.86853093345042,1.0404691265358401,0.981297646147952
7.251460730365183,0.9008666033192341,1.1656260393554225,0.8248375436636668,0.8701875493015457,1.0386862114315378,0.9831691548251299
7.2567002251125565,0.9024006687824829,1.1636096467811357,0.8253433894287824,0.8718441651526712,1.0369032963272358,0.9850406635023075
7.261939719859931,0.903934734245732,1.1615932542068483,0.8258492351938981,0.8735007810037968,1.0351203812229335,0.9869121721794852
7.267179214607304,0.905468799708981,1.1595768616325612,0.8263550809590136,0.8751573968549222,1.0333374661186314,0.9887836808566628
7.272418709354678,0.9070036118518636,1.157597410636679,0.8269160181755781,0.8768127337860128,1.0315443013686252,0.9906659633448719
7.277658204102051,0.9085410247889756,1.1557466325543426,0.8276688469646051,0.8784636160518119,1.0297154356054938,0.9925857725906055
7.282897698849425,0.9100784377260874,1.1538958544720062,0.828421675753632,0.880114498317611,1.0278865698423625,0.9945055818363391
7.288137193596799,0.9116158506631996,1.1520450763896692,0.8291745045426591,0.8817653805834105,1.0260577040792307,0.996425391082073
7.293376688344172,0.9131532636003115,1.1501942983073328,0.829927333331686,0.8834162628492096,1.0242288383160991,0.9983452003278066
7.298616183091546,0.9146906765374236,1.148343520224996,0.830680162120713,0.8850671451150091,1.0223999725529673,1.0002650095735404
7.30385567783892,0.9162280894745355,1.1464927421426596,0.83143299090974,0.8867180273808082,1.020571106789836,1.0021848188192741
7.309095172586294,0.9177655024116477,1.1446419640603227,0.8321858196987671,0.8883689096466076,1.0187422410267042,1.0041046280650079
7.314334667333667,0.9193029153487595,1.1427911859779862,0.8329386484877941,0.8900197919124068,1.0169133752635728,1.0060244373107414
7.319574162081041,0.9208403282858717,1.1409404078956495,0.8336914772768211,0.8916706741782062,1.015084509500441,1.0079442465564754
7.324813656828415,0.9224047677119669,1.1391387923756429,0.834469000419872,0.8933363690840945,1.0133367082455635,1.0098106271210732
7.330053151575789,0.9240753111318487,1.1375301854336717,0.8353434717676103,0.8950602173177407,1.0119071602453134,1.0114672506412115
7.335292646323162,0.9257458545517303,1.135921578491701,0.8362179431153484,0.8967840655513866,1.0104776122450634,1.0131238741613497
7.340532141070535,0.9274163979716118,1.13431297154973,0.8370924144630864,0.8985079137850324,1.0090480642448134,1.0147804976814878
7.3457716358179095,0.9290869413914936,1.1327043646077588,0.8379668858108246,0.9002317620186785,1.007618516244563,1.0164371212016263
7.351011130565283,0.9307574848113751,1.1310957576657878,0.8388413571585627,0.9019556102523244,1.006188968244313,1.0180937447217646
7.356250625312657,0.9324280282312569,1.129487150723817,0.8397158285063009,0.9036794584859705,1.0047594202440628,1.0197503682419031
7.36149012006003,0.9340985716511385,1.127878543781846,0.8405902998540389,0.9054033067196163,1.0033298722438129,1.0214069917620412
7.366729614807404,0.9357691150710203,1.1262699368398748,0.8414647712017771,0.9071271549532625,1.0019003242435625,1.0230636152821797
7.371969109554778,0.9374396584909018,1.1246613298979038,0.8423392425495152,0.9088510031869084,1.0004707762433125,1.024720238802318
7.377208604302152,0.9391251896960452,1.123008320945396,0.8432191516962549,0.910590086070766,0.9990296938317971,1.0263511339663487
7.382448099049525,0.9408776526545483,1.1211570235622728,0.8441233447125082,0.9123972031459786,0.9975371015836731,1.0278671326359812
7.387687593796899,0.9426301156130515,1.1193057261791493,0.8450275377287616,0.9142043202211916,0.996044509335549,1.029383131305614
7.392927088544273,0.9443825785715546,1.117454428796026,0.8459317307450149,0.9160114372964042,0.9945519170874251,1.0308991299752466
7.398166583291646,0.9461350415300576,1.115603131412903,0.8468359237612682,0.917818554371617,0.9930593248393011,1.032415128644879
7.40340607803902,0.9478875044885609,1.1137518340297792,0.8477401167775216,0.9196256714468299,0.9915667325911769,1.0339311273145118
7.408645572786393,0.9496399674470639,1.1119005366466561,0.8486443097937748,0.9214327885220426,0.990074140343053,1.0354471259841442
7.4138850675337675,0.9513924304055672,1.1100492392635324,0.8495485028100282,0.9232399055972556,0.9885815480949288,1.036963124653777
7.419124562281141,0.9531448933640702,1.1081979418804093,0.8504526958262816,0.9250470226724683,0.9870889558468049,1.0384791233234094
7.424364057028515,0.9548973563225736,1.1063466444972858,0.8513568888425349,0.9268541397476813,0.9855963635986806,1.0399951219930421
7.429603551775888,0.9566562236390878,1.1044860588650163,0.8522998761595709,0.9286772768474422,0.9840979005842807,1.0414927632530646
7.4348430465232624,0.958447999502922,1.102577745921749,0.8534422064990902,0.9305827322271899,0.98256927086317,1.04289607566986
7.440082541270636,0.960239775366756,1.100669432978482,0.8545845368386094,0.9324881876069372,0.9810406411420596,1.0442993880866551
7.44532203601801,0.9620315512305901,1.0987611200352148,0.8557268671781287,0.9343936429866849,0.9795120114209489,1.0457027005034507
7.450561530765383,0.9638233270944241,1.0968528070919479,0.8568691975176479,0.9362990983664323,0.9779833816998384,1.0471060129202459
7.4558010255127565,0.965615102958258,1.094944494148681,0.8580115278571671,0.9382045537461797,0.976454751978728,1.0485093253370412
7.461040520260131,0.9674068788220922,1.0930361812054137,0.8591538581966864,0.9401100091259273,0.9749261222576173,1.0499126377538366
7.466280015007504,0.9691986546859261,1.0911278682621468,0.8602961885362056,0.9420154645056747,0.9733974925365069,1.051315950170632
7.471519509754878,0.9709904305497604,1.0892195553188795,0.861438518875725,0.9439209198854225,0.9718688628153962,1.0527192625874273
7.476759004502251,0.9727822064135943,1.0873112423756126,0.8625808492152441,0.9458263752651698,0.9703402330942857,1.0541225750042227
7.481998499249626,0.974582656748218,1.0854059557107538,0.8637539501371626,0.9477261265390435,0.9687858994058699,1.0555509627259951
7.487237993996999,0.9764351539075778,1.0835188267163478,0.8651116745534762,0.9495916531776732,0.9670773419136239,1.0571298022776294
7.492477488744373,0.9782876510669382,1.0816316977219413,0.8664693989697898,0.9514571798163034,0.9653687844213776,1.0587086418292642
7.497716983491746,0.980140148226298,1.079744568727535,0.8678271233861032,0.9533227064549331,0.9636602269291317,1.0602874813808985
7.50295647823912,0.981992645385658,1.077857439733129,0.8691848478024168,0.9551882330935628,0.9619516694368857,1.0618663209325327
7.508195972986494,0.9838451425450182,1.0759703107387226,0.8705425722187304,0.9570537597321929,0.9602431119446394,1.0634451604841675
7.513435467733867,0.9856976397043781,1.0740831817443164,0.871900296635044,0.9589192863708226,0.9585345544523934,1.0650240000358018
7.518674962481241,0.9875501368637384,1.07219605274991,0.8732580210513576,0.9607848130094526,0.9568259969601473,1.0666028395874363
7.5239144572286145,0.9894026340230982,1.070308923755504,0.8746157454676711,0.9626503396480824,0.9551174394679012,1.0681816791390708
7.529153951975989,0.9912551311824586,1.0684217947610974,0.8759734698839848,0.9645158662867125,0.953408881975655,1.0697605186907053
7.534393446723362,0.9931097894051675,1.0665664323579567,0.8773207326579796,0.9663845967547834,0.9517297571780896,1.0712971650417917
7.539632941470736,0.994979883794656,1.0649379741781393,0.8785932694154132,0.9682762117188637,0.9502608659139574,1.0725324313889633
7.544872436218109,0.996849978184144,1.0633095159983221,0.8798658061728464,0.9701678266829435,0.9487919746498255,1.0737676977361346
7.550111930965484,0.9987200725736324,1.0616810578185047,0.8811383429302798,0.9720594416470238,0.9473230833856932,1.075002964083306
7.555351425712857,1.0005901669631205,1.0600525996386878,0.8824108796877131,0.9739510566111037,0.9458541921215612,1.0762382304304774
7.56059092046023,1.0024602613526086,1.0584241414588706,0.8836834164451464,0.9758426715751837,0.9443853008574292,1.0774734967776487
7.565830415207604,1.004330355742097,1.0567956832790533,0.8849559532025798,0.9777342865392639,0.942916409593297,1.0787087631248202
7.571069909954978,1.006200450131585,1.055167225099236,0.8862284899600131,0.9796259015033438,0.9414475183291651,1.0799440294719915
7.576309404702352,1.0080705445210734,1.0535387669194187,0.8875010267174466,0.981517516467424,0.9399786270650328,1.081179295819163
7.581548899449725,1.0099406389105616,1.0519103087396018,0.8887735634748798,0.983409131431504,0.9385097358009008,1.0824145621663344
7.586788394197099,1.0118006840826446,1.0502654651762269,0.8900718489279585,0.9852837295001136,0.9370244411989687,1.0836707764455795
7.592027888944473,1.0135729824295787,1.0484775492393494,0.8915949644552071,0.9870097410180284,0.9353959174523455,1.085109901936588
7.597267383691847,1.0153452807765133,1.0466896333024718,0.8931180799824561,0.9887357525359436,0.933767393705722,1.0865490274275966
7.60250687843922,1.0171175791234475,1.0449017173655943,0.8946411955097047,0.9904617640538586,0.9321388699590989,1.0879881529186048
7.607746373186594,1.0188898774703818,1.0431138014287167,0.8961643110369535,0.9921877755717737,0.9305103462124755,1.0894272784096135
7.6129858679339675,1.0206621758173162,1.0413258854918395,0.8976874265642021,0.9939137870896886,0.9288818224658523,1.090866403900622
7.618225362681341,1.0224344741642504,1.039537969554962,0.8992105420914508,0.9956397986076035,0.9272532987192291,1.0923055293916304
7.623464857428715,1.0242067725111847,1.0377500536180844,0.9007336576186996,0.9973658101255187,0.9256247749726056,1.093744654882639
7.628704352176088,1.025979070858119,1.035962137681207,0.9022567731459482,0.9990918216434336,0.9239962512259825,1.0951837803736475
7.633943846923462,1.0277513692050535,1.0341742217443293,0.9037798886731971,1.0008178331613489,0.9223677274793591,1.0966229058646562
7.639183341670836,1.0295207096633041,1.032409566619751,0.9052964895513422,1.0025450144281989,0.9207729381869273,1.0980560532080423
7.64442283641821,1.0312572444470658,1.0309028950497614,0.9067408370485218,1.0042851692741486,0.9195522946591633,1.099422897459618
7.649662331165583,1.032993779230827,1.029396223479772,0.9081851845457012,1.0060253241200983,0.9183316511313995,1.1007897417111938
7.654901825912957,1.0347303140145885,1.0278895519097822,0.9096295320428809,1.007765478966048,0.9171110076036355,1.1021565859627698
7.660141320660331,1.03646684879835,1.0263828803397927,0.9110738795400602,1.0095056338119974,0.9158903640758717,1.1035234302143455
7.665380815407704,1.0382033835821112,1.0248762087698033,0.9125182270372395,1.0112457886579471,0.9146697205481079,1.104890274465921
7.670620310155078,1.0399399183658726,1.0233695371998137,0.9139625745344192,1.0129859435038968,0.9134490770203438,1.106257118717497
7.675859804902451,1.0416764531496339,1.0218628656298243,0.9154069220315986,1.0147260983498463,0.9122284334925801,1.1076239629690727
7.6810992996498255,1.0434129879333955,1.0203561940598347,0.9168512695287782,1.0164662531957962,0.911007789964816,1.1089908072206487
7.686338794397199,1.0451495227171568,1.0188495224898453,0.9182956170259575,1.0182064080417457,0.9097871464370522,1.1103576514722242
7.691578289144573,1.0468785217568273,1.0173428481454163,0.9197378290155265,1.0199431907243552,0.9085681924332168,1.111719983033472
7.696817783891946,1.0484947860648965,1.0158361322953777,0.9211480938112409,1.0216295258433965,0.907374513707354,1.1130148047474115
7.70205727863932,1.0501110503729658,1.0143294164453391,0.9225583586069553,1.023315860962438,0.9061808349814909,1.1143096264613512
7.707296773386694,1.0517273146810349,1.0128227005953006,0.9239686234026697,1.025002196081479,0.9049871562556282,1.1156044481752907
7.712536268134068,1.0533435789891044,1.0113159847452617,0.9253788881983843,1.0266885312005205,0.9037934775297651,1.1168992698892304
7.717775762881441,1.0549598432971734,1.0098092688952232,0.9267891529940986,1.0283748663195615,0.9025997988039023,1.1181940916031698
7.7230152576288145,1.0565761076052425,1.0083025530451846,0.928199417789813,1.0300612014386026,0.9014061200780394,1.119488913317109
7.728254752376189,1.058192371913312,1.0067958371951458,0.9296096825855275,1.031747536557644,0.9002124413521765,1.1207837350310488
7.733494247123562,1.059808636221381,1.0052891213451072,0.9310199473812418,1.033433871676685,0.8990187626263136,1.1220785567449882
7.738733741870936,1.0614249005294503,1.0037824054950684,0.9324302121769564,1.0351202067957266,0.8978250839004506,1.123373378458928
7.743973236618309,1.0630388542542115,1.0022635592791425,0.933845991134004,1.0367998127192704,0.8966375355791353,1.1246589565204523
7.749212731365684,1.0646008878128803,1.0004721366062148,0.9353856765398353,1.0383282096616395,0.8955877410541228,1.1257368242747687
7.754452226113057,1.0661629213715487,0.9986807139332876,0.9369253619456663,1.0398566066040085,0.8945379465291102,1.126814692029085
7.759691720860431,1.0677249549302172,0.9968892912603601,0.9384650473514977,1.0413850035463776,0.8934881520040977,1.1278925597834013
7.764931215607804,1.0692869884888856,0.9950978685874328,0.9400047327573288,1.0429134004887466,0.8924383574790852,1.1289704275377177
7.7701707103551785,1.0708490220475542,0.9933064459145052,0.94154441816316,1.0444417974311158,0.8913885629540726,1.130048295292034
7.775410205102552,1.0724110556062225,0.9915150232415779,0.9430841035689911,1.0459701943734845,0.8903387684290602,1.1311261630463503
7.780649699849925,1.0739730891648909,0.9897236005686507,0.9446237889748221,1.0474985913158534,0.8892889739040477,1.1322040308006664
7.785889194597299,1.0755351227235594,0.9879321778957232,0.9461634743806534,1.0490269882582226,0.8882391793790352,1.1332818985549828
7.7911286893446725,1.0770971562822278,0.9861407552227959,0.9477031597864845,1.0505553852005916,0.8871893848540228,1.134359766309299
7.796368184092047,1.0786577782838065,0.9843499002731424,0.9492451607923864,1.0520812612098027,0.8861388614915199,1.13543580514352
7.80160767883942,1.0801572328114832,0.9825836466653614,0.9508875044680146,1.0534978967821722,0.8850567551711098,1.1364325907736044
7.806847173586794,1.0816566873391602,0.98081739305758,0.9525298481436432,1.0549145323545417,0.8839746488506995,1.1374293764036891
7.812086668334167,1.083156141866837,0.979051139449799,0.9541721918192714,1.0563311679269112,0.8828925425302894,1.1384261620337737
7.817326163081542,1.084655596394514,0.9772848858420177,0.9558145354948999,1.0577478034992809,0.8818104362098791,1.1394229476638582
7.822565657828915,1.0861550509221907,0.9755186322342367,0.9574568791705281,1.0591644390716501,0.880728329889469,1.1404197332939428
7.827805152576289,1.0876545054498676,0.9737523786264554,0.9590992228461566,1.0605810746440198,0.8796462235690586,1.1414165189240275
7.833044647323662,1.0891539599775444,0.9719861250186744,0.9607415665217848,1.0619977102163891,0.8785641172486486,1.1424133045541118
7.838284142071036,1.0906534145052211,0.9702198714108934,0.962383910197413,1.0634143457887586,0.8774820109282384,1.1434100901841964
7.84352363681841,1.092152869032898,0.9684536178031121,0.9640262538730415,1.0648309813611283,0.8763999046078281,1.1444068758142811
7.848763131565783,1.0936519959666084,0.9666880720964613,0.9656684321791906,1.0662480837515178,0.8753193585989072,1.145403696072902
7.854002626313157,1.0950207405017567,0.9652042710396374,0.9672447934326419,1.0678509797139544,0.874859816562639,1.1464142984889774
7.8592421210605306,1.0963894850369045,0.9637204699828136,0.968821154686093,1.0694538756763907,0.8744002745263708,1.1474249009050528
7.864481615807905,1.0977582295720527,0.9622366689259896,0.9703975159395444,1.0710567716388273,0.8739407324901026,1.1484355033211282
7.869721110555278,1.0991269741072005,0.9607528678691658,0.9719738771929954,1.0726596676012636,0.8734811904538345,1.1494461057372036
7.874960605302652,1.1004957186423487,0.9592690668123418,0.9735502384464467,1.0742625635637002,0.8730216484175664,1.150456708153279
7.8802001000500255,1.1018644631774965,0.957785265755518,0.9751265996998978,1.0758654595261365,0.8725621063812983,1.1514673105693545
7.885439594797399,1.1032332077126443,0.9563014646986943,0.9767029609533489,1.077468355488573,0.8721025643450302,1.1524779129854297
7.890679089544773,1.1046019522477926,0.9548176636418703,0.9782793222068001,1.0790712514510095,0.871643022308762,1.1534885154015053
7.895918584292146,1.1059706967829404,0.9533338625850466,0.9798556834602512,1.0806741474134458,0.8711834802724939,1.1544991178175807
7.90115807903952,1.1073394413180886,0.9518500615282226,0.9814320447137026,1.0822770433758824,0.8707239382362257,1.1555097202336562
7.906397573786894,1.1085667820454022,0.9505731082894897,0.9829406841154242,1.0836879757566527,0.8701768994916035,1.1563705013615222
7.911637068534268,1.1097915977047188,0.949299848761794,0.9844481141983652,1.0850954802163222,0.8696282983057605,1.1572286071092417
7.916876563281641,1.1110164133640352,0.9480265892340983,0.9859555442813059,1.0865029846759913,0.8690796971199176,1.1580867128569612
7.922116058029015,1.1122412290233519,0.9467533297064026,0.9874629743642469,1.0879104891356606,0.8685310959340746,1.1589448186046807
7.927355552776389,1.1134660446826685,0.945480070178707,0.9889704044471876,1.0893179935953299,0.8679824947482317,1.1598029243524002
7.932595047523763,1.1146908603419852,0.9442068106510113,0.9904778345301286,1.0907254980549992,0.8674338935623888,1.1606610301001197
7.937834542271136,1.1159156760013016,0.9429335511233157,0.9919852646130694,1.0921330025146685,0.8668852923765459,1.1615191358478392
7.943074037018509,1.1171404916606182,0.9416602915956201,0.9934926946960101,1.0935405069743376,0.866336691190703,1.1623772415955587
7.9483135317658835,1.1183653073199349,0.9403870320679244,0.9950001247789511,1.0949480114340069,0.86578809000486,1.1632353473432782
7.953553026513257,1.1195901229792513,0.9391137725402289,0.9965075548618918,1.0963555158936762,0.8652394888190171,1.1640934530909977
7.958792521260631,1.120630727633985,0.9381179144681699,0.9980198478389688,1.097577104713276,0.8647442483432435,1.1646779218778864
7.964032016008004,1.121664136546352,0.937132892390472,0.9995323307728476,1.098791431203186,0.864251092270207,1.1652517017209927
7.969271510755378,1.1226975454587191,0.936147870312774,1.001044813706727,1.1000057576930957,0.8637579361971705,1.1658254815640992
7.974511005502752,1.123730954371086,0.9351628482350761,1.0025572966406058,1.1012200841830053,0.863264780124134,1.1663992614072054
7.979750500250126,1.1247643632834532,0.9341778261573781,1.0040697795744848,1.1024344106729151,0.8627716240510974,1.1669730412503119
7.984989994997499,1.1257977721958201,0.9331928040796802,1.0055822625083637,1.1036487371628247,0.862278467978061,1.1675468210934181
7.990229489744873,1.1268311811081873,0.9322077820019822,1.007094745442243,1.1048630636527346,0.8617853119050244,1.1681206009365244
7.995468984492247,1.1278645900205542,0.9312227599242843,1.0086072283761218,1.1060773901426442,0.8612921558319879,1.1686943807796308
8.00070847923962,1.128897998932921,0.9302377378465864,1.0101197113100007,1.1072917166325538,0.8607989997589514,1.169268160622737
8.005947973986993,1.1299314078452882,0.9292527157688885,1.0116321942438795,1.1085060431224636,0.8603058436859149,1.1698419404658433
8.011187468734368,1.1308959162785885,0.9279466868877712,1.0130758663301718,1.10973746406037,0.8596603541896904,1.1701909165979714
8.016426963481742,1.1318562100549245,0.9266210219521899,1.014515329242276,1.1109699306692975,0.8590055464255584,1.170526141439268
8.021666458229115,1.1328165038312605,0.9252953570166085,1.0159547921543801,1.1122023972782247,0.8583507386614264,1.1708613662805647
8.026905952976488,1.1337767976075963,0.9239696920810272,1.0173942550664843,1.1134348638871518,0.8576959308972943,1.1711965911218614
8.032145447723863,1.1347370913839327,0.9226440271454455,1.018833717978589,1.1146673304960797,0.8570411231331622,1.1715318159631583
8.037384942471236,1.1356973851602685,0.9213183622098642,1.020273180890693,1.1158997971050069,0.8563863153690301,1.171867040804455
8.04262443721861,1.1366576789366045,0.9199926972742828,1.0217126438027972,1.1171322637139343,0.8557315076048981,1.1722022656457516
8.047863931965983,1.1376179727129405,0.9186670323387015,1.0231521067149014,1.1183647303228614,0.8550766998407661,1.1725374904870483
8.053103426713356,1.1385782664892763,0.9173413674031202,1.0245915696270056,1.1195971969317886,0.8544218920766341,1.172872715328345
8.058342921460731,1.1395385602656127,0.9160157024675385,1.0260310325391104,1.1208296635407164,0.8537670843125018,1.1732079401696418
8.063582416208105,1.1403612774853273,0.9150190392366364,1.0275527875874133,1.1218809083363726,0.8533647721843783,1.173537266977922
8.068821910955478,1.141172405375544,0.914050090823248,1.0290814748537114,1.1229168871640631,0.8529837300690707,1.1738660969410295
8.074061405702851,1.1419835332657609,0.9130811424098595,1.0306101621200094,1.1239528659917535,0.852602687953763,1.1741949269041372
8.079300900450226,1.1427946611559778,0.9121121939964707,1.0321388493863082,1.1249888448194443,0.8522216458384553,1.1745237568672449
8.0845403951976,1.1436057890461946,0.9111432455830822,1.0336675366526062,1.1260248236471349,0.8518406037231477,1.1748525868303525
8.089779889944973,1.1444169169364113,0.9101742971696938,1.0351962239189043,1.1270608024748252,0.8514595616078401,1.1751814167934602
8.095019384692346,1.145228044826628,0.9092053487563054,1.0367249111852024,1.1280967813025158,0.8510785194925324,1.1755102467565677
8.100258879439721,1.146039172716845,0.9082364003429166,1.038253598451501,1.1291327601302066,0.8506974773772247,1.1758390767196754
8.105498374187095,1.1468503006070618,0.9072674519295282,1.039782285717799,1.1301687389578972,0.8503164352619171,1.176167906682783
8.110737868934468,1.1476614284972786,0.9062985035161397,1.041310972984097,1.1312047177855875,0.8499353931466095,1.1764967366458907
8.115977363681841,1.1481673588865213,0.90518483482521,1.0426830424642828,1.1321343043148677,0.8496336487601663,1.1765976183031932
8.121216858429214,1.1486402262131585,0.9040554881042132,1.04403814501764,1.1330523650118205,0.8493404949610167,1.1766738055607002
8.12645635317659,1.1491130935397957,0.902926141383216,1.0453932475709975,1.1339704257087733,0.8490473411618671,1.1767499928182072
8.131695847923963,1.149585960866433,0.9017967946622193,1.0467483501243544,1.1348884864057258,0.8487541873627176,1.1768261800757143
8.136935342671336,1.1500588281930701,0.9006674479412224,1.0481034526777115,1.1358065471026784,0.848461033563568,1.1769023673332213
8.14217483741871,1.1505316955197074,0.8995381012202257,1.0494585552310687,1.136724607799631,0.8481678797644184,1.1769785545907283
8.147414332166084,1.1510045628463448,0.8984087544992286,1.050813657784426,1.137642668496584,0.8478747259652688,1.1770547418482353
8.152653826913458,1.151477430172982,0.8972794077782318,1.0521687603377832,1.1385607291935365,0.8475815721661192,1.1771309291057424
8.157893321660831,1.1519502974996192,0.896150061057235,1.0535238628911403,1.139478789890489,0.8472884183669697,1.1772071163632492
8.163132816408204,1.1524231648262564,0.8950207143362383,1.0548789654444972,1.1403968505874416,0.8469952645678201,1.1772833036207562
8.168372311155577,1.1528849602863864,0.8942096484768152,1.056183134126593,1.1410586156600928,0.847050755083971,1.1771684391853907
8.173611805902953,1.1533452774007045,0.8934410803460677,1.0574805019792877,1.1416861594419994,0.8471527975399491,1.177028065006943
8.178851300650326,1.1538055945150225,0.8926725122153206,1.0587778698319819,1.1423137032239057,0.847254839995927,1.1768876908284949
8.1840907953977,1.1542659116293406,0.8919039440845735,1.0600752376846763,1.1429412470058122,0.847356882451905,1.176747316650047
8.189330290145072,1.1547262287436584,0.8911353759538263,1.0613726055373705,1.1435687907877186,0.847458924907883,1.176606942471599
8.194569784892447,1.1551865458579766,0.890366807823079,1.062669973390065,1.1441963345696253,0.847560967363861,1.1764665682931512
8.19980927963982,1.1556468629722947,0.8895982396923318,1.0639673412427595,1.1448238783515317,0.847663009819839,1.1763261941147032
8.205048774387194,1.1561071800866125,0.8888296715615847,1.0652647090954537,1.1454514221334382,0.847765052275817,1.1761858199362554
8.210288269134567,1.1565674972009305,0.8880611034308376,1.0665620769481479,1.1460789659153445,0.847867094731795,1.1760454457578076
8.21552776388194,1.1570278143152486,0.8872925353000904,1.0678594448008423,1.1467065096972509,0.847969137187773,1.1759050715793595
8.220767258629316,1.157287156566488,0.8867859522254382,1.069270103117416,1.1473563961763964,0.8480635085724058,1.1757241879719635
8.226006753376689,1.1575143662088048,0.8863212562963828,1.0706988747349002,1.1480098548891118,0.8481566534776084,1.1755368275663347
8.231246248124062,1.1577415758511216,0.8858565603673274,1.0721276463523846,1.1486633136018272,0.848249798382811,1.1753494671607059
8.236485742871436,1.1579687854934384,0.885391864438272,1.0735564179698687,1.1493167723145428,0.8483429432880135,1.175162106755077
8.24172523761881,1.1581959951357552,0.8849271685092165,1.0749851895873535,1.1499702310272584,0.8484360881932161,1.174974746349448
8.246964732366184,1.158423204778072,0.8844624725801611,1.0764139612048376,1.1506236897399738,0.8485292330984188,1.1747873859438192
8.252204227113557,1.1586504144203889,0.8839977766511057,1.077842732822322,1.1512771484526891,0.8486223780036214,1.1746000255381903
8.25744372186093,1.1588776240627057,0.8835330807220503,1.079271504439806,1.1519306071654045,0.8487155229088239,1.1744126651325613
8.262683216608306,1.1591048337050225,0.8830683847929947,1.0807002760572908,1.1525840658781201,0.8488086678140265,1.1742253047269324
8.267922711355679,1.1593320433473393,0.8826036888639393,1.082129047674775,1.1532375245908357,0.8489018127192292,1.1740379443213036
8.273162206103052,1.1595711456093225,0.8821622652150239,1.0832762346874008,1.1537844726394701,0.8488842058925659,1.1738388033548204
8.278401700850425,1.159812477737493,0.881725205118635,1.0843706245866154,1.1543114499385894,0.8488458331161777,1.1736374535331768
8.283641195597799,1.1600538098656636,0.8812881450222458,1.08546501448583,1.1548384272377086,0.8488074603397895,1.1734361037115335
8.288880690345174,1.1602951419938343,0.8808510849258566,1.086559404385045,1.155365404536828,0.8487690875634012,1.17323475388989
8.294120185092547,1.1605364741220048,0.8804140248294675,1.0876537942842597,1.1558923818359472,0.848730714787013,1.1730334040682466
8.29935967983992,1.1607778062501755,0.8799769647330784,1.0887481841834745,1.1564193591350667,0.8486923420106248,1.1728320542466033
8.304599174587294,1.1610191383783461,0.8795399046366894,1.0898425740826891,1.1569463364341859,0.8486539692342366,1.17263070442496
8.309838669334669,1.1612604705065168,0.8791028445403002,1.0909369639819042,1.1574733137333053,0.8486155964578485,1.1724293546033164
8.315078164082042,1.1615018026346873,0.8786657844439111,1.0920313538811188,1.1580002910324245,0.8485772236814603,1.172228004781673
8.320317658829415,1.161743134762858,0.878228724347522,1.0931257437803334,1.1585272683315437,0.8485388509050721,1.1720266549600296
8.325557153576788,1.161701256454941,0.8777774023193272,1.0942478919291427,1.1588522628564766,0.8484374056914176,1.17160885029094
8.330796648324162,1.1615980734489684,0.8773229931046744,1.0953760487234432,1.159133535500412,0.8483223076026232,1.1711441910664584
8.336036143071537,1.1614948904429958,0.8768685838900215,1.0965042055177443,1.1594148081443474,0.8482072095138288,1.1706795318419765
8.34127563781891,1.1613917074370232,0.8764141746753689,1.0976323623120448,1.1596960807882826,0.8480921114250344,1.1702148726174946
8.346515132566283,1.1612885244310507,0.8759597654607161,1.0987605191063454,1.159977353432218,0.84797701333624,1.1697502133930129
8.351754627313657,1.1611853414250781,0.8755053562460633,1.099888675900646,1.1602586260761532,0.8478619152474456,1.169285554168531
8.356994122061032,1.1610821584191056,0.8750509470314104,1.101016832694947,1.1605398987200886,0.8477468171586512,1.168820894944049
8.362233616808405,1.160978975413133,0.8745965378167576,1.1021449894892477,1.160821171364024,0.8476317190698568,1.1683562357195674
8.367473111555778,1.1608757924071604,0.8741421286021049,1.1032731462835483,1.1611024440079591,0.8475166209810624,1.1678915764950857
8.372712606303152,1.1607726094011879,0.8736877193874522,1.1044013030778488,1.1613837166518943,0.847401522892268,1.1674269172706038
8.377952101050525,1.1606552597899251,0.873281349836614,1.1054184724677414,1.1615845471452935,0.8474998505639729,1.1668616588441607
8.3831915957979,1.1605344127979813,0.87288684007778,1.1064082418421712,1.161765518482779,0.8476508677203012,1.1662715649897335
8.388431090545273,1.1604135658060375,0.872492330318946,1.1073980112166009,1.1619464898202647,0.8478018848766293,1.1656814711353063
8.393670585292647,1.1602927188140937,0.8720978205601121,1.1083877805910303,1.1621274611577501,0.8479529020329575,1.165091377280879
8.39891008004002,1.1601718718221499,0.8717033108012782,1.1093775499654597,1.1623084324952357,0.8481039191892856,1.1645012834264519
8.404149574787395,1.160051024830206,0.8713088010424441,1.1103673193398895,1.1624894038327214,0.8482549363456139,1.1639111895720244
8.409389069534768,1.1599301778382622,0.8709142912836102,1.111357088714319,1.1626703751702068,0.848405953501942,1.1633210957175975
8.414628564282141,1.1598093308463184,0.8705197815247763,1.1123468580887483,1.1628513465076924,0.8485569706582702,1.1627310018631702
8.419868059029515,1.1596884838543748,0.8701252717659423,1.113336627463178,1.1630323178451778,0.8487079878145983,1.162140908008743
8.42510755377689,1.1595676368624308,0.8697307620071083,1.1143263968376078,1.1632132891826634,0.8488590049709266,1.1615508141543156
8.430347048524263,1.1593816295043413,0.8693822760583352,1.1151298560854594,1.1633109516064202,0.8491049781406901,1.1608724073055106
8.435586543271636,1.1591774524287688,0.869046623671983,1.1158813634710927,1.1633853836600028,0.8493774294295845,1.1601693747178885
8.44082603801901,1.1589732753531963,0.8687109712856308,1.1166328708567257,1.1634598157135851,0.8496498807184789,1.1594663421302664
8.446065532766383,1.1587690982776235,0.8683753188992785,1.117384378242359,1.1635342477671677,0.8499223320073733,1.1587633095426444
8.451305027513758,1.158564921202051,0.8680396665129262,1.1181358856279924,1.1636086798207501,0.8501947832962679,1.1580602769550223
8.456544522261131,1.1583607441264785,0.8677040141265739,1.1188873930136254,1.1636831118743327,0.8504672345851623,1.1573572443674003
8.461784017008505,1.158156567050906,0.8673683617402217,1.1196389003992586,1.163757543927915,0.8507396858740567,1.1566542117797782
8.467023511755878,1.1579523899753335,0.8670327093538694,1.1203904077848916,1.1638319759814975,0.8510121371629511,1.1559511791921562
8.472263006503253,1.1577482128997607,0.8666970569675171,1.121141915170525,1.16390640803508,0.8512845884518456,1.1552481466045341
8.477502501250626,1.1575440358241882,0.8663614045811648,1.1218934225561583,1.1639808400886624,0.85155703974074,1.154545114016912
8.482741995998,1.1572372876711166,0.8659626501878958,1.122517311466689,1.1640085925148378,0.852034294987423,1.1537708224467205
8.487981490745373,1.1568984860563267,0.8655441764174651,1.1231013196037505,1.1640217575574483,0.8525755514709147,1.152974262444476
8.493220985492746,1.1565596844415367,0.8651257026470345,1.1236853277408119,1.164034922600059,0.8531168079544064,1.1521777024422315
8.498460480240121,1.1562208828267466,0.8647072288766037,1.1242693358778733,1.1640480876426695,0.8536580644378983,1.1513811424399867
8.503699974987494,1.1558820812119566,0.864288755106173,1.1248533440149346,1.16406125268528,0.85419932092139,1.1505845824377423
8.508939469734868,1.1555432795971665,0.8638702813357424,1.125437352151996,1.1640744177278908,0.8547405774048816,1.1497880224354977
8.514178964482241,1.1552044779823767,0.8634518075653117,1.1260213602890574,1.1640875827705013,0.8552818338883733,1.1489914624332531
8.519418459229616,1.1548656763675866,0.8630333337948809,1.126605368426119,1.1641007478131118,0.8558230903718652,1.1481949024310085
8.52465795397699,1.1545268747527966,0.8626148600244503,1.1271893765631804,1.1641139128557225,0.8563643468553569,1.147398342428764
8.529897448724363,1.1541880731380065,0.8621963862540196,1.1277733847002418,1.164127077898333,0.8569056033388486,1.1466017824265196
8.535136943471736,1.1537867698518494,0.8618067378502896,1.1283086239074238,1.1639884111556944,0.8575400725590896,1.1457874022080823
8.540376438219111,1.1533637176732903,0.8614271198951075,1.128826892845087,1.1637969110553508,0.8582069772924564,1.1449668210360375
8.545615932966484,1.1529406654947316,0.8610475019399253,1.1293451617827504,1.1636054109550074,0.858873882025823,1.1441462398639928
8.550855427713858,1.1525176133161728,0.8606678839847433,1.1298634307204134,1.163413910854664,0.8595407867591897,1.1433256586919482
8.55609492246123,1.1520945611376139,0.8602882660295612,1.1303816996580767,1.1632224107543203,0.8602076914925564,1.1425050775199035
8.561334417208604,1.1516715089590552,0.8599086480743791,1.13089996859574,1.163030910653977,0.860874596225923,1.141684496347859
8.56657391195598,1.1512484567804964,0.8595290301191969,1.1314182375334032,1.1628394105536333,0.8615415009592898,1.140863915175814
8.571813406703352,1.1508254046019375,0.8591494121640147,1.1319365064710665,1.1626479104532899,0.8622084056926564,1.1400433340037692
8.577052901450726,1.1504023524233786,0.8587697942088327,1.1324547754087295,1.1624564103529462,0.8628753104260232,1.1392227528317247
8.582292396198099,1.14997930024482,0.8583901762536505,1.1329730443463928,1.1622649102526028,0.8635422151593898,1.13840217165968
8.587531890945474,1.1494948470590145,0.8584424621285134,1.1334211225590696,1.162127026419913,0.8641730954382436,1.137489045293776
8.592771385692847,1.1489867289016662,0.8586612109378726,1.133842148096491,1.1620098071903817,0.8647900912919204,1.136540250467739
8.59801088044022,1.1484786107443181,0.8588799597472317,1.1342631736339124,1.1618925879608502,0.8654070871455972,1.1355914556417024
8.603250375187594,1.1479704925869698,0.859098708556591,1.134684199171334,1.1617753687313188,0.866024082999274,1.1346426608156654
8.608489869934967,1.1474623744296217,0.8593174573659502,1.1351052247087554,1.1616581495017873,0.8666410788529508,1.1336938659896287
8.613729364682342,1.1469542562722732,0.8595362061753095,1.135526250246177,1.161540930272256,0.8672580747066279,1.1327450711635916
8.618968859429716,1.1464461381149251,0.8597549549846687,1.1359472757835984,1.1614237110427243,0.8678750705603047,1.1317962763375546
8.624208354177089,1.1459380199575768,0.8599737037940278,1.13636830132102,1.161306491813193,0.8684920664139814,1.1308474815115177
8.629447848924462,1.1454299018002287,0.8601924526033871,1.1367893268584415,1.1611892725836617,0.8691090622676582,1.129898686685481
8.634687343671837,1.1449217836428804,0.8604112014127463,1.137210352395863,1.16107205335413,0.8697260581213352,1.1289498918594438
8.63992683841921,1.1443374694939712,0.8606041827213855,1.1376475738627088,1.1607741238642686,0.8705267320740615,1.1280779124164897
8.645166333166584,1.1437207720486486,0.8607862128422186,1.13809167859956,1.1603993925137666,0.8714054692188838,1.127238579511346
8.650405827913957,1.1431040746033259,0.8609682429630517,1.1385357833364111,1.1600246611632647,0.8722842063637062,1.1263992466062023
8.65564532266133,1.1424873771580033,0.8611502730838848,1.1389798880732622,1.159649929812763,0.8731629435085285,1.1255599137010583
8.660884817408705,1.1418706797126805,0.8613323032047181,1.1394239928101135,1.159275198462261,0.8740416806533511,1.1247205807959142
8.666124312156079,1.141253982267358,0.8615143333255512,1.1398680975469648,1.158900467111759,0.8749204177981734,1.1238812478907705
8.671363806903452,1.1406372848220352,0.8616963634463843,1.140312202283816,1.1585257357612573,0.8757991549429958,1.1230419149856266
8.676603301650825,1.1400205873767126,0.8618783935672174,1.1407563070206672,1.1581510044107552,0.8766778920878181,1.1222025820804828
8.6818427963982,1.1394038899313899,0.8620604236880506,1.1412004117575185,1.1577762730602532,0.8775566292326408,1.1213632491753387
8.687082291145574,1.1387871924860673,0.8622424538088838,1.1416445164943696,1.1574015417097514,0.8784353663774631,1.120523916270195
8.692321785892947,1.1381417142753458,0.8623089325233817,1.141987299058429,1.156916780528307,0.8792779848976398,1.1195882566727957
8.69756128064032,1.1374827979866624,0.8623214589268334,1.1422827731079863,1.156380645124327,0.8801037392070444,1.1186076210095273
8.702800775387695,1.1368238816979788,0.8623339853302852,1.1425782471575439,1.1558445097203467,0.8809294935164493,1.1176269853462584
8.708040270135069,1.1361649654092951,0.8623465117337369,1.1428737212071012,1.1553083743163666,0.8817552478258539,1.11664634968299
8.713279764882442,1.1355060491206117,0.8623590381371886,1.1431691952566587,1.1547722389123865,0.8825810021352586,1.1156657140197215
8.718519259629815,1.1348471328319283,0.8623715645406403,1.143464669306216,1.1542361035084063,0.8834067564446632,1.1146850783564528
8.723758754377188,1.1341882165432449,0.8623840909440921,1.1437601433557734,1.1536999681044264,0.8842325107540678,1.1137044426931844
8.728998249124563,1.1335293002545612,0.8623966173475438,1.144055617405331,1.153163832700446,0.8850582650634727,1.1127238070299157
8.734237743871937,1.1328703839658778,0.8624091437509955,1.1443510914548884,1.152627697296466,0.8858840193728774,1.111743171366647
8.73947723861931,1.1322114676771944,0.8624216701544473,1.1446465655044458,1.1520915618924858,0.886709773682282,1.1107625357033786
8.744716733366683,1.131476382000627,0.8625574887451354,1.1448686016058944,1.1515130950080874,0.8874114488155271,1.1098259169120517
8.749956228114058,1.1307023460688914,0.8627563544770241,1.1450530842111515,1.1509129813439292,0.8880496743700547,1.1089118067484218
8.755195722861432,1.129928310137156,0.8629552202089128,1.145237566816408,1.1503128676797711,0.8886878999245819,1.1079976965847922
8.760435217608805,1.1291542742054206,0.8631540859408015,1.145422049421665,1.1497127540156131,0.8893261254791092,1.1070835864211626
8.765674712356178,1.1283802382736852,0.8633529516726901,1.1456065320269218,1.149112640351455,0.8899643510336364,1.106169476257533
8.770914207103552,1.1276062023419497,0.8635518174045788,1.1457910146321786,1.148512526687297,0.8906025765881637,1.1052553660939035
8.776153701850927,1.126832166410214,0.8637506831364675,1.1459754972374356,1.1479124130231388,0.8912408021426911,1.1043412559302737
8.7813931965983,1.1260581304784787,0.8639495488683562,1.1461599798426922,1.1473122993589808,0.8918790276972183,1.103427145766644
8.786632691345673,1.1252840945467435,0.8641484146002448,1.146344462447949,1.1467121856948228,0.8925172532517456,1.1025130356030144
8.791872186093046,1.124510058615008,0.8643472803321335,1.146528945053206,1.1461120720306648,0.8931554788062728,1.1015989254393848
8.797111680840421,1.1237439114196903,0.8646664720414525,1.1464908868544457,1.1454580384078614,0.8938507282556049,1.1006049485189031
8.802351175587795,1.1229821708232313,0.8650528770897267,1.1463285187534413,1.1447738854331588,0.894577830896175,1.0995663585272117
8.807590670335168,1.1222204302267722,0.8654392821380007,1.1461661506524372,1.144089732458456,0.8953049335367452,1.0985277685355204
8.812830165082541,1.1214586896303134,0.8658256871862748,1.1460037825514329,1.1434055794837534,0.8960320361773155,1.097489178543829
8.818069659829915,1.1206969490338543,0.866212092234549,1.1458414144504288,1.1427214265090508,0.8967591388178857,1.0964505885521376
8.82330915457729,1.119935208437395,0.8665984972828232,1.1456790463494244,1.142037273534348,0.8974862414584561,1.0954119985604458
8.828548649324663,1.1191734678409362,0.8669849023310974,1.1455166782484203,1.1413531205596452,0.8982133440990264,1.0943734085687544
8.833788144072036,1.1184117272444771,0.8673713073793714,1.145354310147416,1.1406689675849426,0.8989404467395966,1.093334818577063
8.83902763881941,1.117649986648018,0.8677577124276455,1.1451919420464118,1.13998481461024,0.8996675493801668,1.0922962285853717
8.844267133566785,1.1168882460515588,0.8681441174759198,1.1450295739454075,1.1393006616355372,0.9003946520207373,1.0912576385936799
8.849506628314158,1.1160471322898067,0.8686088979187744,1.144821426877694,1.1385358545193491,0.9011248414546089,1.090255151349765
8.854746123061531,1.1151576905120895,0.8691213988639741,1.1445854063262175,1.1377219394379823,0.9018569103473052,1.0892746460208265
8.859985617808904,1.1142682487343725,0.8696338998091739,1.1443493857747413,1.1369080243566156,0.9025889792400015,1.0882941406918882
8.86522511255628,1.113378806956655,0.870146400754374,1.1441133652232651,1.1360941092752488,0.9033210481326981,1.0873136353629496
8.870464607303653,1.112489365178938,0.8706589016995738,1.143877344671789,1.1352801941938822,0.9040531170253944,1.0863331300340113
8.875704102051026,1.111599923401221,0.8711714026447736,1.1436413241203125,1.1344662791125155,0.9047851859180907,1.085352624705073
8.8809435967984,1.110710481623504,0.8716839035899734,1.1434053035688363,1.1336523640311489,0.9055172548107869,1.0843721193761346
8.886183091545773,1.1098210398457868,0.8721964045351732,1.14316928301736,1.132838448949782,0.9062493237034832,1.0833916140471964
8.891422586293148,1.1089315980680696,0.8727089054803733,1.142933262465884,1.1320245338684152,0.9069813925961797,1.0824111087182577
8.896662081040521,1.1080421562903524,0.873221406425573,1.1426972419144077,1.1312106187870485,0.9077134614888761,1.0814306033893195
8.901901575787894,1.1071620149413095,0.8735669389338271,1.1425746495675193,1.1303748748883051,0.9085648353969372,1.0804238215023756
8.907141070535268,1.1062880351262627,0.8738018548526046,1.1425272034061706,1.1295246693980494,0.9094952488776775,1.0793996313957528
8.912380565282643,1.105414055311216,0.8740367707713823,1.142479757244822,1.1286744639077935,0.9104256623584182,1.0783754412891295
8.917620060030016,1.1045400754961694,0.8742716866901599,1.1424323110834733,1.1278242584175378,0.9113560758391585,1.0773512511825067
8.92285955477739,1.1036660956811228,0.8745066026089374,1.1423848649221247,1.1269740529272823,0.9122864893198988,1.0763270610758842
8.928099049524763,1.1027921158660763,0.8747415185277149,1.142337418760776,1.1261238474370265,0.913216902800639,1.0753028709692614
8.933338544272136,1.1019181360510297,0.8749764344464924,1.1422899725994273,1.1252736419467708,0.9141473162813794,1.0742786808626386
8.93857803901951,1.1010441562359827,0.8752113503652701,1.1422425264380787,1.1244234364565149,0.91507772976212,1.0732544907560153
8.943817533766884,1.1001701764209362,0.8754462662840476,1.14219508027673,1.1235732309662594,0.9160081432428603,1.0722303006493927
8.949057028514257,1.0992961966058896,0.8756811822028252,1.1421476341153813,1.1227230254760037,0.9169385567236006,1.07120611054277
8.95429652326163,1.0984445063166868,0.876055803726899,1.1419296243521457,1.1218443178862423,0.9178346275641637,1.0702394504432997
8.959536018009006,1.0976088606430692,0.8765309891996127,1.141588838203069,1.1209450936989915,0.9187059776249442,1.0693142020300124
8.964775512756379,1.096773214969452,0.8770061746723262,1.1412480520539925,1.120045869511741,0.9195773276857245,1.0683889536167255
8.970015007503752,1.0959375692958349,0.8774813601450399,1.1409072659049158,1.1191466453244905,0.9204486777465049,1.0674637052034386
8.975254502251126,1.0951019236222177,0.8779565456177535,1.140566479755839,1.11824742113724,0.9213200278072852,1.0665384567901515
8.980493996998499,1.0942662779486005,0.878431731090467,1.1402256936067625,1.1173481969499894,0.9221913778680655,1.0656132083768646
8.985733491745874,1.0934306322749832,0.8789069165631809,1.1398849074576858,1.1164489727627387,0.9230627279288461,1.0646879599635772
8.990972986493247,1.092594986601366,0.8793821020358944,1.139544121308609,1.1155497485754882,0.9239340779896263,1.0637627115502901
8.99621248124062,1.0917593409277488,0.879857287508608,1.1392033351595325,1.1146505243882376,0.9248054280504067,1.0628374631370032
9.001451975987994,1.0909236952541317,0.8803324729813217,1.1388625490104558,1.1137513002009871,0.925676778111187,1.0619122147237163
9.006691470735369,1.0900309682155533,0.8809945610158618,1.138461079731956,1.112785605609257,0.9264270755790045,1.0610118063946798
9.011930965482742,1.0890936463606,0.8818026666768286,1.1380122017585952,1.1117679810140282,0.9270828007085692,1.0601308043814646
9.017170460230115,1.0881563245056465,0.8826107723377954,1.137563323785234,1.110750356418799,0.927738525838134,1.0592498023682493
9.022409954977489,1.0872190026506932,0.8834188779987622,1.1371144458118732,1.1097327318235701,0.9283942509676987,1.0583688003550342
9.027649449724864,1.0862816807957394,0.8842269836597292,1.1366655678385118,1.1087151072283408,0.9290499760972637,1.0574877983418185
9.032888944472237,1.0853443589407858,0.885035089320696,1.136216689865151,1.1076974826331116,0.9297057012268284,1.0566067963286034
9.03812843921961,1.0844070370858325,0.8858431949816628,1.1357678118917898,1.1066798580378827,0.9303614263563932,1.0557257943153882
9.043367933966984,1.083469715230879,0.8866513006426295,1.1353189339184286,1.1056622334426536,0.9310171514859579,1.0548447923021729
9.048607428714357,1.0825323933759257,0.8874594063035963,1.1348700559450677,1.1046446088474247,0.9316728766155227,1.0539637902889578
9.053846923461732,1.081595071520972,0.8882675119645633,1.1344211779717064,1.1036269842521953,0.9323286017450877,1.0530827882757423
9.059086418209105,1.080653063651257,0.889105016608762,1.1339365824397196,1.1026249404793287,0.9329519196916323,1.0520883069728175
9.064325912956479,1.0797070856857025,0.8899674287248655,1.1334217261983415,1.1016360971254082,0.9335477815525627,1.050997683493889
9.069565407703852,1.078761107720148,0.8908298408409688,1.1329068699569633,1.1006472537714878,0.9341436434134931,1.0499070600149605
9.074804902451227,1.0778151297545933,0.8916922529570726,1.132392013715585,1.099658410417567,0.9347395052744236,1.0488164365360315
9.0800443971986,1.0768691517890387,0.892554665073176,1.1318771574742066,1.0986695670636466,0.935335367135354,1.047725813057103
9.085283891945974,1.0759231738234845,0.8934170771892794,1.1313623012328284,1.0976807237097261,0.9359312289962844,1.0466351895781745
9.090523386693347,1.07497719585793,0.8942794893053828,1.1308474449914503,1.0966918803558057,0.9365270908572149,1.045544566099246
9.09576288144072,1.0740312178923754,0.8951419014214863,1.1303325887500721,1.0957030370018852,0.9371229527181452,1.0444539426203174
9.101002376188095,1.0730852399268207,0.89600431353759,1.1298177325086938,1.0947141936479643,0.9377188145790758,1.0433633191413885
9.106241870935468,1.0721392619612662,0.8968667256536934,1.1293028762673154,1.0937253502940438,0.9383146764400062,1.04227269566246
9.111481365682842,1.0711757187636746,0.8977576926940989,1.1286904061886323,1.0927783565899074,0.9389937339555258,1.0412061685276093
9.116720860430215,1.070196045953972,0.8986748808428777,1.1279883003266546,1.0918697921314864,0.9397491874807884,1.040161768324099
9.12196035517759,1.0692163731442692,0.8995920689916569,1.1272861944646768,1.090961227673065,0.9405046410060512,1.039117368120588
9.127199849924963,1.0682367003345665,0.9005092571404357,1.1265840886026992,1.0900526632146437,0.9412600945313139,1.038072967917078
9.132439344672337,1.067257027524864,0.9014264452892147,1.1258819827407214,1.0891440987562224,0.9420155480565764,1.0370285677135676
9.13767883941971,1.0662773547151614,0.9023436334379935,1.1251798768787438,1.0882355342978012,0.942771001581839,1.0359841675100572
9.142918334167083,1.065297681905459,0.9032608215867723,1.1244777710167662,1.08732696983938,0.9435264551071016,1.0349397673065468
9.148157828914458,1.064318009095756,0.9041780097355515,1.1237756651547883,1.0864184053809585,0.9442819086323644,1.0338953671030362
9.153397323661832,1.0633383362860533,0.9050951978843305,1.1230735592928107,1.0855098409225372,0.945037362157627,1.0328509668995258
9.158636818409205,1.0623586634763509,0.9060123860331093,1.1223714534308329,1.0846012764641162,0.9457928156828896,1.0318065666960154
9.163876313156578,1.0614157634027057,0.9068633365771551,1.1217393370699462,1.0836216882392804,0.9467436757566645,1.0306909902903667
9.169115807903953,1.0605094522014376,0.9076483807044917,1.1211768602626446,1.0825714313668617,0.9478889653462096,1.02950459356359
9.174355302651326,1.0596031410001694,0.908433424831828,1.1206143834553435,1.0815211744944433,0.9490342549357543,1.0283181968368138
9.1795947973987,1.0586968297989015,0.9092184689591644,1.120051906648042,1.080470917622025,0.950179544525299,1.0271318001100374
9.184834292146073,1.0577905185976335,0.9100035130865007,1.119489429840741,1.0794206607496069,0.9513248341148437,1.025945403383261
9.190073786893448,1.0568842073963653,0.9107885572138373,1.1189269530334394,1.0783704038771882,0.9524701237043888,1.0247590066564842
9.195313281640821,1.0559778961950974,0.9115736013411737,1.118364476226138,1.0773201470047697,0.9536154132939335,1.023572609929708
9.200552776388195,1.0550715849938295,0.9123586454685101,1.1178019994188368,1.0762698901323515,0.9547607028834783,1.0223862132029315
9.205792271135568,1.0541652737925615,0.9131436895958465,1.1172395226115355,1.0752196332599333,0.9559059924730229,1.0211998164761553
9.211031765882941,1.0532589625912934,0.9139287337231827,1.116677045804234,1.0741693763875149,0.9570512820625676,1.0200134197493789
9.216271260630316,1.0523745208486999,0.9147659857443884,1.1161266314439189,1.0731298170907315,0.9583821643478893,1.0188902658147212
9.22151075537769,1.0515136571162402,0.9156595244011713,1.1155892219092607,1.0721017911176804,0.9599131387583444,1.0178352955153172
9.226750250125063,1.0506527933837806,0.9165530630579541,1.1150518123746027,1.0710737651446294,0.9614441131687995,1.0167803252159133
9.231989744872436,1.049791929651321,0.917446601714737,1.1145144028399445,1.0700457391715783,0.9629750875792545,1.0157253549165093
9.237229239619811,1.048931065918861,0.9183401403715201,1.1139769933052863,1.0690177131985268,0.9645060619897102,1.014670384617105
9.242468734367185,1.0480702021864015,0.919233679028303,1.1134395837706281,1.0679896872254757,0.9660370364001652,1.013615414317701
9.247708229114558,1.0472093384539418,0.9201272176850859,1.11290217423597,1.0669616612524246,0.9675680108106204,1.012560444018297
9.252947723861931,1.0463484747214822,0.9210207563418688,1.112364764701312,1.0659336352793736,0.9690989852210755,1.0115054737188929
9.258187218609304,1.0454876109890225,0.9219142949986516,1.1118273551666538,1.0649056093063225,0.9706299596315306,1.010450503419489
9.26342671335668,1.0446267472565625,0.9228078336554348,1.1112899456319956,1.063877583333271,0.9721609340419862,1.0093955331200846
9.268666208104053,1.043694484459885,0.9236521365727461,1.1107381975800603,1.0628492235950797,0.9734317682298537,1.00834608961322
9.273905702851426,1.0426787934088226,0.9244389085988273,1.1101696952823943,1.0618204738595776,0.9743986342228501,1.0073031040432894
9.2791451975988,1.0416631023577603,0.9252256806249085,1.109601192984728,1.0607917241240754,0.9753655002158466,1.0062601184733588
9.284384692346174,1.0406474113066975,0.9260124526509899,1.1090326906870616,1.0597629743885728,0.9763323662088433,1.005217132903428
9.289624187093548,1.039631720255635,0.9267992246770711,1.1084641883893953,1.0587342246530707,0.9772992322018398,1.0041741473334975
9.294863681840921,1.0386160292045727,0.9275859967031522,1.107895686091729,1.0577054749175685,0.9782660981948362,1.003131161763567
9.300103176588294,1.0376003381535104,0.9283727687292334,1.1073271837940628,1.0566767251820663,0.9792329641878327,1.0020881761936364
9.30534267133567,1.0365846471024476,0.9291595407553148,1.1067586814963963,1.055647975446564,0.9801998301808295,1.0010451906237057
9.310582166083043,1.0355689560513852,0.929946312781396,1.10619017919873,1.0546192257110618,0.9811666961738259,1.0000022050537751
9.315821660830416,1.0345532650003229,0.9307330848074772,1.105621676901064,1.0535904759755597,0.9821335621668223,0.9989592194838446
9.32106115557779,1.0335951171662403,0.9314944636607815,1.104978274778648,1.0526051032402004,0.983062260051193,0.9980339325179789
9.326300650325162,1.0327098792036722,0.9322236682099423,1.1042399711737372,1.0516746911357042,0.9839425972070208,0.9972577750333997
9.331540145072537,1.0318246412411036,0.9329528727591034,1.1035016675688258,1.0507442790312078,0.984822934362849,0.9964816175488204
9.33677963981991,1.0309394032785355,0.9336820773082644,1.1027633639639147,1.0498138669267114,0.9857032715186769,0.9957054600642411
9.342019134567284,1.0300541653159674,0.9344112818574253,1.1020250603590036,1.0488834548222152,0.9865836086745047,0.994929302579662
9.347258629314657,1.0291689273533993,0.9351404864065861,1.1012867567540927,1.047953042717719,0.9874639458303325,0.9941531450950828
9.352498124062032,1.0282836893908307,0.9358696909557472,1.1005484531491814,1.0470226306132224,0.9883442829861606,0.9933769876105034
9.357737618809406,1.0273984514282626,0.9365988955049082,1.0998101495442703,1.0460922185087262,0.9892246201419885,0.9926008301259241
9.362977113556779,1.0265132134656945,0.9373281000540691,1.0990718459393594,1.04516180640423,0.9901049572978163,0.991824672641345
9.368216608304152,1.0256279755031263,0.9380573046032299,1.0983335423344482,1.0442313942997339,0.9909852944536441,0.9910485151567658
9.373456103051526,1.0247923689984086,0.9388545686163046,1.0976239832862829,1.0432721414592974,0.9919001826970159,0.9902616514672581
9.3786955977989,1.0240250057482356,0.939745414392261,1.096953948003642,1.042273232606943,0.9928625786857604,0.9894600667459734
9.383935092546274,1.0232576424980628,0.9406362601682171,1.0962839127210018,1.041274323754589,0.9938249746745047,0.9886584820246889
9.389174587293647,1.02249027924789,0.9415271059441731,1.0956138774383615,1.0402754149022349,0.9947873706632491,0.9878568973034044
9.39441408204102,1.0217229159977173,0.9424179517201292,1.0949438421557212,1.0392765060498808,0.9957497666519933,0.98705531258212
9.399653576788396,1.020955552747544,0.9433087974960856,1.0942738068730806,1.0382775971975262,0.9967121626407379,0.9862537278608352
9.404893071535769,1.0201881894973712,0.9441996432720418,1.0936037715904403,1.0372786883451721,0.9976745586294823,0.9854521431395507
9.410132566283142,1.0194208262471984,0.9450904890479979,1.0929337363077998,1.0362797794928182,0.9986369546182265,0.9846505584182662
9.415372061030515,1.0186534629970256,0.9459813348239539,1.0922637010251595,1.0352808706404641,0.9995993506069708,0.9838489736969818
9.420611555777889,1.0178860997468528,0.94687218059991,1.0915936657425191,1.03428196178811,1.000561746595715,0.9830473889756972
9.425851050525264,1.017139038604653,0.9478509592001141,1.090862344612001,1.033303732771225,1.0015067502825945,0.9822930767076826
9.431090545272637,1.0164223037362385,0.9489610874565376,1.090039477746216,1.0323563942585727,1.0024257742185625,0.9816093776667405
9.43633004002001,1.0157055688678238,0.9500712157129612,1.0892166108804306,1.0314090557459206,1.0033447981545305,0.9809256786257983
9.441569534767384,1.0149888339994093,0.9511813439693848,1.0883937440146456,1.0304617172332684,1.0042638220904982,0.9802419795848561
9.446809029514759,1.0142720991309946,0.9522914722258087,1.0875708771488601,1.029514378720616,1.0051828460264665,0.9795582805439138
9.452048524262132,1.0135553642625799,0.9534016004822323,1.086748010283075,1.0285670402079639,1.0061018699624344,0.9788745815029717
9.457288019009505,1.0128386293941654,0.9545117287386559,1.08592514341729,1.0276197016953117,1.0070208938984024,0.9781908824620295
9.462527513756879,1.0121218945257509,0.9556218569950794,1.0851022765515048,1.0266723631826593,1.0079399178343704,0.9775071834210873
9.467767008504254,1.011405159657336,0.9567319852515034,1.0842794096857196,1.025725024670007,1.0088589417703386,0.976823484380145
9.473006503251627,1.0106884247889214,0.9578421135079269,1.0834565428199345,1.0247776861573548,1.0097779657063066,0.9761397853392028
9.478245997999,1.0099354348441314,0.9588894295149532,1.0826267618486483,1.0238435912604618,1.0108246384196156,0.9753926868459183
9.483485492746373,1.0091235304002313,0.9598346756167084,1.0817857454559225,1.0229310172391775,1.0120787403961036,0.9745425642425776
9.488724987493747,1.0083116259563312,0.9607799217184638,1.080944729063197,1.0220184432178931,1.0133328423725918,0.9736924416392368
9.493964482241122,1.0074997215124306,0.9617251678202194,1.0801037126704711,1.0211058691966084,1.0145869443490803,0.9728423190358959
9.499203976988495,1.0066878170685305,0.9626704139219748,1.0792626962777456,1.020193295175324,1.0158410463255685,0.9719921964325552
9.504443471735868,1.0058759126246304,0.9636156600237301,1.0784216798850201,1.0192807211540398,1.0170951483020565,0.9711420738292145
9.509682966483242,1.0050640081807303,0.9645609061254855,1.0775806634922944,1.0183681471327555,1.0183492502785445,0.9702919512258737
9.514922461230617,1.00425210373683,0.9655061522272411,1.0767396470995687,1.0174555731114707,1.0196033522550332,0.9694418286225327
9.52016195597799,1.0034401992929298,0.9664513983289965,1.075898630706843,1.0165429990901864,1.0208574542315212,0.968591706019192
9.525401450725363,1.0026282948490295,0.9673966444307518,1.0750576143141175,1.015630425068902,1.0221115562080094,0.9677415834158513
9.530640945472737,1.0018256465639568,0.9683008045498276,1.0742280378318654,1.0146953543768893,1.0233983759182215,0.9669369078701412
9.53588044022011,1.0010393893934737,0.9691322082412414,1.0734187195244105,1.0137204458304618,1.0247431332819033,0.9662127114889855
9.541119934967485,1.0002531322229904,0.9699636119326555,1.0726094012169551,1.012745537284034,1.0260878906455855,0.9654885151078295
9.546359429714858,0.9994668750525074,0.9707950156240693,1.0718000829095,1.0117706287376063,1.0274326480092673,0.9647643187266739
9.551598924462231,0.9986806178820244,0.9716264193154832,1.0709907646020451,1.0107957201911786,1.0287774053729488,0.9640401223455182
9.556838419209605,0.9978943607115415,0.972457823006897,1.07018144629459,1.0098208116447511,1.0301221627366306,0.9633159259643624
9.56207791395698,0.9971081035410582,0.9732892266983111,1.0693721279871347,1.0088459030983232,1.0314669201003128,0.9625917295832065
9.567317408704353,0.9963218463705752,0.974120630389725,1.0685628096796795,1.0078709945518955,1.0328116774639946,0.9618675332020508
9.572556903451726,0.9955355892000922,0.9749520340811388,1.0677534913722246,1.006896086005468,1.0341564348276764,0.961143336820895
9.5777963981991,0.9947493320296092,0.9757834377725526,1.0669441730647695,1.0059211774590404,1.035501192191358,0.9604191404397393
9.583035892946473,0.993954600171964,0.9765745842944293,1.066088401107411,1.0049112822851454,1.0367461080459996,0.9597114302598556
9.588275387693848,0.9931434797648798,0.9772878805546278,1.065142795988842,1.003833729147838,1.0377979480412476,0.9590356014839022
9.593514882441221,0.9923323593577958,0.978001176814826,1.0641971908702732,1.0027561760105315,1.038849788036495,0.9583597727079491
9.598754377188595,0.9915212389507119,0.9787144730750242,1.0632515857517044,1.0016786228732246,1.0399016280317426,0.957683943931996
9.603993871935968,0.990710118543628,0.9794277693352225,1.0623059806331356,1.0006010697359178,1.0409534680269903,0.9570081151560428
9.609233366683343,0.9898989981365438,0.9801410655954209,1.0613603755145664,0.9995235165986107,1.042005308022238,0.9563322863800894
9.614472861430716,0.9890878777294598,0.9808543618556191,1.0604147703959976,0.9984459634613039,1.0430571480174857,0.9556564576041362
9.61971235617809,0.9882767573223759,0.9815676581158174,1.0594691652774288,0.9973684103239971,1.0441089880127332,0.954980628828183
9.624951850925463,0.9874656369152919,0.9822809543760156,1.05852356015886,0.9962908571866903,1.0451608280079807,0.95430480005223
9.630191345672838,0.9866545165082077,0.982994250636214,1.0575779550402908,0.9952133040493832,1.0462126680032287,0.9536289712762765
9.635430840420211,0.9858171060565238,0.9838227815520086,1.056607461174818,0.9941728306794431,1.0471646256839855,0.9529520996848933
9.640670335167584,0.9849240346510385,0.9848952858401981,1.0555842731655087,0.9932108621294745,1.047905113777032,0.9522730202577168
9.645909829914958,0.9840309632455533,0.9859677901283875,1.0545610851561997,0.9922488935795059,1.0486456018700785,0.9515939408305402
9.651149324662331,0.983137891840068,0.987040294416577,1.0535378971468905,0.9912869250295373,1.049386089963125,0.9509148614033636
9.656388819409706,0.9822448204345824,0.9881127987047669,1.052514709137581,0.9903249564795683,1.0501265780561717,0.9502357819761867
9.66162831415708,0.9813517490290972,0.9891853029929564,1.051491521128272,0.9893629879295998,1.0508670661492183,0.9495567025490103
9.666867808904453,0.9804586776236118,0.9902578072811459,1.0504683331189628,0.9884010193796311,1.0516075542422647,0.9488776231218337
9.672107303651826,0.9795656062181266,0.9913303115693354,1.0494451451096538,0.9874390508296624,1.0523480423353113,0.9481985436946571
9.677346798399201,0.978672534812641,0.9924028158575252,1.0484219571003441,0.9864770822796936,1.053088530428358,0.9475194642674802
9.682586293146574,0.9777794634071557,0.9934753201457147,1.0473987690910351,0.9855151137297249,1.0538290185214045,0.9468403848403038
9.687825787893948,0.9768715434496429,0.9945597179089534,1.0463309399284204,0.9845167041159838,1.0544927790420933,0.9461235431644748
9.69306528264132,0.975929100608666,0.9956717680016814,1.04515932008437,0.9834335690289717,1.0549781479570508,0.9453189042605294
9.698304777388694,0.9749866577676891,0.9967838180944095,1.04398770024032,0.9823504339419595,1.0554635168720081,0.9445142653565841
9.70354427213607,0.9740442149267119,0.9978958681871379,1.0428160803962694,0.981267298854947,1.0559488857869659,0.9437096264526385
9.708783766883442,0.973101772085735,0.999007918279866,1.041644460552219,0.9801841637679349,1.0564342547019232,0.942904987548693
9.714023261630816,0.972159329244758,1.000119968372594,1.040472840708169,0.9791010286809229,1.0569196236168807,0.9421003486447477
9.719262756378189,0.9712168864037811,1.0012320184653223,1.0393012208641186,0.9780178935939107,1.057404992531838,0.9412957097408023
9.724502251125564,0.9702744435628039,1.0023440685580507,1.038129601020068,0.9769347585068981,1.0578903614467958,0.9404910708368567
9.729741745872937,0.969332000721827,1.0034561186507787,1.0369579811760177,0.9758516234198861,1.0583757303617531,0.9396864319329112
9.73498124062031,0.9683895578808501,1.0045681687435069,1.0357863613319676,0.974768488332874,1.0588610992767107,0.9388817930289659
9.740220735367684,0.967428697561012,1.0056094277586354,1.0345651424349374,0.9736691551496086,1.0593150723110611,0.9380722559701692
9.745460230115057,0.9664206424515922,1.0064692846374157,1.033216825964646,0.9725283143446947,1.0596885934013562,0.9372501673895659
9.750699724862432,0.965412587342172,1.0073291415161962,1.031868509494354,0.9713874735397803,1.0600621144916516,0.9364280788089624
9.755939219609806,0.9644045322327521,1.0081889983949763,1.0305201930240628,0.9702466327348663,1.0604356355819466,0.9356059902283591
9.761178714357179,0.9633964771233323,1.0090488552737567,1.0291718765537714,0.9691057919299524,1.0608091566722417,0.9347839016477558
9.766418209104552,0.9623884220139125,1.009908712152537,1.0278235600834802,0.9679649511250383,1.0611826777625368,0.9339618130671525
9.771657703851927,0.9613803669044922,1.0107685690313173,1.0264752436131883,0.9668241103201239,1.061556198852832,0.933139724486549
9.7768971985993,0.9603723117950724,1.0116284259100976,1.025126927142897,0.96568326951521,1.061929719943127,0.9323176359059457
9.782136693346674,0.9593642566856526,1.012488282788878,1.0237786106726057,0.964542428710296,1.062303241033422,0.9314955473253425
9.787376188094047,0.9583562015762328,1.013348139667658,1.0224302942023142,0.963401587905382,1.0626767621237172,0.9306734587447392
9.792615682841422,0.9573228048016545,1.0141858089318174,1.0210557728067817,0.9622405811984805,1.063022777026252,0.9298376672657175
9.797855177588795,0.9562175254191764,1.0149605421737338,1.0196069201329223,0.9610223731349813,1.0632907695692735,0.9289630069882985
9.803094672336169,0.9551122460366983,1.0157352754156501,1.0181580674590631,0.9598041650714821,1.0635587621122948,0.9280883467108794
9.808334167083542,0.9540069666542202,1.0165100086575665,1.016709214785204,0.958585957007983,1.0638267546553164,0.9272136864334604
9.813573661830915,0.9529016872717421,1.0172847418994828,1.0152603621113445,0.9573677489444838,1.064094747198338,0.9263390261560412
9.81881315657829,0.9517964078892637,1.0180594751413994,1.0138115094374847,0.9561495408809843,1.0643627397413595,0.9254643658786219
9.824052651325664,0.9506911285067855,1.0188342083833157,1.0123626567636255,0.954931332817485,1.0646307322843809,0.9245897056012029
9.829292146073037,0.9495858491243074,1.019608941625232,1.010913804089766,0.9537131247539858,1.0648987248274024,0.9237150453237839
9.83453164082041,0.9484805697418294,1.0203836748671484,1.0094649514159069,0.9524949166904867,1.0651667173704238,0.9228403850463648
9.839771135567785,0.9473752903593509,1.021158408109065,1.008016098742047,0.9512767086269871,1.0654347099134454,0.9219657247689454
9.845010630315159,0.9462620439554291,1.0218608424216726,1.0065182019570629,0.9500364746644399,1.0656531891683942,0.9210672627600619
9.850250125062532,0.945123651640076,1.022335083238649,1.0048655096963408,0.9487267214580221,1.065715392107864,0.9200936765362435
9.855489619809905,0.9439852593247228,1.0228093240556257,1.0032128174356187,0.9474169682516044,1.0657775950473338,0.9191200903124251
9.860729114557278,0.9428468670093695,1.0232835648726024,1.0015601251748965,0.9461072150451866,1.0658397979868035,0.9181465040886069
9.865968609304653,0.941708474694016,1.0237578056895793,0.9999074329141738,0.9447974618387684,1.0659020009262732,0.9171729178647882
9.871208104052027,0.9405700823786627,1.024232046506556,0.9982547406534518,0.9434877086323508,1.065964203865743,0.9161993316409698
9.8764475987994,0.9394316900633095,1.0247062873235324,0.9966020483927297,0.942177955425933,1.0660264068052128,0.9152257454171514
9.881687093546773,0.9382932977479563,1.025180528140509,0.9949493561320075,0.9408682022195153,1.0660886097446824,0.9142521591933331
9.886926588294148,0.9371549054326027,1.025654768957486,0.9932966638712849,0.9395584490130972,1.0661508126841521,0.9132785729695144
9.892166083041522,0.9360165131172495,1.0261290097744626,0.9916439716105627,0.9382486958066794,1.066213015623622,0.912304986745696
9.897405577788895,0.9348470595984971,1.0264735817524482,0.9899749995382197,0.9368890242715023,1.066243921565069,0.9113162921182101
9.902645072536268,0.933567832963186,1.0263598922653638,0.9882484931316248,0.9353529368244597,1.0661642210703215,0.9102742030186712
9.907884567283643,0.9322886063278746,1.0262462027782795,0.9865219867250293,0.9338168493774167,1.066084520575574,0.9092321139191322
9.913124062031017,0.9310093796925636,1.026132513291195,0.9847954803184346,0.9322807619303741,1.0660048200808268,0.9081900248195933
9.91836355677839,0.9297301530572526,1.0260188238041106,0.9830689739118397,0.9307446744833316,1.0659251195860793,0.9071479357200546
9.923603051525763,0.9284509264219415,1.025905134317026,0.9813424675052449,0.9292085870362892,1.065845419091332,0.9061058466205157
9.928842546273136,0.9271716997866305,1.0257914448299417,0.9796159610986501,0.9276724995892466,1.0657657185965845,0.905063757520977
9.934082041020512,0.9258924731513191,1.025677755342857,0.9778894546920547,0.9261364121422035,1.0656860181018373,0.9040216684214378
9.939321535767885,0.9246132465160081,1.0255640658557728,0.9761629482854598,0.924600324695161,1.0656063176070898,0.902979579321899
9.944561030515258,0.923334019880697,1.0254503763686884,0.974436441878865,0.9230642372481185,1.0655266171123425,0.9019374902223602
9.949800525262631,0.9220364316473447,1.0252170660044988,0.9727155931265775,0.9215262087296977,1.0652630634586349,0.900876237824054
9.955040020010006,0.9206656265418025,1.0245067673928518,0.9710173042708399,0.9199804401891559,1.064266395333572,0.8997385717719125
9.96027951475738,0.9192948214362607,1.0237964687812051,0.9693190154151028,0.9184346716486146,1.0632697272085094,0.8986009057197712
9.965519009504753,0.917924016330719,1.0230861701695584,0.9676207265593657,0.9168889031080732,1.062273059083447,0.8974632396676301
9.970758504252126,0.9165532112251772,1.0223758715579119,0.9659224377036285,0.915343134567532,1.0612763909583847,0.8963255736154889
9.9759979989995,0.9151824061196354,1.0216655729462651,0.9642241488478914,0.9137973660269907,1.060279722833322,0.8951879075633478
9.981237493746875,0.9138116010140932,1.0209552743346182,0.9625258599921538,0.9122515974864488,1.0592830547082595,0.8940502415112062
9.986476988494248,0.9124407959085514,1.0202449757229715,0.9608275711364167,0.9107058289459076,1.0582863865831968,0.892912575459065
9.991716483241621,0.9110699908030097,1.0195346771113247,0.9591292822806796,0.9091600604053662,1.0572897184581345,0.8917749094069238
9.996955977988994,0.9096991856974679,1.018824378499678,0.9574309934249425,0.9076142918648249,1.056293050333072,0.8906372433547827
10.00219547273637,0.9083066959279266,1.0180805647179265,0.9557475414551717,0.9060635576216544,1.0551897152208012,0.889493956722336
10.007434967483743,0.9068157216427233,1.017184536205284,0.9541314736758345,0.904490270812379,1.0536019342082952,0.888325143287671
10.012674462231116,0.9053247473575199,1.0162885076926413,0.9525154058964973,0.9029169840031036,1.052014153195789,0.887156329853006
10.01791395697849,0.9038337730723166,1.0153924791799989,0.9508993381171601,0.9013436971938282,1.050426372183283,0.8859875164183408
10.023153451725863,0.9023427987871133,1.0144964506673562,0.9492832703378229,0.8997704103845529,1.0488385911707767,0.8848187029836758
10.028392946473238,0.9008518245019095,1.0136004221547132,0.9476672025584851,0.8981971235752769,1.04725081015827,0.8836498895490104
10.033632441220611,0.8993608502167062,1.0127043936420708,0.9460511347791479,0.8966238367660015,1.0456630291457638,0.8824810761143453
10.038871935967984,0.8978698759315028,1.011808365129428,0.9444350669998107,0.8950505499567262,1.0440752481332578,0.8813122626796803
10.044111430715358,0.8963789016462995,1.0109123366167856,0.9428189992204734,0.8934772631474508,1.0424874671207516,0.8801434492450153
10.049350925462733,0.8948879273610957,1.0100163081041427,0.9412029314411356,0.8919039763381749,1.040899686108245,0.8789746358103498
10.054590420210106,0.8933944040554144,1.0090792348707673,0.9395708259559253,0.8903308732594492,1.039271586354273,0.8777872610612586
10.05982991495748,0.8918875382206689,1.007927318177307,0.9378547731040356,0.8887587318953196,1.0374324431879398,0.8765027294319679
10.065069409704853,0.8903806723859233,1.0067754014838466,0.9361387202521458,0.8871865905311901,1.0355933000216067,0.8752181978026773
10.070308904452228,0.8888738065511773,1.005623484790386,0.9344226674002556,0.8856144491670601,1.033754156855273,0.8739336661733862
10.0755483991996,0.8873669407164317,1.0044715680969256,0.9327066145483658,0.8840423078029306,1.03191501368894,0.8726491345440955
10.080787893946974,0.8858600748816862,1.0033196514034652,0.9309905616964761,0.882470166438801,1.030075870522607,0.8713646029148048
10.086027388694347,0.8843532090469407,1.002167734710005,0.9292745088445863,0.8808980250746715,1.0282367273562738,0.8700800712855141
10.09126688344172,0.8828463432121951,1.0010158180165447,0.9275584559926966,0.879325883710542,1.0263975841899406,0.8687955396562235
10.096506378189096,0.8813394773774491,0.999863901323084,0.9258424031408062,0.877753742346412,1.024558441023607,0.8675110080269324
10.101745872936469,0.8798326115427035,0.9987119846296236,0.9241263502889165,0.8761816009822825,1.022719297857274,0.8662264763976417
10.106985367683842,0.8783277984229416,0.9975701514132959,0.9224246979499542,0.874610291355542,1.020915819079802,0.8649401789128668
10.112224862431216,0.8768355581824541,0.9964900794944047,0.9208112487526717,0.8730440761203098,1.0193307846841044,0.8636430655632508
10.11746435717859,0.8753433179419661,0.9954100075755131,0.9191977995553887,0.871477860885077,1.017745750288406,0.8623459522136344
10.122703851925964,0.8738510777014786,0.994329935656622,0.9175843503581063,0.8699116456498447,1.0161607158927084,0.8610488388640184
10.127943346673337,0.8723588374609912,0.9932498637377308,0.9159709011608238,0.8683454304146124,1.0145756814970106,0.8597517255144025
10.13318284142071,0.8708665972205036,0.9921697918188396,0.9143574519635413,0.8667792151793802,1.012990647101313,0.8584546121647865
10.138422336168084,0.8693743569800162,0.9910897198999484,0.9127440027662589,0.8652129999441478,1.0114056127056152,0.8571574988151704
10.143661830915459,0.8678821167395282,0.990009647981057,0.9111305535689759,0.8636467847089151,1.009820578309917,0.8558603854655541
10.148901325662832,0.8663898764990406,0.9889295760621657,0.9095171043716934,0.8620805694736827,1.0082355439142192,0.8545632721159381
10.154140820410205,0.8648976362585532,0.9878495041432745,0.907903655174411,0.8605143542384505,1.0066505095185216,0.8532661587663222
10.159380315157579,0.863398051540898,0.9867482394281412,0.9062753599268538,0.8589544542240912,1.0050654168285338,0.8519709801328742
10.164619809904954,0.8618447603339527,0.9854920023904856,0.9045385029366626,0.8574407342623657,1.00347989786155,0.8506899491114044
10.169859304652327,0.8602914691270082,0.9842357653528305,0.9028016459464719,0.8559270143006406,1.0018943788945665,0.8494089180899351
10.1750987993997,0.8587381779200635,0.9829795283151754,0.9010647889562812,0.8544132943389154,1.0003088599275831,0.8481278870684658
10.180338294147074,0.8571848867131188,0.9817232912775202,0.8993279319660905,0.8528995743771903,0.9987233409605998,0.8468468560469965
10.185577788894447,0.8556315955061742,0.9804670542398651,0.8975910749758998,0.8513858544154653,0.9971378219936163,0.8455658250255271
10.190817283641822,0.8540783042992289,0.9792108172022097,0.8958542179857085,0.8498721344537397,0.9955523030266324,0.8442847940040574
10.196056778389195,0.8525250130922843,0.9779545801645546,0.8941173609955179,0.8483584144920145,0.9939667840596491,0.8430037629825881
10.201296273136569,0.8509717218853396,0.9766983431268994,0.8923805040053271,0.8468446945302895,0.9923812650926657,0.8417227319611187
10.206535767883942,0.849418430678395,0.9754421060892443,0.8906436470151364,0.8453309745685644,0.9907957461256823,0.8404417009396494
10.211775262631317,0.8478730356017261,0.9742042812482933,0.8889223497181301,0.8438282943366457,0.9892309737381787,0.8391621800962998
10.21701475737869,0.8463985082942878,0.9731317058727648,0.8873407006674585,0.8424246956797449,0.9878524019015105,0.8378962131015787
10.222254252126064,0.8449239809868494,0.9720591304972361,0.8857590516167869,0.8410210970228439,0.9864738300648422,0.8366302461068575
10.227493746873437,0.843449453679411,0.9709865551217076,0.8841774025661153,0.8396174983659429,0.985095258228174,0.8353642791121363
10.232733241620812,0.8419749263719722,0.9699139797461787,0.8825957535154432,0.8382138997090415,0.9837166863915053,0.8340983121174148
10.237972736368185,0.8405003990645339,0.9688414043706501,0.8810141044647716,0.8368103010521406,0.9823381145548371,0.8328323451226937
10.243212231115558,0.8390258717570955,0.9677688289951215,0.8794324554141,0.8354067023952396,0.9809595427181689,0.8315663781279725
10.248451725862932,0.8375513444496572,0.966696253619593,0.8778508063634284,0.8340031037383386,0.9795809708815006,0.8303004111332514
10.253691220610305,0.8360768171422188,0.9656236782440644,0.8762691573127568,0.8325995050814377,0.9782023990448324,0.8290344441385302
10.25893071535768,0.8346022898347799,0.9645511028685354,0.8746875082620846,0.8311959064245362,0.9768238272081637,0.8277684771438086
10.264170210105053,0.8331372596073797,0.9634675492062185,0.8731085755361367,0.8297959078215166,0.9754244028499967,0.8265192958544371
10.269409704852427,0.8317811490166672,0.9622580883172969,0.8715607956593642,0.8284371973364474,0.9737858261358897,0.8254626256232933
10.2746491995998,0.8304250384259546,0.9610486274283752,0.8700130157825915,0.8270784868513781,0.9721472494217829,0.8244059553921496
10.279888694347175,0.8290689278352416,0.9598391665394531,0.8684652359058184,0.8257197763663084,0.9705086727076754,0.8233492851610055
10.285128189094548,0.8277128172445289,0.9586297056505315,0.8669174560290457,0.8243610658812391,0.9688700959935684,0.8222926149298617
10.290367683841922,0.8263567066538163,0.9574202447616099,0.865369676152273,0.82300235539617,0.9672315192794615,0.821235944698718
10.295607178589295,0.8250005960631037,0.9562107838726882,0.8638218962755003,0.8216436449111006,0.9655929425653547,0.8201792744675743
10.300846673336668,0.8236444854723911,0.9550013229837666,0.8622741163987278,0.8202849344260315,0.9639543658512477,0.8191226042364306
10.306086168084043,0.822288374881678,0.9537918620948446,0.8607263365219545,0.8189262239409617,0.9623157891371402,0.8180659340052865
10.311325662831416,0.8209322642909654,0.952582401205923,0.859178556645182,0.8175675134558925,0.9606772124230334,0.8170092637741427
10.31656515757879,0.8195853172957723,0.9513790464292262,0.8576449822029968,0.8162179720449406,0.9590122484721652,0.815948953615813
10.321804652326163,0.8183815514805713,0.9502710996560443,0.8563333676762417,0.8150116974170724,0.9569349839469027,0.8148317695952029
10.327044147073538,0.81717778566537,0.9491631528828619,0.855021753149486,0.8138054227892035,0.9548577194216396,0.8137145855745922
10.332283641820911,0.815974019850169,0.94805520610968,0.8537101386227309,0.8125991481613353,0.9527804548963771,0.8125974015539821
10.337523136568285,0.8147702540349681,0.946947259336498,0.8523985240959758,0.8113928735334669,0.9507031903711146,0.8114802175333719
10.342762631315658,0.8135664882197671,0.9458393125633161,0.8510869095692206,0.8101865989055986,0.9486259258458521,0.8103630335127616
10.348002126063031,0.8123627224045661,0.9447313657901341,0.8497752950424655,0.8089803242777303,0.9465486613205897,0.8092458494921515
10.353241620810406,0.8111589565893647,0.9436234190169518,0.84846368051571,0.8077740496498615,0.9444713967953264,0.8081286654715408
10.35848111555778,0.8099551907741638,0.9425154722437697,0.8471520659889548,0.8065677750219932,0.942394132270064,0.8070114814509307
10.363720610305153,0.8087514249589628,0.9414075254705878,0.8458404514621997,0.8053615003941249,0.9403168677448015,0.8058942974303205
10.368960105052526,0.8075546509317004,0.9402992509024954,0.8445377913626084,0.8041629675095201,0.9382415636464192,0.8047851904299446
10.374199599799901,0.8065252428282202,0.939183129743734,0.8434494778632525,0.8031497526042853,0.9362131872664786,0.803869427101428
10.379439094547275,0.8054958347247403,0.9380670085849728,0.8423611643638971,0.8021365376990509,0.9341848108865388,0.8029536637729117
10.384678589294648,0.8044664266212604,0.9369508874262117,0.8412728508645416,0.8011233227938165,0.932156434506599,0.8020379004443953
10.389918084042021,0.8034370185177806,0.9358347662674505,0.8401845373651862,0.8001101078885821,0.9301280581266592,0.801122137115879
10.395157578789396,0.8024076104143003,0.9347186451086891,0.8390962238658303,0.7990968929833473,0.9280996817467188,0.8002063737873623
10.40039707353677,0.8013782023108205,0.933602523949928,0.8380079103664748,0.7980836780781129,0.926071305366779,0.799290610458846
10.405636568284143,0.8003487942073405,0.9324864027911669,0.8369195968671194,0.7970704631728784,0.9240429289868392,0.7983748471303296
10.410876063031516,0.7993193861038607,0.9313702816324058,0.8358312833677639,0.796057248267644,0.9220145526068994,0.7974590838018133
10.41611555777889,0.7982899780003807,0.9302541604736446,0.8347429698684085,0.7950440333624096,0.9199861762269596,0.7965433204732969
10.421355052526264,0.7972615545559381,0.9291457615765075,0.8336523678962372,0.7940332730394507,0.9179720178523075,0.7956320316345519
10.426594547273638,0.7962812563219581,0.9284147882162593,0.8324499168152176,0.7931424804252254,0.9166527644861245,0.7949394334833938
10.431834042021011,0.7953009580879782,0.927683814856011,0.8312474657341979,0.7922516878110001,0.9153335111199415,0.7942468353322356
10.437073536768384,0.7943206598539982,0.9269528414957628,0.8300450146531783,0.7913608951967748,0.9140142577537586,0.7935542371810775
10.44231303151576,0.7933403616200179,0.9262218681355143,0.8288425635721581,0.7904701025825492,0.9126950043875751,0.7928616390299191
10.447552526263133,0.7923600633860379,0.9254908947752661,0.8276401124911384,0.7895793099683239,0.9113757510213921,0.792169040878761
10.452792021010506,0.791379765152058,0.9247599214150178,0.8264376614101188,0.7886885173540986,0.9100564976552091,0.791476442727603
10.45803151575788,0.790399466918078,0.9240289480547696,0.8252352103290991,0.7877977247398733,0.9087372442890261,0.7907838445764448
10.463271010505252,0.789419168684098,0.9232979746945214,0.8240327592480794,0.786906932125648,0.9074179909228431,0.7900912464252867
10.468510505252627,0.7884388704501177,0.9225670013342728,0.8228303081670594,0.7860161395114225,0.9060987375566597,0.7893986482741283
10.47375,0.7874585722161378,0.9218360279740246,0.8216278570860397,0.7851253468971972,0.9047794841904767,0.7887060501229702
