# composition,0.637LiCl-0.363KCl
# source,Numbers, 2026
# temperature_K,690
# raw_file,0.637LiCl-0.363KCl_Numbers_2026_690.0_AP.csv
# savgol,False
# grid_points,2000
r (A),Cl-Cl,K-Cl,K-K,K-Li,Li-Cl,Li-Li
0.0,0.0,0.0,0.0,0.0,0.0,0.0
0.005239494747373686,0.0,0.0,0.0,0.0,0.0,0.0
0.010478989494747373,0.0,0.0,0.0,0.0,0.0,0.0
0.015718484242121057,0.0,0.0,0.0,0.0,0.0,0.0
0.020957978989494745,0.0,0.0,0.0,0.0,0.0,0.0
0.026197473736868433,0.0,0.0,0.0,0.0,0.0,0.0
0.031436968484242114,0.0,0.0,0.0,0.0,0.0,0.0
0.0366764632316158,0.0,0.0,0.0,0.0,0.0,0.0
0.04191595797898949,0.0,0.0,0.0,0.0,0.0,0.0
0.04715545272636318,0.0,0.0,0.0,0.0,0.0,0.0
0.052394947473736866,0.0,0.0,0.0,0.0,0.0,0.0
0.05763444222111055,0.0,0.0,0.0,0.0,0.0,0.0
0.06287393696848423,0.0,0.0,0.0,0.0,0.0,0.0
0.06811343171585792,0.0,0.0,0.0,0.0,0.0,0.0
0.0733529264632316,0.0,0.0,0.0,0.0,0.0,0.0
0.07859242121060529,0.0,0.0,0.0,0.0,0.0,0.0
0.08383191595797898,0.0,0.0,0.0,0.0,0.0,0.0
0.08907141070535267,0.0,0.0,0.0,0.0,0.0,0.0
0.09431090545272636,0.0,0.0,0.0,0.0,0.0,0.0
0.09955040020010004,0.0,0.0,0.0,0.0,0.0,0.0
0.10478989494747373,0.0,0.0,0.0,0.0,0.0,0.0
0.11002938969484741,0.0,0.0,0.0,0.0,0.0,0.0
0.1152688844422211,0.0,0.0,0.0,0.0,0.0,0.0
0.12050837918959478,0.0,0.0,0.0,0.0,0.0,0.0
0.12574787393696846,0.0,0.0,0.0,0.0,0.0,0.0
0.13098736868434216,0.0,0.0,0.0,0.0,0.0,0.0
0.13622686343171583,0.0,0.0,0.0,0.0,0.0,0.0
0.14146635817908954,0.0,0.0,0.0,0.0,0.0,0.0
0.1467058529264632,0.0,0.0,0.0,0.0,0.0,0.0
0.1519453476738369,0.0,0.0,0.0,0.0,0.0,0.0
0.15718484242121059,0.0,0.0,0.0,0.0,0.0,0.0
0.1624243371685843,0.0,0.0,0.0,0.0,0.0,0.0
0.16766383191595796,0.0,0.0,0.0,0.0,0.0,0.0
0.17290332666333164,0.0,0.0,0.0,0.0,0.0,0.0
0.17814282141070534,0.0,0.0,0.0,0.0,0.0,0.0
0.183382316158079,0.0,0.0,0.0,0.0,0.0,0.0
0.1886218109054527,0.0,0.0,0.0,0.0,0.0,0.0
0.1938613056528264,0.0,0.0,0.0,0.0,0.0,0.0
0.1991008004002001,0.0,0.0,0.0,0.0,0.0,0.0
0.20434029514757376,0.0,0.0,0.0,0.0,0.0,0.0
0.20957978989494747,0.0,0.0,0.0,0.0,0.0,0.0
0.21481928464232114,0.0,0.0,0.0,0.0,0.0,0.0
0.22005877938969481,0.0,0.0,0.0,0.0,0.0,0.0
0.22529827413706852,0.0,0.0,0.0,0.0,0.0,0.0
0.2305377688844422,0.0,0.0,0.0,0.0,0.0,0.0
0.2357772636318159,0.0,0.0,0.0,0.0,0.0,0.0
0.24101675837918957,0.0,0.0,0.0,0.0,0.0,0.0
0.24625625312656327,0.0,0.0,0.0,0.0,0.0,0.0
0.2514957478739369,0.0,0.0,0.0,0.0,0.0,0.0
0.25673524262131064,0.0,0.0,0.0,0.0,0.0,0.0
0.2619747373686843,0.0,0.0,0.0,0.0,0.0,0.0
0.267214232116058,0.0,0.0,0.0,0.0,0.0,0.0
0.27245372686343167,0.0,0.0,0.0,0.0,0.0,0.0
0.2776932216108054,0.0,0.0,0.0,0.0,0.0,0.0
0.28293271635817907,0.0,0.0,0.0,0.0,0.0,0.0
0.28817221110555274,0.0,0.0,0.0,0.0,0.0,0.0
0.2934117058529264,0.0,0.0,0.0,0.0,0.0,0.0
0.2986512006003001,0.0,0.0,0.0,0.0,0.0,0.0
0.3038906953476738,0.0,0.0,0.0,0.0,0.0,0.0
0.3091301900950475,0.0,0.0,0.0,0.0,0.0,0.0
0.31436968484242117,0.0,0.0,0.0,0.0,0.0,0.0
0.31960917958979485,0.0,0.0,0.0,0.0,0.0,0.0
0.3248486743371686,0.0,0.0,0.0,0.0,0.0,0.0
0.33008816908454225,0.0,0.0,0.0,0.0,0.0,0.0
0.3353276638319159,0.0,0.0,0.0,0.0,0.0,0.0
0.3405671585792896,0.0,0.0,0.0,0.0,0.0,0.0
0.34580665332666327,0.0,0.0,0.0,0.0,0.0,0.0
0.351046148074037,0.0,0.0,0.0,0.0,0.0,0.0
0.3562856428214107,0.0,0.0,0.0,0.0,0.0,0.0
0.36152513756878435,0.0,0.0,0.0,0.0,0.0,0.0
0.366764632316158,0.0,0.0,0.0,0.0,0.0,0.0
0.37200412706353175,0.0,0.0,0.0,0.0,0.0,0.0
0.3772436218109054,0.0,0.0,0.0,0.0,0.0,0.0
0.3824831165582791,0.0,0.0,0.0,0.0,0.0,0.0
0.3877226113056528,0.0,0.0,0.0,0.0,0.0,0.0
0.39296210605302645,0.0,0.0,0.0,0.0,0.0,0.0
0.3982016008004002,0.0,0.0,0.0,0.0,0.0,0.0
0.40344109554777385,0.0,0.0,0.0,0.0,0.0,0.0
0.40868059029514753,0.0,0.0,0.0,0.0,0.0,0.0
0.4139200850425212,0.0,0.0,0.0,0.0,0.0,0.0
0.41915957978989493,0.0,0.0,0.0,0.0,0.0,0.0
0.4243990745372686,0.0,0.0,0.0,0.0,0.0,0.0
0.4296385692846423,0.0,0.0,0.0,0.0,0.0,0.0
0.43487806403201595,0.0,0.0,0.0,0.0,0.0,0.0
0.44011755877938963,0.0,0.0,0.0,0.0,0.0,0.0
0.44535705352676336,0.0,0.0,0.0,0.0,0.0,0.0
0.45059654827413703,0.0,0.0,0.0,0.0,0.0,0.0
0.4558360430215107,0.0,0.0,0.0,0.0,0.0,0.0
0.4610755377688844,0.0,0.0,0.0,0.0,0.0,0.0
0.46631503251625805,0.0,0.0,0.0,0.0,0.0,0.0
0.4715545272636318,0.0,0.0,0.0,0.0,0.0,0.0
0.47679402201100546,0.0,0.0,0.0,0.0,0.0,0.0
0.48203351675837913,0.0,0.0,0.0,0.0,0.0,0.0
0.4872730115057528,0.0,0.0,0.0,0.0,0.0,0.0
0.49251250625312654,0.0,0.0,0.0,0.0,0.0,0.0
0.4977520010005002,0.0,0.0,0.0,0.0,0.0,0.0
0.5029914957478738,0.0,0.0,0.0,0.0,0.0,0.0
0.5082309904952476,0.0,0.0,0.0,0.0,0.0,0.0
0.5134704852426213,0.0,0.0,0.0,0.0,0.0,0.0
0.5187099799899949,0.0,0.0,0.0,0.0,0.0,0.0
0.5239494747373686,0.0,0.0,0.0,0.0,0.0,0.0
0.5291889694847424,0.0,0.0,0.0,0.0,0.0,0.0
0.534428464232116,0.0,0.0,0.0,0.0,0.0,0.0
0.5396679589794897,0.0,0.0,0.0,0.0,0.0,0.0
0.5449074537268633,0.0,0.0,0.0,0.0,0.0,0.0
0.5501469484742371,0.0,0.0,0.0,0.0,0.0,0.0
0.5553864432216108,0.0,0.0,0.0,0.0,0.0,0.0
0.5606259379689844,0.0,0.0,0.0,0.0,0.0,0.0
0.5658654327163581,0.0,0.0,0.0,0.0,0.0,0.0
0.5711049274637318,0.0,0.0,0.0,0.0,0.0,0.0
0.5763444222111055,0.0,0.0,0.0,0.0,0.0,0.0
0.5815839169584792,0.0,0.0,0.0,0.0,0.0,0.0
0.5868234117058528,0.0,0.0,0.0,0.0,0.0,0.0
0.5920629064532266,0.0,0.0,0.0,0.0,0.0,0.0
0.5973024012006002,0.0,0.0,0.0,0.0,0.0,0.0
0.6025418959479739,0.0,0.0,0.0,0.0,0.0,0.0
0.6077813906953476,0.0,0.0,0.0,0.0,0.0,0.0
0.6130208854427213,0.0,0.0,0.0,0.0,0.0,0.0
0.618260380190095,0.0,0.0,0.0,0.0,0.0,0.0
0.6234998749374687,0.0,0.0,0.0,0.0,0.0,0.0
0.6287393696848423,0.0,0.0,0.0,0.0,0.0,0.0
0.6339788644322161,0.0,0.0,0.0,0.0,0.0,0.0
0.6392183591795897,0.0,0.0,0.0,0.0,0.0,0.0
0.6444578539269634,0.0,0.0,0.0,0.0,0.0,0.0
0.6496973486743371,0.0,0.0,0.0,0.0,0.0,0.0
0.6549368434217108,0.0,0.0,0.0,0.0,0.0,0.0
0.6601763381690845,0.0,0.0,0.0,0.0,0.0,0.0
0.6654158329164581,0.0,0.0,0.0,0.0,0.0,0.0
0.6706553276638318,0.0,0.0,0.0,0.0,0.0,0.0
0.6758948224112056,0.0,0.0,0.0,0.0,0.0,0.0
0.6811343171585792,0.0,0.0,0.0,0.0,0.0,0.0
0.6863738119059529,0.0,0.0,0.0,0.0,0.0,0.0
0.6916133066533265,0.0,0.0,0.0,0.0,0.0,0.0
0.6968528014007003,0.0,0.0,0.0,0.0,0.0,0.0
0.702092296148074,0.0,0.0,0.0,0.0,0.0,0.0
0.7073317908954476,0.0,0.0,0.0,0.0,0.0,0.0
0.7125712856428214,0.0,0.0,0.0,0.0,0.0,0.0
0.717810780390195,0.0,0.0,0.0,0.0,0.0,0.0
0.7230502751375687,0.0,0.0,0.0,0.0,0.0,0.0
0.7282897698849424,0.0,0.0,0.0,0.0,0.0,0.0
0.733529264632316,0.0,0.0,0.0,0.0,0.0,0.0
0.7387687593796898,0.0,0.0,0.0,0.0,0.0,0.0
0.7440082541270635,0.0,0.0,0.0,0.0,0.0,0.0
0.7492477488744371,0.0,0.0,0.0,0.0,0.0,0.0
0.7544872436218109,0.0,0.0,0.0,0.0,0.0,0.0
0.7597267383691845,0.0,0.0,0.0,0.0,0.0,0.0
0.7649662331165582,0.0,0.0,0.0,0.0,0.0,0.0
0.7702057278639319,0.0,0.0,0.0,0.0,0.0,0.0
0.7754452226113056,0.0,0.0,0.0,0.0,0.0,0.0
0.7806847173586793,0.0,0.0,0.0,0.0,0.0,0.0
0.7859242121060529,0.0,0.0,0.0,0.0,0.0,0.0
0.7911637068534266,0.0,0.0,0.0,0.0,0.0,0.0
0.7964032016008004,0.0,0.0,0.0,0.0,0.0,0.0
0.801642696348174,0.0,0.0,0.0,0.0,0.0,0.0
0.8068821910955477,0.0,0.0,0.0,0.0,0.0,0.0
0.8121216858429213,0.0,0.0,0.0,0.0,0.0,0.0
0.8173611805902951,0.0,0.0,0.0,0.0,0.0,0.0
0.8226006753376688,0.0,0.0,0.0,0.0,0.0,0.0
0.8278401700850424,0.0,0.0,0.0,0.0,0.0,0.0
0.8330796648324161,0.0,0.0,0.0,0.0,0.0,0.0
0.8383191595797899,0.0,0.0,0.0,0.0,0.0,0.0
0.8435586543271635,0.0,0.0,0.0,0.0,0.0,0.0
0.8487981490745372,0.0,0.0,0.0,0.0,0.0,0.0
0.8540376438219108,0.0,0.0,0.0,0.0,0.0,0.0
0.8592771385692846,0.0,0.0,0.0,0.0,0.0,0.0
0.8645166333166583,0.0,0.0,0.0,0.0,0.0,0.0
0.8697561280640319,0.0,0.0,0.0,0.0,0.0,0.0
0.8749956228114056,0.0,0.0,0.0,0.0,0.0,0.0
0.8802351175587793,0.0,0.0,0.0,0.0,0.0,0.0
0.885474612306153,0.0,0.0,0.0,0.0,0.0,0.0
0.8907141070535267,0.0,0.0,0.0,0.0,0.0,0.0
0.8959536018009003,0.0,0.0,0.0,0.0,0.0,0.0
0.9011930965482741,0.0,0.0,0.0,0.0,0.0,0.0
0.9064325912956477,0.0,0.0,0.0,0.0,0.0,0.0
0.9116720860430214,0.0,0.0,0.0,0.0,0.0,0.0
0.9169115807903951,0.0,0.0,0.0,0.0,0.0,0.0
0.9221510755377688,0.0,0.0,0.0,0.0,0.0,0.0
0.9273905702851425,0.0,0.0,0.0,0.0,0.0,0.0
0.9326300650325161,0.0,0.0,0.0,0.0,0.0,0.0
0.9378695597798898,0.0,0.0,0.0,0.0,0.0,0.0
0.9431090545272636,0.0,0.0,0.0,0.0,0.0,0.0
0.9483485492746372,0.0,0.0,0.0,0.0,0.0,0.0
0.9535880440220109,0.0,0.0,0.0,0.0,0.0,0.0
0.9588275387693846,0.0,0.0,0.0,0.0,0.0,0.0
0.9640670335167583,0.0,0.0,0.0,0.0,0.0,0.0
0.969306528264132,0.0,0.0,0.0,0.0,0.0,0.0
0.9745460230115056,0.0,0.0,0.0,0.0,0.0,0.0
0.9797855177588793,0.0,0.0,0.0,0.0,0.0,0.0
0.9850250125062531,0.0,0.0,0.0,0.0,0.0,0.0
0.9902645072536267,0.0,0.0,0.0,0.0,0.0,0.0
0.9955040020010004,0.0,0.0,0.0,0.0,0.0,0.0
1.0007434967483742,0.0,0.0,0.0,0.0,0.0,0.0
1.0059829914957477,0.0,0.0,0.0,0.0,0.0,0.0
1.0112224862431214,0.0,0.0,0.0,0.0,0.0,0.0
1.0164619809904951,0.0,0.0,0.0,0.0,0.0,0.0
1.0217014757378688,0.0,0.0,0.0,0.0,0.0,0.0
1.0269409704852426,0.0,0.0,0.0,0.0,0.0,0.0
1.0321804652326163,0.0,0.0,0.0,0.0,0.0,0.0
1.0374199599799898,0.0,0.0,0.0,0.0,0.0,0.0
1.0426594547273635,0.0,0.0,0.0,0.0,0.0,0.0
1.0478989494747373,0.0,0.0,0.0,0.0,0.0,0.0
1.053138444222111,0.0,0.0,0.0,0.0,0.0,0.0
1.0583779389694847,0.0,0.0,0.0,0.0,0.0,0.0
1.0636174337168582,0.0,0.0,0.0,0.0,0.0,0.0
1.068856928464232,0.0,0.0,0.0,0.0,0.0,0.0
1.0740964232116057,0.0,0.0,0.0,0.0,0.0,0.0
1.0793359179589794,0.0,0.0,0.0,0.0,0.0,0.0
1.0845754127063532,0.0,0.0,0.0,0.0,0.0,0.0
1.0898149074537267,0.0,0.0,0.0,0.0,0.0,0.0
1.0950544022011004,0.0,0.0,0.0,0.0,0.0,0.0
1.1002938969484741,0.0,0.0,0.0,0.0,0.0,0.0
1.1055333916958479,0.0,0.0,0.0,0.0,0.0,0.0
1.1107728864432216,0.0,0.0,0.0,0.0,0.0,0.0
1.116012381190595,0.0,0.0,0.0,0.0,0.0,0.0
1.1212518759379688,0.0,0.0,0.0,0.0,0.0,0.0
1.1264913706853426,0.0,0.0,0.0,0.0,0.0,0.0
1.1317308654327163,0.0,0.0,0.0,0.0,0.0,0.0
1.13697036018009,0.0,0.0,0.0,0.0,0.0,0.0
1.1422098549274635,0.0,0.0,0.0,0.0,0.0,0.0
1.1474493496748372,0.0,0.0,0.0,0.0,0.0,0.0
1.152688844422211,0.0,0.0,0.0,0.0,0.0,0.0
1.1579283391695847,0.0,0.0,0.0,0.0,0.0,0.0
1.1631678339169584,0.0,0.0,0.0,0.0,0.0,0.0
1.168407328664332,0.0,0.0,0.0,0.0,0.0,0.0
1.1736468234117057,0.0,0.0,0.0,0.0,0.0,0.0
1.1788863181590794,0.0,0.0,0.0,0.0,0.0,0.0
1.1841258129064531,0.0,0.0,0.0,0.0,0.0,0.0
1.1893653076538269,0.0,0.0,0.0,0.0,0.0,0.0
1.1946048024012004,0.0,0.0,0.0,0.0,0.0,0.0
1.199844297148574,0.0,0.0,0.0,0.0,0.0,0.0
1.2050837918959478,0.0,0.0,0.0,0.0,0.0,0.0
1.2103232866433216,0.0,0.0,0.0,0.0,0.0,0.0
1.2155627813906953,0.0,0.0,0.0,0.0,0.0,0.0
1.2208022761380688,0.0,0.0,0.0,0.0,0.0,0.0
1.2260417708854425,0.0,0.0,0.0,0.0,0.0,0.0
1.2312812656328163,0.0,0.0,0.0,0.0,0.0,0.0
1.23652076038019,0.0,0.0,0.0,0.0,0.0,0.0
1.2417602551275637,0.0,0.0,0.0,0.0,0.0,0.0
1.2469997498749374,0.0,0.0,0.0,0.0,0.0,0.0
1.252239244622311,0.0,0.0,0.0,0.0,0.0,0.0
1.2574787393696847,0.0,0.0,0.0,0.0,0.0,0.0
1.2627182341170584,0.0,0.0,0.0,0.0,0.0,0.0
1.2679577288644321,0.0,0.0,0.0,0.0,0.0,0.0
1.2731972236118059,0.0,0.0,0.0,0.0,0.0,0.0
1.2784367183591794,0.0,0.0,0.0,0.0,0.0,0.0
1.283676213106553,0.0,0.0,0.0,0.0,0.0,0.0
1.2889157078539268,0.0,0.0,0.0,0.0,0.0,0.0
1.2941552026013006,0.0,0.0,0.0,0.0,0.0,0.0
1.2993946973486743,0.0,0.0,0.0,0.0,0.0,0.0
1.3046341920960478,0.0,0.0,0.0,0.0,0.0,0.0
1.3098736868434215,0.0,0.0,0.0,0.0,0.0,0.0
1.3151131815907953,0.0,0.0,0.0,0.0,0.0,0.0
1.320352676338169,0.0,0.0,0.0,0.0,0.0,0.0
1.3255921710855427,0.0,0.0,0.0,0.0,0.0,0.0
1.3308316658329162,0.0,0.0,0.0,0.0,0.0,0.0
1.33607116058029,0.0,0.0,0.0,0.0,0.0,0.0
1.3413106553276637,0.0,0.0,0.0,0.0,0.0,0.0
1.3465501500750374,0.0,0.0,0.0,0.0,0.0,0.0
1.3517896448224112,0.0,0.0,0.0,0.0,0.0,0.0
1.3570291395697847,0.0,0.0,0.0,0.0,0.0,0.0
1.3622686343171584,0.0,0.0,0.0,0.0,0.0,0.0
1.3675081290645321,0.0,0.0,0.0,0.0,0.0,0.0
1.3727476238119058,0.0,0.0,0.0,0.0,0.0,0.0
1.3779871185592796,0.0,0.0,0.0,0.0,0.0,0.0
1.383226613306653,0.0,0.0,0.0,0.0,0.0,0.0
1.3884661080540268,0.0,0.0,0.0,0.0,0.0,0.0
1.3937056028014005,0.0,0.0,0.0,0.0,0.0,0.0
1.3989450975487743,0.0,0.0,0.0,0.0,0.0,0.0
1.404184592296148,0.0,0.0,0.0,0.0,0.0,0.0
1.4094240870435215,0.0,0.0,0.0,0.0,0.0,0.0
1.4146635817908952,0.0,0.0,0.0,0.0,0.0,0.0
1.419903076538269,0.0,0.0,0.0,0.0,0.0,0.0
1.4251425712856427,0.0,0.0,0.0,0.0,0.0,0.0
1.4303820660330164,0.0,0.0,0.0,0.0,0.0,0.0
1.43562156078039,0.0,0.0,0.0,0.0,0.0,0.0
1.4408610555277637,0.0,0.0,0.0,0.0,0.0,0.0
1.4461005502751374,0.0,0.0,0.0,0.0,0.0,0.0
1.4513400450225111,0.0,0.0,0.0,0.0,0.0,0.0
1.4565795397698849,0.0,0.0,0.0,0.0,0.0,0.0
1.4618190345172586,0.0,0.0,0.0,0.0,0.0,0.0
1.467058529264632,0.0,0.0,0.0,0.0,0.0,0.0
1.4722980240120058,0.0,0.0,0.0,0.0,0.0,0.0
1.4775375187593796,0.0,0.0,0.0,0.0,0.0,0.0
1.4827770135067533,0.0,0.0,0.0,0.0,0.0,0.0
1.488016508254127,0.0,0.0,0.0,0.0,0.0,0.0
1.4932560030015005,0.0,0.0,0.0,0.0,0.0,0.0
1.4984954977488743,0.0,0.0,0.0,0.0,0.0,0.0
1.503734992496248,0.0,0.0,0.0,0.0,0.0,0.0
1.5089744872436217,0.0,0.0,0.0,0.0,0.0,0.0
1.5142139819909954,0.0,0.0,0.0,0.0,0.0,0.0
1.519453476738369,0.0,0.0,0.0,0.0,0.0,0.0
1.5246929714857427,0.0,0.0,0.0,0.0,0.0,0.0
1.5299324662331164,0.0,0.0,0.0,0.0,0.0,0.0
1.5351719609804901,0.0,0.0,0.0,0.0,0.0,0.0
1.5404114557278639,0.0,0.0,0.0,0.0,0.0,0.0
1.5456509504752374,0.0,0.0,0.0,0.0,0.0,0.0
1.550890445222611,0.0,0.0,0.0,0.0,0.0,0.0
1.5561299399699848,0.0,0.0,0.0,0.0,0.0,0.0
1.5613694347173586,0.0,0.0,0.0,0.0,0.0,0.0
1.5666089294647323,0.0,0.0,0.0,0.0,0.0,0.0
1.5718484242121058,0.0,0.0,0.0,0.0,0.0,0.0
1.5770879189594795,0.0,0.0,0.0,0.0,0.0,0.0
1.5823274137068533,0.0,0.0,0.0,0.0,0.0,0.0
1.587566908454227,0.0,0.0,0.0,0.0,0.0,0.0
1.5928064032016007,0.0,0.0,0.0,0.0,0.0,0.0
1.5980458979489742,0.0,0.0,0.0,0.0,0.0,0.0
1.603285392696348,0.0,0.0,0.0,0.0,0.0,0.0
1.6085248874437217,0.0,0.0,0.0,0.0,0.0,0.0
1.6137643821910954,0.0,0.0,0.0,0.0,0.0,0.0
1.6190038769384691,0.0,0.0,0.0,0.0,0.0,0.0
1.6242433716858427,0.0,0.0,0.0,0.0,0.0,0.0
1.6294828664332164,0.0,0.0,0.0,0.0,0.0,0.0
1.6347223611805901,0.0,0.0,0.0,0.0,0.0,0.0
1.6399618559279638,0.0,0.0,0.0,0.0,0.0,0.0
1.6452013506753376,0.0,0.0,0.0,0.0,0.0,0.0
1.650440845422711,0.0,0.0,0.0,0.0,0.0,0.0
1.6556803401700848,0.0,0.0,0.0,0.0,0.0,0.0
1.6609198349174585,0.0,0.0,0.0,0.0,0.0,0.0
1.6661593296648323,0.0,0.0,0.0,0.0,0.0,0.0
1.671398824412206,0.0,0.0,0.0,0.0,0.0,0.0
1.6766383191595797,0.0,0.0,0.0,0.0,0.0,0.0
1.6818778139069532,0.0,0.0,0.0,0.0,0.0,0.0
1.687117308654327,0.0,0.0,0.0,0.0,0.0,0.0
1.6923568034017007,0.0,0.0,0.0,0.0,0.0,0.0
1.6975962981490744,0.0,0.0,0.0,0.0,0.0,0.0
1.7028357928964482,0.0,0.0,0.0,0.0,0.0,0.0
1.7080752876438217,0.0,0.0,0.0,0.0,0.0,0.0
1.7133147823911954,0.0,0.0,0.0,0.0,0.0,0.0
1.7185542771385691,0.0,0.0,0.0,0.0,0.0,0.0
1.7237937718859428,0.0,0.0,0.0,0.0,0.0,0.0
1.7290332666333166,0.0,0.0,0.0,0.0,0.0,0.0
1.73427276138069,0.0,0.0,0.0,0.0,0.0,0.0
1.7395122561280638,0.0,0.0,0.0,0.0,0.0,0.0
1.7447517508754375,0.0,0.0,0.0,0.0,0.0,0.0
1.7499912456228113,0.0,0.0,0.0,0.0,0.0,0.0
1.755230740370185,0.0,0.0,0.0,0.0,0.0,0.0
1.7604702351175585,0.0,0.0,0.0,0.0,1.1746458471671056e-05,0.0
1.7657097298649322,0.0,0.0,0.0,0.0,4.752383961821772e-05,0.0
1.770949224612306,0.0,0.0,0.0,0.0,8.330122076476437e-05,0.0
1.7761887193596797,0.0,0.0,0.0,0.0,0.00011907860191131104,0.0
1.7814282141070534,0.0,0.0,0.0,0.0,0.0001548559830578577,0.0
1.786667708854427,0.0,0.0,0.0,0.0,0.00019063336420440286,0.0
1.7919072036018007,0.0,0.0,0.0,0.0,0.00022641074535094952,0.0
1.7971466983491744,0.0,0.0,0.0,0.0,0.0002621881264974962,0.0
1.8023861930965481,0.0,0.0,0.0,0.0,0.0002979655076440428,0.0
1.8076256878439219,0.0,0.0,0.0,0.0,0.0003337428887905895,0.0
1.8128651825912954,0.0,0.0,0.0,0.0,0.00046204409375761533,0.0
1.818104677338669,0.0,0.0,0.0,0.0,0.0007979597326633009,0.0
1.8233441720860428,0.0,0.0,0.0,0.0,0.0011338753715689864,0.0
1.8285836668334166,0.0,0.0,0.0,0.0,0.0014697910104746722,0.0
1.8338231615807903,0.0,0.0,0.0,0.0,0.0018057066493803577,0.0
1.8390626563281638,0.0,0.0,0.0,0.0,0.002141622288286029,0.0
1.8443021510755375,0.0,0.0,0.0,0.0,0.0024775379271917146,0.0
1.8495416458229113,0.0,0.0,0.0,0.0,0.0028134535660974003,0.0
1.854781140570285,0.0,0.0,0.0,0.0,0.003149369205003086,0.0
1.8600206353176587,0.0,0.0,0.0,0.0,0.0034852848439087714,0.0
1.8652601300650322,0.0,0.0,0.0,0.0,0.004234507244326163,0.0
1.870499624812406,0.0,0.0,0.0,0.0,0.006004417647085867,0.0
1.8757391195597797,0.0,0.0,0.0,0.0,0.007774328049845571,0.0
1.8809786143071534,0.0,0.0,0.0,0.0,0.009544238452605274,0.0
1.8862181090545271,0.0,0.0,0.0,0.0,0.011314148855364978,0.0
1.8914576038019006,0.0,0.0,0.0,0.0,0.013084059258124607,0.0
1.8966970985492744,0.0,0.0,0.0,0.0,0.01485396966088431,0.0
1.901936593296648,0.0,0.0,0.0,0.0,0.016623880063644014,0.0
1.9071760880440218,0.0,0.0,0.0,0.0,0.018393790466403718,0.0
1.9124155827913956,0.0,0.0,0.0,0.0,0.02016370086916342,0.0
1.9176550775387693,0.0,0.0,0.0,0.0,0.024214194146983087,0.0
1.9228945722861428,0.0,0.0,0.0,0.0,0.03448833414926436,0.0
1.9281340670335165,0.0,0.0,0.0,0.0,0.044762474151546064,0.0
1.9333735617808903,0.0,0.0,0.0,0.0,0.05503661415382776,0.0
1.938613056528264,0.0,0.0,0.0,0.0,0.06531075415610946,0.0
1.9438525512756377,0.0,0.0,0.0,0.0,0.07558489415839117,0.0
1.9490920460230112,0.0,0.0,0.0,0.0,0.08585903416067243,0.0
1.954331540770385,0.0,0.0,0.0,0.0,0.09613317416295414,0.0
1.9595710355177587,0.0,0.0,0.0,0.0,0.10640731416523584,0.0
1.9648105302651324,0.0,0.0,0.0,0.0,0.11668145416751755,0.0
1.9700500250125061,0.0,0.0,0.0,0.0,0.1328809499337229,0.0
1.9752895197598797,0.0,0.0,0.0,0.0,0.16703606922697042,0.0
1.9805290145072534,0.0,0.0,0.0,0.0,0.2011911885202194,0.0
1.9857685092546271,0.0,0.0,0.0,0.0,0.23534630781346833,0.0
1.9910080040020008,0.0,0.0,0.0,0.0,0.2695014271067173,0.0
1.9962474987493746,0.0,0.0,0.0,0.0,0.30365654639996625,0.0
2.0014869934967483,0.0,0.0,0.0,0.0,0.33781166569321525,0.0
2.006726488244122,0.0,0.0,0.0,0.0,0.3719667849864642,0.0
2.0119659829914953,0.0,0.0,0.0,0.0,0.40612190427971023,0.0
2.017205477738869,0.0,0.0,0.0,0.0,0.44027702357295917,0.0
2.0224449724862428,0.0,0.0,0.0,0.0,0.4848108429850785,0.0
2.0276844672336165,0.0,0.0,0.0,0.0,0.5644725704918406,0.0
2.0329239619809902,0.0,0.0,0.0,0.0,0.6441342979986027,0.0
2.038163456728364,0.0,0.0,0.0,0.0,0.7237960255053648,0.0
2.0434029514757377,0.0,0.0,0.0,0.0,0.803457753012127,0.0
2.0486424462231114,0.0,0.0,0.0,0.0,0.8831194805188891,0.0
2.053881940970485,0.0,0.0,0.0,0.0,0.9627812080256513,0.0
2.059121435717859,0.0,0.0,0.0,0.0,1.0424429355324134,0.0
2.0643609304652326,0.0,0.0,0.0,0.0,1.1221046630391753,0.0
2.069600425212606,0.0,0.0,0.0,0.0,1.2017663905459308,0.0
2.0748399199599796,0.0,0.0,0.0,0.0,1.2903529008192218,3.4310343308029854e-05
2.0800794147073534,0.0,0.0,0.0,0.0,1.4129181021072632,0.00019924801776475688
2.085318909454727,0.0,0.0,0.0,0.0,1.5354833033953046,0.00036418569222148396
2.090558404202101,0.0,0.0,0.0,0.0,1.658048504683346,0.000529123366678211
2.0957978989494745,0.0,0.0,0.0,0.0,1.7806137059713874,0.0006940610411349381
2.1010373936968483,0.0,0.0,0.0,0.0,1.903178907259429,0.0008589987155916651
2.106276888444222,0.0,0.0,0.0,0.0,2.02574410854747,0.001023936390048392
2.1115163831915957,0.0,0.0,0.0,0.0,2.1483093098355117,0.001188874064505119
2.1167558779389695,0.0,0.0,0.0,0.0,2.2708745111235533,0.0013538117389618463
2.1219953726863428,0.0,0.0,0.0,0.0,2.3934397124115843,0.0015187494134185592
2.1272348674337165,0.0,0.0,0.0,0.0,2.5184965140920905,0.0016512077026561126
2.13247436218109,0.0,0.0,0.0,0.0,2.6543170294680483,0.0016433550477468108
2.137713856928464,0.0,0.0,0.0,0.0,2.790137544844006,0.0016355023928375093
2.1429533516758377,0.0,0.0,0.0,0.0,2.9259580602199637,0.0016276497379282076
2.1481928464232114,0.0,0.0,0.0,0.0,3.0617785755959215,0.001619797083018906
2.153432341170585,0.0,0.0,0.0,0.0,3.197599090971879,0.0016119444281096043
2.158671835917959,0.0,0.0,0.0,0.0,3.333419606347837,0.0016040917732003028
2.1639113306653326,0.0,0.0,0.0,0.0,3.4692401217237947,0.001596239118291001
2.1691508254127063,0.0,0.0,0.0,0.0,3.6050606370997524,0.0015883864633816996
2.1743903201600796,0.0,0.0,0.0,0.0,3.7408811524756986,0.0015805338084723987
2.1796298149074533,0.0,0.0,0.0,0.0,3.873869119601809,0.0016230752117709938
2.184869309654827,0.0,0.0,0.0,0.0,3.992821175997326,0.0019153304557416812
2.190108804402201,0.0,0.0,0.0,0.0,4.111773232392843,0.002207585699712368
2.1953482991495745,0.0,0.0,0.0,0.0,4.23072528878836,0.0024998409436830554
2.2005877938969483,0.0,0.0,0.0,0.0,4.349677345183878,0.0027920961876537424
2.205827288644322,0.0,0.0,0.0,0.0,4.468629401579395,0.0030843514316244297
2.2110667833916957,0.0,0.0,0.0,0.0,4.5875814579749115,0.0033766066755951166
2.2163062781390694,0.0,0.0,0.0,0.0,4.706533514370429,0.0036688619195658035
2.221545772886443,0.0,0.0,0.0,0.0,4.825485570765946,0.003961117163536491
2.2267852676338165,0.0,0.0,0.0,0.0,4.944437627161453,0.004253372407507153
2.23202476238119,0.0,0.0,0.0,0.0,5.055291505640964,0.004636811331500465
2.237264257128564,0.0,0.0,0.0,0.0,5.119477918163788,0.005545715530200898
2.2425037518759376,0.0,0.0,0.0,0.0,5.183664330686613,0.00645461972890133
2.2477432466233114,0.0,0.0,0.0,0.0,5.247850743209437,0.007363523927601763
2.252982741370685,0.0,0.0,0.0,0.0,5.312037155732261,0.008272428126302196
2.258222236118059,0.0,0.0,0.0,0.0,5.376223568255085,0.009181332325002628
2.2634617308654326,0.0,0.0,0.0,0.0,5.440409980777909,0.010090236523703059
2.2687012256128063,0.0,0.0,0.0,0.0,5.5045963933007345,0.010999140722403492
2.27394072036018,0.0,0.0,0.0,0.0,5.568782805823559,0.011908044921103925
2.2791802151075538,0.0,0.0,0.0,0.0,5.632969218346383,0.012816949119804358
2.284419709854927,0.0,0.0,0.0,0.0,5.6890140553862505,0.013698007638204284
2.2896592046023008,0.0,0.0,0.0,0.0,5.689504612660068,0.014389060338083586
2.2948986993496745,0.0,0.0,0.0,0.0,5.689995169933885,0.015080113037962885
2.3001381940970482,0.0,0.0,0.0,0.0,5.690485727207703,0.015771165737842187
2.305377688844422,0.0,0.0,0.0,0.0,5.69097628448152,0.016462218437721488
2.3106171835917957,0.0,0.0,0.0,0.0,5.691466841755337,0.01715327113760079
2.3158566783391694,0.0,0.0,0.0,0.0,5.691957399029154,0.017844323837480087
2.321096173086543,0.0,0.0,0.0,0.0,5.6924479563029715,0.01853537653735939
2.326335667833917,0.0,0.0,0.0,0.0,5.692938513576789,0.01922642923723869
2.3315751625812906,0.0,0.0,0.0,0.0,5.693429070850606,0.01991748193711799
2.336814657328664,0.0,0.0,0.0,6.138914389592419e-06,5.689411179001502,0.020559668069133917
2.3420541520760376,0.0,0.0,0.0,6.310232930698952e-05,5.648067522320759,0.02079728447651394
2.3472936468234114,0.0,0.0,0.0,0.00012006574422438661,5.606723865640017,0.021034900883893964
2.352533141570785,0.0,0.0,0.0,0.00017702915914178372,5.565380208959274,0.021272517291273985
2.357772636318159,0.0,0.0,0.0,0.0002339925740591808,5.524036552278531,0.021510133698654007
2.3630121310655325,0.0,0.0,0.0,0.0002909559889765779,5.482692895597789,0.021747750106034032
2.3682516258129063,0.0,0.0,0.0,0.000347919403893975,5.441349238917046,0.021985366513414054
2.37349112056028,0.0,0.0,0.0,0.00040488281881137213,5.400005582236303,0.02222298292079408
2.3787306153076537,0.0,0.0,0.0,0.0004618462337287692,5.358661925555561,0.0224605993281741
2.3839701100550275,0.0,0.0,0.0,0.0005188096486461663,5.317318268874818,0.022698215735554125
2.3892096048024007,0.0,0.0,0.0,0.0005657794819991114,5.273713049290578,0.023285108366530867
2.3944490995497745,0.0,0.0,0.0,0.0005088160670817144,5.206587575509906,0.027504473722917117
2.399688594297148,0.0,0.0,0.0,0.0004518526521643172,5.139462101729235,0.031723839079303366
2.404928089044522,0.0,0.0,0.0,0.00039488923724692013,5.072336627948563,0.035943204435689616
2.4101675837918957,0.0,0.0,0.0,0.00033792582232952304,5.005211154167892,0.04016256979207587
2.4154070785392694,0.0,0.0,0.0,0.00028096240741212595,4.93808568038722,0.044381935148462115
2.420646573286643,0.0,0.0,0.0,0.00022399899249472886,4.870960206606549,0.04860130050484837
2.425886068034017,0.0,0.0,0.0,0.00016703557757733172,4.8038347328258775,0.052820665861234614
2.4311255627813906,0.0,0.0,0.0,0.00011007216265993463,4.736709259045206,0.057040031217620864
2.4363650575287643,0.0,0.0,0.0,5.3108747742537546e-05,4.6695837852645345,0.06125939657400711
2.4416045522761376,0.0,9.038767747238707e-06,0.0,0.0,4.6017335929621215,0.06558466022918581
2.4468440470235113,0.0,0.0001426116689011101,0.0,0.0,4.523898389915604,0.07136896711217947
2.452083541770885,0.0,0.0002761845700549815,0.0,0.0,4.446063186869086,0.07715327399517313
2.457323036518259,0.0,0.0004097574712088529,0.0,0.0,4.368227983822569,0.08293758087816679
2.4625625312656325,0.0,0.0005433303723627243,0.0,0.0,4.290392780776052,0.08872188776116045
2.4678020260130062,0.0,0.0006769032735165956,0.0,0.0,4.212557577729534,0.0945061946441541
2.47304152076038,0.0,0.0008104761746704671,0.0,0.0,4.134722374683017,0.10029050152714777
2.4782810155077537,0.0,0.0009440490758243384,0.0,0.0,4.056887171636499,0.10607480841014144
2.4835205102551274,0.0,0.0010776219769782099,0.0,0.0,3.9790519685899817,0.1118591152931351
2.488760005002501,0.0,0.0012111948781320812,0.0,0.0,3.9012167655434644,0.11764342217612875
2.493999499749875,0.0,0.0013884811171152478,0.0,2.3873612154903214e-06,3.8237309909325616,0.12343784499492308
2.499238994497248,0.0,0.0024400341126840737,0.0,5.2521946740774326e-05,3.7532337850339554,0.1294345865297302
2.504478489244622,0.0,0.003491587108252988,0.0,0.00010265653226606258,3.6827365791353426,0.1354313280645378
2.5097179839919956,0.0,0.004543140103821903,0.0,0.00015279111779135083,3.61223937323673,0.14142806959934542
2.5149574787393694,0.0,0.005594693099390817,0.0,0.00020292570331663907,3.5417421673381178,0.14742481113415307
2.520196973486743,0.0,0.0066462460949597325,0.0,0.0002530602888419273,3.4712449614395053,0.15342155266896068
2.525436468234117,0.0,0.007697799090528647,0.0,0.0003031948743672156,3.400747755540893,0.1594182942037683
2.5306759629814906,0.0,0.008749352086097562,0.0,0.00035332945989250384,3.3302505496422805,0.1654150357385759
2.5359154577288643,0.0,0.009800905081666478,0.0,0.00040346404541779206,3.259753343743668,0.17141177727338353
2.541154952476238,0.0,0.010852458077235392,0.0,0.0004535986309430803,3.1892561378450557,0.17740851880819117
2.5463944472236117,0.0,0.011972898274143556,0.0,0.0005049495367451182,3.1190327736335814,0.1834602499887054
2.551633941970985,0.0,0.015523177936467705,0.0,0.0005992033759451472,3.058468552568413,0.19145161594504853
2.5568734367183588,0.0,0.019073457598792153,0.0,0.0006934572151451842,2.9979043315032396,0.19944298190139237
2.5621129314657325,0.0,0.022623737261116602,0.0,0.000787711054345221,2.9373401104380665,0.20743434785773618
2.567352426213106,0.0,0.02617401692344105,0.0,0.000881964893545258,2.8767758893728934,0.21542571381408002
2.57259192096048,0.0,0.0297242965857655,0.0,0.000976218732745295,2.8162116683077203,0.22341707977042383
2.5778314157078537,0.0,0.03327457624808995,0.0,0.001070472571945332,2.7556474472425467,0.23140844572676766
2.5830709104552274,0.0,0.0368248559104144,0.0,0.0011647264111453689,2.6950832261773736,0.23939981168311147
2.588310405202601,0.0,0.04037513557273885,0.0,0.0012589802503454057,2.6345190051122005,0.24739117763945528
2.593549899949975,0.0,0.0439254152350633,0.0,0.0013532340895454427,2.573954784047027,0.25538254359579915
2.5987893946973486,0.0,0.0475086915597531,0.0,0.0014484751172098344,2.5134521845351636,0.26337626845665113
2.604028889444722,0.0,0.05544752731666483,0.0,0.001674025022168931,2.4610836300601795,0.2716813687125823
2.6092683841920956,0.0,0.06338636307357723,0.0,0.0018995749271280464,2.408715075585191,0.2799864689685142
2.6145078789394693,0.0,0.07132519883048964,0.0,0.002125124832087162,2.3563465211102024,0.2882915692244461
2.619747373686843,0.0,0.07926403458740205,0.0,0.002350674737046278,2.303977966635214,0.29659666948037794
2.624986868434217,0.0,0.08720287034431445,0.0,0.0025762246420053935,2.2516094121602253,0.30490176973630984
2.6302263631815905,0.0,0.09514170610122685,0.0,0.0028017745469645088,2.1992408576852367,0.31320686999224173
2.6354658579289643,0.0,0.10308054185813925,0.0,0.0030273244519236245,2.146872303210248,0.32151197024817363
2.640705352676338,0.0,0.11101937761505168,0.0,0.0032528743568827397,2.0945037487352596,0.32981707050410547
2.6459448474237117,0.0,0.11895821337196408,0.0,0.0034784242618418554,2.042135194260271,0.33812217076003737
2.6511843421710855,0.0,0.12689704912887648,0.0,0.003703974166800971,1.9897666397852825,0.34642727101596926
2.6564238369184587,0.0,0.14716117176555732,0.0,0.0036927522758881753,1.9492272460630822,0.3611833099301451
2.6616633316658325,0.0,0.16758170667228822,0.0,0.0036785256667536442,1.908837968594087,0.37602121354810725
2.666902826413206,0.0,0.1880022415790191,0.0,0.0036642990576191132,1.8684486911250917,0.3908591171660694
2.67214232116058,0.0,0.20842277648575,0.0,0.0036500724484845822,1.8280594136560964,0.4056970207840316
2.6773818159079537,0.0,0.2288433113924809,0.0,0.003635845839350051,1.787670136187101,0.42053492440199375
2.6826213106553274,0.0,0.2492638462992118,0.0,0.00362161923021552,1.7472808587181057,0.4353728280199559
2.687860805402701,0.0,0.26968438120594274,0.0,0.003607392621080989,1.7068915812491103,0.4502107316379181
2.693100300150075,0.0,0.2901049161126736,0.0,0.0035931660119464573,1.666502303780115,0.46504863525588025
2.6983397948974486,0.0,0.3105254510194045,0.0,0.0035789394028119263,1.6261130263111196,0.47988653887384236
2.7035792896448223,0.0,0.3309459859261354,0.0,0.0035647127936773953,1.5857237488421243,0.4947244424918046
2.708818784392196,1.9277695833372034e-05,0.3647818504923758,0.0,0.004254933235139488,1.5557518217414836,0.505938440053445
2.7140582791395693,3.9204640490146034e-05,0.39906952667927037,0.0,0.0049688785772692805,1.5261307380470335,0.5170303889655192
2.719297773886943,5.9131585146921714e-05,0.4333572028661678,0.0,0.005682823919399132,1.4965096543525809,0.5281223378775944
2.7245372686343168,7.90585298036974e-05,0.46764487905306523,0.0,0.006396769261528984,1.4668885706581283,0.5392142867896697
2.7297767633816905,9.89854744604731e-05,0.5019325552399627,0.0,0.007110714603658837,1.4372674869636757,0.5503062357017449
2.7350162581290642,0.00011891241911724878,0.5362202314268601,0.0,0.00782465994578869,1.407646403269223,0.5613981846138201
2.740255752876438,0.00013883936377402447,0.5705079076137576,0.0,0.008538605287918541,1.3780253195747705,0.5724901335258953
2.7454952476238117,0.00015876630843080015,0.604795583800655,0.0,0.009252550630048394,1.3484042358803179,0.5835820824379705
2.7507347423711854,0.00017869325308757583,0.6390832599875524,0.0,0.009966495972178246,1.3187831521858653,0.5946740313500456
2.755974237118559,0.0001986201977443515,0.6733709361744499,0.0,0.010680441314308097,1.2891620684914127,0.6057659802621208
2.761213731865933,0.0002535070201280276,0.7147072442731558,0.0,0.011539221971523501,1.2632907584070967,0.6204347217715314
2.766453226613306,0.00031033605794096933,0.756435143033625,0.0,0.012406049035132462,1.237627769078901,0.6353021739807925
2.77169272136068,0.0003671650957539159,0.7981630417940977,0.0,0.013272876098741499,1.2119647797507036,0.6501696261900548
2.7769322161080536,0.00042399413356686245,0.8398909405545705,0.0,0.014139703162350534,1.186301790422506,0.6650370783993171
2.7821717108554274,0.000480823171379809,0.8816188393150431,0.0,0.01500653022595957,1.1606388010943083,0.6799045306085795
2.787411205602801,0.0005376522091927556,0.9233467380755158,0.0,0.015873357289568603,1.1349758117661106,0.6947719828178418
2.792650700350175,0.0005944812470057022,0.9650746368359886,0.0,0.01674018435317764,1.109312822437913,0.709639435027104
2.7978901950975485,0.0006513102848186488,1.0068025355964614,0.0,0.017607011416786677,1.0836498331097153,0.7245068872363664
2.8031296898449223,0.0007081393226315953,1.048530434356934,0.0,0.018473838480395712,1.0579868437815176,0.7393743394456287
2.808369184592296,0.0007649683604445419,1.0902583331174067,0.0,0.019340665544004747,1.03232385445332,0.754241791654891
2.8136086793396697,0.0008693947011978341,1.1375043344629636,0.0,0.020148371317841834,1.0158895487868438,0.7702227434100031
2.818848174087043,0.0009775516413707656,1.185182835740861,0.0,0.020951443260858887,1.0001785723803416,0.7862909694538426
2.8240876688344168,0.0010857085815437065,1.2328613370187624,0.0,0.02175451520387601,0.9844675959738381,0.8023591954976834
2.8293271635817905,0.0011938655217166474,1.2805398382966637,0.0,0.022557587146893134,0.9687566195673346,0.8184274215415243
2.834566658329164,0.0013020224618895881,1.328218339574565,0.0,0.023360659089910255,0.9530456431608311,0.8344956475853651
2.839806153076538,0.0014101794020625292,1.3758968408524666,0.0,0.024163731032927377,0.9373346667543275,0.8505638736292059
2.8450456478239117,0.00151833634223547,1.4235753421303678,0.0,0.024966802975944502,0.921623690347824,0.8666320996730468
2.8502851425712854,0.0016264932824084108,1.4712538434082691,0.0,0.02576987491896162,0.9059127139413206,0.8827003257168875
2.855524637318659,0.0017346502225813517,1.5189323446861707,0.0,0.026572946861978745,0.890201737534817,0.8987685517607283
2.860764132066033,0.0018428071627542924,1.566610845964072,0.0,0.027376018804995867,0.8744907611283135,0.9148367778045692
2.8660036268134066,0.002364524584363732,1.6200790494772401,0.00012614491274572017,0.029306921573223184,0.8614180573525115,0.9319709735755692
2.87124312156078,0.0029285119999321245,1.6741390181359974,0.0002651830900538429,0.03135309986778402,0.8486150112765339,0.9492141220534874
2.8764826163081536,0.003492499415500565,1.7281989867947591,0.00040422126736197746,0.03339927816234504,0.8358119652005552,0.9664572705314071
2.8817221110555273,0.004056486831069005,1.782258955453521,0.000543259444670112,0.03544545645690605,0.8230089191245765,0.9837004190093268
2.886961605802901,0.004620474246637445,1.8363189241122828,0.0006822976219782466,0.037491634751467065,0.8102058730485978,1.0009435674872464
2.892201100550275,0.005184461662205885,1.8903788927710448,0.0008213357992863811,0.039537813046028075,0.7974028269726192,1.018186715965166
2.8974405952976485,0.005748449077774325,1.9444388614298065,0.0009603739765945157,0.041583991340589085,0.7845997808966405,1.0354298644430857
2.9026800900450223,0.006312436493342765,1.9984988300885684,0.0010994121539026503,0.0436301696351501,0.7717967348206618,1.0526730129210053
2.907919584792396,0.006876423908911206,2.0525587987473304,0.0012384503312107848,0.04567634792971111,0.7589936887446831,1.069916161398925
2.9131590795397697,0.0074404113244796455,2.106618767406092,0.0013774885085189193,0.04772252622427213,0.7461906426687044,1.0871593098768448
2.9183985742871434,0.007999715094952621,2.1520747903769784,0.00138884163580876,0.050131440925409915,0.735023901247051,1.0969620007944738
2.923638069034517,0.008558423486811764,2.196437091438389,0.0013839636126725464,0.05258646618670576,0.7240651646543371,1.1058188708357948
2.9288775637818905,0.00911713187867086,2.2407993924997958,0.0013790855895363331,0.0550414914480014,0.7131064280616242,1.114675740877115
2.934117058529264,0.009675840270530003,2.2851616935612062,0.0013742075664001194,0.05749651670929725,0.7021476914689104,1.123532610918436
2.939356553276638,0.010234548662389147,2.3295239946226167,0.0013693295432639055,0.0599515419705931,0.6911889548761966,1.132389480959757
2.9445960480240116,0.01079325705424829,2.3738862956840276,0.0013644515201276918,0.06240656723188895,0.6802302182834827,1.141246351001078
2.9498355427713854,0.011351965446107434,2.418248596745438,0.0013595734969914781,0.0648615924931848,0.6692714816907689,1.150103221042399
2.955075037518759,0.011910673837966578,2.4626108978068486,0.0013546954738552644,0.06731661775448064,0.658312745098055,1.1589600910837201
2.960314532266133,0.01246938222982572,2.506973198868259,0.0013498174507190507,0.0697716430157765,0.6473540085053413,1.167816961125041
2.9655540270135066,0.013028090621684864,2.5513354999296696,0.001344939427582837,0.07222666827707235,0.6363952719126275,1.176673831166362
2.9707935217608803,0.015007953954783059,2.583587241750552,0.0013402801712475373,0.0770377806187815,0.6287782234023456,1.1893790060068818
2.976033016508254,0.017205508651712595,2.613983897907424,0.0013356544254337647,0.08220979647280818,0.6216730519682743,1.2026736610623079
2.9812725112556273,0.019403063348641943,2.6443805540642935,0.0013310286796199928,0.08738181232683442,0.6145678805342036,1.2159683161177328
2.986512006003001,0.02160061804557148,2.674777210221165,0.0013264029338062205,0.0925538281808611,0.6074627091001323,1.2292629711731586
2.9917515007503748,0.023798172742501015,2.705173866378037,0.0013217771879924479,0.09772584403488778,0.600357537666061,1.2425576262285847
2.9969909954977485,0.02599572743943055,2.7355705225349087,0.0013171514421786755,0.10289785988891445,0.5932523662319897,1.2558522812840105
3.0022304902451222,0.028193282136360086,2.7659671786917808,0.0013125256963649032,0.10806987574294113,0.5861471947979184,1.2691469363394365
3.007469984992496,0.030390836833289622,2.7963638348486524,0.0013078999505511308,0.11324189159696782,0.579042023363847,1.2824415913948626
3.0127094797398697,0.032588391530219155,2.8267604910055244,0.0013032742047373582,0.11841390745099449,0.5719368519297757,1.2957362464502884
3.0179489744872434,0.03478594622714869,2.857157147162396,0.0012986484589235859,0.12358592330502116,0.5648316804957044,1.3090309015057144
3.023188469234617,0.038610471059057946,2.8814669566746733,0.0018242798004446635,0.1290411776437382,0.5596000415297971,1.3230441887589837
3.028427963981991,0.04272862067864106,2.9046782524433996,0.0024456084269581283,0.1345475489870887,0.5547065252874342,1.337187169988787
3.033667458729364,0.046846770298223823,2.927889548212124,0.00306693705347154,0.14005392033043873,0.5498130090450718,1.351330151218589
3.038906953476738,0.05096491991780694,2.9511008439808504,0.0036882656799850045,0.14556029167378923,0.5449194928027089,1.3654731324483922
3.0441464482241116,0.055083069537390054,2.9743121397495766,0.004309594306498469,0.15106666301713972,0.540025976560346,1.3796161136781955
3.0493859429714854,0.05920121915697317,2.997523435518303,0.004930922933011934,0.15657303436049022,0.5351324603179831,1.3937590949079985
3.054625437718859,0.06331936877655628,3.020734731287029,0.0055522515595253985,0.16207940570384072,0.5302389440756202,1.4079020761378018
3.059864932466233,0.0674375183961394,3.043946027055756,0.006173580186038864,0.16758577704719121,0.5253454278332573,1.4220450573676051
3.0651044272136065,0.07155566801572252,3.067157322824482,0.006794908812552328,0.1730921483905417,0.5204519115908944,1.4361880385974084
3.0703439219609803,0.07567381763530563,3.0903686185932084,0.007416237439065792,0.1785985197338922,0.5155583953485315,1.4503310198272115
3.075583416708354,0.08160345554955785,3.104316341960266,0.0074029340435918245,0.18550365618489764,0.5110576178460383,1.456459402200599
3.0808229114557277,0.08791185919815009,3.1163271365524294,0.007256934861702259,0.19270126170386737,0.5066389584436997,1.4609120048130988
3.086062406203101,0.09422026284674179,3.1283379311445914,0.007110935679812705,0.1998988672228365,0.5022202990413615,1.4653646074255984
3.0913019009504747,0.10052866649533404,3.140348725736754,0.006964936497923139,0.20709647274180623,0.4978016396390228,1.4698172100380982
3.0965413956978485,0.10683707014392628,3.1523595203289174,0.006818937316033573,0.21429407826077598,0.49338298023668414,1.474269812650598
3.101780890445222,0.11314547379251852,3.1643703149210802,0.006672938134144007,0.2214916837797457,0.48896432083434554,1.478722415263098
3.107020385192596,0.11945387744111076,3.176381109513243,0.0065269389522544415,0.22868928929871546,0.4845456614320069,1.4831750178755978
3.1122598799399697,0.125762281089703,3.1883919041054063,0.006380939770364876,0.23588689481768518,0.48012700202966824,1.4876276204880978
3.1174993746873434,0.13207068473829525,3.200402698697569,0.00623494058847531,0.2430845003366549,0.47570834262732964,1.4920802231005976
3.122738869434717,0.13837908838688748,3.2124134932897324,0.006088941406585745,0.25028210585562466,0.471289683224991,1.4965328257130974
3.127978364182091,0.1477410523284311,3.209133613297551,0.00698902862870474,0.2591710742461574,0.46779578049899695,1.5041157947929653
3.1332178589294646,0.1578332154704631,3.2021972676438955,0.008139266947434488,0.2684644989755421,0.4645230152390854,1.5124473297672036
3.1384573536768383,0.16792537861249512,3.1952609219902404,0.009289505266164236,0.27775792370492686,0.4612502499791738,1.520778864741442
3.1436968484242116,0.1780175417545263,3.1883245763365857,0.010439743584893888,0.2870513484343108,0.4579774847192625,1.5291103997156796
3.1489363431715853,0.18810970489655832,3.1813882306829306,0.011589981903623637,0.29634477316369556,0.45470471945935087,1.537441934689918
3.154175837918959,0.19820186803859033,3.1744518850292756,0.012740220222353386,0.30563819789308033,0.4514319541994393,1.5457734696641563
3.159415332666333,0.20829403118062234,3.1675155393756205,0.013890458541083135,0.31493162262246505,0.4481591889395277,1.5541050046383946
3.1646548274137065,0.21838619432265438,3.160579193721965,0.01504069685981288,0.3242250473518498,0.4448864236796161,1.562436539612633
3.1698943221610802,0.22847835746468637,3.15364284806831,0.01619093517854263,0.33351847208123453,0.4416136584197045,1.5707680745868713
3.175133816908454,0.2385705206067184,3.1467065024146548,0.017341173497272377,0.3428118968106193,0.43834089315979297,1.5790996095611096
3.1803733116558277,0.25214432367559125,3.1383897543305648,0.01959120136494916,0.35272725968098995,0.43520588054199544,1.583906202611092
3.1856128064032014,0.26666060889026477,3.1296993304293186,0.02213894296402874,0.3628109816022644,0.43210815765215876,1.5877585916369923
3.190852301150575,0.28117689410493824,3.121008906528073,0.02468668456310832,0.3728947035235388,0.4290104347623221,1.5916109806628929
3.1960917958979485,0.29569317931961053,3.1123184826268275,0.027234426162187686,0.38297842544481236,0.4259127118724857,1.595463369688793
3.201331290645322,0.310209464534284,3.103628058725582,0.029782167761267263,0.3930621473660868,0.422814988982649,1.5993157587146936
3.206570785392696,0.3247257497489575,3.094937634824336,0.03232990936034685,0.40314586928736124,0.41971726609281235,1.603168147740594
3.2118102801400696,0.33924203496363103,3.08624721092309,0.03487765095942642,0.41322959120863567,0.4166195432029757,1.6070205367664945
3.2170497748874434,0.3537583201783045,3.077556787021844,0.03742539255850601,0.4233133131299101,0.413521820313139,1.610872925792395
3.222289269634817,0.368274605392978,3.068866363120598,0.039973134157585584,0.43339703505118454,0.4104240974233023,1.6147253148182954
3.227528764382191,0.3827908906076515,3.060175939219352,0.04252087575666516,0.443480756972459,0.40732637453346565,1.618577703844196
3.2327682591295646,0.3992005178350355,3.0436939080143874,0.044355296388185375,0.45440290073686773,0.4054910570504105,1.6214103821621333
3.2380077538769383,0.41618557253687083,3.024843839295547,0.04597292339231007,0.4655798589830134,0.40403941179882824,1.6239331484021604
3.243247248624312,0.4331706272387061,3.0059937705767066,0.047590550396434776,0.4767568172291591,0.40258776654724593,1.6264559146421875
3.2484867433716853,0.45015568194053995,2.9871437018578675,0.04920817740055934,0.4879337754753038,0.4011361212956638,1.6289786808822144
3.253726238119059,0.46714073664237526,2.968293633139027,0.05082580440468404,0.4991107337214495,0.3996844760440815,1.6315014471222413
3.2589657328664328,0.4841257913442105,2.9494435644201866,0.05244343140880874,0.5102876919675952,0.3982328307924992,1.6340242133622684
3.2642052276138065,0.5011108460460458,2.930593495701346,0.05406105841293344,0.5214646502137409,0.39678118554091696,1.6365469796022956
3.2694447223611802,0.5180959007478811,2.9117434269825058,0.055678685417058144,0.5326416084598865,0.3953295402893347,1.6390697458423227
3.274684217108554,0.5350809554497165,2.8928933582636653,0.05729631242118284,0.5438185667060322,0.3938778950377524,1.6415925120823496
3.2799237118559277,0.5520660101515517,2.874043289544825,0.058913939425307545,0.5549955249521779,0.39242624978617013,1.6441152783223767
3.2851632066033014,0.5743682968232044,2.8542574115659027,0.05989918314737083,0.5675783886042622,0.39116931156895424,1.647061762010426
3.290402701350675,0.5984727325852991,2.834154363334403,0.06067009562282936,0.5806377503972858,0.3899783646620438,1.6501518546322012
3.295642196098049,0.6225771683473937,2.8140513151029025,0.06144100809828788,0.5936971121903093,0.38878741775513326,1.653241947253976
3.300881690845422,0.6466816041094864,2.7939482668714044,0.06221192057374634,0.6067564739833317,0.3875964708482229,1.656332039875751
3.306121185592796,0.670786039871581,2.773845218639904,0.06298283304920486,0.6198158357763551,0.3864055239413124,1.659422132497526
3.3113606803401696,0.6948904756336757,2.753742170408404,0.06375374552466338,0.6328751975693786,0.38521457703440193,1.662512225119301
3.3166001750875433,0.7189949113957703,2.733639122176904,0.0645246580001219,0.6459345593624022,0.3840236301274914,1.6656023177410761
3.321839669834917,0.7430993471578651,2.713536073945404,0.06529557047558043,0.6589939211554257,0.38283268322058095,1.668692410362851
3.327079164582291,0.7672037829199596,2.6934330257139036,0.06606648295103895,0.6720532829484491,0.3816417363136705,1.6717825029846263
3.3323186593296645,0.7913082186820544,2.6733299774824038,0.06683739542649747,0.6851126447414726,0.38045078940675997,1.6748725956064012
3.3375581540770383,0.8160520089110391,2.6517092497944033,0.06891855554495394,0.6966413520500928,0.37990951636358944,1.6785233910330717
3.342797648824412,0.8410361082327515,2.6295180839658565,0.07149218805336484,0.7075947443973337,0.379612431082997,1.6823849333760648
3.3480371435717857,0.866020207554464,2.6073269181373093,0.07406582056177573,0.7185481367445746,0.3793153458024046,1.686246475719058
3.3532766383191595,0.8910043068761764,2.5851357523087626,0.07663945307018662,0.7295015290918155,0.3790182605218122,1.6901080180620511
3.3585161330665327,0.9159884061978867,2.5629445864802176,0.0792130855785973,0.7404549214390556,0.3787211752412198,1.693969560405044
3.3637556278139065,0.9409725055195992,2.5407534206516704,0.08178671808700819,0.7514083137862965,0.3784240899606274,1.697831102748037
3.36899512256128,0.9659566048413115,2.5185622548231237,0.08436035059541908,0.7623617061335374,0.37812700468003496,1.7016926450910304
3.374234617308654,0.990940704163024,2.4963710889945765,0.08693398310382998,0.7733150984807783,0.37782991939944255,1.7055541874340234
3.3794741120560277,1.0159248034847363,2.4741799231660297,0.08950761561224087,0.7842684908280192,0.3775328341188501,1.7094157297770165
3.3847136068034014,1.0409089028064489,2.4519887573374826,0.09208124812065177,0.7952218831752601,0.37723574883825767,1.7132772721200098
3.389953101550775,1.0668867841053398,2.430734813636828,0.09447189145041653,0.8089861955396976,0.37638465990365483,1.7130853497123766
3.395192596298149,1.093276979203273,2.409869717414767,0.09678661373797702,0.8239167406772276,0.3753037183891965,1.7112116706528875
3.4004320910455226,1.1196671743012063,2.389004621192706,0.09910133602553753,0.8388472858147576,0.37422277687473826,1.7093379915933984
3.4056715857928963,1.1460573693991396,2.368139524970645,0.10141605831309802,0.8537778309522877,0.37314183536027995,1.707464312533909
3.4109110805402696,1.1724475644970704,2.347274428748586,0.10373078060065832,0.8687083760898163,0.37206089384582175,1.7055906334744202
3.4161505752876433,1.1988377595950037,2.326409332526525,0.10604550288821882,0.8836389212273463,0.37097995233136344,1.703716954414931
3.421390070035017,1.225227954692937,2.305544236304464,0.10836022517577933,0.8985694663648763,0.3698990108169051,1.7018432753554418
3.426629564782391,1.2516181497908703,2.284679140082403,0.11067494746333982,0.9135000115024063,0.3688180693024468,1.6999695962959527
3.4318690595297645,1.2780083448888033,2.263814043860342,0.11298966975090032,0.9284305566399363,0.3677371277879885,1.6980959172364636
3.4371085542771382,1.3043985399867366,2.242948947638281,0.11530439203846082,0.9433611017774663,0.36665618627353025,1.6962222381769743
3.442348049024512,1.3319772141228223,2.223050618592639,0.11865193961076605,0.9576548231535658,0.3665667639268376,1.6937630522313043
3.4475875437718857,1.3600980776011309,2.203593332966897,0.12247066660129427,0.9716580227406914,0.3669296769668995,1.691036755479895
3.4528270385192594,1.3882189410794394,2.1841360473411546,0.12628939359182248,0.9856612223278169,0.36729259000696135,1.6883104587284856
3.458066533266633,1.416339804557748,2.1646787617154124,0.13010812058235072,0.9996644219149425,0.36765550304702327,1.6855841619770762
3.4633060280140064,1.4444606680360543,2.1452214760896715,0.1339268475728786,1.013667621502067,0.3680184160870851,1.682857865225667
3.46854552276138,1.4725815315143629,2.1257641904639293,0.13774557456340683,1.0276708210891925,0.36838132912714694,1.6801315684742575
3.473785017508754,1.5007023949926714,2.1063069048381866,0.14156430155393504,1.041674020676318,0.3687442421672088,1.677405271722848
3.4790245122561276,1.52882325847098,2.0868496192124444,0.14538302854446325,1.0556772202634437,0.36910715520727067,1.6746789749714386
3.4842640070035014,1.5569441219492886,2.067392333586702,0.1492017555349915,1.0696804198505692,0.36947006824733253,1.6719526782200291
3.489503501750875,1.585064985427597,2.04793504796096,0.1530204825255197,1.0836836194376949,0.36983298128739445,1.66922638146862
3.494742996498249,1.6110643643598088,2.0289549355243217,0.16044597776837569,1.0953499578083248,0.370762927509915,1.6669731263602847
3.4999824912456226,1.636003001018972,2.0102134096822364,0.16967485713739602,1.1058478655707065,0.3719763903236651,1.6649563920734867
3.5052219859929963,1.660941637678135,1.9914718838401508,0.17890373650641636,1.1163457733330882,0.37318985313741515,1.6629396577866886
3.51046148074037,1.685880274337298,1.9727303579980653,0.1881326158754367,1.12684368109547,0.3744033159511652,1.6609229234998906
3.5157009754877433,1.710818910996459,1.9539888321559813,0.19736149524445623,1.1373415888578509,0.37561677876491517,1.6589061892130927
3.520940470235117,1.7357575476556222,1.9352473063138957,0.20659037461347657,1.1478394966202325,0.37683024157866524,1.656889454926295
3.5261799649824908,1.7606961843147853,1.9165057804718102,0.2158192539824969,1.1583374043826145,0.3780437043924153,1.6548727206394969
3.5314194597298645,1.7856348209739483,1.8977642546297246,0.22504813335151724,1.1688353121449961,0.3792571672061653,1.6528559863526988
3.536658954477238,1.8105734576331114,1.879022728787639,0.23427701272053758,1.179333219907378,0.3804706300199154,1.6508392520659008
3.541898449224612,1.8355120942922745,1.8602812029455535,0.24350589208955792,1.1898311276697597,0.38168409283366544,1.6488225177791027
3.5471379439719857,1.8575874706086486,1.8408985204216293,0.24966974662815816,1.205674906636116,0.3818442331197835,1.6478234850966502
3.5523774387193594,1.8780980418539632,1.8211654383157694,0.2541585294571095,1.224440266376739,0.3814287203966141,1.6473806381747123
3.557616933466733,1.8986086130992779,1.8014323562099095,0.25864731228606086,1.2432056261173619,0.38101320767344465,1.6469377912527743
3.562856428214107,1.9191191843445925,1.7816992741040498,0.2631360951150122,1.2619709858579846,0.38059769495027523,1.6464949443308363
3.56809592296148,1.9396297555899054,1.7619661919981915,0.2676248779439631,1.280736345598606,0.3801821822271058,1.6460520974088984
3.573335417708854,1.96014032683522,1.7422331098923318,0.27211366077291443,1.2995017053392288,0.3797666695039364,1.6456092504869604
3.5785749124562276,1.9806508980805346,1.722500027786472,0.2766024436018658,1.3182670650798518,0.3793511567807669,1.6451664035650224
3.5838144072036013,2.001161469325849,1.702766945680612,0.28109122643081713,1.3370324248204746,0.3789356440575975,1.6447235566430845
3.589053901950975,2.021672040571164,1.6830338635747524,0.28558000925976845,1.3557977845610976,0.3785201313344281,1.6442807097211465
3.594293396698349,2.0421826118164783,1.6633007814688925,0.2900687920887198,1.3745631443017203,0.37810461861125866,1.6438378627992087
3.5995328914457225,2.0598663563799904,1.6472266516363576,0.2984459837847086,1.387149198594653,0.3783901340904838,1.6448421779868037
3.6047723861930963,2.075865312241148,1.6333332573587247,0.3091406671654524,1.396052386840761,0.37909346237833613,1.6467090017916806
3.61001188094047,2.091864268102305,1.619439863081092,0.31983535054619616,1.4049555750868694,0.37979679066618854,1.6485758255965575
3.6152513756878437,2.1078632239634625,1.6055464688034593,0.3305300339269399,1.4138587633329776,0.3805001189540409,1.6504426494014344
3.6204908704352174,2.1238621798246196,1.5916530745258264,0.34122471730768367,1.422761951579086,0.38120344724189326,1.6523094732063113
3.6257303651825907,2.1398611356857757,1.5777596802481948,0.35191940068842653,1.4316651398251934,0.3819067755297456,1.654176297011188
3.6309698599299645,2.155860091546933,1.563866285970562,0.3626140840691703,1.4405683280713015,0.38261010381759797,1.6560431208160649
3.636209354677338,2.1718590474080903,1.5499728916929294,0.37330876744991404,1.4494715163174097,0.3833134321054504,1.6579099446209418
3.641448849424712,2.1878580032692474,1.5360794974152965,0.3840034508306578,1.458374704563518,0.38401676039330274,1.6597767684258184
3.6466883441720856,2.203856959130405,1.5221861031376638,0.3946981342114016,1.4672778928096262,0.38472008868115515,1.6616435922306954
3.6519278389194594,2.2175502328822905,1.5080375080939987,0.4019368223285396,1.4763613084373703,0.38525506412189187,1.6584873886017206
3.657167333666833,2.2297476715467566,1.4937233489169983,0.4069333978159828,1.485561648440804,0.38568081891388,1.6520724440342551
3.662406828414207,2.2419451102112222,1.4794091897399981,0.41192997330342607,1.4947619884442378,0.38610657370586815,1.6456574994667894
3.6676463231615806,2.254142548875688,1.465095030562998,0.41692654879086927,1.5039623284476713,0.3865323284978563,1.639242554899324
3.6728858179089543,2.2663399875401535,1.4507808713859978,0.42192312427831247,1.513162668451105,0.38695808328984443,1.6328276103318584
3.6781253126563276,2.278537426204618,1.4364667122089987,0.4269196997657553,1.5223630084545379,0.3873838380818325,1.6264126657643934
3.6833648074037013,2.2907348648690835,1.4221525530319985,0.4319162752531985,1.5315633484579716,0.38780959287382066,1.6199977211969276
3.688604302151075,2.3029323035335496,1.407838393854998,0.4369128507406417,1.540763688461405,0.3882353476658088,1.6135827766294621
3.6938437968984488,2.3151297421980153,1.393524234677998,0.44190942622808493,1.5499640284648388,0.38866110245779695,1.6071678320619966
3.6990832916458225,2.327327180862481,1.3792100755009977,0.44690600171552813,1.5591643684682726,0.3890868572497851,1.600752887494531
3.7043227863931962,2.3369910612088574,1.3642730365062603,0.4567420199839937,1.5699117974014167,0.39059891373412353,1.5961693379387254
3.70956228114057,2.344868458125812,1.3488967873836315,0.46999046585446314,1.5817501223747414,0.39287695218101687,1.5928771566603728
3.7148017758879437,2.3527458550427665,1.3335205382610025,0.48323891172493255,1.5935884473480664,0.3951549906279102,1.5895849753820201
3.7200412706353174,2.360623251959721,1.3181442891383734,0.49648735759540197,1.6054267723213913,0.39743302907480355,1.5862927941036675
3.725280765382691,2.3685006488766756,1.3027680400157444,0.5097358034658714,1.6172650972947162,0.3997110675216969,1.583000612825315
3.7305202601300644,2.376378045793629,1.2873917908931167,0.5229842493363397,1.6291034222680403,0.40198910596859,1.5797084315469625
3.735759754877438,2.3842554427105838,1.272015541770488,0.536232695206809,1.640941747241365,0.40426714441548334,1.5764162502686099
3.740999249624812,2.3921328396275383,1.256639292647859,0.5494811410772785,1.65278007221469,0.4065451828623767,1.5731240689902573
3.7462387443721856,2.400010236544493,1.2412630435252299,0.5627295869477479,1.6646183971880149,0.40882322130927,1.5698318877119046
3.7514782391195594,2.4078876334614474,1.225886794402601,0.5759780328182174,1.6764567221613398,0.41110125975616335,1.566539706433552
3.756717733866933,2.4133692604343153,1.2127606689843191,0.5860827329007599,1.6842213217948252,0.412914741432942,1.5617409840370349
3.761957228614307,2.417016957317239,1.201356983392817,0.5937809373137822,1.6888675387566623,0.41437261106888046,1.5557890244128958
3.7671967233616805,2.4206646542001633,1.1899532978013148,0.6014791417268045,1.6935137557184994,0.41583048070481893,1.5498370647887567
3.7724362181090543,2.4243123510830875,1.1785496122098127,0.6091773461398269,1.6981599726803365,0.4172883503407574,1.5438851051646176
3.777675712856428,2.4279600479660117,1.1671459266183104,0.6168755505528492,1.7028061896421736,0.41874621997669587,1.5379331455404786
3.7829152076038013,2.4316077448489355,1.1557422410268092,0.6245737549658709,1.7074524066040102,0.4202040896126342,1.53198118591634
3.788154702351175,2.4352554417318597,1.1443385554353072,0.6322719593788931,1.712098623565847,0.4216619592485727,1.5260292262922008
3.7933941970985487,2.438903138614784,1.132934869843805,0.6399701637919154,1.7167448405276842,0.42311982888451116,1.5200772666680618
3.7986336918459225,2.442550835497708,1.1215311842523028,0.6476683682049378,1.7213910574895213,0.42457769852044963,1.5141253070439227
3.803873186593296,2.4461985323806323,1.1101274986608007,0.65536657261796,1.7260372744513583,0.4260355681563881,1.5081733474197836
3.80911268134067,2.445779196056754,1.100453317784438,0.6616995159559232,1.7329454851420876,0.42772633103936275,1.504759773739384
3.8143521760880437,2.4419831028042904,1.0922151018321133,0.666898916841658,1.7417317731948792,0.4296104594164362,1.503453759030622
3.8195916708354174,2.4381870095518265,1.0839768858797887,0.6720983177273928,1.7505180612476705,0.43149458779350974,1.50214774432186
3.824831165582791,2.434390916299363,1.075738669927464,0.6772977186131276,1.759304349300462,0.4333787161705832,1.500841729613098
3.830070660330165,2.4305948230468997,1.0675004539751394,0.6824971194988624,1.7680906373532537,0.43526284454765674,1.4995357149043362
3.8353101550775386,2.4267987297944362,1.0592622380228147,0.6876965203845972,1.776876925406045,0.4371469729247302,1.4982297001955742
3.840549649824912,2.423002636541973,1.051024022070491,0.6928959212703315,1.7856632134588357,0.4390311013018035,1.4969236854868124
3.8457891445722856,2.4192065432895093,1.0427858061181663,0.6980953221560663,1.7944495015116273,0.44091522967887703,1.4956176707780504
3.8510286393196593,2.415410450037046,1.0345475901658416,0.7032947230418011,1.8032357895644189,0.4427993580559505,1.4943116560692884
3.856268134067033,2.411614356784582,1.026309374213517,0.7084941239275359,1.8120220776172102,0.444683486433024,1.4930056413605264
3.861507628814407,2.406831605571684,1.0170239972292092,0.7185304455850647,1.8174984088272725,0.4464662704264294,1.4911690260023853
3.8667471235617805,2.401160862194395,1.0067961753161165,0.7329199959372087,1.8199957788788779,0.4481578444745335,1.4888548700598028
3.8719866183091542,2.3954901188171056,0.9965683534030239,0.7473095462893526,1.8224931489304832,0.4498494185226376,1.4865407141172202
3.877226113056528,2.3898193754398163,0.9863405314899311,0.7616990966414966,1.8249905189820885,0.4515409925707417,1.4842265581746377
3.8824656078039017,2.384148632062527,0.9761127095768384,0.7760886469936406,1.827487889033694,0.45323256661884576,1.4819124022320551
3.8877051025512754,2.3784778886852376,0.9658848876637457,0.7904781973457845,1.8299852590852994,0.45492414066694986,1.4795982462894726
3.8929445972986487,2.3728071453079487,0.9556570657506539,0.8048677476979271,1.8324826291369045,0.4566157147150538,1.4772840903468902
3.8981840920460225,2.3671364019306593,0.9454292438375611,0.8192572980500712,1.8349799991885098,0.4583072887631579,1.474969934404308
3.903423586793396,2.36146565855337,0.9352014219244684,0.833646848402215,1.8374773692401154,0.459998862811262,1.4726557784617254
3.90866308154077,2.3557949151760806,0.9249736000113757,0.848036398754359,1.8399747392917207,0.4616904368593661,1.4703416225191428
3.9139025762881436,2.347925202824862,0.9155221205481762,0.8598998602831867,1.8444472349665226,0.4637715703023983,1.466656990520529
3.9191420710355174,2.3379109514248104,0.9068277671375953,0.8692997599397697,1.8508459670164223,0.46623262058107834,1.4616358051405376
3.924381565782891,2.3278967000247595,0.8981334137270144,0.8786996595963527,1.8572446990663223,0.4686936708597583,1.4566146197605463
3.929621060530265,2.317882448624708,0.8894390603164335,0.8880995592529356,1.8636434311162222,0.47115472113843837,1.451593434380555
3.9348605552776386,2.3078681972246566,0.8807447069058526,0.8974994589095185,1.8700421631661222,0.47361577141711836,1.4465722490005635
3.9401000500250123,2.2978539458246057,0.8720503534952717,0.9068993585661015,1.876440895216022,0.4760768216957984,1.4415510636205722
3.9453395447723856,2.287839694424555,0.8633560000846916,0.9162992582226837,1.8828396272659214,0.4785378719744782,1.4365298782405813
3.9505790395197593,2.2778254430245037,0.8546616466741107,0.9256991578792666,1.8892383593158213,0.4809989222531582,1.43150869286059
3.955818534267133,2.2678111916244523,0.8459672932635298,0.9350990575358495,1.8956370913657212,0.48345997253183826,1.4264875074805987
3.9610580290145068,2.2577969402244014,0.8372729398529489,0.9444989571924325,1.902035823415621,0.48592102281051824,1.4214663221006074
3.9662975237618805,2.2503055881542866,0.8299096869578354,0.95588893970165,1.9047053464006036,0.4879584299834168,1.4174354597174128
3.9715370185092542,2.245480186407044,0.8239530093496852,0.9693818448128791,1.9034342103221407,0.48954817304969045,1.4144510726658854
3.976776513256628,2.240654784659802,0.8179963317415351,0.9828747499241083,1.902163074243678,0.4911379161159641,1.411466685614358
3.9820160080040017,2.2358293829125597,0.812039654133385,0.9963676550353374,1.900891938165215,0.49272765918223765,1.4084822985628307
3.9872555027513754,2.2310039811653173,0.8060829765252348,1.0098605601465667,1.8996208020867522,0.4943174022485113,1.405497911511303
3.992494997498749,2.226178579418075,0.8001262989170846,1.0233534652577958,1.8983496660082895,0.4959071453147849,1.4025135244597757
3.9977344922461224,2.221353177670833,0.794169621308935,1.0368463703690238,1.8970785299298267,0.4974968883810584,1.3995291374082486
4.002973986993497,2.2165277759235904,0.7882129437007843,1.050339275480254,1.8958073938513638,0.4990866314473322,1.396544750356721
4.00821348174087,2.2117023741763484,0.7822562660926347,1.063832180591482,1.894536257772901,0.5006763745136056,1.3935603633051938
4.013452976488244,2.2068769724291055,0.776299588484484,1.0773250857027123,1.893265121694438,0.5022661175798794,1.3905759762536662
4.018692471235617,2.1974130154565326,0.7707472479243261,1.0910790639012942,1.8930749180478377,0.5041540600294303,1.3874519651861537
4.023931965982991,2.1826371645968883,0.7656579384997716,1.105132012893459,1.89412255637966,0.5063834888695085,1.3841680621003356
4.029171460730365,2.167861313737242,0.7605686290752162,1.119184961885626,1.8951701947114827,0.5086129177095869,1.3808841590145169
4.034410955477738,2.1530854628775975,0.7554793196506616,1.1332379108777906,1.896217833043305,0.5108423465496651,1.3776002559286986
4.039650450225112,2.1383096120179506,0.7503900102261062,1.1472908598699576,1.8972654713751276,0.5130717753897436,1.37431635284288
4.0448899449724856,2.1235337611583063,0.7453007008015516,1.1613438088621222,1.89831310970695,0.5153012042298217,1.3710324497570616
4.05012943971986,2.1087579102986593,0.7402113913769962,1.1753967578542892,1.8993607480387726,0.5175306330699003,1.367748546671243
4.055368934467233,2.0939820594390155,0.7351220819524417,1.1894497068464538,1.9004083863705952,0.5197600619099785,1.3644646435854246
4.060608429214607,2.0792062085793686,0.7300327725278862,1.2035026558386208,1.9014560247024177,0.521989490750057,1.361180740499606
4.0658479239619805,2.0644303577197243,0.7249434631033317,1.2175556048307854,1.90250366303424,0.5242189195901351,1.3578968374137876
4.071087418709355,2.050751646978436,0.7203888479752991,1.2310584341506436,1.9028428921160971,0.5267853516788972,1.3541675845971624
4.076326913456728,2.038435115822303,0.7164980948671074,1.2438782497200493,1.902302579376368,0.5297701979134961,1.3498853975641993
4.081566408204101,2.02611858466617,0.7126073417589156,1.2566980652894548,1.9017622666366387,0.5327550441480949,1.3456032105312363
4.086805902951475,2.0138020535100347,0.7087165886507232,1.2695178808588625,1.9012219538969095,0.5357398903826944,1.3413210234982726
4.092045397698849,2.0014855223539016,0.7048258355425314,1.282337696428268,1.9006816411571803,0.5387247366172933,1.3370388364653096
4.097284892446223,1.9891689911977666,0.700935082434339,1.2951575119976757,1.9001413284174509,0.5417095828518927,1.332756649432346
4.102524387193596,1.9768524600416335,0.6970443293261472,1.3079773275670812,1.8996010156777217,0.5446944290864917,1.328474462399383
4.10776388194097,1.9645359288854984,0.6931535762179548,1.320797143136489,1.8990607029379925,0.5476792753210911,1.3241922753664193
4.113003376688344,1.9522193977293654,0.689262823109763,1.3336169587058946,1.8985203901982632,0.55066412155569,1.3199100883334562
4.118242871435718,1.93990286657323,0.6853720700015705,1.3464367742753023,1.897980077458534,0.5536489677902894,1.3156279013004926
4.123482366183091,1.9274581800179629,0.6803507048479126,1.3563108443181495,1.8950485893159603,0.5566033523940028,1.3108168184626356
4.128721860930465,1.914840860601507,0.6738063387624195,1.3622168218575748,1.8888960472483773,0.5595167033890536,1.3052932818640677
4.1339613556778385,1.9022235411850532,0.6672619726769274,1.3681227993969989,1.8827435051807953,0.5624300543841038,1.2997697452655006
4.139200850425212,1.8896062217685994,0.6607176065914354,1.374028776936423,1.8765909631132134,0.565343405379154,1.2942462086669335
4.144440345172586,1.8769889023521433,0.6541732405059423,1.3799347544758482,1.8704384210456302,0.5682567563742046,1.2887226720683655
4.149679839919959,1.8643715829356895,0.6476288744204504,1.3858407320152724,1.8642858789780483,0.5711701073692548,1.2831991354697985
4.154919334667333,1.8517542635192337,0.6410845083349572,1.3917467095546976,1.8581333369104651,0.5740834583643054,1.2776755988712305
4.160158829414707,1.8391369441027798,0.6345401422494652,1.3976526870941217,1.8519807948428832,0.5769968093593556,1.2721520622726634
4.165398324162081,1.8265196246863238,0.6279957761639721,1.403558664633547,1.8458282527753,0.5799101603544063,1.2666285256740955
4.170637818909454,1.81390230526987,0.62145141007848,1.409464642172971,1.8396757107077182,0.5828235113494565,1.2611049890755284
4.175877313656828,1.8018579062015303,0.6166064233269974,1.418965130088099,1.8333272331456476,0.5856368202727147,1.2571759408151937
4.181116808404202,1.7906516683832148,0.614247565601198,1.433724253552865,1.8266921092120136,0.5883037713502017,1.2555795699385714
4.186356303151575,1.7794454305648992,0.6118887078753986,1.4484833770176309,1.8200569852783797,0.5909707224276888,1.2539831990619494
4.191595797898949,1.7682391927465817,0.6095298501495987,1.4632425004823992,1.8134218613447444,0.5936376735051763,1.252386828185327
4.196835292646322,1.7570329549282662,0.6071709924237993,1.4780016239471652,1.8067867374111104,0.5963046245826634,1.2507904573087048
4.2020747873936966,1.7458267171099489,0.6048121346979994,1.4927607474119335,1.800151613477475,0.5989715756601509,1.2491940864320823
4.20731428214107,1.7346204792916333,0.6024532769722,1.5075198708766995,1.7935164895438411,0.601638526737638,1.2475977155554603
4.212553776888444,1.7234142414733158,0.6000944192464002,1.5222789943414679,1.7868813656102058,0.6043054778151256,1.2460013446788378
4.217793271635817,1.7122080036550003,0.5977355615206007,1.5370381178062338,1.7802462416765719,0.6069724288926126,1.2444049738022156
4.2230327663831915,1.7010017658366827,0.5953767037948009,1.5517972412710022,1.7736111177429366,0.6096393799701001,1.2428086029255931
4.228272261130565,1.6891844773061055,0.5936680311778959,1.5610608926001475,1.7677580363389422,0.6124671061184216,1.2406224408578532
4.233511755877939,1.6763950626423818,0.5929937439615053,1.5615817473498923,1.7631491135048287,0.6155506107885256,1.2374979746224248
4.238751250625312,1.6636056479786603,0.5923194567451149,1.562102602099637,1.758540190670716,0.6186341154586291,1.2343735083869969
4.2439907453726855,1.6508162333149388,0.5916451695287244,1.5626234568493815,1.7539312678366035,0.6217176201287327,1.231249042151569
4.24923024012006,1.638026818651215,0.5909708823123337,1.5631443115991261,1.74932234500249,0.6248011247988366,1.2281245759161405
4.254469734867433,1.6252374039874935,0.5902965950959432,1.5636651663488708,1.7447134221683773,0.6278846294689402,1.2250001096807126
4.259709229614807,1.61244798932377,0.5896223078795526,1.5641860210986156,1.740104499334264,0.6309681341390442,1.221875643445284
4.26494872436218,1.5996585746600485,0.5889480206631621,1.5647068758483602,1.7354955765001514,0.6340516388091477,1.2187511772098563
4.270188219109555,1.5868691599963247,0.5882737334467715,1.5652277305981048,1.7308866536660379,0.6371351434792517,1.2156267109744276
4.275427713856928,1.5740797453326032,0.587599446230381,1.5657485853478494,1.7262777308319253,0.6402186481493553,1.2125022447389997
4.280667208604302,1.5614799578241543,0.5857762309044664,1.5685690255358125,1.7212555764213744,0.643467882360829,1.20981954049305
4.285906703351675,1.549208770797108,0.5819620648134187,1.5753743637776725,1.7155173426352168,0.6470043054350865,1.2079023553110604
4.2911461980990495,1.5369375837700598,0.5781478987223703,1.5821797020195336,1.7097791088490584,0.6505407285093445,1.2059851701290702
4.296385692846423,1.5246663967430136,0.5743337326313226,1.5889850402613936,1.7040408750629008,0.6540771515836019,1.2040679849470806
4.301625187593796,1.5123952097159674,0.5705195665402749,1.5957903785032537,1.6983026412767435,0.6576135746578594,1.2021507997650909
4.30686468234117,1.5001240226889192,0.5667054004492265,1.6025957167451148,1.692564407490585,0.6611499977321175,1.200233614583101
4.3121041770885435,1.487852835661873,0.5628912343581788,1.6094010549869748,1.6868261737044274,0.664686420806375,1.1983164294011113
4.317343671835918,1.4755816486348248,0.5590770682671303,1.616206393228836,1.681087939918269,0.668222843880633,1.1963992442191211
4.322583166583291,1.4633104616077786,0.5552629021760827,1.623011731470696,1.6753497061321114,0.6717592669548904,1.1944820590371314
4.327822661330665,1.4510392745807301,0.5514487360850343,1.6298170697125571,1.669611472345953,0.6752956900291486,1.1925648738551413
4.3330621560780385,1.4394233049978864,0.5488875949643068,1.6372384053497708,1.6642431837032787,0.678820327133044,1.1901438639416098
4.338301650825413,1.4290465510160324,0.5486963054178813,1.6458247795390681,1.659574573918931,0.682322673379951,1.1867699681227701
4.343541145572786,1.4186697970341804,0.5485050158714558,1.654411153728364,1.6549059641345838,0.6858250196268575,1.183396072303931
4.348780640320159,1.4082930430523282,0.5483137263250303,1.6629975279176596,1.6502373543502369,0.6893273658737639,1.1800221764850918
4.354020135067533,1.3979162890704742,0.5481224367786047,1.6715839021069567,1.645568744565889,0.6928297121206709,1.176648280666252
4.359259629814907,1.387539535088622,0.5479311472321793,1.6801702762962525,1.640900134781542,0.6963320583675774,1.1732743848474128
4.364499124562281,1.3771627811067682,0.5477398576857537,1.6887566504855498,1.6362315249971942,0.6998344046144843,1.169900489028573
4.369738619309654,1.366786027124916,0.5475485681393282,1.6973430246748455,1.631562915212847,0.7033367508613908,1.1665265932097337
4.374978114057028,1.356409273143062,0.5473572785929026,1.7059293988641429,1.6268943054284992,0.7068390971082978,1.163152697390894
4.380217608804402,1.3460325191612097,0.5471659890464772,1.7145157730534386,1.622225695644152,0.7103414433552042,1.159778801572055
4.385457103551776,1.3354759036525552,0.5463125248146008,1.71947702462004,1.615681600082452,0.7132767322972978,1.1559334505756789
4.390696598299149,1.3245471131384452,0.544088868348984,1.7169370609135222,1.6052566916430007,0.7150386488163536,1.1511125500196322
4.395936093046523,1.3136183226243334,0.5418652118833668,1.7143970972070044,1.5948317832035477,0.7168005653354096,1.1462916494635849
4.4011755877938965,1.3026895321102236,0.5396415554177499,1.7118571335004866,1.5844068747640965,0.7185624818544654,1.1414707489075382
4.40641508254127,1.2917607415961139,0.5374178989521331,1.709317169793969,1.573981966324645,0.720324398373521,1.1366498483514915
4.411654577288644,1.280831951082002,0.5351942424865158,1.706777206087451,1.563557057885192,0.7220863148925771,1.1318289477954442
4.416894072036017,1.269903160567892,0.532970586020899,1.7042372423809335,1.5531321494457406,0.7238482314116329,1.1270080472393975
4.422133566783391,1.2589743700537803,0.5307469295552818,1.7016972786744156,1.5427072410062876,0.7256101479306889,1.12218714668335
4.427373061530765,1.2480455795396705,0.528523273089665,1.699157314967898,1.5322823325668364,0.7273720644497447,1.1173662461273035
4.432612556278139,1.2371167890255588,0.5262996166240478,1.69661735126138,1.5218574241273832,0.7291339809688007,1.112545345571256
4.437852051025512,1.2269226495430428,0.524796336250427,1.6974668926855532,1.5129780074565669,0.731757301742009,1.1085528429361604
4.443091545772886,1.2183965292060286,0.524928663888961,1.7060122777261302,1.5076076171784687,0.7363364338135805,1.106441210990437
4.44833104052026,1.2098704088690162,0.525060991527495,1.7145576627667058,1.5022372269003716,0.7409155658851513,1.1043295790447136
4.453570535267633,1.2013442885320036,0.525193319166029,1.7231030478072815,1.4968668366222744,0.7454946979567221,1.1022179470989906
4.458810030015007,1.1928181681949894,0.525325646804563,1.7316484328478587,1.4914964463441762,0.7500738300282935,1.1001063151532668
4.46404952476238,1.184292047857977,0.5254579744430969,1.7401938178884344,1.4861260560660792,0.7546529620998643,1.0979946832075438
4.4692890195097545,1.1757659275209629,0.5255903020816309,1.7487392029290114,1.480755665787981,0.7592320941714358,1.09588305126182
4.474528514257128,1.1672398071839505,0.5257226297201649,1.757284587969587,1.475385275509884,0.7638112262430066,1.093771419316097
4.479768009004502,1.1587136868469363,0.5258549573586989,1.7658299730101643,1.4700148852317858,0.7683903583145781,1.0916597873703733
4.485007503751875,1.1501875665099237,0.5259872849972329,1.77437535805074,1.4646444949536888,0.7729694903861488,1.0895481554246502
4.4902469984992495,1.1414599583292027,0.5256276431963863,1.7816017262825137,1.4599320438031647,0.7774845319244338,1.0869650796042645
4.495486493246623,1.1322286305392153,0.5240380777970888,1.785530552492278,1.4568644404715763,0.7818393471295013,1.0832033940972243
4.500725987993997,1.1229973027492262,0.522448512397791,1.7894593787020432,1.4537968371399872,0.7861941623345695,1.0794417085901833
4.50596548274137,1.1137659749592388,0.5208589469984936,1.7933882049118077,1.4507292338083986,0.7905489775396372,1.0756800230831431
4.5112049774887435,1.1045346471692514,0.519269381599196,1.7973170311215723,1.4476616304768102,0.7949037927447047,1.071918337576103
4.516444472236118,1.0953033193792625,0.5176798161998982,1.8012458573313375,1.4445940271452211,0.7992586079497729,1.0681566520690622
4.521683966983491,1.0860719915892751,0.5160902508006007,1.805174683541102,1.4415264238136327,0.8036134231548404,1.0643949665620218
4.526923461730865,1.076840663799286,0.5145006854013029,1.809103509750867,1.4384588204820437,0.8079682383599087,1.060633281054981
4.532162956478238,1.0676093360092986,0.5129111200020054,1.8130323359606315,1.4353912171504553,0.8123230535649762,1.0568715955479409
4.537402451225613,1.0583780082193097,0.5113215546027077,1.8169611621703967,1.4323236138188662,0.8166778687700446,1.0531099100409
4.542641945972986,1.0493474233948819,0.5102024472470216,1.8201466165116604,1.427576520533599,0.8205934737154206,1.0490903958496762
4.54788144072036,1.040871722428085,0.510383756936413,1.8212772788013132,1.4181870635084437,0.823295035207121,1.0443582042578305
4.553120935467733,1.0323960214612893,0.5105650666258045,1.8224079410909657,1.4087976064832899,0.8259965966988211,1.039626012665986
4.5583604302151075,1.0239203204944922,0.5107463763151959,1.8235386033806185,1.3994081494581345,0.8286981581905215,1.0348938210741403
4.563599924962481,1.0154446195276967,0.5109276860045874,1.824669265670271,1.3900186924329807,0.8313997196822215,1.0301616294822957
4.568839419709854,1.006968918560901,0.5111089956939788,1.8257999279599235,1.380629235407827,0.8341012811739216,1.025429437890451
4.574078914457228,0.998493217594104,0.5112903053833703,1.8269305902495763,1.3712397783826717,0.836802842665622,1.0206972462986055
4.5793184092046015,0.9900175166273084,0.5114716150727616,1.8280612525392288,1.361850321357518,0.839504404157322,1.0159650547067607
4.584557903951976,0.9815418156605114,0.5116529247621531,1.8291919148288813,1.3524608643323626,0.8422059656490225,1.0112328631149152
4.589797398699349,0.9730661146937158,0.5118342344515445,1.8303225771185339,1.3430714073072088,0.8449075271407225,1.0065006715230704
4.595036893446723,0.9651648290821511,0.5120457913261288,1.8312279096286777,1.3355813978433166,0.8478372266438512,1.0019414051032605
4.6002763881940965,0.9590278192045157,0.5123502502695195,1.8314411578160439,1.333925405889021,0.851467635753509,0.9979132659975604
4.605515882941471,0.9528908093268793,0.5126547092129103,1.83165440600341,1.3322694139347253,0.8550980448631674,0.9938851268918596
4.610755377688844,0.946753799449244,0.512959168156301,1.831867654190776,1.33061342198043,0.8587284539728253,0.9898569877861596
4.615994872436217,0.9406167895716085,0.5132636270996919,1.832080902378142,1.3289574300261344,0.8623588630824831,0.9858288486804595
4.621234367183591,0.9344797796939722,0.5135680860430827,1.8322941505655082,1.3273014380718386,0.8659892721921416,0.9818007095747588
4.626473861930965,0.9283427698163368,0.5138725449864734,1.8325073987528742,1.325645446117543,0.8696196813017995,0.9777725704690587
4.631713356678339,0.9222057599387005,0.5141770039298642,1.8327206469402402,1.3239894541632473,0.8732500904114578,0.9737444313633581
4.636952851425712,0.9160687500610651,0.5144814628732549,1.8329338951276064,1.3223334622089518,0.8768804995211157,0.969716292257658
4.642192346173086,0.9099317401834287,0.5147859218166457,1.8331471433149724,1.320677470254656,0.8805109086307742,0.9656881531519572
4.64743184092046,0.9039745502589042,0.5149529067133042,1.8306706199757303,1.3184693385614623,0.8842188859162959,0.9611119403824102
4.652671335667834,0.898634742173393,0.514647897382848,1.8189592143951243,1.3143655270980492,0.8881931806056186,0.9546540080336523
4.657910830415207,0.8932949340878827,0.5143428880523918,1.80724780881452,1.3102617156346366,0.8921674752949404,0.9481960756848955
4.663150325162581,0.8879551260023716,0.5140378787219356,1.795536403233914,1.3061579041712235,0.896141769984263,0.9417381433361376
4.6683898199099545,0.8826153179168614,0.5137328693914794,1.7838249976533098,1.3020540927078108,0.9001160646735848,0.9352802109873808
4.673629314657328,0.8772755098313512,0.5134278600610233,1.7721135920727058,1.2979502812443984,0.9040903593629067,0.928822278638624
4.678868809404702,0.87193570174584,0.5131228507305671,1.7604021864920996,1.2938464697809853,0.9080646540522294,0.9223643462898661
4.684108304152075,0.8665958936603297,0.5128178414001109,1.7486907809114953,1.2897426583175726,0.9120389487415512,0.9159064139411094
4.689347798899449,0.8612560855748187,0.5125128320696546,1.7369793753308893,1.2856388468541595,0.9160132434308738,0.9094484815923515
4.694587293646823,0.8559162774893084,0.5122078227391985,1.725267969750285,1.281535035390747,0.9199875381201956,0.9029905492435947
4.699826788394197,0.8506518700526716,0.5120863779543458,1.717264031966089,1.2770473971431167,0.9237772467034633,0.8976248142249444
4.70506628314157,0.8456789504903427,0.5126745668396918,1.7235926221265474,1.2710759407174779,0.926853372413323,0.8964813542507345
4.710305777888944,0.8407060309280129,0.5132627557250379,1.7299212122870071,1.2651044842918377,0.9299294981231833,0.8953378942765243
4.715545272636318,0.835733111365684,0.5138509446103839,1.7362498024474655,1.259133027866199,0.933005623833043,0.8941944343023144
4.720784767383692,0.8307601918033541,0.51443913349573,1.7425783926079252,1.253161571440559,0.9360817495429031,0.8930509743281043
4.726024262131065,0.8257872722410252,0.515027322381076,1.7489069827683836,1.24719011501492,0.9391578752527628,0.8919075143538944
4.731263756878438,0.8208143526786962,0.515615511266422,1.7552355729288422,1.2412186585892813,0.9422340009626226,0.8907640543796844
4.7365032516258125,0.8158414331163664,0.5162037001517681,1.7615641630893017,1.2352472021636411,0.9453101266724828,0.8896205944054743
4.741742746373186,0.8108685135540374,0.5167918890371141,1.7678927532497604,1.2292757457380024,0.9483862523823425,0.8884771344312643
4.74698224112056,0.8058955939917076,0.5173800779224602,1.7742213434102199,1.2233042893123625,0.9514623780922028,0.8873336744570541
4.752221735867933,0.8010161920181255,0.5179829582642758,1.7772371621195566,1.217853409731112,0.9547039558445195,0.8850807152821275
4.7574612306153075,0.7965475091843092,0.5186503618946401,1.765703646753012,1.2146888473718394,0.958672181080601,0.8779549555635088
4.762700725362681,0.7920788263504936,0.5193177655250043,1.7541701313864693,1.2115242850125674,0.9626404063166819,0.8708291958448913
4.767940220110055,0.7876101435166772,0.5199851691553686,1.7426366160199247,1.2083597226532947,0.9666086315527634,0.8637034361262725
4.773179714857428,0.7831414606828617,0.5206525727857328,1.7311031006533821,1.2051951602940225,0.9705768567888443,0.856577676407655
4.7784192096048015,0.7786727778490462,0.5213199764160971,1.7195695852868396,1.2020305979347503,0.9745450820249252,0.8494519166890375
4.783658704352176,0.7742040950152298,0.5219873800464614,1.7080360699202948,1.1988660355754777,0.9785133072610068,0.8423261569704188
4.788898199099549,0.7697354121814143,0.5226547836768256,1.6965025545537522,1.1957014732162057,0.9824815324970877,0.8352003972518013
4.794137693846923,0.765266729347598,0.5233221873071899,1.6849690391872076,1.192536910856933,0.9864497577331692,0.8280746375331826
4.799377188594296,0.7607980465137824,0.5239895909375542,1.673435523820665,1.1893723484976608,0.9904179829692501,0.820948877814565
4.804616683341671,0.7566585595067603,0.5244230161536866,1.663036997914576,1.1861435209846922,0.9944275701296404,0.8142312903384495
4.809856178089044,0.7541800150803828,0.5236759139161944,1.6583650097407896,1.1825904465598938,0.9986458469990428,0.809573117358602
4.815095672836418,0.7517014706540048,0.5229288116787021,1.6536930215670025,1.1790373721350949,1.002864123868446,0.8049149443787538
4.820335167583791,0.7492229262276274,0.5221817094412099,1.649021033393216,1.1754842977102966,1.0070824007378483,0.8002567713989064
4.8255746623311655,0.7467443818012495,0.5214346072037175,1.644349045219429,1.1719312232854977,1.0113006776072513,0.7955985984190581
4.830814157078539,0.7442658373748721,0.5206875049662253,1.6396770570456425,1.1683781488606995,1.0155189544766536,0.7909404254392106
4.836053651825912,0.7417872929484945,0.5199404027287331,1.635005068871856,1.164825074435901,1.019737231346056,0.7862822524593631
4.841293146573286,0.7393087485221166,0.5191933004912408,1.630333080698069,1.161272000011102,1.0239555082154592,0.7816240794795148
4.8465326413206595,0.7368302040957392,0.5184461982537486,1.6256610925242825,1.1577189255863038,1.0281737850848616,0.7769659064996675
4.851772136068034,0.7343516596693612,0.5176990960162562,1.6209891043504951,1.154165851161505,1.0323920619542646,0.7723077335198192
4.857011630815407,0.7316092120904802,0.5176000773614987,1.6162123090768612,1.1507680811966374,1.0363982547521515,0.7680760460768329
4.862251125562781,0.7273151959770522,0.5213113432190266,1.610819320336881,1.1482833943496376,1.0391575394744061,0.7663517994626339
4.8674906203101544,0.7230211798636248,0.525022609076554,1.6054263315969015,1.1457987075026381,1.0419168241966603,0.7646275528484351
4.872730115057529,0.7187271637501966,0.5287338749340819,1.6000333428569213,1.1433140206556383,1.044676108918915,0.762903306234236
4.877969609804902,0.7144331476367692,0.5324451407916091,1.594640354116942,1.1408293338086388,1.047435393641169,0.7611790596200372
4.883209104552275,0.710139131523342,0.5361564066491363,1.5892473653769625,1.1383446469616394,1.0501946783634233,0.7594548130058384
4.888448599299649,0.7058451154099138,0.5398676725066642,1.5838543766369824,1.1358599601146395,1.052953963085678,0.7577305663916393
4.893688094047023,0.7015510992964864,0.5435789383641915,1.578461387897003,1.13337527326764,1.0557132478079319,0.7560063197774405
4.898927588794397,0.6972570831830583,0.5472902042217194,1.5730683991570227,1.1308905864206402,1.0584725325301865,0.7542820731632415
4.90416708354177,0.692963067069631,0.5510014700792467,1.5676754104170434,1.1284058995736408,1.0612318172524406,0.7525578265490427
4.909406578289144,0.6888815675678445,0.5542793663306809,1.5621260524451224,1.1261313382954419,1.063907308910993,0.7505083331261011
4.914646073036518,0.686283434015316,0.5545323427315815,1.5554852372342565,1.1253234534874732,1.0659979249849019,0.7461886169781382
4.919885567783892,0.6836853004627872,0.5547853191324822,1.5488444220233895,1.124515568679504,1.0680885410588112,0.7418689008301746
4.925125062531265,0.6810871669102588,0.5550382955333828,1.5422036068125236,1.1237076838715352,1.0701791571327202,0.7375491846822119
4.930364557278639,0.67848903335773,0.5552912719342835,1.5355627916016565,1.1228997990635663,1.0722697732066295,0.7332294685342483
4.9356040520260125,0.6758908998052016,0.5555442483351841,1.5289219763907909,1.1220919142555974,1.0743603892805387,0.7289097523862855
4.940843546773386,0.6732927662526732,0.5557972247360848,1.522281161179925,1.1212840294476285,1.0764510053544476,0.7245900362383226
4.94608304152076,0.6706946327001444,0.5560502011369854,1.515640345969058,1.1204761446396596,1.078541621428357,0.7202703200903591
4.951322536268133,0.668096499147616,0.5563031775378862,1.508999530758192,1.1196682598316907,1.080632237502266,0.7159506039423963
4.956562031015507,0.6654983655950872,0.5565561539387869,1.502358715547325,1.1188603750237218,1.0827228535761753,0.7116308877944327
4.961801525762881,0.6629062356704312,0.5569737102053569,1.4962921067281902,1.118038466427839,1.0849203070627609,0.7078233204723811
4.967041020510255,0.6603651365826898,0.5587901953301189,1.495106252238774,1.1170973556346893,1.0880258785570995,0.7083690181705777
4.972280515257628,0.6578240374949488,0.5606066804548806,1.4939203977493578,1.1161562448415396,1.0911314500514377,0.7089147158687744
4.977520010005002,0.6552829384072074,0.5624231655796426,1.4927345432599415,1.1152151340483898,1.0942370215457764,0.7094604135669712
4.982759504752376,0.6527418393194665,0.5642396507044042,1.4915486887705254,1.11427402325524,1.0973425930401144,0.7100061112651679
4.98799899949975,0.650200740231725,0.5660561358291663,1.490362834281109,1.11333291246209,1.100448164534453,0.7105518089633647
4.993238494247123,0.6476596411439841,0.5678726209539279,1.489176979791693,1.1123918016689405,1.1035537360287913,0.7110975066615612
4.998477988994496,0.6451185420562432,0.5696891060786896,1.4879911253022768,1.1114506908757906,1.1066593075231295,0.7116432043597579
5.0037174837418705,0.6425774429685017,0.5715055912034516,1.4868052708128605,1.1105095800826408,1.1097648790174681,0.7121889020579547
5.008956978489244,0.6400363438807608,0.5733220763282132,1.4856194163234444,1.1095684692894912,1.112870450511806,0.7127345997561514
5.014196473236618,0.637730136368334,0.5752283756011116,1.483768759399815,1.1085304200640858,1.1159490996375319,0.7127992755598087
5.019435967983991,0.6379455590026677,0.5780988561701806,1.4747812528147761,1.1064517082571126,1.1187387292178543,0.7077000398485541
5.0246754627313654,0.6381609816370015,0.5809693367392502,1.465793746229736,1.1043729964501392,1.1215283587981775,0.7026008041372986
5.029914957478739,0.6383764042713354,0.5838398173083194,1.4568062396446972,1.102294284643166,1.1243179883785,0.6975015684260442
5.035154452226113,0.6385918269056691,0.5867102978773888,1.4478187330596568,1.1002155728361926,1.1271076179588229,0.6924023327147887
5.040393946973486,0.6388072495400029,0.589580778446458,1.4388312264746181,1.0981368610292195,1.1298972475391453,0.6873030970035342
5.0456334417208595,0.6390226721743366,0.592451259015527,1.4298437198895795,1.0960581492222463,1.1326868771194678,0.6822038612922796
5.050872936468234,0.6392380948086704,0.5953217395845966,1.420856213304539,1.093979437415273,1.1354765066997907,0.6771046255810242
5.056112431215607,0.6394535174430043,0.5981922201536656,1.4118687067195004,1.0919007256082998,1.1382661362801132,0.6720053898697697
5.061351925962981,0.6396689400773381,0.6010627007227352,1.4028812001344602,1.0898220138013264,1.141055765860436,0.6669061541585142
5.066591420710354,0.6397699685870792,0.6038560690898529,1.3940829035447106,1.0877966257505138,1.1438992124869058,0.6620448328837086
5.071830915457729,0.6382298813863144,0.6055431739443584,1.3879990426566184,1.0865362285092377,1.147514726736953,0.660596668716431
5.077070410205102,0.6366897941855498,0.6072302787988636,1.3819151817685271,1.0852758312679618,1.1511302409869995,0.6591485045491534
5.082309904952476,0.6351497069847849,0.6089173836533691,1.375831320880435,1.0840154340266857,1.1547457552370466,0.6577003403818757
5.087549399699849,0.6336096197840203,0.6106044885078743,1.3697474599923436,1.0827550367854095,1.158361269487093,0.6562521762145982
5.0927888944472235,0.6320695325832555,0.6122915933623798,1.3636635991042514,1.0814946395441334,1.1619767837371402,0.6548040120473204
5.098028389194597,0.6305294453824909,0.613978698216885,1.35757973821616,1.0802342423028575,1.1655922979871867,0.653355847880043
5.10326788394197,0.6289893581817263,0.6156658030713902,1.3514958773280688,1.0789738450615816,1.1692078122372334,0.6519076837127654
5.108507378689344,0.6274492709809614,0.6173529079258957,1.3454120164399765,1.0777134478203054,1.1728233264872805,0.6504595195454878
5.1137468734367175,0.6259091837801968,0.6190400127804009,1.3393281555518852,1.0764530505790293,1.176438840737327,0.6490113553782102
5.118986368184092,0.6243779498286247,0.6207988045552598,1.3334930555709918,1.0754077984164048,1.1799710615090433,0.6475174128069946
5.124225862931465,0.6230341096516345,0.6240749694776031,1.3329233947924877,1.0789164504185864,1.1817402369894228,0.6450544940190912
5.129465357678839,0.621690269474644,0.627351134399947,1.3323537340139835,1.0824251024207687,1.1835094124698022,0.6425915752311875
5.134704852426212,0.6203464292976537,0.6306272993222904,1.3317840732354795,1.0859337544229504,1.1852785879501817,0.6401286564432841
5.139944347173587,0.6190025891206632,0.6339034642446343,1.3312144124569754,1.0894424064251327,1.1870477634305612,0.6376657376553804
5.14518384192096,0.6176587489436729,0.6371796291669777,1.3306447516784712,1.0929510584273143,1.1888169389109406,0.635202818867477
5.150423336668334,0.6163149087666824,0.6404557940893216,1.330075090899967,1.0964597104294966,1.1905861143913201,0.6327399000795733
5.155662831415707,0.6149710685896921,0.6437319590116649,1.329505430121463,1.0999683624316783,1.1923552898716996,0.6302769812916699
5.160902326163081,0.6136272284127018,0.6470081239340083,1.3289357693429589,1.10347701443386,1.1941244653520788,0.6278140625037666
5.166141820910455,0.6122833882357113,0.6502842888563523,1.328366108564455,1.1069856664360422,1.1958936408324585,0.6253511437158628
5.171381315657828,0.610948922293109,0.6535192803748753,1.327541558242809,1.1103302362907583,1.1976864285142137,0.6229502957381705
5.176620810405202,0.6099791140682049,0.6551526264847845,1.3168018046929035,1.1072920106090391,1.200397730829501,0.6229640022776979
5.181860305152576,0.609009305843301,0.6567859725946933,1.3060620511430001,1.1042537849273206,1.203109033144788,0.6229777088172254
5.18709979989995,0.6080394976183969,0.6584193187046025,1.2953222975930947,1.1012155592456014,1.2058203354600754,0.6229914153567527
5.192339294647323,0.6070696893934929,0.6600526648145113,1.2845825440431913,1.0981773335638827,1.2085316377753623,0.6230051218962801
5.197578789394697,0.6060998811685888,0.6616860109244205,1.2738427904932859,1.0951391078821635,1.2112429400906497,0.6230188284358076
5.2028182841420705,0.6051300729436849,0.6633193570343293,1.2631030369433824,1.092100882200445,1.2139542424059364,0.623032534975335
5.208057778889444,0.6041602647187809,0.6649527031442382,1.252363283393479,1.0890626565187262,1.2166655447212233,0.6230462415148624
5.213297273636818,0.6031904564938768,0.6665860492541473,1.2416235298435736,1.086024430837007,1.2193768470365107,0.6230599480543898
5.218536768384191,0.6022206482689729,0.6682193953640562,1.2308837762936702,1.0829862051552885,1.2220881493517977,0.6230736545939173
5.223776263131565,0.6012577592793709,0.6698677955579168,1.2201870445599994,1.079957836948409,1.224786874778205,0.623081321767832
5.229015757878939,0.6016683384972551,0.6745044314161684,1.2180301433489689,1.0788861774972187,1.2249890877618927,0.6218901748676406
5.234255252626313,0.6020789177151393,0.6791410672744211,1.2158732421379381,1.0778145180460281,1.2251913007455806,0.6206990279674489
5.239494747373686,0.6024894969330234,0.6837777031326728,1.2137163409269078,1.0767428585948378,1.2253935137292684,0.6195078810672574
5.24473424212106,0.6029000761509077,0.6884143389909254,1.2115594397158769,1.0756711991436474,1.225595726712956,0.6183167341670658
5.249973736868434,0.6033106553687918,0.6930509748491772,1.2094025385048466,1.074599539692457,1.2257979396966439,0.6171255872668743
5.255213231615808,0.603721234586676,0.6976876107074298,1.2072456372938158,1.0735278802412664,1.2260001526803317,0.6159344403666825
5.260452726363181,0.6041318138045602,0.7023242465656816,1.2050887360827853,1.072456220790076,1.2262023656640195,0.6147432934664911
5.265692221110554,0.6045423930224444,0.7069608824239334,1.2029318348717548,1.0713845613388857,1.2264045786477074,0.6135521465662996
5.2709317158579285,0.6049529722403286,0.711597518282186,1.200774933660724,1.0703129018876953,1.2266067916313952,0.6123609996661079
5.276171210605302,0.6053635514582127,0.7162341541404378,1.1986180324496938,1.069241242436505,1.2268090046150828,0.6111698527659165
5.281410705352676,0.6054107232557733,0.7185322651377798,1.190952444195757,1.069024724016513,1.2289588145291461,0.6129227935861014
5.286650200100049,0.6054523468484433,0.7207946734654889,1.1832027538495624,1.0688212611847838,1.2311383587474898,0.6147206823104144
5.291889694847423,0.6054939704411133,0.7230570817931982,1.1754530635033666,1.0686177983530545,1.2333179029658339,0.6165185710347278
5.297129189594797,0.6055355940337834,0.7253194901209072,1.167703373157172,1.0684143355213251,1.2354974471841775,0.6183164597590409
5.302368684342171,0.6055772176264534,0.7275818984486165,1.1599536828109762,1.0682108726895958,1.2376769914025216,0.6201143484833542
5.307608179089544,0.6056188412191235,0.7298443067763255,1.1522039924647816,1.0680074098578667,1.2398565356208653,0.6219122372076673
5.3128476738369175,0.6056604648117935,0.7321067151040346,1.1444543021185871,1.0678039470261373,1.242036079839209,0.6237101259319804
5.318087168584292,0.6057020884044635,0.7343691234317439,1.1367046117723911,1.067600484194408,1.244215624057553,0.6255080146562938
5.323326663331665,0.6057437119971335,0.736631531759453,1.1289549214261967,1.0673970213626789,1.246395168275897,0.6273059033806069
5.328566158079039,0.6057853355898035,0.7388939400871622,1.1212052310800007,1.0671935585309495,1.2485747124942408,0.6291037921049202
5.333805652826412,0.605753769452659,0.7430721263157298,1.1154153218707346,1.0639779018824278,1.2504740919505508,0.6282637811198335
5.339045147573787,0.605719541870794,0.7473199771952385,1.1096966774300827,1.060652710913295,1.2523632835973326,0.6273278465089503
5.34428464232116,0.605685314288929,0.7515678280747462,1.103978032989432,1.0573275199441627,1.2542524752441142,0.6263919118980673
5.349524137068534,0.605651086707064,0.7558156789542548,1.0982593885487804,1.05400232897503,1.256141666890896,0.6254559772871842
5.354763631815907,0.605616859125199,0.7600635298337627,1.0925407441081296,1.0506771380058977,1.2580308585376774,0.6245200426763011
5.3600031265632815,0.605582631543334,0.7643113807132712,1.0868220996674778,1.047351947036765,1.2599200501844592,0.623584108065418
5.365242621310655,0.6055484039614689,0.7685592315927791,1.081103455226827,1.0440267560676326,1.2618092418312405,0.6226481734545349
5.370482116058028,0.6055141763796039,0.7728070824722869,1.0753848107861763,1.0407015650985003,1.2636984334780221,0.621712238843652
5.375721610805402,0.6054799487977389,0.7770549333517954,1.0696661663455247,1.0373763741293676,1.265587625124804,0.6207763042327687
5.3809611055527755,0.6054457212158739,0.7813027842313033,1.063947521904874,1.0340511831602353,1.2674768167715853,0.6198403696218858
5.38620060030015,0.6074077317067413,0.7840341660420114,1.0614012622871978,1.0317538266619466,1.2687419766541999,0.6205620279944383
5.391440095047523,0.609486233544028,0.7866770536365025,1.0590401285743114,1.0295164498940523,1.2699707208900988,0.621380415931011
5.396679589794897,0.611564735381315,0.789319941230994,1.0566789948614246,1.0272790731261576,1.271199465125998,0.6221988038675839
5.40191908454227,0.6136432372186016,0.7919628288254851,1.0543178611485382,1.0250416963582634,1.2724282093618968,0.6230171918041565
5.407158579289645,0.6157217390558886,0.7946057164199766,1.0519567274356514,1.0228043195903689,1.273656953597796,0.6238355797407293
5.412398074037018,0.6178002408931752,0.7972486040144676,1.049595593722765,1.0205669428224746,1.2748856978336949,0.6246539676773021
5.417637568784392,0.6198787427304622,0.7998914916089591,1.0472344600098782,1.0183295660545801,1.276114442069594,0.6254723556138748
5.422877063531765,0.6219572445677488,0.8025343792034502,1.0448733262969918,1.0160921892866859,1.277343186305493,0.6262907435504476
5.428116558279139,0.6240357464050355,0.8051772667979413,1.0425121925841054,1.0138548125187916,1.2785719305413918,0.6271091314870203
5.433356053026513,0.6261142482423224,0.8078201543924328,1.0401510588712188,1.011617435750897,1.279800674777291,0.627927519423593
5.438595547773886,0.6272348146450848,0.8130303029424575,1.0384717209736012,1.0088821091916909,1.2814696241306054,0.6293710570684324
5.44383504252126,0.6282775001182112,0.8184491718953723,1.0368478136300705,1.0061062989096132,1.2831743625178562,0.6308654198928059
5.4490745372686336,0.6293201855913373,0.823868040848286,1.0352239062865398,1.003330488627536,1.2848791009051068,0.6323597827171792
5.454314032016008,0.6303628710644635,0.8292869098012008,1.0335999989430091,1.0005546783454584,1.2865838392923579,0.6338541455415527
5.459553526763381,0.6314055565375897,0.8347057787541146,1.0319760915994785,0.9977788680633813,1.2882885776796085,0.6353485083659259
5.464793021510755,0.632448242010716,0.8401246477070293,1.0303521842559478,0.9950030577813037,1.2899933160668593,0.6368428711902995
5.4700325162581285,0.6334909274838422,0.8455435166599431,1.028728276912417,0.9922272474992266,1.29169805445411,0.6383372340146727
5.475272011005502,0.6345336129569683,0.8509623856128569,1.0271043695688866,0.9894514372171495,1.2934027928413605,0.639831596839046
5.480511505752876,0.6355762984300947,0.8563812545657716,1.0254804622253557,0.9866756269350718,1.2951075312286116,0.6413259596634194
5.485751000500249,0.6366189839032208,0.8618001235186854,1.0238565548818253,0.9838998166529948,1.2968122696158622,0.6428203224877928
5.490990495247623,0.6383124131544538,0.86607766687231,1.0165964814670945,0.9813845087970137,1.2975379695961036,0.6443524442583465
5.496229989994997,0.6400743417507503,0.8702350706891662,1.00874312741329,0.9788966222490433,1.2981606129019225,0.6458885406548136
5.501469484742371,0.6418362703470473,0.8743924745060232,1.0008897733594844,0.9764087357010724,1.2987832562077417,0.6474246370512811
5.506708979489744,0.6435981989433439,0.8785498783228793,0.9930364193056799,0.973920849153102,1.2994058995135607,0.6489607334477483
5.511948474237118,0.6453601275396408,0.8827072821397364,0.9851830652518742,0.9714329626051311,1.3000285428193799,0.6504968298442158
5.517187968984492,0.6471220561359374,0.8868646859565925,0.9773297111980698,0.9689450760571607,1.3006511861251988,0.652032926240683
5.522427463731866,0.6488839847322343,0.8910220897734494,0.9694763571442641,0.9664571895091899,1.301273829431018,0.6535690226371504
5.527666958479239,0.650645913328531,0.8951794935903057,0.9616230030904597,0.9639693029612195,1.301896472736837,0.6551051190336176
5.532906453226612,0.6524078419248276,0.8993368974071619,0.9537696490366553,0.961481416413249,1.302519116042656,0.6566412154300848
5.5381459479739865,0.6541697705211245,0.9034943012240189,0.9459162949828496,0.9589935298652782,1.303141759348475,0.6581773118265523
5.54338544272136,0.6555936090149695,0.9076712195939093,0.9463577023059228,0.9575108967949917,1.304102305698904,0.6578060525892587
5.548624937468734,0.6569733904416397,0.9118506809367171,0.9478800133778261,0.9561592599285961,1.3051068847406986,0.6571862427594635
5.553864432216107,0.6583531718683098,0.9160301422795241,0.9494023244497293,0.9548076230622006,1.306111463782493,0.6565664329296682
5.559103926963481,0.6597329532949799,0.9202096036223318,0.9509246355216326,0.9534559861958048,1.3071160428242878,0.6559466230998728
5.564343421710855,0.6611127347216499,0.924389064965139,0.9524469465935358,0.9521043493294093,1.3081206218660821,0.6553268132700776
5.569582916458229,0.6624925161483202,0.9285685263079466,0.9539692576654392,0.9507527124630137,1.3091252009078769,0.6547070034402823
5.574822411205602,0.6638722975749901,0.9327479876507537,0.9554915687373422,0.9494010755966182,1.3101297799496714,0.6540871936104871
5.5800619059529755,0.6652520790016601,0.9369274489935607,0.9570138798092453,0.9480494387302227,1.311134358991466,0.6534673837806918
5.58530140070035,0.6666318604283303,0.9411069103363685,0.9585361908811487,0.9466978018638271,1.3121389380332604,0.6528475739508965
5.590540895447723,0.6680116418550003,0.9452863716791756,0.9600585019530518,0.9453461649974316,1.313143517075055,0.6522277641211013
5.595780390195097,0.6697278762414665,0.9498089553112321,0.9581532432993359,0.9410233559251615,1.3132648071305961,0.6533285169953131
5.60101988494247,0.6714967728303353,0.9543852450407356,0.9557114954711752,0.9362354938119724,1.3132478432578538,0.6546985753362392
5.606259379689845,0.6732656694192044,0.9589615347702398,0.9532697476430141,0.9314476316987824,1.3132308793851117,0.6560686336771655
5.611498874437218,0.6750345660080733,0.9635378244997433,0.9508279998148533,0.9266597695855934,1.3132139155123697,0.6574386920180915
5.616738369184592,0.6768034625969424,0.9681141142292475,0.9483862519866922,0.9218719074724034,1.3131969516396274,0.6588087503590178
5.621977863931965,0.6785723591858113,0.9726904039587511,0.9459445041585316,0.9170840453592143,1.3131799877668853,0.6601788086999438
5.6272173586793395,0.6803412557746804,0.9772666936882553,0.9435027563303704,0.9122961832460244,1.3131630238941432,0.6615488670408701
5.632456853426713,0.6821101523635492,0.9818429834177588,0.9410610085022098,0.9075083211328352,1.3131460600214009,0.6629189253817962
5.637696348174086,0.683879048952418,0.9864192731472622,0.938619260674049,0.9027204590196461,1.3131290961486588,0.6642889837227222
5.64293584292146,0.6856479455412872,0.9909955628767665,0.9361775128458879,0.8979325969064562,1.3131121322759167,0.6656590420636485
5.6481753376688335,0.6881918046222144,0.9950705018355906,0.9337669658664586,0.8964779195453787,1.3136268639822946,0.6691027950792752
5.653414832416208,0.6908782384049451,0.9990532041541126,0.9313621591025225,0.8956364690526425,1.3142394150533772,0.6729280586878743
5.658654327163581,0.6935646721876755,1.0030359064726337,0.9289573523385869,0.8947950185599064,1.3148519661244598,0.6767533222964728
5.663893821910955,0.6962511059704063,1.0070186087911557,0.9265525455746508,0.8939535680671702,1.3154645171955426,0.6805785859050719
5.669133316658328,0.6989375397531367,1.0110013111096767,0.9241477388107151,0.8931121175744341,1.316077068266625,0.6844038495136705
5.674372811405703,0.7016239735358675,1.0149840134281987,0.921742932046779,0.8922706670816978,1.3166896193377078,0.6882291131222696
5.679612306153076,0.7043104073185977,1.0189667157467197,0.9193381252828433,0.8914292165889618,1.3173021704087904,0.6920543767308681
5.68485180090045,0.7069968411013285,1.0229494180652416,0.9169333185189072,0.8905877660962255,1.317914721479873,0.6958796403394674
5.690091295647823,0.7096832748840589,1.026932120383763,0.9145285117549716,0.8897463156034894,1.3185272725509556,0.6997049039480658
5.695330790395197,0.7123697086667893,1.030914822702284,0.9121237049910359,0.8889048651107533,1.3191398236220382,0.7035301675566643
5.700570285142571,0.7145015899615559,1.0333603187664353,0.9092185578191234,0.8869003595279791,1.3163070246597357,0.7049152001023227
5.705809779889944,0.7165154813652658,1.0354787496700815,0.9062069552412588,0.8846483954154095,1.3127411724988405,0.705781034549482
5.711049274637318,0.7185293727689761,1.0375971805737279,0.9031953526633938,0.8823964313028395,1.3091753203379448,0.7066468689966416
5.7162887693846915,0.720543264172686,1.039715611477374,0.9001837500855293,0.8801444671902701,1.3056094681770496,0.7075127034438011
5.721528264132066,0.7225571555763963,1.0418340423810204,0.8971721475076642,0.8778925030777001,1.3020436160161537,0.7083785378909607
5.726767758879439,0.7245710469801062,1.0439524732846666,0.8941605449297997,0.8756405389651305,1.2984777638552585,0.7092443723381202
5.732007253626813,0.7265849383838164,1.046070904188313,0.8911489423519345,0.8733885748525606,1.2949119116943628,0.7101102067852798
5.7372467483741865,0.7285988297875264,1.048189335091959,0.8881373397740701,0.871136610739991,1.2913460595334676,0.7109760412324392
5.74248624312156,0.7306127211912363,1.0503077659956053,0.8851257371962055,0.8688846466274215,1.2877802073725724,0.7118418756795987
5.747725737868934,0.7326266125949465,1.0524261968992517,0.8821141346183404,0.8666326825148516,1.2842143552116765,0.7127077101267583
5.752965232616307,0.7363749595828388,1.0577957902632953,0.8820561536638191,0.8626160527306883,1.2842868772911666,0.7152594020928902
5.758204727363681,0.7405447630678227,1.0639553857205204,0.8827158751598299,0.8581706256805296,1.285243490307573,0.7182207416804552
5.763444222111055,0.7447145665528059,1.0701149811777446,0.8833755966558405,0.8537251986303717,1.286200103323979,0.7211820812680197
5.768683716858429,0.7488843700377898,1.07627457663497,0.8840353181518513,0.849279771580213,1.2871567163403852,0.7241434208555847
5.773923211605802,0.753054173522773,1.0824341720921942,0.884695039647862,0.8448343445300549,1.2881133293567915,0.7271047604431492
5.779162706353176,0.7572239770077569,1.0885937675494195,0.8853547611438728,0.8403889174798962,1.2890699423731977,0.7300661000307141
5.78440220110055,0.7613937804927401,1.0947533630066437,0.8860144826398835,0.8359434904297383,1.2900265553896038,0.7330274396182787
5.789641695847924,0.7655635839777241,1.1009129584638688,0.8866742041358943,0.8314980633795794,1.29098316840601,0.7359887792058437
5.794881190595297,0.7697333874627073,1.107072553921093,0.8873339256319049,0.8270526363294215,1.291939781422416,0.7389501187934082
5.80012068534267,0.7739031909476904,1.1132321493783173,0.8879936471279156,0.8226072092792635,1.2928963944388223,0.7419114583809726
5.8053601800900445,0.7761066545177706,1.1160015666557364,0.8897047460850223,0.8202399464323931,1.2916307432030838,0.7433212454305628
5.810599674837418,0.7777698457789629,1.1178394972767223,0.8917047219164234,0.8184436807787588,1.2897545017894398,0.744304727309974
5.815839169584792,0.7794330370401555,1.1196774278977084,0.8937046977478248,0.8166474151251244,1.2878782603757954,0.7452882091893854
5.821078664332165,0.781096228301348,1.1215153585186943,0.8957046735792259,0.8148511494714903,1.2860020189621513,0.7462716910687966
5.826318159079539,0.7827594195625406,1.1233532891396805,0.8977046494106273,0.8130548838178558,1.284125777548507,0.7472551729482081
5.831557653826913,0.7844226108237329,1.1251912197606664,0.8997046252420284,0.8112586181642217,1.282249536134863,0.7482386548276193
5.836797148574287,0.7860858020849255,1.1270291503816525,0.9017046010734299,0.8094623525105873,1.2803732947212187,0.7492221367070308
5.84203664332166,0.7877489933461179,1.1288670810026384,0.903704576904831,0.8076660868569532,1.2784970533075746,0.750205618586442
5.847276138069034,0.7894121846073106,1.1307050116236246,0.9057045527362325,0.8058698212033187,1.2766208118939302,0.7511891004658534
5.852515632816408,0.7910753758685029,1.1325429422446105,0.9077045285676336,0.8040735555496845,1.2747445704802862,0.7521725823452646
5.857755127563781,0.7937988539699181,1.1355782566361154,0.9077255031429114,0.8017746496433148,1.2721858781169224,0.7559474448466105
5.862994622311155,0.7968491089991406,1.138982600779847,0.9071365560195805,0.7993208316590523,1.2694168566083983,0.76058260170357
5.868234117058528,0.7998993640283625,1.142386944923578,0.9065476088962497,0.7968670136747903,1.2666478350998747,0.7652177585605288
5.8734736118059026,0.8029496190575849,1.1457912890673092,0.9059586617729188,0.7944131956905278,1.2638788135913508,0.7698529154174883
5.878713106553276,0.8059998740868068,1.1491956332110402,0.9053697146495879,0.7919593777062658,1.2611097920828271,0.774488072274447
5.88395260130065,0.8090501291160292,1.1525999773547715,0.904780767526257,0.7895055597220033,1.2583407705743033,0.7791232291314066
5.889192096048023,0.8121003841452511,1.1560043214985025,0.9041918204029262,0.7870517417377413,1.2555717490657796,0.7837583859883654
5.8944315907953975,0.8151506391744736,1.1594086656422338,0.9036028732795953,0.7845979237534788,1.2528027275572555,0.788393542845325
5.899671085542771,0.8182008942036955,1.1628130097859648,0.9030139261562644,0.7821441057692168,1.250033706048732,0.7930286997022837
5.904910580290144,0.8212511492329173,1.1662173539296956,0.9024249790329336,0.7796902877849546,1.2472646845402084,0.7976638565592425
5.910150075037518,0.8237492563455201,1.169275916355188,0.9041424011298036,0.7781703410587707,1.2441177340811613,0.8006450654139095
5.9153895697848915,0.8260577369008993,1.172215725463305,0.9066519096255308,0.7769711177949575,1.2408409898411268,0.8030582517223336
5.920629064532266,0.8283662174562789,1.1751555345714224,0.9091614181212583,0.7757718945311441,1.2375642456010916,0.8054714380307582
5.925868559279639,0.8306746980116582,1.1780953436795394,0.9116709266169855,0.7745726712673311,1.234287501361057,0.8078846243391823
5.931108054027013,0.8329831785670379,1.1810351527876568,0.914180435112713,0.7733734480035177,1.231010757121022,0.8102978106476069
5.936347548774386,0.8352916591224171,1.1839749618957738,0.9166899436084401,0.7721742247397045,1.2277340128809875,0.812710996956031
5.941587043521761,0.8376001396777967,1.1869147710038912,0.9191994521041676,0.7709750014758913,1.2244572686409523,0.8151241832644555
5.946826538269134,0.8399086202331759,1.1898545801120082,0.9217089605998948,0.7697757782120781,1.2211805244009177,0.8175373695728796
5.952066033016508,0.8422171007885555,1.1927943892201256,0.9242184690956223,0.7685765549482647,1.2179037801608827,0.8199505558813042
5.957305527763881,0.8445255813439347,1.1957341983282423,0.9267279775913495,0.7673773316844515,1.2146270359208482,0.8223637421897283
5.962545022511255,0.8474283557399807,1.1984954966696053,0.9272950532915446,0.7652745287029349,1.2132519410631413,0.8247671137039244
5.967784517258629,0.8505573319438934,1.2011888497364258,0.9271227947097027,0.7628278026454749,1.2126006573890198,0.8271667494832937
5.973024012006002,0.8536863081478056,1.2038822028032456,0.9269505361278607,0.7603810765880155,1.2119493737148983,0.8295663852626626
5.978263506753376,0.8568152843517183,1.206575555870066,0.9267782775460188,0.7579343505305555,1.2112980900407768,0.8319660210420319
5.9835030015007495,0.8599442605556306,1.2092689089368858,0.9266060189641769,0.7554876244730959,1.2106468063666553,0.8343656568214007
5.988742496248124,0.8630732367595433,1.211962262003706,0.9264337603823349,0.7530408984156359,1.2099955226925339,0.8367652926007699
5.993981990995497,0.8662022129634555,1.214655615070526,0.926261501800493,0.7505941723581764,1.2093442390184124,0.8391649283801388
5.999221485742871,0.8693311891673682,1.2173489681373464,0.9260892432186512,0.7481474463007165,1.2086929553442909,0.8415645641595081
6.0044609804902445,0.8724601653712803,1.2200423212041662,0.9259169846368093,0.745700720243257,1.2080416716701694,0.843964199938877
6.009700475237618,0.8755891415751926,1.222735674270986,0.9257447260549673,0.7432539941857974,1.2073903879960481,0.8463638357182458
6.014939969984992,0.8782446798981663,1.2241855567293956,0.9259738562878584,0.741811167124296,1.205469623554542,0.8494820894094072
6.020179464732365,0.8807014080077915,1.225113270035518,0.9263715412543386,0.7407899061892116,1.2030157675452373,0.8529021114763385
6.025418959479739,0.8831581361174171,1.2260409833416408,0.9267692262208188,0.739768645254127,1.2005619115359325,0.8563221335432705
6.030658454227113,0.8856148642270423,1.2269686966477633,0.9271669111872989,0.7387473843190426,1.198108055526628,0.8597421556102017
6.035897948974487,0.8880715923366679,1.227896409953886,0.9275645961537791,0.7377261233839582,1.195654199517323,0.8631621776771337
6.04113744372186,0.890528320446293,1.2288241232600088,0.9279622811202592,0.7367048624488737,1.1932003435080185,0.8665821997440649
6.046376938469234,0.8929850485559186,1.2297518365661315,0.9283599660867394,0.7356836015137892,1.1907464874987135,0.8700022218109968
6.051616433216608,0.8954417766655438,1.230679549872254,0.9287576510532195,0.7346623405787048,1.1882926314894091,0.8734222438779281
6.056855927963982,0.8978985047751694,1.2316072631783768,0.9291553360196997,0.7336410796436202,1.185838775480104,0.87684226594486
6.062095422711355,0.9003552328847946,1.2325349764844995,0.9295530209861799,0.7326198187085359,1.1833849194707995,0.8802622880117913
6.067334917458728,0.9036871022676148,1.2352860791265354,0.9294570933216891,0.730538881071867,1.1805748442411965,0.8833687421313148
6.0725744122061025,0.907422883007295,1.2388787460774557,0.9291333444429041,0.72796886188062,1.1776003601406861,0.8863304725828043
6.077813906953476,0.9111586637469746,1.2424714130283754,0.928809595564119,0.7253988426893734,1.1746258760401762,0.8892922030342932
6.08305340170085,0.9148944444866548,1.2460640799792957,0.928485846685334,0.7228288234981264,1.1716513919396656,0.8922539334857829
6.088292896448223,0.9186302252263344,1.2496567469302153,0.9281620978065489,0.7202588043068798,1.1686769078391557,0.8952156639372718
6.093532391195597,0.9223660059660147,1.2532494138811354,0.9278383489277638,0.7176887851156328,1.165702423738645,0.8981773943887613
6.098771885942971,0.9261017867056942,1.256842080832055,0.9275146000489789,0.7151187659243863,1.1627279396381351,0.9011391248402504
6.104011380690345,0.9298375674453745,1.2604347477829754,0.9271908511701937,0.7125487467331393,1.1597534555376245,0.9041008552917399
6.109250875437718,0.9335733481850541,1.264027414733895,0.9268671022914088,0.7099787275418927,1.1567789714371146,0.9070625857432288
6.114490370185092,0.9373091289247343,1.2676200816848153,0.9265433534126236,0.7074087083506457,1.153804487336604,0.9100243161947184
6.119729864932466,0.9403523708194169,1.2682384966268343,0.9286078922525666,0.7070453475457767,1.1503509110800183,0.9116939963002266
6.124969359679839,0.9430454232604027,1.2673529501756728,0.9318800935616025,0.7077978064532651,1.1466550769030017,0.9127103377402198
6.130208854427213,0.945738475701389,1.2664674037245114,0.935152294870639,0.7085502653607535,1.1429592427259845,0.9137266791802131
6.135448349174586,0.948431528142375,1.26558185727335,0.9384244961796748,0.7093027242682418,1.139263408548968,0.9147430206202063
6.1406878439219605,0.9511245805833612,1.2646963108221885,0.9416966974887113,0.7100551831757304,1.1355675743719507,0.9157593620601997
6.145927338669334,0.9538176330243471,1.2638107643710272,0.9449688987977473,0.7108076420832187,1.131871740194934,0.9167757035001929
6.151166833416708,0.9565106854653335,1.2629252179198656,0.9482411001067836,0.7115601009907071,1.1281759060179168,0.9177920449401862
6.156406328164081,0.9592037379063193,1.2620396714687043,0.9515133014158196,0.7123125598981954,1.1244800718409003,0.9188083863801794
6.1616458229114555,0.9618967903473057,1.2611541250175426,0.9547855027248561,0.7130650188056838,1.120784237663883,0.9198247278201728
6.166885317658829,0.9645898427882915,1.2602685785663814,0.9580577040338919,0.7138174777131722,1.1170884034868664,0.920841069260166
6.172124812406202,0.9666566949612708,1.2611635518025823,0.9606219383986502,0.713779027727544,1.1139191334355532,0.9233224747813794
6.177364307153576,0.9683775532118498,1.2630423141267428,0.9627950003661815,0.71330357749747,1.1110408054303482,0.926613370962256
6.1826038019009495,0.9700984114624286,1.264921076450903,0.9649680623337124,0.7128281272673961,1.1081624774251437,0.9299042671431321
6.187843296648324,0.9718192697130076,1.2667998387750634,0.9671411243012437,0.7123526770373221,1.1052841494199386,0.9331951633240088
6.193082791395697,0.9735401279635864,1.2686786010992235,0.9693141862687745,0.7118772268072482,1.102405821414734,0.9364860595048848
6.198322286143071,0.9752609862141653,1.270557363423384,0.9714872482363057,0.7114017765771743,1.0995274934095292,0.9397769556857614
6.203561780890444,0.9769818444647441,1.272436125747544,0.9736603102038367,0.7109263263471003,1.0966491654043244,0.9430678518666374
6.208801275637819,0.9787027027153231,1.2743148880717043,0.9758333721713679,0.7104508761170264,1.0937708373991195,0.9463587480475141
6.214040770385192,0.9804235609659019,1.2761936503958646,0.9780064341388988,0.7099754258869525,1.090892509393915,0.9496496442283902
6.219280265132566,0.982144419216481,1.278072412720025,0.9801794961064301,0.7094999756568785,1.0880141813887099,0.9529405404092668
6.224519759879939,0.9843563196441563,1.2803028109585026,0.9780129565127488,0.7104351639541062,1.0856196263339364,0.9554455453792761
6.229759254627313,0.9868640286122511,1.2827450380610268,0.9732321991111085,0.7122201344966962,1.0835165007673744,0.9574771219090042
6.234998749374687,0.9893717375803464,1.2851872651635516,0.9684514417094674,0.7140051050392866,1.081413375200812,0.9595086984387328
6.24023824412206,0.9918794465484413,1.2876294922660758,0.9636706843078271,0.7157900755818766,1.07931024963425,0.9615402749684608
6.245477738869434,0.9943871555165366,1.2900717193686007,0.958889926906186,0.717575046124467,1.0772071240676877,0.9635718514981894
6.2507172336168075,0.9968948644846314,1.2925139464711248,0.9541091695045457,0.7193600166670571,1.0751039985011255,0.9656034280279175
6.255956728364182,0.9994025734527268,1.2949561735736497,0.9493284121029046,0.7211449872096474,1.0730008729345633,0.967635004557646
6.261196223111555,1.0019102824208217,1.2973984006761738,0.9445476547012644,0.7229299577522375,1.0708977473680013,0.9696665810873741
6.266435717858929,1.0044179913889169,1.2998406277786987,0.9397668972996234,0.7247149282948278,1.0687946218014388,0.9716981576171027
6.2716752126063025,1.0069257003570118,1.3022828548812229,0.9349861398979831,0.7264998988374178,1.0666914962348768,0.9737297341468307
6.276914707353677,1.0091170008470045,1.302098776502133,0.9330719204092348,0.7273504965166855,1.063384821644697,0.9757522143056536
6.28215420210105,1.0111008634135938,1.3001928878902835,0.9330370079339189,0.7275885177959323,1.0592890983170424,0.9777687308686126
6.287393696848423,1.0130847259801832,1.2982869992784338,0.9330020954586029,0.727826539075179,1.0551933749893878,0.9797852474315716
6.292633191595797,1.0150685885467727,1.296381110666584,0.9329671829832868,0.7280645603544259,1.0510976516617325,0.9818017639945309
6.297872686343171,1.0170524511133618,1.2944752220547344,0.9329322705079709,0.7283025816336727,1.0470019283340781,0.9838182805574899
6.303112181090545,1.0190363136799514,1.2925693334428845,0.9328973580326549,0.7285406029129196,1.0429062050064228,0.9858347971204492
6.308351675837918,1.0210201762465407,1.2906634448310348,0.9328624455573389,0.7287786241921663,1.0388104816787682,0.9878513136834082
6.313591170585292,1.0230040388131303,1.2887575562191849,0.9328275330820229,0.7290166454714132,1.034714758351113,0.9898678302463676
6.318830665332666,1.0249879013797196,1.2868516676073354,0.932792620606707,0.72925466675066,1.0306190350234585,0.9918843468093266
6.32407016008004,1.0269717639463092,1.2849457789954855,0.9327577081313909,0.7294926880299069,1.0265233116958032,0.9939008633722859
6.329309654827413,1.0286446158808287,1.2848573727620265,0.9330888165168568,0.7293611949575539,1.0236650388765314,0.9957158931624419
6.334549149574786,1.0300958894251182,1.286063825218752,0.9336806951293175,0.7289664427334175,1.0216883831576526,0.9973873744363521
6.3397886443221605,1.031547162969408,1.2872702776754774,0.9342725737417782,0.728571690509281,1.0197117274387735,0.9990588557102625
6.345028139069534,1.0329984365136975,1.2884767301322029,0.9348644523542389,0.7281769382851445,1.0177350717198945,1.0007303369841727
6.350267633816908,1.0344497100579872,1.2896831825889286,0.9354563309666997,0.727782186061008,1.0157584160010154,1.0024018182580832
6.355507128564281,1.0359009836022768,1.290889635045654,0.9360482095791604,0.7273874338368714,1.0137817602821366,1.0040732995319934
6.360746623311655,1.0373522571465668,1.2920960875023795,0.9366400881916211,0.7269926816127349,1.0118051045632575,1.005744780805904
6.365986118059029,1.0388035306908563,1.293302539959105,0.9372319668040818,0.7265979293885985,1.0098284488443787,1.007416262079814
6.371225612806403,1.040254804235146,1.2945089924158306,0.9378238454165426,0.7262031771644619,1.0078517931254996,1.0090877433537244
6.376465107553776,1.0417060777794356,1.2957154448725559,0.9384157240290033,0.7258084249403254,1.0058751374066206,1.0107592246276347
6.38170460230115,1.0437463534440552,1.2958680167095167,0.938539117656147,0.7256458882813722,1.003394129979924,1.0123773426478175
6.386944097048524,1.04624212408173,1.295205587533859,0.9383002162279787,0.7256629316594942,1.0005230905658493,1.0139541930851177
6.392183591795897,1.0487378947194046,1.2945431583582014,0.9380613147998103,0.7256799750376163,0.9976520511517742,1.0155310435224176
6.397423086543271,1.0512336653570797,1.2938807291825438,0.9378224133716418,0.7256970184157383,0.9947810117376988,1.017107893959718
6.402662581290644,1.0537294359947544,1.2932183000068862,0.9375835119434734,0.7257140617938603,0.9919099723236239,1.0186847443970182
6.4079020760380185,1.0562252066324296,1.2925558708312284,0.937344610515305,0.7257311051719824,0.9890389329095485,1.0202615948343186
6.413141570785392,1.0587209772701043,1.2918934416555707,0.9371057090871368,0.7257481485501044,0.9861678934954735,1.0218384452716187
6.418381065532766,1.0612167479077794,1.291231012479913,0.9368668076589683,0.7257651919282264,0.9832968540813981,1.0234152957089189
6.423620560280139,1.0637125185454541,1.2905685833042553,0.9366279062308,0.7257822353063484,0.9804258146673231,1.024992146146219
6.4288600550275135,1.0662082891831293,1.2899061541285977,0.9363890048026315,0.7257992786844706,0.9775547752532477,1.0265689965835194
6.434099549774887,1.0679810921554664,1.289332093636083,0.9355672959352581,0.7266224624939209,0.9752508490046894,1.0284775792457954
6.43933904452226,1.0691475351504236,1.288832148813301,0.9342567808285513,0.7281217640844854,0.9734225660562419,1.0306643889354707
6.444578539269634,1.0703139781453808,1.2883322039905192,0.9329462657218442,0.72962106567505,0.9715942831077939,1.0328511986251465
6.4498180340170075,1.071480421140338,1.2878322591677374,0.9316357506151375,0.7311203672656145,0.9697660001593463,1.0350380083148216
6.455057528764382,1.0726468641352953,1.2873323143449553,0.9303252355084305,0.7326196688561791,0.9679377172108985,1.0372248180044974
6.460297023511755,1.0738133071302525,1.2868323695221735,0.9290147204017236,0.7341189704467436,0.9661094342624509,1.0394116276941727
6.465536518259129,1.0749797501252099,1.2863324246993917,0.9277042052950166,0.7356182720373082,0.964281151314003,1.0415984373838483
6.470776013006502,1.076146193120167,1.2858324798766099,0.9263936901883099,0.7371175736278727,0.9624528683655554,1.0437852470735236
6.476015507753877,1.0773126361151244,1.2853325350538278,0.9250831750816029,0.7386168752184373,0.9606245854171076,1.0459720567631992
6.48125500250125,1.0784790791100816,1.284832590231046,0.923772659974896,0.7401161768090018,0.95879630246866,1.0481588664528745
6.486494497248624,1.0799751453091742,1.284215201071019,0.9227817326631517,0.7427491801344691,0.9570251801446208,1.0501603775406683
6.491733991995997,1.0817708689665713,1.2834910443316787,0.9220813397104644,0.7464128214007567,0.9553060220245896,1.0519934353540237
6.496973486743371,1.0835665926239684,1.2827668875923381,0.9213809467577772,0.7500764626670442,0.9535868639045585,1.0538264931673789
6.502212981490745,1.0853623162813657,1.2820427308529976,0.9206805538050897,0.7537401039333325,0.9518677057845271,1.0556595509807347
6.507452476238118,1.0871580399387628,1.2813185741136572,0.9199801608524024,0.75740374519962,0.9501485476644959,1.05749260879409
6.512691970985492,1.0889537635961604,1.2805944173743167,0.9192797678997151,0.7610673864659081,0.9484293895444644,1.0593256666074455
6.5179314657328655,1.0907494872535575,1.279870260634976,0.9185793749470278,0.7647310277321957,0.9467102314244332,1.061158724420801
6.52317096048024,1.0925452109109548,1.2791461038956355,0.9178789819943405,0.7683946689984839,0.9449910733044018,1.0629917822341566
6.528410455227613,1.094340934568352,1.2784219471562952,0.9171785890416532,0.7720583102647715,0.9432719151843707,1.064824840047512
6.533649949974987,1.0961366582257492,1.2776977904169546,0.9164781960889657,0.7757219515310596,0.9415527570643393,1.0666578978608676
6.5388894447223604,1.0978616413934266,1.2769095369644883,0.9170159532472795,0.7771496122004004,0.9392897028209207,1.0683467761130065
6.544128939469735,1.099516939899589,1.276058143466256,0.9187733806641918,0.7763746651175241,0.9364908703067022,1.0698936267376788
6.549368434217108,1.101172238405751,1.2752067499680237,0.9205308080811039,0.775599718034648,0.9336920377924841,1.071440477362351
6.554607928964481,1.1028275369119132,1.2743553564697916,0.922288235498016,0.7748247709517718,0.930893205278266,1.072987327987023
6.559847423711855,1.1044828354180756,1.2735039629715594,0.9240456629149283,0.7740498238688955,0.9280943727640475,1.0745341786116953
6.565086918459229,1.1061381339242375,1.2726525694733273,0.9258030903318403,0.7732748767860194,0.9252955402498294,1.0760810292363674
6.570326413206603,1.1077934324304,1.271801175975095,0.9275605177487527,0.7724999297031431,0.9224967077356109,1.07762787986104
6.575565907953976,1.109448730936562,1.2709497824768627,0.9293179451656647,0.7717249826202669,0.9196978752213928,1.079174730485712
6.58080540270135,1.1111040294427244,1.2700983889786306,0.9310753725825771,0.7709500355373906,0.9168990427071742,1.0807215811103843
6.586044897448724,1.1127593279488865,1.2692469954803984,0.9328327999994891,0.7701750884545145,0.9141002101929561,1.0822684317350564
6.591284392196098,1.1142748735514973,1.2684623590762445,0.9326289843898402,0.7713999895968825,0.9122458845366542,1.084038797115266
6.596523886943471,1.1156412528425452,1.267748976357998,0.9303318213010647,0.7747594437672306,0.9113996853711858,1.0860477326490545
6.601763381690844,1.117007632133593,1.2670355936397517,0.9280346582122891,0.7781188979375786,0.9105534862057172,1.0880566681828427
6.6070028764382185,1.1183740114246414,1.2663222109215053,0.9257374951235131,0.7814783521079272,0.9097072870402485,1.0900656037166314
6.612242371185592,1.1197403907156893,1.2656088282032592,0.9234403320347375,0.7848378062782753,0.9088610878747799,1.0920745392504196
6.617481865932966,1.1211067700067374,1.2648954454850125,0.9211431689459616,0.7881972604486238,0.9080148887093112,1.0940834747842083
6.622721360680339,1.1224731492977853,1.2641820627667664,0.918846005857186,0.7915567146189718,0.9071686895438428,1.0960924103179965
6.627960855427713,1.1238395285888336,1.2634686800485198,0.91654884276841,0.7949161687893205,0.9063224903783741,1.0981013458517852
6.633200350175087,1.1252059078798815,1.2627552973302736,0.9142516796796344,0.7982756229596685,0.9054762912129055,1.1001102813855734
6.638439844922461,1.1265722871709296,1.2620419146120272,0.9119545165908585,0.801635077130017,0.9046300920474368,1.102119216919362
6.643679339669834,1.1283558673589094,1.260431210889798,0.9094410133094102,0.8043696509401153,0.9035042989480226,1.1050304507557511
6.648918834417208,1.1306220475033406,1.2577825250332313,0.9066772570483292,0.8063813901713304,0.9020550836763683,1.1089854242502846
6.654158329164582,1.1328882276477712,1.255133839176665,0.9039135007872487,0.808393129402545,0.9006058684047142,1.1129403977448176
6.659397823911955,1.1351544077922018,1.2524851533200991,0.9011497445261683,0.8104048686337597,0.89915665313306,1.1168953712393503
6.664637318659329,1.1374205879366328,1.2498364674635325,0.8983859882650872,0.8124166078649747,0.8977074378614057,1.1208503447338838
6.669876813406702,1.1396867680810636,1.2471877816069663,0.8956222320040068,0.8144283470961895,0.8962582225897516,1.1248053182284166
6.6751163081540765,1.1419529482254946,1.2445390957503997,0.8928584757429258,0.8164400863274045,0.8948090073180973,1.12876029172295
6.68035580290145,1.1442191283699252,1.2418904098938335,0.8900947194818453,0.8184518255586192,0.8933597920464432,1.132715265217483
6.685595297648824,1.1464853085143563,1.239241724037267,0.8873309632207643,0.8204635647898342,0.8919105767747888,1.1366702387120164
6.690834792396197,1.1487514886587868,1.2365930381807009,0.8845672069596838,0.8224753040210488,0.8904613615031347,1.1406252122065492
6.6960742871435714,1.1505790931889261,1.2346703447045915,0.8813303194764488,0.8241604102170539,0.8892022811202465,1.1421067321622886
6.701313781890945,1.1518566198299531,1.2336582179429543,0.8775000131722076,0.8254358410807612,0.8881816750046242,1.1404859544592012
6.706553276638319,1.1531341464709803,1.2326460911813168,0.8736697068679657,0.8267112719444687,0.8871610688890018,1.1388651767561133
6.711792771385692,1.1544116731120073,1.2316339644196794,0.8698394005637246,0.827986702808176,0.8861404627733795,1.1372443990530259
6.7170322661330655,1.155689199753034,1.2306218376580422,0.8660090942594832,0.8292621336718833,0.8851198566577574,1.1356236213499384
6.72227176088044,1.1569667263940613,1.2296097108964048,0.8621787879552414,0.8305375645355907,0.884099250542135,1.1340028436468508
6.727511255627813,1.1582442530350883,1.2285975841347676,0.8583484816510002,0.831812995399298,0.8830786444265127,1.1323820659437633
6.732750750375187,1.1595217796761155,1.2275854573731302,0.8545181753467583,0.8330884262630055,0.8820580383108904,1.1307612882406757
6.73799024512256,1.1607993063171425,1.2265733306114928,0.850687869042517,0.8343638571267128,0.8810374321952681,1.1291405105375882
6.743229739869935,1.1620768329581697,1.2255612038498553,0.8468575627382752,0.8356392879904203,0.8800168260796457,1.1275197328345004
6.748469234617308,1.1621860713671082,1.224664510730809,0.845214474239355,0.8372186097136003,0.8787436660453545,1.1272843729095219
6.753708729364682,1.1607053317087064,1.2239249166519752,0.8465480726944233,0.8392115107129863,0.8771267935773713,1.1289344928009053
6.758948224112055,1.159224592050305,1.2231853225731415,0.8478816711494914,0.8412044117123719,0.8755099211093883,1.1305846126922887
6.764187718859429,1.1577438523919035,1.2224457284943078,0.8492152696045595,0.8431973127117576,0.8738930486414054,1.132234732583672
6.769427213606803,1.156263112733502,1.2217061344154738,0.8505488680596278,0.8451902137111436,0.8722761761734222,1.1338848524750553
6.774666708354176,1.1547823730751003,1.22096654033664,0.8518824665146959,0.8471831147105292,0.8706593037054393,1.1355349723664387
6.77990620310155,1.1533016334166988,1.2202269462578061,0.8532160649697642,0.8491760157099152,0.8690424312374561,1.1371850922578222
6.7851456978489235,1.1518208937582972,1.2194873521789724,0.8545496634248323,0.8511689167093007,0.8674255587694731,1.1388352121492054
6.790385192596298,1.1503401540998954,1.2187477581001387,0.8558832618799007,0.8531618177086867,0.8658086863014899,1.140485332040589
6.795624687343671,1.148859414441494,1.218008164021305,0.8572168603349688,0.8551547187080724,0.864191813833507,1.1421354519319722
6.800864182091045,1.148802109163637,1.2164042726671807,0.8572818836313685,0.8580970999394836,0.8628076461468288,1.1427502831386442
6.806103676838418,1.1508490112309335,1.213522724471323,0.8554716219106052,0.8624430606443234,0.861767476832515,1.1418346875940033
6.811343171585793,1.1528959132982306,1.2106411762754645,0.8536613601898416,0.866789021349164,0.8607273075182009,1.1409190920493621
6.816582666333166,1.1549428153655272,1.2077596280796066,0.8518510984690784,0.8711349820540039,0.8596871382038871,1.140003496504721
6.821822161080539,1.1569897174328239,1.2048780798837488,0.8500408367483152,0.8754809427588437,0.8586469688895733,1.13908790096008
6.827061655827913,1.159036619500121,1.2019965316878904,0.8482305750275516,0.8798269034636842,0.8576067995752593,1.138172305415439
6.832301150575287,1.1610835215674176,1.1991149834920325,0.8464203133067884,0.884172864168524,0.8565666302609455,1.1372567098707977
6.837540645322661,1.1631304236347144,1.196233435296174,0.8446100515860248,0.8885188248733646,0.8555264609466314,1.1363411143261566
6.842780140070034,1.165177325702011,1.1933518871003164,0.8427997898652615,0.8928647855782045,0.8544862916323176,1.1354255187815157
6.848019634817408,1.1672242277693081,1.190470338904458,0.840989528144498,0.897210746283045,0.8534461223180035,1.1345099232368745
6.853259129564782,1.168579687378882,1.1879527168357793,0.839918292588275,0.9010343009470372,0.8527013071434401,1.1344038434990606
6.858498624312156,1.1688234159779993,1.1860202308931536,0.840035295178961,0.9040179086433918,0.852431375095534,1.1355993381957545
6.863738119059529,1.1690671445771168,1.184087744950528,0.840152297769647,0.9070015163397459,0.8521614430476281,1.136794832892448
6.868977613806902,1.169310873176234,1.1821552590079025,0.8402693003603329,0.9099851240361,0.851891510999722,1.1379903275891416
6.8742171085542765,1.1695546017753513,1.1802227730652768,0.8403863029510189,0.9129687317324546,0.8516215789518161,1.1391858222858355
6.87945660330165,1.1697983303744686,1.1782902871226513,0.8405033055417048,0.9159523394288087,0.8513516469039101,1.1403813169825292
6.884696098049024,1.170042058973586,1.1763578011800255,0.8406203081323909,0.9189359471251634,0.8510817148560041,1.141576811679223
6.889935592796397,1.1702857875727033,1.1744253152374,0.8407373107230768,0.9219195548215174,0.8508117828080981,1.1427723063759168
6.895175087543771,1.1705295161718205,1.1724928292947743,0.8408543133137628,0.924903162517872,0.8505418507601922,1.1439678010726104
6.900414582291145,1.1707732447709378,1.1705603433521488,0.8409713159044487,0.9278867702142262,0.8502719187122862,1.145163295769304
6.905654077038519,1.1717734988019415,1.1683882869187814,0.8404275380382028,0.9303140822604616,0.8496602602197754,1.146559452109644
6.910893571785892,1.1740989766929386,1.1657965690740464,0.8387262550956763,0.931766917788557,0.8484499912656811,1.1483071122947155
6.916133066533266,1.1764244545839362,1.1632048512293112,0.8370249721531495,0.9332197533166526,0.8472397223115866,1.1500547724797874
6.92137256128064,1.1787499324749335,1.1606131333845762,0.835323689210623,0.9346725888447481,0.8460294533574922,1.1518024326648588
6.926612056028013,1.1810754103659307,1.1580214155398412,0.8336224062680966,0.9361254243728435,0.844819184403398,1.1535500928499303
6.931851550775387,1.1834008882569282,1.1554296976951057,0.8319211233255699,0.9375782599009391,0.8436089154493035,1.1552977530350022
6.93709104552276,1.1857263661479256,1.1528379798503707,0.8302198403830434,0.9390310954290346,0.8423986464952091,1.1570454132200736
6.9423305402701345,1.1880518440389232,1.1502462620056353,0.8285185574405166,0.9404839309571302,0.8411883775411146,1.1587930734051455
6.947570035017508,1.1903773219299203,1.1476545441609005,0.8268172744979901,0.9419367664852256,0.8399781085870204,1.160540733590217
6.952809529764882,1.1927027998209179,1.145062826316165,0.8251159915554633,0.9433896020133213,0.8387678396329259,1.1622883937752888
6.958049024512255,1.1938856871474908,1.142985265119172,0.823527925316761,0.9453738095824156,0.8382140532891479,1.1634351622197956
6.963288519259629,1.1928834742705652,1.1418909815988834,0.822156375694131,0.9483742176970704,0.8389157300395522,1.1634327800363609
6.968528014007003,1.1918812613936396,1.1407966980785949,0.8207848260715013,0.9513746258117248,0.8396174067899564,1.1634303978529261
6.973767508754377,1.1908790485167138,1.1397024145583061,0.8194132764488713,0.9543750339263797,0.8403190835403608,1.1634280156694912
6.97900700350175,1.1898768356397882,1.1386081310380176,0.8180417268262415,0.9573754420410341,0.841020760290765,1.1634256334860564
6.9842464982491235,1.1888746227628626,1.137513847517729,0.8166701772036117,0.9603758501556884,0.8417224370411692,1.1634232513026217
6.989485992996498,1.1878724098859368,1.1364195639974404,0.8152986275809817,0.9633762582703433,0.8424241137915736,1.163420869119187
6.994725487743871,1.1868701970090112,1.1353252804771519,0.813927077958352,0.9663766663849976,0.8431257905419778,1.1634184869357522
6.999964982491245,1.1858679841320854,1.1342309969568631,0.812555528335722,0.9693770744996526,0.8438274672923821,1.1634161047523175
7.005204477238618,1.1848657712551598,1.1331367134365746,0.8111839787130922,0.9723774826143069,0.8445291440427863,1.1634137225688825
7.010443971985993,1.1842065755538673,1.1315034692535995,0.8105727436614121,0.9749600730571303,0.8448207661404495,1.1634676540514701
7.015683466733366,1.184265322778319,1.1287421678696528,0.811552864688465,0.9766681613961193,0.8442541343137706,1.1636394513466626
7.02092296148074,1.184324070002771,1.1259808664857056,0.812532985715518,0.9783762497351086,0.8436875024870915,1.163811248641855
7.026162456228113,1.1843828172272228,1.123219565101759,0.8135131067425709,0.9800843380740977,0.8431208706604124,1.1639830459370475
7.031401950975487,1.1844415644516746,1.1204582637178122,0.8144932277696239,0.9817924264130867,0.8425542388337334,1.1641548432322397
7.036641445722861,1.1845003116761266,1.117696962333865,0.8154733487966769,0.9835005147520761,0.8419876070070542,1.1643266405274322
7.041880940470234,1.1845590589005783,1.1149356609499184,0.8164534698237298,0.9852086030910652,0.8414209751803752,1.1644984378226246
7.047120435217608,1.18461780612503,1.112174359565971,0.8174335908507828,0.9869166914300544,0.840854343353696,1.164670235117817
7.0523599299649815,1.184676553349482,1.1094130581820243,0.8184137118778357,0.9886247797690435,0.840287711527017,1.1648420324130095
7.057599424712356,1.1847353005739338,1.1066517567980771,0.8193938329048889,0.9903328681080329,0.8397210797003379,1.165013829708202
7.062838919459729,1.1849991836346325,1.1044377725718075,0.820376688748841,0.9923536534297512,0.8394134609245133,1.1647669018672158
7.068078414207103,1.1857343705174528,1.1034812608235067,0.8213658278911239,0.9950928665299723,0.8397009299845362,1.1635579443745134
7.073317908954476,1.1864695574002726,1.1025247490752061,0.8223549670334065,0.9978320796301928,0.839988399044559,1.162348986881811
7.078557403701851,1.1872047442830926,1.1015682373269053,0.8233441061756894,1.0005712927304138,0.8402758681045819,1.1611400293891088
7.083796898449224,1.1879399311659127,1.1006117255786048,0.8243332453179721,1.0033105058306344,0.8405633371646047,1.1599310718964064
7.089036393196597,1.1886751180487325,1.0996552138303042,0.8253223844602547,1.006049718930855,0.8408508062246276,1.158722114403704
7.094275887943971,1.1894103049315528,1.0986987020820034,0.8263115236025377,1.008788932031076,0.8411382752846505,1.1575131569110018
7.099515382691345,1.1901454918143726,1.0977421903337028,0.8273006627448203,1.0115281451312965,0.8414257443446733,1.1563041994182994
7.104754877438719,1.1908806786971926,1.096785678585402,0.8282898018871032,1.0142673582315176,0.8417132134046962,1.155095241925597
7.109994372186092,1.1916158655800126,1.0958291668371014,0.8292789410293858,1.017006571331738,0.842000682464719,1.1538862844328948
7.115233866933466,1.1921443533097669,1.0941957894171896,0.8296910574836645,1.0198115472885925,0.8422411526610597,1.153384944584534
7.1204733616808396,1.1921496909706997,1.0908492829523164,0.8286427448337909,1.0227829672896689,0.8423626699811779,1.1546745662076934
7.125712856428214,1.1921550286316327,1.0875027764874425,0.8275944321839169,1.0257543872907458,0.8424841873012963,1.1559641878308529
7.130952351175587,1.1921603662925655,1.0841562700225693,0.8265461195340432,1.0287258072918222,0.8426057046214145,1.1572538094540121
7.13619184592296,1.1921657039534985,1.0808097635576959,0.8254978068841695,1.0316972272928986,0.8427272219415328,1.1585434310771714
7.1414313406703345,1.1921710416144313,1.077463257092822,0.8244494942342957,1.0346686472939755,0.842848739261651,1.159833052700331
7.146670835417708,1.1921763792753641,1.0741167506279488,0.823401181584422,1.0376400672950519,0.8429702565817694,1.1611226743234904
7.151910330165082,1.1921817169362972,1.0707702441630749,0.8223528689345482,1.0406114872961287,0.8430917739018876,1.1624122959466499
7.157149824912455,1.19218705459723,1.0674237376982014,0.8213045562846745,1.0435829072972052,0.843213291222006,1.1637019175698091
7.162389319659829,1.1921923922581628,1.0640772312333275,0.8202562436348005,1.0465543272982822,0.8433348085421242,1.1649915391929686
7.167628814407203,1.1921118103798711,1.0613090440106738,0.8193149632995971,1.0493984774117984,0.8432224715830015,1.1656072169858842
7.172868309154577,1.1917906537917504,1.060160150666236,0.8186733734454701,1.051886271840146,0.8424553426420031,1.1643358520541165
7.17810780390195,1.1914694972036297,1.059011257321798,0.8180317835913432,1.0543740662684935,0.8416882137010049,1.1630644871223488
7.183347298649324,1.191148340615509,1.0578623639773599,0.8173901937372163,1.0568618606968414,0.8409210847600066,1.1617931221905808
7.188586793396698,1.1908271840273883,1.0567134706329222,0.8167486038830895,1.0593496551251889,0.8401539558190084,1.1605217572588133
7.193826288144071,1.1905060274392676,1.0555645772884843,0.8161070140289626,1.061837449553536,0.8393868268780103,1.1592503923270456
7.199065782891445,1.1901848708511469,1.0544156839440462,0.8154654241748356,1.064325243981884,0.8386196979370119,1.1579790273952777
7.204305277638818,1.1898637142630262,1.0532667905996085,0.8148238343207088,1.0668130384102315,0.8378525689960137,1.15670766246351
7.2095447723861925,1.1895425576749055,1.0521178972551704,0.8141822444665818,1.0693008328385791,0.8370854400550154,1.1554362975317423
7.214784267133566,1.1892214010867848,1.0509690039107324,0.813540654612455,1.0717886272669266,0.8363183111140172,1.1541649325999745
7.22002376188094,1.1889482022228113,1.0494368171716346,0.8133737046070532,1.0738453414308504,0.8359273669923517,1.1534018400207031
7.225263256628313,1.1888243150360793,1.0467112839873063,0.8146844992853116,1.0745599294106896,0.8367076374628363,1.1542212036316792
7.230502751375687,1.1887004278493476,1.0439857508029777,0.8159952939635704,1.075274517390529,0.837487907933321,1.1550405672426554
7.235742246123061,1.1885765406626156,1.0412602176186496,0.817306088641829,1.0759891053703683,0.8382681784038056,1.1558599308536315
7.240981740870435,1.188452653475884,1.038534684434321,0.8186168833200876,1.0767036933502077,0.8390484488742903,1.1566792944646076
7.246221235617808,1.188328766289152,1.035809151249993,0.8199276779983462,1.077418281330047,0.8398287193447749,1.1574986580755835
7.2514607303651815,1.1882048791024202,1.0330836180656648,0.8212384726766047,1.0781328693098862,0.8406089898152594,1.1583180216865596
7.256700225112556,1.1880809919156883,1.0303580848813363,0.8225492673548634,1.0788474572897258,0.8413892602857442,1.1591373852975357
7.261939719859929,1.1879571047289565,1.0276325516970082,0.823860062033122,1.079562045269565,0.8421695307562288,1.1599567489085119
7.267179214607303,1.1878332175422246,1.0249070185126796,0.8251708567113807,1.0802766332494043,0.8429498012267135,1.160776112519488
7.272418709354676,1.187475720451258,1.0223614062052542,0.825224535558113,1.0815884524282982,0.8438008012053114,1.1611302005485558
7.2776582041020506,1.1863045259410452,1.0204424845926596,0.8208994963399727,1.08498051510952,0.8448981623919452,1.1598636657642332
7.282897698849424,1.1851333314308325,1.018523562980065,0.8165744571218332,1.0883725777907414,0.8459955235785785,1.1585971309799108
7.288137193596798,1.18396213692062,1.0166046413674705,0.8122494179036929,1.0917646404719632,0.8470928847652123,1.1573305961955882
7.293376688344171,1.1827909424104073,1.014685719754876,0.8079243786855533,1.0951567031531846,0.8481902459518457,1.1560640614112658
7.298616183091545,1.1816197479001946,1.0127667981422817,0.8035993394674138,1.0985487658344057,0.8492876071384792,1.1547975266269435
7.303855677838919,1.180448553389982,1.0108478765296869,0.7992743002492735,1.1019408285156276,0.8503849683251128,1.1535309918426209
7.309095172586292,1.1792773588797694,1.0089289549170926,0.794949261031134,1.105332891196849,0.8514823295117463,1.1522644570582985
7.314334667333666,1.1781061643695565,1.0070100333044978,0.7906242218129936,1.1087249538780708,0.8525796906983799,1.150997922273976
7.3195741620810395,1.176934969859344,1.0050911116919035,0.7862991825948541,1.112117016559292,0.8536770518850134,1.1497313874896535
7.324813656828414,1.1756596317713124,1.0029254402103545,0.7837415084260372,1.115289637271285,0.8547186241754119,1.1486659173737575
7.330053151575787,1.1739754337111037,0.9997910470210596,0.7881223785249347,1.1176007450670455,0.8555411733917017,1.148389812252425
7.335292646323161,1.1722912356508945,0.9966566538317642,0.7925032486238329,1.1199118528628065,0.8563637226079915,1.1481137071310925
7.340532141070534,1.1706070375906859,0.9935222606424692,0.7968841187227305,1.1222229606585672,0.8571862718242812,1.1478376020097598
7.345771635817909,1.1689228395304767,0.9903878674531736,0.8012649888216287,1.1245340684543281,0.8580088210405711,1.1475614968884273
7.351011130565282,1.1672386414702678,0.9872534742638788,0.8056458589205262,1.1268451762500886,0.8588313702568608,1.1472853917670947
7.356250625312655,1.165554443410059,0.9841190810745838,0.8100267290194237,1.1291562840458491,0.8596539194731506,1.1470092866457622
7.361490120060029,1.16387024534985,0.9809846878852883,0.814407599118322,1.1314673918416103,0.8604764686894405,1.1467331815244297
7.366729614807403,1.1621860472896413,0.9778502946959934,0.8187884692172195,1.1337784996373708,0.8612990179057303,1.146457076403097
7.371969109554777,1.1605018492294321,0.9747159015066978,0.8231693393161177,1.1360896074331317,0.8621215671220201,1.1461809712817645
7.37720860430215,1.1589837867654578,0.9722464534426317,0.8270761498635867,1.138328579034389,0.8628250771695559,1.1456433746876333
7.382448099049524,1.1582076449093253,0.9727464863487677,0.8288659273457704,1.1402454081780027,0.8629969876415604,1.1439380216533321
7.3876875937968975,1.157431503053193,0.9732465192549036,0.8306557048279537,1.142162237321616,0.8631688981135648,1.1422326686190312
7.392927088544272,1.1566553611970607,0.9737465521610396,0.8324454823101374,1.1440790664652296,0.8633408085855692,1.14052731558473
7.398166583291645,1.1558792193409284,0.9742465850671755,0.8342352597923208,1.1459958956088427,0.8635127190575735,1.138821962550429
7.403406078039019,1.1551030774847961,0.9747466179733115,0.8360250372745045,1.1479127247524565,0.8636846295295779,1.1371166095161278
7.4086455727863925,1.1543269356286638,0.9752466508794474,0.8378148147566878,1.1498295538960697,0.8638565400015824,1.1354112564818268
7.413885067533766,1.1535507937725316,0.9757466837855833,0.8396045922388712,1.151746383039683,0.8640284504735868,1.1337059034475259
7.41912456228114,1.1527746519163993,0.9762467166917193,0.8413943697210549,1.1536632121832966,0.8642003609455912,1.1320005504132247
7.424364057028513,1.151998510060267,0.9767467495978552,0.8431841472032383,1.1555800413269097,0.8643722714175955,1.1302951973789237
7.429603551775887,1.1512852974180534,0.9765042920299645,0.8444799830753192,1.1572951978806953,0.8646667205433713,1.1288996510420097
7.434843046523261,1.1508954441212083,0.9724465757186109,0.8432377189816398,1.1579740675882868,0.8655908298285264,1.1290960345039782
7.440082541270635,1.150505590824363,0.9683888594072567,0.8419954548879601,1.1586529372958785,0.8665149391136817,1.1292924179659467
7.445322036018008,1.150115737527518,0.9643311430959032,0.8407531907942807,1.15933180700347,0.8674390483988369,1.1294888014279152
7.450561530765382,1.1497258842306728,0.960273426784549,0.839510926700601,1.1600106767110616,0.8683631576839922,1.129685184889884
7.455801025512756,1.1493360309338274,0.9562157104731954,0.8382686626069216,1.160689546418653,0.8692872669691474,1.1298815683518524
7.461040520260129,1.1489461776369823,0.9521579941618419,0.8370263985132421,1.1613684161262448,0.8702113762543024,1.1300779518138209
7.466280015007503,1.148556324340137,0.9481002778504877,0.8357841344195625,1.1620472858338362,0.8711354855394577,1.1302743352757896
7.471519509754876,1.148166471043292,0.9440425615391341,0.834541870325883,1.1627261555414279,0.8720595948246129,1.130470718737758
7.4767590045022505,1.1477766177464468,0.9399848452277799,0.8332996062322033,1.1634050252490193,0.8729837041097682,1.1306671021997265
7.481998499249624,1.147191625476786,0.9364677205134153,0.8328395498038369,1.164076326118126,0.8738414971349642,1.1305392495103266
7.487237993996998,1.1454357993702307,0.9361941453809859,0.8370727393673512,1.1647022139563228,0.8743013926004052,1.1284659799127146
7.492477488744371,1.1436799732636758,0.9359205702485565,0.8413059289308646,1.1653281017945196,0.8747612880658461,1.1263927103151028
7.497716983491745,1.1419241471571207,0.935646995116127,0.8455391184943789,1.1659539896327165,0.875221183531287,1.1243194407174908
7.502956478239119,1.1401683210505658,0.9353734199836977,0.8497723080578925,1.1665798774709133,0.8756810789967279,1.122246171119879
7.508195972986493,1.1384124949440104,0.9350998448512682,0.8540054976214068,1.1672057653091101,0.8761409744621689,1.120172901522267
7.513435467733866,1.1366566688374555,0.9348262697188389,0.8582386871849202,1.167831653147307,0.8766008699276097,1.1180996319246552
7.5186749624812395,1.1349008427309006,0.9345526945864094,0.8624718767484338,1.1684575409855036,0.8770607653930506,1.1160263623270437
7.523914457228614,1.1331450166243455,0.93427911945398,0.8667050663119481,1.1690834288237006,0.8775206608584916,1.1139530927294314
7.529153951975987,1.1313891905177904,0.9340055443215506,0.8709382558754616,1.1697093166618973,0.8779805563239325,1.1118798231318199
7.534393446723361,1.1297771964914218,0.9335740364080901,0.8745087604045408,1.1704225820254335,0.8785926610500359,1.1102681420786324
7.539632941470734,1.1291925744663869,0.9320144372015506,0.8733458004019401,1.1717599725699637,0.8802919747808711,1.1119535220570502
7.5448724362181085,1.1286079524413517,0.9304548379950108,0.8721828403993391,1.1730973631144943,0.8819912885117065,1.1136389020354682
7.550111930965482,1.1280233304163165,0.9288952387884714,0.8710198803967384,1.1744347536590245,0.8836906022425417,1.115324282013886
7.555351425712856,1.1274387083912814,0.9273356395819317,0.8698569203941374,1.1757721442035551,0.8853899159733772,1.1170096619923042
7.560590920460229,1.1268540863662462,0.9257760403753921,0.8686939603915367,1.1771095347480853,0.8870892297042124,1.118695041970722
7.565830415207603,1.1262694643412112,0.9242164411688526,0.8675310003889359,1.1784469252926157,0.8887885434350477,1.1203804219491398
7.571069909954977,1.125684842316176,0.9226568419623129,0.866368040386335,1.1797843158371464,0.8904878571658832,1.122065801927558
7.57630940470235,1.1251002202911409,0.9210972427557734,0.8652050803837342,1.1811217063816766,0.8921871708967184,1.1237511819059758
7.581548899449724,1.1245155982661057,0.9195376435492336,0.8640421203811333,1.1824590969262072,0.8938864846275539,1.1254365618843938
7.5867883941970975,1.1237409103992848,0.9179855531799471,0.8632038027128593,1.1837578155111674,0.8955080218210346,1.1267471087976328
7.592027888944472,1.1213066232310143,0.9164990277798453,0.8652001668906627,1.1847188618637836,0.8964504370541995,1.124784723092965
7.597267383691845,1.1188723360627442,0.9150125023797437,0.8671965310684657,1.1856799082163996,0.8973928522873641,1.1228223373882975
7.602506878439219,1.1164380488944736,0.9135259769796419,0.8691928952462692,1.1866409545690157,0.898335267520529,1.1208599516836297
7.607746373186592,1.1140037617262033,0.9120394515795404,0.8711892594240722,1.187602000921632,0.8992776827536936,1.1188975659789622
7.612985867933967,1.1115694745579328,0.9105529261794385,0.8731856236018757,1.188563047274248,0.9002200979868584,1.1169351802742944
7.61822536268134,1.1091351873896627,0.909066400779337,0.8751819877796787,1.189524093626864,0.901162513220023,1.1149727945696268
7.623464857428713,1.1067009002213926,0.9075798753792353,0.8771783519574817,1.1904851399794802,0.9021049284531877,1.1130104088649593
7.628704352176087,1.104266613053122,0.9060933499791336,0.8791747161352852,1.1914461863320964,0.9030473436863525,1.1110480231602913
7.633943846923461,1.101832325884852,0.904606824579032,0.8811710803130882,1.1924072326847124,0.9039897589195172,1.109085637455624
7.639183341670835,1.0995421357332564,0.9031798474926802,0.8832596629957017,1.1933829299070935,0.9049052400161349,1.1070965659739203
7.644422836418208,1.0988501124938772,0.9024133153406475,0.8863710327316644,1.194521118594139,0.9055219970528664,1.104811524965094
7.649662331165582,1.098158089254498,0.9016467831886147,0.8894824024676276,1.1956593072811845,0.906138754089598,1.1025264839562674
7.6549018259129555,1.0974660660151188,0.900880251036582,0.8925937722035903,1.1967974959682297,0.9067555111263295,1.1002414429474412
7.66014132066033,1.0967740427757395,0.9001137188845493,0.8957051419395534,1.1979356846552753,0.9073722681630609,1.0979564019386145
7.665380815407703,1.0960820195363603,0.8993471867325166,0.8988165116755161,1.1990738733423207,0.9079890251997924,1.0956713609297881
7.670620310155077,1.095389996296981,0.8985806545804838,0.9019278814114794,1.2002120620293664,0.908605782236524,1.0933863199209615
7.6758598049024505,1.0946979730576019,0.897814122428451,0.9050392511474421,1.2013502507164115,0.9092225392732555,1.0911012789121353
7.681099299649824,1.0940059498182229,0.8970475902764184,0.9081506208834047,1.202488439403457,0.909839296309987,1.088816237903309
7.686338794397198,1.0933139265788436,0.8962810581243856,0.911261990619368,1.2036266280905026,0.9104560533467184,1.0865311968944824
7.691578289144571,1.0925876433402064,0.8954445655215381,0.9143059126801346,1.2047380890538169,0.9110685475851233,1.0844009378337331
7.696817783891945,1.0913488305126662,0.8935614645744961,0.9163408175199649,1.205449703270114,0.9116172703605626,1.0845862167162261
7.702057278639319,1.0901100176851262,0.8916783636274546,0.9183757223597949,1.206161317486411,0.9121659931360018,1.084771495598719
7.707296773386693,1.088871204857586,0.8897952626804125,0.9204106271996252,1.206872931702708,0.9127147159114409,1.084956774481212
7.712536268134066,1.087632392030046,0.887912161733371,0.9224455320394551,1.2075845459190049,0.9132634386868801,1.0851420533637048
7.71777576288144,1.0863935792025057,0.886029060786329,0.9244804368792855,1.208296160135302,0.9138121614623194,1.0853273322461978
7.723015257628814,1.0851547663749657,0.8841459598392873,0.9265153417191154,1.209007774351599,0.9143608842377585,1.0855126111286908
7.728254752376187,1.0839159535474259,0.8822628588922458,0.9285502465589455,1.2097193885678958,0.9149096070131977,1.0856978900111838
7.733494247123561,1.0826771407198856,0.8803797579452038,0.9305851513987757,1.210431002784193,0.915458329788637,1.0858831688936765
7.738733741870934,1.0814383278923456,0.8784966569981622,0.9326200562386057,1.21114261700049,0.916007052564076,1.0860684477761695
7.7439732366183085,1.0801245292809163,0.8766370550338425,0.9345124382955383,1.2117595323287749,0.9165916581977134,1.0861825286518596
7.749212731365682,1.077125755996212,0.8753054890342247,0.933202249583827,1.2102485079381964,0.9179825727626251,1.0846967484335064
7.754452226113056,1.074126982711507,0.8739739230346065,0.9318920608721155,1.2087374835476175,0.919373487327537,1.083210968215153
7.759691720860429,1.0711282094268026,0.8726423570349887,0.9305818721604041,1.207226459157039,0.9207644018924487,1.0817251879968
7.764931215607803,1.0681294361420979,0.8713107910353706,0.9292716834486926,1.2057154347664603,0.9221553164573606,1.0802394077784465
7.770170710355177,1.0651306628573936,0.8699792250357526,0.9279614947369812,1.2042044103758818,0.9235462310222723,1.0787536275600933
7.775410205102551,1.0621318895726888,0.8686476590361346,0.9266513060252697,1.202693385985303,0.9249371455871842,1.07726784734174
7.780649699849924,1.0591331162879845,0.8673160930365167,0.9253411173135584,1.2011823615947244,0.9263280601520959,1.0757820671233869
7.7858891945972974,1.0561343430032801,0.8659845270368989,0.924030928601847,1.1996713372041459,0.9277189747170076,1.0742962869050339
7.791128689344672,1.0531355697185751,0.8646529610372807,0.9227207398901355,1.1981603128135672,0.9291098892819195,1.0728105066866804
7.796368184092045,1.0501863864114203,0.8633501544986716,0.9214599932599954,1.1966942288257674,0.9305165876311035,1.0713921613627564
7.801607678839419,1.049386102131415,0.8632935912704494,0.9223417368312925,1.197175562291728,0.9326072499654209,1.072895994797449
7.806847173586792,1.0485858178514103,0.8632370280422271,0.9232234804025895,1.1976568957576883,0.9346979122997381,1.0743998282321416
7.8120866683341665,1.047785533571405,0.8631804648140049,0.9241052239738866,1.1981382292236489,0.9367885746340555,1.0759036616668343
7.81732616308154,1.0469852492914002,0.8631239015857827,0.9249869675451835,1.1986195626896095,0.9388792369683726,1.0774074951015267
7.822565657828914,1.046184965011395,0.8630673383575604,0.9258687111164806,1.1991008961555698,0.9409698993026901,1.0789113285362193
7.827805152576287,1.04538468073139,0.8630107751293383,0.9267504546877776,1.1995822296215304,0.9430605616370072,1.080415161970912
7.8330446473236615,1.044584396451385,0.8629542119011161,0.9276321982590746,1.2000635630874907,0.9451512239713247,1.0819189954056045
7.838284142071035,1.04378411217138,0.8628976486728939,0.9285139418303716,1.2005448965534513,0.9472418863056419,1.083422828840297
7.843523636818408,1.0429838278913752,0.8628410854446716,0.9293956854016686,1.2010262300194117,0.949332548639959,1.0849266622749894
7.848763131565782,1.0421787601679,0.8627817723406314,0.9302878706045056,1.2015099061798358,0.9514183534971181,1.0864161522573648
7.8540026263131555,1.039469881943237,0.861628008660966,0.9353358251604003,1.2029259747367638,0.9515708824452042,1.0821969482171971
7.85924212106053,1.0367610037185735,0.8604742449813004,0.9403837797162959,1.204342043293692,0.9517234113932901,1.0779777441770289
7.864481615807903,1.0340521254939106,0.859320481301635,0.9454317342721907,1.20575811185062,0.951875940341376,1.0737585401368612
7.869721110555277,1.0313432472692472,0.8581667176219694,0.9504796888280863,1.2071741804075482,0.9520284692894619,1.0695393360966927
7.87496060530265,1.028634369044584,0.857012953942304,0.9555276433839811,1.2085902489644762,0.952180998237548,1.065320132056525
7.880200100050025,1.0259254908199207,0.8558591902626385,0.9605755979398768,1.2100063175214044,0.9523335271856339,1.0611009280163568
7.885439594797398,1.0232166125952578,0.854705426582973,0.9656235524957715,1.2114223860783324,0.9524860561337198,1.0568817239761892
7.890679089544771,1.0205077343705948,0.8535516629033076,0.9706715070516663,1.2128384546352606,0.9526385850818058,1.0526625199360216
7.895918584292145,1.0177988561459312,0.8523978992236421,0.975719461607562,1.2142545231921889,0.9527911140298918,1.048443315895853
7.901158079039519,1.0150899779212683,0.8512441355439766,0.9807674161634566,1.2156705917491168,0.9529436429779777,1.0442241118556854
7.906397573786893,1.0140832514266789,0.8500483268736638,0.9823404267772353,1.2147429270104388,0.9541577894955579,1.0442100990651568
7.911637068534266,1.0131069204986982,0.8488517673999467,0.9838513848206186,1.213773409891482,0.9553908934697359,1.0442711789755148
7.91687656328164,1.0121305895707176,0.8476552079262294,0.985362342864002,1.2128038927725253,0.9566239974439144,1.044332258885873
7.9221160580290135,1.011154258642737,0.8464586484525124,0.9868733009073852,1.2118343756535688,0.9578571014180924,1.044393338796231
7.927355552776388,1.010177927714756,0.8452620889787951,0.9883842589507688,1.2108648585346118,0.9590902053922707,1.0444544187065892
7.932595047523761,1.0092015967867756,0.844065529505078,0.989895216994152,1.2098953414156552,0.9603233093664488,1.0445154986169471
7.937834542271135,1.0082252658587947,0.8428689700313607,0.9914061750375355,1.2089258242966985,0.9615564133406272,1.0445765785273053
7.9430740370185084,1.007248934930814,0.8416724105576436,0.9929171330809187,1.2079563071777417,0.9627895173148053,1.0446376584376633
7.948313531765882,1.0062726040028334,0.8404758510839265,0.9944280911243019,1.2069867900587852,0.9640226212889834,1.0446987383480213
7.953553026513256,1.0052962730748527,0.8392792916102093,0.9959390491676854,1.2060172729398284,0.9652557252631618,1.0447598182583795
7.958792521260629,1.0036337820132146,0.8389788524338252,0.9964290977104853,1.2043446924294399,0.9657308901206709,1.041989304639423
7.964032016008003,1.0019444878213553,0.8387134179565556,0.9968792669759187,1.202644648505323,0.9661764479814351,1.0391081818982275
7.969271510755377,1.0002551936294963,0.8384479834792862,0.997329436241352,1.2009446045812067,0.9666220058421994,1.0362270591570322
7.974511005502751,0.9985658994376371,0.8381825490020166,0.9977796055067853,1.19924456065709,0.9670675637029637,1.0333459364158366
7.979750500250124,0.996876605245778,0.837917114524747,0.9982297747722186,1.1975445167329737,0.9675131215637278,1.0304648136746413
7.984989994997498,0.9951873110539188,0.8376516800474776,0.9986799440376519,1.195844472808857,0.9679586794244921,1.0275836909334457
7.990229489744872,0.9934980168620597,0.837386245570208,0.9991301133030852,1.1941444288847407,0.9684042372852563,1.0247025681922504
7.995468984492245,0.9918087226702007,0.8371208110929386,0.9995802825685186,1.1924443849606243,0.9688497951460204,1.0218214454510552
8.000708479239618,0.9901194284783417,0.836855376615669,1.0000304518339518,1.190744341036508,0.9692953530067846,1.01894032270986
8.005947973986993,0.9884301342864821,0.8365899421383994,1.0004806210993853,1.1890442971123911,0.969740910867549,1.016059199968664
8.011187468734366,0.9868796043726031,0.8365503108654727,1.003772340422072,1.1872394544295384,0.9718114760599535,1.0153719015590292
8.01642696348174,0.9853375626991324,0.8365244920225988,1.0072378779663458,1.185428201184316,0.9739814432965809,1.0148187998505271
8.021666458229113,0.9837955210256618,0.836498673179725,1.0107034155106196,1.1836169479390937,0.9761514105332082,1.014265698142025
8.026905952976488,0.9822534793521907,0.8364728543368511,1.0141689530548947,1.1818056946938706,0.9783213777698363,1.013712596433523
8.032145447723861,0.9807114376787199,0.8364470354939773,1.0176344905991686,1.1799944414486483,0.9804913450064636,1.013159494725021
8.037384942471235,0.9791693960052493,0.8364212166511035,1.0211000281434426,1.178183188203426,0.982661312243091,1.012606393016519
8.042624437218608,0.9776273543317786,0.8363953978082296,1.0245655656877164,1.1763719349582036,0.9848312794797183,1.012053291308017
8.047863931965981,0.976085312658308,0.8363695789653557,1.0280311032319902,1.1745606817129812,0.9870012467163455,1.011500189599515
8.053103426713356,0.9745432709848367,0.8363437601224818,1.0314966407762653,1.1727494284677582,0.9891712139529736,1.0109470878910127
8.05834292146073,0.9730012293113661,0.836317941279608,1.0349621783205392,1.1709381752225358,0.9913411811896009,1.0103939861825109
8.063582416208103,0.9715498119127663,0.8364056460042049,1.0356401753383317,1.1714620081095,0.992250818705471,1.0083042991548514
8.068821910955476,0.970106028624278,0.8365029138554094,1.0360833523661215,1.1721825466217304,0.9930542871416034,1.0060851715160672
8.074061405702851,0.9686622453357892,0.836600181706614,1.0365265293939112,1.1729030851339608,0.993857755577736,1.0038660438772824
8.079300900450225,0.9672184620473008,0.8366974495578184,1.0369697064217007,1.173623623646191,0.9946612240138684,1.001646916238498
8.084540395197598,0.9657746787588124,0.8367947174090229,1.0374128834494905,1.1743441621584212,0.9954646924500007,0.9994277885997139
8.089779889944971,0.9643308954703241,0.8368919852602275,1.03785606047728,1.1750647006706514,0.996268160886133,0.9972086609609296
8.095019384692346,0.9628871121818353,0.836989253111432,1.03829923750507,1.1757852391828818,0.9970716293222656,0.9949895333221447
8.10025887943972,0.9614433288933469,0.8370865209626365,1.0387424145328594,1.176505777695112,0.9978750977583979,0.9927704056833605
8.105498374187093,0.9599995456048586,0.837183788813841,1.0391855915606492,1.1772263162073424,0.9986785661945302,0.9905512780445762
8.110737868934466,0.9585557623163702,0.8372810566650455,1.0396287685884387,1.1779468547195726,0.9994820346306625,0.988332150405792
8.11597736368184,0.9576873900243139,0.8378927735687031,1.0422593361562136,1.176270125950319,1.0011732489883618,0.9881658011841368
8.121216858429214,0.9568813539235373,0.8385602224530433,1.0451268710324877,1.1743336932255712,1.002960635820898,0.9882218362910036
8.126456353176588,0.9560753178227611,0.8392276713373833,1.0479944059087607,1.172397260500824,1.0047480226534338,0.9882778713978704
8.131695847923961,0.9552692817219849,0.8398951202217233,1.0508619407850337,1.1704608277760766,1.0065354094859693,0.9883339065047372
8.136935342671334,0.9544632456212087,0.8405625691060632,1.0537294756613067,1.1685243950513293,1.0083227963185049,0.988389941611604
8.14217483741871,0.9536572095204322,0.8412300179904034,1.0565970105375808,1.1665879623265814,1.010110183151041,0.9884459767184708
8.147414332166083,0.9528511734196559,0.8418974668747434,1.0594645454138538,1.164651529601834,1.0118975699835768,0.9885020118253376
8.152653826913456,0.9520451373188796,0.8425649157590834,1.0623320802901268,1.1627150968770867,1.0136849568161124,0.9885580469322044
8.15789332166083,0.9512391012181034,0.8432323646434233,1.0651996151663998,1.1607786641523394,1.015472343648648,0.9886140820390712
8.163132816408202,0.9504330651173272,0.8438998135277633,1.0680671500426728,1.1588422314275921,1.0172597304811837,0.988670117145938
8.168372311155577,0.9488686611855941,0.8449506189205712,1.0691658281297471,1.1596212879664543,1.0183969071231338,0.9873339676861742
8.17361180590295,0.9472029979127962,0.8460526111199074,1.0700283236341714,1.1607629240376744,1.0194472659271356,0.9858119299462069
8.178851300650324,0.9455373346399981,0.8471546033192434,1.0708908191385955,1.1619045601088944,1.0204976247311375,0.9842898922062396
8.184090795397697,0.9438716713672001,0.8482565955185795,1.0717533146430198,1.1630461961801144,1.0215479835351393,0.9827678544662722
8.189330290145072,0.9422060080944015,0.849358587717916,1.0726158101474446,1.1641878322513348,1.0225983423391416,0.9812458167263044
8.194569784892446,0.9405403448216034,0.850460579917252,1.0734783056518689,1.165329468322555,1.0236487011431434,0.9797237789863371
8.199809279639819,0.9388746815488054,0.8515625721165881,1.074340801156293,1.166471104393775,1.0246990599471453,0.9782017412463698
8.205048774387192,0.9372090182760074,0.8526645643159242,1.0752032966607172,1.167612740464995,1.0257494187511471,0.9766797035064024
8.210288269134566,0.9355433550032094,0.8537665565152602,1.0760657921651415,1.168754376536215,1.026799777555149,0.9751576657664351
8.21552776388194,0.9338776917304108,0.8548685487145967,1.0769282876695663,1.1698960126074356,1.0278501363591512,0.9736356280264673
8.220767258629314,0.9335666052190676,0.8545422514334885,1.077169138153011,1.1684347307219864,1.0276153602359135,0.9738936461742393
8.226006753376687,0.9334720934806312,0.8539875939156817,1.0773105977174045,1.1665572846283494,1.0271751119586117,0.9744362662808065
8.23124624812406,0.9333775817421948,0.8534329363978749,1.0774520572817976,1.1646798385347126,1.0267348636813098,0.9749788863873736
8.236485742871436,0.9332830700037583,0.8528782788800678,1.077593516846191,1.1628023924410749,1.0262946154040078,0.975521506493941
8.241725237618809,0.933188558265322,0.852323621362261,1.0777349764105841,1.160924946347438,1.025854367126706,0.9760641266005081
8.246964732366182,0.9330940465268855,0.8517689638444542,1.0778764359749773,1.159047500253801,1.0254141188494041,0.9766067467070753
8.252204227113555,0.9329995347884491,0.8512143063266474,1.0780178955393707,1.1571700541601642,1.024973870572102,0.9771493668136424
8.25744372186093,0.9329050230500127,0.8506596488088404,1.0781593551037638,1.1552926080665267,1.0245336222948003,0.9776919869202098
8.262683216608304,0.9328105113115762,0.8501049912910336,1.078300814668157,1.1534151619728896,1.0240933740174982,0.9782346070267769
8.267922711355677,0.9327159995731399,0.8495503337732268,1.0784422742325503,1.1515377158792528,1.0236531257401964,0.978777227133344
8.27316220610305,0.9318826419497556,0.8497341357665278,1.0796071741753381,1.1499452158935644,1.0247370671387444,0.976717180190955
8.278401700850424,0.9309107507229433,0.8500563989181619,1.0809639691890756,1.1484061433031163,1.0261067941015147,0.9741691331768857
8.283641195597799,0.9299388594961306,0.8503786620697961,1.0823207642028132,1.1468670707126678,1.0274765210642856,0.9716210861628154
8.288880690345172,0.9289669682693183,0.85070092522143,1.0836775592165506,1.14532799812222,1.028846248027056,0.9690730391487461
8.294120185092545,0.9279950770425061,0.8510231883730641,1.0850343542302878,1.143788925531772,1.0302159749898263,0.9665249921346767
8.299359679839919,0.9270231858156938,0.8513454515246982,1.086391149244025,1.142249852941324,1.0315857019525967,0.9639769451206073
8.304599174587294,0.9260512945888811,0.8516677146763324,1.0877479442577629,1.1407107803508756,1.0329554289153675,0.9614288981065371
8.309838669334667,0.9250794033620688,0.8519899778279664,1.0891047392715,1.1391717077604275,1.034325155878138,0.9588808510924677
8.31507816408204,0.9241075121352565,0.8523122409796005,1.0904615342852375,1.1376326351699797,1.035694882840908,0.9563328040783983
8.320317658829413,0.9231356209084443,0.8526345041312345,1.0918183292989747,1.1360935625795316,1.0370646098036784,0.953784757064329
8.325557153576787,0.922184786719014,0.8540646130105881,1.0954514257101766,1.135455175038846,1.0377940941823744,0.9529438158027109
8.330796648324162,0.9212385106077974,0.8557345299590523,1.099577258094612,1.1350117528595414,1.0383849894651276,0.9524724004814101
8.336036143071535,0.9202922344965809,0.857404446907516,1.103703090479046,1.1345683306802372,1.0389758847478805,0.9520009851601094
8.341275637818908,0.9193459583853646,0.8590743638559798,1.10782892286348,1.1341249085009328,1.0395667800306332,0.9515295698388089
8.346515132566282,0.9183996822741483,0.8607442808044434,1.1119547552479139,1.1336814863216287,1.040157675313386,0.9510581545175083
8.351754627313657,0.9174534061629315,0.8624141977529077,1.1160805876323492,1.1332380641423243,1.0407485705961392,0.9505867391962075
8.35699412206103,0.9165071300517151,0.8640841147013714,1.120206420016783,1.13279464196302,1.0413394658788921,0.9501153238749068
8.362233616808403,0.9155608539404988,0.8657540316498351,1.124332252401217,1.1323512197837158,1.041930361161645,0.9496439085536063
8.367473111555777,0.9146145778292823,0.8674239485982989,1.128458084785651,1.1319077976044114,1.042521256444398,0.9491724932323057
8.37271260630315,0.913668301718066,0.8690938655467625,1.1325839171700849,1.1314643754251072,1.0431121517271507,0.948701077911005
8.377952101050525,0.9128257753980707,0.8688978476236634,1.1333672816495959,1.12967890454187,1.0446566939216164,0.9478582986939594
8.383191595797898,0.9120088623077834,0.8682411770291457,1.133325474365076,1.1275621153848492,1.0464366676974113,0.946923839015152
8.388431090545271,0.9111919492174962,0.8675845064346281,1.1332836670805564,1.1254453262278283,1.0482166414732061,0.9459893793363445
8.393670585292645,0.910375036127209,0.8669278358401106,1.1332418597960365,1.1233285370708075,1.049996615249001,0.945054919657537
8.39891008004002,0.9095581230369216,0.8662711652455928,1.1332000525115167,1.1212117479137858,1.0517765890247965,0.9441204599787292
8.404149574787393,0.9087412099466344,0.8656144946510751,1.133158245226997,1.119094958756765,1.0535565628005914,0.9431860002999217
8.409389069534766,0.9079242968563472,0.8649578240565575,1.1331164379424772,1.116978169599744,1.0553365365763863,0.9422515406211143
8.41462856428214,0.90710738376606,0.86430115346204,1.1330746306579575,1.1148613804427232,1.0571165103521811,0.9413170809423067
8.419868059029515,0.9062904706757725,0.8636444828675222,1.1330328233734377,1.1127445912857017,1.0588964841279767,0.9403826212634989
8.425107553776888,0.9054735575854853,0.8629878122730045,1.132991016088918,1.1106278021286808,1.0606764579037715,0.9394481615846915
8.430347048524261,0.905248226578946,0.8652006430225316,1.1317747882386147,1.1096058127727955,1.0607381477470028,0.9386152909002399
8.435586543271635,0.9051878559611441,0.8682136231853022,1.1302310777305447,1.1088891041306885,1.0603207007244233,0.9378107479161376
8.440826038019008,0.9051274853433423,0.8712266033480726,1.1286873672224746,1.1081723954885816,1.0599032537018438,0.9370062049320353
8.446065532766383,0.9050671147255404,0.8742395835108441,1.1271436567144042,1.1074556868464742,1.059485806679264,0.9362016619479329
8.451305027513756,0.9050067441077385,0.8772525636736145,1.1255999462063342,1.1067389782043673,1.0590683596566843,0.9353971189638306
8.45654452226113,0.9049463734899367,0.880265543836385,1.1240562356982642,1.1060222695622604,1.0586509126341048,0.9345925759797283
8.461784017008503,0.9048860028721348,0.8832785239991554,1.1225125251901942,1.1053055609201534,1.0582334656115253,0.9337880329956261
8.467023511755878,0.9048256322543329,0.8862915041619269,1.1209688146821235,1.104588852278046,1.0578160185889456,0.9329834900115235
8.472263006503251,0.904765261636531,0.8893044843246974,1.1194251041740535,1.103872143635939,1.0573985715663659,0.9321789470274212
8.477502501250624,0.9047048910187292,0.8923174644874678,1.1178813936659835,1.1031554349938322,1.0569811245437863,0.931374404043319
8.482741995997998,0.904279108916015,0.8937299692125612,1.1182012616960035,1.1027009385552313,1.0575066076353699,0.9312937696132114
8.487981490745371,0.9037391357242658,0.8946423253633802,1.1191034980191774,1.1023283834302264,1.0583267563876295,0.9314393566062273
8.493220985492746,0.9031991625325163,0.8955546815141994,1.1200057343423513,1.1019558283052213,1.0591469051398894,0.9315849435992434
8.49846048024012,0.902659189340767,0.8964670376650182,1.1209079706655252,1.1015832731802164,1.059967053892149,0.9317305305922594
8.503699974987493,0.9021192161490178,0.8973793938158372,1.1218102069886988,1.1012107180552113,1.0607872026444087,0.9318761175852753
8.508939469734866,0.9015792429572685,0.8982917499666561,1.1227124433118725,1.1008381629302064,1.0616073513966684,0.9320217045782914
8.514178964482241,0.9010392697655191,0.8992041061174753,1.1236146796350466,1.1004656078052013,1.0624275001489283,0.9321672915713074
8.519418459229614,0.9004992965737698,0.9001164622682942,1.1245169159582202,1.1000930526801964,1.063247648901188,0.9323128785643233
8.524657953976988,0.8999593233820204,0.9010288184191131,1.1254191522813939,1.0997204975551915,1.0640677976534476,0.9324584655573394
8.52989744872436,0.8994193501902712,0.901941174569932,1.1263213886045675,1.0993479424301864,1.064887946405707,0.9326040525503553
8.535136943471734,0.8989268147786481,0.902604162587121,1.1303031988670875,1.096629427688008,1.0656365821793325,0.9317732938291183
8.54037643821911,0.8984507864324066,0.9031803772334861,1.1353566176287748,1.0930945824033647,1.0663603333691767,0.9306027931870424
8.545615932966482,0.8979747580861652,0.903756591879851,1.1404100363904606,1.0895597371187227,1.0670840845590206,0.929432292544967
8.550855427713856,0.8974987297399238,0.904332806526216,1.1454634551521463,1.0860248918340805,1.0678078357488643,0.9282617919028915
8.556094922461229,0.8970227013936826,0.9049090211725809,1.150516873913832,1.0824900465494385,1.0685315869387082,0.927091291260816
8.561334417208604,0.896546673047441,0.905485235818946,1.1555702926755194,1.0789552012647952,1.0692553381285523,0.9259207906187401
8.566573911955977,0.8960706447011997,0.906061450465311,1.160623711437205,1.0754203559801532,1.0699790893183962,0.9247502899766645
8.57181340670335,0.8955946163549583,0.9066376651116758,1.1656771301988909,1.071885510695511,1.07070284050824,0.9235797893345891
8.577052901450724,0.8951185880087169,0.9072138797580407,1.1707305489605766,1.068350665410869,1.0714265916980839,0.9224092886925136
8.582292396198099,0.8946425596624754,0.9077900944044058,1.175783967722264,1.0648158201262257,1.072150342887928,0.9212387880504377
8.587531890945472,0.8945260854775376,0.9088317600503452,1.1742198589317563,1.0630451117941129,1.072044682648126,0.9211013576095042
8.592771385692846,0.8945481894589354,0.910052818269037,1.1701052447305107,1.0619543312457862,1.0716193534198153,0.921362089641927
8.598010880440219,0.8945702934403332,0.9112738764877286,1.165990630529265,1.0608635506974597,1.0711940241915046,0.9216228216743498
8.603250375187592,0.8945923974217311,0.9124949347064204,1.1618760163280197,1.0597727701491333,1.0707686949631938,0.9218835537067727
8.608489869934967,0.8946145014031289,0.9137159929251125,1.1577614021267728,1.0586819896008064,1.070343365734883,0.9221442857391956
8.61372936468234,0.8946366053845267,0.9149370511438043,1.1536467879255272,1.05759120905248,1.0699180365065724,0.9224050177716184
8.618968859429714,0.8946587093659245,0.916158109362496,1.1495321737242816,1.0565004285041535,1.0694927072782616,0.9226657498040411
8.624208354177087,0.8946808133473223,0.9173791675811878,1.145417559523036,1.055409647955827,1.069067378049951,0.922926481836464
8.629447848924462,0.8947029173287202,0.9186002257998799,1.141302945321789,1.0543188674075001,1.06864204882164,0.9231872138688869
8.634687343671835,0.894725021310118,0.9198212840185717,1.1371883311205437,1.0532280868591737,1.0682167195933292,0.9234479459013097
8.639926838419209,0.894716847274287,0.921928204866386,1.1388651029471466,1.0528603655983808,1.0682906407056316,0.9239837593885121
8.645166333166582,0.8946958050811339,0.924411617331578,1.1430032138355875,1.05279994453479,1.0685767432126951,0.9246364824939959
8.650405827913955,0.8946747628879806,0.92689502979677,1.147141324724028,1.0527395234711994,1.0688628457197584,0.9252892055994797
8.65564532266133,0.8946537206948275,0.9293784422619626,1.1512794356124703,1.0526791024076085,1.069148948226822,0.9259419287049637
8.660884817408704,0.8946326785016743,0.9318618547271547,1.155417546500911,1.0526186813440177,1.0694350507338852,0.9265946518104476
8.666124312156077,0.8946116363085211,0.9343452671923466,1.159555657389352,1.0525582602804269,1.0697211532409485,0.9272473749159315
8.67136380690345,0.8945905941153679,0.9368286796575385,1.1636937682777928,1.0524978392168363,1.070007255748012,0.9279000980214153
8.676603301650825,0.8945695519222147,0.9393120921227313,1.167831879166235,1.0524374181532454,1.0702933582550753,0.9285528211268993
8.681842796398199,0.8945485097290615,0.9417955045879232,1.1719699900546758,1.0523769970896546,1.0705794607621388,0.9292055442323831
8.687082291145572,0.8945274675359083,0.9442789170531151,1.1761081009431165,1.052316576026064,1.0708655632692021,0.9298582673378669
8.692321785892945,0.8950709955821788,0.9462133029385412,1.1748019078005878,1.051036860965851,1.070764747908014,0.9290720556243832
8.697561280640318,0.895878128115239,0.9478913418547384,1.1709537050553638,1.04918784319398,1.0704832760421645,0.9276139883152786
8.702800775387693,0.8966852606482995,0.9495693807709362,1.1671055023101384,1.0473388254221085,1.0702018041763148,0.9261559210061735
8.708040270135067,0.8974923931813598,0.9512474196871334,1.1632572995649144,1.0454898076502377,1.0699203323104653,0.9246978536970689
8.71327976488244,0.89829952571442,0.9529254586033307,1.1594090968196904,1.0436407898783666,1.0696388604446159,0.9232397863879643
8.718519259629813,0.8991066582474802,0.9546034975195279,1.1555608940744666,1.0417917721064958,1.0693573885787664,0.9217817190788599
8.723758754377188,0.8999137907805406,0.9562815364357257,1.1517126913292413,1.0399427543346242,1.0690759167129167,0.9203236517697547
8.728998249124562,0.9007209233136008,0.9579595753519229,1.1478644885840172,1.0380937365627532,1.0687944448470672,0.9188655844606501
8.734237743871935,0.9015280558466611,0.9596376142681201,1.1440162858387932,1.0362447187908823,1.0685129729812177,0.9174075171515456
8.739477238619308,0.9023351883797213,0.9613156531843173,1.1401680830935692,1.0343957010190112,1.068231501115368,0.915949449842441
8.744716733366683,0.9025645273523888,0.9630107847005676,1.140051449705409,1.032314985502098,1.0684495795242146,0.9149119432667266
8.749956228114057,0.9024984037089459,0.964714656750935,1.1418430051930235,1.030115788183744,1.0689231097780765,0.9140894961569512
8.75519572286143,0.902432280065503,0.9664185288013025,1.1436345606806377,1.0279165908653896,1.0693966400319384,0.9132670490471758
8.760435217608803,0.9023661564220601,0.96812240085167,1.145426116168252,1.0257173935470354,1.0698701702858,0.9124446019374004
8.765674712356176,0.9023000327786173,0.9698262729020375,1.1472176716558662,1.023518196228681,1.0703437005396619,0.9116221548276249
8.770914207103552,0.9022339091351743,0.9715301449524055,1.1490092271434809,1.021318998910326,1.070817230793524,0.9107997077178492
8.776153701850925,0.9021677854917315,0.973234017002773,1.150800782631095,1.0191198015919718,1.0712907610473856,0.9099772606080738
8.781393196598298,0.9021016618482885,0.9749378890531404,1.1525923381187095,1.0169206042736174,1.0717642913012475,0.9091548134982984
8.786632691345671,0.9020355382048457,0.9766417611035079,1.1543838936063238,1.0147214069552632,1.0722378215551094,0.908332366388523
8.791872186093046,0.9019694145614028,0.9783456331538759,1.1561754490939384,1.0125222096369082,1.0727113518089713,0.9075099192787472
8.79711168084042,0.902962682877165,0.9797349480898946,1.157373321956181,1.011865483514377,1.0729197694002528,0.9074447845517735
8.802351175587793,0.9045477209201392,0.98094855338782,1.1582395674144077,1.012070372161387,1.0729800967151708,0.90780267978863
8.807590670335166,0.9061327589631135,0.9821621586857454,1.1591058128726341,1.0122752608083974,1.073040424030089,0.9081605750254865
8.81283016508254,0.9077177970060878,0.9833757639836709,1.1599720583308608,1.0124801494554077,1.073100751345007,0.9085184702623431
8.818069659829915,0.9093028350490625,0.9845893692815967,1.1608383037890877,1.0126850381024177,1.0731610786599253,0.9088763654991998
8.823309154577288,0.9108878730920368,0.9858029745795222,1.1617045492473141,1.012889926749428,1.0732214059748435,0.9092342607360564
8.828548649324661,0.9124729111350111,0.9870165798774476,1.1625707947055408,1.0130948153964383,1.0732817332897615,0.909592155972913
8.833788144072034,0.9140579491779853,0.988230185175373,1.1634370401637673,1.0132997040434484,1.0733420606046797,0.9099500512097695
8.83902763881941,0.91564298722096,0.9894437904732989,1.1643032856219941,1.0135045926904587,1.073402387919598,0.9103079464466262
8.844267133566783,0.9172280252639343,0.9906573957712242,1.1651695310802206,1.0137094813374687,1.073462715234516,0.9106658416834827
8.849506628314156,0.9179993614947983,0.9923885703440308,1.1648506569045145,1.0123506655734515,1.073000661227821,0.9104146368523683
8.85474612306153,0.9182752583158688,0.9944348778221083,1.1638101977904043,1.0100397555914282,1.0722205444003041,0.9097925686734162
8.859985617808903,0.9185511551369391,0.9964811853001856,1.1627697386762943,1.0077288456094047,1.0714404275727873,0.9091705004944641
8.865225112556278,0.9188270519580095,0.9985274927782637,1.1617292795621839,1.0054179356273805,1.0706603107452703,0.9085484323155117
8.870464607303651,0.9191029487790799,1.0005738002563411,1.1606888204480739,1.003107025645357,1.0698801939177536,0.9079263641365596
8.875704102051024,0.9193788456001503,1.0026201077344186,1.1596483613339639,1.0007961156633336,1.0691000770902368,0.9073042959576075
8.880943596798398,0.9196547424212206,1.004666415212496,1.1586079022198537,0.9984852056813102,1.0683199602627202,0.9066822277786554
8.886183091545773,0.919930639242291,1.006712722690574,1.1575674431057434,0.996174295699286,1.0675398434352033,0.906060159599703
8.891422586293146,0.9202065360633614,1.0087590301686513,1.1565269839916332,0.9938633857172625,1.0667597266076865,0.9054380914207508
8.89666208104052,0.9204824328844318,1.0108053376467288,1.1554865248775232,0.9915524757352391,1.0659796097801697,0.9048160232417988
8.901901575787893,0.9209745432328198,1.0116884750634825,1.154925565065647,0.9901849668887922,1.0661409695985777,0.9051898089535522
8.907141070535266,0.9216098950430559,1.0118010123146086,1.1546822735415008,0.9894424612946653,1.0669260576949113,0.9062233478678985
8.91238056528264,0.9222452468532921,1.0119135495657348,1.1544389820173546,0.988699955700538,1.0677111457912452,0.9072568867822453
8.917620060030014,0.9228805986635282,1.012026086816861,1.1541956904932085,0.9879574501064111,1.0684962338875785,0.9082904256965916
8.922859554777387,0.9235159504737643,1.012138624067987,1.1539523989690623,0.9872149445122842,1.0692813219839121,0.9093239646109379
8.92809904952476,0.9241513022840004,1.0122511613191132,1.1537091074449162,0.9864724389181573,1.0700664100802457,0.9103575035252843
8.933338544272136,0.9247866540942367,1.0123636985702393,1.15346581592077,0.98572993332403,1.0708514981765795,0.911391042439631
8.938578039019509,0.9254220059044728,1.0124762358213655,1.1532225243966239,0.9849874277299031,1.0716365862729131,0.9124245813539774
8.943817533766882,0.9260573577147089,1.0125887730724916,1.1529792328724777,0.9842449221357762,1.0724216743692467,0.9134581202683237
8.949057028514256,0.9266927095249449,1.0127013103236178,1.1527359413483316,0.9835024165416493,1.0732067624655803,0.9144916591826701
8.95429652326163,0.9265991959588128,1.01321348436982,1.1516023717330508,0.9816959170064729,1.0724935940994111,0.9140448196575274
8.959536018009004,0.9259810249881404,1.0140133280055807,1.1498279553883772,0.9791235252809737,1.0707019394003212,0.9125323628936156
8.964775512756377,0.9253628540174679,1.0148131716413415,1.1480535390437034,0.9765511335554745,1.0689102847012313,0.911019906129704
8.97001500750375,0.9247446830467955,1.0156130152771023,1.1462791226990297,0.9739787418299755,1.0671186300021414,0.9095074493657922
8.975254502251124,0.924126512076123,1.0164128589128631,1.1445047063543559,0.9714063501044763,1.0653269753030512,0.9079949926018804
8.980493996998499,0.9235083411054502,1.0172127025486244,1.1427302900096814,0.9688339583789762,1.0635353206039606,0.9064825358379681
8.985733491745872,0.9228901701347778,1.0180125461843852,1.1409558736650076,0.9662615666534771,1.0617436659048707,0.9049700790740565
8.990972986493246,0.9222719991641053,1.018812389820146,1.139181457320334,0.9636891749279779,1.0599520112057808,0.9034576223101447
8.996212481240619,0.9216538281934328,1.0196122334559068,1.1374070409756603,0.9611167832024788,1.0581603565066908,0.9019451655462329
9.001451975987994,0.9210356572227602,1.0204120770916678,1.1356326246309858,0.9585443914769788,1.0563687018076002,0.9004327087823207
9.006691470735367,0.9205069927641818,1.0200050574821196,1.1329638262289472,0.9563287641261576,1.0545126990938725,0.8998169537758347
9.01193096548274,0.9200482552681769,1.018655175962173,1.129596291844592,0.9543918589430539,1.0526064244937092,0.8999017470173377
9.017170460230114,0.9195895177721721,1.0173052944422263,1.126228757460237,0.95245495375995,1.050700149893546,0.8999865402588408
9.022409954977487,0.9191307802761672,1.0159554129222799,1.122861223075882,0.9505180485768463,1.0487938752933825,0.9000713335003439
9.027649449724862,0.9186720427801622,1.0146055314023328,1.1194936886915259,0.9485811433937419,1.0468876006932186,0.900156126741847
9.032888944472235,0.9182133052841575,1.0132556498823861,1.1161261543071708,0.946644238210638,1.0449813260930554,0.90024091998335
9.038128439219609,0.9177545677881526,1.0119057683624397,1.1127586199228157,0.9447073330275343,1.043075051492892,0.9003257132248531
9.043367933966982,0.9172958302921478,1.010555886842493,1.1093910855384606,0.9427704278444304,1.0411687768927287,0.9004105064663562
9.048607428714357,0.9168370927961428,1.009206005322546,1.1060235511541043,0.940833522661326,1.0392625022925646,0.9004952997078592
9.05384692346173,0.916378355300138,1.0078561238025994,1.1026560167697492,0.9388966174782222,1.0373562276924013,0.9005800929493624
9.059086418209104,0.915582230770135,1.0071169363226575,1.0995804881891234,0.9363123013617065,1.0353343273043534,0.9002591926338902
9.064325912956477,0.9145002644474394,1.0068951424043862,1.0967523534144343,0.9331794843154949,1.0332144661793476,0.8995945797215364
9.06956540770385,0.9134182981247437,1.0066733484861148,1.0939242186397453,0.9300466672692833,1.031094605054342,0.8989299668091828
9.074804902451225,0.9123363318020478,1.0064515545678432,1.0910960838650552,0.9269138502230706,1.0289747439293355,0.8982653538968288
9.080044397198598,0.9112543654793521,1.0062297606495718,1.0882679490903662,0.923781033176859,1.0268548828043298,0.8976007409844751
9.085283891945972,0.9101723991566565,1.0060079667313004,1.0854398143156772,0.9206482161306473,1.024735021679324,0.8969361280721214
9.090523386693345,0.9090904328339608,1.0057861728130288,1.0826116795409881,0.9175153990844357,1.0226151605543183,0.8962715151597677
9.09576288144072,0.9080084665112648,1.0055643788947575,1.0797835447662982,0.914382582038223,1.020495299429312,0.8956069022474137
9.101002376188093,0.9069265001885691,1.0053425849764859,1.0769554099916092,0.9112497649920114,1.0183754383043062,0.89494228933506
9.106241870935467,0.9058445338658735,1.0051207910582145,1.0741272752169202,0.9081169479457998,1.0162555771793005,0.8942776764227063
9.11148136568284,0.9053675448674114,1.0049304458561494,1.0709991302468629,0.9050364252394696,1.0135763559971225,0.8927795482155164
9.116720860430215,0.9054460879311071,1.004768979042524,1.0675954951454805,0.9020039228163951,1.01038349168552,0.8905160285597014
9.121960355177588,0.9055246309948027,1.0046075122288989,1.0641918600440992,0.8989714203933216,1.0071906273739188,0.888252508903887
9.127199849924962,0.9056031740584983,1.0044460454152735,1.0607882249427179,0.895938917970248,1.0039977630623176,0.8859889892480726
9.132439344672335,0.9056817171221938,1.004284578601648,1.0573845898413365,0.8929064155471745,1.0008048987507165,0.8837254695922582
9.137678839419708,0.9057602601858894,1.0041231117880227,1.0539809547399552,0.889873913124101,0.9976120344391152,0.8814619499364438
9.142918334167083,0.9058388032495851,1.0039616449743973,1.0505773196385728,0.8868414107010265,0.9944191701275129,0.8791984302806286
9.148157828914457,0.9059173463132807,1.0038001781607722,1.0471736845371915,0.8838089082779529,0.9912263058159116,0.8769349106248142
9.15339732366183,0.9059958893769762,1.0036387113471468,1.0437700494358102,0.8807764058548794,0.9880334415043104,0.8746713909689998
9.158636818409203,0.9060744324406718,1.0034772445335214,1.040366414334429,0.8777439034318059,0.9848405771927091,0.8724078713131854
9.163876313156578,0.9054894642157884,1.0025160926441246,1.0389008816945182,0.8760039681596125,0.9824951486069045,0.8714925519540282
9.169115807903951,0.9042443022587692,1.0007592541043355,1.0393637610037718,0.8755501372025457,0.9809929185682688,0.8719186918900452
9.174355302651325,0.90299914030175,0.9990024155645465,1.0398266403130256,0.875096306245479,0.9794906885296331,0.8723448318260623
9.179594797398698,0.9017539783447308,0.9972455770247575,1.0402895196222792,0.8746424752884122,0.9779884584909975,0.8727709717620794
9.184834292146071,0.9005088163877116,0.9954887384849685,1.0407523989315328,0.8741886443313454,0.9764862284523618,0.8731971116980964
9.190073786893446,0.899263654430692,0.993731899945179,1.0412152782407866,0.8737348133742785,0.9749839984137255,0.8736232516341136
9.19531328164082,0.8980184924736728,0.9919750614053899,1.0416781575500402,0.8732809824172117,0.9734817683750899,0.8740493915701307
9.200552776388193,0.8967733305166536,0.990218222865601,1.0421410368592938,0.872827151460145,0.9719795383364542,0.8744755315061478
9.205792271135566,0.8955281685596345,0.988461384325812,1.0426039161685474,0.8723733205030783,0.9704773082978185,0.8749016714421648
9.211031765882941,0.8942830066026148,0.9867045457860224,1.0430667954778012,0.8719194895460113,0.9689750782591824,0.875327811378182
9.216271260630315,0.8939385826470128,0.985568923690061,1.0401011712769916,0.8697901173881255,0.9667802991669767,0.874668405846395
9.221510755377688,0.8945652668491895,0.9851030505726017,1.0334391917293915,0.8658543023731049,0.9638388656263901,0.8728386466071304
9.226750250125061,0.8951919510513662,0.9846371774551426,1.0267772121817913,0.8619184873580842,0.9608974320858036,0.8710088873678659
9.231989744872434,0.895818635253543,0.9841713043376834,1.020115232634191,0.8579826723430635,0.957955998545217,0.8691791281286013
9.23722923961981,0.8964453194557199,0.983705431220224,1.0134532530865885,0.8540468573280415,0.9550145650046294,0.8673493688893361
9.242468734367183,0.8970720036578966,0.9832395581027649,1.0067912735389883,0.8501110423130208,0.9520731314640428,0.8655196096500715
9.247708229114556,0.8976986878600735,0.9827736849853057,1.000129293991388,0.8461752272980001,0.9491316979234562,0.8636898504108069
9.25294772386193,0.8983253720622502,0.9823078118678464,0.9934673144437878,0.8422394122829794,0.9461902643828697,0.8618600911715423
9.258187218609304,0.8989520562644271,0.9818419387503872,0.9868053348961854,0.8383035972679574,0.9432488308422821,0.8600303319322771
9.263426713356678,0.8995787404666038,0.9813760656329279,0.9801433553485851,0.8343677822529367,0.9403073973016955,0.8582005726930125
9.268666208104051,0.8988907334807421,0.9803585194862288,0.9760736590462867,0.8314593019041768,0.93809175641201,0.8568980616337913
9.273905702851424,0.8966665384219004,0.9786963553977546,0.9750329893621407,0.8297512397795808,0.9367241884568015,0.8562116286110343
9.2791451975988,0.8944423433630578,0.9770341913092797,0.9739923196779943,0.8280431776549841,0.9353566205015925,0.8555251955882769
9.284384692346173,0.892218148304216,0.9753720272208054,0.9729516499938482,0.826335115530388,0.9339890525463841,0.8548387625655197
9.289624187093546,0.8899939532453742,0.9737098631323311,0.9719109803097021,0.8246270534057919,0.9326214845911756,0.8541523295427625
9.29486368184092,0.8877697581865325,0.9720476990438569,0.9708703106255561,0.8229189912811958,0.9312539166359671,0.8534658965200055
9.300103176588292,0.8855455631276906,0.9703855349553826,0.9698296409414101,0.8212109291565997,0.9298863486807586,0.8527794634972483
9.305342671335668,0.8833213680688481,0.9687233708669077,0.9687889712572637,0.819502867032003,0.9285187807255496,0.8520930304744909
9.31058216608304,0.8810971730100063,0.9670612067784335,0.9677483015731176,0.817794804907407,0.9271512127703412,0.8514065974517337
9.315821660830414,0.8788729779511645,0.9653990426899592,0.9667076318889716,0.8160867427828108,0.9257836448151326,0.8507201644289767
9.321061155577787,0.8776878988294362,0.9641145914693365,0.9653602754867512,0.8145401575344634,0.9239765273710061,0.8498021599516622
9.326300650325162,0.8778194268325743,0.9633087196210486,0.9636243330724245,0.8131981708281808,0.921612480744897,0.8485907439154476
9.331540145072536,0.8779509548357123,0.962502847772761,0.9618883906580984,0.8118561841218987,0.9192484341187886,0.8473793278792335
9.336779639819909,0.8780824828388504,0.9616969759244733,0.9601524482437722,0.8105141974156166,0.9168843874926803,0.8461679118430194
9.342019134567282,0.8782140108419885,0.9608911040761857,0.958416505829446,0.8091722107093344,0.914520340866572,0.8449564958068054
9.347258629314656,0.8783455388451265,0.960085232227898,0.95668056341512,0.8078302240030523,0.9121562942404636,0.8437450797705913
9.35249812406203,0.8784770668482645,0.9592793603796101,0.9549446210007932,0.8064882372967697,0.9097922476143545,0.8425336637343768
9.357737618809404,0.8786085948514026,0.9584734885313224,0.9532086785864671,0.8051462505904876,0.9074282009882462,0.8413222476981627
9.362977113556777,0.8787401228545406,0.9576676166830348,0.9514727361721409,0.8038042638842054,0.9050641543621378,0.8401108316619487
9.36821660830415,0.8788716508576787,0.9568617448347472,0.9497367937578148,0.8024622771779233,0.9027001077360295,0.8388994156257346
9.373456103051526,0.8784261693782585,0.9554090801154262,0.9468616374921711,0.8006884130435652,0.9004303419858616,0.837893340016164
9.378695597798899,0.8771872998603205,0.9530670751984354,0.9424200621809673,0.798320717445604,0.8982902124401138,0.8371696074932294
9.383935092546272,0.8759484303423826,0.9507250702814444,0.9379784868697634,0.7959530218476426,0.8961500828943658,0.8364458749702949
9.389174587293645,0.8747095608244446,0.9483830653644535,0.9335369115585596,0.7935853262496813,0.894009953348618,0.8357221424473603
9.394414082041019,0.8734706913065068,0.9460410604474625,0.9290953362473556,0.79121763065172,0.89186982380287,0.8349984099244258
9.399653576788394,0.8722318217885684,0.9436990555304708,0.9246537609361503,0.7888499350537579,0.8897296942571215,0.834274677401491
9.404893071535767,0.8709929522706304,0.9413570506134799,0.9202121856249464,0.7864822394557965,0.8875895647113735,0.8335509448785564
9.41013256628314,0.8697540827526925,0.939015045696489,0.9157706103137426,0.7841145438578352,0.8854494351656257,0.8328272123556218
9.415372061030514,0.8685152132347546,0.936673040779498,0.9113290350025387,0.781746848259874,0.8833093056198777,0.8321034798326873
9.420611555777889,0.8672763437168162,0.9343310358625063,0.9068874596913333,0.7793791526619118,0.8811691760741291,0.8313797473097525
9.425851050525262,0.8662518057531039,0.9326649414062063,0.9029415232027923,0.7773454530565578,0.8789131837669889,0.8306087542742375
9.431090545272635,0.8655474255485157,0.9320084882005623,0.8997359472056032,0.7758106599651604,0.8764841214600189,0.8297671658480559
9.436330040020009,0.8648430453439276,0.9313520349949184,0.8965303712084142,0.774275866873763,0.8740550591530488,0.8289255774218741
9.441569534767384,0.8641386651393392,0.9306955817892741,0.8933247952112241,0.7727410737823651,0.8716259968460779,0.8280839889956921
9.446809029514757,0.8634342849347512,0.9300391285836302,0.890119219214035,0.7712062806909677,0.8691969345391078,0.8272424005695104
9.45204852426213,0.862729904730163,0.9293826753779862,0.886913643216846,0.7696714875995705,0.8667678722321378,0.8264008121433286
9.457288019009503,0.8620255245255749,0.9287262221723424,0.8837080672196569,0.7681366945081731,0.8643388099251678,0.8255592237171469
9.462527513756877,0.8613211443209867,0.9280697689666983,0.8805024912224678,0.7666019014167758,0.8619097476181977,0.8247176352909651
9.467767008504252,0.8606167641163983,0.9274133157610542,0.8772969152252776,0.7650671083253778,0.8594806853112269,0.8238760468647831
9.473006503251625,0.8599123839118102,0.9267568625554102,0.8740913392280887,0.7635323152339805,0.8570516230042569,0.8230344584386013
9.478245997998998,0.8591058278796636,0.9254659454516718,0.8714850360106827,0.7618012779622384,0.8548713502695059,0.8223935439306459
9.483485492746372,0.8581332361277342,0.9231440245135288,0.8698525510604255,0.7597513438974356,0.8530953605896113,0.8220787245398082
9.488724987493747,0.8571606443758045,0.9208221035753851,0.8682200661101677,0.7577014098326322,0.8513193709097162,0.8217639051489706
9.49396448224112,0.8561880526238752,0.918500182637242,0.8665875811599105,0.7556514757678295,0.8495433812298218,0.821449085758133
9.499203976988493,0.8552154608719458,0.916178261699099,0.8649550962096533,0.7536015417030268,0.8477673915499272,0.8211342663672954
9.504443471735867,0.8542428691200165,0.913856340760956,0.863322611259396,0.751551607638224,0.8459914018700326,0.8208194469764578
9.50968296648324,0.8532702773680871,0.911534419822813,0.8616901263091388,0.7495016735734213,0.8442154121901382,0.8205046275856203
9.514922461230615,0.8522976856161574,0.9092124988846692,0.860057641358881,0.747451739508618,0.8424394225102431,0.8201898081947825
9.520161955977988,0.851325093864228,0.9068905779465262,0.8584251564086237,0.7454018054438152,0.8406634328303485,0.8198749888039449
9.525401450725361,0.8503525021122987,0.9045686570083832,0.8567926714583665,0.7433518713790125,0.838887443150454,0.8195601694131074
9.530640945472735,0.8494607141592841,0.9030819385466539,0.8546374840457589,0.7416947191818068,0.8369888648132071,0.8186025534436657
9.53588044022011,0.8487120162668477,0.9030742244702409,0.8515566776894048,0.7407331182084709,0.8348732023952314,0.8165066518662786
9.541119934967483,0.8479633183744113,0.9030665103938278,0.8484758713330517,0.7397715172351351,0.8327575399772565,0.8144107502888922
9.546359429714856,0.847214620481975,0.9030587963174147,0.8453950649766987,0.7388099162617995,0.8306418775592815,0.8123148487115058
9.55159892446223,0.8464659225895388,0.9030510822410016,0.8423142586203456,0.7378483152884637,0.8285262151413065,0.8102189471341193
9.556838419209603,0.8457172246971025,0.9030433681645886,0.8392334522639925,0.736886714315128,0.8264105527233315,0.808123045556733
9.562077913956978,0.844968526804666,0.9030356540881755,0.8361526459076384,0.735925113341792,0.8242948903053559,0.8060271439793458
9.567317408704351,0.8442198289122298,0.9030279400117625,0.8330718395512853,0.7349635123684563,0.822179227887381,0.8039312424019595
9.572556903451725,0.8434711310197934,0.9030202259353495,0.8299910331949322,0.7340019113951206,0.820063565469406,0.801835340824573
9.577796398199098,0.8427224331273572,0.9030125118589364,0.8269102268385792,0.7330403104217849,0.817947903051431,0.7997394392471866
9.583035892946473,0.8417790784052219,0.9020801618368369,0.8241106407364871,0.7322681795509939,0.8157069818095937,0.7984543745762163
9.588275387693846,0.8404592917256545,0.8993597290668279,0.8218548849790355,0.7318624504226253,0.813223832106907,0.7987373253933918
9.59351488244122,0.839139505046087,0.896639296296819,0.8195991292215838,0.7314567212942567,0.8107406824042203,0.7990202762105674
9.598754377188593,0.8378197183665196,0.89391886352681,0.8173433734641323,0.731050992165888,0.8082575327015336,0.7993032270277429
9.603993871935966,0.8364999316869521,0.8911984307568012,0.8150876177066807,0.7306452630375193,0.8057743829988468,0.7995861778449186
9.609233366683341,0.8351801450073842,0.8884779979867913,0.8128318619492284,0.7302395339091505,0.8032912332961593,0.7998691286620943
9.614472861430714,0.8338603583278168,0.8857575652167823,0.8105761061917768,0.729833804780782,0.8008080835934726,0.8001520794792698
9.619712356178088,0.8325405716482495,0.8830371324467733,0.8083203504343252,0.7294280756524133,0.7983249338907858,0.8004350302964454
9.624951850925461,0.831220784968682,0.8803166996767644,0.8060645946768736,0.7290223465240446,0.7958417841880991,0.800717981113621
9.630191345672836,0.8299009982891141,0.8775962669067545,0.8038088389194212,0.7286166173956758,0.7933586344854116,0.8010009319307967
9.63543084042021,0.8285955107495069,0.8752160895923394,0.802241226948916,0.7278066552149867,0.7911998085179944,0.8005626676497005
9.640670335167583,0.8273202971702842,0.8735562968753142,0.8021305444023357,0.7261408558688376,0.7897276367088433,0.7985974557777324
9.645909829914956,0.8260450835910615,0.8718965041582891,0.8020198618557555,0.7244750565226885,0.7882554648996921,0.7966322439057645
9.651149324662331,0.8247698700118384,0.8702367114412634,0.8019091793091752,0.7228092571765389,0.7867832930905404,0.7946670320337957
9.656388819409704,0.8234946564326158,0.8685769187242383,0.801798496762595,0.7211434578303898,0.7853111212813892,0.7927018201618277
9.661628314157078,0.8222194428533931,0.866917126007213,0.8016878142160146,0.7194776584842408,0.783838949472238,0.7907366082898597
9.66686780890445,0.8209442292741704,0.8652573332901878,0.8015771316694345,0.7178118591380918,0.7823667776630868,0.7887713964178916
9.672107303651824,0.8196690156949478,0.8635975405731627,0.8014664491228543,0.7161460597919427,0.7808946058539357,0.7868061845459237
9.6773467983992,0.8183938021157247,0.861937747856137,0.8013557665762739,0.714480260445793,0.779422434044784,0.7848409726739549
9.682586293146572,0.817118588536502,0.8602779551391119,0.8012450840296937,0.712814461099644,0.7779502622356328,0.7828757608019868
9.687825787893946,0.8161665333730024,0.8583007346811271,0.79961394978295,0.7111581650606397,0.7764184873639532,0.7813002096500841
9.693065282641319,0.8159658215260603,0.8555854947254098,0.7944477653333188,0.7095239642107469,0.7747481353718954,0.7806306196723348
9.698304777388694,0.8157651096791183,0.8528702547696916,0.789281580883686,0.7078897633608536,0.7730777833798368,0.7799610296945853
9.703544272136067,0.8155643978321764,0.8501550148139743,0.784115396434055,0.7062555625109609,0.7714074313877788,0.779291439716836
9.70878376688344,0.8153636859852343,0.8474397748582571,0.7789492119844239,0.7046213616610681,0.7697370793957208,0.7786218497390867
9.714023261630814,0.8151629741382924,0.8447245349025397,0.7737830275347929,0.7029871608111754,0.7680667274036628,0.7779522597613373
9.719262756378187,0.8149622622913504,0.8420092949468224,0.7686168430851618,0.7013529599612827,0.7663963754116048,0.7772826697835881
9.724502251125562,0.8147615504444083,0.8392940549911042,0.763450658635529,0.6997187591113894,0.7647260234195462,0.7766130798058385
9.729741745872936,0.8145608385974664,0.8365788150353869,0.758284474185898,0.6980845582614966,0.7630556714274882,0.7759434898280893
9.734981240620309,0.8143601267505244,0.8338635750796697,0.7531182897362668,0.6964503574116039,0.7613853194354302,0.7752738998503399
9.740220735367682,0.8137652468022973,0.8314776224259328,0.7491915576973204,0.694992330317837,0.759448795303347,0.7745896040021233
9.745460230115057,0.8121603110945257,0.8299354684835214,0.7484409224607564,0.693985748474143,0.7568302050624475,0.773867624360834
9.75069972486243,0.8105553753867546,0.8283933145411104,0.7476902872241927,0.6929791666304492,0.754211614821549,0.773145644719545
9.755939219609804,0.8089504396789835,0.8268511605986995,0.7469396519876289,0.6919725847867554,0.7515930245806504,0.772423665078256
9.761178714357177,0.8073455039712124,0.8253090066562885,0.7461890167510652,0.6909660029430617,0.7489744343397517,0.7717016854369669
9.76641820910455,0.8057405682634413,0.8237668527138775,0.7454383815145015,0.6899594210993679,0.7463558440988532,0.7709797057956779
9.771657703851925,0.8041356325556696,0.8222246987714661,0.7446877462779374,0.6889528392556739,0.7437372538579538,0.7702577261543886
9.776897198599299,0.8025306968478985,0.8206825448290551,0.7439371110413737,0.68794625741198,0.7411186636170551,0.7695357465130996
9.782136693346672,0.8009257611401274,0.8191403908866441,0.7431864758048099,0.6869396755682863,0.7385000733761566,0.7688137668718106
9.787376188094045,0.7993208254323563,0.8175982369442332,0.7424358405682462,0.6859330937245925,0.735881483135258,0.7680917872305215
9.79261568284142,0.7977724517693299,0.8159818453668264,0.7415231420703069,0.6846879915158973,0.7335689838752929,0.7671199217675067
9.797855177588794,0.796384518521687,0.8141548758824626,0.7401507448982754,0.6827663171180179,0.7321247234554777,0.7654392455601752
9.803094672336167,0.7949965852740442,0.8123279063980988,0.7387783477262438,0.6808446427201386,0.7306804630356626,0.7637585693528437
9.80833416708354,0.7936086520264013,0.810500936913735,0.7374059505542122,0.6789229683222592,0.7292362026158474,0.7620778931455122
9.813573661830915,0.792220718778758,0.8086739674293706,0.7360335533821802,0.6770012939243791,0.7277919421960317,0.7603972169381802
9.818813156578289,0.790832785531115,0.8068469979450068,0.7346611562101487,0.6750796195264998,0.7263476817762166,0.7587165407308487
9.824052651325662,0.7894448522834722,0.8050200284606429,0.7332887590381171,0.6731579451286204,0.7249034213564014,0.7570358645235173
9.829292146073035,0.7880569190358293,0.8031930589762791,0.7319163618660856,0.671236270730741,0.7234591609365862,0.7553551883161859
9.834531640820408,0.7866689857881864,0.8013660894919153,0.730543964694054,0.6693145963328616,0.7220149005167711,0.7536745121088544
9.839771135567783,0.7852810525405431,0.7995391200075509,0.7291715675220221,0.6673929219349816,0.7205706400969554,0.7519938359015224
9.845010630315157,0.7838001778332644,0.7976514737171085,0.7271990442529433,0.6660614628846961,0.719176862730203,0.7507218894106351
9.85025012506253,0.7820259566440098,0.7955723162574808,0.7233323729900586,0.6665928710252557,0.71794242249968,0.7507399960872759
9.855489619809903,0.7802517354547551,0.7934931587978531,0.7194657017271738,0.6671242791658152,0.716707982269157,0.7507581027639167
9.860729114557278,0.7784775142654999,0.7914140013382246,0.7155990304642877,0.6676556873063749,0.7154735420386336,0.7507762094405577
9.865968609304652,0.7767032930762452,0.7893348438785968,0.711732359201403,0.6681870954469344,0.7142391018081106,0.7507943161171985
9.871208104052025,0.7749290718869906,0.787255686418969,0.7078656879385181,0.668718503587494,0.7130046615775876,0.7508124227938393
9.876447598799398,0.7731548506977359,0.7851765289593413,0.7039990166756334,0.6692499117280535,0.7117702213470646,0.7508305294704801
9.881687093546772,0.7713806295084813,0.7830973714997135,0.7001323454127486,0.669781319868613,0.7105357811165416,0.7508486361471209
9.886926588294147,0.7696064083192261,0.781018214040085,0.6962656741498625,0.6703127280091727,0.7093013408860183,0.7508667428237618
9.89216608304152,0.7678321871299715,0.7789390565804573,0.6923990028869778,0.6708441361497323,0.7080669006554953,0.7508848495004027
9.897405577788893,0.766234247906382,0.7770559906445903,0.6892832746806336,0.6708717598382993,0.7066414034095185,0.7504042844663765
9.902645072536266,0.7652593051750863,0.7758659299801958,0.6888214475036532,0.6691189634749392,0.7045406933021093,0.7481613682730622
9.907884567283642,0.7642843624437904,0.7746758693158009,0.6883596203266725,0.6673661671115784,0.7024399831946994,0.7459184520797472
9.913124062031015,0.7633094197124948,0.7734858086514065,0.6878977931496921,0.6656133707482182,0.70033927308729,0.743675535886433
9.918363556778388,0.7623344769811992,0.7722957479870121,0.6874359659727117,0.663860574384858,0.6982385629798807,0.7414326196931187
9.923603051525761,0.7613595342499035,0.7711056873226175,0.6869741387957313,0.6621077780214979,0.6961378528724715,0.7391897034998044
9.928842546273135,0.7603845915186078,0.7699156266582231,0.6865123116187509,0.6603549816581378,0.6940371427650622,0.7369467873064901
9.93408204102051,0.7594096487873119,0.7687255659938282,0.6860504844417704,0.658602185294777,0.6919364326576523,0.7347038711131751
9.939321535767883,0.7584347060560163,0.7675355053294337,0.68558865726479,0.6568493889314169,0.689835722550243,0.7324609549198609
9.944561030515256,0.7574597633247206,0.7663454446650393,0.6851268300878095,0.6550965925680567,0.6877350124428336,0.7302180387265466
9.94980052526263,0.7564434607747658,0.7649397268276096,0.6845526025693404,0.6535113541352978,0.685754811886223,0.7282737002097933
9.955040020010005,0.7552622359479062,0.7626740760126993,0.6835301786891834,0.6525942529508125,0.6842551431634222,0.72751994017833
9.960279514757378,0.754081011121047,0.7604084251977898,0.6825077548090267,0.6516771517663277,0.6827554744406219,0.7267661801468668
9.965519009504751,0.7528997862941879,0.7581427743828804,0.6814853309288701,0.6507600505818428,0.6812558057178216,0.7260124201154037
9.970758504252125,0.7517185614673287,0.7558771235679709,0.6804629070487134,0.649842949397358,0.6797561369950212,0.7252586600839406
9.9759979989995,0.7505373366404692,0.7536114727530606,0.6794404831685564,0.6489258482128728,0.6782564682722205,0.7245049000524773
9.981237493746873,0.74935611181361,0.7513458219381511,0.6784180592883997,0.6480087470283878,0.6767567995494203,0.723751140021014
9.986476988494246,0.7481748869867508,0.7490801711232417,0.6773956354082431,0.647091645843903,0.6752571308266199,0.7229973799895509
9.99171648324162,0.7469936621598917,0.7468145203083322,0.6763732115280864,0.6461745446594181,0.6737574621038196,0.7222436199580878
9.996955977988993,0.7458124373330325,0.7445488694934227,0.6753507876479298,0.6452574434749333,0.6722577933810193,0.7214898599266247
10.002195472736368,0.7444384256515261,0.7422149803310948,0.6738742229181833,0.6441969107672645,0.6707584784328949,0.7206630001776269
10.007434967483741,0.7421888403384996,0.7395711753409125,0.6703351018298875,0.6424849598918045,0.6692607702114267,0.7195041458781603
10.012674462231114,0.7399392550254732,0.7369273703507303,0.6667959807415916,0.6407730090163446,0.6677630619899584,0.7183452915786936
10.017913956978488,0.7376896697124468,0.7342835653605482,0.6632568596532957,0.6390610581408845,0.6662653537684902,0.717186437279227
10.023153451725863,0.7354400843994195,0.731639760370365,0.6597177385649987,0.637349107265424,0.6647676455470214,0.71602758297976
10.028392946473236,0.7331904990863931,0.7289959553801828,0.6561786174767028,0.6356371563899641,0.6632699373255531,0.7148687286802934
10.03363244122061,0.7309409137733666,0.7263521503900007,0.652639496388407,0.6339252055145042,0.6617722291040848,0.7137098743808268
10.038871935967983,0.7286913284603401,0.7237083453998184,0.6491003753001111,0.6322132546390441,0.6602745208826165,0.7125510200813602
10.044111430715356,0.7264417431473137,0.7210645404096362,0.6455612542118152,0.6305013037635842,0.6587768126611483,0.7113921657818936
10.049350925462731,0.7241921578342865,0.7184207354194532,0.6420221331235182,0.6287893528881237,0.6572791044396794,0.7102333114824266
10.054590420210104,0.7221391303800251,0.71591455590588,0.6389113125232272,0.6272627366337488,0.6557535356945859,0.7090173747765186
10.059829914957477,0.7211149604677396,0.7141287597464346,0.6380423772898423,0.6267062312866184,0.6540821345211414,0.7075026473493928
10.06506940970485,0.720090790555454,0.7123429635869892,0.6371734420564572,0.6261497259394879,0.6524107333476968,0.7059879199222672
10.070308904452226,0.7190666206431681,0.7105571674275433,0.6363045068230719,0.6255932205923573,0.6507393321742517,0.704473192495141
10.075548399199599,0.7180424507308825,0.7087713712680979,0.635435571589687,0.625036715245227,0.6490679310008071,0.7029584650680153
10.080787893946972,0.7170182808185969,0.7069855751086525,0.634566636356302,0.6244802098980966,0.6473965298273625,0.7014437376408895
10.086027388694346,0.7159941109063114,0.705199778949207,0.633697701122917,0.6239237045509661,0.645725128653918,0.6999290102137639
10.091266883441719,0.7149699409940258,0.7034139827897616,0.632828765889532,0.6233671992038358,0.6440537274804734,0.6984142827866382
10.096506378189094,0.7139457710817398,0.7016281866303156,0.6319598306561467,0.6228106938567052,0.6423823263070283,0.696899555359512
10.101745872936467,0.7129216011694542,0.6998423904708702,0.6310908954227618,0.6222541885095748,0.6407109251335837,0.6953848279323862
10.10698536768384,0.7117956767831822,0.6980084114273692,0.6303331639764309,0.6216974980001351,0.6391276784595549,0.6940169489829486
10.112224862431214,0.7100465062437425,0.695879312219028,0.6302565557258073,0.621139673371551,0.638084378094448,0.6935485169593517
10.117464357178589,0.7082973357043023,0.6937502130106861,0.6301799474751837,0.6205818487429667,0.6370410777293407,0.6930800849357546
10.122703851925962,0.7065481651648626,0.6916211138023448,0.6301033392245601,0.6200240241143826,0.6359977773642338,0.6926116529121576
10.127943346673336,0.7047989946254231,0.6894920145940036,0.6300267309739365,0.6194661994857985,0.6349544769991269,0.6921432208885607
10.133182841420709,0.7030498240859834,0.6873629153856623,0.6299501227233129,0.6189083748572144,0.63391117663402,0.6916747888649638
10.138422336168084,0.7013006535465431,0.6852338161773204,0.6298735144726892,0.6183505502286302,0.6328678762689126,0.6912063568413667
10.143661830915457,0.6995514830071035,0.6831047169689791,0.6297969062220656,0.617792725600046,0.6318245759038057,0.6907379248177697
10.14890132566283,0.6978023124676638,0.6809756177606379,0.629720297971442,0.6172349009714619,0.6307812755386988,0.6902694927941728
10.154140820410204,0.6960531419282242,0.6788465185522966,0.6296436897208185,0.6166770763428778,0.6297379751735919,0.6898010607705758
10.159380315157577,0.6943155210061729,0.6767933917458588,0.6290425211274459,0.6160643543199897,0.628594596181579,0.6892808621830192
10.164619809904952,0.6926623566612744,0.6752958131283425,0.6246055050276984,0.615050195101251,0.6267193922303114,0.6883821205965052
10.169859304652325,0.6910091923163764,0.6737982345108268,0.6201684889279524,0.6140360358825128,0.6248441882790444,0.6874833790099913
10.175098799399699,0.6893560279714783,0.6723006558933109,0.6157314728282064,0.6130218766637744,0.6229689843277775,0.6865846374234775
10.180338294147072,0.6877028636265803,0.6708030772757951,0.6112944567284604,0.612007717445036,0.6210937803765105,0.6856858958369637
10.185577788894447,0.6860496992816817,0.6693054986582788,0.6068574406287129,0.6109935582262974,0.6192185764252429,0.6847871542504497
10.19081728364182,0.6843965349367837,0.6678079200407631,0.6024204245289669,0.609979399007559,0.617343372473976,0.6838884126639359
10.196056778389194,0.6827433705918857,0.6663103414232472,0.597983408429221,0.6089652397888207,0.615468168522709,0.682989671077422
10.201296273136567,0.6810902062469877,0.6648127628057314,0.593546392329475,0.6079510805700823,0.613592964571442,0.6820909294909083
10.20653576788394,0.6794370419020896,0.6633151841882157,0.589109376229729,0.606936921351344,0.611717760620175,0.6811921879043945
10.211775262631315,0.6778432264498789,0.6618047022419977,0.585329295125258,0.6059470958616029,0.6098948787242221,0.6801941537484266
10.217014757378688,0.6767820673095425,0.6601784129206834,0.5874452056033965,0.605175665589616,0.6085415872747187,0.6783049687816114
10.222254252126062,0.675720908169206,0.6585521235993691,0.589561116081535,0.6044042353176291,0.6071882958252155,0.6764157838147961
10.227493746873435,0.6746597490288697,0.6569258342780547,0.5916770265596735,0.6036328050456422,0.6058350043757121,0.6745265988479807
10.23273324162081,0.6735985898885328,0.6552995449567398,0.5937929370378127,0.6028613747736551,0.6044817129262083,0.6726374138811648
10.237972736368183,0.6725374307481965,0.6536732556354256,0.5959088475159512,0.6020899445016682,0.6031284214767051,0.6707482289143496
10.243212231115557,0.67147627160786,0.6520469663141112,0.5980247579940897,0.6013185142296813,0.6017751300272017,0.6688590439475343
10.24845172586293,0.6704151124675236,0.6504206769927968,0.6001406684722282,0.6005470839576944,0.6004218385776985,0.666969858980719
10.253691220610303,0.6693539533271872,0.6487943876714826,0.6022565789503667,0.5997756536857075,0.5990685471281951,0.6650806740139037
10.258930715357678,0.6682927941868504,0.6471680983501676,0.6043724894285059,0.5990042234137203,0.5977152556786913,0.6631914890470878
10.264170210105052,0.6671934949619379,0.645532914918219,0.6060479301565348,0.5982100374181929,0.5963412702693532,0.6613065032886528
10.269409704852425,0.6656567766420453,0.6437957271549319,0.6026717334380071,0.5971548717183105,0.5947299510081598,0.6594696772013291
10.274649199599798,0.6641200583221527,0.6420585393916448,0.5992955367194793,0.5960997060184281,0.5931186317469666,0.6576328511140055
10.279888694347173,0.6625833400022595,0.6403213516283572,0.5959193400009505,0.5950445403185453,0.5915073124857727,0.6557960250266812
10.285128189094547,0.6610466216823668,0.6385841638650702,0.5925431432824227,0.5939893746186629,0.5898959932245793,0.6539591989393576
10.29036768384192,0.6595099033624742,0.6368469761017832,0.589166946563895,0.5929342089187805,0.588284673963386,0.652122372852034
10.295607178589293,0.6579731850425815,0.6351097883384961,0.5857907498453673,0.5918790432188981,0.5866733547021926,0.6502855467647103
10.300846673336668,0.6564364667226884,0.6333726005752085,0.5824145531268384,0.5908238775190153,0.5850620354409988,0.6484487206773861
10.306086168084041,0.6548997484027957,0.6316354128119215,0.5790383564083107,0.5897687118191329,0.5834507161798054,0.6466118945900624
10.311325662831415,0.6533630300829031,0.6298982250486345,0.575662159689783,0.5887135461192505,0.5818393969186121,0.6447750685027388
10.316565157578788,0.6517872337328252,0.628121586223428,0.572458952204696,0.5877047618319989,0.5802981509572579,0.6430487455607141
10.321804652326161,0.6496008431611002,0.6257285245557274,0.5719587014921347,0.587420687117107,0.5798518003058956,0.6430490342639936
10.327044147073536,0.6474144525893745,0.623335462888026,0.5714584507795731,0.587136612402215,0.5794054496545331,0.6430493229672731
10.33228364182091,0.6452280620176495,0.6209424012203254,0.5709582000670117,0.5868525376873233,0.5789590990031708,0.6430496116705526
10.337523136568283,0.6430416714459245,0.6185493395526248,0.5704579493544504,0.5865684629724314,0.5785127483518085,0.6430499003738323
10.342762631315656,0.6408552808741995,0.6161562778849242,0.5699576986418889,0.5862843882575395,0.5780663977004462,0.6430501890771118
10.348002126063031,0.6386688903024738,0.6137632162172229,0.5694574479293274,0.5860003135426475,0.5776200470490838,0.6430504777803913
10.353241620810405,0.6364824997307488,0.6113701545495223,0.5689571972167661,0.5857162388277556,0.5771736963977214,0.6430507664836708
10.358481115557778,0.6342961091590238,0.6089770928818217,0.5684569465042046,0.5854321641128638,0.5767273457463592,0.6430510551869504
10.363720610305151,0.6321097185872988,0.6065840312141211,0.5679566957916433,0.5851480893979719,0.5762809950949969,0.6430513438902299
10.368960105052524,0.6299545280132106,0.6042132445792557,0.5673974536895958,0.5848203161799979,0.5757967459552262,0.642999874555898
10.3741995997999,0.6285461873825547,0.6023756665428845,0.5654261052017219,0.5834465100444913,0.5744053017491785,0.6417094471962413
10.379439094547273,0.6271378467518993,0.600538088506514,0.5634547567138486,0.5820727039089852,0.5730138575431313,0.6404190198365851
10.384678589294646,0.6257295061212439,0.5987005104701435,0.5614834082259753,0.5806988977734792,0.5716224133370841,0.6391285924769289
10.38991808404202,0.6243211654905884,0.5968629324337731,0.559512059738102,0.5793250916379731,0.5702309691310369,0.6378381651172726
10.395157578789394,0.6229128248599325,0.5950253543974019,0.557540711250228,0.5779512855024665,0.5688395249249891,0.6365477377576159
10.400397073536768,0.6215044842292771,0.5931877763610314,0.5555693627623547,0.5765774793669605,0.5674480807189419,0.6352573103979596
10.405636568284141,0.6200961435986216,0.5913501983246608,0.5535980142744814,0.5752036732314544,0.5660566365128947,0.6339668830383034
10.410876063031514,0.6186878029679661,0.5895126202882903,0.5516266657866081,0.5738298670959483,0.5646651923068475,0.6326764556786472
10.416115557778888,0.6172794623373107,0.5876750422519198,0.5496553172987347,0.5724560609604422,0.5632737481008003,0.6313860283189909
10.421355052526263,0.6158728682330795,0.5858352555876916,0.5477149080490756,0.5710917773777363,0.5618857002445893,0.6300751323597023
10.426594547273636,0.61455163560786,0.583887522236946,0.5472866540671847,0.5701929085631674,0.5606636489866473,0.6277638335933895
10.43183404202101,0.6132304029826403,0.5819397888862005,0.5468584000852938,0.5692940397485985,0.5594415977287054,0.6254525348270767
10.437073536768382,0.6119091703574208,0.5799920555354549,0.5464301461034029,0.5683951709340296,0.5582195464707634,0.623141236060764
10.442313031515758,0.6105879377322007,0.5780443221847086,0.5460018921215118,0.5674963021194604,0.5569974952128212,0.6208299372944506
10.44755252626313,0.6092667051069811,0.5760965888339631,0.5455736381396209,0.5665974333048915,0.5557754439548792,0.6185186385281378
10.452792021010504,0.6079454724817615,0.5741488554832175,0.54514538415773,0.5656985644903226,0.5545533926969373,0.6162073397618251
10.458031515757877,0.6066242398565419,0.5722011221324719,0.544717130175839,0.5647996956757537,0.5533313414389953,0.6138960409955123
10.46327101050525,0.6053030072313222,0.5702533887817263,0.5442888761939481,0.5639008268611848,0.5521092901810534,0.6115847422291997
10.468510505252626,0.6039817746061023,0.5683056554309801,0.543860622212057,0.5630019580466156,0.5508872389231111,0.6092734434628861
10.473749999999999,0.6026605419808826,0.5663579220802345,0.543432368230166,0.5621030892320467,0.5496651876651691,0.6069621446965734
