# composition,0.718KCl-0.282CaCl2
# source,Walker, 2026
# temperature_K,921
# raw_file,0.718KCl-0.282CaCl2_Walker_2026_921.0_AP.csv
# savgol,True
# grid_points,2000
r (A),Ca-Ca,Ca-Cl,Ca-K,Cl-Cl,K-Cl,K-K
0.0,0.0,0.0,0.0,0.0,0.0,0.0
0.005239494747373687,0.0,0.0,0.0,0.0,0.0,0.0
0.010478989494747374,0.0,0.0,0.0,0.0,0.0,0.0
0.01571848424212106,0.0,0.0,0.0,0.0,0.0,0.0
0.02095797898949475,0.0,0.0,0.0,0.0,0.0,0.0
0.026197473736868437,0.0,0.0,0.0,0.0,0.0,0.0
0.03143696848424212,0.0,0.0,0.0,0.0,0.0,0.0
0.03667646323161581,0.0,0.0,0.0,0.0,0.0,0.0
0.0419159579789895,0.0,0.0,0.0,0.0,0.0,0.0
0.047155452726363185,0.0,0.0,0.0,0.0,0.0,0.0
0.05239494747373687,0.0,0.0,0.0,0.0,0.0,0.0
0.05763444222111056,0.0,0.0,0.0,0.0,0.0,0.0
0.06287393696848424,0.0,0.0,0.0,0.0,0.0,0.0
0.06811343171585793,0.0,0.0,0.0,0.0,0.0,0.0
0.07335292646323162,0.0,0.0,0.0,0.0,0.0,0.0
0.0785924212106053,0.0,0.0,0.0,0.0,0.0,0.0
0.083831915957979,0.0,0.0,0.0,0.0,0.0,0.0
0.08907141070535268,0.0,0.0,0.0,0.0,0.0,0.0
0.09431090545272637,0.0,0.0,0.0,0.0,0.0,0.0
0.09955040020010006,0.0,0.0,0.0,0.0,0.0,0.0
0.10478989494747375,0.0,0.0,0.0,0.0,0.0,0.0
0.11002938969484743,0.0,0.0,0.0,0.0,0.0,0.0
0.11526888444222112,0.0,0.0,0.0,0.0,0.0,0.0
0.12050837918959481,0.0,0.0,0.0,0.0,0.0,0.0
0.12574787393696849,0.0,0.0,0.0,0.0,0.0,0.0
0.1309873686843422,0.0,0.0,0.0,0.0,0.0,0.0
0.13622686343171586,0.0,0.0,0.0,0.0,0.0,0.0
0.14146635817908956,0.0,0.0,0.0,0.0,0.0,0.0
0.14670585292646324,0.0,0.0,0.0,0.0,0.0,0.0
0.15194534767383694,0.0,0.0,0.0,0.0,0.0,0.0
0.1571848424212106,0.0,0.0,0.0,0.0,0.0,0.0
0.16242433716858432,0.0,0.0,0.0,0.0,0.0,0.0
0.167663831915958,0.0,0.0,0.0,0.0,0.0,0.0
0.17290332666333166,0.0,0.0,0.0,0.0,0.0,0.0
0.17814282141070537,0.0,0.0,0.0,0.0,0.0,0.0
0.18338231615807904,0.0,0.0,0.0,0.0,0.0,0.0
0.18862181090545274,0.0,0.0,0.0,0.0,0.0,0.0
0.19386130565282642,0.0,0.0,0.0,0.0,0.0,0.0
0.19910080040020012,0.0,0.0,0.0,0.0,0.0,0.0
0.2043402951475738,0.0,0.0,0.0,0.0,0.0,0.0
0.2095797898949475,0.0,0.0,0.0,0.0,0.0,0.0
0.21481928464232117,0.0,0.0,0.0,0.0,0.0,0.0
0.22005877938969487,0.0,0.0,0.0,0.0,0.0,0.0
0.22529827413706854,0.0,0.0,0.0,0.0,0.0,0.0
0.23053776888444225,0.0,0.0,0.0,0.0,0.0,0.0
0.23577726363181592,0.0,0.0,0.0,0.0,0.0,0.0
0.24101675837918962,0.0,0.0,0.0,0.0,0.0,0.0
0.2462562531265633,0.0,0.0,0.0,0.0,0.0,0.0
0.25149574787393697,0.0,0.0,0.0,0.0,0.0,0.0
0.25673524262131064,0.0,0.0,0.0,0.0,0.0,0.0
0.2619747373686844,0.0,0.0,0.0,0.0,0.0,0.0
0.26721423211605805,0.0,0.0,0.0,0.0,0.0,0.0
0.2724537268634317,0.0,0.0,0.0,0.0,0.0,0.0
0.2776932216108054,0.0,0.0,0.0,0.0,0.0,0.0
0.2829327163581791,0.0,0.0,0.0,0.0,0.0,0.0
0.2881722111055528,0.0,0.0,0.0,0.0,0.0,0.0
0.2934117058529265,0.0,0.0,0.0,0.0,0.0,0.0
0.29865120060030015,0.0,0.0,0.0,0.0,0.0,0.0
0.3038906953476739,0.0,0.0,0.0,0.0,0.0,0.0
0.30913019009504755,0.0,0.0,0.0,0.0,0.0,0.0
0.3143696848424212,0.0,0.0,0.0,0.0,0.0,0.0
0.3196091795897949,0.0,0.0,0.0,0.0,0.0,0.0
0.32484867433716863,0.0,0.0,0.0,0.0,0.0,0.0
0.3300881690845423,0.0,0.0,0.0,0.0,0.0,0.0
0.335327663831916,0.0,0.0,0.0,0.0,0.0,0.0
0.34056715857928965,0.0,0.0,0.0,0.0,0.0,0.0
0.3458066533266633,0.0,0.0,0.0,0.0,0.0,0.0
0.35104614807403706,0.0,0.0,0.0,0.0,0.0,0.0
0.35628564282141073,0.0,0.0,0.0,0.0,0.0,0.0
0.3615251375687844,0.0,0.0,0.0,0.0,0.0,0.0
0.3667646323161581,0.0,0.0,0.0,0.0,0.0,0.0
0.3720041270635318,0.0,0.0,0.0,0.0,0.0,0.0
0.3772436218109055,0.0,0.0,0.0,0.0,0.0,0.0
0.38248311655827916,0.0,0.0,0.0,0.0,0.0,0.0
0.38772261130565283,0.0,0.0,0.0,0.0,0.0,0.0
0.39296210605302656,0.0,0.0,0.0,0.0,0.0,0.0
0.39820160080040023,0.0,0.0,0.0,0.0,0.0,0.0
0.4034410955477739,0.0,0.0,0.0,0.0,0.0,0.0
0.4086805902951476,0.0,0.0,0.0,0.0,0.0,0.0
0.4139200850425213,0.0,0.0,0.0,0.0,0.0,0.0
0.419159579789895,0.0,0.0,0.0,0.0,0.0,0.0
0.42439907453726866,0.0,0.0,0.0,0.0,0.0,0.0
0.42963856928464234,0.0,0.0,0.0,0.0,0.0,0.0
0.434878064032016,0.0,0.0,0.0,0.0,0.0,0.0
0.44011755877938974,0.0,0.0,0.0,0.0,0.0,0.0
0.4453570535267634,0.0,0.0,0.0,0.0,0.0,0.0
0.4505965482741371,0.0,0.0,0.0,0.0,0.0,0.0
0.45583604302151076,0.0,0.0,0.0,0.0,0.0,0.0
0.4610755377688845,0.0,0.0,0.0,0.0,0.0,0.0
0.46631503251625817,0.0,0.0,0.0,0.0,0.0,0.0
0.47155452726363184,0.0,0.0,0.0,0.0,0.0,0.0
0.4767940220110055,0.0,0.0,0.0,0.0,0.0,0.0
0.48203351675837924,0.0,0.0,0.0,0.0,0.0,0.0
0.4872730115057529,0.0,0.0,0.0,0.0,0.0,0.0
0.4925125062531266,0.0,0.0,0.0,0.0,0.0,0.0
0.49775200100050027,0.0,0.0,0.0,0.0,0.0,0.0
0.5029914957478739,0.0,0.0,0.0,0.0,0.0,0.0
0.5082309904952477,0.0,0.0,0.0,0.0,0.0,0.0
0.5134704852426213,0.0,0.0,0.0,0.0,0.0,0.0
0.518709979989995,0.0,0.0,0.0,0.0,0.0,0.0
0.5239494747373687,0.0,0.0,0.0,0.0,0.0,0.0
0.5291889694847424,0.0,0.0,0.0,0.0,0.0,0.0
0.5344284642321161,0.0,0.0,0.0,0.0,0.0,0.0
0.5396679589794898,0.0,0.0,0.0,0.0,0.0,0.0
0.5449074537268634,0.0,0.0,0.0,0.0,0.0,0.0
0.5501469484742372,0.0,0.0,0.0,0.0,0.0,0.0
0.5553864432216108,0.0,0.0,0.0,0.0,0.0,0.0
0.5606259379689845,0.0,0.0,0.0,0.0,0.0,0.0
0.5658654327163583,0.0,0.0,0.0,0.0,0.0,0.0
0.5711049274637319,0.0,0.0,0.0,0.0,0.0,0.0
0.5763444222111056,0.0,0.0,0.0,0.0,0.0,0.0
0.5815839169584793,0.0,0.0,0.0,0.0,0.0,0.0
0.586823411705853,0.0,0.0,0.0,0.0,0.0,0.0
0.5920629064532267,0.0,0.0,0.0,0.0,0.0,0.0
0.5973024012006003,0.0,0.0,0.0,0.0,0.0,0.0
0.602541895947974,0.0,0.0,0.0,0.0,0.0,0.0
0.6077813906953478,0.0,0.0,0.0,0.0,0.0,0.0
0.6130208854427214,0.0,0.0,0.0,0.0,0.0,0.0
0.6182603801900951,0.0,0.0,0.0,0.0,0.0,0.0
0.6234998749374687,0.0,0.0,0.0,0.0,0.0,0.0
0.6287393696848425,0.0,0.0,0.0,0.0,0.0,0.0
0.6339788644322162,0.0,0.0,0.0,0.0,0.0,0.0
0.6392183591795898,0.0,0.0,0.0,0.0,0.0,0.0
0.6444578539269635,0.0,0.0,0.0,0.0,0.0,0.0
0.6496973486743373,0.0,0.0,0.0,0.0,0.0,0.0
0.6549368434217109,0.0,0.0,0.0,0.0,0.0,0.0
0.6601763381690846,0.0,0.0,0.0,0.0,0.0,0.0
0.6654158329164582,0.0,0.0,0.0,0.0,0.0,0.0
0.670655327663832,0.0,0.0,0.0,0.0,0.0,0.0
0.6758948224112057,0.0,0.0,0.0,0.0,0.0,0.0
0.6811343171585793,0.0,0.0,0.0,0.0,0.0,0.0
0.686373811905953,0.0,0.0,0.0,0.0,0.0,0.0
0.6916133066533267,0.0,0.0,0.0,0.0,0.0,0.0
0.6968528014007004,0.0,0.0,0.0,0.0,0.0,0.0
0.7020922961480741,0.0,0.0,0.0,0.0,0.0,0.0
0.7073317908954477,0.0,0.0,0.0,0.0,0.0,0.0
0.7125712856428215,0.0,0.0,0.0,0.0,0.0,0.0
0.7178107803901952,0.0,0.0,0.0,0.0,0.0,0.0
0.7230502751375688,0.0,0.0,0.0,0.0,0.0,0.0
0.7282897698849425,0.0,0.0,0.0,0.0,0.0,0.0
0.7335292646323162,0.0,0.0,0.0,0.0,0.0,0.0
0.7387687593796899,0.0,0.0,0.0,0.0,0.0,0.0
0.7440082541270636,0.0,0.0,0.0,0.0,0.0,0.0
0.7492477488744372,0.0,0.0,0.0,0.0,0.0,0.0
0.754487243621811,0.0,0.0,0.0,0.0,0.0,0.0
0.7597267383691846,0.0,0.0,0.0,0.0,0.0,0.0
0.7649662331165583,0.0,0.0,0.0,0.0,0.0,0.0
0.770205727863932,0.0,0.0,0.0,0.0,0.0,0.0
0.7754452226113057,0.0,0.0,0.0,0.0,0.0,0.0
0.7806847173586794,0.0,0.0,0.0,0.0,0.0,0.0
0.7859242121060531,0.0,0.0,0.0,0.0,0.0,0.0
0.7911637068534267,0.0,0.0,0.0,0.0,0.0,0.0
0.7964032016008005,0.0,0.0,0.0,0.0,0.0,0.0
0.8016426963481741,0.0,0.0,0.0,0.0,0.0,0.0
0.8068821910955478,0.0,0.0,0.0,0.0,0.0,0.0
0.8121216858429215,0.0,0.0,0.0,0.0,0.0,0.0
0.8173611805902952,0.0,0.0,0.0,0.0,0.0,0.0
0.8226006753376689,0.0,0.0,0.0,0.0,0.0,0.0
0.8278401700850426,0.0,0.0,0.0,0.0,0.0,0.0
0.8330796648324162,0.0,0.0,0.0,0.0,0.0,0.0
0.83831915957979,0.0,0.0,0.0,0.0,0.0,0.0
0.8435586543271636,0.0,0.0,0.0,0.0,0.0,0.0
0.8487981490745373,0.0,0.0,0.0,0.0,0.0,0.0
0.854037643821911,0.0,0.0,0.0,0.0,0.0,0.0
0.8592771385692847,0.0,0.0,0.0,0.0,0.0,0.0
0.8645166333166584,0.0,0.0,0.0,0.0,0.0,0.0
0.869756128064032,0.0,0.0,0.0,0.0,0.0,0.0
0.8749956228114057,0.0,0.0,0.0,0.0,0.0,0.0
0.8802351175587795,0.0,0.0,0.0,0.0,0.0,0.0
0.8854746123061531,0.0,0.0,0.0,0.0,0.0,0.0
0.8907141070535268,0.0,0.0,0.0,0.0,0.0,0.0
0.8959536018009006,0.0,0.0,0.0,0.0,0.0,0.0
0.9011930965482742,0.0,0.0,0.0,0.0,0.0,0.0
0.9064325912956479,0.0,0.0,0.0,0.0,0.0,0.0
0.9116720860430215,0.0,0.0,0.0,0.0,0.0,0.0
0.9169115807903953,0.0,0.0,0.0,0.0,0.0,0.0
0.922151075537769,0.0,0.0,0.0,0.0,0.0,0.0
0.9273905702851426,0.0,0.0,0.0,0.0,0.0,0.0
0.9326300650325163,0.0,0.0,0.0,0.0,0.0,0.0
0.93786955977989,0.0,0.0,0.0,0.0,0.0,0.0
0.9431090545272637,0.0,0.0,0.0,0.0,0.0,0.0
0.9483485492746374,0.0,0.0,0.0,0.0,0.0,0.0
0.953588044022011,0.0,0.0,0.0,0.0,0.0,0.0
0.9588275387693848,0.0,0.0,0.0,0.0,0.0,0.0
0.9640670335167585,0.0,0.0,0.0,0.0,0.0,0.0
0.9693065282641321,0.0,0.0,0.0,0.0,0.0,0.0
0.9745460230115058,0.0,0.0,0.0,0.0,0.0,0.0
0.9797855177588795,0.0,0.0,0.0,0.0,0.0,0.0
0.9850250125062532,0.0,0.0,0.0,0.0,0.0,0.0
0.9902645072536269,0.0,0.0,0.0,0.0,0.0,0.0
0.9955040020010005,0.0,0.0,0.0,0.0,0.0,0.0
1.0007434967483742,0.0,0.0,0.0,0.0,0.0,0.0
1.0059829914957479,0.0,0.0,0.0,0.0,0.0,0.0
1.0112224862431216,0.0,0.0,0.0,0.0,0.0,0.0
1.0164619809904953,0.0,0.0,0.0,0.0,0.0,0.0
1.021701475737869,0.0,0.0,0.0,0.0,0.0,0.0
1.0269409704852426,0.0,0.0,0.0,0.0,0.0,0.0
1.0321804652326163,0.0,0.0,0.0,0.0,0.0,0.0
1.03741995997999,0.0,0.0,0.0,0.0,0.0,0.0
1.0426594547273638,0.0,0.0,0.0,0.0,0.0,0.0
1.0478989494747375,0.0,0.0,0.0,0.0,0.0,0.0
1.0531384442221112,0.0,0.0,0.0,0.0,0.0,0.0
1.0583779389694847,0.0,0.0,0.0,0.0,0.0,0.0
1.0636174337168585,0.0,0.0,0.0,0.0,0.0,0.0
1.0688569284642322,0.0,0.0,0.0,0.0,0.0,0.0
1.074096423211606,0.0,0.0,0.0,0.0,0.0,0.0
1.0793359179589797,0.0,0.0,0.0,0.0,0.0,0.0
1.0845754127063532,0.0,0.0,0.0,0.0,0.0,0.0
1.0898149074537269,0.0,0.0,0.0,0.0,0.0,0.0
1.0950544022011006,0.0,0.0,0.0,0.0,0.0,0.0
1.1002938969484743,0.0,0.0,0.0,0.0,0.0,0.0
1.105533391695848,0.0,0.0,0.0,0.0,0.0,0.0
1.1107728864432216,0.0,0.0,0.0,0.0,0.0,0.0
1.1160123811905953,0.0,0.0,0.0,0.0,0.0,0.0
1.121251875937969,0.0,0.0,0.0,0.0,0.0,0.0
1.1264913706853428,0.0,0.0,0.0,0.0,0.0,0.0
1.1317308654327165,0.0,0.0,0.0,0.0,0.0,0.0
1.13697036018009,0.0,0.0,0.0,0.0,0.0,0.0
1.1422098549274637,0.0,0.0,0.0,0.0,0.0,0.0
1.1474493496748375,0.0,0.0,0.0,0.0,0.0,0.0
1.1526888444222112,0.0,0.0,0.0,0.0,0.0,0.0
1.157928339169585,0.0,0.0,0.0,0.0,0.0,0.0
1.1631678339169587,0.0,0.0,0.0,0.0,0.0,0.0
1.1684073286643322,0.0,0.0,0.0,0.0,0.0,0.0
1.173646823411706,0.0,0.0,0.0,0.0,0.0,0.0
1.1788863181590796,0.0,0.0,0.0,0.0,0.0,0.0
1.1841258129064534,0.0,0.0,0.0,0.0,0.0,0.0
1.189365307653827,0.0,0.0,0.0,0.0,0.0,0.0
1.1946048024012006,0.0,0.0,0.0,0.0,0.0,0.0
1.1998442971485743,0.0,0.0,0.0,0.0,0.0,0.0
1.205083791895948,0.0,0.0,0.0,0.0,0.0,0.0
1.2103232866433218,0.0,0.0,0.0,0.0,0.0,0.0
1.2155627813906955,0.0,0.0,0.0,0.0,0.0,0.0
1.220802276138069,0.0,0.0,0.0,0.0,0.0,0.0
1.2260417708854427,0.0,0.0,0.0,0.0,0.0,0.0
1.2312812656328165,0.0,0.0,0.0,0.0,0.0,0.0
1.2365207603801902,0.0,0.0,0.0,0.0,0.0,0.0
1.241760255127564,0.0,0.0,0.0,0.0,0.0,0.0
1.2469997498749374,0.0,0.0,0.0,0.0,0.0,0.0
1.2522392446223112,0.0,0.0,0.0,0.0,0.0,0.0
1.257478739369685,0.0,0.0,0.0,0.0,0.0,0.0
1.2627182341170586,0.0,0.0,0.0,0.0,0.0,0.0
1.2679577288644324,0.0,0.0,0.0,0.0,0.0,0.0
1.2731972236118059,0.0,0.0,0.0,0.0,0.0,0.0
1.2784367183591796,0.0,0.0,0.0,0.0,0.0,0.0
1.2836762131065533,0.0,0.0,0.0,0.0,0.0,0.0
1.288915707853927,0.0,0.0,0.0,0.0,0.0,0.0
1.2941552026013008,0.0,0.0,0.0,0.0,0.0,0.0
1.2993946973486745,0.0,0.0,0.0,0.0,0.0,0.0
1.304634192096048,0.0,0.0,0.0,0.0,0.0,0.0
1.3098736868434218,0.0,0.0,0.0,0.0,0.0,0.0
1.3151131815907955,0.0,0.0,0.0,0.0,0.0,0.0
1.3203526763381692,0.0,0.0,0.0,0.0,0.0,0.0
1.325592171085543,0.0,0.0,0.0,0.0,0.0,0.0
1.3308316658329165,0.0,0.0,0.0,0.0,0.0,0.0
1.3360711605802902,0.0,0.0,0.0,0.0,0.0,0.0
1.341310655327664,0.0,0.0,0.0,0.0,0.0,0.0
1.3465501500750376,0.0,0.0,0.0,0.0,0.0,0.0
1.3517896448224114,0.0,0.0,0.0,0.0,0.0,0.0
1.3570291395697849,0.0,0.0,0.0,0.0,0.0,0.0
1.3622686343171586,0.0,0.0,0.0,0.0,0.0,0.0
1.3675081290645323,0.0,0.0,0.0,0.0,0.0,0.0
1.372747623811906,0.0,0.0,0.0,0.0,0.0,0.0
1.3779871185592798,0.0,0.0,0.0,0.0,0.0,0.0
1.3832266133066533,0.0,0.0,0.0,0.0,0.0,0.0
1.388466108054027,0.0,0.0,0.0,0.0,0.0,0.0
1.3937056028014008,0.0,0.0,0.0,0.0,0.0,0.0
1.3989450975487745,0.0,0.0,0.0,0.0,0.0,0.0
1.4041845922961482,0.0,0.0,0.0,0.0,0.0,0.0
1.409424087043522,0.0,0.0,0.0,0.0,0.0,0.0
1.4146635817908955,0.0,0.0,0.0,0.0,0.0,0.0
1.4199030765382692,0.0,0.0,0.0,0.0,0.0,0.0
1.425142571285643,0.0,0.0,0.0,0.0,0.0,0.0
1.4303820660330167,0.0,0.0,0.0,0.0,0.0,0.0
1.4356215607803904,0.0,0.0,0.0,0.0,0.0,0.0
1.440861055527764,0.0,0.0,0.0,0.0,0.0,0.0
1.4461005502751376,0.0,0.0,0.0,0.0,0.0,0.0
1.4513400450225113,0.0,0.0,0.0,0.0,0.0,0.0
1.456579539769885,0.0,0.0,0.0,0.0,0.0,0.0
1.4618190345172588,0.0,0.0,0.0,0.0,0.0,0.0
1.4670585292646323,0.0,0.0,0.0,0.0,0.0,0.0
1.472298024012006,0.0,0.0,0.0,0.0,0.0,0.0
1.4775375187593798,0.0,0.0,0.0,0.0,0.0,0.0
1.4827770135067535,0.0,0.0,0.0,0.0,0.0,0.0
1.4880165082541272,0.0,0.0,0.0,0.0,0.0,0.0
1.4932560030015007,0.0,0.0,0.0,0.0,0.0,0.0
1.4984954977488745,0.0,0.0,0.0,0.0,0.0,0.0
1.5037349924962482,0.0,0.0,0.0,0.0,0.0,0.0
1.508974487243622,0.0,0.0,0.0,0.0,0.0,0.0
1.5142139819909957,0.0,0.0,0.0,0.0,0.0,0.0
1.5194534767383692,0.0,0.0,0.0,0.0,0.0,0.0
1.524692971485743,0.0,0.0,0.0,0.0,0.0,0.0
1.5299324662331166,0.0,0.0,0.0,0.0,0.0,0.0
1.5351719609804904,0.0,0.0,0.0,0.0,0.0,0.0
1.540411455727864,0.0,0.0,0.0,0.0,0.0,0.0
1.5456509504752378,0.0,0.0,0.0,0.0,0.0,0.0
1.5508904452226113,0.0,0.0,0.0,0.0,0.0,0.0
1.556129939969985,0.0,0.0,0.0,0.0,0.0,0.0
1.5613694347173588,0.0,0.0,0.0,0.0,0.0,0.0
1.5666089294647325,0.0,0.0,0.0,0.0,0.0,0.0
1.5718484242121062,0.0,0.0,0.0,0.0,0.0,0.0
1.5770879189594798,0.0,0.0,0.0,0.0,0.0,0.0
1.5823274137068535,0.0,0.0,0.0,0.0,0.0,0.0
1.5875669084542272,0.0,0.0,0.0,0.0,0.0,0.0
1.592806403201601,0.0,0.0,0.0,0.0,0.0,0.0
1.5980458979489747,0.0,0.0,0.0,0.0,0.0,0.0
1.6032853926963482,0.0,0.0,0.0,0.0,0.0,0.0
1.608524887443722,0.0,0.0,0.0,0.0,0.0,0.0
1.6137643821910956,0.0,0.0,0.0,0.0,0.0,0.0
1.6190038769384694,0.0,0.0,0.0,0.0,0.0,0.0
1.624243371685843,0.0,0.0,0.0,0.0,0.0,0.0
1.6294828664332166,0.0,0.0,0.0,0.0,0.0,0.0
1.6347223611805903,0.0,0.0,0.0,0.0,0.0,0.0
1.639961855927964,0.0,0.0,0.0,0.0,0.0,0.0
1.6452013506753378,0.0,0.0,0.0,0.0,0.0,0.0
1.6504408454227115,0.0,0.0,0.0,0.0,0.0,0.0
1.6556803401700853,0.0,0.0,0.0,0.0,0.0,0.0
1.6609198349174588,0.0,0.0,0.0,0.0,0.0,0.0
1.6661593296648325,0.0,0.0,0.0,0.0,0.0,0.0
1.6713988244122062,0.0,0.0,0.0,0.0,0.0,0.0
1.67663831915958,0.0,0.0,0.0,0.0,0.0,0.0
1.6818778139069537,0.0,0.0,0.0,0.0,0.0,0.0
1.6871173086543272,0.0,0.0,0.0,0.0,0.0,0.0
1.692356803401701,0.0,0.0,0.0,0.0,0.0,0.0
1.6975962981490746,0.0,0.0,0.0,0.0,0.0,0.0
1.7028357928964484,0.0,0.0,0.0,0.0,0.0,0.0
1.708075287643822,0.0,0.0,0.0,0.0,0.0,0.0
1.7133147823911956,0.0,0.0,0.0,0.0,0.0,0.0
1.7185542771385693,0.0,0.0,0.0,0.0,0.0,0.0
1.723793771885943,0.0,0.0,0.0,0.0,0.0,0.0
1.7290332666333168,0.0,0.0,0.0,0.0,0.0,0.0
1.7342727613806905,0.0,0.0,0.0,0.0,0.0,0.0
1.739512256128064,0.0,0.0,0.0,0.0,0.0,0.0
1.7447517508754378,0.0,0.0,0.0,0.0,0.0,0.0
1.7499912456228115,0.0,0.0,0.0,0.0,0.0,0.0
1.7552307403701852,0.0,0.0,0.0,0.0,0.0,0.0
1.760470235117559,0.0,0.0,0.0,0.0,0.0,0.0
1.7657097298649325,0.0,0.0,0.0,0.0,0.0,0.0
1.7709492246123062,0.0,0.0,0.0,0.0,0.0,0.0
1.77618871935968,0.0,0.0,0.0,0.0,0.0,0.0
1.7814282141070537,0.0,0.0,0.0,0.0,0.0,0.0
1.7866677088544274,0.0,0.0,0.0,0.0,0.0,0.0
1.7919072036018011,0.0,0.0,0.0,0.0,0.0,0.0
1.7971466983491746,0.0,0.0,0.0,0.0,0.0,0.0
1.8023861930965484,0.0,0.0,0.0,0.0,0.0,0.0
1.807625687843922,0.0,0.0,0.0,0.0,0.0,0.0
1.8128651825912958,0.0,0.0,0.0,0.0,0.0,0.0
1.8181046773386695,0.0,0.0,0.0,0.0,0.0,0.0
1.823344172086043,0.0,0.0,0.0,0.0,0.0,0.0
1.8285836668334168,0.0,0.0,0.0,0.0,0.0,0.0
1.8338231615807905,0.0,0.0,0.0,0.0,0.0,0.0
1.8390626563281642,0.0,0.0,0.0,0.0,0.0,0.0
1.844302151075538,0.0,0.0,0.0,0.0,0.0,0.0
1.8495416458229115,0.0,0.0,0.0,0.0,0.0,0.0
1.8547811405702852,0.0,0.0,0.0,0.0,0.0,0.0
1.860020635317659,0.0,0.0,0.0,0.0,0.0,0.0
1.8652601300650327,0.0,0.0,0.0,0.0,0.0,0.0
1.8704996248124064,0.0,0.0,0.0,0.0,0.0,0.0
1.87573911955978,0.0,0.0,0.0,0.0,0.0,0.0
1.8809786143071536,0.0,0.0,0.0,0.0,0.0,0.0
1.8862181090545274,0.0,0.0,0.0,0.0,0.0,0.0
1.891457603801901,0.0,0.0,0.0,0.0,0.0,0.0
1.8966970985492748,0.0,0.0,0.0,0.0,0.0,0.0
1.9019365932966485,0.0,0.0,0.0,0.0,0.0,0.0
1.907176088044022,0.0,0.0,0.0,0.0,0.0,0.0
1.9124155827913958,0.0,0.0,0.0,0.0,0.0,0.0
1.9176550775387695,0.0,0.0,0.0,0.0,0.0,0.0
1.9228945722861432,0.0,0.0,0.0,0.0,0.0,0.0
1.928134067033517,0.0,0.0,0.0,0.0,0.0,0.0
1.9333735617808905,0.0,0.0,0.0,0.0,0.0,0.0
1.9386130565282642,0.0,0.0,0.0,0.0,0.0,0.0
1.943852551275638,0.0,0.0,0.0,0.0,0.0,0.0
1.9490920460230117,0.0,0.0,0.0,0.0,0.0,0.0
1.9543315407703854,0.0,0.0,0.0,0.0,0.0,0.0
1.959571035517759,0.0,0.0,0.0,0.0,0.0,0.0
1.9648105302651326,0.0,0.0,0.0,0.0,0.0,0.0
1.9700500250125064,0.0,0.0,0.0,0.0,0.0,0.0
1.97528951975988,0.0,0.0,0.0,0.0,0.0,0.0
1.9805290145072538,0.0,0.0,0.0,0.0,0.0,0.0
1.9857685092546273,0.0,0.0,0.0,0.0,0.0,0.0
1.991008004002001,0.0,0.0,0.0,0.0,0.0,0.0
1.9962474987493748,0.0,0.0,0.0,0.0,0.0,0.0
2.0014869934967483,0.0,0.0,0.0,0.0,0.0,0.0
2.006726488244122,0.0,0.0,0.0,0.0,0.0,0.0
2.0119659829914958,0.0,0.0,0.0,0.0,0.0,0.0
2.0172054777388695,0.0,0.0,0.0,0.0,0.0,0.0
2.022444972486243,0.0,0.0,0.0,0.0,0.0,0.0
2.027684467233617,0.0,0.0,0.0,0.0,0.0,0.0
2.0329239619809907,0.0,0.0,0.0,0.0,0.0,0.0
2.0381634567283644,0.0,0.0,0.0,0.0,0.0,0.0
2.043402951475738,0.0,0.0,0.0,0.0,0.0,0.0
2.048642446223112,0.0,0.0,0.0,0.0,0.0,0.0
2.053881940970485,0.0,0.0,0.0,0.0,0.0,0.0
2.059121435717859,0.0,0.0,0.0,0.0,0.0,0.0
2.0643609304652326,0.0,0.0,0.0,0.0,0.0,0.0
2.0696004252126063,0.0,0.0,0.0,0.0,0.0,0.0
2.07483991995998,0.0,0.0,0.0,0.0,0.0,0.0
2.080079414707354,0.0,0.0,0.0,0.0,0.0,0.0
2.0853189094547275,0.0,0.0,0.0,0.0,0.0,0.0
2.0905584042021013,0.0,0.0,0.0,0.0,0.0,0.0
2.095797898949475,0.0,0.0,0.0,0.0,0.0,0.0
2.1010373936968487,0.0,0.0,0.0,0.0,0.0,0.0
2.1062768884442225,0.0,0.0,0.0,0.0,0.0,0.0
2.1115163831915957,0.0,0.0,0.0,0.0,0.0,0.0
2.1167558779389695,0.0,0.0,0.0,0.0,0.0,0.0
2.121995372686343,0.0,0.0,0.0,0.0,0.0,0.0
2.127234867433717,0.0,1.2472248624310579e-05,0.0,0.0,0.0,0.0
2.1324743621810907,0.0,7.882461130565208e-05,0.0,0.0,0.0,0.0
2.1377138569284644,0.0,0.00014517697398699358,0.0,0.0,0.0,0.0
2.142953351675838,0.0,0.00021152933666833507,0.0,0.0,0.0,0.0
2.148192846423212,0.0,0.0002778816993496766,0.0,0.0,0.0,0.0
2.1534323411705856,0.0,0.0003442340620310181,0.0,0.0,0.0,0.0
2.1586718359179593,0.0,0.0004105864247123596,0.0,0.0,0.0,0.0
2.1639113306653326,0.0,0.00047693878739369543,0.0,0.0,0.0,0.0
2.1691508254127063,0.0,0.0005432911500750369,0.0,0.0,0.0,0.0
2.17439032016008,0.0,0.0006096435127563785,0.0,0.0,0.0,0.0
2.1796298149074538,0.0,0.00067023538560709,0.0,0.0,0.0,0.0
2.1848693096548275,0.0,0.0007022827416851307,0.0,0.0,0.0,0.0
2.1901088044022012,0.0,0.0007343300977631713,0.0,0.0,0.0,0.0
2.195348299149575,0.0,0.000766377453841212,0.0,0.0,0.0,0.0
2.2005877938969487,0.0,0.0007984248099192526,0.0,0.0,0.0,0.0
2.2058272886443224,0.0,0.0008304721659972933,0.0,0.0,0.0,0.0
2.211066783391696,0.0,0.000862519522075334,0.0,0.0,0.0,0.0
2.21630627813907,0.0,0.0008945668781533746,0.0,0.0,0.0,0.0
2.221545772886443,0.0,0.0009266142342314126,0.0,0.0,0.0,0.0
2.226785267633817,0.0,0.0009586615903094532,0.0,0.0,0.0,0.0
2.2320247623811906,0.0,0.0012947161858357355,0.0,0.0,0.0,0.0
2.2372642571285644,0.0,0.0033826769069963476,0.0,0.0,0.0,0.0
2.242503751875938,0.0,0.005470637628156959,0.0,0.0,0.0,0.0
2.247743246623312,0.0,0.007558598349317572,0.0,0.0,0.0,0.0
2.2529827413706855,0.0,0.009646559070478183,0.0,0.0,0.0,0.0
2.2582222361180593,0.0,0.011734519791638795,0.0,0.0,0.0,0.0
2.263461730865433,0.0,0.013822480512799409,0.0,0.0,0.0,0.0
2.2687012256128067,0.0,0.015910441233960022,0.0,0.0,0.0,0.0
2.27394072036018,0.0,0.017998401955120456,0.0,0.0,0.0,0.0
2.2791802151075538,0.0,0.020086362676281066,0.0,0.0,0.0,0.0
2.2844197098549275,0.0,0.023936468952190666,0.0,0.0,0.0,0.0
2.289659204602301,0.0,0.03981062724873902,0.0,0.0,0.0,0.0
2.294898699349675,0.0,0.05568478554528738,0.0,0.0,0.0,0.0
2.3001381940970487,0.0,0.07155894384183573,0.0,0.0,0.0,0.0
2.3053776888444224,0.0,0.08743310213838408,0.0,0.0,0.0,0.0
2.310617183591796,0.0,0.10330726043493244,0.0,0.0,0.0,0.0
2.31585667833917,0.0,0.11918141873148079,0.0,0.0,0.0,0.0
2.3210961730865436,0.0,0.13505557702802914,0.0,0.0,0.0,0.0
2.3263356678339173,0.0,0.1509297353245775,0.0,0.0,0.0,0.0
2.3315751625812906,0.0,0.16680389362112452,0.0,0.0,0.0,0.0
2.3368146573286643,0.0,0.18600632759834804,0.0,0.0,4.575993746872187e-06,0.0
2.342054152076038,0.0,0.23276378814117007,0.0,0.0,4.7036958979489034e-05,0.0
2.347293646823412,0.0,0.2795212486839921,0.0,0.0,8.949792421210588e-05,0.0
2.3525331415707855,0.0,0.3262787092268141,0.0,0.0,0.00013195888944472273,0.0
2.3577726363181593,0.0,0.37303616976963616,0.0,0.0,0.00017441985467733957,0.0
2.363012131065533,0.0,0.4197936303124582,0.0,0.0,0.00021688081990995644,0.0
2.3682516258129067,0.0,0.4665510908552802,0.0,0.0,0.00025934178514257325,0.0
2.3734911205602804,0.0,0.5133085513981022,0.0,0.0,0.00030180275037519015,0.0
2.378730615307654,0.0,0.5600660119409242,0.0,0.0,0.000344263715607807,0.0
2.3839701100550275,0.0,0.6068234724837422,0.0,0.0,0.00038672468084042025,0.0
2.389209604802401,0.0,0.658108462550827,0.0,0.0,0.00042173635392696307,0.0
2.394449099549775,0.0,0.7564797596702372,0.0,0.0,0.00037927538869434656,0.0
2.3996885942971486,0.0,0.8548510567896472,0.0,0.0,0.0003368144234617301,0.0
2.4049280890445224,0.0,0.9532223539090574,0.0,0.0,0.0002943534582291136,0.0
2.410167583791896,0.0,1.0515936510284676,0.0,0.0,0.0002518924929964971,0.0
2.41540707853927,0.0,1.1499649481478778,0.0,0.0,0.00020943152776388063,0.0
2.4206465732866436,0.0,1.248336245267288,0.0,0.0,0.00016697056253126415,0.0
2.4258860680340173,0.0,1.346707542386698,0.0,0.0,0.00012450959729864763,0.0
2.431125562781391,0.0,1.4450788395061083,0.0,0.0,8.204863206603117e-05,0.0
2.4363650575287643,0.0,1.54345013662551,0.0,0.0,3.958766683341829e-05,0.0
2.441604552276138,0.0,1.6456513105552952,0.0,0.0,4.650934335022437e-05,0.0
2.4468440470235118,0.0,1.8006196760947168,0.0,0.0,0.0007338140839705433,0.0
2.4520835417708855,0.0,1.9555880416341385,0.0,0.0,0.0014211188245908622,0.0
2.4573230365182592,0.0,2.11055640717356,0.0,0.0,0.002108423565211181,0.0
2.462562531265633,0.0,2.2655247727129817,0.0,0.0,0.0027957283058315002,0.0
2.4678020260130067,0.0,2.4204931382524038,0.0,0.0,0.003483033046451819,0.0
2.4730415207603804,0.0,2.5754615037918254,0.0,0.0,0.004170337787072138,0.0
2.478281015507754,0.0,2.730429869331247,0.0,0.0,0.004857642527692457,0.0
2.483520510255128,0.0,2.8853982348706686,0.0,0.0,0.005544947268312776,0.0
2.4887600050025016,0.0,3.04036660041009,0.0,0.0,0.0062322520089330945,0.0
2.493999499749875,0.0,3.196078873769352,0.0,0.0,0.007114383748169579,0.0
2.4992389944972486,0.0,3.366669303525681,0.0,0.0,0.011893055459729919,0.0
2.5044784892446224,0.0,3.5372597332820095,0.0,0.0,0.016671727171290257,0.0
2.509717983991996,0.0,3.7078501630383385,0.0,0.0,0.021450398882850594,0.0
2.51495747873937,0.0,3.8784405927946675,0.0,0.0,0.026229070594410934,0.0
2.5201969734867435,0.0,4.049031022550997,0.0,0.0,0.031007742305971274,0.0
2.5254364682341173,0.0,4.219621452307326,0.0,0.0,0.03578641401753161,0.0
2.530675962981491,0.0,4.390211882063654,0.0,0.0,0.040565085729091954,0.0
2.5359154577288647,0.0,4.560802311819983,0.0,0.0,0.04534375744065229,0.0
2.5411549524762385,0.0,4.731392741576312,0.0,0.0,0.05012242915221263,0.0
2.5463944472236117,0.0,4.901151594515641,0.0,0.0,0.05509637918700536,1.7726095547751297e-06
2.5516339419709855,0.0,5.041578465183076,0.0,0.0,0.06695832825947355,6.606999249624667e-05
2.556873436718359,0.0,5.182005335850512,0.0,0.0,0.07882027733194173,0.0001303673754377182
2.562112931465733,0.0,5.322432206517948,0.0,0.0,0.09068222640440991,0.00019466475837918973
2.5673524262131067,0.0,5.462859077185383,0.0,0.0,0.10254417547687811,0.0002589621413206613
2.5725919209604804,0.0,5.603285947852818,0.0,0.0,0.11440612454934629,0.0003232595242621328
2.577831415707854,0.0,5.743712818520254,0.0,0.0,0.12626807362181447,0.00038755690720360434
2.583070910455228,0.0,5.884139689187689,0.0,0.0,0.13813002269428265,0.0004518542901450759
2.5883104052026016,0.0,6.024566559855125,0.0,0.0,0.14999197176675083,0.0005161516730865474
2.5935498999499753,0.0,6.164993430522561,0.0,0.0,0.161853920839219,0.000580449056028019
2.598789394697349,0.0,6.304994751063435,0.0,0.0,0.1737880920451704,0.0006437795610305094
2.6040288894447223,0.0,6.388823454898896,0.0,0.0,0.19525558487078598,0.0005794821780890438
2.609268384192096,0.0,6.472652158734364,0.0,0.0,0.2167230776964034,0.0005151847951475728
2.61450787893947,0.0,6.556480862569833,0.0,0.0,0.2381905705220208,0.00045088741220610185
2.6197473736868435,0.0,6.640309566405301,0.0,0.0,0.2596580633476382,0.00038659002926463084
2.6249868684342172,0.0,6.724138270240769,0.0,0.0,0.28112555617325563,0.0003222926463231598
2.630226363181591,0.0,6.807966974076237,0.0,0.0,0.302593048998873,0.00025799526338168887
2.6354658579289647,0.0,6.8917956779117056,0.0,0.0,0.3240605418244904,0.00019369788044021786
2.6407053526763384,0.0,6.975624381747173,0.0,0.0,0.34552803465010784,0.00012940049749874684
2.645944847423712,0.0,7.059453085582642,0.0,0.0,0.3669955274757253,6.510311455727583e-05
2.651184342171086,0.0,7.1432817894181095,0.0,0.0,0.3884630203013426,8.057316158048208e-07
2.656423836918459,0.0,7.161917039397617,0.0,5.5901189094545834e-05,0.42041070886374865,5.8656232616306644e-05
2.661663331665833,0.0,7.179724961282509,0.0,0.00011251178414207031,0.45249139483398415,0.00011805683366683265
2.6669028264132066,0.0,7.197532883167402,0.0,0.00016912237918959477,0.4845720808042196,0.00017745743471735866
2.6721423211605804,0.0,7.2153408050522945,0.0,0.00022573297423711925,0.5166527667744552,0.00023685803576788467
2.677381815907954,0.0,7.233148726937188,0.0,0.00028234356928464373,0.5487334527446905,0.0002962586368184107
2.682621310655328,0.0,7.25095664882208,0.0,0.0003389541643321682,0.580814138714926,0.0003556592378689367
2.6878608054027016,0.0,7.268764570706973,0.0,0.0003955647593796927,0.6128948246851615,0.0004150598389194627
2.6931003001500753,0.0,7.286572492591866,0.0,0.00045217535442721715,0.644975510655397,0.0004744604399699887
2.698339794897449,0.0,7.304380414476758,0.0,0.0005087859494747417,0.6770561966256325,0.0005338610410205147
2.7035792896448227,0.0,7.322188336361651,0.0,0.0005653965445222661,0.709136882595868,0.0005932616420710407
2.7088187843921965,0.0,7.28006572023083,0.0,0.0006003077218609337,0.7501923137957947,0.0005377317568784338
2.7140582791395698,0.0,7.235924718104671,0.0,0.0006344880897948979,0.791550003254748,0.00047833115582791326
2.7192977738869435,0.0,7.191783715978507,0.0,0.000668668457728865,0.8329076927137049,0.00041893055477738774
2.724537268634317,0.0,7.147642713852344,0.0,0.0007028488256628321,0.8742653821726617,0.0003595299537268623
2.729776763381691,0.0,7.10350171172618,0.0,0.0007370291935967992,0.9156230716316186,0.00030012935267633676
2.7350162581290647,0.0,7.059360709600017,0.0,0.0007712095615307664,0.9569807610905754,0.00024072875162581124
2.7402557528764384,0.0,7.015219707473854,0.0,0.0008053899294647335,0.9983384505495323,0.00018132815057528572
2.745495247623812,0.0,6.97107870534769,0.0,0.0008395702973987006,1.039696140008489,0.0001219275495247602
2.750734742371186,0.0,6.926937703221527,0.0,0.0008737506653326677,1.0810538294674459,6.252694847423473e-05
2.7559742371185596,0.0,6.882796701095364,0.0,0.0009079310332666348,1.1224115189264028,3.126347423709156e-06
2.7612137318659333,0.0,6.796556826492159,0.0,0.000823717508754372,1.1690161679027553,0.0
2.7664532266133066,0.0,6.707978125640239,0.0,0.0007329265457728879,1.21591231463007,0.0
2.7716927213606803,0.0,6.619399424788313,0.0,0.0006421355827913959,1.262808461357389,0.0
2.776932216108054,0.0,6.530820723936385,0.0,0.0005513446198099041,1.3097046080847075,0.0
2.782171710855428,0.0,6.442242023084458,0.0,0.0004605536568284122,1.3566007548120262,0.0
2.7874112056028015,0.0,6.353663322232531,0.0,0.0003697626938469203,1.403496901539345,0.0
2.7926507003501753,0.0,6.265084621380604,0.0,0.00027897173086542844,1.4503930482666636,0.0
2.797890195097549,0.0,6.176505920528677,0.0,0.00018818076788393648,1.4972891949939824,0.0
2.8031296898449227,0.0,6.08792721967675,0.0,9.738980490244463e-05,1.544185341721301,0.0
2.8083691845922965,0.0,5.999348518824823,0.0,6.598841920952788e-06,1.5910814884486197,0.0
2.81360867933967,0.0,5.901563726139693,0.0,0.0,1.6387626485289675,0.0
2.818848174087044,0.0,5.8030573749054755,0.0,0.0,1.686505336682931,0.0
2.824087668834417,0.0,5.704551023671266,0.0,0.0,1.7342480248368903,0.0
2.829327163581791,0.0,5.606044672437049,0.0,0.0,1.7819907129908539,0.0
2.8345666583291647,0.0,5.507538321202831,0.0,0.0,1.8297334011448174,0.0
2.8398061530765384,0.0,5.409031969968614,0.0,0.0,1.8774760892987807,0.0
2.845045647823912,0.0,5.310525618734395,0.0,0.0,1.9252187774527443,0.0
2.850285142571286,0.0,5.212019267500178,0.0,0.0,1.9729614656067076,0.0
2.8555246373186596,0.0,5.113512916265961,0.0,0.0,2.020704153760671,0.0
2.8607641320660333,0.0,5.015006565031743,0.0,0.0,2.0684468419146347,0.0
2.866003626813407,0.0,4.917650417698947,0.0,0.0007172356531637256,2.1116885550168885,8.942788247117087e-05
2.8712431215607808,0.0,4.820411832643368,0.0,0.0015077799228109996,2.1544702237077797,0.00018799618386894853
2.876482616308154,0.0,4.7231732475877966,0.0,0.0022983241924582065,2.1972518923986675,0.0002865644852667178
2.881722111055528,0.0,4.6259346625322175,0.0,0.0030888684621054804,2.2400335610895588,0.0003851327866644955
2.8869616058029015,0.0,4.5286960774766385,0.0,0.0038794127317527544,2.2828152297804505,0.00048370108806227314
2.8922011005502752,0.0,4.4314574924210595,0.0,0.004669957001400028,2.3255968984713418,0.0005822693894600509
2.897440595297649,0.0,4.33421890736548,0.0,0.005460501271047302,2.368378567162233,0.0006808376908578285
2.9026800900450227,0.0,4.236980322309901,0.0,0.006251045540694576,2.4111602358531243,0.0007794059922556062
2.9079195847923964,0.0,4.139741737254322,0.0,0.00704158981034185,2.453941904544016,0.0008779742936533838
2.91315907953977,0.0,4.042503152198743,0.0,0.007832134079989124,2.4967235732349073,0.0009765425950511615
2.918398574287144,0.0,3.956552343347354,0.0,0.009855085800358267,2.5318411446315725,0.0014386039915298635
2.9236380690345176,0.0,3.8720364213015808,0.0,0.01203469948480209,2.565984466372193,0.0019468721373832208
2.9288775637818913,0.0,3.7875204992558076,0.0,0.014214313169245915,2.6001277881128133,0.002455140283236578
2.9341170585292646,0.0,3.7030045772100415,0.0,0.016393926853689553,2.634271109853431,0.002963408429089892
2.9393565532766384,0.0,3.618488655164268,0.0,0.018573540538133378,2.668414431594051,0.003471676574943249
2.944596048024012,0.0,3.533972733118495,0.0,0.020753154222577203,2.7025577533346716,0.0039799447207966064
2.949835542771386,0.0,3.4494568110727215,0.0,0.022932767907021027,2.736701075075292,0.004488212866649964
2.9550750375187596,0.0,3.3649408890269483,0.0,0.025112381591464852,2.7708443968159124,0.004996481012503321
2.9603145322661333,0.0,3.280424966981175,0.0,0.027291995275908677,2.8049877185565326,0.005504749158356678
2.965554027013507,0.0,3.195909044935402,0.0,0.029471608960352502,2.8391310402971532,0.0060130173042100355
2.9707935217608807,0.0,3.1223897352608287,0.0,0.03285623309398753,2.863230323554757,0.006858944422988719
2.9760330165082545,0.0,3.0505548777702822,0.0,0.03642543975307665,2.885791069125656,0.00775659386999005
2.981272511255628,0.0,2.978720020279736,0.0,0.039994646412165755,2.9083518146965557,0.00865424331699138
2.9865120060030015,0.0,2.9068851627891963,0.0,0.04356385307125456,2.930912560267453,0.009551892763992636
2.991751500750375,0.0,2.8350503052986498,0.0,0.047133059730343665,2.953473305838352,0.010449542210993966
2.996990995497749,0.0,2.7632154478081037,0.0,0.050702266389432774,2.9760340514092514,0.011347191657995297
3.0022304902451227,0.0,2.691380590317557,0.0,0.05427147304852189,2.998594796980151,0.012244841104996629
3.0074699849924964,0.0,2.619545732827011,0.0,0.057840679707611,3.02115554255105,0.013142490551997957
3.01270947973987,0.0,2.547710875336465,0.0,0.061409886366700105,3.0437162881219497,0.01404013999899929
3.017948974487244,0.0,2.4758760178459185,0.0,0.06497909302578922,3.066277033692849,0.01493778944600062
3.0231884692346176,0.0,2.4184414533767136,0.0,0.0702126413363395,3.0785067634352483,0.016005507328308213
3.0284279639819913,0.0,2.363605758358104,0.0,0.0757465589981888,3.088872019906825,0.017103918034739107
3.033667458729365,0.0,2.3087700633394945,0.0,0.0812804766600381,3.099237276378402,0.01820232874117
3.0389069534767383,0.0,2.2539343683208894,0.0,0.08681439432188694,3.1096025328499777,0.0193007394476008
3.044146448224112,0.0,2.19909867330228,0.0,0.09234831198373623,3.1199677893215543,0.02039915015403169
3.049385942971486,0.0,2.1442629782836704,0.0,0.09788222964558554,3.1303330457931313,0.021497560860462585
3.0546254377188595,0.0,2.089427283265061,0.0,0.10341614730743484,3.140698302264708,0.02259597156689348
3.0598649324662333,0.0,2.0345915882464514,0.0,0.10895006496928414,3.1510635587362845,0.02369438227332437
3.065104427213607,0.0,1.9797558932278418,0.0,0.11448398263113344,3.1614288152078616,0.024792792979755264
3.0703439219609807,0.0,1.9249201982092323,0.0,0.12001790029298273,3.171794071679438,0.025891203686186158
3.0755834167083544,0.0,1.8817219520940034,0.0,0.1272070113982462,3.173398193517626,0.02744214437030448
3.080822911455728,0.0,1.8409569907494805,0.0,0.13474220840531437,3.173170441750652,0.029087704958848326
3.086062406203102,0.0,1.8001920294049576,0.0,0.1422774054123825,3.1729426899836777,0.030733265547392176
3.0913019009504756,0.0,1.759427068060435,0.0,0.14981260241945066,3.172714938216703,0.03237882613593602
3.096541395697849,0.0,1.7186621067159156,0.0,0.15734779942651816,3.172487186449729,0.03402438672447973
3.1017808904452226,0.0,1.6778971453713927,0.0,0.16488299643358634,3.1722594346827546,0.03566994731302358
3.1070203851925964,0.0,1.63713218402687,0.0,0.17241819344065448,3.17203168291578,0.03731550790156742
3.11225987993997,0.0,1.596367222682347,0.0,0.17995339044772263,3.1718039311488058,0.03896106849011127
3.117499374687344,0.0,1.5556022613378244,0.0,0.1874885874547908,3.171576179381831,0.04060662907865512
3.1227388694347176,0.0,1.5148372999933015,0.0,0.19502378446185895,3.171348427614857,0.04225218966719897
3.1279783641820913,0.0,1.4801836527363235,7.435373211064382e-05,0.20417243296178042,3.163998545100872,0.04428118373030679
3.133217858929465,0.0,1.4469914066741922,0.00016648770450860653,0.2137069068186884,3.1549455443647765,0.04640186840689726
3.1384573536768388,0.0,1.413799160612061,0.0002586216769065692,0.22324138067559635,3.145892543628681,0.04852255308348772
3.1436968484242125,0.0,1.3806069145499298,0.0003507556493045319,0.2327758545325043,3.1368395428925857,0.05064323776007819
3.1489363431715858,0.0,1.3474146684878014,0.0004428896217024868,0.24231032838941147,3.127786542156491,0.05276392243666847
3.1541758379189595,0.0,1.3142224224256702,0.0005350235941004495,0.2518448022463194,3.118733541420396,0.05488460711325894
3.1594153326663332,0.0,1.281030176363539,0.0006271575664984122,0.26137927610322736,3.109680540684301,0.05700529178984941
3.164654827413707,0.0,1.2478379303014078,0.000719291538896375,0.27091374996013534,3.1006275399482055,0.05912597646643987
3.1698943221610807,0.0,1.2146456842392765,0.0008114255112943377,0.28044822381704326,3.09157453921211,0.06124666114303034
3.1751338169084544,0.0,1.1814534381771453,0.0009035594836923004,0.28998269767395124,3.0825215384760147,0.06336734581962081
3.180373311655828,0.0,1.1557632402125773,0.0013450278124759064,0.3012409623107538,3.0694211986863142,0.06591960628167824
3.185612806403202,0.0,1.132103851446394,0.0018810611740390456,0.31296585820962974,3.0552252416368804,0.06858869458375061
3.1908523011505756,0.0,1.1084444626802106,0.002417094535602185,0.3246907541085056,3.0410292845874465,0.07125778288582298
3.1960917958979493,0.0,1.0847850739140272,0.002953127897165324,0.3364156500073815,3.0268333275380126,0.07392687118789533
3.201331290645323,0.0,1.0611256851478439,0.0034891612587284633,0.3481405459062574,3.0126373704885783,0.0765959594899677
3.2065707853926964,0.0,1.0374662963816623,0.004025194620291557,0.3598654418051323,2.9984414134391457,0.07926504779203983
3.21181028014007,0.0,1.013806907615479,0.004561227981854697,0.3715903377040082,2.984245456389712,0.0819341360941122
3.217049774887444,0.0,0.9901475188492956,0.005097261343417836,0.3833152336028841,2.9700494993402775,0.08460322439618456
3.2222892696348175,0.0,0.9664881300831123,0.005633294704980975,0.39504012950176,2.9558535422908436,0.08727231269825692
3.2275287643821913,0.0,0.9428287413169288,0.006169328066544114,0.40676502540063586,2.9416575852414097,0.08994140100032928
3.232768259129565,0.0015795169754902636,0.922529835713856,0.0071469358907070134,0.420226028084058,2.924901752055875,0.09319116028899498
3.2380077538769387,0.00363908322784501,0.9032522534250615,0.008258747718209,0.434214671064744,2.907367917299565,0.0966173980147625
3.2432472486243125,0.005698649480199756,0.8839746711362672,0.009370559545710984,0.4482033140454299,2.889834082543255,0.10004363574053003
3.248486743371686,0.007758215732554503,0.8646970888474727,0.010482371373212968,0.4621919570261159,2.872300247786945,0.10346987346629755
3.25372623811906,0.009817781984909249,0.8454195065586781,0.011594183200714953,0.47618060000680185,2.854766413030635,0.10689611119206507
3.258965732866433,0.01187734823726382,0.8261419242698852,0.012705995028216845,0.4901692429874866,2.8372325782743264,0.1103223489178323
3.264205227613807,0.013936914489618568,0.8068643419810908,0.01381780685571883,0.5041578859681726,2.8196987435180163,0.11374858664359982
3.2694447223611807,0.015996480741973313,0.7875867596922963,0.014929618683220815,0.5181465289488585,2.802164908761706,0.11717482436936735
3.2746842171085544,0.01805604699432806,0.7683091774035018,0.0160414305107228,0.5321351719295444,2.784631074005396,0.12060106209513487
3.279923711855928,0.020115613246682807,0.7490315951147073,0.017153242338224784,0.5461238149102304,2.767097239249086,0.1240272998209024
3.285163206603302,0.022690466300906598,0.7345775865760881,0.018593333283443536,0.5614086799061137,2.7484533755974714,0.1276337538752867
3.2904027013506756,0.025439963539656444,0.721758413436018,0.020144686614197146,0.577132868470906,2.72943329409879,0.1313012879605109
3.2956421960980493,0.02818946077840629,0.7089392402959479,0.02169603994495076,0.5928570570356981,2.710413212600109,0.13496882204573513
3.300881690845423,0.030938958017156137,0.6961200671558778,0.02324739327570437,0.6085812456004904,2.6913931311014276,0.13863635613095934
3.3061211855927968,0.03368845525590598,0.6833008940158077,0.02479874660645798,0.6243054341652827,2.6723730496027462,0.14230389021618356
3.3113606803401705,0.036437952494655826,0.6704817208757375,0.02635009993721159,0.640029622730075,2.6533529681040653,0.14597142430140775
3.316600175087544,0.03918744973340545,0.6576625477356686,0.027901453267965073,0.655753811294866,2.6343328866053857,0.14963895838663166
3.3218396698349175,0.04193694697215529,0.6448433745955985,0.029452806598718684,0.6714779998596583,2.6153128051067043,0.15330649247185588
3.3270791645822912,0.04468644421090513,0.6320242014555284,0.031004159929472294,0.6872021884244506,2.5962927236080233,0.1569740265570801
3.332318659329665,0.04743594144965498,0.6192050283154583,0.032555513260225905,0.7029263769892429,2.577272642109342,0.16064156064230428
3.3375581540770387,0.05141644429182191,0.6080098583421143,0.0348879754705354,0.7193758158261508,2.5579730813250006,0.1650404261462543
3.3427976488244124,0.05585963544699736,0.5974250895590226,0.03751402688040212,0.7360978487308543,2.538568474878118,0.1697141713903461
3.348037143571786,0.060302826602172815,0.586840320775931,0.04014007829026884,0.7528198816355576,2.519163868431235,0.1743879166344379
3.35327663831916,0.06474601775734827,0.5762555519928393,0.04276612970013556,0.7695419145402609,2.4997592619843525,0.1790616618785297
3.3585161330665336,0.06918920891252371,0.5656707832097476,0.045392181110002275,0.7862639474449642,2.48035465553747,0.18373540712262149
3.3637556278139074,0.07363240006769917,0.5550860144266558,0.048018232519868996,0.8029859803496675,2.4609500490905867,0.1884091523667133
3.3689951225612806,0.07807559122287425,0.5445012456435651,0.050644283929735495,0.8197080132543695,2.4415454426437058,0.1930828976108047
3.3742346173086544,0.08251878237804969,0.5339164768604734,0.053270335339602216,0.8364300461590728,2.422140836196823,0.19775664285489647
3.379474112056028,0.08696197353322514,0.5233317080773817,0.05589638674946894,0.8531520790637761,2.4027362297499404,0.20243038809898828
3.384713606803402,0.0914051646884006,0.51274693929429,0.05852243815933565,0.8698741119684794,2.3833316233030577,0.20710413334308006
3.3899531015507756,0.09631997791186649,0.5046259631432717,0.06184969254502931,0.8869503917077466,2.363610373649403,0.21219090730298454
3.3951925962981493,0.10143046412111242,0.4975271988289645,0.06546787156962984,0.9041736461975243,2.343757750750385,0.21744904424072617
3.400432091045523,0.10654095033035836,0.49042843451465734,0.06908605059423037,0.921396900687302,2.323905127851367,0.2227071811784678
3.4056715857928967,0.1116514365396043,0.4833296702003501,0.07270422961883091,0.9386201551770795,2.3040525049523497,0.22796531811620943
3.4109110805402705,0.11676192274885024,0.47623090588604294,0.07632240864343144,0.9558434096668572,2.284199882053332,0.23322345505395106
3.416150575287644,0.12187240895809617,0.4691321415717358,0.07994058766803197,0.9730666641566349,2.264347259154314,0.2384815919916927
3.421390070035018,0.12698289516734212,0.46203337725742855,0.0835587666926325,0.9902899186464126,2.2444946362552964,0.24373972892943432
3.4266295647823912,0.1320933813765876,0.454934612943122,0.08717694571723272,1.0075131731361888,2.2246420133562803,0.2489978658671755
3.431869059529765,0.13720386758583356,0.44783584862881476,0.09079512474183327,1.0247364276259665,2.2047893904572624,0.25425600280491717
3.4371085542771387,0.1423143537950795,0.4407370843145076,0.0944133037664338,1.0419596821157442,2.184936767558245,0.2595141397426588
3.4423480490245124,0.14846166035453748,0.43378848899865674,0.09895711964163766,1.0588868018273154,2.165267483481207,0.2653842846743552
3.447587543771886,0.15508196889858128,0.4269084014375761,0.10392321510197079,1.0756788235561285,2.1456818393777004,0.27153363033322075
3.45282703851926,0.16170227744262505,0.4200283138764955,0.10888931056230394,1.0924708452849416,2.126096195274194,0.27768297599208636
3.4580665332666336,0.16832258598666885,0.4131482263154148,0.11385540602263708,1.1092628670137548,2.1065105511706874,0.28383232165095196
3.4633060280140073,0.17494289453071266,0.4062681387543342,0.11882150148297023,1.1260548887425679,2.086924907067181,0.2899816673098175
3.468545522761381,0.18156320307475643,0.3993880511932536,0.12378759694330337,1.142846910471381,2.0673392629636744,0.2961310129686831
3.473785017508755,0.18818351161880023,0.39250796363217294,0.12875369240363652,1.159638932200194,2.047753618860168,0.30228035862754865
3.479024512256128,0.19480382016284348,0.3856278760710929,0.13371978786396924,1.1764309539290059,2.028167974756663,0.30842970428641375
3.484264007003502,0.20142412870688725,0.3787477885100123,0.13868588332430237,1.193222975657819,2.0085823306531565,0.3145790499452793
3.4895035017508755,0.20804443725093105,0.3718677009489316,0.1436519787846355,1.210014997386632,1.9889966865496502,0.3207283956041449
3.4947429964982493,0.21570621862878303,0.36646189474573004,0.14977015499222465,1.2264032907183537,1.9701694857938026,0.3271402504027122
3.499982491245623,0.22388873642353904,0.3617932292214679,0.15646437157344173,1.2425897198515299,1.9517215067117841,0.33368335977113034
3.5052219859929967,0.23207125421829508,0.35712456369720574,0.1631585881546588,1.2587761489847058,1.933273527629766,0.34022646913954846
3.5104614807403705,0.2402537720130511,0.3524558981729436,0.16985280473587588,1.274962578117882,1.9148255485477477,0.3467695785079666
3.515700975487744,0.2484362898078071,0.34778723264868144,0.17654702131709296,1.2911490072510579,1.8963775694657292,0.35331268787638476
3.520940470235118,0.2566188076025631,0.3431185671244193,0.18324123789831004,1.307335436384234,1.877929590383711,0.3598557972448029
3.5261799649824916,0.26480132539731915,0.33844990160015714,0.18993545447952712,1.32352186551741,1.8594816113016925,0.366398906613221
3.531419459729865,0.27298384319207447,0.3337812360758954,0.19662967106074364,1.3397082946505847,1.8410336322196759,0.37294201598163856
3.5366589544772387,0.28116636098683045,0.32911257055163323,0.2033238876419607,1.3558947237837606,1.8225856531376576,0.37948512535005674
3.5418984492246124,0.2893488787815865,0.3244439050273711,0.2100181042231778,1.3720811529169366,1.8041376740556392,0.38602823471847486
3.547137943971986,0.29769479423834355,0.3202597691985423,0.21829723532385736,1.3871407022180198,1.7869521720638022,0.39299565157314226
3.55237743871936,0.306130008417357,0.3163404344823342,0.2274425406386619,1.4015843985876102,1.7704566284817156,0.4001949574028528
3.5576169334667336,0.3145652225963705,0.31242109976612603,0.23658784595346644,1.4160280949572008,1.7539610848996288,0.4073942632325634
3.5628564282141073,0.3230004367753839,0.3085017650499179,0.24573315126827097,1.4304717913267913,1.7374655413175422,0.41459356906227396
3.568095922961481,0.33143565095439737,0.30458243033370974,0.2548784565830755,1.4449154876963817,1.7209699977354553,0.4217928748919845
3.5733354177088548,0.33987086513341086,0.3006630956175016,0.26402376189788,1.4593591840659723,1.7044744541533687,0.4289921807216951
3.5785749124562285,0.3483060793124243,0.2967437609012934,0.2731690672126846,1.4738028804355627,1.6879789105712821,0.43619148655140566
3.5838144072036022,0.35674129349143774,0.29282442618508525,0.2823143725274891,1.4882465768051532,1.6714833669891953,0.4433907923811163
3.5890539019509755,0.3651765076704505,0.28890509146887744,0.2914596778422929,1.5026902731747425,1.65498782340711,0.45059009821082624
3.5942933966983492,0.37361172184946395,0.2849857567526693,0.3006049831570974,1.517133969544333,1.6384922798250232,0.4577894040405368
3.599532891445723,0.38321029433827136,0.28202316614958917,0.31071974564205046,1.5304201508569606,1.6233563948717642,0.4653674563575369
3.6047723861930967,0.39350222837971593,0.27963079503793337,0.321412304600412,1.543016453195638,1.6090308664612862,0.4731712415809615
3.6100118809404704,0.40379416242116045,0.2772384239262775,0.3321048635587735,1.5556127555343158,1.5947053380508083,0.48097502680438614
3.615251375687844,0.41408609646260497,0.27484605281462166,0.3427974225171351,1.5682090578729933,1.58037980964033,0.4887788120278108
3.620490870435218,0.42437803050404954,0.2724536817029658,0.3534899814754966,1.580805360211671,1.5660542812298521,0.49658259725123544
3.6257303651825916,0.43466996454549406,0.27006131059131,0.3641825404338581,1.5934016625503487,1.5517287528193742,0.50438638247466
3.6309698599299653,0.44496189858693863,0.26766893947965414,0.37487509939221964,1.6059979648890261,1.5374032244088962,0.5121901676980847
3.636209354677339,0.45525383262838315,0.2652765683679983,0.38556765835058115,1.6185942672277038,1.5230776959984182,0.5199939529215093
3.6414488494247124,0.46554576666982683,0.26288419725634266,0.3962602173089418,1.6311905695663804,1.5087521675879414,0.5277977381449332
3.646688344172086,0.47583770071127135,0.26049182614468686,0.40695277626730336,1.643786871905058,1.4944266391774634,0.5356015233683579
3.65192783891946,0.486362955548346,0.2584239892099909,0.41876265443782673,1.6550862841157163,1.4807192093143304,0.5437442290357346
3.6571673336668336,0.4970395796619246,0.25656669717522346,0.43129740498979396,1.6655443254581972,1.4674127772691032,0.5521068128423695
3.6624068284142073,0.5077162037755031,0.2547094051404561,0.44383215554176125,1.6760023668006778,1.4541063452238758,0.5604693966490043
3.667646323161581,0.5183928278890816,0.25285211310568867,0.4563669060937285,1.6864604081431585,1.4407999131786486,0.5688319804556392
3.6728858179089547,0.5290694520026601,0.25099482107092125,0.4689016566456957,1.6969184494856393,1.4274934811334212,0.577194564262274
3.6781253126563285,0.5397460761162386,0.24913752903615385,0.481436407197663,1.70737649082812,1.414187049088194,0.5855571480689089
3.683364807403702,0.5504227002298172,0.24728023700138646,0.49397115774963024,1.7178345321706008,1.4008806170429666,0.5939197318755438
3.688604302151076,0.5610993243433957,0.24542294496661904,0.5065059083015975,1.7282925735130814,1.3875741849977394,0.6022823156821786
3.6938437968984497,0.5717759484569742,0.24356565293185165,0.5190406588535648,1.738750614855562,1.374267752952512,0.6106448994888135
3.699083291645823,0.5824525725705518,0.2417083608970844,0.5315754094055309,1.749208656198042,1.360961320907286,0.6190074832954476
3.7043227863931967,0.5936296151578926,0.23982624359779903,0.5450401882059366,1.7582691213354258,1.3487157585397547,0.6275389561419293
3.7095622811405704,0.6051595169254501,0.23792662130430225,0.5591607561558821,1.76634411607178,1.3372182453039323,0.6361895174139441
3.714801775887944,0.6166894186930076,0.23602699901080548,0.5732813241058277,1.7744191108081342,1.3257207320681097,0.6448400786859588
3.720041270635318,0.6282193204605653,0.23412737671730874,0.5874018920557732,1.7824941055444885,1.3142232188322873,0.6534906399579735
3.7252807653826916,0.6397492222281229,0.23222775442381197,0.6015224600057187,1.7905691002808426,1.3027257055964647,0.6621412012299882
3.7305202601300653,0.6512791239956804,0.23032813213031522,0.6156430279556644,1.798644095017197,1.2912281923606421,0.6707917625020029
3.735759754877439,0.662809025763238,0.22842850983681845,0.6297635959056098,1.806719089753551,1.2797306791248197,0.6794423237740177
3.740999249624813,0.6743389275307956,0.22652888754332168,0.6438841638555555,1.8147940844899053,1.2682331658889971,0.6880928850460324
3.7462387443721865,0.6858688292983531,0.22462926524982493,0.658004731805501,1.8228690792262594,1.2567356526531748,0.6967434463180471
3.75147823911956,0.6973987310659098,0.22272964295632833,0.6721252997554453,1.830944073962613,1.2452381394173533,0.7053940075900611
3.7567177338669335,0.7088363159875279,0.22134637431061258,0.6872757994773899,1.8375610805516913,1.2340045705047529,0.7143086026021968
3.7619572286143073,0.7202032335890243,0.2203583675280213,0.7032146982991392,1.843062016567855,1.2229730474678935,0.7234253119375226
3.767196723361681,0.7315701511905206,0.21937036074542998,0.7191535971208883,1.8485629525840186,1.2119415244310339,0.7325420212728483
3.7724362181090547,0.7429370687920169,0.21838235396283867,0.7350924959426376,1.8540638886001823,1.2009100013941745,0.741658730608174
3.7776757128564284,0.7543039863935133,0.21739434718024736,0.7510313947643869,1.8595648246163459,1.189878478357315,0.7507754399434998
3.782915207603802,0.7656709039950096,0.21640634039765605,0.7669702935861361,1.8650657606325096,1.1788469553204555,0.7598921492788255
3.788154702351176,0.7770378215965059,0.21541833361506477,0.7829091924078853,1.8705666966486731,1.167815432283596,0.7690088586141512
3.7933941970985496,0.7884047391980022,0.21443032683247346,0.7988480912296345,1.876067632664837,1.1567839092467367,0.7781255679494771
3.7986336918459234,0.7997716567994986,0.21344232004988214,0.8147869900513838,1.8815685686810004,1.1457523862098773,0.7872422772848028
3.803873186593297,0.8111385744009949,0.21245431326729083,0.830725888873133,1.8870695046971642,1.1347208631730177,0.7963589866201285
3.8091126813406704,0.8224455726332653,0.21153936861683711,0.8473827166855418,1.8911651812743873,1.1243036822380306,0.8053575679877564
3.814352176088044,0.8337028212975103,0.21068508564490115,0.8646356231553355,1.894094105748638,1.1143965743325779,0.8142580706299116
3.819591670835418,0.8449600699617553,0.20983080267296517,0.8818885296251292,1.8970230302228888,1.104489466427125,0.8231585732720669
3.8248311655827916,0.8562173186260004,0.2089765197010292,0.8991414360949229,1.8999519546971395,1.0945823585216723,0.8320590759142222
3.8300706603301653,0.8674745672902454,0.20812223672909322,0.9163943425647166,1.9028808791713903,1.0846752506162196,0.8409595785563775
3.835310155077539,0.8787318159544905,0.20726795375715723,0.9336472490345102,1.905809803645641,1.0747681427107667,0.8498600811985327
3.8405496498249128,0.8899890646187355,0.20641367078522127,0.950900155504304,1.9087387281198918,1.064861034805314,0.858760583840688
3.8457891445722865,0.9012463132829805,0.20555938781328528,0.9681530619740977,1.9116676525941425,1.0549539268998613,0.8676610864828433
3.85102863931966,0.9125035619472255,0.20470510484134932,0.9854059684438914,1.9145965770683933,1.0450468189944084,0.8765615891249986
3.856268134067034,0.9237608106114705,0.20385082186941333,1.002658874913685,1.917525501542644,1.0351397110889557,0.8854620917671538
3.8615076288144072,0.9345283771398012,0.20312453707006373,1.0204145909960622,1.9190571048124552,1.0256193789982293,0.8945850494325592
3.866747123561781,0.9448552297458107,0.2025134506260417,1.0386228357297675,1.9193311189982711,1.016447145140755,0.903908216618891
3.8719866183091547,0.9551820823518202,0.20190236418201968,1.0568310804634728,1.9196051331840873,1.0072749112832808,0.9132313838052228
3.8772261130565284,0.9655089349578296,0.20129127773799765,1.0750393251971782,1.9198791473699033,0.9981026774258065,0.9225545509915546
3.882465607803902,0.9758357875638392,0.20068019129397566,1.0932475699308832,1.9201531615557192,0.9889304435683322,0.9318777181778864
3.887705102551276,0.9861626401698487,0.20006910484995363,1.1114558146645885,1.9204271757415352,0.9797582097108579,0.9412008853642183
3.8929445972986496,0.9964894927758581,0.1994580184059316,1.1296640593982938,1.9207011899273512,0.9705859758533836,0.9505240525505501
3.8981840920460233,1.0068163453818677,0.19884693196190958,1.147872304131999,1.9209752041131671,0.9614137419959092,0.9598472197368819
3.903423586793397,1.0171431979878771,0.1982358455178876,1.1660805488657042,1.921249218298983,0.952241508138435,0.9691703869232137
3.908663081540771,1.0274700505938865,0.19762475907386556,1.1842887935994095,1.921523232484799,0.9430692742809607,0.9784935541095455
3.9139025762881445,1.03704915085338,0.1975784382672052,1.2025800839565688,1.9208204910495446,0.9346564044926835,0.9876735574262125
3.919142071035518,1.0458990074878047,0.19808290375044676,1.2209523643524416,1.9191651711125535,0.9269841026332772,0.9967139405333545
3.9243815657828915,1.0547488641222305,0.1985873692336884,1.239324644748316,1.9175098511755624,0.9193118007738702,1.005754323640497
3.9296210605302653,1.0635987207566562,0.19909183471693,1.2576969251441905,1.9158545312385713,0.9116394989144633,1.0147947067476397
3.934860555277639,1.072448577391082,0.19959630020017163,1.2760692055400649,1.9141992113015802,0.9039671970550562,1.0238350898547823
3.9401000500250127,1.0812984340255076,0.20010076568341326,1.2944414859359392,1.9125438913645891,0.8962948951956492,1.032875472961925
3.9453395447723865,1.0901482906599333,0.20060523116665488,1.3128137663318136,1.9108885714275978,0.8886225933362423,1.0419158560690676
3.95057903951976,1.098998147294359,0.2011096966498965,1.3311860467276881,1.9092332514906067,0.8809502914768352,1.0509562391762102
3.955818534267134,1.1078480039287848,0.20161416213313813,1.3495583271235625,1.9075779315536157,0.8732779896174283,1.0599966222833528
3.9610580290145077,1.1166978605632105,0.20211862761637975,1.3679306075194368,1.9059226116166246,0.8656056877580213,1.0690370053904954
3.9662975237618814,1.1253106430289952,0.20269110818253427,1.3862333128190232,1.903484829725075,0.858803139040666,1.0780573538497888
3.9715370185092547,1.1336729089763702,0.2033354603569214,1.4044624980426335,1.9002202194794824,0.8529196593651696,1.0870565316760448
3.9767765132566284,1.142035174923746,0.20397981253130862,1.422691683266245,1.8969556092338893,0.8470361796896727,1.0960557095023016
3.982016008004002,1.1503974408711217,0.2046241647056958,1.440920868489857,1.8936909989882964,0.8411527000141759,1.1050548873285584
3.987255502751376,1.1587597068184974,0.205268516880083,1.4591500537134687,1.8904263887427033,0.835269220338679,1.1140540651548152
3.9924949974987496,1.1671219727658733,0.2059128690544702,1.4773792389370806,1.8871617784971104,0.8293857406631822,1.1230532429810718
3.9977344922461233,1.175484238713249,0.2065572212288574,1.4956084241606922,1.8838971682515173,0.8235022609876853,1.1320524208073286
4.002973986993497,1.183846504660624,0.20720157340324455,1.5138376093843025,1.8806325580059247,0.8176187813121889,1.1410515986335847
4.008213481740871,1.1922087706080005,0.2078459255776318,1.5320667946079158,1.8773679477603313,0.8117353016366915,1.1500507764598422
4.013452976488244,1.2005710365553754,0.20849027775201895,1.550295979831526,1.8741033375147387,0.8058518219611952,1.1590499542860981
4.018692471235618,1.2084207947909587,0.2086770007968271,1.5679663870993519,1.8702217468377238,0.800214177397416,1.1677408313291862
4.0239319659829915,1.2156836490340035,0.20833966467711726,1.5849969034823217,1.865633614053759,0.7948580536873795,1.1760786542496109
4.029171460730366,1.2229465032770495,0.20800232855740738,1.6020274198652944,1.8610454812697934,0.7895019299773421,1.1844164771700372
4.034410955477739,1.2302093575200943,0.20766499243769754,1.619057936248264,1.8564573484858287,0.7841458062673057,1.192754300090462
4.039650450225113,1.2374722117631403,0.20732765631798766,1.6360884526312367,1.851869215701863,0.7787896825572682,1.201092123010888
4.044889944972486,1.244735066006185,0.20699032019827782,1.6531189690142065,1.8472810829178983,0.7734335588472318,1.2094299459313127
4.050129439719861,1.251997920249231,0.20665298407856794,1.6701494853971792,1.8426929501339326,0.7680774351371944,1.217767768851739
4.055368934467234,1.259260774492276,0.2063156479588581,1.6871800017801488,1.838104817349968,0.7627213114271578,1.2261055917721637
4.060608429214607,1.2665236287353208,0.20597831183914828,1.7042105181631186,1.8335166845660031,0.7573651877171214,1.2344434146925884
4.065847923961981,1.2737864829783667,0.20564097571943837,1.7212410345460913,1.8289285517820375,0.752009064007084,1.2427812376130145
4.071087418709355,1.2798188136465636,0.20531406856032314,1.7378837048304001,1.8238410357724468,0.7469288186547958,1.2509823263246764
4.076326913456729,1.2843233594268888,0.20500010971745167,1.7540448358573855,1.8181334990164322,0.7421910964320703,1.2590136495299542
4.081566408204102,1.2888279052072131,0.20468615087458025,1.7702059668843682,1.8124259622604184,0.7374533742093456,1.2670449727352306
4.086805902951476,1.2933324509875384,0.2043721920317088,1.7863670979113537,1.8067184255044035,0.7327156519866203,1.2750762959405084
4.09204539769885,1.2978369967678627,0.2040582331888374,1.8025282289383364,1.8010108887483898,0.7279779297638956,1.283107619145785
4.097284892446224,1.302341542548188,0.20374427434596593,1.8186893599653218,1.7953033519923751,0.7232402075411702,1.2911389423510629
4.102524387193597,1.3068460883285125,0.2034303155030945,1.8348504909923045,1.7895958152363614,0.7185024853184456,1.2991702655563393
4.10776388194097,1.3113506341088368,0.20311635666022312,1.8510116220192872,1.7838882784803474,0.713764763095721,1.3072015887616157
4.1130033766883445,1.315855179889162,0.20280239781735165,1.8671727530462727,1.7781807417243327,0.7090270408729956,1.3152329119668937
4.118242871435718,1.3203597256694866,0.20248843897448024,1.8833338840732554,1.772473204968319,0.704289318650271,1.3232642351721702
4.123482366183092,1.3242318508514508,0.2027530874251128,1.898668252157585,1.7664911811229134,0.6999494978151659,1.3311181330157067
4.128721860930465,1.3272520682862112,0.20379715393581807,1.9128889219250411,1.7601394070218,0.6961456735551498,1.3387330284601904
4.133961355677839,1.3302722857209723,0.2048412204465235,1.9271095916924996,1.7537876329206854,0.6923418492951331,1.3463479239046756
4.139200850425213,1.3332925031557328,0.20588528695722877,1.9413302614599555,1.747435858819572,0.6885380250351171,1.3539628193491593
4.144440345172587,1.3363127205904937,0.20692935346793423,1.955550931227414,1.7410840847184574,0.6847342007751004,1.3615777147936443
4.14967983991996,1.339332938025254,0.2079734199786395,1.96977160099487,1.734732310617344,0.6809303765150844,1.369192610238128
4.154919334667334,1.3423531554600152,0.20901748648934493,1.9839922707623285,1.7283805365162295,0.6771265522550677,1.376807505682613
4.160158829414708,1.3453733728947757,0.2100615530000502,1.9982129405297844,1.722028762415116,0.6733227279950516,1.384422401127097
4.165398324162081,1.348393590329536,0.21110561951075546,2.0124336102972404,1.7156769883140026,0.6695189037350355,1.3920372965715806
4.170637818909455,1.351413807764297,0.2121496860214609,2.0266542800646987,1.709325214212888,0.6657150794750188,1.3996521920160656
4.175877313656828,1.3536416899342427,0.21299388124236412,2.0397916148026947,1.7026576989688327,0.6621252991552261,1.4068578830472027
4.1811168084042025,1.3547104149575153,0.21354567216892745,2.051344070516111,1.695528266126768,0.6588486571924262,1.413464923177334
4.186356303151576,1.3557791399807875,0.2140974630954907,2.0628965262295256,1.6883988332847049,0.6555720152296269,1.420071963307464
4.19159579789895,1.35684786500406,0.21464925402205404,2.074448981942942,1.6812694004426403,0.6522953732668271,1.4266790034375953
4.196835292646323,1.3579165900273324,0.21520104494861728,2.0860014376563565,1.674139967600577,0.6490187313040278,1.4332860435677255
4.202074787393697,1.3589853150506048,0.2157528358751806,2.097553893369773,1.6670105347585125,0.645742089341228,1.4398930836978567
4.207314282141071,1.3600540400738772,0.21630462680174384,2.1091063490831874,1.6598811019164492,0.6424654473784287,1.4465001238279867
4.212553776888445,1.3611227650971496,0.21685641772830716,2.1206588047966037,1.6527516690743846,0.6391888054156288,1.453107163958118
4.217793271635818,1.362191490120422,0.2174082086548704,2.1322112605100183,1.6456222362323214,0.6359121634528295,1.459714204088248
4.2230327663831915,1.3632602151436943,0.21795999958143364,2.143763716223433,1.6384928033902582,0.6326355214900302,1.4663212442183782
4.228272261130566,1.364159508473801,0.21836587171440017,2.1542944693712753,1.6313901509103155,0.6294891065864265,1.472694919566225
4.233511755877939,1.364789251382962,0.218539600312099,2.16319978661934,1.6243301035519313,0.6265498710951811,1.4786973327604358
4.238751250625313,1.365418994292123,0.2187133289097979,2.1721051038674064,1.6172700561935458,0.6236106356039351,1.4846997459546478
4.243990745372686,1.366048737201284,0.21888705750749674,2.181010421115471,1.6102100088351616,0.6206714001126897,1.490702159148859
4.249230240120061,1.366678480110445,0.2190607861051956,2.189915738363537,1.6031499614767764,0.6177321646214438,1.496704572343071
4.254469734867434,1.367308223019606,0.21923451470289446,2.1988210556116017,1.5960899141183922,0.6147929291301983,1.502706985537282
4.259709229614808,1.3679379659287672,0.21940824330059333,2.207726372859668,1.5890298667600067,0.6118536936389524,1.5087093987314941
4.264948724362181,1.368567708837928,0.21958197189829215,2.2166316901077323,1.5819698194016225,0.608914458147707,1.5147118119257053
4.2701882191095555,1.3691974517470893,0.21975570049599102,2.2255370073557987,1.574909772043237,0.605975222656461,1.5207142251199173
4.275427713856929,1.3698271946562501,0.21992942909368987,2.2344423246038634,1.5678497246848528,0.6030359871652156,1.5267166383141282
4.280667208604302,1.369793526963398,0.2205117457581936,2.242409068624303,1.560635234184398,0.6002500871381005,1.5323771773820882
4.285906703351676,1.3686102504876057,0.22180209516859892,2.248749380955778,1.5531531127596692,0.5977298985659506,1.5374452907381209
4.2911461980990495,1.3674269740118135,0.223092444579004,2.2550896932872524,1.5456709913349416,0.5952097099938011,1.5425134040941526
4.296385692846424,1.366243697536021,0.22438279398940936,2.2614300056187275,1.5381888699102126,0.5926895214216511,1.5475815174501852
4.301625187593797,1.3650604210602288,0.22567314339981445,2.2677703179502013,1.530706748485485,0.5901693328495017,1.5526496308062172
4.306864682341171,1.3638771445844364,0.22696349281021977,2.2741106302816765,1.5232246270607561,0.5876491442773517,1.5577177441622498
4.312104177088544,1.3626938681086442,0.22825384222062486,2.2804509426131503,1.5157425056360285,0.5851289557052022,1.5627858575182816
4.317343671835919,1.3615105916328518,0.22954419163103018,2.2867912549446254,1.5082603842112996,0.5826087671330523,1.5678539708743142
4.322583166583292,1.3603273151570594,0.23083454104143528,2.2931315672760997,1.500778262786572,0.5800885785609028,1.572922084230346
4.327822661330665,1.3591440386812672,0.23212489045184037,2.2994718796075735,1.4932961413618444,0.5775683899887533,1.577990197586378
4.333062156078039,1.3575609293617974,0.23349382969556237,2.304989403408509,1.4860077997302248,0.575320153977098,1.5828857540867827
4.338301650825413,1.3552216144466769,0.23501140623273084,2.3089507836842937,1.4790859546638346,0.5735862630255086,1.5874549530558906
4.343541145572787,1.3528822995315561,0.23652898276989956,2.312912163960079,1.4721641095974434,0.5718523720739191,1.5920241520249994
4.34878064032016,1.3505429846164356,0.238046559307068,2.3168735442358637,1.4652422645310532,0.5701184811223299,1.5965933509941073
4.354020135067534,1.3482036697013149,0.23956413584423672,2.320834924511649,1.458320419464662,0.5683845901707403,1.601162549963216
4.3592596298149076,1.3458643547861946,0.2410817123814052,2.3247963047874336,1.4513985743982718,0.566650699219151,1.605731748932324
4.364499124562282,1.3435250398710736,0.2425992889185739,2.3287576850632186,1.4444767293318803,0.5649168082675614,1.6103009479014327
4.369738619309655,1.3411857249559533,0.24411686545574235,2.332719065339003,1.4375548842654902,0.5631829173159721,1.6148701468705406
4.374978114057029,1.3388464100408326,0.24563444199291107,2.3366804456147885,1.430633039199099,0.5614490263643825,1.6194393458396494
4.3802176088044025,1.336507095125712,0.24715201853007954,2.340641825890573,1.4237111941327087,0.5597151354127933,1.6240085448087573
4.385457103551776,1.3339970062064812,0.2487198840199386,2.3438132508232683,1.4168438039272784,0.5580472380861224,1.6282560098273122
4.39069659829915,1.3311335464633594,0.25039180895805785,2.345350075853725,1.4100890933956793,0.5565158967987058,1.6318377330558773
4.395936093046523,1.328270086720238,0.25206373389617676,2.346886900884181,1.4033343828640816,0.5549845555112896,1.635419456284442
4.401175587793897,1.325406626977116,0.25373565883429594,2.3484237259146377,1.3965796723324826,0.553453214223873,1.6390011795130068
4.406415082541271,1.3225431672339947,0.2554075837724149,2.3499605509450943,1.3898249618008847,0.5519218729364567,1.6425829027415715
4.411654577288645,1.3196797074908728,0.2570795087105341,2.351497375975551,1.3830702512692856,0.5503905316490401,1.6461646259701364
4.416894072036018,1.3168162477477516,0.25875143364865305,2.353034201006007,1.3763155407376877,0.5488591903616238,1.649746349198701
4.422133566783392,1.3139527880046298,0.26042335858677224,2.3545710260364636,1.3695608302060887,0.5473278490742072,1.653328072427266
4.427373061530766,1.3110893282615084,0.26209528352489114,2.35610785106692,1.362806119674491,0.5457965077867908,1.6569097956558305
4.43261255627814,1.3082258685183865,0.2637672084630104,2.3576446760973764,1.356051409142892,0.5442651664993743,1.6604915188843956
4.437852051025513,1.3049991646800556,0.26518941250961214,2.3581573204545423,1.349459573670116,0.5428722692108449,1.663745127670029
4.443091545772886,1.300947718100962,0.2660446273189167,2.3563445709879267,1.3432375446833547,0.5417937078870012,1.6662537553024503
4.4483310405202605,1.2968962715218677,0.26689984212822143,2.354531821521311,1.337015515696592,0.5407151465631573,1.668762382934872
4.453570535267634,1.2928448249427742,0.26775505693752605,2.3527190720546955,1.3307934867098303,0.5396365852393137,1.6712710105672932
4.458810030015008,1.2887933783636798,0.2686102717468308,2.3509063225880795,1.3245714577230678,0.5385580239154698,1.673779638199715
4.464049524762381,1.2847419317845863,0.2694654865561354,2.349093573121464,1.3183494287363062,0.5374794625916262,1.6762882658321363
4.469289019509755,1.280690485205492,0.2703207013654401,2.347280823654848,1.3121273997495435,0.5364009012677823,1.678796893464558
4.474528514257129,1.2766390386263984,0.27117591617474474,2.3454680741882323,1.3059053707627821,0.5353223399439386,1.6813055210969794
4.479768009004503,1.2725875920473042,0.27203113098404946,2.3436553247216168,1.2996833417760194,0.5342437786200948,1.6838141487294012
4.485007503751876,1.2685361454682105,0.2728863457933541,2.341842575255001,1.2934613127892578,0.5331652172962511,1.6863227763618225
4.4902469984992495,1.2646168646081535,0.27398543111921697,2.3394852048204013,1.2872994738314516,0.5321157495085197,1.6885284860230618
4.495486493246624,1.261027998045687,0.2756941927364758,2.3357662819658414,1.2812881099460323,0.5311390155610686,1.689976900756347
4.500725987993997,1.2574391314832214,0.27740295435373424,2.3320473591112822,1.275276746060614,0.5301622816136177,1.691425315489632
4.505965482741371,1.253850264920755,0.27911171597099305,2.3283284362567223,1.2692653821751947,0.5291855476661665,1.6928737302229169
4.511204977488744,1.2502613983582893,0.2808204775882515,2.324609513402163,1.2632540182897765,0.5282088137187156,1.6943221449562018
4.516444472236119,1.2466725317958232,0.2825292392055103,2.320890590547603,1.2572426544043571,0.5272320797712645,1.695770559689487
4.521683966983492,1.2430836652333572,0.28423800082276884,2.3171716676930436,1.2512312905189387,0.5262553458238136,1.697218974422772
4.526923461730866,1.239494798670891,0.2859467624400276,2.313452744838484,1.2452199266335193,0.5252786118763625,1.698667389156057
4.532162956478239,1.2359059321084254,0.2876555240572861,2.3097338219839245,1.239208562748101,0.5243018779289116,1.7001158038893418
4.5374024512256135,1.232317065545959,0.2893642856745449,2.3060148991293645,1.2331971988626818,0.5233251439814606,1.701564218622627
4.542641945972987,1.2286424527449522,0.29104056614503,2.3018660105016493,1.2273206431306407,0.5224208995150749,1.7026782518483918
4.54788144072036,1.22473082439779,0.29262706382301884,2.2965286315764373,1.2218167174829344,0.5217170269161618,1.702868004114691
4.553120935467734,1.220819196050627,0.29421356150100797,2.291191252651224,1.2163127918352272,0.5210131543172487,1.7030577563809903
4.5583604302151075,1.2169075677034646,0.2958000591789969,2.285853873726012,1.2108088661875211,0.5203092817183356,1.7032475086472896
4.563599924962482,1.2129959393563017,0.297386556856986,2.280516494800799,1.205304940539814,0.5196054091194224,1.7034372609135888
4.568839419709855,1.2090843110091392,0.29897305453497486,2.275179115875587,1.1998010148921077,0.5189015365205094,1.703627013179888
4.574078914457229,1.2051726826619762,0.300559552212964,2.2698417369503736,1.1942970892444005,0.5181976639215963,1.7038167654461873
4.579318409204602,1.201261054314814,0.30214604989095284,2.2645043580251616,1.1887931635966942,0.5174937913226832,1.7040065177124866
4.584557903951977,1.197349425967651,0.303732547568942,2.2591669790999487,1.183289237948987,0.5167899187237701,1.7041962699787858
4.58979739869935,1.1934377976204886,0.3053190452469309,2.253829600174736,1.177785312301281,0.5160860461248571,1.704386022245085
4.595036893446724,1.1893575243584469,0.3071492107762458,2.2481684271994484,1.1723128584694356,0.515445461394272,1.7044406281766749
4.600276388194097,1.1847592702864223,0.3097277847060605,2.241512743927504,1.1669370680720237,0.5149992608306948,1.7040801417945142
4.605515882941471,1.1801610162143974,0.3123063586358752,2.23485706065556,1.1615612776746118,0.5145530602671177,1.7037196554123535
4.610755377688845,1.175562762142372,0.31488493256569033,2.228201377383615,1.156185487277199,0.5141068597035403,1.7033591690301926
4.615994872436218,1.1709645080703472,0.31746350649550503,2.2215456941116707,1.1508096968797872,0.5136606591399632,1.702998682648032
4.621234367183592,1.1663662539983217,0.3200420804253202,2.2148900108397256,1.1454339064823742,0.5132144585763858,1.7026381962658712
4.6264738619309655,1.161767999926297,0.3226206543551349,2.2082343275677814,1.1400581160849623,0.5127682580128087,1.7022777098837105
4.63171335667834,1.1571697458542716,0.32519922828495,2.201578644295836,1.1346823256875496,0.5123220574492314,1.7019172235015496
4.636952851425713,1.1525714917822467,0.3277778022147647,2.1949229610238916,1.1293065352901377,0.5118758568856542,1.701556737119389
4.642192346173087,1.1479732377102212,0.3303563761445798,2.1882672777519465,1.123930744892725,0.5114296563220769,1.7011962507372282
4.6474318409204605,1.1438291439254886,0.3328947629583365,2.1812658962659723,1.1187068184674667,0.5109939868318286,1.7006009368882211
4.652671335667835,1.1412443337937923,0.335295174006961,2.1730776175784956,1.1140042916799344,0.510594474026676,1.6991993820697073
4.657910830415208,1.1386595236620962,0.33769558505558517,2.16488933889102,1.1093017648924028,0.5101949612215234,1.697797827251194
4.663150325162581,1.1360747135304001,0.34009599610420926,2.156701060203545,1.1045992381048715,0.5097954484163709,1.6963962724326807
4.668389819909955,1.1334899033987038,0.3424964071528338,2.148512781516068,1.0998967113173392,0.5093959356112182,1.694994717614167
4.673629314657329,1.1309050932670077,0.3448968182014579,2.1403245028285927,1.0951941845298079,0.5089964228060657,1.6935931627956538
4.678868809404703,1.1283202831353112,0.34729722925008244,2.132136224141116,1.0904916577422756,0.5085969100009131,1.6921916079771402
4.684108304152076,1.125735473003615,0.34969764029870654,2.12394794545364,1.0857891309547443,0.5081973971957605,1.6907900531586268
4.68934779889945,1.1231506628719188,0.3520980513473311,2.1157596667661633,1.081086604167212,0.5077978843906079,1.6893884983401133
4.694587293646824,1.1205658527402227,0.3544984623959552,2.107571388078688,1.0763840773796807,0.5073983715854554,1.6879869435216
4.699826788394198,1.1180157109845448,0.35688590257991887,2.0992618085074177,1.0718221623217616,0.5070692461926908,1.6864537744122379
4.705066283141571,1.1155995920971338,0.3592231992992784,2.0904832974707532,1.0678038316332017,0.5070122282356214,1.6844118037150841
4.710305777888944,1.113183473209723,0.36156049601863793,2.0817047864340883,1.0637855009446417,0.506955210278552,1.6823698330179302
4.7155452726363185,1.1107673543223118,0.3638977927379978,2.072926275397422,1.0597671702560814,0.5068981923214825,1.680327862320776
4.720784767383692,1.1083512354349008,0.3662350894573574,2.0641477643607575,1.0557488395675214,0.5068411743644131,1.6782858916236223
4.726024262131066,1.1059351165474895,0.3685723861767173,2.0553692533240913,1.0517305088789608,0.5067841564073436,1.6762439209264681
4.731263756878439,1.1035189976600788,0.37090968289607684,2.0465907422874263,1.0477121781904009,0.5067271384502742,1.6742019502293142
4.736503251625813,1.1011028787726673,0.3732469796154368,2.03781223125076,1.0436938475018405,0.5066701204932047,1.67215997953216
4.741742746373187,1.0986867598852565,0.3755842763347963,2.0290337202140956,1.0396755168132805,0.5066131025361353,1.6701180088350063
4.746982241120561,1.096270640997845,0.37792157305415625,2.0202552091774293,1.03565718612472,0.5065560845790659,1.668076038137852
4.752221735867934,1.0940224193214911,0.38043213176532603,2.0114438600736535,1.0317532766994153,0.506560993526139,1.665845320437292
4.757461230615308,1.0925115840450486,0.3837036384135004,2.0024882897291865,1.0283518930924602,0.5068378787414057,1.6627856463028527
4.762700725362682,1.0910007487686062,0.38697514506167424,1.9935327193847208,1.024950509485506,0.5071147639566724,1.659725972168414
4.767940220110055,1.0894899134921636,0.39024665170984807,1.984577149040255,1.0215491258785516,0.5073916491719391,1.6566662980339755
4.773179714857429,1.087979078215721,0.39351815835802245,1.975621578695788,1.0181477422715968,0.5076685343872059,1.6536066238995362
4.778419209604802,1.0864682429392787,0.3967896650061963,1.9666660083513223,1.0147463586646424,0.5079454196024726,1.6505469497650975
4.7836587043521765,1.0849574076628359,0.40006117165437066,1.957710438006855,1.0113449750576875,0.5082223048177393,1.6474872756306584
4.78889819909955,1.0834465723863935,0.4033326783025445,1.9487548676623896,1.007943591450733,0.508499190033006,1.6444276014962198
4.794137693846924,1.081935737109951,0.4066041849507188,1.9397992973179223,1.0045422078437782,0.5087760752482728,1.6413679273617805
4.799377188594297,1.0804249018335084,0.40987569159889264,1.9308437269734566,1.0011408242368238,0.5090529604635395,1.6383082532273419
4.8046166833416715,1.0789103612252882,0.41311817534914663,1.9218911398449459,0.9978437879649011,0.5093376665035043,1.635216815766758
4.809856178089045,1.0773771255340079,0.4162142253871654,1.9129536043969433,0.9950732314288234,0.5096618321589912,1.6319651178878982
4.815095672836419,1.0758438898427274,0.4193102754251847,1.9040160689489392,0.9923026748927452,0.509985997814478,1.628713420009038
4.820335167583792,1.074310654151447,0.42240632546320345,1.8950785335009364,0.9895321183566673,0.5103101634699648,1.6254617221301784
4.8255746623311655,1.0727774184601668,0.4255023755012222,1.8861409980529338,0.9867615618205895,0.5106343291254516,1.6222100242513189
4.83081415707854,1.0712441827688863,0.42859842553924155,1.8772034626049297,0.9839910052845112,0.5109584947809385,1.6189583263724587
4.836053651825913,1.069710947077606,0.4316944755772603,1.868265927156927,0.9812204487484334,0.5112826604364253,1.615706628493599
4.841293146573287,1.0681777113863256,0.4347905256152796,1.859328391708923,0.9784498922123551,0.5116068260919121,1.6124549306147389
4.84653264132066,1.0666444756950453,0.43788657565329836,1.8503908562609204,0.9756793356762774,0.511930991747399,1.6092032327358792
4.851772136068035,1.0651112400037646,0.44098262569131763,1.8414533208129162,0.9729087791401991,0.5122551574028859,1.605951534857019
4.857011630815408,1.0637087940456345,0.4440826469362399,1.8325204986440609,0.9702058606131547,0.512675210573418,1.6026291568105502
4.862251125562782,1.06307530151861,0.4472060161389915,1.823615387306053,0.9679006069323242,0.5136590162030966,1.598891228123481
4.867490620310155,1.0624418089915857,0.4503293853417426,1.8147102759680465,0.9655953532514938,0.514642821832775,1.5951532994364126
4.872730115057529,1.0618083164645613,0.45345275454449374,1.80580516463004,0.9632900995706636,0.5156266274624534,1.5914153707493441
4.877969609804903,1.061174823937537,0.4565761237472454,1.796900053292032,0.9609848458898329,0.516610433092132,1.5876774420622752
4.883209104552276,1.0605413314105125,0.4596994929499965,1.7879949419540255,0.9586795922090027,0.5175942387218103,1.5839395133752068
4.88844859929965,1.0599078388834882,0.46282286215274815,1.7790898306160174,0.956374338528172,0.5185780443514889,1.5802015846881377
4.8936880940470235,1.0592743463564638,0.4659462313554993,1.7701847192780111,0.9540690848473418,0.5195618499811673,1.5764636560010692
4.898927588794398,1.0586408538294394,0.4690696005582509,1.761279607940003,0.9517638311665111,0.5205456556108459,1.5727257273140003
4.904167083541771,1.0580073613024152,0.47219296976100206,1.7523744966019965,0.9494585774856807,0.5215294612405242,1.5689877986269318
4.909406578289145,1.0574662175142706,0.47534963078609344,1.743589392761352,0.9472185115753191,0.5224932077268866,1.5651888806372694
4.9146460730365185,1.0575696679235078,0.47873866873111576,1.7356419412523036,0.9454334563028309,0.5233169413929013,1.5609642573155063
4.919885567783893,1.0576731183327452,0.48212770667613863,1.7276944897432542,0.9436484010303424,0.5241406750589163,1.5567396339937423
4.925125062531266,1.0577765687419824,0.4855167446211609,1.7197470382342062,0.9418633457578542,0.524964408724931,1.5525150106719792
4.930364557278639,1.0578800191512197,0.4889057825661832,1.711799586725158,0.9400782904853661,0.5257881423909458,1.5482903873502158
4.935604052026013,1.0579834695604569,0.4922948205112061,1.7038521352161085,0.9382932352128776,0.5266118760569607,1.5440657640284519
4.940843546773387,1.058086919969694,0.49568385845622837,1.6959046837070604,0.9365081799403894,0.5274356097229755,1.5398411407066888
4.946083041520761,1.0581903703789313,0.49907289640125124,1.687957232198011,0.9347231246679009,0.5282593433889904,1.5356165173849248
4.951322536268134,1.0582938207881685,0.5024619343462735,1.680009780688963,0.9329380693954127,0.5290830770550052,1.5313918940631617
4.956562031015508,1.058397271197406,0.5058509722912964,1.6720623291799135,0.9311530141229242,0.5299068107210201,1.5271672707413977
4.961801525762882,1.058522708427281,0.50929462891886,1.6641419282437089,0.9294345442231953,0.530764419963323,1.5228961330135498
4.967041020510256,1.0588350336325794,0.5132025443480249,1.6564514571766749,0.9282820499919197,0.5319099716040754,1.5182296228339804
4.972280515257629,1.0591473588378777,0.5171104597771893,1.648760986109642,0.9271295557606442,0.5330555232448274,1.5135631126544118
4.977520010005003,1.059459684043176,0.5210183752063542,1.641070515042608,0.9259770615293684,0.5342010748855798,1.5088966024748425
4.9827595047523765,1.0597720092484741,0.5249262906355184,1.633380043975575,0.9248245672980929,0.5353466265263318,1.504230092295274
4.98799899949975,1.0600843344537725,0.5288342060646827,1.625689572908542,0.9236720730668174,0.5364921781670839,1.4995635821157054
4.993238494247124,1.0603966596590708,0.5327421214938476,1.617999101841508,0.9225195788355417,0.5376377298078362,1.494897071936136
4.998477988994497,1.0607089848643692,0.5366500369230119,1.6103086307744752,0.9213670846042662,0.5387832814485883,1.4902305617565677
5.003717483741871,1.0610213100696675,0.5405579523521769,1.6026181597074411,0.9202145903729905,0.5399288330893406,1.4855640515769983
5.008956978489245,1.0613336352749656,0.5444658677813411,1.5949276886404082,0.919062096141715,0.5410743847300927,1.48089754139743
5.014196473236619,1.0617151609521984,0.5482969698618602,1.5872683894660309,0.9179592879459417,0.542199882296063,1.4762226888557295
5.019435967983992,1.0628395740487246,0.5513034580525052,1.57994372972753,0.9173898739548263,0.5431100934709913,1.4714582786029187
5.024675462731366,1.0639639871452513,0.5543099462431509,1.5726190699890277,0.9168204599637108,0.5440203046459198,1.4666938683501072
5.02991495747874,1.0650884002417778,0.557316434433796,1.5652944102505266,0.9162510459725953,0.5449305158208481,1.4619294580972964
5.035154452226114,1.0662128133383044,0.5603229226244415,1.5579697505120245,0.9156816319814798,0.5458407269957765,1.4571650478444846
5.040393946973487,1.0673372264348309,0.5633294108150866,1.5506450907735234,0.9151122179903644,0.5467509381707047,1.4524006375916738
5.04563344172086,1.068461639531357,0.5663358990057317,1.5433204310350224,0.9145428039992489,0.547661149345633,1.447636227338863
5.0508729364682345,1.0695860526278838,0.5693423871963773,1.5359957712965202,0.9139733900081334,0.5485713605205615,1.4428718170860513
5.056112431215608,1.0707104657244102,0.5723488753870224,1.5286711115580192,0.913403976017018,0.5494815716954898,1.4381074068332405
5.061351925962982,1.0718348788209369,0.5753553635776679,1.521346451819517,0.9128345620259024,0.5503917828704182,1.433342996580429
5.066591420710355,1.0729479455181303,0.5784298975948263,1.5141039158219654,0.9122994356633366,0.5513101422967795,1.4285664676501835
5.0718309154577295,1.0738982350248947,0.5824806275077331,1.5080395396464947,0.9122562048949626,0.5523453977917772,1.4236160823090491
5.077070410205103,1.0748485245316588,0.5865313574206392,1.5019751634710252,0.9122129741265886,0.5533806532867745,1.418665696967916
5.082309904952477,1.0757988140384231,0.590582087333546,1.4959107872955546,0.9121697433582145,0.5544159087817722,1.4137153116267815
5.08754939969985,1.0767491035451875,0.5946328172464521,1.489846411120085,0.9121265125898406,0.5554511642767697,1.408764926285648
5.0927888944472235,1.0776993930519516,0.5986835471593582,1.4837820349446154,0.9120832818214666,0.556486419771767,1.4038145409445146
5.098028389194598,1.078649682558716,0.602734277072265,1.477717658769145,0.9120400510530926,0.5575216752667647,1.3988641556033803
5.103267883941971,1.07959997206548,0.6067850069851711,1.4716532825936752,0.9119968202847186,0.558556930761762,1.3939137702622468
5.108507378689345,1.0805502615722444,0.610835736898078,1.4655889064182046,0.9119535895163446,0.5595921862567597,1.3889633849211127
5.113746873436718,1.0815005510790086,0.6148864668109841,1.459524530242735,0.9119103587479706,0.560627441751757,1.3840129995799793
5.118986368184093,1.0823988524634123,0.6189854109064393,1.4534882759526266,0.9118749255102171,0.5616788205912516,1.379072280182709
5.124225862931466,1.0821967385911828,0.6241048885325021,1.4480472682360188,0.9120045400039312,0.5630714768892642,1.3743361565972299
5.12946535767884,1.0819946247189531,0.6292243661585657,1.44260626051941,0.9121341544976452,0.564464133187277,1.3696000330117497
5.134704852426213,1.0817925108467235,0.6343438437846284,1.437165252802802,0.9122637689913593,0.5658567894852895,1.3648639094262704
5.1399443471735875,1.0815903969744938,0.639463321410692,1.4317242450861933,0.9123933834850734,0.5672494457833023,1.3601277858407903
5.145183841920961,1.081388283102264,0.6445827990367547,1.4262832373695853,0.9125229979787874,0.5686421020813148,1.355391662255311
5.150423336668334,1.0811861692300346,0.6497022766628174,1.4208422296529775,0.9126526124725015,0.5700347583793274,1.3506555386698316
5.155662831415708,1.080984055357805,0.654821754288881,1.4154012219363685,0.9127822269662156,0.5714274146773402,1.3459194150843516
5.1609023261630815,1.0807819414855753,0.6599412319149438,1.4099602142197607,0.9129118414599295,0.5728200709753527,1.3411832914988722
5.166141820910456,1.0805798276133456,0.6650607095410074,1.404519206503152,0.9130414559536436,0.5742127272733655,1.3364471679133922
5.171381315657829,1.0803721044141839,0.6701560110238556,1.3990994093936433,0.9131843995473761,0.5756114571932648,1.3317099834974793
5.176620810405203,1.07994617839736,0.6743108605356618,1.3945047049002932,0.9138458451318218,0.5772464510045568,1.3269315327776998
5.1818603051525765,1.0795202523805365,0.6784657100474674,1.389910000406944,0.9145072907162674,0.5788814448158488,1.322153082057921
5.187099799899951,1.079094326363713,0.6826205595592736,1.385315295913594,0.915168736300713,0.5805164386271409,1.3173746313381414
5.192339294647324,1.0786684003468892,0.6867754090710791,1.3807205914202447,0.9158301818851585,0.5821514324384328,1.3125961806183628
5.197578789394698,1.0782424743300656,0.6909302585828855,1.3761258869268949,0.9164916274696042,0.583786426249725,1.3078177298985831
5.202818284142071,1.077816548313242,0.695085108094691,1.3715311824335457,0.9171530730540498,0.5854214200610168,1.3030392791788044
5.208057778889445,1.0773906222964185,0.6992399576064966,1.3669364779401962,0.9178145186384954,0.5870564138723087,1.2982608284590258
5.213297273636819,1.0769646962795947,0.7033948071183028,1.3623417734468464,0.9184759642229411,0.5886914076836008,1.2934823777392461
5.218536768384192,1.0765387702627711,0.7075496566301085,1.3577470689534972,0.9191374098073866,0.5903264014948927,1.2887039270194673
5.223776263131566,1.076112266168343,0.7117024651427007,1.353155829574748,0.9197985559630993,0.5919623654739116,1.2839268821306182
5.22901575787894,1.0755710136694523,0.7154501353113348,1.349252415444227,0.9204002655153277,0.5937909077466842,1.2794288946814238
5.234255252626314,1.0750297611705615,0.7191978054799695,1.3453490013137055,0.9210019750675561,0.5956194500194572,1.2749309072322286
5.239494747373687,1.074488508671671,0.7229454756486035,1.3414455871831847,0.9216036846197845,0.5974479922922297,1.2704329197830342
5.244734242121061,1.07394725617278,0.7266931458172381,1.3375421730526633,0.922205394172013,0.5992765345650026,1.2659349323338391
5.2499737368684345,1.0734060036738893,0.7304408159858722,1.3336387589221426,0.9228071037242412,0.6011050768377753,1.2614369448846448
5.255213231615809,1.0728647511749985,0.7341884861545068,1.3297353447916211,0.9234088132764697,0.6029336191105481,1.2569389574354497
5.260452726363182,1.0723234986761079,0.7379361563231408,1.3258319306611002,0.924010522828698,0.6047621613833207,1.2524409699862553
5.265692221110555,1.071782246177217,0.7416838264917748,1.3219285165305794,0.9246122323809264,0.6065907036560934,1.247942982537061
5.270931715857929,1.0712409936783263,0.7454314966604094,1.318025102400058,0.9252139419331549,0.6084192459288662,1.2434449950878657
5.276171210605303,1.0706997411794357,0.7491791668290435,1.3141216882695372,0.9258156514853831,0.6102477882016388,1.2389470076386713
5.281410705352677,1.0693902572529135,0.7536960133425721,1.3105415578945299,0.9264728274287279,0.6125736949947109,1.2345364599588684
5.28665020010005,1.0680690446023058,0.7582246030064036,1.306966363149378,0.9271308501872042,0.6149071951392375,1.2301272472373774
5.291889694847424,1.0667478319516976,0.762753192670236,1.3033911684042259,0.9277888729456806,0.6172406952837646,1.2257180345158858
5.297129189594798,1.0654266193010897,0.7672817823340675,1.299815973659074,0.9284468957041568,0.6195741954282912,1.2213088217943948
5.302368684342172,1.0641054066504818,0.7718103719978998,1.2962407789139219,0.9291049184626332,0.6219076955728181,1.2168996090729032
5.307608179089545,1.062784193999874,0.7763389616617314,1.2926655841687702,0.9297629412211095,0.6242411957173448,1.2124903963514122
5.312847673836918,1.061462981349266,0.780867551325563,1.2890903894236183,0.9304209639795857,0.6265746958618714,1.2080811836299212
5.3180871685842925,1.060141768698658,0.7853961409893953,1.2855151946784662,0.931078986738062,0.6289081960063984,1.2036719709084296
5.323326663331666,1.0588205560480501,0.7899247306532269,1.2819399999333143,0.9317370094965383,0.6312416961509251,1.1992627581869386
5.32856615807904,1.0574993433974422,0.7944533203170592,1.2783648051881622,0.9323950322550146,0.633575196295452,1.194853545465447
5.333805652826413,1.0548659269133644,0.7995723032795401,1.2754932127404284,0.9327881809847605,0.6358959721807658,1.1910384683258004
5.3390451475737875,1.052184793926251,0.8047127550892454,1.272647205830782,0.9331716979316435,0.6382162853657448,1.187244996116402
5.344284642321161,1.0495036609391382,0.80985320689895,1.2698011989211362,0.9335552148785264,0.6405365985507235,1.1834515239070043
5.349524137068535,1.0468225279520247,0.8149936587086555,1.26695519201149,0.9339387318254094,0.6428569117357026,1.179658051697606
5.354763631815908,1.0441413949649119,0.8201341105183599,1.2641091851018442,0.9343222487722924,0.6451772249206813,1.1758645794882083
5.360003126563282,1.0414602619777984,0.8252745623280654,1.261263178192198,0.9347057657191754,0.6474975381056604,1.17207110727881
5.365242621310656,1.0387791289906856,0.8304150141377699,1.258417171282552,0.9350892826660583,0.6498178512906391,1.1682776350694124
5.370482116058029,1.0360979960035726,0.8355554659474744,1.2555711643729062,0.9354727996129413,0.6521381644756178,1.1644841628600147
5.375721610805403,1.0334168630164593,0.8406959177571798,1.2527251574632599,0.9358563165598243,0.6544584776605968,1.1606906906506163
5.380961105552776,1.0307357300293463,0.8458363695668843,1.2498791505536142,0.9362398335067071,0.6567787908455756,1.1568972184412185
5.386200600300151,1.028077041216337,0.8508129295915543,1.2473176279982883,0.9364530101429083,0.659779535413441,1.1533357283929557
5.391440095047524,1.0254196621429308,0.8557799256393778,1.2447727066519683,0.9366562464957274,0.6628199868524557,1.149787775765237
5.396679589794898,1.0227622830695244,0.8607469216872021,1.2422277853056478,0.9368594828485466,0.665860438291471,1.1462398231375177
5.401919084542271,1.0201049039961183,0.8657139177350256,1.239682863959328,0.9370627192013657,0.6689008897304857,1.142691870509799
5.4071585792896455,1.0174475249227117,0.87068091378285,1.2371379426130076,0.9372659555541849,0.671941341169501,1.1391439178820797
5.412398074037019,1.0147901458493056,0.8756479098306735,1.2345930212666876,0.9374691919070041,0.6749817926085157,1.135595965254361
5.417637568784393,1.012132766775899,0.8806149058784978,1.2320480999203671,0.9376724282598232,0.6780222440475309,1.132048012626642
5.422877063531766,1.009475387702493,0.8855819019263214,1.2295031785740471,0.9378756646126424,0.6810626954865456,1.1285000599989232
5.4281165582791395,1.006818008629087,0.8905488979741448,1.2269582572277271,0.9380789009654615,0.6841031469255604,1.1249521073712045
5.433356053026514,1.0041606295556804,0.8955158940219692,1.2244133358814067,0.9382821373182807,0.6871435983645756,1.1214041547434852
5.438595547773887,1.0002555227897367,0.9013221494528056,1.221754752774269,0.9383706229167792,0.6899126648472258,1.1179696248326054
5.443835042521261,0.9962489747479764,0.9071966373538067,1.2190869288735684,0.9384497791856582,0.6926596675122858,1.1145443162808177
5.449074537268634,0.9922424267062168,0.9130711252548067,1.2164191049728683,0.9385289354545372,0.6954066701773454,1.1111190077290307
5.454314032016009,0.9882358786644564,0.9189456131558078,1.2137512810721678,0.9386080917234162,0.6981536728424055,1.107693699177243
5.459553526763382,0.9842293306226968,0.9248201010568079,1.2110834571714677,0.9386872479922952,0.700900675507465,1.1042683906254558
5.464793021510756,0.9802227825809365,0.9306945889578089,1.208415633270767,0.9387664042611742,0.703647678172525,1.100843082073668
5.470032516258129,0.9762162345391769,0.936569076858809,1.2057478093700669,0.9388455605300532,0.7063946808375846,1.0974177735218809
5.475272011005503,0.9722096864974172,0.942443564759809,1.2030799854693668,0.9389247167989322,0.7091416835026442,1.0939924649700938
5.480511505752877,0.968203138455657,0.94831805266081,1.2004121615686663,0.9390038730678112,0.7118886861677043,1.0905671564183061
5.48575100050025,0.9641965904138974,0.95419254056181,1.197744337667966,0.9390830293366902,0.7146356888327638,1.087141847866519
5.490990495247624,0.9596065551827394,0.9595830841610101,1.1951122652495214,0.9388377536031127,0.7179593166546026,1.0843980402288216
5.496229989994998,0.9549551002474352,0.9649226862547565,1.1924839561449987,0.9385583271324347,0.7213436418613648,1.0817259695294499
5.501469484742372,0.9503036453121303,0.9702622883485038,1.1898556470404755,0.9382789006617566,0.7247279670681275,1.0790538988300777
5.506708979489745,0.945652190376826,0.9756018904422503,1.187227337935953,0.9379994741910785,0.7281122922748897,1.076381828130706
5.511948474237119,0.9410007354415211,0.9809414925359976,1.1845990288314299,0.9377200477204004,0.7314966174816525,1.073709757431334
5.5171879689844925,0.9363492805062169,0.986281094629744,1.1819707197269074,0.9374406212497223,0.7348809426884146,1.0710376867319622
5.522427463731867,0.9316978255709119,0.9916206967234914,1.1793424106223842,0.9371611947790442,0.7382652678951774,1.06836561603259
5.52766695847924,0.9270463706356077,0.9969602988172378,1.1767141015178617,0.9368817683083661,0.7416495931019397,1.0656935453332184
5.532906453226613,0.9223949157003035,1.0022999009109843,1.174085792413339,0.9366023418376881,0.7450339183087018,1.0630214746338467
5.538145947973987,0.9177434607649985,1.0076395030047316,1.1714574833088158,0.93632291536701,0.7484182435154646,1.0603494039344745
5.543385442721361,0.9126008300341183,1.0133298466653757,1.1690617661260947,0.9359503059349358,0.7518167152207911,1.0580534669543644
5.548624937468735,0.9073941933921991,1.0190658960259567,1.1666963583722765,0.9355655536806966,0.7552170303791887,1.0558065445665656
5.553864432216108,0.9021875567502807,1.0248019453865367,1.1643309506184585,0.9351808014264575,0.758617345537586,1.0535596221787673
5.559103926963482,0.8969809201083614,1.0305379947471176,1.16196554286464,0.9347960491722184,0.7620176606959836,1.0513126997909685
5.564343421710856,0.891774283466443,1.0362740441076974,1.1596001351108223,0.9344112969179793,0.7654179758543808,1.0490657774031702
5.56958291645823,0.8865676468245237,1.0420100934682783,1.1572347273570038,0.9340265446637401,0.7688182910127785,1.0468188550153714
5.574822411205603,0.8813610101826054,1.0477461428288584,1.1548693196031858,0.933641792409501,0.7722186061711757,1.044571932627573
5.580061905952977,0.8761543735406861,1.0534821921894393,1.1525039118493676,0.9332570401552619,0.7756189213295734,1.0423250102397743
5.5853014007003505,0.8709477368987677,1.059218241550019,1.1501385040955496,0.9328722879010227,0.7790192364879706,1.0400780878519758
5.590540895447724,0.8657411002568494,1.0649542909105991,1.1477730963417316,0.9324875356467837,0.7824195516463677,1.0378311654641774
5.595780390195098,0.8602976333243807,1.0699413723031244,1.1452660949571118,0.9319249593818514,0.7860507489108671,1.0359073498789466
5.601019884942471,0.8548170973029574,1.0748112239267358,1.1427369310911497,0.9313345497935063,0.7897180842441471,1.0340341075323791
5.6062593796898454,0.8493365612815332,1.079681075550348,1.1402077672251871,0.9307441402051612,0.7933854195774277,1.032160865185811
5.611498874437219,0.84385602526011,1.0845509271739595,1.137678603359225,0.9301537306168162,0.7970527549107077,1.0302876228392435
5.616738369184593,0.8383754892386859,1.0894207787975716,1.1351494394932624,0.9295633210284711,0.8007200902439883,1.0284143804926755
5.621977863931966,0.8328949532172626,1.094290630421183,1.1326202756273,0.9289729114401261,0.8043874255772683,1.0265411381461078
5.62721735867934,0.8274144171958384,1.0991604820447953,1.1300911117613375,0.9283825018517808,0.8080547609105488,1.0246678957995399
5.632456853426714,0.8219338811744152,1.1040303336684067,1.1275619478953753,0.9277920922634358,0.8117220962438289,1.0227946534529722
5.637696348174088,0.8164533451529911,1.108900185292019,1.1250327840294128,0.9272016826750907,0.8153894315771095,1.0209214111064042
5.642935842921461,0.8109728091315678,1.1137700369156305,1.1225036201634504,0.9266112730867457,0.8190567669103894,1.0190481687598365
5.648175337668834,0.8049646930903854,1.1186604321199323,1.1196455534761984,0.9260506499686831,0.8230302084686044,1.0172237787669385
5.653414832416209,0.7988595148497212,1.1235546068554003,1.1167269764776107,0.9254955068540551,0.8270599663055914,1.0154083764474158
5.658654327163582,0.7927543366090579,1.1284487815908677,1.1138083994790233,0.9249403637394273,0.8310897241425778,1.0135929741278933
5.663893821910956,0.7866491583683937,1.133342956326336,1.1108898224804356,0.9243852206247993,0.8351194819795648,1.0117775718083704
5.669133316658329,0.7805439801277304,1.1382371310618034,1.1079712454818484,0.9238300775101715,0.8391492398165511,1.0099621694888479
5.6743728114057035,0.7744388018870662,1.1431313057972714,1.1050526684832607,0.9232749343955435,0.8431789976535382,1.0081467671693252
5.679612306153077,0.768333623646403,1.1480254805327388,1.1021340914846733,0.9227197912809157,0.8472087554905245,1.0063313648498025
5.684851800900451,0.7622284454057388,1.152919655268207,1.0992155144860856,0.9221646481662878,0.8512385133275115,1.0045159625302797
5.690091295647824,0.7561232671650755,1.1578138300036744,1.0962969374874985,0.92160950505166,0.8552682711644979,1.0027005602107573
5.6953307903951975,0.7500180889244122,1.1627080047391418,1.0933783604889111,0.921054361937032,0.8592980290014842,1.0008851578912348
5.700570285142572,0.7447170650103381,1.1665240866514983,1.0903483782418941,0.9204616363678232,0.8633610727629258,0.9992794673256827
5.705809779889945,0.7395871377614968,1.1701107871121283,1.0872946927505311,0.9198609145316824,0.867431198635953,0.9977183962822525
5.711049274637319,0.7344572105126547,1.173697487572759,1.0842410072591675,0.9192601926955414,0.8715013245089808,0.996157325238822
5.716288769384692,0.7293272832638134,1.1772841880333889,1.0811873217678045,0.9186594708594005,0.8755714503820079,0.9945962541953917
5.721528264132067,0.7241973560149711,1.1808708884940196,1.0781336362764409,0.9180587490232595,0.8796415762550357,0.9930351831519612
5.72676775887944,0.7190674287661298,1.1844575889546496,1.075079950785078,0.9174580271871186,0.8837117021280627,0.9914741121085309
5.732007253626814,0.7139375015172876,1.1880442894152803,1.0720262652937143,0.9168573053509776,0.8877818280010905,0.9899130410651004
5.737246748374187,0.7088075742684463,1.1916309898759103,1.068972579802351,0.9162565835148367,0.8918519538741176,0.9883519700216701
5.7424862431215615,0.7036776470196041,1.1952176903365408,1.0659188943109876,0.9156558616786957,0.8959220797471454,0.9867908989782396
5.747725737868935,0.6985477197707628,1.1988043907971708,1.0628652088196244,0.9150551398425548,0.8999922056201725,0.9852298279348093
5.752965232616308,0.6935688327532498,1.2033070123696281,1.0596748044879565,0.9144403059620889,0.9040422149509805,0.9837094658122807
5.758204727363682,0.6886266471003576,1.20803219421225,1.0564511787558402,0.9138220429867401,0.908087336150035,0.9821989955770738
5.763444222111056,0.6836844614474663,1.212757376054871,1.0532275530237243,0.9132037800113914,0.9121324573490888,0.9806885253418672
5.76868371685843,0.6787422757945742,1.2174825578974928,1.050003927291608,0.9125855170360425,0.9161775785481432,0.9791780551066603
5.773923211605803,0.673800090141683,1.2222077397401139,1.046780301559492,0.9119672540606938,0.9202226997471971,0.9776675848714537
5.779162706353177,0.6688579044887908,1.2269329215827356,1.0435566758273758,0.911348991085345,0.9242678209462515,0.9761571146362468
5.7844022011005505,0.6639157188358995,1.2316581034253566,1.04033305009526,0.9107307281099962,0.9283129421453052,0.9746466444010401
5.789641695847925,0.6589735331830074,1.2363832852679784,1.0371094243631434,0.9101124651346474,0.9323580633443598,0.9731361741658332
5.794881190595298,0.6540313475301162,1.2411084671105994,1.0338857986310277,0.9094942021592987,0.9364031845434135,0.9716257039306266
5.800120685342672,0.649089161877224,1.2458336489532211,1.0306621728989112,0.9088759391839499,0.9404483057424681,0.9701152336954197
5.805360180090045,0.6440427797646181,1.2500984907129935,1.0271942876944098,0.9083565427861336,0.9447192617197692,0.9687734324016437
5.810599674837419,0.6389677685927936,1.2542368492551141,1.02365928966363,0.9078643110070642,0.9490522681473236,0.9674779746508804
5.815839169584793,0.6338927574209682,1.2583752077972357,1.0201242916328497,0.9073720792279948,0.9533852745748786,0.9661825169001169
5.821078664332166,0.6288177462491437,1.2625135663393565,1.0165892936020697,0.9068798474489255,0.957718281002433,0.9648870591493537
5.82631815907954,0.6237427350773183,1.2666519248814778,1.0130542955712893,0.906387615669856,0.962051287429988,0.9635916013985902
5.831557653826914,0.6186677239054937,1.2707902834235987,1.0095192975405096,0.9058953838907866,0.9663842938575423,0.9622961436478269
5.836797148574288,0.6135927127336683,1.27492864196572,1.0059842995097292,0.9054031521117172,0.9707173002850974,0.9610006858970634
5.842036643321661,0.6085177015618438,1.2790670005078408,1.0024493014789495,0.9049109203326479,0.9750503067126518,0.9597052281463002
5.847276138069035,0.6034426903900184,1.2832053590499621,0.998914303448169,0.9044186885535783,0.9793833131402069,0.9584097703955368
5.8525156328164085,0.5983676792181939,1.287343717592083,0.9953793054173892,0.903926456774509,0.9837163195677612,0.9571143126447734
5.857755127563783,0.5934549038419784,1.2916459586805848,0.99168768697585,0.9034688665433956,0.9877417164569702,0.9560362368773402
5.862994622311156,0.5885921290060501,1.2959987078325603,0.9879477986372251,0.9030219527237836,0.9916723090950161,0.9550251575244415
5.868234117058529,0.5837293541701217,1.300351456984536,0.9842079102986002,0.9025750389041716,0.9956029017330621,0.9540140781715428
5.873473611805903,0.5788665793341926,1.3047042061365124,0.9804680219599747,0.9021281250845594,0.9995334943711087,0.9530029988186439
5.878713106553277,0.5740038044982642,1.309056955288488,0.9767281336213498,0.9016812112649474,1.0034640870091547,0.9519919194657452
5.883952601300651,0.569141029662335,1.3134097044404645,0.9729882452827243,0.9012342974453353,1.0073946796472013,0.9509808401128464
5.889192096048024,0.5642782548264067,1.3177624535924402,0.9692483569440995,0.9007873836257233,1.0113252722852475,0.9499697607599478
5.894431590795398,0.5594154799904775,1.3221152027444165,0.965508468605474,0.9003404698061112,1.0152558649232941,0.9489586814070489
5.899671085542772,0.5545527051545491,1.326467951896392,0.9617685802668491,0.8998935559864991,1.01918645756134,0.9479476020541502
5.904910580290146,0.54968993031862,1.3308207010483686,0.9580286919282236,0.899446642166887,1.0231170501993867,0.9469365227012514
5.910150075037519,0.5457175784554705,1.334158649355393,0.9542914581778866,0.8991977229230137,1.027393295757214,0.946050081450867
5.915389569784892,0.542051028421356,1.3371480802005153,0.9505551361043355,0.8990168018162629,1.0317882503986024,0.9452064452053864
5.920629064532267,0.5383844783872409,1.3401375110456382,0.9468188140307837,0.8988358807095119,1.0361832050399917,0.9443628089599059
5.92586855927964,0.5347179283531264,1.3431269418907603,0.9430824919572326,0.8986549596027611,1.0405781596813803,0.9435191727144253
5.931108054027014,0.5310513783190113,1.3461163727358831,0.9393461698836808,0.8984740384960102,1.0449731143227694,0.9426755364689446
5.936347548774387,0.5273848282848967,1.3491058035810055,0.9356098478101296,0.8982931173892593,1.049368068964158,0.9418319002234642
5.9415870435217615,0.5237182782507817,1.3520952344261283,0.9318735257365778,0.8981121962825085,1.0537630236055473,0.9409882639779835
5.946826538269135,0.5200517282166671,1.3550846652712505,0.9281372036630267,0.8979312751757575,1.0581579782469357,0.9401446277325031
5.952066033016509,0.516385178182552,1.3580740961163733,0.9244008815894749,0.8977503540690067,1.062552932888325,0.9393009914870224
5.957305527763882,0.5127186281484375,1.3610635269614957,0.9206645595159237,0.8975694329622558,1.0669478875297136,0.9384573552415418
5.962545022511256,0.5093612476338841,1.3643134476230696,0.9168125550178176,0.8973671725119908,1.0709881929877676,0.9376748652037159
5.96778451725863,0.5061215440990954,1.3676625166576868,0.9129165191470442,0.8971567898202499,1.074893510867389,0.9369156488089421
5.973024012006003,0.5028818405643066,1.3710115856923037,0.9090204832762709,0.896946407128509,1.07879882874701,0.9361564324141682
5.978263506753377,0.4996421370295173,1.3743606547269214,0.9051244474054969,0.8967360244367681,1.082704146626632,0.9353972160193943
5.98350300150075,0.4964024334947285,1.3777097237615386,0.9012284115347237,0.8965256417450272,1.0866094645062534,0.9346379996246205
5.988742496248125,0.4931627299599392,1.3810587927961562,0.8973323756639497,0.8963152590532864,1.0905147823858754,0.9338787832298464
5.993981990995498,0.48992302642515045,1.3844078618307731,0.8934363397931764,0.8961048763615455,1.0944201002654967,0.9331195668350726
5.999221485742872,0.4866833228903611,1.3877569308653908,0.8895403039224025,0.8958944936698046,1.0983254181451187,0.9323603504402986
6.004460980490245,0.48344361935557234,1.391105999900008,0.8856442680516291,0.8956841109780637,1.1022307360247399,0.9316011340455248
6.0097004752376195,0.48020391582078303,1.3944550689346256,0.8817482321808552,0.8954737282863228,1.1061360539043619,0.9308419176507509
6.014939969984993,0.4773217012382819,1.397199042893126,0.8779868802700224,0.8952978355201686,1.1102713914255107,0.9301018143127995
6.020179464732367,0.4745896065716875,1.3996889199869231,0.874282086036317,0.895136426067962,1.1145033208245971,0.9293697370983535
6.02541895947974,0.47185751190509356,1.4021787970807198,0.8705772918026121,0.8949750166157554,1.1187352502236827,0.9286376598839076
6.0306584542271136,0.4691254172384996,1.4046686741745167,0.8668724975689073,0.8948136071635487,1.1229671796227685,0.9279055826694617
6.035897948974488,0.46639332257190524,1.4071585512683138,0.8631677033352019,0.8946521977113421,1.1271991090218547,0.9271735054550156
6.041137443721861,0.46366122790531134,1.4096484283621105,0.859462909101497,0.8944907882591354,1.1314310384209405,0.9264414282405699
6.046376938469235,0.4609291332387169,1.4121383054559078,0.8557581148677916,0.8943293788069288,1.1356629678200267,0.9257093510261238
6.0516164332166085,0.458197038572123,1.4146281825497045,0.8520533206340868,0.8941679693547222,1.1398948972191125,0.9249772738116779
6.056855927963983,0.4554649439055286,1.4171180596435016,0.8483485264003814,0.8940065599025155,1.1441268266181988,0.9242451965972319
6.062095422711356,0.4527328492389347,1.4196079367372985,0.8446437321666765,0.8938451504503089,1.1483587560172845,0.9235131193827861
6.06733491745873,0.4507248257374883,1.4215309723501048,0.8411435759894708,0.8935520974320985,1.1524329465080756,0.9228251554523336
6.072574412206103,0.44905098892764883,1.4231923888178386,0.8377378681460346,0.8931982858449636,1.156434334425807,0.9221575514991089
6.077813906953477,0.4473771521178093,1.4248538052855724,0.8343321603025985,0.8928444742578286,1.1604357223435382,0.9214899475458842
6.083053401700851,0.4457033153079695,1.4265152217533064,0.8309264524591617,0.8924906626706937,1.16443711026127,0.9208223435926595
6.088292896448224,0.44402947849813,1.4281766382210401,0.8275207446157256,0.8921368510835587,1.1684384981790013,0.9201547396394347
6.093532391195598,0.4423556416882903,1.4298380546887741,0.8241150367722888,0.8917830394964237,1.1724398860967333,0.91948713568621
6.098771885942972,0.44068180487845077,1.4314994711565079,0.8207093289288526,0.8914292279092888,1.1764412740144645,0.9188195317329853
6.104011380690346,0.439007968068611,1.4331608876242419,0.817303621085416,0.8910754163221538,1.1804426619321964,0.9181519277797605
6.109250875437719,0.43733413125877146,1.4348223040919756,0.8138979132419798,0.8907216047350188,1.1844440498499278,0.9174843238265358
6.114490370185093,0.4356602944489317,1.4364837205597096,0.810492205398543,0.8903677931478838,1.1884454377676597,0.916816719873311
6.1197298649324665,0.4343478232776622,1.4378755735297302,0.8070321352397503,0.8900278833718275,1.1920803845893666,0.9160061019031795
6.124969359679841,0.433218080391556,1.4391311189197753,0.8035445762120597,0.8896950031908071,1.1955300366681791,0.9151231674112914
6.130208854427214,0.4320883375054501,1.4403866643098202,0.8000570171843697,0.8893621230097868,1.198979688746991,0.9142402329194034
6.135448349174587,0.43095859461934416,1.4416422096998651,0.7965694581566797,0.8890292428287664,1.2024293408258029,0.9133572984275153
6.140687843921961,0.42982885173323804,1.44289775508991,0.7930818991289891,0.888696362647746,1.2058789929046154,0.9124743639356271
6.145927338669335,0.4286991088471321,1.444153300479955,0.789594340101299,0.8883634824667257,1.2093286449834273,0.911591429443739
6.151166833416709,0.42756936596102596,1.44540884587,0.7861067810736084,0.8880306022857053,1.2127782970622396,0.9107084949518509
6.156406328164082,0.42643962307492,1.446664391260045,0.7826192220459185,0.8876977221046849,1.2162279491410515,0.9098255604599628
6.161645822911456,0.4253098801888139,1.4479199366500901,0.7791316630182279,0.8873648419236645,1.219677601219864,0.9089426259680746
6.16688531765883,0.4241801373027079,1.449175482040135,0.7756441039905378,0.8870319617426442,1.2231272532986759,0.9080596914761866
6.172124812406204,0.42323453428697727,1.4501502476754813,0.7722111427511926,0.8868521719130661,1.226499488661049,0.9071069567014648
6.177364307153577,0.42239067392336077,1.4509698743023947,0.7688083483832295,0.886756968970277,1.2298289490283458,0.9061156552335043
6.182603801900951,0.42154681355974416,1.4517895009293083,0.7654055540152659,0.8866617660274879,1.2331584093956434,0.9051243537655437
6.1878432966483246,0.4207029531961277,1.4526091275562216,0.7620027596473028,0.8865665630846989,1.2364878697629405,0.9041330522975832
6.193082791395698,0.4198590928325112,1.453428754183135,0.7585999652793397,0.8864713601419099,1.2398173301302373,0.9031417508296229
6.198322286143072,0.4190152324688946,1.4542483808100486,0.7551971709113761,0.8863761571991208,1.2431467904975348,0.9021504493616622
6.203561780890445,0.41817137210527816,1.455068007436962,0.751794376543413,0.8862809542563318,1.246476250864832,0.9011591478937018
6.2088012756378195,0.41732751174166155,1.4558876340638756,0.7483915821754492,0.8861857513135427,1.2498057112321295,0.9001678464257412
6.214040770385193,0.41648365137804505,1.456707260690789,0.7449887878074861,0.8860905483707536,1.2531351715994266,0.8991765449577808
6.219280265132567,0.41563979101442844,1.4575268873177025,0.7415859934395225,0.8859953454279647,1.256464631966724,0.8981852434898201
6.22451975987994,0.4150732816098012,1.4574369528399065,0.7385138580050532,0.8858082716606176,1.259649468951856,0.8971435562399559
6.229759254627314,0.41467385109613136,1.4567990899857792,0.735640914699194,0.8855658540230549,1.2627471834176118,0.8960715161094265
6.234998749374688,0.41427442058246156,1.4561612271316522,0.7327679713933355,0.8853234363854923,1.2658448978833674,0.8949994759788972
6.240238244122062,0.4138749900687917,1.4555233642775252,0.7298950280874763,0.8850810187479295,1.2689426123491232,0.8939274358483678
6.245477738869435,0.4134755595551219,1.4548855014233981,0.7270220847816177,0.8848386011103668,1.2720403268148788,0.8928553957178386
6.250717233616808,0.4130761290414521,1.454247638569271,0.724149141475759,0.8845961834728042,1.2751380412806341,0.8917833555873094
6.255956728364183,0.4126766985277822,1.453609775715144,0.7212761981699,0.8843537658352415,1.2782357557463901,0.89071131545678
6.261196223111556,0.4122772680141124,1.452971912861017,0.7184032548640413,0.8841113481976789,1.2813334702121455,0.8896392753262506
6.26643571785893,0.4118778375004425,1.45233405000689,0.7155303115581823,0.8838689305601162,1.2844311846779015,0.8885672351957212
6.271675212606303,0.4114784069867727,1.451696187152763,0.7126573682523236,0.8836265129225535,1.2875288991436569,0.887495195065192
6.2769147073536775,0.4115070374805138,1.4502991806280503,0.7099342018851429,0.8834239252293408,1.2902088751585303,0.8864147925984168
6.282154202101051,0.4118163054811881,1.4484044782529129,0.7073092295275526,0.8832474501137518,1.292614981151663,0.8853289077701197
6.287393696848425,0.4121255734818624,1.4465097758777752,0.7046842571699617,0.8830709749981628,1.295021087144796,0.8842430229418224
6.292633191595798,0.4124348414825367,1.4446150735026377,0.7020592848123715,0.8828944998825738,1.2974271931379289,0.8831571381135254
6.2978726863431715,0.41274410948321094,1.4427203711275003,0.699434312454781,0.8827180247669848,1.2998332991310615,0.8820712532852282
6.303112181090546,0.41305337748388526,1.4408256687523626,0.6968093400971903,0.8825415496513958,1.3022394051241948,0.8809853684569309
6.308351675837919,0.41336264548455953,1.4389309663772252,0.6941843677396,0.8823650745358068,1.3046455111173274,0.8798994836286338
6.313591170585293,0.41367191348523386,1.4370362640020875,0.6915593953820092,0.8821885994202178,1.3070516171104607,0.8788135988003365
6.3188306653326665,0.4139811814859081,1.43514156162695,0.6889344230244189,0.8820121243046287,1.3094577231035933,0.8777277139720394
6.324070160080041,0.41429044948658245,1.4332468592518122,0.686309450666828,0.8818356491890397,1.3118638290967264,0.8766418291437421
6.329309654827414,0.41481923083088024,1.4318316684655836,0.6837986115240944,0.8816885189002027,1.3141064557862605,0.8755560556867793
6.334549149574788,0.4155044036560429,1.4307581039615815,0.6813690861739191,0.8815622952261334,1.3162326122423296,0.8744703615759173
6.339788644322161,0.41618957648120547,1.4296845394575797,0.6789395608237443,0.8814360715520639,1.3183587686983984,0.8733846674650554
6.3450281390695356,0.41687474930636814,1.4286109749535776,0.676510035473569,0.8813098478779946,1.3204849251544675,0.8722989733541934
6.350267633816909,0.4175599221315307,1.4275374104495757,0.6740805101233941,0.8811836242039252,1.3226110816105363,0.8712132792433315
6.355507128564282,0.41824509495669326,1.4264638459455736,0.6716509847732193,0.8810574005298558,1.324737238066605,0.8701275851324696
6.360746623311656,0.4189302677818559,1.4253902814415715,0.669221459423044,0.8809311768557864,1.3268633945226742,0.8690418910216076
6.36598611805903,0.41961544060701844,1.4243167169375697,0.6667919340728691,0.880804953181717,1.3289895509787428,0.8679561969107457
6.371225612806404,0.4203006134321811,1.4232431524335676,0.6643624087226938,0.8806787295076476,1.3311157074348121,0.8668705027998836
6.376465107553777,0.4209857862573437,1.4221695879295657,0.661932883372519,0.8805525058335782,1.3332418638908807,0.8657848086890217
6.381704602301151,0.4219319436836191,1.4210549383725013,0.6596564956886033,0.8804147063932207,1.3351518620906302,0.8646518043684244
6.3869440970485245,0.42307992920142135,1.4199085163744025,0.6574985344665955,0.8802679550269337,1.336894697905492,0.8634822134856319
6.392183591795899,0.4242279147192239,1.4187620943763033,0.6553405732445872,0.8801212036606467,1.338637533720354,0.8623126226028394
6.397423086543272,0.4253759002370262,1.4176156723782043,0.6531826120225792,0.8799744522943598,1.3403803695352159,0.8611430317200469
6.402662581290646,0.4265238857548287,1.416469250380105,0.651024650800571,0.8798277009280727,1.342123205350078,0.8599734408372542
6.407902076038019,0.427671871272631,1.415322828382006,0.6488666895785631,0.8796809495617858,1.34386604116494,0.8588038499544618
6.413141570785393,0.42881985679043333,1.414176406383907,0.6467087283565552,0.8795341981954988,1.3456088769798016,0.8576342590716693
6.418381065532767,0.4299678423082358,1.413029984385808,0.644550767134547,0.8793874468292118,1.3473517127946637,0.8564646681888768
6.42362056028014,0.43111582782603813,1.411883562387709,0.6423928059125391,0.8792406954629248,1.3490945486095256,0.8552950773060843
6.428860055027514,0.4322638133438406,1.4107371403896098,0.6402348446905308,0.8790939440966378,1.3508373844243877,0.8541254864232917
6.434099549774888,0.43344109520359597,1.4091765433691497,0.6381983175985608,0.8789563983948595,1.35243271933742,0.8530747166987669
6.439339044522262,0.4346429481888605,1.4072685737492896,0.6362636384866224,0.8788265735729918,1.3539043438166596,0.8521236034295632
6.444578539269635,0.43584480117412483,1.4053606041294298,0.6343289593746841,0.8786967487511241,1.3553759682958992,0.8511724901603597
6.449818034017009,0.4370466541593893,1.4034526345095697,0.6323942802627457,0.8785669239292563,1.356847592775139,0.850221376891156
6.4550575287643825,0.43824850714465363,1.4015446648897099,0.6304596011508075,0.8784370991073887,1.3583192172543785,0.8492702636219525
6.460297023511756,0.43945036012991795,1.39963669526985,0.6285249220388693,0.8783072742855209,1.3597908417336182,0.8483191503527489
6.46553651825913,0.4406522131151825,1.39772872564999,0.6265902429269308,0.8781774494636532,1.3612624662128578,0.8473680370835451
6.470776013006503,0.4418540661004468,1.3958207560301301,0.6246555638149927,0.8780476246417854,1.3627340906920975,0.8464169238143416
6.4760155077538775,0.4430559190857113,1.39391278641027,0.6227208847030542,0.8779177998199177,1.3642057151713372,0.8454658105451379
6.481255002501251,0.4442577720709756,1.3920048167904102,0.620786205591116,0.87778797499805,1.3656773396505768,0.8445146972759344
6.486494497248625,0.44559257090648674,1.389337145904238,0.6190685273281903,0.877640071157584,1.3666105223155758,0.8434420978644266
6.491733991995998,0.44704822960585805,1.3859788375032378,0.6175481225643673,0.8774757318456652,1.3670542124221745,0.8422590565053699
6.496973486743372,0.4485038883052296,1.382620529102237,0.6160277178005441,0.8773113925337462,1.3674979025287732,0.841076015146313
6.502212981490746,0.4499595470046009,1.3792622207012368,0.6145073130367211,0.8771470532218275,1.367941592635372,0.8398929737872564
6.50745247623812,0.4514152057039724,1.3759039123002361,0.6129869082728979,0.8769827139099086,1.3683852827419707,0.8387099324281996
6.512691970985493,0.45287086440334373,1.3725456038992359,0.6114665035090749,0.8768183745979897,1.3688289728485694,0.8375268910691429
6.517931465732866,0.45432652310271504,1.3691872954982356,0.609946098745252,0.876654035286071,1.3692726629551681,0.8363438497100862
6.523170960480241,0.4557821818020866,1.3658289870972347,0.6084256939814288,0.876489695974152,1.3697163530617669,0.8351608083510293
6.528410455227614,0.4572378405014579,1.3624706786962344,0.6069052892176058,0.8763253566622332,1.3701600431683656,0.8339777669919727
6.533649949974988,0.45869349920082947,1.3591123702952337,0.6053848844537826,0.8761610173503144,1.3706037332749643,0.8327947256329158
6.538889444722361,0.4603989366799497,1.3564960345137647,0.6039171163352582,0.8761214239636018,1.3708117640775896,0.8316380570635152
6.5441289394697355,0.46235042489733025,1.3546105971336244,0.6025011992404607,0.8762047146226148,1.370787652879286,0.8305073676600444
6.549368434217109,0.46430191311471053,1.3527251597534846,0.6010852821456635,0.8762880052816278,1.3707635416809822,0.8293766782565738
6.554607928964483,0.46625340133209114,1.3508397223733444,0.599669365050866,0.8763712959406408,1.3707394304826785,0.828245988853103
6.559847423711856,0.4682048895494714,1.3489542849932044,0.5982534479560686,0.8764545865996538,1.3707153192843748,0.8271152994496324
6.56508691845923,0.470156377766852,1.3470688476130641,0.5968375308612711,0.8765378772586667,1.3706912080860711,0.8259846100461616
6.570326413206604,0.47210786598423227,1.3451834102329243,0.5954216137664738,0.8766211679176797,1.3706670968877674,0.8248539206426909
6.575565907953977,0.47405935420161255,1.3432979728527843,0.5940056966716766,0.8767044585766927,1.3706429856894637,0.8237232312392203
6.580805402701351,0.47601084241899316,1.341412535472644,0.5925897795768791,0.8767877492357057,1.37061887449116,0.8225925418357496
6.5860448974487245,0.4779623306363734,1.3395270980925043,0.5911738624820818,0.8768710398947187,1.3705947632928563,0.821461852432279
6.591284392196099,0.4800501852516008,1.3374075849760028,0.5899815251309696,0.8769328351076638,1.3703399544255277,0.8203978901081009
6.596523886943472,0.48228359156608397,1.3350382293636969,0.5890278272990244,0.8769716869947543,1.3698389086679443,0.8194051494333238
6.601763381690846,0.4845169978805675,1.3326688737513905,0.5880741294670788,0.8770105388818447,1.369337862910361,0.8184124087585465
6.607002876438219,0.48675040419505067,1.3302995181390846,0.5871204316351335,0.8770493907689351,1.3688368171527778,0.8174196680837693
6.6122423711855935,0.4889838105095342,1.3279301625267783,0.5861667338031881,0.8770882426560254,1.3683357713951945,0.8164269274089919
6.617481865932967,0.49121721682401737,1.3255608069144724,0.5852130359712427,0.8771270945431158,1.367834725637611,0.8154341867342147
6.622721360680341,0.4934506231385009,1.323191451302166,0.5842593381392973,0.8771659464302062,1.3673336798800277,0.8144414460594375
6.627960855427714,0.49568402945298407,1.32082209568986,0.583305640307352,0.8772047983172966,1.3668326341224446,0.8134487053846603
6.633200350175088,0.4979174357674672,1.318452740077554,0.5823519424754067,0.877243650204387,1.3663315883648612,0.8124559647098831
6.638439844922462,0.5001508420819508,1.3160833844652478,0.5813982446434612,0.8772825020914774,1.3658305426072779,0.8114632240351058
6.643679339669835,0.5025960191053835,1.3137335526156804,0.5805295457741938,0.8774536846588445,1.3652104984032256,0.8104050283227011
6.648918834417209,0.5052861633272774,1.3114063050105775,0.5797591700293213,0.8777779416347481,1.3644528019421769,0.8092711170532568
6.6541583291645825,0.5079763075491707,1.309079057405475,0.5789887942844489,0.8781021986106516,1.3636951054811282,0.8081372057838129
6.659397823911957,0.5106664517710645,1.3067518098003723,0.5782184185395765,0.8784264555865553,1.3629374090200794,0.8070032945143686
6.66463731865933,0.5133565959929579,1.3044245621952697,0.5774480427947041,0.8787507125624588,1.3621797125590307,0.8058693832449245
6.669876813406704,0.5160467402148516,1.3020973145901669,0.5766776670498316,0.8790749695383624,1.361422016097982,0.8047354719754802
6.675116308154077,0.518736884436745,1.2997700669850645,0.5759072913049592,0.8793992265142659,1.3606643196369332,0.8036015607060362
6.680355802901451,0.5214270286586383,1.297442819379962,0.5751369155600868,0.8797234834901695,1.3599066231758845,0.8024676494365921
6.685595297648825,0.5241171728805322,1.2951155717748593,0.5743665398152142,0.8800477404660731,1.3591489267148358,0.8013337381671479
6.690834792396198,0.5268073171024256,1.2927883241697569,0.5735961640703419,0.8803719974419767,1.358391230253787,0.8001998268977039
6.696074287143572,0.529380440978098,1.289562827778818,0.5729579207790632,0.8807540811365743,1.3574529193730023,0.7991196073377372
6.701313781890946,0.5318067935720687,1.2852107142666622,0.5724854029380544,0.8812086932580082,1.3562880751522102,0.7981067299218614
6.70655327663832,0.5342331461660398,1.2808586007545057,0.5720128850970456,0.8816633053794423,1.3551232309314178,0.7970938525059854
6.711792771385693,0.5366594987600105,1.2765064872423502,0.571540367256037,0.8821179175008763,1.353958386710626,0.7960809750901096
6.717032266133067,0.5390858513539816,1.2721543737301937,0.5710678494150282,0.8825725296223104,1.3527935424898336,0.7950680976742335
6.7222717608804405,0.5415122039479523,1.2678022602180379,0.5705953315740195,0.8830271417437443,1.3516286982690415,0.7940552202583577
6.727511255627815,0.5439385565419234,1.2634501467058814,0.5701228137330107,0.8834817538651784,1.3504638540482492,0.7930423428424817
6.732750750375188,0.5463649091358941,1.2590980331937258,0.569650295892002,0.8839363659866124,1.349299009827457,0.7920294654266058
6.737990245122561,0.5487912617298648,1.25474591968157,0.5691777780509933,0.8843909781080463,1.348134165606665,0.79101658801073
6.7432297398699355,0.5512176143238359,1.2503938061694135,0.5687052602099846,0.8848455902294804,1.3469693213858727,0.790003710594854
6.748469234617309,0.5540549224447764,1.246631174828901,0.5683836351302094,0.8852752125014868,1.3457324734626657,0.7890843259971615
6.753708729364683,0.5574515191527176,1.2436707973314518,0.5682673670627639,0.8856708249192425,1.344397632334988,0.7882921801461088
6.758948224112056,0.5608481158606582,1.2407104198340033,0.5681510989953185,0.8860664373369982,1.3430627912073105,0.7875000342950562
6.76418771885943,0.5642447125685994,1.2377500423365544,0.568034830927873,0.886462049754754,1.3417279500796329,0.7867078884440035
6.769427213606804,0.56764130927654,1.234789664839106,0.5679185628604275,0.8868576621725096,1.3403931089519556,0.7859157425929509
6.774666708354178,0.5710379059844812,1.231829287341657,0.5678022947929819,0.8872532745902654,1.339058267824278,0.7851235967418982
6.779906203101551,0.5744345026924218,1.2288689098442083,0.5676860267255365,0.887648887008021,1.3377234266966005,0.7843314508908457
6.785145697848925,0.5778310994003629,1.2259085323467593,0.567569758658091,0.8880444994257767,1.336388585568923,0.783539305039793
6.790385192596299,0.5812276961083036,1.2229481548493109,0.5674534905906455,0.8884401118435324,1.3350537444412456,0.7827471591887404
6.795624687343672,0.5846242928162442,1.2199877773518624,0.5673372225232001,0.8888357242612881,1.3337189033135681,0.7819550133376878
6.800864182091046,0.5879480906067003,1.2169917437195459,0.5672777548150023,0.8893331511274183,1.3323568653127797,0.7811795313893442
6.806103676838419,0.5911642726060911,1.2139430010182957,0.5673022528552577,0.8899810863085366,1.3309546232386975,0.78042868303631
6.8113431715857935,0.5943804546054824,1.2108942583170446,0.5673267508955131,0.8906290214896551,1.3295523811646148,0.7796778346832756
6.816582666333167,0.597596636604873,1.2078455156157943,0.5673512489357686,0.8912769566707733,1.3281501390905326,0.7789269863302413
6.821822161080541,0.6008128186042644,1.2047967729145435,0.567375746976024,0.8919248918518918,1.32674789701645,0.7781761379772069
6.827061655827914,0.604029000603655,1.201748030213293,0.5674002450162794,0.8925728270330101,1.3253456549423674,0.7774252896241726
6.832301150575288,0.6072451826030464,1.1986992875120421,0.5674247430565348,0.8932207622141286,1.323943412868285,0.7766744412711382
6.837540645322662,0.610461364602437,1.1956505448107917,0.5674492410967902,0.8938686973952469,1.3225411707942025,0.7759235929181039
6.842780140070036,0.6136775466018284,1.1926018021095408,0.5674737391370456,0.8945166325763654,1.3211389287201198,0.7751727445650695
6.848019634817409,0.6168937286012192,1.1895530594082904,0.567498237177301,0.8951645677574837,1.3197366866460376,0.7744218962120352
6.8532591295647824,0.6201053589607947,1.1868098189994505,0.5676087268992789,0.8959016334826009,1.3183361626521608,0.7737286369474472
6.858498624312157,0.6233096709975308,1.184557778354878,0.5678574777565751,0.8967820071412068,1.316938401061752,0.7731279719034986
6.86373811905953,0.6265139830342663,1.182305737710306,0.5681062286138715,0.8976623807998125,1.3155406394713431,0.77252730685955
6.868977613806904,0.6297182950710023,1.1800536970657334,0.5683549794711678,0.8985427544584185,1.314142877880934,0.7719266418156012
6.874217108554277,0.6329226071077378,1.177801656421161,0.5686037303284641,0.8994231281170242,1.3127451162905253,0.7713259767716526
6.8794566033016515,0.636126919144474,1.1755496157765886,0.5688524811857605,0.9003035017756301,1.3113473547001164,0.770725311727704
6.884696098049025,0.6393312311812095,1.1732975751320165,0.5691012320430567,0.9011838754342358,1.3099495931097076,0.7701246466837554
6.889935592796399,0.6425355432179455,1.171045534487444,0.5693499829003531,0.9020642490928417,1.3085518315192985,0.7695239816398066
6.895175087543772,0.645739855254681,1.168793493842872,0.5695987337576494,0.9029446227514475,1.30715406992889,0.768923316595858
6.900414582291146,0.6489441672914166,1.1665414531982996,0.5698474846149456,0.9038249964100532,1.305756308338481,0.7683226515519095
6.90565407703852,0.6523374066513778,1.1640003657642253,0.5702338212243053,0.9047848901956457,1.3040574374074114,0.7677705863680321
6.910893571785893,0.6560615945637468,1.1609529480919893,0.5708611701165897,0.9058840813071316,1.3018311059761505,0.7673036547321419
6.916133066533267,0.6597857824761163,1.157905530419753,0.5714885190088741,0.9069832724186178,1.299604774544889,0.7668367230962516
6.9213725612806405,0.6635099703884851,1.154858112747517,0.5721158679011584,0.9080824635301038,1.2973784431136282,0.7663697914603613
6.926612056028015,0.6672341583008546,1.1518106950752807,0.5727432167934428,0.90918165464159,1.295152111682367,0.765902859824471
6.931851550775388,0.6709583462132235,1.1487632774030447,0.5733705656857271,0.9102808457530759,1.292925780251106,0.7654359281885809
6.937091045522762,0.674682534125593,1.1457158597308084,0.5739979145780115,0.911380036864562,1.2906994488198447,0.7649689965526905
6.942330540270135,0.6784067220379619,1.1426684420585724,0.5746252634702959,0.912479227976048,1.288473117388584,0.7645020649168003
6.94757003501751,0.6821309099503314,1.139621024386336,0.5752526123625803,0.9135784190875341,1.2862467859573226,0.76403513328091
6.952809529764883,0.6858550978627003,1.1365736067141001,0.5758799612548646,0.91467761019902,1.2840204545260616,0.7635682016450197
6.958049024512256,0.6897721501204153,1.133524656068356,0.5765857466885489,0.9157751419711105,1.2818449513917598,0.7631588715815534
6.96328851925963,0.6940580378414937,1.130472773750647,0.577441534851042,0.916869500408007,1.2797666527377736,0.7628596992697296
6.968528014007004,0.6983439255625712,1.1274208914329384,0.5782973230135349,0.9179638588449032,1.2776883540837878,0.7625605269579059
6.973767508754378,0.7026298132836495,1.1243690091152292,0.579153111176028,0.9190582172817995,1.2756100554298013,0.762261354646082
6.979007003501751,0.7069157010047271,1.1213171267975206,0.580008899338521,0.9201525757186957,1.2735317567758155,0.7619621823342584
6.984246498249125,0.7112015887258054,1.1182652444798116,0.580864687501014,0.9212469341555921,1.2714534581218293,0.7616630100224345
6.9894859929964985,0.715487476446883,1.115213362162103,0.581720475663507,0.9223412925924882,1.2693751594678433,0.7613638377106108
6.994725487743873,0.7197733641679613,1.1121614798443937,0.5825762638260001,0.9234356510293846,1.267296860813857,0.761064665398787
6.999964982491246,0.7240592518890389,1.1091095975266851,0.583432051988493,0.9245300094662808,1.2652185621598713,0.7607654930869633
7.00520447723862,0.7283451396101173,1.1060577152089761,0.5842878401509861,0.9256243679031771,1.263140263505885,0.7604663207751395
7.0104439719859934,0.7327223783278675,1.1031327019869797,0.5852230473641585,0.9267548032297748,1.2608832885868282,0.7601544774260656
7.015683466733367,0.7372908168060952,1.1004732287327528,0.5863244804973573,0.9279607483255149,1.2582523400897163,0.7598161133013517
7.020922961480741,0.7418592552843238,1.0978137554785254,0.5874259136305564,0.9291666934212551,1.2556213915926038,0.7594777491766377
7.026162456228114,0.7464276937625516,1.0951542822242986,0.5885273467637553,0.9303726385169953,1.252990443095492,0.7591393850519238
7.031401950975488,0.7509961322407801,1.0924948089700712,0.5896287798969543,0.9315785836127355,1.2503594945983794,0.7588010209272098
7.036641445722862,0.755564570719008,1.0898353357158443,0.5907302130301532,0.9327845287084756,1.2477285461012675,0.7584626568024959
7.041880940470236,0.7601330091972365,1.087175862461617,0.5918316461633522,0.9339904738042158,1.245097597604155,0.7581242926777819
7.047120435217609,0.7647014476754643,1.0845163892073901,0.592933079296551,0.935196418899956,1.242466649107043,0.757785928553068
7.052359929964983,0.7692698861536929,1.0818569159531626,0.59403451242975,0.9364023639956963,1.2398357006099305,0.757447564428354
7.057599424712357,0.7738383246319206,1.0791974426989357,0.5951359455629489,0.9376083090914363,1.2372047521128187,0.7571092003036402
7.06283891945973,0.7785368516295901,1.0766392809244774,0.5963311228895223,0.9388414587912708,1.2346083883385324,0.7568759163041224
7.068078414207104,0.7835342596884569,1.074313884367999,0.5977416794372375,0.9401371116310908,1.232091483679498,0.7568840560633201
7.073317908954477,0.788531667747323,1.0719884878115207,0.5991522359849525,0.9414327644709107,1.229574579020464,0.7568921958225179
7.0785574037018515,0.7935290758061898,1.0696630912550422,0.6005627925326676,0.9427284173107308,1.2270576743614297,0.7569003355817155
7.083796898449225,0.7985264838650559,1.0673376946985642,0.6019733490803826,0.9440240701505507,1.2245407697023958,0.7569084753409132
7.089036393196599,0.8035238919239227,1.0650122981420858,0.6033839056280977,0.9453197229903707,1.2220238650433615,0.756916615100111
7.094275887943972,0.8085212999827888,1.0626869015856077,0.6047944621758127,0.9466153758301905,1.2195069603843276,0.7569247548593087
7.099515382691346,0.8135187080416556,1.060361505029129,0.6062050187235278,0.9479110286700106,1.2169900557252933,0.7569328946185063
7.10475487743872,0.8185161161005217,1.058036108472651,0.6076155752712428,0.9492066815098305,1.2144731510662594,0.7569410343777041
7.109994372186094,0.8235135241593885,1.0557107119161726,0.6090261318189579,0.9505023343496505,1.211956246407225,0.7569491741369018
7.115233866933467,0.8285419473396975,1.0534614938481817,0.6105375898276751,0.9517680727413345,1.2094494505723739,0.7570394392815537
7.12047336168084,0.8336488689689682,1.0514050815121139,0.6123044267553888,0.9529580984589756,1.2069682399031532,0.7573375615964701
7.125712856428215,0.8387557905982397,1.0493486691760456,0.6140712636831028,0.9541481241766169,1.2044870292339318,0.7576356839113866
7.130952351175588,0.8438627122275104,1.0472922568399776,0.6158381006108165,0.9553381498942579,1.2020058185647111,0.757933806226303
7.136191845922962,0.8489696338567819,1.0452358445039094,0.6176049375385305,0.9565281756118992,1.19952460789549,0.7582319285412196
7.141431340670335,0.8540765554860525,1.0431794321678416,0.6193717744662441,0.9577182013295402,1.197043397226269,0.7585300508561359
7.1466708354177095,0.8591834771153241,1.0411230198317734,0.6211386113939582,0.9589082270471815,1.194562186557048,0.7588281731710524
7.151910330165083,0.8642903987445948,1.0390666074957056,0.6229054483216719,0.9600982527648226,1.1920809758878272,0.7591262954859689
7.157149824912457,0.8693973203738663,1.0370101951596373,0.6246722852493859,0.9612882784824639,1.1895997652186059,0.7594244178008853
7.16238931965983,0.8745042420031369,1.0349537828235693,0.6264391221770996,0.9624783042001049,1.1871185545493852,0.7597225401158018
7.1676288144072045,0.8795830744383549,1.0329680812236193,0.6282919815265314,0.963658336092595,1.1846462460634146,0.7600413416834316
7.172868309154578,0.8845832571302221,1.0311803696848,0.6303857036567729,0.9648103852746612,1.1821988636905467,0.7604180451586585
7.178107803901951,0.8895834398220894,1.0293926581459807,0.6324794257870143,0.9659624344567276,1.1797514813176786,0.7607947486338855
7.183347298649325,0.8945836225139575,1.027604946607161,0.634573147917256,0.967114483638794,1.1773040989448103,0.7611714521091126
7.1885867933966985,0.8995838052058247,1.0258172350683419,0.6366668700474976,0.9682665328208603,1.1748567165719421,0.7615481555843396
7.193826288144073,0.9045839878976928,1.0240295235295223,0.6387605921777393,0.9694185820029269,1.1724093341990736,0.7619248590595666
7.199065782891446,0.90958417058956,1.022241811990703,0.6408543143079807,0.9705706311849931,1.1699619518262057,0.7623015625347936
7.20430527763882,0.9145843532814281,1.0204541004518835,0.6429480364382225,0.9717226803670597,1.167514569453337,0.7626782660100208
7.209544772386193,0.9195845359732953,1.018666388913064,0.6450417585684639,0.9728747295491259,1.1650671870804692,0.7630549694852478
7.214784267133568,0.9245847186651633,1.0168786773742444,0.6471354806987057,0.9740267787311924,1.1626198047076006,0.7634316729604748
7.220023761880941,0.9296799768832875,1.0151969852784897,0.6492622178905809,0.9751929830633016,1.1601628142645775,0.7638696948684255
7.225263256628315,0.9350712434408929,1.013845374335368,0.6514917442434193,0.9764032580687404,1.157675910036122,0.7644986257112478
7.230502751375688,0.9404625099984972,1.0124937633922466,0.6537212705962573,0.977613533074179,1.155189005807667,0.7651275565540699
7.235742246123062,0.9458537765561016,1.011142152449125,0.6559507969490952,0.9788238080796177,1.152702101579212,0.7657564873968922
7.240981740870436,0.9512450431137068,1.0097905415060036,0.6581803233019335,0.9800340830850565,1.1502151973507568,0.7663854182397145
7.246221235617809,0.9566363096713112,1.008438930562882,0.6604098496547716,0.981244358090495,1.1477282931223018,0.7670143490825367
7.251460730365183,0.9620275762289164,1.0070873196197603,0.6626393760076099,0.9824546330959338,1.1452413888938464,0.7676432799253591
7.2567002251125565,0.9674188427865209,1.005735708676639,0.6648689023604479,0.9836649081013725,1.1427544846653914,0.7682722107681813
7.261939719859931,0.9728101093441262,1.0043840977335172,0.6670984287132863,0.9848751831068113,1.1402675804369362,0.7689011416110035
7.267179214607304,0.9782013759017305,1.0030324867903957,0.6693279550661242,0.9860854581122499,1.1377806762084812,0.7695300724538258
7.272418709354678,0.9836815585369912,1.0017297380748165,0.6716333816205619,0.9873243517350291,1.1353202028280203,0.7701775299105663
7.277658204102051,0.9894714488584667,1.0005971836349465,0.6742031796637156,0.9886629281822519,1.1329517919518095,0.7708895182697183
7.282897698849425,0.9952613391799421,0.9994646291950768,0.6767729777068693,0.9900015046294747,1.130583381075599,0.7716015066288702
7.288137193596799,1.0010512295014184,0.9983320747552067,0.6793427757500234,0.9913400810766978,1.128214970199388,0.7723134949880223
7.293376688344172,1.006841119822894,0.9971995203153369,0.6819125737931772,0.9926786575239206,1.1258465593231772,0.7730254833471742
7.298616183091546,1.0126310101443703,0.9960669658754668,0.6844823718363313,0.9940172339711436,1.1234781484469663,0.7737374717063263
7.30385567783892,1.0184209004658455,0.994934411435597,0.687052169879485,0.9953558104183664,1.1211097375707557,0.7744494600654783
7.309095172586294,1.024210790787322,0.993801856995727,0.6896219679226392,0.9966943868655895,1.1187413266945445,0.7751614484246304
7.314334667333667,1.0300006811087974,0.9926693025558571,0.6921917659657929,0.9980329633128123,1.116372915818334,0.7758734367837824
7.319574162081041,1.0357905714302738,0.991536748115987,0.6947615640089471,0.9993715397600353,1.114004504942123,0.7765854251429345
7.324813656828415,1.0415398566345382,0.9903201029944335,0.6973667847646521,1.0006820577978157,1.1115827073215434,0.7773600602001793
7.330053151575789,1.0471297291564192,0.9887733240855289,0.7001110724659295,1.0018824205985257,1.1089513172971446,0.7783806415536413
7.335292646323162,1.0527196016782991,0.9872265451766246,0.7028553601672064,1.0030827833992355,1.1063199272727462,0.7794012229071031
7.340532141070535,1.0583094742001793,0.9856797662677201,0.7055996478684833,1.0042831461999453,1.1036885372483478,0.7804218042605648
7.3457716358179095,1.0638993467220603,0.9841329873588155,0.7083439355697607,1.0054835090006553,1.101057147223949,0.7814423856140268
7.351011130565283,1.0694892192439405,0.9825862084499112,0.7110882232710376,1.006683871801365,1.0984257571995506,0.7824629669674885
7.356250625312657,1.0750790917658213,0.9810394295410065,0.713832510972315,1.007884234602075,1.0957943671751518,0.7834835483209505
7.36149012006003,1.0806689642877014,0.9794926506321022,0.7165767986735919,1.0090845974027849,1.0931629771507534,0.7845041296744123
7.366729614807404,1.0862588368095825,0.9779458717231976,0.7193210863748694,1.010284960203495,1.0905315871263546,0.7855247110278741
7.371969109554778,1.0918487093314626,0.9763990928142933,0.7220653740761462,1.0114853230042047,1.0879001971019562,0.786545292381336
7.377208604302152,1.0974282390675079,0.9748272839567,0.7248250007510791,1.0126801604201934,1.0853355736466699,0.7875828200801419
7.382448099049525,1.1029615804722859,0.9731436975200318,0.7276531275001447,1.01385032283044,1.0830691132260506,0.7886960259787035
7.387687593796899,1.1084949218770648,0.9714601110833633,0.7304812542492106,1.015020485240687,1.080802652805431,0.7898092318772651
7.392927088544273,1.1140282632818426,0.9697765246466951,0.733309380998276,1.0161906476509337,1.0785361923848118,0.7909224377758266
7.398166583291646,1.1195616046866206,0.968092938210027,0.7361375077473415,1.0173608100611802,1.0762697319641925,0.7920356436743882
7.40340607803902,1.1250949460913995,0.9664093517733584,0.7389656344964075,1.018530972471427,1.074003271543573,0.7931488495729498
7.408645572786393,1.1306282874961775,0.9647257653366902,0.7417937612454729,1.0197011348816738,1.0717368111229537,0.7942620554715113
7.4138850675337675,1.1361616289009564,0.9630421789000218,0.7446218879945389,1.0208712972919207,1.0694703507023342,0.795375261370073
7.419124562281141,1.1416949703057344,0.9613585924633535,0.7474500147436044,1.0220414597021672,1.067203890281715,0.7964884672686344
7.424364057028515,1.1472283117105133,0.9596750060266851,0.7502781414926702,1.0232116221124141,1.0649374298610954,0.7976016731671961
7.429603551775888,1.1527782274956169,0.9580282797605665,0.7531871062346216,1.0243680751450897,1.0626614875520861,0.7987579956164057
7.4348430465232624,1.1584133100965481,0.9565709580631175,0.7565114538938632,1.0254540830683998,1.060336822924272,0.8001358708027915
7.440082541270636,1.1640483926974783,0.9551136363656689,0.7598358015531044,1.02654009099171,1.0580121582964583,0.801513745989177
7.44532203601801,1.1696834752984095,0.9536563146682201,0.763160149212346,1.02762609891502,1.0556874936686442,0.8028916211755628
7.450561530765383,1.17531855789934,0.9521989929707715,0.7664844968715872,1.02871210683833,1.0533628290408303,0.8042694963619483
7.4558010255127565,1.1809536405002703,0.9507416712733229,0.7698088445308282,1.02979811476164,1.0510381644130167,0.8056473715483338
7.461040520260131,1.1865887231012016,0.949284349575874,0.7731331921900699,1.03088412268495,1.0487134997852026,0.8070252467347195
7.466280015007504,1.192223805702132,0.9478270278784254,0.776457539849311,1.0319701306082603,1.046388835157389,0.8084031219211051
7.471519509754878,1.1978588883030632,0.9463697061809766,0.7797818875085527,1.0330561385315704,1.0440641705295748,0.8097809971074909
7.476759004502251,1.2034939709039933,0.944912384483528,0.7831062351677939,1.0341421464548803,1.0417395059017611,0.8111588722938764
7.481998499249626,1.2091346209840805,0.9434729958549493,0.7864015721144438,1.0352101372286189,1.0394529830863954,0.8125614118008709
7.487237993996999,1.2148086759391008,0.9421412056395917,0.7895228447855439,1.0361700251049275,1.0373953111457208,0.8141119372315174
7.492477488744373,1.2204827308941222,0.9408094154242339,0.7926441174566444,1.0371299129812364,1.0353376392050457,0.8156624626621642
7.497716983491746,1.2261567858491427,0.9394776252088763,0.7957653901277444,1.038089800857545,1.0332799672643709,0.8172129880928107
7.50295647823912,1.2318308408041632,0.9381458349935188,0.7988866627988443,1.0390496887338536,1.0312222953236962,0.8187635135234573
7.508195972986494,1.2375048957591845,0.936814044778161,0.8020079354699449,1.0400095766101625,1.0291646233830212,0.820314038954104
7.513435467733867,1.2431789507142048,0.9354822545628034,0.8051292081410448,1.040969464486471,1.0271069514423465,0.8218645643847506
7.518674962481241,1.2488530056692262,0.9341504643474456,0.8082504808121453,1.04192935236278,1.0250492795016715,0.8234150898153973
7.5239144572286145,1.2545270606242467,0.9328186741320881,0.8113717534832453,1.0428892402390886,1.0229916075609966,0.824965615246044
7.529153951975989,1.260201115579268,0.9314868839167303,0.8144930261543458,1.0438491281153974,1.0209339356203215,0.8265161406766907
7.534393446723362,1.2658736565531108,0.9301669409608024,0.8176212195665129,1.0448038734549439,1.0188893773710608,0.8280783608121152
7.539632941470736,1.2715353833756857,0.9289316212865152,0.8207988468434458,1.0457218863890456,1.0169384883461845,0.8297241145530962
7.544872436218109,1.2771971101982595,0.927696301612228,0.8239764741203782,1.0466398993231472,1.0149875993213084,0.831369868294077
7.550111930965484,1.2828588370208345,0.9264609819379408,0.8271541013973112,1.047557912257249,1.0130367102964322,0.8330156220350581
7.555351425712857,1.2885205638434083,0.9252256622636537,0.8303317286742435,1.0484759251913507,1.0110858212715563,0.8346613757760389
7.56059092046023,1.2941822906659823,0.9239903425893666,0.8335093559511759,1.0493939381254522,1.0091349322466803,0.8363071295170198
7.565830415207604,1.299844017488557,0.9227550229150794,0.8366869832281087,1.050311951059554,1.007184043221804,0.8379528832580009
7.571069909954978,1.305505744311131,0.9215197032407922,0.8398646105050411,1.0512299639936555,1.0052331541969282,0.8395986369989816
7.576309404702352,1.311167471133706,0.920284383566505,0.8430422377819741,1.0521479769277573,1.0032822651720519,0.8412443907399627
7.581548899449725,1.3168291979562798,0.919049063892218,0.8462198650589065,1.053065989861859,1.0013313761471758,0.8428901444809436
7.586788394197099,1.3225089139064121,0.9178025669211679,0.8494185643479004,1.0539776762157778,0.9993965345408476,0.84456698486217
7.592027888944473,1.328345705653263,0.9164584730661905,0.852801258278792,1.0548341207232197,0.9976018142964755,0.8465152646874881
7.597267383691847,1.3341824974001153,0.915114379211213,0.8561839522096842,1.0556905652306616,0.9958070940521032,0.8484635445128065
7.60250687843922,1.3400192891469664,0.9137702853562356,0.8595666461405758,1.0565470097381036,0.9940123738077311,0.8504118243381247
7.607746373186594,1.3458560808938185,0.912426191501258,0.8629493400714681,1.0574034542455455,0.9922176535633588,0.8523601041634431
7.6129858679339675,1.3516928726406696,0.9110820976462806,0.8663320340023596,1.0582598987529874,0.9904229333189868,0.8543083839887612
7.618225362681341,1.3575296643875208,0.9097380037913032,0.8697147279332512,1.0591163432604294,0.9886282130746147,0.8562566638140794
7.623464857428715,1.3633664561343728,0.9083939099363256,0.8730974218641434,1.0599727877678715,0.9868334928302424,0.8582049436393978
7.628704352176088,1.369203247881224,0.9070498160813483,0.876480115795035,1.0608292322753132,0.9850387725858704,0.860153223464716
7.633943846923462,1.3750400396280762,0.9057057222263707,0.8798628097259272,1.0616856767827554,0.983244052341498,0.8621015032900344
7.639183341670836,1.380794061773656,0.9043665014426933,0.8832473531335154,1.0625303352897872,0.981455820610597,0.8640596689625121
7.64442283641821,1.385630093796048,0.9030813274497966,0.8866524089190114,1.0632442763377274,0.9797395523927379,0.866127477667123
7.649662331165583,1.390466125818439,0.9017961534569003,0.8900574647045069,1.0639582173856674,0.9780232841748792,0.8681952863717335
7.654901825912957,1.3953021578408311,0.9005109794640037,0.8934625204900027,1.0646721584336074,0.9763070159570201,0.8702630950763444
7.660141320660331,1.4001381898632221,0.8992258054711074,0.8968675762754982,1.0653860994815474,0.9745907477391613,0.8723309037809549
7.665380815407704,1.4049742218856134,0.897940631478211,0.9002726320609936,1.0661000405294874,0.9728744795213026,0.8743987124855654
7.670620310155078,1.4098102539080053,0.8966554574853145,0.9036776878464896,1.0668139815774276,0.9711582113034435,0.8764665211901764
7.675859804902451,1.4146462859303963,0.8953702834924181,0.9070827436319849,1.0675279226253676,0.9694419430855847,0.878534329894787
7.6810992996498255,1.4194823179527882,0.8940851094995216,0.9104877994174809,1.0682418636733075,0.9677256748677256,0.8806021385993978
7.686338794397199,1.4243183499751795,0.8927999355066252,0.9138928552029764,1.0689558047212475,0.9660094066498669,0.8826699473040084
7.691578289144573,1.4291713608310979,0.8915466403788755,0.9172878459741153,1.0696629023558577,0.9642950834431226,0.8847337100193154
7.696817783891946,1.4342783750365695,0.890770253073723,0.9205322641304726,1.0702676225270513,0.962609857602657,0.8867369447346368
7.70205727863932,1.4393853892420423,0.8899938657685704,0.9237766822868304,1.0708723426982452,0.9609246317621912,0.8887401794499585
7.707296773386694,1.444492403447514,0.8892174784634178,0.9270211004431878,1.0714770628694388,0.9592394059217257,0.89074341416528
7.712536268134068,1.4495994176529865,0.8884410911582652,0.9302655185995455,1.0720817830406326,0.9575541800812599,0.8927466488806017
7.717775762881441,1.4547064318584584,0.8876647038531127,0.9335099367559029,1.0726865032118262,0.9558689542407943,0.8947498835959231
7.7230152576288145,1.45981344606393,0.8868883165479602,0.9367543549122602,1.0732912233830199,0.9541837284003287,0.8967531183112446
7.728254752376189,1.4649204602694028,0.8861119292428075,0.939998773068618,1.0738959435542137,0.9524985025598629,0.8987563530265663
7.733494247123562,1.4700274744748745,0.885335541937655,0.9432431912249754,1.0745006637254073,0.9508132767193974,0.9007595877418877
7.738733741870936,1.4751344886803472,0.8845591546325023,0.9464876093813331,1.0751053838966012,0.9491280508789316,0.9027628224572095
7.743973236618309,1.4801977687102326,0.8838294350457947,0.9497414014126674,1.0757066953977599,0.9474437245275806,0.90477050872545
7.749212731365684,1.4842783160887048,0.8841483665441439,0.9532058299287788,1.0762314120781318,0.9457796102257477,0.906878224006344
7.754452226113057,1.4883588634671763,0.884467298042493,0.9566702584448896,1.0767561287585037,0.9441154959239152,0.9089859392872377
7.759691720860431,1.4924394108456485,0.8847862295408423,0.9601346869610009,1.0772808454388756,0.9424513816220822,0.9110936545681316
7.764931215607804,1.4965199582241198,0.8851051610391915,0.9635991154771117,1.0778055621192473,0.9407872673202496,0.9132013698490253
7.7701707103551785,1.500600505602592,0.8854240925375407,0.9670635439932231,1.0783302787996192,0.9391231530184168,0.9153090851299193
7.775410205102552,1.5046810529810635,0.8857430240358899,0.9705279725093339,1.078854995479991,0.9374590387165841,0.917416800410813
7.780649699849925,1.508761600359535,0.886061955534239,0.9739924010254447,1.079379712160363,0.9357949244147514,0.9195245156917067
7.785889194597299,1.5128421477380072,0.8863808870325882,0.977456829541556,1.079904428840735,0.9341308101129185,0.9216322309726006
7.7911286893446725,1.5169226951164787,0.8866998185309374,0.9809212580576668,1.0804291455211066,0.932466695811086,0.9237399462534943
7.796368184092047,1.520995423081307,0.8870126400046028,0.9843798975400361,1.0809508303968833,0.9308079520057968,0.9258517711946741
7.80160767883942,1.5247293097882362,0.8870606937419715,0.9875876788935801,1.0813411370735309,0.9293819297174027,0.9281416814149046
7.806847173586794,1.5284631964951658,0.8871087474793402,0.9907954602471248,1.0817314437501786,0.9279559074290084,0.9304315916351356
7.812086668334167,1.532197083202095,0.8871568012167088,0.994003241600669,1.0821217504268261,0.9265298851406143,0.9327215018553661
7.817326163081542,1.535930969909025,0.8872048549540775,0.9972110229542136,1.0825120571034736,0.92510386285222,0.9350114120755969
7.822565657828915,1.539664856615954,0.8872529086914462,1.0004188043077578,1.0829023637801214,0.9236778405638258,0.9373013222958274
7.827805152576289,1.543398743322884,0.887300962428815,1.0036265856613025,1.083292670456769,0.9222518182754316,0.9395912325160584
7.833044647323662,1.547132630029813,0.8873490161661836,1.0068343670148465,1.0836829771334164,0.9208257959870374,0.9418811427362889
7.838284142071036,1.5508665167367421,0.8873970699035523,1.0100421483683906,1.0840732838100642,0.9193997736986433,0.9441710529565194
7.84352363681841,1.554600403443672,0.887445123640921,1.0132499297219353,1.0844635904867117,0.9179737514102491,0.9464609631767502
7.848763131565783,1.5583316722731644,0.8874908434085833,1.0164577499145422,1.0848533421418176,0.9165475219265484,0.9487510976505827
7.854002626313157,1.561021025882828,0.8866076432331456,1.0196810280541122,1.0850221952233003,0.9150388287108495,0.951130485058019
7.8592421210605306,1.5637103794924911,0.8857244430577078,1.0229043061936818,1.0851910483047833,0.9135301354951508,0.9535098724654548
7.864481615807905,1.5663997331021549,0.8848412428822701,1.0261275843332518,1.085359901386266,0.912021442279452,0.9558892598728911
7.869721110555278,1.5690890867118181,0.8839580427068324,1.0293508624728214,1.085528754467749,0.9105127490637533,0.9582686472803269
7.874960605302652,1.5717784403214818,0.8830748425313947,1.0325741406123914,1.0856976075492317,0.9090040558480545,0.9606480346877632
7.8802001000500255,1.574467793931145,0.882191642355957,1.035797418751961,1.0858664606307147,0.9074953626323559,0.963027422095199
7.885439594797399,1.5771571475408082,0.8813084421805194,1.0390206968915303,1.0860353137121974,0.9059866694166573,0.9654068095026348
7.890679089544773,1.5798465011504719,0.8804252420050815,1.0422439750311006,1.0862041667936804,0.9044779762009584,0.9677861969100711
7.895918584292146,1.5825358547601351,0.8795420418296439,1.04546725317067,1.086373019875163,0.9029692829852597,0.9701655843175069
7.90115807903952,1.5852252083697989,0.8786588416542062,1.0486905313102401,1.086541872956646,0.9014605897695609,0.9725449717249431
7.906397573786894,1.5881282304482318,0.8780613680180381,1.051745395023773,1.0866890153476922,0.9001419667840076,0.9748025722805623
7.911637068534268,1.5910350680350362,0.8774689966414998,1.0547972513368415,1.0868357700478377,0.8988267379097067,0.9770579980709708
7.916876563281641,1.5939419056218402,0.8768766252649616,1.0578491076499095,1.0869825247479832,0.897511509035406,0.9793134238613791
7.922116058029015,1.5968487432086447,0.8762842538884232,1.060900963962978,1.0871292794481289,0.8961962801611051,0.9815688496517876
7.927355552776389,1.5997555807954487,0.875691882511885,1.0639528202760462,1.0872760341482743,0.8948810512868044,0.9838242754421959
7.932595047523763,1.6026624183822529,0.8750995111353467,1.0670046765891146,1.0874227888484198,0.8935658224125035,0.9860797012326044
7.937834542271136,1.6055692559690569,0.8745071397588084,1.0700565329021827,1.0875695435485655,0.8922505935382028,0.9883351270230126
7.943074037018509,1.6084760935558609,0.8739147683822702,1.0731083892152506,1.087716298248711,0.8909353646639021,0.9905905528134208
7.9483135317658835,1.6113829311426653,0.873322397005732,1.0761602455283192,1.0878630529488564,0.8896201357896012,0.9928459786038294
7.953553026513257,1.6142897687294693,0.8727300256291938,1.0792121018413874,1.088009807649002,0.8883049069153005,0.9951014043942376
7.958792521260631,1.6165143074471764,0.8725214875462165,1.082549716498247,1.0881739080765054,0.8871728567626201,0.9974527604679791
7.964032016008004,1.6187121938653093,0.872327942951269,1.0858984935904106,1.0883386860714837,0.8860479620287534,0.999807863818413
7.969271510755378,1.6209100802834424,0.8721343983563216,1.0892472706825747,1.088503464066462,0.8849230672948862,1.0021629671688475
7.974511005502752,1.623107966701575,0.8719408537613741,1.092596047774738,1.0886682420614402,0.8837981725610194,1.0045180705192813
7.979750500250126,1.6253058531197082,0.8717473091664266,1.0959448248669021,1.0888330200564185,0.8826732778271523,1.0068731738697156
7.984989994997499,1.627503739537841,0.8715537645714792,1.0992936019590658,1.0889977980513967,0.8815483830932855,1.0092282772201495
7.990229489744873,1.6297016259559742,0.8713602199765317,1.1026423790512299,1.089162576046375,0.8804234883594184,1.0115833805705838
7.995468984492247,1.631899512374107,0.8711666753815842,1.1059911561433933,1.089327354041353,0.8792985936255516,1.0139384839210177
8.00070847923962,1.6340973987922396,0.8709731307866367,1.1093399332355567,1.0894921320363313,0.8781736988916847,1.0162935872714516
8.005947973986993,1.6362952852103725,0.8707795861916893,1.1126887103277203,1.0896569100313096,0.8770488041578179,1.0186486906218857
8.011187468734368,1.6376221152078507,0.8702803794220543,1.1158520061983328,1.0897975124558783,0.8760549285610344,1.0210342006809032
8.016426963481742,1.638895662498746,0.8697624752321594,1.119003956143158,1.0899366360556613,0.875069067432743,1.0234215707247534
8.021666458229115,1.6401692097896414,0.8692445710422645,1.1221559060879829,1.0900757596554442,0.8740832063044517,1.0258089407686037
8.026905952976488,1.6414427570805366,0.8687266668523695,1.125307856032808,1.0902148832552272,0.8730973451761603,1.028196310812454
8.032145447723863,1.6427163043714323,0.8682087626624745,1.1284598059776343,1.0903540068550102,0.8721114840478686,1.0305836808563051
8.037384942471236,1.6439898516623277,0.8676908584725795,1.1316117559224592,1.090493130454793,0.8711256229195773,1.0329710509001555
8.04262443721861,1.645263398953223,0.8671729542826847,1.1347637058672844,1.0906322540545759,0.8701397617912859,1.0353584209440057
8.047863931965983,1.6465369462441182,0.8666550500927898,1.1379156558121093,1.0907713776543588,0.8691539006629946,1.037745790987856
8.053103426713356,1.6478104935350135,0.8661371459028948,1.1410676057569344,1.0909105012541418,0.8681680395347032,1.0401331610317064
8.058342921460731,1.6490840408259093,0.8656192417129998,1.1442195557017607,1.0910496248539248,0.8671821784064115,1.0425205310755574
8.063582416208105,1.649888226216877,0.8643161454564429,1.1467790884798226,1.0910822127750774,0.8665077294858865,1.0448820527101719
8.068821910955478,1.650652872969536,0.8629469053029661,1.149288716550902,1.091105826223302,0.8658595136589504,1.0472413968972694
8.074061405702851,1.6514175197221947,0.8615776651494895,1.1517983446219815,1.0911294396715265,0.8652112978320142,1.0496007410843669
8.079300900450226,1.6521821664748537,0.8602084249960125,1.1543079726930618,1.091153053119751,0.8645630820050779,1.051960085271465
8.0845403951976,1.6529468132275127,0.8588391848425357,1.1568176007641413,1.0911766665679756,0.8639148661781417,1.0543194294585625
8.089779889944973,1.6537114599801714,0.8574699446890591,1.1593272288352208,1.0912002800162002,0.8632666503512056,1.0566787736456598
8.095019384692346,1.6544761067328302,0.8561007045355825,1.1618368569063002,1.0912238934644247,0.8626184345242695,1.0590381178327573
8.100258879439721,1.6552407534854894,0.8547314643821055,1.1643464849773806,1.0912475069126493,0.8619702186973331,1.0613974620198554
8.105498374187095,1.6560054002381481,0.8533622242286287,1.16685611304846,1.091271120360874,0.8613220028703971,1.063756806206953
8.110737868934468,1.6567700469908069,0.8519929840751521,1.1693657411195395,1.0912947338090986,0.8606737870434609,1.0661161503940504
8.115977363681841,1.6567040329044553,0.8514520245199747,1.1719732741252225,1.0912855362349612,0.8600604429960509,1.0683797518722802
8.121216858429214,1.6565480305605442,0.8510007953629463,1.174591413498821,1.0912727841334013,0.8594508767247562,1.070632981223716
8.12645635317659,1.656392028216633,0.8505495662059176,1.17720955287242,1.0912600320318415,0.8588413104534613,1.0728862105751529
8.131695847923963,1.6562360258727218,0.8500983370488892,1.1798276922460185,1.0912472799302817,0.8582317441821666,1.0751394399265888
8.136935342671336,1.6560800235288107,0.8496471078918607,1.1824458316196167,1.0912345278287219,0.8576221779108719,1.0773926692780247
8.14217483741871,1.6559240211848998,0.8491958787348323,1.1850639709932151,1.091221775727162,0.8570126116395772,1.0796458986294608
8.147414332166084,1.6557680188409885,0.8487446495778036,1.1876821103668143,1.0912090236256022,0.8564030453682824,1.0818991279808974
8.152653826913458,1.6556120164970773,0.8482934204207752,1.1903002497404127,1.0911962715240424,0.8557934790969877,1.0841523573323333
8.157893321660831,1.6554560141531662,0.8478421912637467,1.1929183891140112,1.0911835194224826,0.855183912825693,1.0864055866837694
8.163132816408204,1.6553000118092551,0.8473909621067183,1.1955365284876094,1.0911707673209228,0.8545743465543983,1.0886588160352053
8.168372311155577,1.6545534630338126,0.8479142319392987,1.1975928723803344,1.0911776074549522,0.8539702666319924,1.0908711780162017
8.173611805902953,1.6537280628882505,0.8485676195346966,1.1995742038082842,1.0911870635977108,0.8533669192618526,1.0930780832744413
8.178851300650326,1.6529026627426886,0.8492210071300942,1.2015555352362333,1.0911965197404696,0.852763571891713,1.09528498853268
8.1840907953977,1.6520772625971265,0.8498743947254919,1.2035368666641824,1.0912059758832284,0.8521602245215735,1.0974918937909188
8.189330290145072,1.6512518624515646,0.8505277823208894,1.2055181980921315,1.091215432025987,0.8515568771514339,1.0996987990491578
8.194569784892447,1.6504264623060025,0.8511811699162873,1.2074995295200812,1.0912248881687459,0.8509535297812941,1.1019057043073974
8.19980927963982,1.6496010621604407,0.8518345575116849,1.2094808609480303,1.0912343443115045,0.8503501824111546,1.1041126095656362
8.205048774387194,1.6487756620148788,0.8524879451070826,1.2114621923759794,1.0912438004542633,0.849746835041015,1.106319514823875
8.210288269134567,1.647950261869317,0.8531413327024802,1.2134435238039285,1.0912532565970219,0.8491434876708754,1.1085264200821139
8.21552776388194,1.6471248617237548,0.8537947202978778,1.2154248552318776,1.0912627127397807,0.8485401403007359,1.1107333253403526
8.220767258629316,1.6458279084632972,0.8543703457652402,1.2171421729540208,1.091089995321766,0.8481993420560593,1.112776839673479
8.226006753376689,1.6444555615362142,0.8549335383342247,1.2188172791825027,1.0908881513170001,0.8479005211424889,1.1147942304575313
8.231246248124062,1.6430832146091312,0.8554967309032092,1.2204923854109844,1.0906863073122341,0.8476017002289185,1.1168116212415835
8.236485742871436,1.6417108676820482,0.8560599234721936,1.222167491639466,1.0904844633074682,0.8473028793153481,1.118829012025636
8.24172523761881,1.6403385207549648,0.8566231160411782,1.2238425978679484,1.0902826193027022,0.8470040584017776,1.120846402809689
8.246964732366184,1.6389661738278818,0.8571863086101628,1.2255177040964302,1.0900807752979362,0.8467052374882071,1.122863793593741
8.252204227113557,1.6375938269007988,0.8577495011791472,1.227192810324912,1.0898789312931703,0.8464064165746368,1.1248811843777935
8.25744372186093,1.6362214799737158,0.8583126937481317,1.2288679165533936,1.0896770872884043,0.8461075956610663,1.1268985751618457
8.262683216608306,1.6348491330466322,0.8588758863171163,1.2305430227818759,1.089475243283638,0.8458087747474958,1.1289159659458987
8.267922711355679,1.6334767861195492,0.8594390788861008,1.2322181290103575,1.0892733992788721,0.8455099538339254,1.130933356729951
8.273162206103052,1.631598015528964,0.8593967483887521,1.2337464605908839,1.0889707596728124,0.8450624046169306,1.1328795013338326
8.278401700850425,1.6296242905014722,0.859240882316466,1.2352472719249183,1.08864922089151,0.8445869688430436,1.1348122872789324
8.283641195597799,1.6276505654739801,0.8590850162441798,1.236748083258953,1.0883276821102077,0.8441115330691568,1.136745073224032
8.288880690345174,1.6256768404464876,0.8589291501718936,1.2382488945929881,1.0880061433289052,0.8436360972952697,1.1386778591691324
8.294120185092547,1.6237031154189958,0.8587732840996075,1.2397497059270226,1.0876846045476027,0.8431606615213827,1.1406106451142322
8.29935967983992,1.6217293903915038,0.8586174180273214,1.2412505172610573,1.0873630657663003,0.8426852257474958,1.142543431059332
8.304599174587294,1.619755665364012,0.8584615519550353,1.2427513285950917,1.087041526984998,0.842209789973609,1.1444762170044318
8.309838669334669,1.6177819403365195,0.858305685882749,1.2442521399291269,1.0867199882036953,0.8417343541997219,1.1464090029495322
8.315078164082042,1.6158082153090276,0.8581498198104629,1.2457529512631615,1.086398449422393,0.8412589184258349,1.148341788894632
8.320317658829415,1.6138344902815356,0.8579939537381768,1.247253762597196,1.0860769106410906,0.840783482651948,1.1502745748397316
8.325557153576788,1.6117302822604869,0.8578989463582654,1.248446078657067,1.0857605649441278,0.8405224276046149,1.1520366951554397
8.330796648324162,1.609597829445101,0.8578171126587156,1.2495716167764943,1.0854453433599334,0.8403077781413832,1.1537618726062493
8.336036143071537,1.6074653766297144,0.8577352789591658,1.250697154895922,1.085130121775739,0.8400931286781516,1.1554870500570595
8.34127563781891,1.6053329238143288,0.8576534452596161,1.2518226930153493,1.0848149001915446,0.83987847921492,1.1572122275078691
8.346515132566283,1.603200470998943,0.8575716115600663,1.2529482311347766,1.0844996786073504,0.8396638297516884,1.1589374049586787
8.351754627313657,1.6010680181835573,0.8574897778605165,1.2540737692542039,1.084184457023156,0.8394491802884568,1.1606625824094883
8.356994122061032,1.5989355653681707,0.8574079441609667,1.2551993073736316,1.0838692354389616,0.8392345308252251,1.1623877598602983
8.362233616808405,1.5968031125527848,0.8573261104614169,1.256324845493059,1.0835540138547672,0.8390198813619935,1.1641129373111079
8.367473111555778,1.594670659737399,0.8572442767618672,1.2574503836124862,1.083238792270573,0.8388052318987619,1.1658381147619175
8.372712606303152,1.5925382069220133,0.8571624430623174,1.2585759217319135,1.0829235706863787,0.8385905824355303,1.167563292212727
8.377952101050525,1.5896204815432062,0.8573943155507188,1.259561417869235,1.0826793998391364,0.838376513494248,1.1692320779033358
8.3831915957979,1.5865088920003034,0.8577036342542707,1.2605123411422248,1.0824527696425794,0.8381625878693219,1.1708869418781456
8.388431090545273,1.5833973024574017,0.8580129529578224,1.2614632644152142,1.0822261394460222,0.8379486622443958,1.1725418058529546
8.393670585292647,1.5802857129145003,0.8583222716613741,1.2624141876882036,1.0819995092494652,0.8377347366194697,1.174196669827764
8.39891008004002,1.5771741233715986,0.8586315903649259,1.2633651109611927,1.081772879052908,0.8375208109945437,1.175851533802573
8.404149574787395,1.574062533828696,0.8589409090684778,1.2643160342341826,1.0815462488563508,0.8373068853696175,1.1775063977773828
8.409389069534768,1.5709509442857943,0.8592502277720295,1.265266957507172,1.0813196186597938,0.8370929597446914,1.179161261752192
8.414628564282141,1.5678393547428926,0.8595595464755813,1.2662178807801614,1.0810929884632365,0.8368790341197653,1.1808161257270011
8.419868059029515,1.564727765199991,0.859868865179133,1.2671688040531506,1.0808663582666795,0.8366651084948392,1.1824709897018104
8.42510755377689,1.5616161756570883,0.8601781838826849,1.2681197273261404,1.0806397280701223,0.8364511828699132,1.1841258536766202
8.430347048524263,1.5586362533432776,0.8603343155539775,1.268938344597485,1.0804323727306409,0.8362606358690523,1.1856594782991676
8.435586543271636,1.5556930459298863,0.8604477316105058,1.2697200688491401,1.0802303921109209,0.8360766079075943,1.1871592957946422
8.44082603801901,1.552749838516495,0.8605611476670341,1.2705017931007954,1.0800284114912007,0.8358925799461363,1.1886591132901168
8.446065532766383,1.5498066311031038,0.8606745637235623,1.2712835173524504,1.0798264308714807,0.8357085519846783,1.1901589307855913
8.451305027513758,1.5468634236897116,0.8607879797800906,1.2720652416041058,1.0796244502517607,0.8355245240232203,1.1916587482810663
8.456544522261131,1.5439202162763204,0.8609013958366188,1.272846965855761,1.0794224696320407,0.8353404960617623,1.193158565776541
8.461784017008505,1.540977008862929,0.8610148118931471,1.273628690107416,1.0792204890123207,0.8351564681003043,1.1946583832720155
8.467023511755878,1.538033801449538,0.8611282279496754,1.2744104143590713,1.0790185083926007,0.8349724401388463,1.19615820076749
8.472263006503253,1.5350905940361457,0.8612416440062036,1.2751921386107268,1.0788165277728805,0.8347884121773882,1.197658018262965
8.477502501250626,1.5321473866227544,0.8613550600627319,1.275973862862382,1.0786145471531605,0.8346043842159302,1.1991578357584396
8.482741995998,1.5291703435998567,0.861387230953706,1.2764590433656924,1.0783780339386726,0.8345439533788873,1.2005496381124412
8.487981490745373,1.526182726948988,0.8613940127304444,1.276851553947645,1.0781307292883195,0.834522146643224,1.2019076857347326
8.493220985492746,1.5231951102981194,0.8614007945071827,1.2772440645295977,1.0778834246379665,0.8345003399075608,1.203265733357024
8.498460480240121,1.5202074936472498,0.8614075762839211,1.2776365751115506,1.0776361199876134,0.8344785331718975,1.2046237809793157
8.503699974987494,1.5172198769963812,0.8614143580606595,1.2780290856935033,1.0773888153372606,0.8344567264362341,1.205981828601607
8.508939469734868,1.5142322603455125,0.8614211398373978,1.278421596275456,1.0771415106869076,0.8344349197005709,1.2073398762238985
8.514178964482241,1.5112446436946438,0.8614279216141362,1.2788141068574086,1.0768942060365545,0.8344131129649076,1.20869792384619
8.519418459229616,1.508257027043774,0.8614347033908746,1.2792066174393615,1.0766469013862014,0.8343913062292443,1.2100559714684818
8.52465795397699,1.5052694103929056,0.861441485167613,1.2795991280213141,1.0763995967358486,0.8343694994935811,1.211414019090773
8.529897448724363,1.502281793742037,0.8614482669443513,1.2799916386032668,1.0761522920854956,0.8343476927579178,1.2127720667130644
8.535136943471736,1.4991424267610742,0.861290102091775,1.2800090467125218,1.075862122436674,0.8344108264042117,1.2139279357685493
8.540376438219111,1.495950254766598,0.8610745402702141,1.2798959292991827,1.075557036926899,0.8345035170077407,1.2150134521470712
8.545615932966484,1.4927580827721227,0.8608589784486534,1.2797828118858439,1.075251951417124,0.8345962076112698,1.216098968525593
8.550855427713858,1.4895659107776473,0.8606434166270927,1.2796696944725048,1.074946865907349,0.8346888982147989,1.2171844849041147
8.55609492246123,1.4863737387831721,0.8604278548055319,1.2795565770591657,1.0746417803975739,0.8347815888183279,1.2182700012826364
8.561334417208604,1.483181566788697,0.8602122929839712,1.2794434596458268,1.074336694887799,0.8348742794218569,1.2193555176611581
8.56657391195598,1.4799893947942206,0.8599967311624103,1.2793303422324878,1.0740316093780238,0.834966970025386,1.2204410340396803
8.571813406703352,1.4767972227997455,0.8597811693408496,1.2792172248191487,1.0737265238682487,0.835059660628915,1.221526550418202
8.577052901450726,1.4736050508052703,0.8595656075192888,1.2791041074058098,1.073421438358474,0.835152351232444,1.2226120667967237
8.582292396198099,1.470412878810795,0.859350045697728,1.2789909899924707,1.0731163528486989,0.835245041835973,1.2236975831752455
8.587531890945474,1.4669724845059795,0.8593981970479532,1.2788145511123798,1.0728424602903026,0.8354424015439245,1.2246802816776294
8.592771385692847,1.4634364211857218,0.859547987849804,1.2786137070836447,1.0725805900152503,0.8356801024692053,1.2256233524569184
8.59801088044022,1.4599003578654641,0.859697778651655,1.2784128630549099,1.0723187197401982,0.8359178033944861,1.2265664232362072
8.603250375187594,1.4563642945452067,0.8598475694535058,1.278212019026175,1.072056849465146,0.8361555043197669,1.227509494015496
8.608489869934967,1.452828231224949,0.8599973602553568,1.2780111749974399,1.0717949791900938,0.8363932052450477,1.228452564794785
8.613729364682342,1.44929216790469,0.8601471510572077,1.277810330968705,1.0715331089150415,0.8366309061703285,1.2293956355740743
8.618968859429716,1.4457561045844325,0.8602969418590586,1.2776094869399701,1.0712712386399892,0.8368686070956094,1.230338706353363
8.624208354177089,1.4422200412641748,0.8604467326609095,1.277408642911235,1.071009368364937,0.8371063080208901,1.2312817771326519
8.629447848924462,1.4386839779439171,0.8605965234627604,1.2772077988825001,1.0707474980898848,0.837344008946171,1.2322248479119409
8.634687343671837,1.4351479146236583,0.8607463142646113,1.277006954853765,1.0704856278148327,0.8375817098714519,1.23316791869123
8.63992683841921,1.4319868223686587,0.8613877215627105,1.276466145884882,1.0701372768958475,0.8378623669566307,1.2339504526617977
8.645166333166584,1.4289850928163936,0.8622380658717149,1.2757808518164362,1.069752171703191,0.8381612804097665,1.2346647584886588
8.650405827913957,1.4259833632641288,0.8630884101807194,1.27509555774799,1.0693670665105346,0.838460193862902,1.2353790643155198
8.65564532266133,1.4229816337118637,0.8639387544897238,1.2744102636795442,1.0689819613178781,0.8387591073160376,1.2360933701423809
8.660884817408705,1.4199799041595977,0.8647890987987286,1.2737249696110982,1.0685968561252215,0.8390580207691735,1.2368076759692421
8.666124312156079,1.4169781746073327,0.865639443107733,1.2730396755426523,1.068211750932565,0.8393569342223091,1.2375219817961034
8.671363806903452,1.4139764450550678,0.8664897874167374,1.2723543814742062,1.0678266457399084,0.8396558476754448,1.2382362876229644
8.676603301650825,1.4109747155028027,0.867340131725742,1.2716690874057603,1.067441540547252,0.8399547611285804,1.2389505934498255
8.6818427963982,1.4079729859505368,0.8681904760347466,1.2709837933373143,1.0670564353545953,0.8402536745817161,1.2396648992766868
8.687082291145574,1.4049712563982717,0.8690408203437512,1.2702984992688682,1.0666713301619388,0.8405525880348518,1.2403792051035478
8.692321785892947,1.4013323303207694,0.8699841890531843,1.2695902494671873,1.0663236415690285,0.8409910158207728,1.2409769907832784
8.69756128064032,1.397395889689204,0.8709709919495825,1.2688712813635914,1.0659934232267347,0.8414945844900165,1.2415203718354884
8.702800775387695,1.3934594490576373,0.8719577948459809,1.2681523132599952,1.0656632048844408,0.8419981531592603,1.2420637528876985
8.708040270135069,1.389523008426072,0.872944597742379,1.2674333451563995,1.065332986542147,0.842501721828504,1.2426071339399085
8.713279764882442,1.3855865677945065,0.8739314006387772,1.2667143770528035,1.0650027681998533,0.8430052904977476,1.2431505149921183
8.718519259629815,1.381650127162941,0.8749182035351752,1.2659954089492078,1.0646725498575595,0.8435088591669914,1.2436938960443282
8.723758754377188,1.3777136865313755,0.8759050064315733,1.2652764408456119,1.0643423315152658,0.844012427836235,1.2442372770965382
8.728998249124563,1.3737772458998088,0.8768918093279717,1.2645574727420157,1.0640121131729718,0.8445159965054788,1.2447806581487484
8.734237743871937,1.3698408052682434,0.8778786122243699,1.26383850463842,1.063681894830678,0.8450195651747225,1.2453240392009584
8.73947723861931,1.365904364636678,0.878865415120768,1.263119536534824,1.0633516764883844,0.8455231338439662,1.2458674202531683
8.744716733366683,1.3625854446374566,0.8797296217262207,1.2622435641909284,1.0630166898134665,0.8460689968289391,1.246300035074664
8.749956228114058,1.3595823022343194,0.8805311370465311,1.2612873055877885,1.0626792647866383,0.8466364875890011,1.2466760080736357
8.755195722861432,1.3565791598311832,0.8813326523668412,1.2603310469846487,1.0623418397598101,0.847203978349063,1.2470519810726073
8.760435217608805,1.3535760174280471,0.8821341676871514,1.259374788381509,1.0620044147329821,0.8477714691091248,1.2474279540715787
8.765674712356178,1.3505728750249109,0.8829356830074614,1.2584185297783692,1.061666989706154,0.8483389598691866,1.24780392707055
8.770914207103552,1.3475697326217748,0.8837371983277715,1.2574622711752295,1.061329564679326,0.8489064506292484,1.2481799000695217
8.776153701850927,1.3445665902186374,0.8845387136480819,1.2565060125720893,1.0609921396524977,0.8494739413893104,1.2485558730684934
8.7813931965983,1.3415634478155014,0.885340228968392,1.2555497539689495,1.0606547146256695,0.8500414321493723,1.2489318460674648
8.786632691345673,1.3385603054123651,0.8861417442887022,1.2545934953658098,1.0603172895988415,0.8506089229094341,1.2493078190664364
8.791872186093046,1.335557163009229,0.8869432596090123,1.25363723676267,1.0599798645720133,0.8511764136694959,1.2496837920654078
8.797111680840421,1.3319156715037261,0.8875837483845073,1.2526280468559339,1.0596253271594467,0.8516454660421564,1.249766926187944
8.802351175587795,1.327917602179325,0.8881342887384842,1.25158928985383,1.0592612308751588,0.8520595313468542,1.2496864823443465
8.807590670335168,1.3239195328549243,0.8886848290924612,1.2505505328517261,1.0588971345908709,0.852473596651552,1.2496060385007488
8.812830165082541,1.3199214635305232,0.8892353694464381,1.2495117758496221,1.0585330383065832,0.8528876619562498,1.2495255946571513
8.818069659829915,1.3159233942061224,0.889785909800415,1.2484730188475182,1.0581689420222953,0.8533017272609474,1.2494451508135538
8.82330915457729,1.31192532488172,0.8903364501543922,1.247434261845414,1.0578048457380074,0.8537157925656454,1.2493647069699563
8.828548649324663,1.3079272555573191,0.8908869905083692,1.24639550484331,1.0574407494537195,0.8541298578703431,1.2492842631263585
8.833788144072036,1.3039291862329183,0.8914375308623461,1.2453567478412062,1.0570766531694316,0.8545439231750409,1.249203819282761
8.83902763881941,1.2999311169085173,0.8919880712163231,1.2443179908391022,1.0567125568851439,0.8549579884797387,1.2491233754391635
8.844267133566785,1.295933047584115,0.8925386115703002,1.243279233836998,1.056348460600856,0.8553720537844366,1.249042931595566
8.849506628314158,1.2921401339249532,0.8932228632005439,1.242168172276014,1.0560974850017486,0.8558409078329349,1.248977820648995
8.854746123061531,1.2884721335942229,0.8939885277449661,1.2410130865682927,1.055915385303699,0.8563431211568923,1.248922045458275
8.859985617808904,1.2848041332634927,0.8947541922893881,1.2398580008605713,1.0557332856056494,0.8568453344808497,1.248866270267555
8.86522511255628,1.281136132932761,0.8955198568338105,1.2387029151528495,1.0555511859075997,0.8573475478048072,1.248810495076835
8.870464607303653,1.277468132602031,0.8962855213782327,1.237547829445128,1.05536908620955,0.8578497611287645,1.248754719886115
8.875704102051026,1.2738001322713006,0.8970511859226549,1.2363927437374067,1.0551869865115002,0.8583519744527219,1.248698944695395
8.8809435967984,1.2701321319405705,0.8978168504670769,1.2352376580296853,1.0550048868134505,0.8588541877766793,1.248643169504675
8.886183091545773,1.2664641316098402,0.8985825150114991,1.234082572321964,1.0548227871154008,0.8593564011006367,1.248587394313955
8.891422586293148,1.2627961312791087,0.8993481795559215,1.2329274866142421,1.054640687417351,0.8598586144245942,1.248531619123235
8.896662081040521,1.2591281309483786,0.9001138441003437,1.2317724009065207,1.0544585877193016,0.8603608277485516,1.248475843932515
8.901901575787894,1.2557135312182952,0.9012426880641898,1.2303610934859615,1.0542229234364435,0.8608611353892778,1.2482148366040564
8.907141070535268,1.2524668093861402,0.9026121383934044,1.2287800391806472,1.0539517726161503,0.8613601805148633,1.2478178629843464
8.912380565282643,1.2492200875539843,0.9039815887226194,1.2271989848753324,1.0536806217958568,0.8618592256404489,1.2474208893646361
8.917620060030016,1.2459733657218295,0.9053510390518339,1.225617930570018,1.0534094709755633,0.8623582707660343,1.2470239157449259
8.92285955477739,1.2427266438896745,0.9067204893810483,1.2240368762647038,1.05313832015527,0.8628573158916198,1.2466269421252159
8.928099049524763,1.2394799220575197,0.9080899397102629,1.2224558219593895,1.0528671693349765,0.8633563610172054,1.2462299685055056
8.933338544272136,1.2362332002253646,0.9094593900394774,1.2208747676540752,1.0525960185146832,0.8638554061427908,1.2458329948857956
8.93857803901951,1.2329864783932087,0.9108288403686924,1.2192937133487602,1.0523248676943897,0.8643544512683764,1.2454360212660853
8.943817533766884,1.2297397565610537,0.9121982906979068,1.217712659043446,1.0520537168740962,0.8648534963939619,1.245039047646375
8.949057028514257,1.226493034728899,0.9135677410271213,1.2161316047381316,1.051782566053803,0.8653525415195474,1.244642074026665
8.95429652326163,1.223254707843773,0.9147044304915034,1.2145609404815136,1.0514509734605415,0.8659984925596312,1.2441845739035133
8.959536018009006,1.2200224238731021,0.9156735722643902,1.2129977552685685,1.0510758732117387,0.8667501905295483,1.2436835051334878
8.964775512756379,1.2167901399024321,0.9166427140372765,1.211434570055624,1.0507007729629356,0.867501888499465,1.2431824363634625
8.970015007503752,1.2135578559317624,0.9176118558101629,1.2098713848426794,1.0503256727141328,0.8682535864693817,1.2426813675934372
8.975254502251126,1.2103255719610926,0.9185809975830492,1.2083081996297347,1.04995057246533,0.8690052844392984,1.2421802988234116
8.980493996998499,1.2070932879904228,0.9195501393559357,1.2067450144167902,1.0495754722165271,0.8697569824092152,1.2416792300533863
8.985733491745874,1.203861004019752,0.9205192811288223,1.205181829203845,1.049200371967724,0.8705086803791321,1.2411781612833608
8.990972986493247,1.200628720049082,0.9214884229017086,1.2036186439909005,1.0488252717189213,0.8712603783490488,1.2406770925133355
8.99621248124062,1.1973964360784122,0.922457564674595,1.202055458777956,1.0484501714701184,0.8720120763189656,1.2401760237433102
9.001451975987994,1.1941641521077424,0.9234267064474814,1.2004922735650112,1.0480750712213154,0.8727637742888823,1.2396749549732846
9.006691470735369,1.1909572731221454,0.9243196212764961,1.1987840203092646,1.0476863472001194,0.8735902896005611,1.2390591305677021
9.011930965482742,1.1877702417811382,0.9251529838056106,1.1969624326450796,1.0472869796067417,0.8744752559604909,1.238353653321841
9.017170460230115,1.184583210440131,0.9259863463347251,1.195140844980895,1.0468876120133637,0.8753602223204209,1.2376481760759799
9.022409954977489,1.1813961790991239,0.9268197088638396,1.19331925731671,1.046488244419986,0.8762451886803507,1.2369426988301186
9.027649449724864,1.1782091477581156,0.9276530713929544,1.1914976696525246,1.046088876826608,0.8771301550402809,1.2362372215842574
9.032888944472237,1.1750221164171086,0.9284864339220689,1.1896760819883396,1.04568950923323,0.8780151214002108,1.2355317443383962
9.03812843921961,1.1718350850761015,0.9293197964511833,1.1878544943241547,1.0452901416398521,0.8789000877601407,1.2348262670925352
9.043367933966984,1.1686480537350943,0.9301531589802978,1.18603290665997,1.0448907740464743,0.8797850541200706,1.234120789846674
9.048607428714357,1.165461022394087,0.9309865215094123,1.184211318995785,1.0444914064530963,0.8806700204800004,1.2334153126008127
9.053846923461732,1.162273991053079,0.931819884038527,1.1823897313315996,1.0440920388597184,0.8815549868399306,1.2327098353549515
9.059086418209105,1.1590000193685879,0.9323008422450231,1.1805932427333006,1.0437275362305944,0.8824306295095219,1.231873371992585
9.064325912956479,1.1556523898930895,0.9324832356781896,1.178818018621377,1.0433925719739638,0.8832983729414651,1.2309259342815129
9.069565407703852,1.1523047604175911,0.9326656291113562,1.1770427945094535,1.043057607717333,0.8841661163734083,1.2299784965704408
9.074804902451227,1.1489571309420918,0.9328480225445228,1.1752675703975295,1.042722643460702,0.8850338598053518,1.2290310588593683
9.0800443971986,1.1456095014665935,0.9330304159776894,1.173492346285606,1.0423876792040712,0.8859016032372949,1.2280836211482962
9.085283891945974,1.142261871991095,0.933212809410856,1.1717171221736826,1.0420527149474403,0.8867693466692381,1.227136183437224
9.090523386693347,1.1389142425155967,0.9333952028440226,1.169941898061759,1.0417177506908095,0.8876370901011813,1.226188745726152
9.09576288144072,1.1355666130400985,0.9335775962771892,1.1681666739498355,1.041382786434179,0.8885048335331245,1.22524130801508
9.101002376188095,1.132218983564599,0.9337599897103558,1.1663914498379115,1.0410478221775479,0.8893725769650679,1.2242938703040074
9.106241870935468,1.1288713540891007,0.9339423831435224,1.164616225725988,1.040712857920917,0.8902403203970111,1.2233464325929353
9.111481365682842,1.1255550168356037,0.9347176691785327,1.1628083938168905,1.0403887337977649,0.8911793826627781,1.2223520187596941
9.116720860430215,1.1222674142667326,0.9360373902469667,1.1609706191709648,1.0400745638356432,0.8921839348192199,1.2213144681988846
9.12196035517759,1.1189798116978604,0.9373571113154013,1.1591328445250384,1.0397603938735216,0.893188486975662,1.2202769176380748
9.127199849924963,1.1156922091289894,0.9386768323838355,1.1572950698791125,1.0394462239114002,0.8941930391321038,1.219239367077265
9.132439344672337,1.1124046065601183,0.9399965534522695,1.1554572952331867,1.0391320539492785,0.8951975912885455,1.2182018165164554
9.13767883941971,1.1091170039912472,0.9413162745207037,1.153619520587261,1.0388178839871571,0.8962021434449873,1.2171642659556459
9.142918334167083,1.1058294014223762,0.9426359955891377,1.1517817459413353,1.0385037140250355,0.8972066956014291,1.2161267153948363
9.148157828914458,1.1025417988535042,0.9439557166575723,1.149943971295409,1.0381895440629139,0.8982112477578712,1.2150891648340263
9.153397323661832,1.0992541962846332,0.9452754377260064,1.148106196649483,1.0378753741007922,0.899215799914313,1.2140516142732167
9.158636818409205,1.095966593715762,0.9465951587944404,1.1462684220035573,1.0375612041386708,0.9002203520707548,1.2130140637124072
9.163876313156578,1.0928598842620003,0.9477354468506543,1.1444184725781366,1.0372719378301407,0.9012590586903588,1.2119029243920778
9.169115807903953,1.0899331634577714,0.9486971990597091,1.1425564092471177,1.0370074506569342,0.9023317490008098,1.2107185642560256
9.174355302651326,1.0870064426535433,0.9496589512687635,1.1406943459160992,1.0367429634837277,0.9034044393112605,1.209534204119974
9.1795947973987,1.0840797218493152,0.9506207034778181,1.138832282585081,1.0364784763105213,0.9044771296217111,1.2083498439839222
9.184834292146073,1.0811530010450874,0.9515824556868726,1.1369702192540627,1.0362139891373146,0.9055498199321618,1.2071654838478705
9.190073786893448,1.0782262802408582,0.9525442078959274,1.1351081559230436,1.035949501964108,0.9066225102426128,1.2059811237118183
9.195313281640821,1.0752995594366304,0.9535059601049819,1.1332460925920254,1.0356850147909016,0.9076952005530634,1.2047967635757666
9.200552776388195,1.0723728386324023,0.9544677123140364,1.1313840292610071,1.035420527617695,0.908767890863514,1.2036124034397149
9.205792271135568,1.0694461178281742,0.9554294645230909,1.1295219659299887,1.0351560404444886,0.9098405811739646,1.2024280433036632
9.211031765882941,1.0665193970239462,0.9563912167321453,1.1276599025989704,1.0348915532712821,0.9109132714844153,1.2012436831676114
9.216271260630316,1.0636413451516595,0.9577748499031672,1.125703123052977,1.0345897953705487,0.9119627169115414,1.2000029577306712
9.22151075537769,1.0608157644716243,0.9596133234863086,1.1236442275877152,1.034247854966701,0.9129871014488328,1.1987014634537114
9.226750250125063,1.0579901837915888,0.96145179706945,1.1215853321224531,1.033905914562853,0.914011485986124,1.1973999691767514
9.231989744872436,1.0551646031115534,0.9632902706525914,1.1195264366571913,1.0335639741590052,0.9150358705234153,1.1960984748997916
9.237229239619811,1.052339022431517,0.9651287442357335,1.1174675411919288,1.0332220337551574,0.9160602550607069,1.1947969806228314
9.242468734367185,1.0495134417514815,0.9669672178188748,1.115408645726667,1.0328800933513096,0.9170846395979982,1.1934954863458715
9.247708229114558,1.0466878610714463,0.9688056914020163,1.113349750261405,1.0325381529474618,0.9181090241352895,1.1921939920689117
9.252947723861931,1.0438622803914108,0.9706441649851577,1.111290854796143,1.032196212543614,0.9191334086725808,1.1908924977919517
9.258187218609304,1.0410366997113754,0.9724826385682991,1.1092319593308813,1.031854272139766,0.920157793209872,1.189591003514992
9.26342671335668,1.038211119031339,0.9743211121514411,1.1071730638656188,1.031512331735918,0.9211821777471637,1.1882895092380317
9.268666208104053,1.0355036564352027,0.9759514562049605,1.1051582178941193,1.0311837710088625,0.9222173346965051,1.1869865861418711
9.273905702851426,1.0329342122523182,0.9773386054276717,1.1031948427984832,1.0308708441432761,0.9232650789751444,1.185681993501536
9.2791451975988,1.0303647680694334,0.978725754650383,1.1012314677028474,1.0305579172776898,0.9243128232537836,1.1843774008612007
9.284384692346174,1.0277953238865478,0.9801129038730947,1.099268092607211,1.0302449904121032,0.9253605675324232,1.183072808220865
9.289624187093548,1.0252258797036633,0.9815000530958059,1.097304717511575,1.0299320635465168,0.9264083118110624,1.1817682155805298
9.294863681840921,1.0226564355207786,0.9828872023185171,1.095341342415939,1.0296191366809304,0.9274560560897016,1.1804636229401944
9.300103176588294,1.0200869913378938,0.9842743515412284,1.0933779673203032,1.029306209815344,0.9285038003683409,1.1791590302998591
9.30534267133567,1.0175175471550084,0.9856615007639401,1.0914145922246667,1.0289932829497577,0.9295515446469804,1.1778544376595235
9.310582166083043,1.0149481029721237,0.9870486499866513,1.089451217129031,1.0286803560841713,0.9305992889256197,1.1765498450191882
9.315821660830416,1.012378658789239,0.9884357992093625,1.0874878420333949,1.028367429218585,0.9316470332042589,1.175245252378853
9.32106115557779,1.0098353639598463,0.9897622412387057,1.0854612333046454,1.028009359576651,0.9327334811128084,1.1738435204541842
9.326300650325162,1.0073252015499352,0.9910117644946336,1.0833545046884845,1.0275940919851405,0.9338689682797099,1.1723187086408426
9.331540145072537,1.0048150391400232,0.9922612877505618,1.081247776072323,1.02717882439363,0.9350044554466118,1.1707938968275007
9.33677963981991,1.002304876730112,0.9935108110064896,1.079141047456162,1.0267635568021196,0.9361399426135134,1.1692690850141592
9.342019134567284,0.9997947143202007,0.9947603342624175,1.0770343188400011,1.026348289210609,0.9372754297804149,1.1677442732008176
9.347258629314657,0.9972845519102895,0.9960098575183454,1.0749275902238402,1.0259330216190987,0.9384109169473165,1.1662194613874763
9.352498124062032,0.9947743895003776,0.9972593807742737,1.0728208616076786,1.0255177540275882,0.9395464041142184,1.1646946495741344
9.357737618809406,0.9922642270904664,0.9985089040302015,1.0707141329915177,1.0251024864360776,0.94068189128112,1.1631698377607929
9.362977113556779,0.9897540646805552,0.9997584272861294,1.0686074043753568,1.0246872188445673,0.9418173784480215,1.1616450259474513
9.368216608304152,0.987243902270644,1.0010079505420573,1.0665006757591962,1.0242719512530567,0.9429528656149231,1.1601202141341098
9.373456103051526,0.9850241674604044,1.0023668128214969,1.0644518280418005,1.0237819980844447,0.9441408632703416,1.1585827764573113
9.3786955977989,0.9832037705997128,1.0038760162582656,1.0624825665602062,1.0231893522473177,0.9454010628474714,1.1570279782182593
9.383935092546274,0.9813833737390217,1.005385219695034,1.0605133050786126,1.0225967064101906,0.9466612624246008,1.1554731799792075
9.389174587293647,0.9795629768783307,1.0068944231318022,1.058544043597019,1.0220040605730638,0.9479214620017301,1.153918381740156
9.39441408204102,0.9777425800176397,1.0084036265685705,1.0565747821154257,1.021411414735937,0.9491816615788595,1.1523635835011041
9.399653576788396,0.975922183156948,1.0099128300053393,1.0546055206338314,1.0208187688988097,0.9504418611559893,1.1508087852620519
9.404893071535769,0.974101786296257,1.0114220334421076,1.0526362591522378,1.020226123061683,0.9517020607331187,1.1492539870230003
9.410132566283142,0.972281389435566,1.0129312368788757,1.0506669976706444,1.019633477224556,0.952962260310248,1.1476991887839485
9.415372061030515,0.9704609925748748,1.014440440315644,1.0486977361890508,1.0190408313874293,0.9542224598873774,1.146144390544897
9.420611555777889,0.9686405957141838,1.0159496437524123,1.0467284747074572,1.0184481855503023,0.9554826594645067,1.1445895923058451
9.425851050525264,0.9667017110916641,1.0174315389956556,1.0447770785911155,1.0178745712743134,0.9567528281441099,1.1430522430441743
9.431090545272637,0.9645858353749147,1.0188726426248202,1.0428523688641196,1.0173293853927743,0.958037888170532,1.1415409581924676
9.43633004002001,0.9624699596581653,1.0203137462539846,1.040927659137124,1.0167841995112354,0.9593229481969543,1.1400296733407609
9.441569534767384,0.9603540839414157,1.021754849883149,1.0390029494101283,1.0162390136296966,0.9606080082233764,1.138518388489054
9.446809029514759,0.9582382082246657,1.023195953512314,1.037078239683132,1.0156938277481575,0.961893068249799,1.1370071036373468
9.452048524262132,0.9561223325079161,1.0246370571414785,1.0351535299561363,1.0151486418666185,0.9631781282762213,1.13549581878564
9.457288019009505,0.9540064567911667,1.026078160770643,1.0332288202291404,1.0146034559850796,0.9644631883026434,1.1339845339339332
9.462527513756879,0.9518905810744173,1.0275192643998075,1.0313041105021448,1.0140582701035408,0.9657482483290657,1.1324732490822265
9.467767008504254,0.9497747053576671,1.0289603680289725,1.0293794007751484,1.0135130842220017,0.9670333083554883,1.130961964230519
9.473006503251627,0.9476588296409176,1.030401471658137,1.0274546910481528,1.0129678983404626,0.9683183683819104,1.1294506793788124
9.478245997999,0.9457160247544032,1.0316230213938402,1.025500876797248,1.0124404410824301,0.9695017782625931,1.1278763842655255
9.483485492746373,0.9440544599670205,1.0324877960526697,1.0234997676949913,1.0119417928375953,0.9705200066564491,1.1261996974771704
9.488724987493747,0.9423928951796379,1.033352570711499,1.0214986585927344,1.0114431445927605,0.971538235050305,1.1245230106888155
9.493964482241122,0.9407313303922546,1.0342173453703287,1.0194975494904768,1.0109444963479255,0.9725564634441614,1.12284632390046
9.499203976988495,0.939069765604872,1.035082120029158,1.01749644038822,1.0104458481030905,0.9735746918380173,1.1211696371121052
9.504443471735868,0.9374082008174893,1.0359468946879873,1.0154953312859631,1.0099471998582557,0.9745929202318732,1.1194929503237503
9.509682966483242,0.9357466360301067,1.0368116693468168,1.0134942221837062,1.0094485516134208,0.9756111486257292,1.1178162635353954
9.514922461230617,0.9340850712427234,1.0376764440056463,1.0114931130814488,1.0089499033685858,0.9766293770195854,1.11613957674704
9.52016195597799,0.9324235064553408,1.0385412186644758,1.009492003979192,1.008451255123751,0.9776476054134413,1.114462889958685
9.525401450725363,0.9307619416679582,1.039405993323305,1.007490894876935,1.0079526068789162,0.9786658338072973,1.1127862031703302
9.530640945472737,0.9291258596861052,1.0401032998412068,1.0055415492751034,1.007488316937892,0.9797160688564289,1.1111070937733005
9.53588044022011,0.9275349035057108,1.0405040481928827,1.0036838682052744,1.007084869826533,0.9808229823576112,1.109423694340076
9.541119934967485,0.9259439473253158,1.0409047965445586,1.001826187135445,1.0066814227151735,0.981929895858794,1.1077402949068507
9.546359429714858,0.9243529911449215,1.0413055448962345,0.9999685060656162,1.0062779756038143,0.9830368093599763,1.106056895473626
9.551598924462231,0.9227620349645271,1.0417062932479102,0.9981108249957873,1.0058745284924548,0.9841437228611586,1.1043734960404015
9.556838419209605,0.9211710787841327,1.0421070415995861,0.9962531439259584,1.0054710813810956,0.9852506363623409,1.1026900966071769
9.56207791395698,0.9195801226037379,1.042507789951262,0.9943954628561289,1.0050676342697362,0.9863575498635236,1.1010066971739516
9.567317408704353,0.9179891664233435,1.042908538302938,0.9925377817863,1.004664187158377,0.987464463364706,1.099323297740727
9.572556903451726,0.9163982102429491,1.0433092866546136,0.9906801007164712,1.0042607400470178,0.9885713768658883,1.0976398983075024
9.5777963981991,0.9148072540625548,1.0437100350062896,0.9888224196466423,1.0038572929356586,0.9896782903670706,1.0959564988742778
9.583035892946473,0.9132991798751771,1.0445361067965415,0.9870325842731352,1.003441423857439,0.990759087099245,1.0942730365945348
9.588275387693848,0.9119513848360593,1.0461846790599236,0.985373950503544,1.003001532887423,0.9917893786090002,1.0925894527807147
9.593514882441221,0.910603589796942,1.0478332513233053,0.9837153167339534,1.0025616419174073,0.992819670118755,1.0909058689668953
9.598754377188595,0.9092557947578247,1.049481823586687,0.9820566829643629,1.0021217509473914,0.9938499616285098,1.0892222851530757
9.603993871935968,0.9079079997187075,1.0511303958500684,0.9803980491947722,1.0016818599773758,0.9948802531382647,1.0875387013392563
9.609233366683343,0.9065602046795896,1.0527789681134505,0.9787394154251811,1.0012419690073597,0.9959105446480198,1.0858551175254363
9.614472861430716,0.9052124096404723,1.0544275403768322,0.9770807816555905,1.0008020780373441,0.9969408361577746,1.084171533711617
9.61971235617809,0.9038646146013551,1.0560761126402138,0.9754221478859999,1.0003621870673283,0.9979711276675295,1.0824879498977975
9.624951850925463,0.9025168195622378,1.0577246849035953,0.9737635141164094,0.9999222960973125,0.9990014191772842,1.0808043660839781
9.630191345672838,0.9011690245231201,1.0593732571669774,0.9721048803468182,0.9994824051272966,1.0000317106870393,1.079120782270158
9.635430840420211,0.8998103549716658,1.060815336529051,0.9704792676090562,0.9990025016712405,1.0010929865629514,1.0774860954088876
9.640670335167584,0.8984286620386234,1.0618202317016372,0.968923566587119,0.998437884279896,1.0022198621515865,1.0759549325643418
9.645909829914958,0.8970469691055809,1.0628251268742235,0.9673678655651816,0.9978732668885515,1.0033467377402217,1.074423769719796
9.651149324662331,0.8956652761725385,1.0638300220468095,0.9658121645432444,0.997308649497207,1.0044736133288568,1.0728926068752502
9.656388819409706,0.8942835832394956,1.0648349172193963,0.9642564635213065,0.9967440321058623,1.0056004889174923,1.071361444030704
9.66162831415708,0.8929018903064532,1.0658398123919823,0.9627007624993692,0.9961794147145178,1.0067273645061274,1.0698302811861582
9.666867808904453,0.8915201973734107,1.0668447075645686,0.9611450614774318,0.9956147973231733,1.0078542400947625,1.0682991183416124
9.672107303651826,0.8901385044403682,1.0678496027371547,0.9595893604554946,0.9950501799318288,1.0089811156833977,1.0667679554970666
9.677346798399201,0.8887568115073253,1.0688544979097414,0.9580336594335568,0.9944855625404841,1.0101079912720332,1.0652367926525201
9.682586293146574,0.887375118574283,1.0698593930823275,0.9564779584116194,0.9939209451491396,1.0112348668606683,1.0637056298079743
9.687825787893948,0.8861748000394138,1.0708423291004794,0.954998205704273,0.9933796199694757,1.012354441429183,1.0621824257560715
9.69306528264132,0.8853961769802975,1.0717742100845713,0.9536950328283498,0.9928924491819687,1.0134570411259176,1.0606777258970626
9.698304777388694,0.884617553921181,1.0727060910686632,0.9523918599524266,0.9924052783944619,1.0145596408226523,1.0591730260380539
9.70354427213607,0.8838389308620643,1.0736379720527556,0.951088687076503,0.9919181076069549,1.0156622405193874,1.0576683261790445
9.708783766883442,0.8830603078029479,1.0745698530368475,0.9497855142005799,0.991430936819448,1.016764840216122,1.0561636263200358
9.714023261630816,0.8822816847438315,1.0755017340209396,0.9484823413246567,0.9909437660319412,1.0178674399128567,1.0546589264610269
9.719262756378189,0.881503061684715,1.0764336150050315,0.9471791684487335,0.9904565952444344,1.0189700396095913,1.0531542266020182
9.724502251125564,0.8807244386255983,1.077365495989124,0.94587599557281,0.9899694244569274,1.0200726393063262,1.0516495267430088
9.729741745872937,0.8799458155664819,1.0782973769732158,0.9445728226968868,0.9894822536694206,1.0211752390030608,1.0501448268840001
9.73498124062031,0.8791671925073654,1.0792292579573077,0.9432696498209636,0.9889950828819137,1.0222778386997955,1.0486401270249914
9.740220735367684,0.8783043768820162,1.0800852502466523,0.9419344388068507,0.988510465219411,1.0234090048902014,1.0471338442992062
9.745460230115057,0.8772258178056955,1.080746777755707,0.9405171300636262,0.9880323899397314,1.0246133727206392,1.0456235054773064
9.750699724862432,0.8761472587293745,1.0814083052647616,0.9390998213204014,0.9875543146600516,1.0258177405510773,1.0441131666554064
9.755939219609806,0.8750686996530539,1.082069832773816,0.9376825125771769,0.9870762393803719,1.0270221083815152,1.0426028278335067
9.761178714357179,0.8739901405767332,1.0827313602828705,0.9362652038339525,0.9865981641006923,1.028226476211953,1.0410924890116071
9.766418209104552,0.8729115815004125,1.083392887791925,0.9348478950907281,0.9861200888210128,1.029430844042391,1.0395821501897073
9.771657703851927,0.8718330224240914,1.0840544153009797,0.9334305863475031,0.985642013541333,1.0306352118728292,1.0380718113678074
9.7768971985993,0.8707544633477707,1.0847159428100344,0.9320132776042787,0.9851639382616533,1.0318395797032671,1.0365614725459076
9.782136693346674,0.8696759042714501,1.0853774703190888,0.9305959688610542,0.9846858629819737,1.033043947533705,1.035051133724008
9.787376188094047,0.8685973451951294,1.0860389978281433,0.9291786601178299,0.9842077877022941,1.0342483153641429,1.0335407949021083
9.792615682841422,0.8676121407071135,1.0867081390424507,0.9278020235541251,0.9837331231219875,1.0354275482178112,1.0320262294234146
9.797855177588795,0.8668917400993857,1.0873988768245417,0.9265407551919441,0.983268133121634,1.036535484743142,1.030499674870163
9.803094672336169,0.866171339491658,1.0880896146066326,0.9252794868297631,0.9828031431212805,1.0376434212684729,1.0289731203169112
9.808334167083542,0.8654509388839304,1.0887803523887236,0.9240182184675821,0.9823381531209269,1.0387513577938035,1.0274465657636593
9.813573661830915,0.8647305382762027,1.0894710901708147,0.9227569501054012,0.9818731631205734,1.0398592943191343,1.0259200112104077
9.81881315657829,0.8640101376684748,1.090161827952906,0.9214956817432197,0.9814081731202197,1.0409672308444653,1.0243934566571555
9.824052651325664,0.8632897370607471,1.0908525657349968,0.9202344133810387,0.9809431831198662,1.042075167369796,1.0228669021039036
9.829292146073037,0.8625693364530195,1.0915433035170878,0.9189731450188577,0.9804781931195126,1.043183103895127,1.021340347550652
9.83453164082041,0.8618489358452918,1.092234041299179,0.9177118766566768,0.9800132031191591,1.0442910404204577,1.0198137929974003
9.839771135567785,0.8611285352375638,1.0929247790812702,0.9164506082944953,0.9795482131188054,1.0453989769457888,1.018287238444148
9.845010630315159,0.8603337156973545,1.0934604782203823,0.9152629883360829,0.9790909456087287,1.0464847277312885,1.0167588787232318
9.850250125062532,0.8593040114015001,1.0935068366425935,0.9143078211520644,0.9786580522085881,1.047500454775447,1.0152248214418749
9.855489619809905,0.8582743071056458,1.0935531950648045,0.9133526539680461,0.9782251588084476,1.0485161818196054,1.0136907641605182
9.860729114557278,0.8572446028097914,1.0935995534870155,0.9123974867840277,0.977792265408307,1.0495319088637636,1.0121567068791613
9.865968609304653,0.8562148985139367,1.0936459119092268,0.911442319600009,0.9773593720081664,1.0505476359079224,1.0106226495978037
9.871208104052027,0.8551851942180825,1.0936922703314378,0.9104871524159905,0.9769264786080258,1.0515633629520806,1.0090885923164468
9.8764475987994,0.8541554899222281,1.0937386287536488,0.9095319852319722,0.9764935852078853,1.052579089996239,1.0075545350350898
9.881687093546773,0.8531257856263738,1.09378498717586,0.9085768180479538,0.9760606918077448,1.0535948170403975,1.006020477753733
9.886926588294148,0.8520960813305191,1.093831345598071,0.9076216508639351,0.9756277984076042,1.0546105440845561,1.0044864204723756
9.892166083041522,0.8510663770346647,1.093877704020282,0.9066664836799168,0.9751949050074635,1.0556262711287145,1.0029523631910187
9.897405577788895,0.8501678711061856,1.0941941833628963,0.9057175114758836,0.9748181164741655,1.0565888110285389,1.00143049926193
9.902645072536268,0.849733032135135,1.0954652945946621,0.9047904328942988,0.9746396076407312,1.0573633827250914,0.9999517277482447
9.907884567283643,0.8492981931640841,1.0967364058264284,0.9038633543127137,0.9744610988072967,1.0581379544216445,0.9984729562345588
9.913124062031017,0.8488633541930334,1.0980075170581942,0.9029362757311289,0.9742825899738624,1.0589125261181973,0.9969941847208733
9.91836355677839,0.8484285152219827,1.0992786282899598,0.902009197149544,0.974104081140428,1.0596870978147501,0.9955154132071878
9.923603051525763,0.8479936762509319,1.1005497395217256,0.9010821185679592,0.9739255723069936,1.060461669511303,0.9940366416935025
9.928842546273136,0.8475588372798812,1.1018208507534915,0.9001550399863744,0.9737470634735593,1.0612362412078555,0.992557870179817
9.934082041020512,0.8471239983088303,1.1030919619852577,0.8992279614047892,0.9735685546401249,1.0620108129044086,0.9910790986661311
9.939321535767885,0.8466891593377797,1.1043630732170235,0.8983008828232044,0.9733900458066905,1.0627853846009614,0.9896003271524456
9.944561030515258,0.846254320366729,1.1056341844487891,0.8973738042416195,0.9732115369732561,1.0635599562975142,0.9881215556387601
9.949800525262631,0.8458443828897008,1.1066630560333028,0.8964681317975927,0.9730061511661675,1.064362574951918,0.9866214360285144
9.955040020010006,0.8455337401200876,1.1067259970243983,0.8956478163270778,0.9726935934266325,1.0652770308507542,0.9850361908832337
9.96027951475738,0.8452230973504746,1.106788938015494,0.8948275008565632,0.9723810356870977,1.0661914867495899,0.9834509457379534
9.965519009504753,0.8449124545808616,1.1068518790065895,0.8940071853860486,0.9720684779475628,1.0671059426484255,0.9818657005926732
9.970758504252126,0.8446018118112486,1.106914819997685,0.893186869915534,0.9717559202080279,1.0680203985472614,0.9802804554473931
9.9759979989995,0.8442911690416356,1.1069777609887805,0.8923665544450193,0.9714433624684929,1.068934854446097,0.9786952103021128
9.981237493746875,0.8439805262720225,1.1070407019798763,0.8915462389745045,0.971130804728958,1.069849310344933,0.9771099651568321
9.986476988494248,0.8436698835024095,1.1071036429709717,0.8907259235039899,0.9708182469894231,1.0707637662437688,0.9755247200115519
9.991716483241621,0.8433592407327963,1.1071665839620672,0.8899056080334753,0.9705056892498882,1.0716782221426044,0.9739394748662716
9.996955977988994,0.8430485979631833,1.1072295249531627,0.8890852925629608,0.9701931315103534,1.07259267804144,0.9723542297209915
10.00219547273637,0.8426448948695553,1.1073302782233123,0.8882645661814361,0.9698865827922105,1.0734683603434778,0.9707816898058598
10.007434967483743,0.8418185428043596,1.1076027622608309,0.8874419735790762,0.9696073250462237,1.074167945893389,0.9692668528109886
10.012674462231116,0.8409921907391641,1.1078752462983497,0.8866193809767162,0.9693280673002369,1.0748675314433003,0.9677520158161173
10.01791395697849,0.8401658386739685,1.1081477303358684,0.8857967883743563,0.9690488095542501,1.0755671169932115,0.966237178821246
10.023153451725863,0.839339486608773,1.1084202143733872,0.8849741957719963,0.9687695518082634,1.0762667025431227,0.9647223418263748
10.028392946473238,0.8385131345435771,1.108692698410906,0.8841516031696361,0.9684902940622765,1.0769662880930342,0.9632075048315031
10.033632441220611,0.8376867824783816,1.1089651824484248,0.8833290105672762,0.9682110363162897,1.0776658736429454,0.9616926678366319
10.038871935967984,0.836860430413186,1.1092376664859436,0.8825064179649162,0.967931778570303,1.0783654591928566,0.9601778308417607
10.044111430715358,0.8360340783479905,1.1095101505234624,0.8816838253625563,0.9676525208243162,1.0790650447427679,0.9586629938468895
10.049350925462733,0.8352077262827946,1.1097826345609811,0.8808612327601961,0.9673732630783294,1.0797646302926793,0.9571481568520177
10.054590420210106,0.8344369321125217,1.1099962185907817,0.8800161174105925,0.9670636012595007,1.080475558723451,0.9556181498565944
10.05982991495748,0.8339569487984843,1.1099014978926827,0.8790531095558858,0.9665947931218906,1.081245860046226,0.9540087373895321
10.065069409704853,0.8334769654844469,1.1098067771945836,0.8780901017011791,0.9661259849842804,1.082016161369001,0.9523993249224696
10.070308904452228,0.8329969821704093,1.1097120564964846,0.8771270938464721,0.96565717684667,1.0827864626917763,0.9507899124554067
10.0755483991996,0.832516998856372,1.1096173357983854,0.8761640859917654,0.9651883687090598,1.0835567640145511,0.9491804999883442
10.080787893946974,0.8320370155423346,1.1095226151002864,0.8752010781370587,0.9647195605714496,1.084327065337326,0.9475710875212818
10.086027388694347,0.8315570322282971,1.1094278944021874,0.874238070282352,0.9642507524338394,1.0850973666601011,0.9459616750542194
10.09126688344172,0.8310770489142598,1.1093331737040883,0.8732750624276453,0.9637819442962292,1.085867667982876,0.944352262587157
10.096506378189096,0.8305970656002222,1.1092384530059893,0.8723120545729383,0.9633131361586189,1.0866379693056514,0.942742850120094
10.101745872936469,0.8301170822861849,1.10914373230789,0.8713490467182315,0.9628443280210087,1.0874082706284263,0.9411334376530315
10.106985367683842,0.8295679021140615,1.109111759341657,0.8703888568898879,0.9623463744283253,1.0881339041266829,0.9395584725001151
10.112224862431216,0.8285948911861628,1.109464116233103,0.8694459274730177,0.9616699049233183,1.0885859471997648,0.9381944971463427
10.11746435717859,0.8276218802582639,1.1098164731245488,0.8685029980561473,0.9609934354183111,1.089037990272847,0.9368305217925699
10.122703851925964,0.8266488693303652,1.1101688300159944,0.8675600686392771,0.9603169659133041,1.089490033345929,0.9354665464387973
10.127943346673337,0.8256758584024665,1.11052118690744,0.866617139222407,0.9596404964082972,1.0899420764190109,0.9341025710850249
10.13318284142071,0.8247028474745679,1.110873543798886,0.865674209805537,0.9589640269032902,1.090394119492093,0.9327385957312525
10.138422336168084,0.8237298365466692,1.1112259006903316,0.8647312803886669,0.9582875573982832,1.0908461625651749,0.9313746203774801
10.143661830915459,0.8227568256187703,1.1115782575817774,0.8637883509717964,0.957611087893276,1.0912982056382572,0.9300106450237072
10.148901325662832,0.8217838146908716,1.1119306144732233,0.8628454215549263,0.956934618388269,1.091750248711339,0.9286466696699348
10.154140820410205,0.8208108037629729,1.112282971364669,0.8619024921380563,0.956258148883262,1.092202291784421,0.9272826943161624
10.159380315157579,0.81985729187814,1.1125013193653834,0.8609474985044957,0.9555705425964524,1.092593040997794,0.9259170355133054
10.164619809904954,0.8190463667457258,1.1117397273526268,0.8599042852863864,0.9548014985927105,1.092535578862044,0.9245390664890173
10.169859304652327,0.8182354416133119,1.1109781353398704,0.8588610720682774,0.9540324545889689,1.0924781167262945,0.9231610974647295
10.1750987993997,0.817424516480898,1.1102165433271143,0.8578178588501684,0.9532634105852272,1.0924206545905448,0.9217831284404419
10.180338294147074,0.816613591348484,1.109454951314358,0.8567746456320594,0.9524943665814856,1.0923631924547952,0.9204051594161542
10.185577788894447,0.81580266621607,1.1086933593016015,0.8557314324139504,0.951725322577744,1.0923057303190453,0.9190271903918664
10.190817283641822,0.8149917410836558,1.107931767288845,0.8546882191958411,0.9509562785740021,1.0922482681832957,0.9176492213675783
10.196056778389195,0.8141808159512418,1.1071701752760887,0.8536450059777322,0.9501872345702604,1.092190806047546,0.9162712523432905
10.201296273136569,0.8133698908188279,1.1064085832633324,0.8526017927596232,0.9494181905665188,1.0921333439117962,0.9148932833190029
10.206535767883942,0.812558965686414,1.105646991250576,0.8515585795415141,0.9486491465627772,1.0920758817760465,0.9135153142947152
10.211775262631317,0.8117797866609827,1.104900572918374,0.850535866956322,0.947878784672943,1.0919827293743412,0.9121454499096433
10.21701475737869,0.8112855289457229,1.1042903383691496,0.8496971475515609,0.94709659475543,1.0915692568356856,0.9108483246615374
10.222254252126064,0.8107912712304632,1.1036801038199249,0.8488584281467997,0.946314404837917,1.0911557842970299,0.9095511994134317
10.227493746873437,0.8102970135152034,1.1030698692707004,0.8480197087420386,0.945532214920404,1.0907423117583743,0.9082540741653258
10.232733241620812,0.8098027557999435,1.1024596347214755,0.8471809893372771,0.9447500250028906,1.0903288392197183,0.9069569489172195
10.237972736368185,0.8093084980846839,1.101849400172251,0.846342269932516,0.9439678350853776,1.0899153666810628,0.9056598236691137
10.243212231115558,0.8088142403694241,1.1012391656230265,0.8455035505277549,0.9431856451678646,1.089501894142407,0.9043626984210078
10.248451725862932,0.8083199826541644,1.1006289310738018,0.8446648311229937,0.9424034552503517,1.0890884216037515,0.903065573172902
10.253691220610305,0.8078257249389046,1.1000186965245773,0.8438261117182326,0.9416212653328387,1.0886749490650958,0.9017684479247962
10.25893071535768,0.8073314672236447,1.0994084619753526,0.8429873923134712,0.9408390754153254,1.08826147652644,0.90047132267669
10.264170210105053,0.8068256680460814,1.098741100884114,0.8421386903762922,0.9400477785047285,1.0877934794376822,0.8991757057752429
10.269409704852427,0.8061875027227241,1.097418569764154,0.8411755012704452,0.939152035767201,1.0867001539149437,0.8978973877245381
10.2746491995998,0.8055493373993668,1.0960960386441942,0.8402123121645982,0.9382562930296735,1.0856068283922051,0.8966190696738334
10.279888694347175,0.8049111720760094,1.0947735075242337,0.839249123058751,0.9373605502921456,1.0845135028694664,0.8953407516231283
10.285128189094548,0.8042730067526521,1.093450976404274,0.8382859339529041,0.9364648075546181,1.0834201773467278,0.8940624335724237
10.290367683841922,0.8036348414292949,1.092128445284314,0.837322744847057,0.9355690648170906,1.0823268518239892,0.892784115521719
10.295607178589295,0.8029966761059375,1.0908059141643542,0.8363595557412101,0.934673322079563,1.0812335263012507,0.8915057974710143
10.300846673336668,0.8023585107825802,1.0894833830443944,0.8353963666353632,0.9337775793420355,1.0801402007785121,0.8902274794203097
10.306086168084043,0.8017203454592228,1.0881608519244341,0.834433177529516,0.9328818366045076,1.0790468752557734,0.8889491613696046
10.311325662831416,0.8010821801358655,1.086838320804474,0.8334699884236689,0.9319860938669802,1.0779535497330348,0.8876708433188999
10.31656515757879,0.8004444777457396,1.0854982265071542,0.8325119986278547,0.9310852548300559,1.0768356285005711,0.8864032396426335
10.321804652326163,0.7998140086873516,1.0838837075635825,0.8316352480513018,0.9301047861150572,1.0753333993036547,0.8853030480669644
10.327044147073538,0.7991835396289636,1.0822691886200102,0.8307584974747486,0.9291243174000583,1.0738311701067376,0.884202856491295
10.332283641820911,0.7985530705705758,1.0806546696764385,0.8298817468981957,0.9281438486850597,1.0723289409098211,0.883102664915626
10.337523136568285,0.797922601512188,1.0790401507328669,0.8290049963216428,0.9271633799700612,1.0708267117129047,0.882002473339957
10.342762631315658,0.7972921324538002,1.0774256317892952,0.8281282457450899,0.9261829112550625,1.069324482515988,0.8809022817642879
10.348002126063031,0.7966616633954123,1.0758111128457235,0.827251495168537,0.9252024425400639,1.0678222533190715,0.8798020901886189
10.353241620810406,0.7960311943370243,1.0741965939021514,0.8263747445919838,0.924221973825065,1.0663200241221544,0.8787018986129495
10.35848111555778,0.7954007252786365,1.0725820749585797,0.8254979940154309,0.9232415051100663,1.064817794925238,0.8776017070372805
10.363720610305153,0.7947702562202487,1.070967556015008,0.824621243438878,0.9222610363950677,1.0633155657283215,0.8765015154616114
10.368960105052526,0.7941385737894865,1.0693407585881947,0.8237498228603024,0.9212848899392657,1.061815132978581,0.8754080157392669
10.374199599799901,0.7934778462575138,1.0674200449687845,0.8230059891083086,0.9204122075629811,1.0603577026831146,0.8744747022558782
10.379439094547275,0.7928171187255414,1.065499331349375,0.822262155356315,0.9195395251866969,1.0589002723876488,0.8735413887724898
10.384678589294648,0.792156391193569,1.0635786177299655,0.8215183216043214,0.9186668428104128,1.057442842092183,0.8726080752891013
10.389918084042021,0.7914956636615965,1.061657904110556,0.8207744878523278,0.9177941604341285,1.0559854117967173,0.8716747618057129
10.395157578789396,0.7908349361296239,1.059737190491146,0.8200306541003339,0.916921478057844,1.054527981501251,0.8707414483223241
10.40039707353677,0.7901742085976515,1.0578164768717364,0.8192868203483403,0.9160487956815597,1.0530705512057852,0.8698081348389357
10.405636568284143,0.7895134810656791,1.0558957632523267,0.8185429865963468,0.9151761133052755,1.0516131209103194,0.8688748213555473
10.410876063031516,0.7888527535337067,1.0539750496329172,0.8177991528443532,0.9143034309289914,1.0501556906148537,0.8679415078721588
10.41611555777889,0.7881920260017342,1.0520543360135077,0.8170553190923596,0.9134307485527071,1.048698260319388,0.8670081943887704
10.421355052526264,0.787534221594065,1.0501450828439225,0.8163127210578096,0.9125606216561154,1.0472463124652722,0.866077467708097
10.426594547273638,0.7870192848867332,1.0487959591595304,0.8156305187133286,0.9118153938295089,1.0460623189321647,0.8652731710101375
10.431834042021011,0.7865043481794013,1.0474468354751383,0.8149483163688476,0.9110701660029025,1.0448783253990575,0.864468874312178
10.437073536768384,0.7859894114720695,1.0460977117907462,0.8142661140243667,0.910324938176296,1.0436943318659502,0.8636645776142184
10.44231303151576,0.7854744747647374,1.0447485881063536,0.8135839116798854,0.9095797103496892,1.0425103383328422,0.8628602809162587
10.447552526263133,0.7849595380574055,1.0433994644219615,0.8129017093354044,0.9088344825230827,1.041326344799735,0.8620559842182992
10.452792021010506,0.7844446013500737,1.0420503407375694,0.8122195069909234,0.9080892546964763,1.0401423512666275,0.8612516875203396
10.45803151575788,0.7839296646427417,1.0407012170531773,0.8115373046464424,0.9073440268698698,1.0389583577335202,0.8604473908223802
10.463271010505252,0.7834147279354099,1.0393520933687852,0.8108551023019613,0.9065987990432633,1.037774364200413,0.8596430941244206
10.468510505252627,0.7828997912280778,1.0380029696843927,0.8101728999574801,0.9058535712166567,1.036590370667305,0.8588387974264609
10.47375,0.7823848545207459,1.0366538460000005,0.8094906976129991,0.9051083433900502,1.0354063771341977,0.8580345007285014
