# composition,1.0KCl
# source,Numbers, 2026
# temperature_K,1060
# raw_file,1.00KCl_Numbers_2026_1060.0_AP.csv
# savgol,False
# grid_points,2000
r (A),Cl-Cl,K-Cl,K-K
0.0,0.0,0.0,0.0
0.005239494747373687,0.0,0.0,0.0
0.010478989494747374,0.0,0.0,0.0
0.01571848424212106,0.0,0.0,0.0
0.02095797898949475,0.0,0.0,0.0
0.026197473736868437,0.0,0.0,0.0
0.03143696848424212,0.0,0.0,0.0
0.03667646323161581,0.0,0.0,0.0
0.0419159579789895,0.0,0.0,0.0
0.047155452726363185,0.0,0.0,0.0
0.05239494747373687,0.0,0.0,0.0
0.05763444222111056,0.0,0.0,0.0
0.06287393696848424,0.0,0.0,0.0
0.06811343171585793,0.0,0.0,0.0
0.07335292646323162,0.0,0.0,0.0
0.0785924212106053,0.0,0.0,0.0
0.083831915957979,0.0,0.0,0.0
0.08907141070535268,0.0,0.0,0.0
0.09431090545272637,0.0,0.0,0.0
0.09955040020010006,0.0,0.0,0.0
0.10478989494747375,0.0,0.0,0.0
0.11002938969484743,0.0,0.0,0.0
0.11526888444222112,0.0,0.0,0.0
0.12050837918959481,0.0,0.0,0.0
0.12574787393696849,0.0,0.0,0.0
0.1309873686843422,0.0,0.0,0.0
0.13622686343171586,0.0,0.0,0.0
0.14146635817908956,0.0,0.0,0.0
0.14670585292646324,0.0,0.0,0.0
0.15194534767383694,0.0,0.0,0.0
0.1571848424212106,0.0,0.0,0.0
0.16242433716858432,0.0,0.0,0.0
0.167663831915958,0.0,0.0,0.0
0.17290332666333166,0.0,0.0,0.0
0.17814282141070537,0.0,0.0,0.0
0.18338231615807904,0.0,0.0,0.0
0.18862181090545274,0.0,0.0,0.0
0.19386130565282642,0.0,0.0,0.0
0.19910080040020012,0.0,0.0,0.0
0.2043402951475738,0.0,0.0,0.0
0.2095797898949475,0.0,0.0,0.0
0.21481928464232117,0.0,0.0,0.0
0.22005877938969487,0.0,0.0,0.0
0.22529827413706854,0.0,0.0,0.0
0.23053776888444225,0.0,0.0,0.0
0.23577726363181592,0.0,0.0,0.0
0.24101675837918962,0.0,0.0,0.0
0.2462562531265633,0.0,0.0,0.0
0.25149574787393697,0.0,0.0,0.0
0.25673524262131064,0.0,0.0,0.0
0.2619747373686844,0.0,0.0,0.0
0.26721423211605805,0.0,0.0,0.0
0.2724537268634317,0.0,0.0,0.0
0.2776932216108054,0.0,0.0,0.0
0.2829327163581791,0.0,0.0,0.0
0.2881722111055528,0.0,0.0,0.0
0.2934117058529265,0.0,0.0,0.0
0.29865120060030015,0.0,0.0,0.0
0.3038906953476739,0.0,0.0,0.0
0.30913019009504755,0.0,0.0,0.0
0.3143696848424212,0.0,0.0,0.0
0.3196091795897949,0.0,0.0,0.0
0.32484867433716863,0.0,0.0,0.0
0.3300881690845423,0.0,0.0,0.0
0.335327663831916,0.0,0.0,0.0
0.34056715857928965,0.0,0.0,0.0
0.3458066533266633,0.0,0.0,0.0
0.35104614807403706,0.0,0.0,0.0
0.35628564282141073,0.0,0.0,0.0
0.3615251375687844,0.0,0.0,0.0
0.3667646323161581,0.0,0.0,0.0
0.3720041270635318,0.0,0.0,0.0
0.3772436218109055,0.0,0.0,0.0
0.38248311655827916,0.0,0.0,0.0
0.38772261130565283,0.0,0.0,0.0
0.39296210605302656,0.0,0.0,0.0
0.39820160080040023,0.0,0.0,0.0
0.4034410955477739,0.0,0.0,0.0
0.4086805902951476,0.0,0.0,0.0
0.4139200850425213,0.0,0.0,0.0
0.419159579789895,0.0,0.0,0.0
0.42439907453726866,0.0,0.0,0.0
0.42963856928464234,0.0,0.0,0.0
0.434878064032016,0.0,0.0,0.0
0.44011755877938974,0.0,0.0,0.0
0.4453570535267634,0.0,0.0,0.0
0.4505965482741371,0.0,0.0,0.0
0.45583604302151076,0.0,0.0,0.0
0.4610755377688845,0.0,0.0,0.0
0.46631503251625817,0.0,0.0,0.0
0.47155452726363184,0.0,0.0,0.0
0.4767940220110055,0.0,0.0,0.0
0.48203351675837924,0.0,0.0,0.0
0.4872730115057529,0.0,0.0,0.0
0.4925125062531266,0.0,0.0,0.0
0.49775200100050027,0.0,0.0,0.0
0.5029914957478739,0.0,0.0,0.0
0.5082309904952477,0.0,0.0,0.0
0.5134704852426213,0.0,0.0,0.0
0.518709979989995,0.0,0.0,0.0
0.5239494747373687,0.0,0.0,0.0
0.5291889694847424,0.0,0.0,0.0
0.5344284642321161,0.0,0.0,0.0
0.5396679589794898,0.0,0.0,0.0
0.5449074537268634,0.0,0.0,0.0
0.5501469484742372,0.0,0.0,0.0
0.5553864432216108,0.0,0.0,0.0
0.5606259379689845,0.0,0.0,0.0
0.5658654327163583,0.0,0.0,0.0
0.5711049274637319,0.0,0.0,0.0
0.5763444222111056,0.0,0.0,0.0
0.5815839169584793,0.0,0.0,0.0
0.586823411705853,0.0,0.0,0.0
0.5920629064532267,0.0,0.0,0.0
0.5973024012006003,0.0,0.0,0.0
0.602541895947974,0.0,0.0,0.0
0.6077813906953478,0.0,0.0,0.0
0.6130208854427214,0.0,0.0,0.0
0.6182603801900951,0.0,0.0,0.0
0.6234998749374687,0.0,0.0,0.0
0.6287393696848425,0.0,0.0,0.0
0.6339788644322162,0.0,0.0,0.0
0.6392183591795898,0.0,0.0,0.0
0.6444578539269635,0.0,0.0,0.0
0.6496973486743373,0.0,0.0,0.0
0.6549368434217109,0.0,0.0,0.0
0.6601763381690846,0.0,0.0,0.0
0.6654158329164582,0.0,0.0,0.0
0.670655327663832,0.0,0.0,0.0
0.6758948224112057,0.0,0.0,0.0
0.6811343171585793,0.0,0.0,0.0
0.686373811905953,0.0,0.0,0.0
0.6916133066533267,0.0,0.0,0.0
0.6968528014007004,0.0,0.0,0.0
0.7020922961480741,0.0,0.0,0.0
0.7073317908954477,0.0,0.0,0.0
0.7125712856428215,0.0,0.0,0.0
0.7178107803901952,0.0,0.0,0.0
0.7230502751375688,0.0,0.0,0.0
0.7282897698849425,0.0,0.0,0.0
0.7335292646323162,0.0,0.0,0.0
0.7387687593796899,0.0,0.0,0.0
0.7440082541270636,0.0,0.0,0.0
0.7492477488744372,0.0,0.0,0.0
0.754487243621811,0.0,0.0,0.0
0.7597267383691846,0.0,0.0,0.0
0.7649662331165583,0.0,0.0,0.0
0.770205727863932,0.0,0.0,0.0
0.7754452226113057,0.0,0.0,0.0
0.7806847173586794,0.0,0.0,0.0
0.7859242121060531,0.0,0.0,0.0
0.7911637068534267,0.0,0.0,0.0
0.7964032016008005,0.0,0.0,0.0
0.8016426963481741,0.0,0.0,0.0
0.8068821910955478,0.0,0.0,0.0
0.8121216858429215,0.0,0.0,0.0
0.8173611805902952,0.0,0.0,0.0
0.8226006753376689,0.0,0.0,0.0
0.8278401700850426,0.0,0.0,0.0
0.8330796648324162,0.0,0.0,0.0
0.83831915957979,0.0,0.0,0.0
0.8435586543271636,0.0,0.0,0.0
0.8487981490745373,0.0,0.0,0.0
0.854037643821911,0.0,0.0,0.0
0.8592771385692847,0.0,0.0,0.0
0.8645166333166584,0.0,0.0,0.0
0.869756128064032,0.0,0.0,0.0
0.8749956228114057,0.0,0.0,0.0
0.8802351175587795,0.0,0.0,0.0
0.8854746123061531,0.0,0.0,0.0
0.8907141070535268,0.0,0.0,0.0
0.8959536018009006,0.0,0.0,0.0
0.9011930965482742,0.0,0.0,0.0
0.9064325912956479,0.0,0.0,0.0
0.9116720860430215,0.0,0.0,0.0
0.9169115807903953,0.0,0.0,0.0
0.922151075537769,0.0,0.0,0.0
0.9273905702851426,0.0,0.0,0.0
0.9326300650325163,0.0,0.0,0.0
0.93786955977989,0.0,0.0,0.0
0.9431090545272637,0.0,0.0,0.0
0.9483485492746374,0.0,0.0,0.0
0.953588044022011,0.0,0.0,0.0
0.9588275387693848,0.0,0.0,0.0
0.9640670335167585,0.0,0.0,0.0
0.9693065282641321,0.0,0.0,0.0
0.9745460230115058,0.0,0.0,0.0
0.9797855177588795,0.0,0.0,0.0
0.9850250125062532,0.0,0.0,0.0
0.9902645072536269,0.0,0.0,0.0
0.9955040020010005,0.0,0.0,0.0
1.0007434967483742,0.0,0.0,0.0
1.0059829914957479,0.0,0.0,0.0
1.0112224862431216,0.0,0.0,0.0
1.0164619809904953,0.0,0.0,0.0
1.021701475737869,0.0,0.0,0.0
1.0269409704852426,0.0,0.0,0.0
1.0321804652326163,0.0,0.0,0.0
1.03741995997999,0.0,0.0,0.0
1.0426594547273638,0.0,0.0,0.0
1.0478989494747375,0.0,0.0,0.0
1.0531384442221112,0.0,0.0,0.0
1.0583779389694847,0.0,0.0,0.0
1.0636174337168585,0.0,0.0,0.0
1.0688569284642322,0.0,0.0,0.0
1.074096423211606,0.0,0.0,0.0
1.0793359179589797,0.0,0.0,0.0
1.0845754127063532,0.0,0.0,0.0
1.0898149074537269,0.0,0.0,0.0
1.0950544022011006,0.0,0.0,0.0
1.1002938969484743,0.0,0.0,0.0
1.105533391695848,0.0,0.0,0.0
1.1107728864432216,0.0,0.0,0.0
1.1160123811905953,0.0,0.0,0.0
1.121251875937969,0.0,0.0,0.0
1.1264913706853428,0.0,0.0,0.0
1.1317308654327165,0.0,0.0,0.0
1.13697036018009,0.0,0.0,0.0
1.1422098549274637,0.0,0.0,0.0
1.1474493496748375,0.0,0.0,0.0
1.1526888444222112,0.0,0.0,0.0
1.157928339169585,0.0,0.0,0.0
1.1631678339169587,0.0,0.0,0.0
1.1684073286643322,0.0,0.0,0.0
1.173646823411706,0.0,0.0,0.0
1.1788863181590796,0.0,0.0,0.0
1.1841258129064534,0.0,0.0,0.0
1.189365307653827,0.0,0.0,0.0
1.1946048024012006,0.0,0.0,0.0
1.1998442971485743,0.0,0.0,0.0
1.205083791895948,0.0,0.0,0.0
1.2103232866433218,0.0,0.0,0.0
1.2155627813906955,0.0,0.0,0.0
1.220802276138069,0.0,0.0,0.0
1.2260417708854427,0.0,0.0,0.0
1.2312812656328165,0.0,0.0,0.0
1.2365207603801902,0.0,0.0,0.0
1.241760255127564,0.0,0.0,0.0
1.2469997498749374,0.0,0.0,0.0
1.2522392446223112,0.0,0.0,0.0
1.257478739369685,0.0,0.0,0.0
1.2627182341170586,0.0,0.0,0.0
1.2679577288644324,0.0,0.0,0.0
1.2731972236118059,0.0,0.0,0.0
1.2784367183591796,0.0,0.0,0.0
1.2836762131065533,0.0,0.0,0.0
1.288915707853927,0.0,0.0,0.0
1.2941552026013008,0.0,0.0,0.0
1.2993946973486745,0.0,0.0,0.0
1.304634192096048,0.0,0.0,0.0
1.3098736868434218,0.0,0.0,0.0
1.3151131815907955,0.0,0.0,0.0
1.3203526763381692,0.0,0.0,0.0
1.325592171085543,0.0,0.0,0.0
1.3308316658329165,0.0,0.0,0.0
1.3360711605802902,0.0,0.0,0.0
1.341310655327664,0.0,0.0,0.0
1.3465501500750376,0.0,0.0,0.0
1.3517896448224114,0.0,0.0,0.0
1.3570291395697849,0.0,0.0,0.0
1.3622686343171586,0.0,0.0,0.0
1.3675081290645323,0.0,0.0,0.0
1.372747623811906,0.0,0.0,0.0
1.3779871185592798,0.0,0.0,0.0
1.3832266133066533,0.0,0.0,0.0
1.388466108054027,0.0,0.0,0.0
1.3937056028014008,0.0,0.0,0.0
1.3989450975487745,0.0,0.0,0.0
1.4041845922961482,0.0,0.0,0.0
1.409424087043522,0.0,0.0,0.0
1.4146635817908955,0.0,0.0,0.0
1.4199030765382692,0.0,0.0,0.0
1.425142571285643,0.0,0.0,0.0
1.4303820660330167,0.0,0.0,0.0
1.4356215607803904,0.0,0.0,0.0
1.440861055527764,0.0,0.0,0.0
1.4461005502751376,0.0,0.0,0.0
1.4513400450225113,0.0,0.0,0.0
1.456579539769885,0.0,0.0,0.0
1.4618190345172588,0.0,0.0,0.0
1.4670585292646323,0.0,0.0,0.0
1.472298024012006,0.0,0.0,0.0
1.4775375187593798,0.0,0.0,0.0
1.4827770135067535,0.0,0.0,0.0
1.4880165082541272,0.0,0.0,0.0
1.4932560030015007,0.0,0.0,0.0
1.4984954977488745,0.0,0.0,0.0
1.5037349924962482,0.0,0.0,0.0
1.508974487243622,0.0,0.0,0.0
1.5142139819909957,0.0,0.0,0.0
1.5194534767383692,0.0,0.0,0.0
1.524692971485743,0.0,0.0,0.0
1.5299324662331166,0.0,0.0,0.0
1.5351719609804904,0.0,0.0,0.0
1.540411455727864,0.0,0.0,0.0
1.5456509504752378,0.0,0.0,0.0
1.5508904452226113,0.0,0.0,0.0
1.556129939969985,0.0,0.0,0.0
1.5613694347173588,0.0,0.0,0.0
1.5666089294647325,0.0,0.0,0.0
1.5718484242121062,0.0,0.0,0.0
1.5770879189594798,0.0,0.0,0.0
1.5823274137068535,0.0,0.0,0.0
1.5875669084542272,0.0,0.0,0.0
1.592806403201601,0.0,0.0,0.0
1.5980458979489747,0.0,0.0,0.0
1.6032853926963482,0.0,0.0,0.0
1.608524887443722,0.0,0.0,0.0
1.6137643821910956,0.0,0.0,0.0
1.6190038769384694,0.0,0.0,0.0
1.624243371685843,0.0,0.0,0.0
1.6294828664332166,0.0,0.0,0.0
1.6347223611805903,0.0,0.0,0.0
1.639961855927964,0.0,0.0,0.0
1.6452013506753378,0.0,0.0,0.0
1.6504408454227115,0.0,0.0,0.0
1.6556803401700853,0.0,0.0,0.0
1.6609198349174588,0.0,0.0,0.0
1.6661593296648325,0.0,0.0,0.0
1.6713988244122062,0.0,0.0,0.0
1.67663831915958,0.0,0.0,0.0
1.6818778139069537,0.0,0.0,0.0
1.6871173086543272,0.0,0.0,0.0
1.692356803401701,0.0,0.0,0.0
1.6975962981490746,0.0,0.0,0.0
1.7028357928964484,0.0,0.0,0.0
1.708075287643822,0.0,0.0,0.0
1.7133147823911956,0.0,0.0,0.0
1.7185542771385693,0.0,0.0,0.0
1.723793771885943,0.0,0.0,0.0
1.7290332666333168,0.0,0.0,0.0
1.7342727613806905,0.0,0.0,0.0
1.739512256128064,0.0,0.0,0.0
1.7447517508754378,0.0,0.0,0.0
1.7499912456228115,0.0,0.0,0.0
1.7552307403701852,0.0,0.0,0.0
1.760470235117559,0.0,0.0,0.0
1.7657097298649325,0.0,0.0,0.0
1.7709492246123062,0.0,0.0,0.0
1.77618871935968,0.0,0.0,0.0
1.7814282141070537,0.0,0.0,0.0
1.7866677088544274,0.0,0.0,0.0
1.7919072036018011,0.0,0.0,0.0
1.7971466983491746,0.0,0.0,0.0
1.8023861930965484,0.0,0.0,0.0
1.807625687843922,0.0,0.0,0.0
1.8128651825912958,0.0,0.0,0.0
1.8181046773386695,0.0,0.0,0.0
1.823344172086043,0.0,0.0,0.0
1.8285836668334168,0.0,0.0,0.0
1.8338231615807905,0.0,0.0,0.0
1.8390626563281642,0.0,0.0,0.0
1.844302151075538,0.0,0.0,0.0
1.8495416458229115,0.0,0.0,0.0
1.8547811405702852,0.0,0.0,0.0
1.860020635317659,0.0,0.0,0.0
1.8652601300650327,0.0,0.0,0.0
1.8704996248124064,0.0,0.0,0.0
1.87573911955978,0.0,0.0,0.0
1.8809786143071536,0.0,0.0,0.0
1.8862181090545274,0.0,0.0,0.0
1.891457603801901,0.0,0.0,0.0
1.8966970985492748,0.0,0.0,0.0
1.9019365932966485,0.0,0.0,0.0
1.907176088044022,0.0,0.0,0.0
1.9124155827913958,0.0,0.0,0.0
1.9176550775387695,0.0,0.0,0.0
1.9228945722861432,0.0,0.0,0.0
1.928134067033517,0.0,0.0,0.0
1.9333735617808905,0.0,0.0,0.0
1.9386130565282642,0.0,0.0,0.0
1.943852551275638,0.0,0.0,0.0
1.9490920460230117,0.0,0.0,0.0
1.9543315407703854,0.0,0.0,0.0
1.959571035517759,0.0,0.0,0.0
1.9648105302651326,0.0,0.0,0.0
1.9700500250125064,0.0,0.0,0.0
1.97528951975988,0.0,0.0,0.0
1.9805290145072538,0.0,0.0,0.0
1.9857685092546273,0.0,0.0,0.0
1.991008004002001,0.0,0.0,0.0
1.9962474987493748,0.0,0.0,0.0
2.0014869934967483,0.0,0.0,0.0
2.006726488244122,0.0,0.0,0.0
2.0119659829914958,0.0,0.0,0.0
2.0172054777388695,0.0,0.0,0.0
2.022444972486243,0.0,0.0,0.0
2.027684467233617,0.0,0.0,0.0
2.0329239619809907,0.0,0.0,0.0
2.0381634567283644,0.0,0.0,0.0
2.043402951475738,0.0,0.0,0.0
2.048642446223112,0.0,0.0,0.0
2.053881940970485,0.0,0.0,0.0
2.059121435717859,0.0,0.0,0.0
2.0643609304652326,0.0,0.0,0.0
2.0696004252126063,0.0,0.0,0.0
2.07483991995998,0.0,0.0,0.0
2.080079414707354,0.0,0.0,0.0
2.0853189094547275,0.0,0.0,0.0
2.0905584042021013,0.0,0.0,0.0
2.095797898949475,0.0,0.0,0.0
2.1010373936968487,0.0,0.0,0.0
2.1062768884442225,0.0,0.0,0.0
2.1115163831915957,0.0,0.0,0.0
2.1167558779389695,0.0,0.0,0.0
2.121995372686343,0.0,0.0,0.0
2.127234867433717,0.0,0.0,0.0
2.1324743621810907,0.0,0.0,0.0
2.1377138569284644,0.0,0.0,0.0
2.142953351675838,0.0,0.0,0.0
2.148192846423212,0.0,0.0,0.0
2.1534323411705856,0.0,0.0,0.0
2.1586718359179593,0.0,0.0,0.0
2.1639113306653326,0.0,0.0,0.0
2.1691508254127063,0.0,0.0,0.0
2.17439032016008,0.0,0.0,0.0
2.1796298149074538,0.0,0.0,0.0
2.1848693096548275,0.0,0.0,0.0
2.1901088044022012,0.0,0.0,0.0
2.195348299149575,0.0,0.0,0.0
2.2005877938969487,0.0,0.0,0.0
2.2058272886443224,0.0,0.0,0.0
2.211066783391696,0.0,0.0,0.0
2.21630627813907,0.0,0.0,0.0
2.221545772886443,0.0,0.0,0.0
2.226785267633817,0.0,0.0,0.0
2.2320247623811906,0.0,0.0,0.0
2.2372642571285644,0.0,0.0,0.0
2.242503751875938,0.0,0.0,0.0
2.247743246623312,0.0,0.0,0.0
2.2529827413706855,0.0,0.0,0.0
2.2582222361180593,0.0,0.0,0.0
2.263461730865433,0.0,0.0,0.0
2.2687012256128067,0.0,0.0,0.0
2.27394072036018,0.0,0.0,0.0
2.2791802151075538,0.0,0.0,0.0
2.2844197098549275,0.0,1.0298224112057099e-05,0.0
2.289659204602301,0.0,9.086668334167225e-05,0.0
2.294898699349675,0.0,0.00017143514257128738,0.0
2.3001381940970487,0.0,0.0002520036018009025,0.0
2.3053776888444224,0.0,0.00033257206103051766,0.0
2.310617183591796,0.0,0.0004131405202601328,0.0
2.31585667833917,0.0,0.0004937089794897479,0.0
2.3210961730865436,0.0,0.0005742774387193631,0.0
2.3263356678339173,0.0,0.0006548458979489782,0.0
2.3315751625812906,0.0,0.0007354143571785866,0.0
2.3368146573286643,0.0,0.0008297622836418148,0.0
2.342054152076038,0.0,0.0010381913806903416,0.0
2.347293646823412,0.0,0.0012466204777388686,0.0
2.3525331415707855,0.0,0.0014550495747873956,0.0
2.3577726363181593,0.0,0.0016634786718359223,0.0
2.363012131065533,0.0,0.0018719077688844495,0.0
2.3682516258129067,0.0,0.0020803368659329763,0.0
2.3734911205602804,0.0,0.002288765962981503,0.0
2.378730615307654,0.0,0.00249719506003003,0.0
2.3839701100550275,0.0,0.002705624157078539,0.0
2.389209604802401,0.0,0.0029529443996998573,0.0
2.394449099549775,0.0,0.003604732556278149,0.0
2.3996885942971486,0.0,0.00425652071285644,0.0
2.4049280890445224,0.0,0.004908308869434733,0.0
2.410167583791896,0.0,0.005560097026013023,0.0
2.41540707853927,0.0,0.006211885182591316,0.0
2.4206465732866436,0.0,0.006863673339169608,0.0
2.4258860680340173,0.0,0.007515461495747899,0.0
2.431125562781391,0.0,0.008167249652326191,0.0
2.4363650575287643,0.0,0.008819037808904428,0.0
2.441604552276138,0.0,0.009695622063031387,2.4149062031003985e-06
2.4468440470235118,0.0,0.013669396994497169,3.8101853426712654e-05
2.4520835417708855,0.0,0.01764317192596295,7.378880065032491e-05
2.4573230365182592,0.0,0.021616946857428734,0.00010947574787393717
2.462562531265633,0.0,0.025590721788894516,0.00014516269509754943
2.4678020260130067,0.0,0.0295644967203603,0.00018084964232116166
2.4730415207603804,0.0,0.03353827165182608,0.00021653658954477392
2.478281015507754,0.0,0.037512046583291866,0.0002522235367683862
2.483520510255128,0.0,0.041485821514757645,0.00028791048399199844
2.4887600050025016,0.0,0.045459596446223424,0.0003235974312156107
2.493999499749875,0.0,0.04966901071310662,0.00035588562156078007
2.4992389944972486,0.0,0.05859121168834428,0.00032019867433716814
2.5044784892446224,0.0,0.06751341266358193,0.0002845117271135562
2.509717983991996,0.0,0.0764356136388196,0.0002488247798899442
2.51495747873937,0.0,0.08535781461405725,0.00021313783266633228
2.5201969734867435,0.0,0.09428001558929491,0.00017745088544272031
2.5254364682341173,0.0,0.10320221656453256,0.00014176393821910838
2.530675962981491,0.0,0.1121244175397702,0.00010607699099549642
2.5359154577288647,0.0,0.12104661851500786,7.039004377188448e-05
2.5411549524762385,0.0,0.12996881949024552,3.470309654827249e-05
2.5463944472236117,0.0,0.1391557638459223,0.0
2.5516339419709855,0.0,0.15768092925712815,0.0
2.556873436718359,0.0,0.17620609466833398,0.0
2.562112931465733,0.0,0.1947312600795398,0.0
2.5673524262131067,0.0,0.21325642549074564,0.0
2.5725919209604804,0.0,0.2317815909019515,0.0
2.577831415707854,0.0,0.25030675631315735,0.0
2.583070910455228,0.0,0.2688319217243632,0.0
2.5883104052026016,0.0,0.287357087135569,0.0
2.5935498999499753,0.0,0.3058822525467748,0.0
2.598789394697349,0.0,0.32451718498724663,4.7478264132637664e-07
2.6040288894447223,0.0,0.35764136529064566,6.362087393696912e-05
2.609268384192096,0.0,0.3907655455940475,0.0001267669652326172
2.61450787893947,0.0,0.42388972589744933,0.0001899130565282653
2.6197473736868435,0.0,0.4570139062008512,0.0002530591478239134
2.6249868684342172,0.0,0.49013808650425306,0.00031620523911956146
2.630226363181591,0.0,0.5232622668076549,0.00037935133041520956
2.6354658579289647,0.0,0.5563864471110567,0.00044249742171085767
2.6407053526763384,0.0,0.5895106274144586,0.0005056435130065057
2.645944847423712,0.0,0.6226348077178604,0.0005687896043021539
2.651184342171086,0.0,0.6557589880212622,0.0006319356955978019
2.656423836918459,0.0,0.7040746910715345,0.0007202641815907932
2.661663331665833,0.0,0.7525831799434711,0.0008089122411205592
2.6669028264132066,0.0,0.8010916688154077,0.0008975603006503251
2.6721423211605804,0.0,0.8496001576873442,0.0009862083601800912
2.677381815907954,0.0,0.8981086465592808,0.001074856419709857
2.682621310655328,0.0,0.9466171354312174,0.0011635044792396231
2.6878608054027016,0.0,0.9951256243031539,0.0012521525387693892
2.6931003001500753,0.0,1.0436341131750906,0.001340800598299155
2.698339794897449,0.0,1.092142602047027,0.0014294486578289212
2.7035792896448227,0.0,1.1406510909189636,0.0015180967173586872
2.7088187843921965,0.0,1.1953722529769935,0.0016850134697348831
2.7140582791395698,0.0,1.2503026501423218,0.0018545662143571806
2.7192977738869435,0.0,1.3052330473076545,0.0020241189589794923
2.724537268634317,0.0,1.3601634444729875,0.0021936717036018043
2.729776763381691,0.0,1.4150938416383205,0.0023632244482241164
2.7350162581290647,0.0,1.4700242388036533,0.002532777192846428
2.7402557528764384,0.0,1.5249546359689863,0.0027023299374687396
2.745495247623812,0.0,1.5798850331343193,0.0028718826820910517
2.750734742371186,0.0,1.634815430299652,0.0030414354267133637
2.7559742371185596,0.0,1.6897458274649848,0.0032109881713356754
2.7612137318659333,5.330178189094866e-05,1.744601452391699,0.003608401358179113
2.7664532266133066,0.00010956477388694259,1.7994529233051517,0.004018473458479234
2.7716927213606803,0.0001658277658829413,1.8543043942186093,0.004428545558779388
2.776932216108054,0.00022209075787894,1.9091558651320666,0.0048386176590795435
2.782171710855428,0.00027835374987493874,1.9640073360455241,0.005248689759379699
2.7874112056028015,0.00033461674187093744,2.0188588069589817,0.005658761859679853
2.7926507003501753,0.00039087973386693614,2.073710277872439,0.00606883395998001
2.797890195097549,0.00044714272586293484,2.1285617487858963,0.006478906060280164
2.8031296898449227,0.0005034057178589336,2.1834132196993536,0.0068889781605803195
2.8083691845922965,0.0005596687098549322,2.2382646906128114,0.007299050260880475
2.81360867933967,0.0005618609864932464,2.2932344760135117,0.007907514269634873
2.818848174087044,0.0005598152881440718,2.3482135347118613,0.008531527914457286
2.824087668834417,0.0005577695897948974,2.403192593410206,0.009155541559279648
2.829327163581791,0.0005557238914457228,2.4581716521085553,0.00977955520410206
2.8345666583291647,0.0005536781930965482,2.513150710806905,0.010403568848924474
2.8398061530765384,0.0005516324947473736,2.568129769505254,0.011027582493746888
2.845045647823912,0.000549586796398199,2.6231088282036037,0.011651596138569302
2.850285142571286,0.0005475410980490245,2.678087886901953,0.012275609783391716
2.8555246373186596,0.0005454953996998499,2.733066945600302,0.01289962342821413
2.8607641320660333,0.0005434497013506753,2.7880460042986517,0.013523637073036544
2.866003626813407,0.0009684009309655079,2.8299436941830938,0.01396448587093549
2.8712431215607808,0.0014369954929965294,2.8705043380837947,0.014386613399950003
2.876482616308154,0.001905590055027511,2.911064981984492,0.01480874092896448
2.881722111055528,0.0023741846170585324,2.951625625885193,0.015230868457978993
2.8869616058029015,0.0028427791790895532,2.992186269785894,0.015652995986993504
2.8922011005502752,0.003311373741120575,3.0327469136865943,0.016075123516008018
2.897440595297649,0.0037799683031515966,3.0733075575872952,0.016497251045022532
2.9026800900450227,0.004248562865182617,3.113868201487996,0.016919378574037042
2.9079195847923964,0.004717157427213639,3.154428845388697,0.017341506103051556
2.91315907953977,0.005185751989244661,3.194989489289398,0.017763633632066067
2.918398574287144,0.005378978380690359,3.2244338497168608,0.019143392168084174
2.9236380690345176,0.0055372003436718505,3.2524651232621338,0.020644883459229754
2.9288775637818913,0.005695422306653342,3.2804963968074063,0.02214637475037533
2.9341170585292646,0.0058536442696348195,3.3085276703526767,0.023647866041520783
2.9393565532766384,0.006011866232616311,3.3365589438979493,0.02514935733266636
2.944596048024012,0.0061700881955978025,3.3645902174432223,0.02665084862381194
2.949835542771386,0.006328310158579294,3.392621490988495,0.028152339914957518
2.9550750375187596,0.0064865321215607855,3.420652764533768,0.0296538312061031
2.9603145322661333,0.006644754084542277,3.4486840380790404,0.031155322497248675
2.965554027013507,0.006802976047523768,3.4767153116243135,0.03265681378839425
2.9707935217608807,0.00766950215707859,3.4868337781480743,0.03438436787493756
2.9760330165082545,0.008644525722611368,3.4942083753881947,0.03614655007753888
2.981272511255628,0.009619549288144146,3.5015829726283147,0.0379087322801402
2.9865120060030015,0.010594572853676843,3.5089575698684343,0.039670914482741376
2.991751500750375,0.011569596419209622,3.5163321671085543,0.0414330966853427
2.996990995497749,0.012544619984742399,3.5237067643486744,0.04319527888794402
3.0022304902451227,0.013519643550275177,3.5310813615887944,0.044957461090545346
3.0074699849924964,0.014494667115807956,3.538455958828915,0.046719643293146665
3.01270947973987,0.015469690681340735,3.545830556069035,0.04848182549574799
3.017948974487244,0.016444714246873514,3.553205153309155,0.050244007698349316
3.0231884692346176,0.017363408987994072,3.553527127936968,0.05188344001850939
3.0284279639819913,0.018271937876188176,3.552576291974987,0.05350071925337683
3.033667458729365,0.019180466764382276,3.551625456013006,0.05511799848824427
3.0389069534767383,0.0200889956525763,3.5506746200510255,0.05673527772311157
3.044146448224112,0.0209975245407704,3.5497237840890445,0.058352556957979015
3.049385942971486,0.0219060534289645,3.5487729481270636,0.05996983619284645
3.0546254377188595,0.0228145823171586,3.5478221121650826,0.0615871154277139
3.0598649324662333,0.0237231112053527,3.5468712762031016,0.06320439466258133
3.065104427213607,0.024631640093546806,3.5459204402411206,0.06482167389744878
3.0703439219609807,0.025540168981740906,3.5449696042791397,0.06643895313231621
3.0755834167083544,0.02735719125412716,3.543383626198599,0.06962007289995015
3.080822911455728,0.02936417123411718,3.541664845675087,0.07312817750625333
3.086062406203102,0.0313711512141072,3.5399460651515757,0.07663628211255653
3.0913019009504756,0.033378131194097216,3.538227284628064,0.08014438671885973
3.096541395697849,0.03538511117408707,3.5365085041045523,0.08365249132516263
3.1017808904452226,0.03739209115407709,3.5347897235810404,0.08716059593146581
3.1070203851925964,0.03939907113406711,3.533070943057529,0.09066870053776901
3.11225987993997,0.041406051114057124,3.531352162534017,0.0941768051440722
3.117499374687344,0.04341303109404715,3.5296333820105055,0.0976849097503754
3.1227388694347176,0.04542001107403717,3.5279146014869935,0.1011930143566786
3.1279783641820913,0.04785225672786414,3.507759301255126,0.10435277536818434
3.133217858929465,0.050386196347173805,3.483195268049523,0.10742923682441247
3.1384573536768388,0.05292013596648347,3.45863123484392,0.1105056982806406
3.1436968484242125,0.055454075585793135,3.434067201638317,0.11358215973686872
3.1489363431715858,0.057988015205102585,3.409503168432716,0.11665862119309658
3.1541758379189595,0.06052195482441225,3.384939135227113,0.11973508264932473
3.1594153326663332,0.06305589444372192,3.3603751020215102,0.12281154410555285
3.164654827413707,0.06558983406303158,3.3358110688159073,0.12588800556178098
3.1698943221610807,0.06812377368234124,3.3112470356103043,0.1289644670180091
3.1751338169084544,0.07065771330165091,3.2866830024047013,0.13204092847423723
3.180373311655828,0.07394905320060045,3.2622817097913943,0.1356606290940472
3.185612806403202,0.07744542183766903,3.2379244711600785,0.13942738490145096
3.1908523011505756,0.08094179047473761,3.2135672325287628,0.1431941407088547
3.1960917958979493,0.08443815911180619,3.1892099938974465,0.14696089651625843
3.201331290645323,0.08793452774887477,3.1648527552661307,0.1507276523236622
3.2065707853926964,0.09143089638594304,3.1404955166348167,0.15449440813106563
3.21181028014007,0.09492726502301163,3.116138278003501,0.15826116393846937
3.217049774887444,0.0984236336600802,3.0917810393721847,0.1620279197458731
3.2222892696348175,0.10192000229714879,3.067423800740869,0.16579467555327687
3.2275287643821913,0.10541637093421735,3.043066562109553,0.1695614313606806
3.232768259129565,0.10957756858079074,3.023376797810404,0.17426199545872975
3.2380077538769387,0.11394082210280176,3.0051055796318145,0.17924636403726904
3.2432472486243125,0.11830407562481278,2.986834361453225,0.18423073261580833
3.248486743371686,0.12266732914682381,2.9685631432746358,0.18921510119434765
3.25372623811906,0.12703058266883482,2.9502919250960464,0.19419946977288693
3.258965732866433,0.1313938361908455,2.9320207069174584,0.19918383835142578
3.264205227613807,0.1357570897128565,2.913749488738869,0.2041682069299651
3.2694447223611807,0.14012034323486752,2.8954782705602797,0.20915257550850438
3.2746842171085544,0.14448359675687855,2.8772070523816904,0.21413694408704367
3.279923711855928,0.14884685027888958,2.858935834203101,0.21912131266558296
3.285163206603302,0.15471765352626335,2.8348740993131556,0.22417993124612326
3.2904027013506756,0.16109940483491772,2.808849806745872,0.22926371509579813
3.2956421960980493,0.16748115614357206,2.782825514178588,0.23434749894547297
3.300881690845423,0.1738629074522264,2.7568012216113043,0.23943128279514783
3.3061211855927968,0.18024465876088078,2.7307769290440205,0.2445150666448227
3.3113606803401705,0.18662641006953512,2.704752636476737,0.24959885049449754
3.316600175087544,0.19300816137818894,2.6787283439094556,0.254682634344172
3.3218396698349175,0.19938991268684328,2.652704051342172,0.2597664181938468
3.3270791645822912,0.20577166399549765,2.626679758774888,0.2648502020435217
3.332318659329665,0.212153415304152,2.6006554662076042,0.26993398589319656
3.3375581540770387,0.21741455322611306,2.578733814955978,0.27604877479789897
3.3427976488244124,0.22225449508204106,2.5583541909574787,0.28255107939569796
3.348037143571786,0.2270944369379691,2.537974566958979,0.2890533839934969
3.35327663831916,0.2319343787938971,2.5175949429604794,0.2955556885912959
3.3585161330665336,0.23677432064982515,2.49721531896198,0.3020579931890949
3.3637556278139074,0.24161426250575316,2.4768356949634804,0.30856029778689387
3.3689951225612806,0.24645420436168078,2.4564560709649825,0.3150626023846923
3.3742346173086544,0.2512941462176088,2.4360764469664833,0.3215649069824913
3.379474112056028,0.2561340880735368,2.4156968229679836,0.3280672115802903
3.384713606803402,0.26097402992946483,2.395317198969484,0.3345695161780893
3.3899531015507756,0.2688229675082544,2.371677470027513,0.3410496935802904
3.3951925962981493,0.2779203182061034,2.3466851443536756,0.3475206905502754
3.400432091045523,0.28701766890395236,2.3216928186798387,0.35399168752026045
3.4056715857928967,0.2961150196018013,2.2967004930060018,0.36046268449024543
3.4109110805402705,0.30521237029965026,2.271708167332165,0.3669336814602305
3.416150575287644,0.3143097209974992,2.246715841658328,0.37340467843021546
3.421390070035018,0.3234070716953482,2.2217235159844906,0.3798756754002005
3.4266295647823912,0.3325044223931964,2.196731190310656,0.38634667237018494
3.431869059529765,0.34160177309104534,2.171738864636819,0.39281766934017
3.4371085542771387,0.35069912378889434,2.1467465389629816,0.399288666310155
3.4423480490245124,0.3599530565087543,2.1254858092831417,0.4070469214482241
3.447587543771886,0.36927842263281646,2.105927450038519,0.41539242940020016
3.45282703851926,0.3786037887568786,2.0863690907938963,0.4237379373521763
3.4580665332666336,0.38792915488094076,2.066810731549274,0.4320834453041524
3.4633060280140073,0.3972545210050029,2.0472523723046514,0.44042895325612846
3.468545522761381,0.40657988712906507,2.027694013060029,0.44877446120810455
3.473785017508755,0.4159052532531272,2.0081356538154065,0.45711996916008063
3.479024512256128,0.4252306193771886,1.9885772945707854,0.465465477112056
3.484264007003502,0.43455598550125074,1.969018935326163,0.47381098506403213
3.4895035017508755,0.4438813516253129,1.9494605760815402,0.4821564930160082
3.4947429964982493,0.4532666398049028,1.9297312461020504,0.49009233987693873
3.499982491245623,0.4626818890122565,1.9099164307551268,0.4978233561923464
3.5052219859929967,0.4720971382196102,1.8901016154082033,0.5055543725077541
3.5104614807403705,0.4815123874269639,1.8702868000612798,0.5132853888231619
3.515700975487744,0.4909276366343176,1.8504719847143563,0.5210164051385696
3.520940470235118,0.5003428858416713,1.8306571693674327,0.5287474214539774
3.5261799649824916,0.509758135049025,1.8108423540205092,0.5364784377693851
3.531419459729865,0.5191733842563779,1.7910275386735872,0.5442094540847922
3.5366589544772387,0.5285886334637316,1.7712127233266637,0.5519404704001999
3.5418984492246124,0.5380038826710853,1.7513979079797402,0.5596714867156076
3.547137943971986,0.5471537966893446,1.7349712311695848,0.568486402654327
3.55237743871936,0.5561587019414708,1.7203962114667333,0.5778936823406704
3.5576169334667336,0.5651636071935969,1.7058211917638817,0.5873009620270137
3.5628564282141073,0.5741685124457231,1.6912461720610301,0.5967082417133569
3.568095922961481,0.5831734176978494,1.6766711523581783,0.6061155213997003
3.5733354177088548,0.5921783229499755,1.6620961326553267,0.6155228010860435
3.5785749124562285,0.6011832282021017,1.6475211129524752,0.6249300807723869
3.5838144072036022,0.6101881334542278,1.6329460932496236,0.6343373604587301
3.5890539019509755,0.6191930387063533,1.6183710735467731,0.6437446401450726
3.5942933966983492,0.6281979439584795,1.6037960538439215,0.653151919831416
3.599532891445723,0.6384018421445726,1.5862258669324656,0.6635030092976492
3.6047723861930967,0.6493203401193101,1.5668705603646815,0.6744166093926968
3.6100118809404704,0.6602388380940475,1.5475152537968977,0.6853302094877443
3.615251375687844,0.6711573360687849,1.5281599472291136,0.6962438095827919
3.620490870435218,0.6820758340435222,1.5088046406613298,0.7071574096778395
3.6257303651825916,0.6929943320182597,1.4894493340935457,0.718071009772887
3.6309698599299653,0.7039128299929971,1.4700940275257617,0.7289846098679346
3.636209354677339,0.7148313279677345,1.4507387209579778,0.7398982099629822
3.6414488494247124,0.7257498259424711,1.4313834143901956,0.7508118100580288
3.646688344172086,0.7366683239172084,1.4120281078224115,0.7617254101530764
3.65192783891946,0.7476110655947973,1.3969116997668836,0.7710611965182591
3.6571673336668336,0.7585695356250626,1.3845453209114558,0.7793733599264633
3.6624068284142073,0.7695280056553279,1.3721789420560278,0.7876855233346675
3.667646323161581,0.780486475685593,1.3598125632006,0.7959976867428716
3.6728858179089547,0.7914449457158583,1.3474461843451722,0.8043098501510759
3.6781253126563285,0.8024034157461236,1.3350798054897441,0.8126220135592801
3.683364807403702,0.8133618857763889,1.3227134266343163,0.8209341769674843
3.688604302151076,0.8243203558066541,1.3103470477788886,0.8292463403756886
3.6938437968984497,0.8352788258369194,1.2979806689234608,0.8375585037838927
3.699083291645823,0.8462372958671838,1.2856142900680338,0.8458706671920962
3.7043227863931967,0.8566185634002003,1.273929796694347,0.8550398898984495
3.7095622811405704,0.8665928291723364,1.262726120006503,0.8648134492893951
3.714801775887944,0.8765670949444726,1.251522443318659,0.8745870086803406
3.720041270635318,0.8865413607166087,1.240318766630815,0.884360568071286
3.7252807653826916,0.8965156264887448,1.229115089942971,0.8941341274622315
3.7305202601300653,0.906489892260881,1.217911413255127,0.903907686853177
3.735759754877439,0.9164641580330171,1.2067077365672831,0.9136812462441226
3.740999249624813,0.9264384238051532,1.195504059879439,0.9234548056350681
3.7462387443721865,0.9364126895772893,1.184300383191595,0.9332283650260136
3.75147823911956,0.9463869553494245,1.173096706503752,0.9430019244169583
3.7567177338669335,0.9570659295392695,1.161426601541771,0.9526881754517258
3.7619572286143073,0.9682843486683342,1.1493994519274637,0.9623075930987994
3.767196723361681,0.9795027677973989,1.1373723023131563,0.9719270107458731
3.7724362181090547,0.9907211869264636,1.125345152698849,0.9815464283929467
3.7776757128564284,1.0019396060555281,1.1133180030845418,0.9911658460400204
3.782915207603802,1.0131580251845929,1.1012908534702344,1.0007852636870942
3.788154702351176,1.0243764443136576,1.0892637038559272,1.0104046813341678
3.7933941970985496,1.0355948634427223,1.0772365542416198,1.0200240989812415
3.7986336918459234,1.0468132825717869,1.0652094046273126,1.029643516628315
3.803873186593297,1.0580317017008516,1.0531822550130052,1.0392629342753887
3.8091126813406704,1.0679305468184095,1.0418094291270632,1.0458754864832418
3.814352176088044,1.0767337823209107,1.030979872024762,1.0499915127988997
3.819591670835418,1.085537017823412,1.0201503149224609,1.0541075391145576
3.8248311655827916,1.0943402533259132,1.0093207578201597,1.0582235654302152
3.8300706603301653,1.1031434888284146,0.9984912007178585,1.0623395917458731
3.835310155077539,1.1119467243309158,0.9876616436155573,1.066455618061531
3.8405496498249128,1.1207499598334172,0.9768320865132561,1.0705716443771889
3.8457891445722865,1.1295531953359186,0.9660025294109549,1.0746876706928465
3.85102863931966,1.1383564308384198,0.9551729723086537,1.0788036970085044
3.856268134067034,1.1471596663409211,0.9443434152063526,1.0829197233241623
3.8615076288144072,1.1567417570185092,0.9364570426663333,1.089435469382191
3.866747123561781,1.1670248173536768,0.9312195362323662,1.098110963208354
3.8719866183091547,1.1773078776888446,0.9259820297983992,1.1067864570345174
3.8772261130565284,1.1875909380240124,0.9207445233644321,1.1154619508606805
3.882465607803902,1.19787399835918,0.9155070169304651,1.1241374446868437
3.887705102551276,1.2081570586943478,0.9102695104964981,1.132812938513007
3.8929445972986496,1.2184401190295155,0.905032004062531,1.14148843233917
3.8981840920460233,1.2287231793646831,0.8997944976285639,1.1501639261653334
3.903423586793397,1.239006239699851,0.8945569911945969,1.1588394199914966
3.908663081540771,1.2492893000350187,0.8893194847606298,1.1675149138176597
3.9139025762881445,1.2582338637058539,0.8821926834927455,1.1778422996788407
3.919142071035518,1.2658730618179093,0.873223352114557,1.1897806891583296
3.9243815657828915,1.2735122599299653,0.8642540207363679,1.2017190786378193
3.9296210605302653,1.2811514580420214,0.8552846893581788,1.2136574681173091
3.934860555277639,1.2887906561540774,0.8463153579799897,1.225595857596799
3.9401000500250127,1.2964298542661334,0.8373460266018006,1.2375342470762887
3.9453395447723865,1.3040690523781895,0.8283766952236113,1.2494726365557784
3.95057903951976,1.3117082504902455,0.8194073638454222,1.2614110260352682
3.955818534267134,1.3193474486023016,0.8104380324672331,1.273349415514758
3.9610580290145077,1.3269866467143576,0.801468701089044,1.2852878049942478
3.9662975237618814,1.3343184471680845,0.7932480553551771,1.2939817996143075
3.9715370185092547,1.3413254201993496,0.7858185465135069,1.2992474388416708
3.9767765132566284,1.3483323932306153,0.778389037671836,1.3045130780690344
3.982016008004002,1.355339366261881,0.7709595288301652,1.3097787172963982
3.987255502751376,1.3623463392931465,0.7635300199884942,1.315044356523762
3.9924949974987496,1.3693533123244122,0.7561005111468234,1.3203099957511255
3.9977344922461233,1.3763602853556778,0.7486710023051526,1.3255756349784893
4.002973986993497,1.383367258386943,0.7412414934634823,1.3308412742058526
4.008213481740871,1.390374231418209,0.7338119846218109,1.3361069134332166
4.013452976488244,1.3973812044494742,0.7263824757801406,1.34137255266058
4.018692471235618,1.405343715401701,0.7207156578609304,1.3466423004967485
4.0239319659829915,1.4144004713924458,0.7170674053529266,1.3519167533526761
4.029171460730366,1.4234572273831922,0.7134191528449222,1.3571912062086047
4.034410955477739,1.432513983373937,0.7097709003369185,1.3624656590645323
4.039650450225113,1.4415707393646833,0.706122647828914,1.3677401119204609
4.044889944972486,1.4506274953554281,0.7024743953209103,1.3730145647763885
4.050129439719861,1.4596842513461745,0.6988261428129059,1.3782890176323168
4.055368934467234,1.4687410073369194,0.6951778903049021,1.3835634704882445
4.060608429214607,1.477797763327664,0.6915296377968984,1.388837923344172
4.065847923961981,1.4868545193184104,0.6878813852888939,1.3941123762001006
4.071087418709355,1.4938327538599303,0.6838892745802898,1.4008571540680343
4.076326913456729,1.4982303522201108,0.6794702388024005,1.409427447821662
4.081566408204102,1.5026279505802904,0.6750512030245119,1.417997741575288
4.086805902951476,1.507025548940471,0.6706321672466226,1.4265680353289156
4.09204539769885,1.5114231473006507,0.666213131468734,1.435138329082542
4.097284892446224,1.515820745660831,0.6617940956908447,1.4437086228361693
4.102524387193597,1.5202183440210109,0.6573750599129561,1.4522789165897956
4.10776388194097,1.5246159423811907,0.6529560241350675,1.4608492103434216
4.1130033766883445,1.529013540741371,0.6485369883571781,1.4694195040970492
4.118242871435718,1.5334111391015508,0.6441179525792896,1.4779897978506753
4.123482366183092,1.5386123371991,0.6398671799779886,1.484182053705353
4.128721860930465,1.5448960314134568,0.6358430677733866,1.4871709526255628
4.133961355677839,1.5511797256278146,0.6318189555687839,1.4901598515457732
4.139200850425213,1.5574634198421713,0.6277948433641819,1.493148750465983
4.144440345172587,1.5637471140565289,0.6237707311595793,1.4961376493861933
4.14967983991996,1.5700308082708856,0.6197466189549773,1.4991265483064034
4.154919334667334,1.5763145024852434,0.6157225067503747,1.5021154472266136
4.160158829414708,1.5825981966996,0.6116983945457727,1.5051043461468234
4.165398324162081,1.5888818909139566,0.6076742823411707,1.5080932450670332
4.170637818909455,1.5951655851283144,0.603650170136568,1.5110821439872437
4.175877313656828,1.6001689727178587,0.5999436285822912,1.5143961705052524
4.1811168084042025,1.6032993191340672,0.5967016811275635,1.5181858466570788
4.186356303151576,1.606429665550275,0.5934597336728364,1.5219755228089042
4.19159579789895,1.6095600119664835,0.5902177862181088,1.5257651989607306
4.196835292646323,1.6126903583826913,0.5869758387633817,1.5295548751125563
4.202074787393697,1.6158207047988995,0.583733891308654,1.5333445512643824
4.207314282141071,1.6189510512151075,0.580491943853927,1.537134227416208
4.212553776888445,1.6220813976313158,0.5772499963991993,1.5409239035680342
4.217793271635818,1.6252117440475238,0.5740080489444722,1.54471357971986
4.2230327663831915,1.6283420904637316,0.5707661014897452,1.5485032558716856
4.228272261130566,1.631699084973987,0.5677242349334667,1.5531070593791896
4.233511755877939,1.6354166559974985,0.5650006788974489,1.5590060654979987
4.238751250625313,1.6391342270210107,0.5622771228614306,1.5649050716168087
4.243990745372686,1.642851798044522,0.5595535668254127,1.5708040777356178
4.249230240120061,1.6465693690680343,0.5568300107893944,1.5767030838544278
4.254469734867434,1.6502869400915459,0.5541064547533766,1.582602089973237
4.259709229614808,1.654004511115058,0.5513828987173582,1.588501096092047
4.264948724362181,1.6577220821385696,0.5486593426813404,1.594400102210856
4.2701882191095555,1.6614396531620816,0.5459357866453222,1.600299108329666
4.275427713856929,1.6651572241855932,0.5432122306093042,1.606198114448475
4.280667208604302,1.6679086469284643,0.5407557614152074,1.6115955132826416
4.285906703351676,1.6689858538151576,0.5387621207896445,1.616123688534518
4.2911461980990495,1.670063060701851,0.5367684801640819,1.6206518637863936
4.296385692846424,1.6711402675885445,0.5347748395385189,1.6251800390382698
4.301625187593797,1.6722174744752376,0.5327811989129563,1.6297082142901453
4.306864682341171,1.6732946813619312,0.5307875582873934,1.6342363895420218
4.312104177088544,1.6743718882486243,0.5287939176618308,1.6387645647938973
4.317343671835919,1.6754490951353178,0.5268002770362679,1.6432927400457737
4.322583166583292,1.6765263020220111,0.5248066364107052,1.6478209152976493
4.327822661330665,1.6776035089087042,0.5228129957851426,1.6523490905495248
4.333062156078039,1.6790099466548276,0.5211950711705853,1.6553567901545774
4.338301650825413,1.6810390601568284,0.5202877398811906,1.6554888075580292
4.343541145572787,1.6830681736588295,0.5193804085917958,1.6556208249614808
4.34878064032016,1.6850972871608305,0.5184730773024012,1.6557528423649326
4.354020135067534,1.6871264006628317,0.5175657460130064,1.6558848597683844
4.3592596298149076,1.6891555141648325,0.5166584147236118,1.656016877171836
4.364499124562282,1.6911846276668336,0.515751083434217,1.6561488945752878
4.369738619309655,1.6932137411688346,0.5148437521448224,1.6562809119787394
4.374978114057029,1.6952428546708358,0.5139364208554277,1.6564129293821912
4.3802176088044025,1.6972719681728365,0.513029089566033,1.656544946785643
4.385457103551776,1.697954012537769,0.5118251427588796,1.658103832158079
4.39069659829915,1.6958486599959979,0.5100074299957478,1.6626152366355682
4.395936093046523,1.6937433074542272,0.5081897172326164,1.6671266411130565
4.401175587793897,1.691637954912456,0.5063720044694846,1.6716380455905455
4.406415082541271,1.6895326023706854,0.5045542917063532,1.676149450068034
4.411654577288645,1.6874272498289142,0.5027365789432215,1.680660854545523
4.416894072036018,1.6853218972871435,0.5009188661800901,1.6851722590230114
4.422133566783392,1.6832165447453726,0.4991011534169583,1.6896836635005006
4.427373061530766,1.6811111922036017,0.4972834406538269,1.694195067977989
4.43261255627814,1.6790058396618308,0.4954657278906952,1.6987064724554781
4.437852051025513,1.6781590117173586,0.4937980514477238,1.7004421792551274
4.443091545772886,1.6801696535552775,0.49247103123987,1.6958756872288645
4.4483310405202605,1.6821802953931968,0.49114401103201594,1.691309195202601
4.453570535267634,1.6841909372311155,0.4898169908241621,1.6867427031763382
4.458810030015008,1.6862015790690348,0.488489970616308,1.6821762111500747
4.464049524762381,1.6882122209069534,0.48716295040845414,1.6776097191238117
4.469289019509755,1.6902228627448728,0.4858359302006001,1.6730432270975482
4.474528514257129,1.6922335045827914,0.48450890999274626,1.6684767350712852
4.479768009004503,1.6942441464207108,0.4831818897848922,1.6639102430450217
4.485007503751876,1.6962547882586294,0.4818548695770383,1.659343751018759
4.4902469984992495,1.6965043801950972,0.48053542147273626,1.6563524164962482
4.495486493246624,1.6923513473779384,0.47923490362731347,1.6572989757331167
4.500725987993997,1.6881983145607802,0.47793438578189085,1.6582455349699852
4.505965482741371,1.6840452817436211,0.476633867936468,1.6591920942068537
4.511204977488744,1.679892248926463,0.47533335009104544,1.660138653443722
4.516444472236119,1.6757392161093039,0.4740328322456226,1.6610852126805906
4.521683966983492,1.6715861832921457,0.47273231440019997,1.6620317719174589
4.526923461730866,1.6674331504749869,0.4714317965547772,1.6629783311543274
4.532162956478239,1.6632801176578285,0.47013127870935456,1.6639248903911958
4.5374024512256135,1.6591270848406696,0.4688307608639317,1.6648714496280643
4.542641945972987,1.6556494727288642,0.4680215014237119,1.664579722538769
4.54788144072036,1.6540388253969485,0.46857015436768384,1.6608651851328164
4.553120935467734,1.6524281780650323,0.4691188073116559,1.6571506477268632
4.5583604302151075,1.6508175307331165,0.46966746025562783,1.6534361103209105
4.563599924962482,1.6492068834012004,0.47021611319959983,1.649721572914957
4.568839419709855,1.6475962360692846,0.4707647661435718,1.6460070355090044
4.574078914457229,1.6459855887373684,0.4713134190875438,1.6422924981030511
4.579318409204602,1.6443749414054527,0.47186207203151576,1.6385779606970985
4.584557903951977,1.6427642940735365,0.4724107249754878,1.6348634232911452
4.58979739869935,1.6411536467416208,0.47295937791945974,1.6311488858851924
4.595036893446724,1.6392524531130561,0.47319133702451216,1.627866413418709
4.600276388194097,1.6364588672876437,0.47245059362431213,1.6259109975520258
4.605515882941471,1.6336652814622312,0.4717098502241121,1.6239555816853426
4.610755377688845,1.6308716956368183,0.4709691068239119,1.6220001658186591
4.615994872436218,1.6280781098114059,0.4702283634237119,1.620044749951976
4.621234367183592,1.6252845239859928,0.46948762002351174,1.6180893340852924
4.6264738619309655,1.6224909381605803,0.46874687662331166,1.6161339182186094
4.63171335667834,1.6196973523351674,0.4680061332231115,1.6141785023519257
4.636952851425713,1.616903766509755,0.4672653898229115,1.6122230864852427
4.642192346173087,1.614110180684342,0.4665246464227113,1.610267670618559
4.6474318409204605,1.6114374161445724,0.4657942841555778,1.6086741551070536
4.652671335667835,1.6091794713521759,0.46509956377863926,1.6083231641483242
4.657910830415208,1.60692152655978,0.46440484340170085,1.6079721731895948
4.663150325162581,1.604663581767384,0.46371012302476244,1.6076211822308655
4.668389819909955,1.6024056369749875,0.4630154026478239,1.607270191272136
4.673629314657329,1.6001476921825915,0.46232068227088546,1.6069192003134067
4.678868809404703,1.5978897473901952,0.46162596189394695,1.6065682093546774
4.684108304152076,1.5956318025977991,0.46093124151700854,1.606217218395948
4.68934779889945,1.5933738578054026,0.46023652114007,1.6058662274372186
4.694587293646824,1.5911159130130066,0.4595418007631316,1.6055152364784893
4.699826788394198,1.5888420048224112,0.45900615884792395,1.605019946358179
4.705066283141571,1.5865063844704852,0.459085490985993,1.603966816796148
4.710305777888944,1.5841707641185594,0.45916482312406204,1.6029136872341172
4.7155452726363185,1.5818351437666331,0.4592441552621311,1.601860557672086
4.720784767383692,1.5794995234147073,0.45932348740020007,1.600807428110055
4.726024262131066,1.577163903062781,0.4594028195382691,1.599754298548024
4.731263756878439,1.5748282827108553,0.45948215167633816,1.598701168985993
4.736503251625813,1.572492662358929,0.4595614838144072,1.5976480394239618
4.741742746373187,1.5701570420070032,0.45964081595247624,1.596594909861931
4.746982241120561,1.5678214216550772,0.4597201480905453,1.5955417802998997
4.752221735867934,1.5652050776943467,0.4598560122861431,1.5933627370730359
4.757461230615308,1.5613558259922453,0.4602401591668335,1.586238802750624
4.762700725362682,1.5575065742901446,0.4606243060475238,1.5791148684282135
4.767940220110055,1.553657322588044,0.46100845292821413,1.571990934105803
4.773179714857429,1.5498080708859425,0.4613925998089045,1.564866999783391
4.778419209604802,1.5459588191838418,0.4617767466895948,1.5577430654609803
4.7836587043521765,1.5421095674817404,0.46216089357028517,1.5506191311385684
4.78889819909955,1.5382603157796397,0.4625450404509755,1.5434951968161579
4.794137693846924,1.5344110640775384,0.4629291873316659,1.536371262493746
4.799377188594297,1.5305618123754376,0.4633133342123562,1.5292473281713355
4.8046166833416715,1.5266311626818405,0.46378550936068047,1.5228372900300147
4.809856178089045,1.522289823122061,0.4647018271320661,1.52002918262056
4.815095672836419,1.5179484835622805,0.4656181449034519,1.5172210752111053
4.820335167583792,1.513607144002501,0.4665344626748375,1.5144129678016507
4.8255746623311655,1.5092658044427214,0.4674507804462231,1.511604860392196
4.83081415707854,1.5049244648829412,0.46836709821760886,1.5087967529827413
4.836053651825913,1.5005831253231616,0.4692834159889945,1.5059886455732867
4.841293146573287,1.4962417857633814,0.47019973376038027,1.5031805381638317
4.84653264132066,1.4919004462036018,0.4711160515317659,1.5003724307543773
4.851772136068035,1.4875591066438216,0.4720323693031517,1.4975643233449223
4.857011630815408,1.4834457382891446,0.4728327090965483,1.4946694527808906
4.862251125562782,1.4806726833989492,0.4729511783641821,1.491264474704602
4.867490620310155,1.4778996285087542,0.4730696476318159,1.487859496628314
4.872730115057529,1.4751265736185595,0.47318811689944973,1.4844545185520264
4.877969609804903,1.472353518728364,0.47330658616708354,1.4810495404757378
4.883209104552276,1.4695804638381693,0.47342505543471736,1.4776445623994499
4.88844859929965,1.466807408947974,0.47354352470235117,1.4742395843231615
4.8936880940470235,1.464034354057779,0.473661993969985,1.4708346062468736
4.898927588794398,1.4612612991675837,0.47378046323761885,1.4674296281705852
4.904167083541771,1.4584882442773888,0.4738989325052526,1.4640246500942973
4.909406578289145,1.4553505353976985,0.474083178823912,1.460544186850425
4.9146460730365185,1.4496675416713358,0.47472654895872934,1.4565368371368184
4.919885567783893,1.443984547944972,0.47536991909354687,1.4525294874232113
4.925125062531266,1.4383015542186093,0.4760132892283642,1.4485221377096047
4.930364557278639,1.4326185604922463,0.4766566593631816,1.444514787995998
4.935604052026013,1.4269355667658827,0.47730002949799905,1.440507438282391
4.940843546773387,1.4212525730395198,0.4779433996328164,1.4365000885687844
4.946083041520761,1.415569579313156,0.4785867697676339,1.4324927388551771
4.951322536268134,1.4098865855867933,0.4792301399024513,1.4284853891415707
4.956562031015508,1.4042035918604294,0.47987351003726875,1.4244780394279635
4.961801525762882,1.3987828696868432,0.4805695922626314,1.4201187358704348
4.967041020510256,1.3955914557118554,0.481713727257629,1.4127678246395687
4.972280515257629,1.3924000417368683,0.48285786225262645,1.4054169134087038
4.977520010005003,1.3892086277618805,0.48400199724762405,1.3980660021778377
4.9827595047523765,1.3860172137868931,0.48514613224262143,1.3907150909469728
4.98799899949975,1.382825799811906,0.4862902672376188,1.383364179716108
4.993238494247124,1.3796343858369182,0.4874344022326164,1.376013268485242
4.998477988994497,1.376442971861931,0.48857853722761385,1.368662357254377
5.003717483741871,1.3732515578869433,0.48972267222261145,1.361311446023511
5.008956978489245,1.370060143911956,0.49086680721760884,1.353960534792646
5.014196473236619,1.3667410770900446,0.49197501957979,1.3468001159519754
5.019435967983992,1.3620516194114556,0.4926975919132066,1.3416846889472234
5.024675462731366,1.357362161732866,0.4934201642466234,1.3365692619424705
5.02991495747874,1.352672704054277,0.49414273658004004,1.3314538349377185
5.035154452226114,1.3479832463756873,0.4948653089134568,1.3263384079329656
5.040393946973487,1.3432937886970984,0.4955878812468735,1.3212229809282137
5.04563344172086,1.3386043310185094,0.49631045358029013,1.316107553923462
5.0508729364682345,1.3339148733399198,0.4970330259137069,1.310992126918709
5.056112431215608,1.3292254156613308,0.49775559824712357,1.305876699913957
5.061351925962982,1.3245359579827412,0.49847817058054034,1.3007612729092042
5.066591420710355,1.3197588546748376,0.49922193567133566,1.2959170246753375
5.0718309154577295,1.313724373684842,0.50026973531991,1.2949631488084041
5.077070410205103,1.3076898926948475,0.5013175349684842,1.2940092729414707
5.082309904952477,1.301655411704852,0.5023653346170587,1.293055397074537
5.08754939969985,1.2956209307148574,0.5034131342656328,1.2921015212076037
5.0927888944472235,1.2895864497248628,0.504460933914207,1.2911476453406705
5.098028389194598,1.2835519687348673,0.5055087335627814,1.2901937694737369
5.103267883941971,1.2775174877448727,0.5065565332113556,1.2892398936068035
5.108507378689345,1.2714830067548772,0.50760433285993,1.2882860177398698
5.113746873436718,1.2654485257648826,0.5086521325085042,1.2873321418729367
5.118986368184093,1.2595986635577787,0.5097225971420711,1.2862676048694346
5.124225862931466,1.2576565655885443,0.5112728039579789,1.2828607404752377
5.12946535767884,1.2557144676193095,0.512823010773887,1.2794538760810403
5.134704852426213,1.2537723696500749,0.5143732175897949,1.2760470116868434
5.1399443471735875,1.25183027168084,0.515923424405703,1.2726401472926459
5.145183841920961,1.2498881737116057,0.5174736312216109,1.269233282898449
5.150423336668334,1.247946075742371,0.5190238380375187,1.265826418504252
5.155662831415708,1.2460039777731362,0.5205740448534268,1.2624195541100547
5.1609023261630815,1.2440618798039018,0.5221242516693347,1.2590126897158578
5.166141820910456,1.242119781834667,0.5236744584852429,1.2556058253216602
5.171381315657829,1.240161667824912,0.5252220459314658,1.2521564736188089
5.176620810405203,1.2375805298389189,0.5266677398969487,1.2470543656093038
5.1818603051525765,1.234999391852926,0.5281134338624314,1.2419522575997994
5.187099799899951,1.232418253866933,0.5295591278279143,1.2368501495902942
5.192339294647324,1.2298371158809402,0.5310048217933968,1.2317480415807898
5.197578789394698,1.227255977894947,0.5324505157588797,1.2266459335712847
5.202818284142071,1.2246748399089542,0.5338962097243624,1.2215438255617803
5.208057778889445,1.2220937019229614,0.5353419036898449,1.216441717552276
5.213297273636819,1.2195125639369682,0.5367875976553278,1.2113396095427709
5.218536768384192,1.2169314259509754,0.5382332916208105,1.2062375015332665
5.223776263131566,1.214338849087543,0.5396833578874439,1.2011497890555274
5.22901575787894,1.209475655052526,0.5420013259324663,1.1989195896333165
5.234255252626314,1.204612461017508,0.544319293977489,1.1966893902111053
5.239494747373687,1.199749266982491,0.5466372620225114,1.1944591907888944
5.244734242121061,1.194886072947473,0.5489552300675341,1.192228991366683
5.2499737368684345,1.1900228789124558,0.5512731981125564,1.1899987919444721
5.255213231615809,1.185159684877438,0.5535911661575791,1.1877685925222607
5.260452726363182,1.1802964908424207,0.5559091342026015,1.1855383931000498
5.265692221110555,1.1754332968074037,0.5582271022476237,1.183308193677839
5.270931715857929,1.1705701027723858,0.5605450702926464,1.1810779942556278
5.276171210605303,1.1657069087373686,0.5628630383376688,1.1788477948334168
5.281410705352677,1.1621862268839416,0.5648409245502752,1.175826298758129
5.28665020010005,1.1586860413996998,0.5668136186738368,1.172792721817909
5.291889694847424,1.1551858559154573,0.5687863127973989,1.1697591448776887
5.297129189594798,1.1516856704312155,0.5707590069209605,1.1667255679374688
5.302368684342172,1.148185484946973,0.5727317010445224,1.1636919909972483
5.307608179089545,1.1446852994627312,0.574704395168084,1.1606584140570284
5.312847673836918,1.1411851139784894,0.5766770892916456,1.1576248371168085
5.3180871685842925,1.137684928494247,0.5786497834152076,1.1545912601765882
5.323326663331666,1.1341847430100052,0.5806224775387692,1.1515576832363683
5.32856615807904,1.1306845575257627,0.5825951716623312,1.148524106296148
5.333805652826413,1.130030383235868,0.5844909547653826,1.1453977115182592
5.3390451475737875,1.129479700262131,0.5863839411040521,1.1422679415462729
5.344284642321161,1.1289290172883941,0.5882769274427213,1.1391381715742872
5.349524137068535,1.1283783343146574,0.5901699137813908,1.1360084016023009
5.354763631815908,1.1278276513409204,0.5920629001200601,1.132878631630315
5.360003126563282,1.1272769683671835,0.5939558864587297,1.1297488616583287
5.365242621310656,1.1267262853934468,0.5958488727973988,1.126619091686343
5.370482116058029,1.1261756024197098,0.597741859136068,1.1234893217143571
5.375721610805403,1.125624919445973,0.5996348454747376,1.1203595517423708
5.380961105552776,1.1250742364722361,0.6015278318134069,1.1172297817703851
5.386200600300151,1.1221159900077535,0.6047877730035023,1.1154151199087041
5.391440095047524,1.119017249122061,0.6081274834422213,1.113677201756378
5.396679589794898,1.1159185082363676,0.6114671938809411,1.1119392836040518
5.401919084542271,1.1128197673506752,0.6148069043196601,1.1102013654517258
5.4071585792896455,1.109721026464982,0.6181466147583798,1.1084634472993995
5.412398074037019,1.1066222855792893,0.6214863251970989,1.1067255291470735
5.417637568784393,1.1035235446935963,0.6248260356358185,1.104987610994747
5.422877063531766,1.1004248038079036,0.6281657460745377,1.1032496928424211
5.4281165582791395,1.097326062922211,0.6315054565132567,1.101511774690095
5.433356053026514,1.094227322036518,0.6348451669519763,1.0997738565377686
5.438595547773887,1.0924325420537768,0.6378070775990496,1.0973418137591295
5.443835042521261,1.0907437751525761,0.6407382728159083,1.0948533380840417
5.449074537268634,1.0890550082513757,0.6436694680327666,1.0923648624089544
5.454314032016009,1.0873662413501748,0.6466006632496252,1.0898763867338666
5.459553526763382,1.0856774744489743,0.6495318584664834,1.0873879110587794
5.464793021510756,1.0839887075477737,0.6524630536833421,1.0848994353836916
5.470032516258129,1.0822999406465732,0.6553942489002003,1.0824109597086042
5.475272011005503,1.0806111737453727,0.6583254441170585,1.0799224840335169
5.480511505752877,1.078922406844172,0.6612566393339172,1.077434008358429
5.48575100050025,1.0772336399429716,0.6641878345507753,1.0749455326833417
5.490990495247624,1.0739811446558276,0.6664931066940972,1.0735452636973486
5.496229989994998,1.0705640463806905,0.668732492198099,1.072259542783892
5.501469484742372,1.0671469481055524,0.6709718777021012,1.0709738218704352
5.506708979489745,1.0637298498304153,0.673211263206103,1.0696881009569785
5.511948474237119,1.0603127515552773,0.6754506487101053,1.0684023800435216
5.5171879689844925,1.05689565328014,0.677690034214107,1.0671166591300651
5.522427463731867,1.053478555005002,0.6799294197181093,1.0658309382166082
5.52766695847924,1.0500614567298647,0.6821688052221111,1.0645452173031515
5.532906453226613,1.0466443584547276,0.6844081907261129,1.0632594963896949
5.538145947973987,1.0432272601795896,0.6866475762301151,1.0619737754762382
5.543385442721361,1.0451759661288142,0.6894528176438217,1.0614926591705853
5.548624937468735,1.0478238986908455,0.6923317966548276,1.0611163921905953
5.553864432216108,1.0504718312528765,0.6952107756658329,1.0607401252106052
5.559103926963482,1.0531197638149077,0.6980897546768388,1.0603638582306152
5.564343421710856,1.0557676963769385,0.7009687336878441,1.0599875912506254
5.56958291645823,1.05841562893897,0.7038477126988498,1.0596113242706353
5.574822411205603,1.0610635615010007,0.7067266917098551,1.0592350572906453
5.580061905952977,1.0637114940630321,0.709605670720861,1.0588587903106552
5.5853014007003505,1.066359426625063,0.7124846497318663,1.0584825233306652
5.590540895447724,1.0690073591870937,0.7153636287428716,1.0581062563506753
5.595780390195098,1.0671689012213603,0.717785000375188,1.0570815324447222
5.601019884942471,1.0646282256078037,0.7201347465047526,1.0559553109329665
5.6062593796898454,1.0620875499942468,0.7224844926343176,1.0548290894212105
5.611498874437219,1.0595468743806902,0.7248342387638822,1.0537028679094547
5.616738369184593,1.057006198767133,0.7271839848934472,1.0525766463976987
5.621977863931966,1.0544655231535767,0.7295337310230118,1.0514504248859429
5.62721735867934,1.0519248475400196,0.7318834771525767,1.0503242033741869
5.632456853426714,1.049384171926463,0.7342332232821414,1.049197981862431
5.637696348174088,1.046843496312906,0.7365829694117063,1.048071760350675
5.642935842921461,1.0443028206993494,0.7389327155412709,1.0469455388389193
5.648175337668834,1.0441710671935969,0.7422067334817409,1.0459661673109055
5.653414832416209,1.0444824981705854,0.7456507954942475,1.0450138126938469
5.658654327163582,1.0447939291475739,0.7490948575067535,1.0440614580767884
5.663893821910956,1.0451053601245623,0.75253891951926,1.0431091034597297
5.669133316658329,1.0454167911015508,0.755982981531766,1.0421567488426713
5.6743728114057035,1.0457282220785393,0.7594270435442726,1.0412043942256128
5.679612306153077,1.0460396530555278,0.7628711055567785,1.0402520396085544
5.684851800900451,1.0463510840325163,0.7663151675692851,1.0392996849914957
5.690091295647824,1.0466625150095046,0.7697592295817911,1.0383473303744373
5.6953307903951975,1.046973945986493,0.773203291594297,1.0373949757573788
5.700570285142572,1.0451685780437716,0.7765202263774389,1.0381733974804903
5.705809779889945,1.042912827352176,0.7798101128139069,1.0393200694887443
5.711049274637319,1.04065707666058,0.7830999992503754,1.0404667414969986
5.716288769384692,1.0384013259689844,0.7863898856868433,1.0416134135052526
5.721528264132067,1.0361455752773885,0.7896797721233119,1.0427600855135069
5.72676775887944,1.0338898245857928,0.7929696585597799,1.0439067575217609
5.732007253626814,1.0316340738941967,0.7962595449962484,1.0450534295300151
5.737246748374187,1.0293783232026013,0.7995494314327164,1.0462001015382691
5.7424862431215615,1.0271225725110051,0.8028393178691849,1.0473467735465234
5.747725737868935,1.0248668218194095,0.8061292043056528,1.0484934455547774
5.752965232616308,1.0241057645922962,0.810104607358429,1.0468503447811406
5.758204727363682,1.023707903907954,0.8142465845422714,1.0445293552941468
5.763444222111056,1.0233100432236117,0.818388561726113,1.0422083658071535
5.76868371685843,1.0229121825392695,0.8225305389099553,1.03988737632016
5.773923211605803,1.0225143218549273,0.826672516093797,1.0375663868331666
5.779162706353177,1.022116461170585,0.8308144932776393,1.0352453973461728
5.7844022011005505,1.021718600486243,0.834956470461481,1.0329244078591795
5.789641695847925,1.0213207398019009,0.8390984476453234,1.0306034183721857
5.794881190595298,1.0209228791175586,0.8432404248291651,1.0282824288851924
5.800120685342672,1.0205250184332164,0.8473824020130074,1.0259614393981986
5.805360180090045,1.0198205542068532,0.8510936357681346,1.0250081927391195
5.810599674837419,1.0190318474737368,0.8546865182936471,1.024430747623812
5.815839169584793,1.01824314074062,0.8582794008191601,1.0238533025085041
5.821078664332166,1.0174544340075036,0.8618722833446726,1.0232758573931966
5.82631815907954,1.016665727274387,0.8654651658701856,1.0226984122778888
5.831557653826914,1.0158770205412706,0.8690580483956981,1.0221209671625813
5.836797148574288,1.015088313808154,0.8726509309212112,1.0215435220472735
5.842036643321661,1.0142996070750374,0.8762438134467236,1.020966076931966
5.847276138069035,1.013510900341921,0.8798366959722368,1.0203886318166582
5.8525156328164085,1.0127221936088044,0.8834295784977493,1.0198111867013506
5.857755127563783,1.0112373456600798,0.8872860260332673,1.0192029606930966
5.862994622311156,1.0095379492711354,0.8912237034407208,1.0185852481145572
5.868234117058529,1.0078385528821912,0.8951613808481742,1.017967535536018
5.873473611805903,1.0061391564932465,0.8990990582556283,1.0173498229574787
5.878713106553277,1.004439760104302,0.9030367356630817,1.0167321103789395
5.883952601300651,1.0027403637153576,0.9069744130705358,1.0161143978004001
5.889192096048024,1.0010409673264131,0.9109120904779892,1.015496685221861
5.894431590795398,0.9993415709374686,0.9148497678854433,1.0148789726433216
5.899671085542772,0.9976421745485242,0.9187874452928967,1.0142612600647822
5.904910580290146,0.9959427781595795,0.9227251227003508,1.013643547486243
5.910150075037519,0.9967699181298151,0.9273817909754881,1.0136117913186593
5.915389569784892,0.9984647574557278,0.9322853854072035,1.013781272706353
5.920629064532267,1.000159596781641,0.9371889798389198,1.013950754094047
5.92586855927964,1.0018544361075539,0.9420925742706353,1.014120235481741
5.931108054027014,1.003549275433467,0.9469961687023516,1.0142897168694347
5.936347548774387,1.0052441147593798,0.951899763134067,1.0144591982571285
5.9415870435217615,1.0069389540852929,0.9568033575657833,1.0146286796448223
5.946826538269135,1.0086337934112057,0.9617069519974988,1.0147981610325163
5.952066033016509,1.0103286327371188,0.9666105464292151,1.01496764242021
5.957305527763882,1.0120234720630317,0.9715141408609305,1.0151371238079039
5.962545022511256,1.010474982432216,0.9749573806315661,1.0138142209782388
5.96778451725863,1.0076920077313656,0.9778447760675338,1.0119232826333167
5.973024012006003,1.0049090330305155,0.9807321715035016,1.0100323442883943
5.978263506753377,1.0021260583296647,0.9836195669394698,1.0081414059434717
5.98350300150075,0.9993430836288145,0.9865069623754376,1.0062504675985493
5.988742496248125,0.9965601089279639,0.9893943578114058,1.0043595292536267
5.993981990995498,0.9937771342271137,0.9922817532473736,1.0024685909087043
5.999221485742872,0.990994159526263,0.9951691486833418,1.0005776525637817
6.004460980490245,0.9882111848254128,0.9980565441193096,0.9986867142188595
6.0097004752376195,0.9854282101245622,1.000943939555278,0.9967957758739369
6.014939969984993,0.9845045263946973,1.004660655885943,0.9947572719744873
6.020179464732367,0.9843616125387694,1.0087256279659833,0.9926568010450223
6.02541895947974,0.9842186986828414,1.0127906000460232,0.9905563301155577
6.0306584542271136,0.9840757848269135,1.0168555721260628,0.9884558591860931
6.035897948974488,0.9839328709709855,1.0209205442061033,0.9863553882566282
6.041137443721861,0.9837899571150576,1.0249855162861432,0.9842549173271635
6.046376938469235,0.9836470432591295,1.0290504883661835,0.9821544463976986
6.0516164332166085,0.9835041294032016,1.0331154604462234,0.9800539754682339
6.056855927963983,0.9833612155472736,1.0371804325262637,0.9779535045387691
6.062095422711356,0.9832183016913457,1.0412454046063035,0.9758530336093044
6.06733491745873,0.9821027162173585,1.0453097755810412,0.975248950246123
6.072574412206103,0.9805382053811904,1.0493738691225616,0.975335507298149
6.077813906953477,0.9789736945450225,1.0534379626640822,0.9754220643501751
6.083053401700851,0.9774091837088543,1.0575020562056032,0.9755086214022011
6.088292896448224,0.9758446728726863,1.0615661497471236,0.975595178454227
6.093532391195598,0.9742801620365181,1.0656302432886449,0.9756817355062531
6.098771885942972,0.9727156512003502,1.0696943368301652,0.9757682925582791
6.104011380690346,0.9711511403641819,1.0737584303716863,0.9758548496103052
6.109250875437719,0.969586629528014,1.0778225239132067,0.9759414066623312
6.114490370185093,0.9680221186918457,1.081886617454728,0.9760279637143572
6.1197298649324665,0.9663942986398198,1.0859374707398701,0.9756112691955978
6.124969359679841,0.9647344656258127,1.0899816289519766,0.9749401002976488
6.130208854427214,0.9630746326118058,1.0940257871640822,0.9742689313996998
6.135448349174587,0.961414799597799,1.098069945376188,0.9735977625017509
6.140687843921961,0.9597549665837918,1.1021141035882944,0.9729265936038018
6.145927338669335,0.9580951335697849,1.1061582618004002,0.9722554247058529
6.151166833416709,0.9564353005557777,1.1102024200125067,0.9715842558079039
6.156406328164082,0.9547754675417709,1.1142465782246123,0.9709130869099549
6.161645822911456,0.9531156345277637,1.1182907364367187,0.9702419180120059
6.16688531765883,0.9514558015137569,1.1223348946488245,0.9695707491140569
6.172124812406204,0.9497085489019508,1.1260693406695852,0.9665118092223607
6.177364307153577,0.9479129944112056,1.1296326616663332,0.9621335561745872
6.182603801900951,0.94611743992046,1.133195982663082,0.9577553031268129
6.1878432966483246,0.9443218854297148,1.13675930365983,0.9533770500790394
6.193082791395698,0.9425263309389695,1.140322624656578,0.9489987970312659
6.198322286143072,0.940730776448224,1.1438859456533268,0.9446205439834916
6.203561780890445,0.9389352219574788,1.1474492666500749,0.9402422909357181
6.2088012756378195,0.9371396674667333,1.1510125876468236,0.9358640378879438
6.214040770385193,0.9353441129759881,1.1545759086435716,0.9314857848401703
6.219280265132567,0.9335485584852424,1.1581392296403203,0.927107531792396
6.22451975987994,0.9320459742928964,1.1612804574587294,0.9251167471090546
6.229759254627314,0.9307198782321159,1.1641674122781394,0.92456419638019
6.234998749374688,0.9293937821713356,1.1670543670975488,0.9240116456513257
6.240238244122062,0.9280676861105551,1.1699413219169588,0.9234590949224611
6.245477738869435,0.9267415900497747,1.1728282767363682,0.9229065441935967
6.250717233616808,0.9254154939889945,1.175715231555778,0.9223539934647323
6.255956728364183,0.924089397928214,1.1786021863751879,0.9218014427358678
6.261196223111556,0.9227633018674336,1.1814891411945974,0.9212488920070034
6.26643571785893,0.9214372058066531,1.1843760960140073,0.9206963412781389
6.271675212606303,0.9201111097458728,1.187263050833417,0.9201437905492745
6.2769147073536775,0.9186161737748871,1.1908824918781897,0.9201506064867434
6.282154202101051,0.917010546078539,1.1949821521080544,0.9205241441390696
6.287393696848425,0.9154049183821907,1.1990818123379197,0.9208976817913958
6.292633191595798,0.9137992906858428,1.2031814725677843,0.9212712194437219
6.2978726863431715,0.9121936629894947,1.207281132797649,0.921644757096048
6.303112181090546,0.9105880352931464,1.2113807930275142,0.9220182947483743
6.308351675837919,0.9089824075967983,1.2154804532573789,0.9223918324007003
6.313591170585293,0.90737677990045,1.2195801134872442,0.9227653700530265
6.3188306653326665,0.905771152204102,1.2236797737171088,0.9231389077053527
6.324070160080041,0.9041655245077537,1.227779433946974,0.9235124453576788
6.329309654827414,0.9034752422068534,1.2306204401823413,0.9221165047808904
6.334549149574788,0.9034370943936968,1.2325647229709857,0.9194599058949471
6.339788644322161,0.9033989465805402,1.23450900575963,0.9168033070090044
6.3450281390695356,0.9033607987673836,1.2364532885482744,0.9141467081230612
6.350267633816909,0.903322650954227,1.2383975713369186,0.9114901092371184
6.355507128564282,0.9032845031410704,1.2403418541255626,0.9088335103511757
6.360746623311656,0.903246355327914,1.242286136914207,0.9061769114652324
6.36598611805903,0.9032082075147574,1.2442304197028513,0.9035203125792897
6.371225612806404,0.9031700597016008,1.2461747024914958,0.9008637136933465
6.376465107553777,0.9031319118884442,1.24811898528014,0.8982071148074037
6.381704602301151,0.9016897417328662,1.250385626941971,0.8953653657401198
6.3869440970485245,0.8991617942991496,1.252901559465733,0.8923804338659329
6.392183591795899,0.8966338468654325,1.255417491989495,0.8893955019917456
6.397423086543272,0.8941058994317158,1.2579334245132565,0.8864105701175587
6.402662581290646,0.8915779519979987,1.2604493570370188,0.8834256382433714
6.407902076038019,0.8890500045642821,1.2629652895607804,0.8804407063691845
6.413141570785393,0.8865220571305654,1.265481222084542,0.8774557744949977
6.418381065532767,0.8839941096968483,1.2679971546083042,0.8744708426208103
6.42362056028014,0.8814661622631317,1.2705130871320658,0.8714859107466235
6.428860055027514,0.8789382148294146,1.273029019655828,0.868500978872436
6.434099549774888,0.8767783769034517,1.275715227216358,0.8675316728291645
6.439339044522262,0.8749272759839918,1.2785442460980492,0.8682528916763382
6.444578539269635,0.8730761750645323,1.2813732649797398,0.8689741105235118
6.449818034017009,0.8712250741450723,1.284202283861431,0.8696953293706855
6.4550575287643825,0.8693739732256127,1.2870313027431217,0.870416548217859
6.460297023511756,0.8675228723061531,1.2898603216248123,0.8711377670650325
6.46553651825913,0.8656717713866932,1.2926893405065034,0.8718589859122062
6.470776013006503,0.8638206704672335,1.2955183593881943,0.8725802047593798
6.4760155077538775,0.8619695695477736,1.2983473782698853,0.8733014236065534
6.481255002501251,0.8601184686283141,1.301176397151576,0.874022642453727
6.486494497248625,0.8579632203281636,1.302833295677839,0.8731748930732863
6.491733991995998,0.8555314744092044,1.3034246302446224,0.8709008089404701
6.496973486743372,0.8530997284902447,1.3040159648114058,0.8686267248076535
6.502212981490746,0.8506679825712854,1.3046072993781892,0.8663526406748372
6.50745247623812,0.8482362366523257,1.3051986339449726,0.8640785565420206
6.512691970985493,0.8458044907333665,1.305789968511756,0.8618044724092043
6.517931465732866,0.8433727448144072,1.3063813030785394,0.8595303882763882
6.523170960480241,0.8409409988954475,1.3069726376453228,0.8572563041435716
6.528410455227614,0.8385092529764882,1.3075639722121062,0.8549822200107553
6.533649949974988,0.8360775070575285,1.3081553067788896,0.8527081358779387
6.538889444722361,0.8344363351128063,1.3101411603919462,0.8502124467313655
6.5441289394697355,0.8335739375307653,1.3135007193341675,0.8474984601085539
6.549368434217109,0.8327115399487244,1.3168602782763883,0.8447844734857427
6.554607928964483,0.8318491423666833,1.3202198372186098,0.8420704868629311
6.559847423711856,0.8309867447846423,1.3235793961608306,0.8393565002401199
6.56508691845923,0.8301243472026012,1.3269389551030522,0.8366425136173082
6.570326413206604,0.8292619496205602,1.330298514045273,0.833928526994497
6.575565907953977,0.8283995520385193,1.3336580729874938,0.8312145403716859
6.580805402701351,0.8275371544564782,1.3370176319297151,0.8285005537488742
6.5860448974487245,0.8266747568744373,1.340377190871936,0.825786567126063
6.591284392196099,0.8253993846700849,1.342089748687844,0.8237026765050024
6.596523886943472,0.8236832208999499,1.342044367477739,0.8222913235852927
6.601763381690846,0.8219670571298148,1.3419989862676338,0.8208799706655827
6.607002876438219,0.8202508933596798,1.3419536050575287,0.819468617745873
6.6122423711855935,0.8185347295895447,1.3419082238474238,0.8180572648261629
6.617481865932967,0.8168185658194097,1.3418628426373187,0.8166459119064532
6.622721360680341,0.8151024020492745,1.3418174614272136,0.8152345589867432
6.627960855427714,0.8133862382791396,1.3417720802171087,0.8138232060670335
6.633200350175088,0.8116700745090046,1.3417266990070036,0.8124118531473238
6.638439844922462,0.8099539107388694,1.3416813177968985,0.8110005002276138
6.643679339669835,0.8082831717336169,1.342590291524262,0.8097036579582292
6.648918834417209,0.806664978132066,1.3446032217738872,0.8085392766573286
6.6541583291645825,0.8050467845305153,1.3466161520235118,0.8073748953564283
6.659397823911957,0.8034285909289643,1.3486290822731368,0.8062105140555277
6.66463731865933,0.8018103973274137,1.3506420125227616,0.8050461327546273
6.669876813406704,0.8001922037258626,1.3526549427723866,0.8038817514537268
6.675116308154077,0.798574010124312,1.3546678730220112,0.8027173701528263
6.680355802901451,0.7969558165227614,1.356680803271636,0.8015529888519259
6.685595297648825,0.7953376229212104,1.358693733521261,0.8003886075510254
6.690834792396198,0.7937194293196597,1.3607066637708858,0.799224226250125
6.696074287143572,0.7926837617993996,1.3618006368494249,0.798108291416458
6.701313781890946,0.7923787202116057,1.361742019577789,0.7970531199484742
6.70655327663832,0.7920736786238118,1.361683402306153,0.7959979484804901
6.711792771385693,0.791768637036018,1.3616247850345173,0.7949427770125062
6.717032266133067,0.7914635954482241,1.3615661677628814,0.7938876055445221
6.7222717608804405,0.7911585538604302,1.3615075504912457,0.7928324340765381
6.727511255627815,0.7908535122726362,1.3614489332196098,0.7917772626085541
6.732750750375188,0.7905484706848424,1.361390315947974,0.7907220911405701
6.737990245122561,0.7902434290970485,1.3613316986763382,0.7896669196725862
6.7432297398699355,0.7899383875092546,1.3612730814047025,0.7886117482046021
6.748469234617309,0.7887995107851424,1.3604900646128064,0.7878083116630815
6.753708729364683,0.7865258288459226,1.3587211786513256,0.7873474729504751
6.758948224112056,0.7842521469067032,1.356952292689845,0.7868866342378689
6.76418771885943,0.7819784649674834,1.355183406728364,0.7864257955252625
6.769427213606804,0.779704783028264,1.3534145207668835,0.7859649568126562
6.774666708354178,0.7774311010890441,1.3516456348054025,0.7855041181000499
6.779906203101551,0.7751574191498247,1.3498767488439218,0.7850432793874437
6.785145697848925,0.7728837372106049,1.348107862882441,0.7845824406748373
6.790385192596299,0.7706100552713855,1.3463389769209604,0.784121601962231
6.795624687343672,0.7683363733321661,1.3445700909594798,0.7836607632496247
6.800864182091046,0.7665734699334666,1.3442275799877441,0.782753532264382
6.806103676838419,0.7655656304642321,1.3459936233486745,0.781186417050025
6.8113431715857935,0.7645577909949974,1.347759666709605,0.7796193018356676
6.816582666333167,0.7635499515257629,1.3495257100705353,0.7780521866213106
6.821822161080541,0.7625421120565281,1.351291753431466,0.7764850714069532
6.827061655827914,0.7615342725872936,1.3530577967923962,0.7749179561925962
6.832301150575288,0.7605264331180589,1.3548238401533268,0.7733508409782389
6.837540645322662,0.7595185936488243,1.3565898835142571,0.7717837257638819
6.842780140070036,0.7585107541795897,1.3583559268751877,0.7702166105495245
6.848019634817409,0.7575029147103551,1.360121970236118,0.7686494953351675
6.8532591295647824,0.7569747830525262,1.361314912144072,0.7675917264584792
6.858498624312157,0.7572179463071536,1.3615863968139068,0.7673529065952976
6.86373811905953,0.7574611095617809,1.3618578814837419,0.767114086732116
6.868977613806904,0.7577042728164082,1.3621293661535767,0.7668752668689345
6.874217108554277,0.7579474360710355,1.3624008508234116,0.7666364470057528
6.8794566033016515,0.7581905993256629,1.3626723354932466,0.7663976271425712
6.884696098049025,0.7584337625802902,1.3629438201630815,0.7661588072793897
6.889935592796399,0.7586769258349175,1.3632153048329165,0.765919987416208
6.895175087543772,0.7589200890895448,1.3634867895027514,0.7656811675530265
6.900414582291146,0.7591632523441721,1.3637582741725862,0.765442347689845
6.90565407703852,0.7588189298196596,1.3633333878194094,0.7647246046138066
6.910893571785893,0.7574454942751375,1.361688651536268,0.7631679201855927
6.916133066533267,0.7560720587306151,1.3600439152531263,0.7616112357573784
6.9213725612806405,0.7546986231860929,1.3583991789699847,0.7600545513291644
6.926612056028015,0.7533251876415705,1.3567544426868432,0.7584978669009502
6.931851550775388,0.7519517520970485,1.3551097064037017,0.7569411824727362
6.937091045522762,0.750578316552526,1.3534649701205599,0.755384498044522
6.942330540270135,0.7492048810080039,1.3518202338374186,0.753827813616308
6.94757003501751,0.7478314454634816,1.3501754975542768,0.7522711291880937
6.952809529764883,0.7464580099189594,1.3485307612711355,0.7507144447598797
6.958049024512256,0.7458667281060531,1.347183507946223,0.7495927264222111
6.96328851925963,0.7467712439404703,1.3464051636363181,0.749302841046023
6.968528014007004,0.7476757597748875,1.3456268193264131,0.7490129556698348
6.973767508754378,0.7485802756093048,1.3448484750165082,0.7487230702936468
6.979007003501751,0.7494847914437219,1.3440701307066032,0.7484331849174587
6.984246498249125,0.7503893072781392,1.3432917863966982,0.7481432995412706
6.9894859929964985,0.7512938231125563,1.3425134420867935,0.7478534141650826
6.994725487743873,0.7521983389469736,1.3417350977768883,0.7475635287888944
6.999964982491246,0.7531028547813907,1.3409567534669835,0.7472736434127063
7.00520447723862,0.754007370615808,1.3401784091570785,0.7469837580365183
7.0104439719859934,0.7546544804374687,1.3389208106488242,0.7470638174922463
7.015683466733367,0.7547628334882441,1.336660121957979,0.7479181800845423
7.020922961480741,0.7548711865390195,1.3343994332671334,0.7487725426768385
7.026162456228114,0.7549795395897949,1.3321387445762882,0.7496269052691346
7.031401950975488,0.7550878926405703,1.3298780558854426,0.7504812678614308
7.036641445722862,0.7551962456913457,1.3276173671945972,0.7513356304537269
7.041880940470236,0.7553045987421211,1.3253566785037516,0.7521899930460231
7.047120435217609,0.7554129517928965,1.3230959898129064,0.7530443556383192
7.052359929964983,0.7555213048436719,1.3208353011220608,0.7538987182306154
7.057599424712357,0.7556296578944472,1.3185746124312154,0.7547530808229115
7.06283891945973,0.7553661523106554,1.3167315585997998,0.7554191438689344
7.068078414207104,0.7542482938309154,1.3158480294867434,0.7556525848169084
7.073317908954477,0.7531304353511756,1.3149645003736867,0.7558860257648824
7.0785574037018515,0.7520125768714356,1.3140809712606303,0.7561194667128565
7.083796898449225,0.7508947183916959,1.3131974421475736,0.7563529076608304
7.089036393196599,0.7497768599119559,1.3123139130345172,0.7565863486088044
7.094275887943972,0.7486590014322161,1.3114303839214607,0.7568197895567784
7.099515382691346,0.7475411429524761,1.310546854808404,0.7570532305047524
7.10475487743872,0.7464232844727362,1.3096633256953476,0.7572866714527263
7.109994372186094,0.7453054259929963,1.308779796582291,0.7575201124007004
7.115233866933467,0.7447318169202103,1.3075521724919956,0.7576012376865933
7.12047336168084,0.7455356886473238,1.3054536531495746,0.7572968560755378
7.125712856428215,0.7463395603744374,1.3033551338071532,0.7569924744644821
7.130952351175588,0.7471434321015509,1.3012566144647322,0.7566880928534266
7.136191845922962,0.7479473038286645,1.2991580951223107,0.7563837112423711
7.141431340670335,0.748751175555778,1.2970595757798897,0.7560793296313156
7.1466708354177095,0.7495550472828916,1.2949610564374683,0.75577494802026
7.151910330165083,0.7503589190100051,1.2928625370950473,0.7554705664092045
7.157149824912457,0.7511627907371187,1.2907640177526258,0.755166184798149
7.16238931965983,0.7519666624642322,1.2886654984102048,0.7548618031870935
7.1676288144072045,0.7528676879232118,1.286490518845172,0.7549398258769388
7.172868309154578,0.7540407438314158,1.284101450656828,0.7560885806093048
7.178107803901951,0.7552137997396198,1.2817123824684842,0.7572373353416709
7.183347298649325,0.756386855647824,1.2793233142801397,0.7583860900740372
7.1885867933966985,0.7575599115560281,1.2769342460917956,0.7595348448064033
7.193826288144073,0.7587329674642322,1.2745451779034513,0.7606835995387696
7.199065782891446,0.7599060233724363,1.2721561097151073,0.7618323542711357
7.20430527763882,0.7610790792806404,1.269767041526763,0.7629811090035019
7.209544772386193,0.7622521351888445,1.267377973338419,0.764129863735868
7.214784267133568,0.7634251910970486,1.2649889051500747,0.7652786184682343
7.220023761880941,0.7644105708569284,1.2627007498611804,0.7662459847533768
7.225263256628315,0.7648116393096549,1.2607267770015003,0.7666486158729365
7.230502751375688,0.7652127077623812,1.2587528041418208,0.7670512469924964
7.235742246123062,0.7656137762151075,1.256778831282141,0.7674538781120561
7.240981740870436,0.7660148446678339,1.254804858422461,0.7678565092316159
7.246221235617809,0.7664159131205602,1.2528308855627814,0.7682591403511756
7.251460730365183,0.7668169815732867,1.2508569127031013,0.7686617714707354
7.2567002251125565,0.767218050026013,1.2488829398434216,0.7690644025902952
7.261939719859931,0.7676191184787394,1.2469089669837417,0.769467033709855
7.267179214607304,0.7680201869314657,1.244934994124062,0.7698696648294148
7.272418709354678,0.7684686361748374,1.243068553010005,0.7705485551323163
7.277658204102051,0.7690821196328164,1.2415766606728365,0.7721896965232617
7.282897698849425,0.7696956030907953,1.240084768335668,0.773830837914207
7.288137193596799,0.7703090865487744,1.2385928759984992,0.7754719793051527
7.293376688344172,0.7709225700067533,1.2371009836613307,0.7771131206960981
7.298616183091546,0.7715360534647324,1.235609091324162,0.7787542620870437
7.30385567783892,0.7721495369227114,1.2341171989869935,0.780395403477989
7.309095172586294,0.7727630203806904,1.2326253066498247,0.7820365448689346
7.314334667333667,0.7733765038386693,1.2311334143126564,0.78367768625988
7.319574162081041,0.7739899872966484,1.2296415219754877,0.7853188276508256
7.324813656828415,0.7748434714044522,1.2278394011983491,0.7867013417753878
7.330053151575789,0.776639180285643,1.2248193465457726,0.7870685044097049
7.335292646323162,0.7784348891668335,1.2217992918931964,0.787435667044022
7.340532141070535,0.780230598048024,1.2187792372406203,0.7878028296783391
7.3457716358179095,0.7820263069292147,1.2157591825880438,0.7881699923126564
7.351011130565283,0.7838220158104052,1.2127391279354676,0.7885371549469735
7.356250625312657,0.785617724691596,1.209719073282891,0.7889043175812908
7.36149012006003,0.7874134335727865,1.206699018630315,0.7892714802156079
7.366729614807404,0.7892091424539773,1.2036789639777383,0.789638642849925
7.371969109554778,0.7910048513351677,1.2006589093251623,0.7900058054842422
7.377208604302152,0.7926729040865435,1.1978697753279135,0.7904969312298652
7.382448099049525,0.7937708760390196,1.1961118760380187,0.7915416456643323
7.387687593796899,0.7948688479914959,1.1943539767481237,0.7925863600987997
7.392927088544273,0.7959668199439721,1.192596077458229,0.7936310745332668
7.398166583291646,0.7970647918964483,1.1908381781683341,0.7946757889677339
7.40340607803902,0.7981627638489246,1.189080278878439,0.7957205034022012
7.408645572786393,0.7992607358014008,1.1873223795885441,0.7967652178366684
7.4138850675337675,0.8003587077538771,1.1855644802986491,0.7978099322711357
7.419124562281141,0.8014566797063533,1.1838065810087544,0.7988546467056029
7.424364057028515,0.8025546516588297,1.1820486817188594,0.7998993611400702
7.429603551775888,0.8036696068529265,1.1800642329929965,0.800969702791896
7.4348430465232624,0.8048718297808907,1.1769156687038516,0.8021717289144574
7.440082541270636,0.8060740527088546,1.173767104414707,0.8033737550370186
7.44532203601801,0.8072762756368187,1.1706185401255624,0.8045757811595801
7.450561530765383,0.8084784985647825,1.167469975836418,0.8057778072821412
7.4558010255127565,0.8096807214927464,1.1643214115472738,0.8069798334047024
7.461040520260131,0.8108829444207105,1.1611728472581289,0.8081818595272637
7.466280015007504,0.8120851673486744,1.1580242829689844,0.8093838856498249
7.471519509754878,0.8132873902766384,1.1548757186798397,0.8105859117723863
7.476759004502251,0.8144896132046023,1.1517271543906953,0.8117879378949475
7.481998499249626,0.815731759029515,1.1487316832193595,0.8131058625110057
7.487237993996999,0.8172134422361181,1.1466547707548773,0.815119178088044
7.492477488744373,0.8186951254427216,1.144577858290395,0.8171324936650828
7.497716983491746,0.8201768086493247,1.142500945825913,0.8191458092421211
7.50295647823912,0.8216584918559279,1.1404240333614308,0.8211591248191595
7.508195972986494,0.8231401750625313,1.1383471208969485,0.8231724403961982
7.513435467733867,0.8246218582691345,1.1362702084324663,0.8251857559732365
7.518674962481241,0.826103541475738,1.134193295967984,0.8271990715502753
7.5239144572286145,0.8275852246823411,1.132116383503502,0.8292123871273136
7.529153951975989,0.8290669078889445,1.1300394710390194,0.8312257027043524
7.534393446723362,0.8305809746538269,1.1280132889804904,0.8332823908189094
7.539632941470736,0.8323263525492748,1.1263494669644822,0.8356488827728867
7.544872436218109,0.8340717304447224,1.1246856449484743,0.8380153747268635
7.550111930965484,0.8358171083401703,1.123021822932466,0.8403818666808408
7.555351425712857,0.8375624862356179,1.121358000916458,0.8427483586348176
7.56059092046023,0.8393078641310655,1.1196941789004502,0.8451148505887944
7.565830415207604,0.8410532420265134,1.118030356884442,0.8474813425427716
7.571069909954978,0.842798619921961,1.1163665348684342,0.8498478344967485
7.576309404702352,0.844543997817409,1.1147027128524258,0.8522143264507258
7.581548899449725,0.8462893757128566,1.113038890836418,0.8545808184047026
7.586788394197099,0.8481005588134072,1.111236163271385,0.8568206356798401
7.592027888944473,0.8504863337048527,1.1082205531075535,0.8579543667348676
7.597267383691847,0.8528721085962987,1.1052049429437212,0.8590880977898951
7.60250687843922,0.8552578834877442,1.1021893327798895,0.8602218288449226
7.607746373186594,0.8576436583791901,1.0991737226160574,0.8613555598999503
7.6129858679339675,0.8600294332706356,1.0961581124522257,0.8624892909549776
7.618225362681341,0.8624152081620812,1.093142502288394,0.8636230220100051
7.623464857428715,0.8648009830535272,1.090126892124562,0.8647567530650326
7.628704352176088,0.8671867579449727,1.0871112819607303,0.8658904841200601
7.633943846923462,0.8695725328364186,1.0840956717968981,0.8670242151750877
7.639183341670836,0.8719029492373688,1.081087530388194,0.8682040730077539
7.64442283641821,0.8736193896528267,1.0781622242636315,0.8698955187378692
7.649662331165583,0.8753358300682843,1.0752369181390693,0.8715869644679841
7.654901825912957,0.8770522704837421,1.0723116120145069,0.8732784101980993
7.660141320660331,0.8787687108991997,1.0693863058899447,0.8749698559282142
7.665380815407704,0.8804851513146573,1.0664609997653827,0.8766613016583291
7.670620310155078,0.8822015917301153,1.0635356936408202,0.8783527473884444
7.675859804902451,0.8839180321455729,1.060610387516258,0.8800441931185593
7.6810992996498255,0.8856344725610307,1.0576850813916956,0.8817356388486745
7.686338794397199,0.8873509129764883,1.0547597752671334,0.8834270845787894
7.691578289144573,0.8890678878966985,1.0519763063299148,0.8851119204727366
7.696817783891946,0.8907928590080041,1.0513147217153576,0.8866978732176088
7.70205727863932,0.8925178301193099,1.0506531371008003,0.8882838259624815
7.707296773386694,0.8942428012306154,1.049991552486243,0.8898697787073537
7.712536268134068,0.8959677723419212,1.0493299678716859,0.8914557314522263
7.717775762881441,0.8976927434532267,1.0486683832571286,0.8930416841970986
7.7230152576288145,0.8994177145645322,1.0480067986425714,0.8946276369419709
7.728254752376189,0.901142685675838,1.047345214028014,0.8962135896868435
7.733494247123562,0.9028676567871435,1.0466836294134567,0.8977995424317158
7.738733741870936,0.9045926278984493,1.0460220447988995,0.8993854951765884
7.743973236618309,0.90636428874012,1.045289987245623,0.9010627920977988
7.749212731365684,0.909185095287644,1.0429743613046523,0.9047926463931969
7.754452226113057,0.9120059018351676,1.0406587353636818,0.9085225006885943
7.759691720860431,0.9148267083826916,1.0383431094227111,0.9122523549839925
7.764931215607804,0.9176475149302152,1.036027483481741,0.9159822092793899
7.7701707103551785,0.9204683214777394,1.03371185754077,0.919712063574788
7.775410205102552,0.9232891280252629,1.0313962315997998,0.9234419178701855
7.780649699849925,0.9261099345727865,1.0290806056588293,0.9271717721655829
7.785889194597299,0.9289307411203106,1.0267649797178586,0.930901626460981
7.7911286893446725,0.9317515476678341,1.0244493537768884,0.9346314807563785
7.796368184092047,0.9345400821895951,1.0221396200197597,0.9382904044489745
7.80160767883942,0.935930162261631,1.0200852142291144,0.9388756686868435
7.806847173586794,0.9373202423336671,1.0180308084384688,0.9394609329247124
7.812086668334167,0.938710322405703,1.0159764026478237,0.9400461971625813
7.817326163081542,0.9401004024777392,1.0139219968571782,0.9406314614004503
7.822565657828915,0.9414904825497751,1.0118675910665331,0.9412167256383193
7.827805152576289,0.9428805626218112,1.0098131852758876,0.9418019898761882
7.833044647323662,0.9442706426938471,1.0077587794852423,0.9423872541140571
7.838284142071036,0.945660722765883,1.0057043736945972,0.942972518351926
7.84352363681841,0.9470508028379192,1.0036499679039517,0.9435577825897951
7.848763131565783,0.94844484173962,1.0015966734099548,0.9441483954687345
7.854002626313157,0.9514144948479244,0.9999856749819908,0.9468677674937473
7.8592421210605306,0.9543841479562283,0.9983746765540269,0.9495871395187596
7.864481615807905,0.9573538010645327,0.9967636781260628,0.9523065115437723
7.869721110555278,0.9603234541728366,0.995152679698099,0.9550258835687846
7.874960605302652,0.963293107281141,0.9935416812701349,0.9577452555937973
7.8802001000500255,0.9662627603894449,0.991930682842171,0.9604646276188096
7.885439594797399,0.9692324134977488,0.9903196844142071,0.963183999643822
7.890679089544773,0.9722020666060532,0.988708685986243,0.9659033716688347
7.895918584292146,0.9751717197143571,0.9870976875582791,0.9686227436938469
7.90115807903952,0.9781413728226616,0.985486689130315,0.9713421157188596
7.906397573786894,0.9798060255747874,0.9833709597188593,0.9730594084762381
7.911637068534268,0.9814473747491247,0.9812462172541269,0.9747588069609806
7.916876563281641,0.9830887239234617,0.9791214747893946,0.9764582054457229
7.922116058029015,0.984730073097799,0.9769967323246621,0.9781576039304655
7.927355552776389,0.9863714222721361,0.97487198985993,0.9798570024152077
7.932595047523763,0.9880127714464735,0.9727472473951974,0.9815564008999502
7.937834542271136,0.9896541206208105,0.9706225049304652,0.9832557993846924
7.943074037018509,0.9912954697951475,0.9684977624657329,0.9849551978694346
7.9483135317658835,0.9929368189694848,0.9663730200010004,0.9866545963541772
7.953553026513257,0.9945781681438218,0.9642482775362682,0.9883539948389194
7.958792521260631,0.9971064866268136,0.9623289699809904,0.9900226048414209
7.964032016008004,0.9996694523484242,0.9604176872268635,0.9916900121688345
7.969271510755378,1.0022324180700353,0.9585064044727362,0.9933574194962483
7.974511005502752,1.004795383791646,0.9565951217186093,0.995024826823662
7.979750500250126,1.007358349513257,0.954683838964482,0.9966922341510759
7.984989994997499,1.0099213152348676,0.9527725562103551,0.9983596414784894
7.990229489744873,1.0124842809564787,0.9508612734562277,1.0000270488059033
7.995468984492247,1.0150472466780893,0.9489499907021008,1.001694456133317
8.00070847923962,1.0176102123997,0.9470387079479738,1.0033618634607306
8.005947973986993,1.0201731781213106,0.9451274251938468,1.005029270788144
8.011187468734368,1.021676808891446,0.9439731078404199,1.0069217096953482
8.016426963481742,1.0231156399172088,0.9428650942216106,1.0088279138321665
8.021666458229115,1.0245544709429717,0.9417570806028013,1.0107341179689848
8.026905952976488,1.0259933019687344,0.940649066983992,1.0126403221058031
8.032145447723863,1.0274321329944978,0.9395410533651822,1.0145465262426219
8.037384942471236,1.0288709640202605,0.9384330397463729,1.0164527303794402
8.04262443721861,1.0303097950460232,0.9373250261275636,1.0183589345162585
8.047863931965983,1.031748626071786,0.9362170125087543,1.0202651386530768
8.053103426713356,1.0331874570975488,0.935108998889945,1.0221713427898949
8.058342921460731,1.0346262881233121,0.9340009852711353,1.0240775469267138
8.063582416208105,1.0360541166118062,0.9319549690150072,1.0259492967643824
8.068821910955478,1.0374810182561283,0.9298299362323661,1.027818144201851
8.074061405702851,1.0389079199004503,0.9277049034497249,1.0296869916393196
8.079300900450226,1.0403348215447727,0.925579870667083,1.031555839076789
8.0845403951976,1.0417617231890948,0.9234548378844418,1.0334246865142573
8.089779889944973,1.0431886248334168,0.9213298051018007,1.035293533951726
8.095019384692346,1.0446155264777388,0.9192047723191595,1.0371623813891946
8.100258879439721,1.0460424281220613,0.9170797395365177,1.0390312288266639
8.105498374187095,1.0474693297663833,0.9149547067538766,1.0409000762641323
8.110737868934468,1.0488962314107053,0.9128296739712354,1.042768923701601
8.115977363681841,1.0505678487728864,0.9117887049204602,1.0454251795632816
8.121216858429214,1.052265977004502,0.9108651761073037,1.0481667380042519
8.12645635317659,1.0539641052361184,0.9099416472941468,1.0509082964452232
8.131695847923963,1.055662233467734,0.9090181184809903,1.0536498548861934
8.136935342671336,1.0573603616993497,0.9080945896678339,1.0563914133271637
8.14217483741871,1.0590584899309654,0.9071710608546774,1.059132971768134
8.147414332166084,1.0607566181625816,0.9062475320415205,1.061874530209105
8.152653826913458,1.0624547463941973,0.905324003228364,1.0646160886500755
8.157893321660831,1.0641528746258129,0.9044004744152075,1.0673576470910457
8.163132816408204,1.0658510028574286,0.903476945602051,1.070099205532016
8.168372311155577,1.0675295248299146,0.9017745241665835,1.0713011604352176
8.173611805902953,1.0692054289212107,0.8999681028639317,1.0722975432751378
8.178851300650326,1.0708813330125062,0.8981616815612805,1.0732939261150576
8.1840907953977,1.072557237103802,0.8963552602586293,1.0742903089549776
8.189330290145072,1.0742331411950974,0.8945488389559781,1.0752866917948973
8.194569784892447,1.0759090452863935,0.8927424176533264,1.0762830746348175
8.19980927963982,1.077584949377689,0.8909359963506752,1.0772794574747375
8.205048774387194,1.0792608534689845,0.889129575048024,1.0782758403146573
8.210288269134567,1.08093675756028,0.8873231537453729,1.0792722231545773
8.21552776388194,1.0826126616515754,0.8855167324427217,1.080268605994497
8.220767258629316,1.0848546794357181,0.8846168588659329,1.081532463977989
8.226006753376689,1.0871872095835418,0.8838619275127564,1.0828390868826914
8.231246248124062,1.0895197397313656,0.8831069961595799,1.0841457097873937
8.236485742871436,1.0918522698791893,0.8823520648064033,1.0854523326920957
8.24172523761881,1.0941848000270138,0.8815971334532265,1.0867589555967985
8.246964732366184,1.0965173301748374,0.8808422021000499,1.0880655785015008
8.252204227113557,1.0988498603226613,0.8800872707468734,1.089372201406203
8.25744372186093,1.101182390470485,0.8793323393936969,1.0906788243109051
8.262683216608306,1.1035149206183095,0.8785774080405201,1.0919854472156079
8.267922711355679,1.1058474507661333,0.8778224766873436,1.0932920701203102
8.273162206103052,1.1071840339684844,0.8765708712771385,1.0954706826958478
8.278401700850425,1.1083338771185594,0.8752261394812406,1.097812793334667
8.283641195597799,1.1094837202686343,0.8738814076853427,1.1001549039734864
8.288880690345174,1.1106335634187097,0.8725366758894444,1.1024970146123065
8.294120185092547,1.1117834065687846,0.8711919440935465,1.1048391252511258
8.29935967983992,1.1129332497188595,0.8698472122976487,1.1071812358899453
8.304599174587294,1.1140830928689345,0.8685024805017508,1.1095233465287646
8.309838669334669,1.1152329360190099,0.8671577487058525,1.1118654571675846
8.315078164082042,1.1163827791690848,0.8658130169099546,1.114207567806404
8.320317658829415,1.11753262231916,0.8644682851140567,1.1165496784452233
8.325557153576788,1.1189795401065534,0.8635554002676337,1.1170907258244123
8.330796648324162,1.1204907636843422,0.8627359944864932,1.1172419089004504
8.336036143071537,1.1220019872621316,0.8619165887053524,1.1173930919764883
8.34127563781891,1.1235132108399204,0.8610971829242119,1.1175442750525264
8.346515132566283,1.1250244344177092,0.8602777771430714,1.1176954581285643
8.351754627313657,1.126535657995498,0.8594583713619308,1.1178466412046024
8.356994122061032,1.1280468815732871,0.85863896558079,1.1179978242806403
8.362233616808405,1.129558105151076,0.8578195597996495,1.1181490073566784
8.367473111555778,1.1310693287288647,0.857000154018509,1.1183001904327163
8.372712606303152,1.1325805523066534,0.8561807482373686,1.1184513735087542
8.377952101050525,1.1340697598364182,0.856086362006003,1.1206557899214609
8.3831915957979,1.1355535321543275,0.856170964975988,1.123367098314158
8.388431090545273,1.1370373044722364,0.856255567945973,1.1260784067068539
8.393670585292647,1.1385210767901452,0.8563401709159579,1.12878971509955
8.39891008004002,1.140004849108054,0.856424773885943,1.1315010234922462
8.404149574787395,1.1414886214259634,0.856509376855928,1.1342123318849433
8.409389069534768,1.1429723937438723,0.856593979825913,1.1369236402776395
8.414628564282141,1.1444561660617811,0.8566785827958979,1.1396349486703354
8.419868059029515,1.14593993837969,0.856763185765883,1.1423462570630316
8.42510755377689,1.1474237106975993,0.856847788735868,1.1450575654557287
8.430347048524263,1.1483626891865935,0.8562571530805401,1.1459185990530265
8.435586543271636,1.149149754011756,0.8554782297316157,1.14626369064007
8.44082603801901,1.1499368188369186,0.8546993063826912,1.1466087822271136
8.446065532766383,1.150723883662081,0.8539203830337668,1.146953873814157
8.451305027513758,1.151510948487244,0.8531414596848422,1.1472989654012007
8.456544522261131,1.1522980133124063,0.8523625363359177,1.1476440569882442
8.461784017008505,1.1530850781375688,0.8515836129869934,1.1479891485752876
8.467023511755878,1.1538721429627314,0.850804689638069,1.148334240162331
8.472263006503253,1.154659207787894,0.8500257662891443,1.1486793317493749
8.477502501250626,1.1554462726130568,0.8492468429402199,1.1490244233364182
8.482741995998,1.156929912225613,0.8487388013081539,1.150227703197599
8.487981490745373,1.1586312314592297,0.8483154102126063,1.1516991668944472
8.493220985492746,1.1603325506928464,0.8478920191170585,1.1531706305912957
8.498460480240121,1.1620338699264636,0.8474686280215106,1.1546420942881443
8.503699974987494,1.1637351891600802,0.8470452369259629,1.1561135579849926
8.508939469734868,1.165436508393697,0.8466218458304151,1.1575850216818409
8.514178964482241,1.1671378276273137,0.8461984547348674,1.1590564853786893
8.519418459229616,1.168839146860931,0.8457750636393195,1.160527949075538
8.52465795397699,1.1705404660945475,0.8453516725437717,1.1619994127723863
8.529897448724363,1.1722417853281644,0.8449282814482241,1.1634708764692345
8.535136943471736,1.1724311001355678,0.8444857092861431,1.164303780802401
8.540376438219111,1.1720942782676338,0.8440364626313155,1.1649144837353678
8.545615932966484,1.1717574563996997,0.8435872159764881,1.1655251866683343
8.550855427713858,1.171420634531766,0.8431379693216607,1.1661358896013005
8.55609492246123,1.1710838126638319,0.8426887226668334,1.166746592534267
8.561334417208604,1.170746990795898,0.842239476012006,1.1673572954672335
8.56657391195598,1.170410168927964,0.8417902293571785,1.1679679984002
8.571813406703352,1.17007334706003,0.8413409827023511,1.1685787013331665
8.577052901450726,1.1697365251920961,0.8408917360475237,1.169189404266133
8.582292396198099,1.169399703324162,0.8404424893926963,1.1698001071990993
8.587531890945474,1.1700269066368187,0.8400795954102049,1.169805422606303
8.592771385692847,1.1710256613211607,0.8397499831868434,1.1695774115712856
8.59801088044022,1.172024416005503,0.8394203709634817,1.1693494005362681
8.603250375187594,1.1730231706898449,0.8390907587401201,1.1691213895012504
8.608489869934967,1.174021925374187,0.8387611465167584,1.168893378466233
8.613729364682342,1.1750206800585294,0.8384315342933966,1.1686653674312155
8.618968859429716,1.1760194347428714,0.838101922070035,1.168437356396198
8.624208354177089,1.1770181894272136,0.8377723098466733,1.1682093453611806
8.629447848924462,1.1780169441115556,0.8374426976233117,1.167981334326163
8.634687343671837,1.179015698795898,0.8371130853999499,1.1677533232911455
8.63992683841921,1.179933821044022,0.8373958775087544,1.1687114773486744
8.645166333166584,1.1808176745067533,0.8379389414587294,1.1701737515705353
8.650405827913957,1.1817015279694847,0.8384820054087043,1.1716360257923961
8.65564532266133,1.182585381432216,0.8390250693586793,1.1730983000142567
8.660884817408705,1.1834692348949476,0.8395681333086544,1.174560574236118
8.666124312156079,1.184353088357679,0.8401111972586294,1.1760228484579789
8.671363806903452,1.18523694182041,0.8406542612086043,1.1774851226798397
8.676603301650825,1.1861207952831414,0.8411973251585793,1.1789473969017006
8.6818427963982,1.187004648745873,0.8417403891085544,1.1804096711235619
8.687082291145574,1.1878885022086043,0.8422834530585294,1.1818719453454227
8.692321785892947,1.18829078075988,0.8420690647703852,1.1827699948229113
8.69756128064032,1.1884682063194096,0.8415010131210606,1.1834046011293147
8.702800775387695,1.1886456318789396,0.8409329614717358,1.184039207435718
8.708040270135069,1.1888230574384693,0.8403649098224112,1.184673813742121
8.713279764882442,1.189000482997999,0.8397968581730866,1.1853084200485242
8.718519259629815,1.1891779085575287,0.839228806523762,1.1859430263549275
8.723758754377188,1.1893553341170584,0.8386607548744374,1.1865776326613307
8.728998249124563,1.1895327596765883,0.8380927032251125,1.187212238967734
8.734237743871937,1.189710185236118,0.8375246515757879,1.187846845274137
8.73947723861931,1.1898876107956478,0.8369565999264633,1.1884814515805404
8.744716733366683,1.1902370484672335,0.8366870245772887,1.1889732655827914
8.749956228114058,1.1906744468779389,0.8365700791543271,1.1893920607931467
8.755195722861432,1.1911118452886442,0.8364531337313657,1.189810856003502
8.760435217608805,1.1915492436993496,0.8363361883084042,1.190229651213857
8.765674712356178,1.191986642110055,0.8362192428854428,1.1906484464242122
8.770914207103552,1.1924240405207602,0.8361022974624813,1.1910672416345673
8.776153701850927,1.1928614389314658,0.8359853520395197,1.1914860368449225
8.7813931965983,1.1932988373421711,0.8358684066165583,1.1919048320552776
8.786632691345673,1.1937362357528765,0.8357514611935968,1.1923236272656328
8.791872186093046,1.1941736341635818,0.8356345157706353,1.192742422475988
8.797111680840421,1.1941550374087042,0.8358157324207105,1.1931222022106054
8.802351175587795,1.193881724604302,0.8361635005412708,1.1934801881443222
8.807590670335168,1.1936084117999,0.836511268661831,1.193838174078039
8.812830165082541,1.1933350989954976,0.8368590367823913,1.1941961600117559
8.818069659829915,1.1930617861910955,0.8372068049029515,1.1945541459454727
8.82330915457729,1.1927884733866934,0.8375545730235119,1.1949121318791898
8.828548649324663,1.192515160582291,0.8379023411440721,1.1952701178129066
8.833788144072036,1.1922418477778889,0.8382501092646324,1.1956281037466234
8.83902763881941,1.1919685349734868,0.8385978773851926,1.19598608968034
8.844267133566785,1.1916952221690844,0.838945645505753,1.196344075614057
8.849506628314158,1.1911368011705852,0.8390810652081041,1.19562207936068
8.854746123061531,1.1904047860700349,0.8390871921235618,1.1942425133079038
8.859985617808904,1.1896727709694845,0.8390933190390195,1.1928629472551273
8.86522511255628,1.1889407558689342,0.8390994459544773,1.1914833812023506
8.870464607303653,1.188208740768384,0.839105572869935,1.1901038151495744
8.875704102051026,1.1874767256678338,0.8391116997853927,1.188724249096798
8.8809435967984,1.1867447105672835,0.8391178267008504,1.1873446830440217
8.886183091545773,1.1860126954667334,0.8391239536163082,1.1859651169912455
8.891422586293148,1.1852806803661828,0.8391300805317659,1.1845855509384688
8.896662081040521,1.1845486652656325,0.8391362074472236,1.1832059848856924
8.901901575787894,1.1843068639719858,0.8390554237473736,1.1831237861965982
8.907141070535268,1.1843898293254127,0.8389170617648825,1.1839010933859428
8.912380565282643,1.1844727946788394,0.8387786997823912,1.1846784005752877
8.917620060030016,1.184555760032266,0.8386403377998999,1.1854557077646324
8.92285955477739,1.1846387253856927,0.8385019758174087,1.186233014953977
8.928099049524763,1.1847216907391196,0.8383636138349174,1.1870103221433217
8.933338544272136,1.1848046560925463,0.8382252518524261,1.1877876293326664
8.93857803901951,1.184887621445973,0.8380868898699348,1.1885649365220112
8.943817533766884,1.1849705867993996,0.8379485278874437,1.1893422437113557
8.949057028514257,1.1850535521528265,0.8378101659049524,1.1901195509007003
8.95429652326163,1.185304232963982,0.837819399502251,1.1899791088574287
8.959536018009006,1.1856756399882442,0.8379348764694847,1.1891780455992995
8.964775512756379,1.1860470470125062,0.8380503534367183,1.1883769823411705
8.970015007503752,1.1864184540367684,0.838165830403952,1.1875759190830415
8.975254502251126,1.1867898610610306,0.8382813073711856,1.1867748558249125
8.980493996998499,1.1871612680852925,0.8383967843384191,1.1859737925667835
8.985733491745874,1.1875326751095547,0.8385122613056528,1.1851727293086542
8.990972986493247,1.187904082133817,0.8386277382728864,1.1843716660505252
8.99621248124062,1.1882754891580791,0.83874321524012,1.1835706027923962
9.001451975987994,1.188646896182341,0.8388586922073537,1.1827695395342672
9.006691470735369,1.1884697110705351,0.8393533190375189,1.1820488310935466
9.011930965482742,1.187863938352426,0.840144156698099,1.1813908998539269
9.017170460230115,1.187258165634317,0.8409349943586794,1.180732968614307
9.022409954977489,1.186652392916208,0.8417258320192595,1.1800750373746873
9.027649449724864,1.1860466201980988,0.8425166696798401,1.1794171061350673
9.032888944472237,1.18544084747999,0.8433075073404203,1.1787591748954476
9.03812843921961,1.184835074761881,0.8440983450010004,1.178101243655828
9.043367933966984,1.184229302043772,0.8448891826615808,1.1774433124162083
9.048607428714357,1.183623529325663,0.8456800203221609,1.1767853811765885
9.053846923461732,1.1830177566075537,0.8464708579827415,1.1761274499369685
9.059086418209105,1.1825499271190596,0.8468392424867434,1.1758383793256628
9.064325912956479,1.1821989662001,0.8468497152886443,1.1758618156355678
9.069565407703852,1.1818480052811406,0.8468601880905452,1.1758852519454728
9.074804902451227,1.181497044362181,0.8468706608924462,1.1759086882553778
9.0800443971986,1.1811460834432217,0.8468811336943471,1.1759321245652827
9.085283891945974,1.180795122524262,0.8468916064962481,1.1759555608751877
9.090523386693347,1.1804441616053027,0.846902079298149,1.1759789971850927
9.09576288144072,1.1800932006863432,0.84691255210005,1.1760024334949974
9.101002376188095,1.1797422397673836,0.8469230249019509,1.1760258698049024
9.106241870935468,1.1793912788484242,0.8469334977038518,1.1760493061148074
9.111481365682842,1.1792017444507255,0.8473588718724361,1.175226172591796
9.116720860430215,1.1791604430605303,0.8481652371998498,1.17362566003952
9.12196035517759,1.1791191416703353,0.8489716025272637,1.1720251474872434
9.127199849924963,1.17907784028014,0.8497779678546773,1.1704246349349674
9.132439344672337,1.179036538889945,0.850584333182091,1.1688241223826914
9.13767883941971,1.1789952374997499,0.8513906985095047,1.1672236098304154
9.142918334167083,1.178953936109555,0.8521970638369183,1.1656230972781394
9.148157828914458,1.1789126347193597,0.8530034291643322,1.164022584725863
9.153397323661832,1.1788713333291647,0.8538097944917459,1.162422072173587
9.158636818409205,1.1788300319389695,0.8546161598191595,1.160821559621311
9.163876313156578,1.1780187672671338,0.8553158120400199,1.160160625458229
9.169115807903953,1.176441389130065,0.8559092847198599,1.1604345717923963
9.174355302651326,1.1748640109929964,0.8565027573996998,1.1607085181265633
9.1795947973987,1.173286632855928,0.8570962300795397,1.1609824644607305
9.184834292146073,1.1717092547188594,0.8576897027593796,1.1612564107948975
9.190073786893448,1.1701318765817905,0.8582831754392197,1.1615303571290647
9.195313281640821,1.168554498444722,0.8588766481190596,1.1618043034632317
9.200552776388195,1.1669771203076535,0.8594701207988995,1.1620782497973987
9.205792271135568,1.165399742170585,0.8600635934787394,1.1623521961315657
9.211031765882941,1.1638223640335166,0.8606570661585793,1.162626142465733
9.216271260630316,1.1620594965597792,0.8615187128934471,1.1622741203916955
9.22151075537769,1.1600966483949469,0.8626694847813909,1.1612472261275635
9.226750250125063,1.1581338002301147,0.8638202566693348,1.1602203318634314
9.231989744872436,1.1561709520652823,0.8649710285572788,1.1591934375992994
9.237229239619811,1.1542081039004495,0.866121800445223,1.158166543335167
9.242468734367185,1.152245255735617,0.8672725723331669,1.157139649071035
9.247708229114558,1.150282407570785,0.8684233442211108,1.1561127548069032
9.252947723861931,1.1483195594059525,0.8695741161090547,1.1550858605427712
9.258187218609304,1.1463567112411204,0.8707248879969985,1.1540589662786391
9.26342671335668,1.1443938630762875,0.8718756598849429,1.1530320720145069
9.268666208104053,1.1433024305812904,0.8727130675307655,1.1519864934662327
9.273905702851426,1.1432292283526762,0.873184315871936,1.1509190827381188
9.2791451975988,1.1431560261240619,0.8736555642131066,1.149851672010005
9.284384692346174,1.1430828238954476,0.8741268125542774,1.1487842612818906
9.289624187093548,1.1430096216668333,0.8745980608954479,1.1477168505537767
9.294863681840921,1.142936419438219,0.8750693092366184,1.1466494398256626
9.300103176588294,1.1428632172096047,0.8755405575777889,1.1455820290975487
9.30534267133567,1.1427900149809904,0.8760118059189597,1.1445146183694344
9.310582166083043,1.1427168127523761,0.8764830542601303,1.1434472076413205
9.315821660830416,1.1426436105237618,0.8769543026013008,1.1423797969132066
9.32106115557779,1.142390726162081,0.8777630748764385,1.1413810339329664
9.326300650325162,1.1419101763704351,0.878999505317909,1.1404692507696348
9.331540145072537,1.141429626578789,0.8802359357593801,1.139557467606303
9.33677963981991,1.1409490767871435,0.8814723662008507,1.1386456844429713
9.342019134567284,1.1404685269954977,0.8827087966423214,1.1377339012796397
9.347258629314657,1.139987977203852,0.883945227083792,1.136822118116308
9.352498124062032,1.139507427412206,0.885181657525263,1.1359103349529762
9.357737618809406,1.13902687762056,0.8864180879667337,1.1349985517896446
9.362977113556779,1.1385463278289143,0.8876545184082043,1.134086768626313
9.368216608304152,1.1380657780372685,0.8888909488496749,1.1331749854629816
9.373456103051526,1.1374615263746874,0.8898872980465232,1.1325970577573787
9.3786955977989,1.1366871846395696,0.8905535355320162,1.132478181306153
9.383935092546274,1.135912842904452,0.8912197730175089,1.1323593048549274
9.389174587293647,1.1351385011693347,0.8918860105030015,1.132240428403702
9.39441408204102,1.134364159434217,0.8925522479884943,1.1321215519524763
9.399653576788396,1.1335898176990993,0.8932184854739872,1.1320026755012507
9.404893071535769,1.132815475963982,0.8938847229594798,1.131883799050025
9.410132566283142,1.1320411342288643,0.8945509604449726,1.1317649225987993
9.415372061030515,1.131266792493747,0.8952171979304653,1.131646046147574
9.420611555777889,1.1304924507586294,0.8958834354159579,1.1315271696963483
9.425851050525264,1.1290363549064528,0.8965553298899451,1.130642448522761
9.431090545272637,1.1265618888419207,0.8972356744904953,1.1286137467951474
9.43633004002001,1.1240874227773885,0.8979160190910456,1.1265850450675337
9.441569534767384,1.1216129567128565,0.8985963636915958,1.1245563433399202
9.446809029514759,1.1191384906483237,0.8992767082921462,1.1225276416123058
9.452048524262132,1.1166640245837915,0.8999570528926965,1.120498939884692
9.457288019009505,1.1141895585192594,0.9006373974932467,1.1184702381570786
9.462527513756879,1.1117150924547274,0.9013177420937969,1.1164415364294649
9.467767008504254,1.1092406263901946,0.9019980866943473,1.1144128347018505
9.473006503251627,1.1067661603256624,0.9026784312948976,1.1123841329742368
9.478245997999,1.1047195186013006,0.9034446495842922,1.1110914624662331
9.483485492746373,1.1033680914297148,0.904350412618059,1.110994842690095
9.488724987493747,1.102016664258129,0.9052561756518258,1.110898222913957
9.493964482241122,1.100665237086543,0.9061619386855929,1.110801603137819
9.499203976988495,1.0993138099149573,0.9070677017193597,1.1107049833616809
9.504443471735868,1.0979623827433715,0.9079734647531266,1.1106083635855428
9.509682966483242,1.096610955571786,0.9088792277868933,1.1105117438094048
9.514922461230617,1.0952595284001998,0.9097849908206604,1.1104151240332667
9.52016195597799,1.093908101228614,0.9106907538544273,1.1103185042571286
9.525401450725363,1.0925566740570285,0.9115965168881941,1.1102218844809906
9.530640945472737,1.0915380949974987,0.9123985251485742,1.1094282244567286
9.53588044022011,1.091108934469735,0.9130168009977487,1.1074002223264137
9.541119934967485,1.090679773941971,0.9136350768469235,1.1053722201960978
9.546359429714858,1.090250613414207,0.9142533526960981,1.1033442180657829
9.551598924462231,1.0898214528864432,0.9148716285452726,1.101316215935468
9.556838419209605,1.0893922923586794,0.9154899043944471,1.099288213805153
9.56207791395698,1.0889631318309152,0.9161081802436218,1.0972602116748373
9.567317408704353,1.0885339713031514,0.9167264560927965,1.0952322095445222
9.572556903451726,1.0881048107753877,0.917344731941971,1.0932042074142072
9.5777963981991,1.0876756502476237,0.9179630077911455,1.0911762052838923
9.583035892946473,1.0870502120230117,0.9185974705997998,1.0896003209684844
9.588275387693848,1.0860452073699347,0.9192632361315658,1.0888987527216107
9.593514882441221,1.0850402027168582,0.9199290016633317,1.0881971844747373
9.598754377188595,1.084035198063782,0.9205947671950976,1.087495616227864
9.603993871935968,1.0830301934107054,0.9212605327268634,1.0867940479809906
9.609233366683343,1.0820251887576284,0.9219262982586295,1.086092479734117
9.614472861430716,1.081020184104552,0.9225920637903953,1.0853909114872435
9.61971235617809,1.0800151794514756,0.9232578293221612,1.08468934324037
9.624951850925463,1.0790101747983991,0.923923594853927,1.0839877749934965
9.630191345672838,1.0780051701453222,0.9245893603856931,1.083286206746623
9.635430840420211,1.0773238082736367,0.9254980103036523,1.08260718478089
9.640670335167584,1.0773276588531766,0.9269208920080043,1.0819758975197595
9.645909829914958,1.0773315094327163,0.9283437737123564,1.081344610258629
9.651149324662331,1.0773353600122562,0.9297666554167086,1.0807133229974986
9.656388819409706,1.0773392105917958,0.931189537121061,1.0800820357363679
9.66162831415708,1.0773430611713357,0.9326124188254131,1.0794507484752374
9.666867808904453,1.0773469117508754,0.9340353005297652,1.0788194612141069
9.672107303651826,1.0773507623304153,0.9354581822341173,1.0781881739529764
9.677346798399201,1.077354612909955,0.9368810639384698,1.0775568866918457
9.682586293146574,1.0773584634894948,0.9383039456428218,1.0769255994307152
9.687825787893948,1.076539810447223,0.9396061928599302,1.0762275364017007
9.69306528264132,1.0738088364842417,0.9406279648941973,1.0753742197123561
9.698304777388694,1.0710778625212605,0.9416497369284643,1.0745209030230116
9.70354427213607,1.0683468885582783,0.9426715089627318,1.0736675863336667
9.708783766883442,1.065615914595297,0.9436932809969988,1.0728142696443221
9.714023261630816,1.0628849406323158,0.9447150530312658,1.0719609529549774
9.719262756378189,1.0601539666693345,0.9457368250655329,1.0711076362656329
9.724502251125564,1.057422992706352,0.9467585970998003,1.070254319576288
9.729741745872937,1.0546920187433708,0.9477803691340674,1.0694010028869434
9.73498124062031,1.0519610447803895,0.9488021411683344,1.0685476861975987
9.740220735367684,1.0497827917978988,0.949898351293647,1.0670258351770883
9.745460230115057,1.0490208863279138,0.9511853090272637,1.0637908649329666
9.750699724862432,1.0482589808579286,0.9524722667608808,1.0605558946888436
9.755939219609806,1.0474970753879438,0.9537592244944976,1.0573209244447217
9.761178714357179,1.0467351699179588,0.9550461822281142,1.0540859542006
9.766418209104552,1.0459732644479738,0.956333139961731,1.0508509839564781
9.771657703851927,1.0452113589779888,0.9576200976953481,1.0476160137123554
9.7768971985993,1.0444494535080038,0.9589070554289648,1.0443810434682335
9.782136693346674,1.0436875480380188,0.9601940131625815,1.0411460732241118
9.787376188094047,1.042925642568034,0.9614809708961982,1.03791110297999
9.792615682841422,1.0422768524977486,0.9624846502666334,1.0353814236933465
9.797855177588795,1.0419489186093045,0.9626847996645823,1.034852329334167
9.803094672336169,1.0416209847208604,0.9628849490625313,1.0343232349749876
9.808334167083542,1.041293050832416,0.9630850984604803,1.033794140615808
9.813573661830915,1.040965116943972,0.9632852478584292,1.0332650462566284
9.81881315657829,1.0406371830555277,0.9634853972563783,1.0327359518974486
9.824052651325664,1.0403092491670836,0.9636855466543273,1.032206857538269
9.829292146073037,1.0399813152786392,0.9638856960522761,1.0316777631790894
9.83453164082041,1.0396533813901951,0.9640858454502251,1.0311486688199099
9.839771135567785,1.0393254475017508,0.9642859948481741,1.0306195744607303
9.845010630315159,1.038498880032516,0.9647947044782395,1.0302395347728863
9.850250125062532,1.0360985003239118,0.9662773073409207,1.0303299488914457
9.855489619809905,1.0336981206153075,0.9677599102036019,1.030420363010005
9.860729114557278,1.0312977409067035,0.9692425130662831,1.0305107771285642
9.865968609304653,1.0288973611980987,0.9707251159289648,1.0306011912471236
9.871208104052027,1.0264969814894944,0.972207718791646,1.0306916053656827
9.8764475987994,1.0240966017808903,0.9736903216543272,1.030782019484242
9.881687093546773,1.0216962220722863,0.9751729245170084,1.0308724336028015
9.886926588294148,1.0192958423636813,0.9766555273796902,1.0309628477213606
9.892166083041522,1.0168954626550772,0.9781381302423714,1.03105326183992
9.897405577788895,1.014843221401701,0.9795849839744873,1.0307305340075037
9.902645072536268,1.0140213330980492,0.9809054970292647,1.028947724961981
9.907884567283643,1.013199444794397,0.9822260100840423,1.0271649159164578
9.913124062031017,1.0123775564907453,0.9835465231388196,1.0253821068709352
9.91836355677839,1.0115556681870936,0.984867036193597,1.0235992978254125
9.923603051525763,1.0107337798834417,0.9861875492483742,1.02181648877989
9.928842546273136,1.00991189157979,0.9875080623031515,1.0200336797343672
9.934082041020512,1.009090003276138,0.9888285753579292,1.018250870688844
9.939321535767885,1.0082681149724864,0.9901490884127064,1.0164680616433215
9.944561030515258,1.0074462266688344,0.9914696014674838,1.0146852525977987
9.949800525262631,1.0069002689904953,0.9927455847173585,1.0131303407608805
9.955040020010006,1.0074545846805905,0.9938440053701852,1.0124841690432715
9.96027951475738,1.0080089003706854,0.9949424260230116,1.0118379973256628
9.965519009504753,1.0085632160607805,0.9960408466758379,1.0111918256080539
9.970758504252126,1.0091175317508754,0.9971392673286642,1.0105456538904452
9.9759979989995,1.0096718474409705,0.9982376879814906,1.0098994821728364
9.981237493746875,1.0102261631310656,0.9993361086343173,1.0092533104552275
9.986476988494248,1.0107804788211605,1.0004345292871435,1.0086071387376188
9.991716483241621,1.0113347945112556,1.0015329499399699,1.00796096702001
9.996955977988994,1.0118891102013505,1.0026313705927963,1.0073147953024013
10.00219547273637,1.0118900064277134,1.0037207615667836,1.0065373245792895
10.007434967483743,1.0093774559229614,1.0047691427493748,1.0051635375395198
10.012674462231116,1.006864905418209,1.005817523931966,1.00378975049975
10.01791395697849,1.004352354913457,1.0068659051145572,1.0024159634599803
10.023153451725863,1.0018398044087047,1.0079142862971484,1.0010421764202104
10.028392946473238,0.9993272539039518,1.00896266747974,0.9996683893804402
10.033632441220611,0.9968147033991996,1.0100110486623313,0.9982946023406704
10.038871935967984,0.9943021528944475,1.0110594298449225,0.9969208153009006
10.044111430715358,0.9917896023896953,1.0121078110275137,0.9955470282611308
10.049350925462733,0.9892770518849423,1.013156192210105,0.9941732412213606
10.054590420210106,0.9869312639774888,1.0142508101110557,0.9928474163706854
10.05982991495748,0.9854583740402703,1.0155874483346674,0.9917726436035519
10.065069409704853,0.9839854841030516,1.0169240865582791,0.9906978708364184
10.070308904452228,0.9825125941658326,1.0182607247818913,0.9896230980692844
10.0755483991996,0.9810397042286141,1.019597363005503,0.9885483253021509
10.080787893946974,0.9795668142913956,1.0209340012291148,0.9874735525350173
10.086027388694347,0.978093924354177,1.0222706394527266,0.9863987797678838
10.09126688344172,0.9766210344169585,1.0236072776763383,0.9853240070007503
10.096506378189096,0.9751481444797394,1.0249439158999505,0.9842492342336164
10.101745872936469,0.9736752545425208,1.0262805541235622,0.9831744614664829
10.106985367683842,0.9723755178799399,1.0275686071925965,0.9820021495157575
10.112224862431216,0.9721363450245122,1.028559076189845,0.9802324100655325
10.11746435717859,0.9718971721690844,1.029549545187094,0.9784626706153069
10.122703851925964,0.9716579993136567,1.0305400141843424,0.9766929311650819
10.127943346673337,0.9714188264582291,1.031530483181591,0.974923191714857
10.13318284142071,0.9711796536028013,1.0325209521788397,0.973153452264632
10.138422336168084,0.9709404807473736,1.033511421176088,0.971383712814407
10.143661830915459,0.9707013078919459,1.034501890173337,0.9696139733641814
10.148901325662832,0.9704621350365181,1.0354923591705856,0.9678442339139565
10.154140820410205,0.9702229621810905,1.036482828167834,0.9660744944637315
10.159380315157579,0.9698972141340669,1.0374391239744873,0.9644227013506752
10.164619809904954,0.9689383849984989,1.0381455283249126,0.9636333908281638
10.169859304652327,0.9679795558629312,1.0388519326753378,0.9628440803056526
10.1750987993997,0.9670207267273635,1.039558337025763,0.9620547697831414
10.180338294147074,0.9660618975917957,1.040264741376188,0.9612654592606302
10.185577788894447,0.9651030684562281,1.0409711457266133,0.960476148738119
10.190817283641822,0.9641442393206601,1.0416775500770385,0.9596868382156076
10.196056778389195,0.9631854101850923,1.0423839544274638,0.9588975276930964
10.201296273136569,0.9622265810495246,1.043090358777889,0.9581082171705853
10.206535767883942,0.961267751913957,1.043796763128314,0.9573189066480741
10.211775262631317,0.9601388775357671,1.0443516699099546,0.9564766373461727
10.21701475737869,0.957483847105052,1.0435468860117556,0.9551590629992494
10.222254252126064,0.9548288166743367,1.0427421021135566,0.953841488652326
10.227493746873437,0.9521737862436216,1.0419373182153575,0.9525239143054026
10.232733241620812,0.9495187558129056,1.0411325343171582,0.9512063399584788
10.237972736368185,0.9468637253821904,1.0403277504189592,0.9498887656115554
10.243212231115558,0.9442086949514753,1.0395229665207601,0.9485711912646322
10.248451725862932,0.9415536645207602,1.038718182622561,0.9472536169177088
10.253691220610305,0.938898634090045,1.037913398724362,0.9459360425707855
10.25893071535768,0.9362436036593289,1.0371086148261628,0.9446184682238616
10.264170210105053,0.9335983522941466,1.0362719825717857,0.9431768714257124
10.269409704852427,0.9310652545867931,1.0350700894824911,0.9403128921400697
10.2746491995998,0.9285321568794397,1.0338681963931964,0.9374489128544272
10.279888694347175,0.9259990591720854,1.0326663033039016,0.9345849335687836
10.285128189094548,0.9234659614647318,1.0314644102146069,0.9317209542831411
10.290367683841922,0.9209328637573784,1.0302625171253124,0.9288569749974984
10.295607178589295,0.9183997660500249,1.0290606240360178,0.9259929957118559
10.300846673336668,0.9158666683426714,1.0278587309467233,0.9231290164262133
10.306086168084043,0.9133335706353171,1.0266568378574283,0.9202650371405697
10.311325662831416,0.9108004729279636,1.0254549447681338,0.9174010578549271
10.31656515757879,0.9083476479089544,1.0243030321770885,0.9145817410985492
10.321804652326163,0.9071490836453227,1.0239320648711856,0.912460276361931
10.327044147073538,0.9059505193816906,1.0235610975652825,0.9103388116253122
10.332283641820911,0.9047519551180588,1.0231901302593795,0.908217346888694
10.337523136568285,0.9035533908544271,1.0228191629534766,0.9060958821520759
10.342762631315658,0.9023548265907954,1.0224481956475737,0.9039744174154578
10.348002126063031,0.9011562623271637,1.0220772283416708,0.9018529526788397
10.353241620810406,0.8999576980635315,1.021706261035768,0.8997314879422208
10.35848111555778,0.8987591337998998,1.021335293729865,0.8976100232056027
10.363720610305153,0.8975605695362682,1.020964326423962,0.8954885584689846
10.368960105052526,0.8963136180310157,1.0205766438884443,0.8933700110030017
10.374199599799901,0.8939083969294643,1.0197888405440219,0.8913212957028511
10.379439094547275,0.8915031758279137,1.0190010371996,0.8892725804027012
10.384678589294648,0.8890979547263631,1.0182132338551777,0.8872238651025512
10.389918084042021,0.8866927336248126,1.0174254305107555,0.8851751498024013
10.395157578789396,0.8842875125232612,1.016637627166333,0.8831264345022507
10.40039707353677,0.8818822914217106,1.015849823821911,0.8810777192021009
10.405636568284143,0.87947707032016,1.0150620204774887,0.8790290039019509
10.410876063031516,0.8770718492186095,1.0142742171330665,0.876980288601801
10.41611555777889,0.8746666281170589,1.0134864137886443,0.874931573301651
10.421355052526264,0.8722726658189092,1.0126820248674335,0.8728837113861928
10.426594547273638,0.8704289775370184,1.0110670158806903,0.8708775586475737
10.431834042021011,0.8685852892551276,1.009452006893947,0.8688714059089545
10.437073536768384,0.8667416009732368,1.0078369979072037,0.8668652531703354
10.44231303151576,0.8648979126913454,1.00622198892046,0.8648591004317155
10.447552526263133,0.8630542244094546,1.0046069799337167,0.8628529476930964
10.452792021010506,0.8612105361275638,1.0029919709469735,0.8608467949544772
10.45803151575788,0.859366847845673,1.0013769619602302,0.8588406422158581
10.463271010505252,0.8575231595637822,0.999761952973487,0.856834489477239
10.468510505252627,0.8556794712818908,0.9981469439867433,0.8548283367386191
10.47375,0.853835783,0.996531935,0.852822184
