# composition,1.0NaCl
# source,Numbers, 2026
# temperature_K,1090
# raw_file,1.00NaCl_Numbers_2026_1090.0_AP.csv
# savgol,False
# grid_points,2000
r (A),Cl-Cl,Na-Cl,Na-Na
0.0,0.0,0.0,0.0
0.005239494747373687,0.0,0.0,0.0
0.010478989494747374,0.0,0.0,0.0
0.01571848424212106,0.0,0.0,0.0
0.02095797898949475,0.0,0.0,0.0
0.026197473736868437,0.0,0.0,0.0
0.03143696848424212,0.0,0.0,0.0
0.03667646323161581,0.0,0.0,0.0
0.0419159579789895,0.0,0.0,0.0
0.047155452726363185,0.0,0.0,0.0
0.05239494747373687,0.0,0.0,0.0
0.05763444222111056,0.0,0.0,0.0
0.06287393696848424,0.0,0.0,0.0
0.06811343171585793,0.0,0.0,0.0
0.07335292646323162,0.0,0.0,0.0
0.0785924212106053,0.0,0.0,0.0
0.083831915957979,0.0,0.0,0.0
0.08907141070535268,0.0,0.0,0.0
0.09431090545272637,0.0,0.0,0.0
0.09955040020010006,0.0,0.0,0.0
0.10478989494747375,0.0,0.0,0.0
0.11002938969484743,0.0,0.0,0.0
0.11526888444222112,0.0,0.0,0.0
0.12050837918959481,0.0,0.0,0.0
0.12574787393696849,0.0,0.0,0.0
0.1309873686843422,0.0,0.0,0.0
0.13622686343171586,0.0,0.0,0.0
0.14146635817908956,0.0,0.0,0.0
0.14670585292646324,0.0,0.0,0.0
0.15194534767383694,0.0,0.0,0.0
0.1571848424212106,0.0,0.0,0.0
0.16242433716858432,0.0,0.0,0.0
0.167663831915958,0.0,0.0,0.0
0.17290332666333166,0.0,0.0,0.0
0.17814282141070537,0.0,0.0,0.0
0.18338231615807904,0.0,0.0,0.0
0.18862181090545274,0.0,0.0,0.0
0.19386130565282642,0.0,0.0,0.0
0.19910080040020012,0.0,0.0,0.0
0.2043402951475738,0.0,0.0,0.0
0.2095797898949475,0.0,0.0,0.0
0.21481928464232117,0.0,0.0,0.0
0.22005877938969487,0.0,0.0,0.0
0.22529827413706854,0.0,0.0,0.0
0.23053776888444225,0.0,0.0,0.0
0.23577726363181592,0.0,0.0,0.0
0.24101675837918962,0.0,0.0,0.0
0.2462562531265633,0.0,0.0,0.0
0.25149574787393697,0.0,0.0,0.0
0.25673524262131064,0.0,0.0,0.0
0.2619747373686844,0.0,0.0,0.0
0.26721423211605805,0.0,0.0,0.0
0.2724537268634317,0.0,0.0,0.0
0.2776932216108054,0.0,0.0,0.0
0.2829327163581791,0.0,0.0,0.0
0.2881722111055528,0.0,0.0,0.0
0.2934117058529265,0.0,0.0,0.0
0.29865120060030015,0.0,0.0,0.0
0.3038906953476739,0.0,0.0,0.0
0.30913019009504755,0.0,0.0,0.0
0.3143696848424212,0.0,0.0,0.0
0.3196091795897949,0.0,0.0,0.0
0.32484867433716863,0.0,0.0,0.0
0.3300881690845423,0.0,0.0,0.0
0.335327663831916,0.0,0.0,0.0
0.34056715857928965,0.0,0.0,0.0
0.3458066533266633,0.0,0.0,0.0
0.35104614807403706,0.0,0.0,0.0
0.35628564282141073,0.0,0.0,0.0
0.3615251375687844,0.0,0.0,0.0
0.3667646323161581,0.0,0.0,0.0
0.3720041270635318,0.0,0.0,0.0
0.3772436218109055,0.0,0.0,0.0
0.38248311655827916,0.0,0.0,0.0
0.38772261130565283,0.0,0.0,0.0
0.39296210605302656,0.0,0.0,0.0
0.39820160080040023,0.0,0.0,0.0
0.4034410955477739,0.0,0.0,0.0
0.4086805902951476,0.0,0.0,0.0
0.4139200850425213,0.0,0.0,0.0
0.419159579789895,0.0,0.0,0.0
0.42439907453726866,0.0,0.0,0.0
0.42963856928464234,0.0,0.0,0.0
0.434878064032016,0.0,0.0,0.0
0.44011755877938974,0.0,0.0,0.0
0.4453570535267634,0.0,0.0,0.0
0.4505965482741371,0.0,0.0,0.0
0.45583604302151076,0.0,0.0,0.0
0.4610755377688845,0.0,0.0,0.0
0.46631503251625817,0.0,0.0,0.0
0.47155452726363184,0.0,0.0,0.0
0.4767940220110055,0.0,0.0,0.0
0.48203351675837924,0.0,0.0,0.0
0.4872730115057529,0.0,0.0,0.0
0.4925125062531266,0.0,0.0,0.0
0.49775200100050027,0.0,0.0,0.0
0.5029914957478739,0.0,0.0,0.0
0.5082309904952477,0.0,0.0,0.0
0.5134704852426213,0.0,0.0,0.0
0.518709979989995,0.0,0.0,0.0
0.5239494747373687,0.0,0.0,0.0
0.5291889694847424,0.0,0.0,0.0
0.5344284642321161,0.0,0.0,0.0
0.5396679589794898,0.0,0.0,0.0
0.5449074537268634,0.0,0.0,0.0
0.5501469484742372,0.0,0.0,0.0
0.5553864432216108,0.0,0.0,0.0
0.5606259379689845,0.0,0.0,0.0
0.5658654327163583,0.0,0.0,0.0
0.5711049274637319,0.0,0.0,0.0
0.5763444222111056,0.0,0.0,0.0
0.5815839169584793,0.0,0.0,0.0
0.586823411705853,0.0,0.0,0.0
0.5920629064532267,0.0,0.0,0.0
0.5973024012006003,0.0,0.0,0.0
0.602541895947974,0.0,0.0,0.0
0.6077813906953478,0.0,0.0,0.0
0.6130208854427214,0.0,0.0,0.0
0.6182603801900951,0.0,0.0,0.0
0.6234998749374687,0.0,0.0,0.0
0.6287393696848425,0.0,0.0,0.0
0.6339788644322162,0.0,0.0,0.0
0.6392183591795898,0.0,0.0,0.0
0.6444578539269635,0.0,0.0,0.0
0.6496973486743373,0.0,0.0,0.0
0.6549368434217109,0.0,0.0,0.0
0.6601763381690846,0.0,0.0,0.0
0.6654158329164582,0.0,0.0,0.0
0.670655327663832,0.0,0.0,0.0
0.6758948224112057,0.0,0.0,0.0
0.6811343171585793,0.0,0.0,0.0
0.686373811905953,0.0,0.0,0.0
0.6916133066533267,0.0,0.0,0.0
0.6968528014007004,0.0,0.0,0.0
0.7020922961480741,0.0,0.0,0.0
0.7073317908954477,0.0,0.0,0.0
0.7125712856428215,0.0,0.0,0.0
0.7178107803901952,0.0,0.0,0.0
0.7230502751375688,0.0,0.0,0.0
0.7282897698849425,0.0,0.0,0.0
0.7335292646323162,0.0,0.0,0.0
0.7387687593796899,0.0,0.0,0.0
0.7440082541270636,0.0,0.0,0.0
0.7492477488744372,0.0,0.0,0.0
0.754487243621811,0.0,0.0,0.0
0.7597267383691846,0.0,0.0,0.0
0.7649662331165583,0.0,0.0,0.0
0.770205727863932,0.0,0.0,0.0
0.7754452226113057,0.0,0.0,0.0
0.7806847173586794,0.0,0.0,0.0
0.7859242121060531,0.0,0.0,0.0
0.7911637068534267,0.0,0.0,0.0
0.7964032016008005,0.0,0.0,0.0
0.8016426963481741,0.0,0.0,0.0
0.8068821910955478,0.0,0.0,0.0
0.8121216858429215,0.0,0.0,0.0
0.8173611805902952,0.0,0.0,0.0
0.8226006753376689,0.0,0.0,0.0
0.8278401700850426,0.0,0.0,0.0
0.8330796648324162,0.0,0.0,0.0
0.83831915957979,0.0,0.0,0.0
0.8435586543271636,0.0,0.0,0.0
0.8487981490745373,0.0,0.0,0.0
0.854037643821911,0.0,0.0,0.0
0.8592771385692847,0.0,0.0,0.0
0.8645166333166584,0.0,0.0,0.0
0.869756128064032,0.0,0.0,0.0
0.8749956228114057,0.0,0.0,0.0
0.8802351175587795,0.0,0.0,0.0
0.8854746123061531,0.0,0.0,0.0
0.8907141070535268,0.0,0.0,0.0
0.8959536018009006,0.0,0.0,0.0
0.9011930965482742,0.0,0.0,0.0
0.9064325912956479,0.0,0.0,0.0
0.9116720860430215,0.0,0.0,0.0
0.9169115807903953,0.0,0.0,0.0
0.922151075537769,0.0,0.0,0.0
0.9273905702851426,0.0,0.0,0.0
0.9326300650325163,0.0,0.0,0.0
0.93786955977989,0.0,0.0,0.0
0.9431090545272637,0.0,0.0,0.0
0.9483485492746374,0.0,0.0,0.0
0.953588044022011,0.0,0.0,0.0
0.9588275387693848,0.0,0.0,0.0
0.9640670335167585,0.0,0.0,0.0
0.9693065282641321,0.0,0.0,0.0
0.9745460230115058,0.0,0.0,0.0
0.9797855177588795,0.0,0.0,0.0
0.9850250125062532,0.0,0.0,0.0
0.9902645072536269,0.0,0.0,0.0
0.9955040020010005,0.0,0.0,0.0
1.0007434967483742,0.0,0.0,0.0
1.0059829914957479,0.0,0.0,0.0
1.0112224862431216,0.0,0.0,0.0
1.0164619809904953,0.0,0.0,0.0
1.021701475737869,0.0,0.0,0.0
1.0269409704852426,0.0,0.0,0.0
1.0321804652326163,0.0,0.0,0.0
1.03741995997999,0.0,0.0,0.0
1.0426594547273638,0.0,0.0,0.0
1.0478989494747375,0.0,0.0,0.0
1.0531384442221112,0.0,0.0,0.0
1.0583779389694847,0.0,0.0,0.0
1.0636174337168585,0.0,0.0,0.0
1.0688569284642322,0.0,0.0,0.0
1.074096423211606,0.0,0.0,0.0
1.0793359179589797,0.0,0.0,0.0
1.0845754127063532,0.0,0.0,0.0
1.0898149074537269,0.0,0.0,0.0
1.0950544022011006,0.0,0.0,0.0
1.1002938969484743,0.0,0.0,0.0
1.105533391695848,0.0,0.0,0.0
1.1107728864432216,0.0,0.0,0.0
1.1160123811905953,0.0,0.0,0.0
1.121251875937969,0.0,0.0,0.0
1.1264913706853428,0.0,0.0,0.0
1.1317308654327165,0.0,0.0,0.0
1.13697036018009,0.0,0.0,0.0
1.1422098549274637,0.0,0.0,0.0
1.1474493496748375,0.0,0.0,0.0
1.1526888444222112,0.0,0.0,0.0
1.157928339169585,0.0,0.0,0.0
1.1631678339169587,0.0,0.0,0.0
1.1684073286643322,0.0,0.0,0.0
1.173646823411706,0.0,0.0,0.0
1.1788863181590796,0.0,0.0,0.0
1.1841258129064534,0.0,0.0,0.0
1.189365307653827,0.0,0.0,0.0
1.1946048024012006,0.0,0.0,0.0
1.1998442971485743,0.0,0.0,0.0
1.205083791895948,0.0,0.0,0.0
1.2103232866433218,0.0,0.0,0.0
1.2155627813906955,0.0,0.0,0.0
1.220802276138069,0.0,0.0,0.0
1.2260417708854427,0.0,0.0,0.0
1.2312812656328165,0.0,0.0,0.0
1.2365207603801902,0.0,0.0,0.0
1.241760255127564,0.0,0.0,0.0
1.2469997498749374,0.0,0.0,0.0
1.2522392446223112,0.0,0.0,0.0
1.257478739369685,0.0,0.0,0.0
1.2627182341170586,0.0,0.0,0.0
1.2679577288644324,0.0,0.0,0.0
1.2731972236118059,0.0,0.0,0.0
1.2784367183591796,0.0,0.0,0.0
1.2836762131065533,0.0,0.0,0.0
1.288915707853927,0.0,0.0,0.0
1.2941552026013008,0.0,0.0,0.0
1.2993946973486745,0.0,0.0,0.0
1.304634192096048,0.0,0.0,0.0
1.3098736868434218,0.0,0.0,0.0
1.3151131815907955,0.0,0.0,0.0
1.3203526763381692,0.0,0.0,0.0
1.325592171085543,0.0,0.0,0.0
1.3308316658329165,0.0,0.0,0.0
1.3360711605802902,0.0,0.0,0.0
1.341310655327664,0.0,0.0,0.0
1.3465501500750376,0.0,0.0,0.0
1.3517896448224114,0.0,0.0,0.0
1.3570291395697849,0.0,0.0,0.0
1.3622686343171586,0.0,0.0,0.0
1.3675081290645323,0.0,0.0,0.0
1.372747623811906,0.0,0.0,0.0
1.3779871185592798,0.0,0.0,0.0
1.3832266133066533,0.0,0.0,0.0
1.388466108054027,0.0,0.0,0.0
1.3937056028014008,0.0,0.0,0.0
1.3989450975487745,0.0,0.0,0.0
1.4041845922961482,0.0,0.0,0.0
1.409424087043522,0.0,0.0,0.0
1.4146635817908955,0.0,0.0,0.0
1.4199030765382692,0.0,0.0,0.0
1.425142571285643,0.0,0.0,0.0
1.4303820660330167,0.0,0.0,0.0
1.4356215607803904,0.0,0.0,0.0
1.440861055527764,0.0,0.0,0.0
1.4461005502751376,0.0,0.0,0.0
1.4513400450225113,0.0,0.0,0.0
1.456579539769885,0.0,0.0,0.0
1.4618190345172588,0.0,0.0,0.0
1.4670585292646323,0.0,0.0,0.0
1.472298024012006,0.0,0.0,0.0
1.4775375187593798,0.0,0.0,0.0
1.4827770135067535,0.0,0.0,0.0
1.4880165082541272,0.0,0.0,0.0
1.4932560030015007,0.0,0.0,0.0
1.4984954977488745,0.0,0.0,0.0
1.5037349924962482,0.0,0.0,0.0
1.508974487243622,0.0,0.0,0.0
1.5142139819909957,0.0,0.0,0.0
1.5194534767383692,0.0,0.0,0.0
1.524692971485743,0.0,0.0,0.0
1.5299324662331166,0.0,0.0,0.0
1.5351719609804904,0.0,0.0,0.0
1.540411455727864,0.0,0.0,0.0
1.5456509504752378,0.0,0.0,0.0
1.5508904452226113,0.0,0.0,0.0
1.556129939969985,0.0,0.0,0.0
1.5613694347173588,0.0,0.0,0.0
1.5666089294647325,0.0,0.0,0.0
1.5718484242121062,0.0,0.0,0.0
1.5770879189594798,0.0,0.0,0.0
1.5823274137068535,0.0,0.0,0.0
1.5875669084542272,0.0,0.0,0.0
1.592806403201601,0.0,0.0,0.0
1.5980458979489747,0.0,0.0,0.0
1.6032853926963482,0.0,1.1685053776888107e-05,0.0
1.608524887443722,0.0,4.1764643821910866e-05,0.0
1.6137643821910956,0.0,7.184423386693363e-05,0.0
1.6190038769384694,0.0,0.0001019238239119564,0.0
1.624243371685843,0.0,0.00013200341395697916,0.0
1.6294828664332166,0.0,0.00016208300400200065,0.0
1.6347223611805903,0.0,0.0001921625940470234,0.0
1.639961855927964,0.0,0.00022224218409204615,0.0
1.6452013506753378,0.0,0.0002523217741370689,0.0
1.6504408454227115,0.0,0.0002824013641820917,0.0
1.6556803401700853,0.0,0.00029031704577288554,0.0
1.6609198349174588,0.0,0.00026023745572786405,0.0
1.6661593296648325,0.0,0.0002301578656828413,0.0
1.6713988244122062,0.0,0.00020007827563781852,0.0
1.67663831915958,0.0,0.00016999868559279576,0.0
1.6818778139069537,0.0,0.000139919095547773,0.0
1.6871173086543272,0.0,0.00010983950550275153,0.0
1.692356803401701,0.0,7.975991545772877e-05,0.0
1.6975962981490746,0.0,4.9680325412705976e-05,0.0
1.7028357928964484,0.0,1.960073536768324e-05,0.0
1.708075287643822,0.0,0.0,0.0
1.7133147823911956,0.0,0.0,0.0
1.7185542771385693,0.0,0.0,0.0
1.723793771885943,0.0,0.0,0.0
1.7290332666333168,0.0,0.0,0.0
1.7342727613806905,0.0,0.0,0.0
1.739512256128064,0.0,0.0,0.0
1.7447517508754378,0.0,0.0,0.0
1.7499912456228115,0.0,0.0,0.0
1.7552307403701852,0.0,0.0,0.0
1.760470235117559,0.0,0.0,0.0
1.7657097298649325,0.0,0.0,0.0
1.7709492246123062,0.0,0.0,0.0
1.77618871935968,0.0,0.0,0.0
1.7814282141070537,0.0,0.0,0.0
1.7866677088544274,0.0,0.0,0.0
1.7919072036018011,0.0,0.0,0.0
1.7971466983491746,0.0,0.0,0.0
1.8023861930965484,0.0,0.0,0.0
1.807625687843922,0.0,0.0,0.0
1.8128651825912958,0.0,7.300902201101162e-06,0.0
1.8181046773386695,0.0,3.098431665832997e-05,0.0
1.823344172086043,0.0,5.466773111555778e-05,0.0
1.8285836668334168,0.0,7.83511455727866e-05,0.0
1.8338231615807905,0.0,0.0001020345600300154,0.0
1.8390626563281642,0.0,0.00012571797448724422,0.0
1.844302151075538,0.0,0.00014940138894447303,0.0
1.8495416458229115,0.0,0.00017308480340170082,0.0
1.8547811405702852,0.0,0.00019676821785892965,0.0
1.860020635317659,0.0,0.00022045163231615845,0.0
1.8652601300650327,0.0,0.00023694009679839918,0.0
1.8704996248124064,0.0,0.00023566016308154073,0.0
1.87573911955978,0.0,0.00023438022936468235,0.0
1.8809786143071536,0.0,0.0002331002956478239,0.0
1.8862181090545274,0.0,0.00023182036193096546,0.0
1.891457603801901,0.0,0.00023054042821410702,0.0
1.8966970985492748,0.0,0.00022926049449724858,0.0
1.9019365932966485,0.0,0.00022798056078039014,0.0
1.907176088044022,0.0,0.00022670062706353175,0.0
1.9124155827913958,0.0,0.0002254206933466733,0.0
1.9176550775387695,0.0,0.00023555154152076133,0.0
1.9228945722861432,0.0,0.0002768220935467747,0.0
1.928134067033517,0.0,0.000318092645572788,0.0
1.9333735617808905,0.0,0.00035936319759879965,0.0
1.9386130565282642,0.0,0.00040063374962481297,0.0
1.943852551275638,0.0,0.0004419043016508263,0.0
1.9490920460230117,0.0,0.0004831748536768397,0.0
1.9543315407703854,0.0,0.0005244454057028529,0.0
1.959571035517759,0.0,0.0005657159577288646,0.0
1.9648105302651326,0.0,0.000606986509754878,0.0
1.9700500250125064,1.0085915957979834e-05,0.0006471995100050032,0.0
1.97528951975988,5.073521360680441e-05,0.0006842078079039529,0.0
1.9805290145072538,9.1384511255629e-05,0.0007212161058029025,0.0
1.9857685092546273,0.00013203380890445185,0.0007582244037018505,0.0
1.991008004002001,0.00017268310655327643,0.0007952327016008001,0.0
1.9962474987493748,0.000213332404202101,0.0008322409994997498,0.0
2.0014869934967483,0.00025398170185092386,0.0008692492973986979,0.0
2.006726488244122,0.00029463099949974847,0.0009062575952976475,0.0
2.0119659829914958,0.00033528029714857303,0.0009432658931965972,0.0
2.0172054777388695,0.0003759295947973976,0.0009802741910955467,0.0
2.022444972486243,0.00039803710755377774,0.0010251459314657315,0.0
2.027684467233617,0.0003573878099049528,0.0010966324002000996,0.0
2.0329239619809907,0.0003167385122561279,0.0011681188689344675,0.0
2.0381634567283644,0.00027608921460730294,0.0012396053376688356,0.0
2.043402951475738,0.00023543991695847805,0.0013110918064032037,0.0
2.048642446223112,0.00019479061930965312,0.0013825782751375718,0.0
2.053881940970485,0.00015414132166083165,0.0014540647438719338,0.0
2.059121435717859,0.00011349202401200672,0.001525551212606302,0.0
2.0643609304652326,7.284272636318183e-05,0.00159703768134067,0.0
2.0696004252126063,3.21934287143569e-05,0.0016685241500750381,0.0
2.07483991995998,0.0,0.0019088738696848586,0.0
2.080079414707354,0.0,0.0027921246408204297,0.0
2.0853189094547275,0.0,0.0036753754119560013,0.0
2.0905584042021013,0.0,0.004558626183091573,0.0
2.095797898949475,0.0,0.005441876954227144,0.0
2.1010373936968487,0.0,0.006325127725362716,0.0
2.1062768884442225,0.0,0.0072083784964982875,0.0
2.1115163831915957,0.0,0.008091629267633783,0.0
2.1167558779389695,0.0,0.008974880038769355,0.0
2.121995372686343,0.0,0.009858130809904926,0.0
2.127234867433717,0.0,0.010963341473486694,1.3152257378687682e-05
2.1324743621810907,0.0,0.013027418872436195,8.312226663331587e-05
2.1377138569284644,0.0,0.015091496271385695,0.00015309227588794407
2.142953351675838,0.0,0.017155573670335197,0.00022306228514257226
2.148192846423212,0.0,0.019219651069284697,0.00029303229439720045
2.1534323411705856,0.0,0.021283728468234196,0.00036300230365182864
2.1586718359179593,0.0,0.0233478058671837,0.0004329723129064568
2.1639113306653326,0.0,0.02541188326613302,0.0005029423221610791
2.1691508254127063,0.0,0.027475960665082524,0.0005729123314157072
2.17439032016008,0.0,0.029540038064032024,0.0006428823406703355
2.1796298149074538,0.0,0.03266495860555291,0.000694955138319159
2.1848693096548275,0.0,0.04104659442071052,0.0006583432456228106
2.1901088044022012,0.0,0.049428230235868134,0.0006217313529264624
2.195348299149575,0.0,0.05780986605102574,0.000585119460230114
2.2005877938969487,0.0,0.06619150186618336,0.0005485075675337657
2.2058272886443224,0.0,0.07457313768134097,0.0005118956748374173
2.211066783391696,0.0,0.08295477349649857,0.0004752837821410691
2.21630627813907,0.0,0.0913364093116562,0.00043867188944472074
2.221545772886443,0.0,0.09971804512681309,0.00040205999674837554
2.226785267633817,0.0,0.10809968094197071,0.00036544810405202724
2.2320247623811906,0.0,0.11842305821610748,0.0003528597481240587
2.2372642571285644,0.0,0.13993613203351646,0.0004787121125562764
2.242503751875938,0.0,0.16144920585092543,0.0006045644769884941
2.247743246623312,0.0,0.1829622796683344,0.0007304168414207118
2.2529827413706855,0.0,0.2044753534857434,0.0008562692058529294
2.2582222361180593,0.0,0.22598842730315236,0.000982121570285147
2.263461730865433,0.0,0.24750150112056135,0.0011079739347173649
2.2687012256128067,0.0,0.2690145749379703,0.0012338262991495826
2.27394072036018,0.0,0.2905276487553775,0.0013596786635817898
2.2791802151075538,0.0,0.3120407225727865,0.0014855310280140074
2.2844197098549275,0.0,0.3354387303799405,0.001590503510255127
2.289659204602301,0.0,0.3716986407053533,0.001553001502251125
2.294898699349675,0.0,0.40795855103076617,0.0015154994942471228
2.3001381940970487,0.0,0.44421846135617904,0.0014779974862431206
2.3053776888444224,0.0,0.4804783716815919,0.0014404954782391184
2.310617183591796,0.0,0.5167382820070048,0.0014029934702351164
2.31585667833917,0.0,0.5529981923324175,0.0013654914622311142
2.3210961730865436,0.0,0.5892581026578304,0.001327989454227112
2.3263356678339173,0.0,0.6255180129832433,0.0012904874462231098
2.3315751625812906,0.0,0.661777923308653,0.0012529854382191108
2.3368146573286643,3.136569284641464e-06,0.6999584820237602,0.0012315010807903918
2.342054152076038,3.224101450725313e-05,0.754040222755877,0.0013426279699849906
2.347293646823412,6.13454597298648e-05,0.8081219634879937,0.0014537548591795893
2.3525331415707855,9.044990495247648e-05,0.8622037042201105,0.001564881748374188
2.3577726363181593,0.00011955435017508815,0.9162854449522273,0.0016760086375687867
2.363012131065533,0.00014865879539769982,0.970367185684344,0.0017871355267633855
2.3682516258129067,0.0001777632406203115,1.0244489264164607,0.0018982624159579842
2.3734911205602804,0.00020686768584292315,1.0785306671485775,0.0020093893051525828
2.378730615307654,0.00023597213106553482,1.1326124078806943,0.002120516194347182
2.3839701100550275,0.00026507657628814404,1.1866941486128064,0.002231643083541771
2.389209604802401,0.0002915193756878439,1.2416864466310662,0.002356596994997502
2.394449099549775,0.0002902810585292646,1.3061485404252136,0.0026253519379689887
2.3996885942971486,0.0002890427413706853,1.370610634219361,0.0028941068809404755
2.4049280890445224,0.00028780442421210605,1.4350727280135083,0.0031628618239119624
2.410167583791896,0.0002865661070535267,1.4995348218076556,0.0034316167668834493
2.41540707853927,0.00028532778989494745,1.563996915601803,0.003700371709854936
2.4206465732866436,0.00028408947273636813,1.6284590093959503,0.003969126652826423
2.4258860680340173,0.00028285115557778886,1.6929211031900977,0.00423788159579791
2.431125562781391,0.00028161283841920953,1.7573831969842448,0.004506636538769397
2.4363650575287643,0.00028037452126063037,1.8218452907783869,0.004775391481740861
2.441604552276138,0.0002791414447223612,1.8864163548234096,0.0050444242653826825
2.4468440470235118,0.0002779805722861431,1.9524887867693834,0.005317285076038014
2.4520835417708855,0.00027681969984992495,2.0185612187153574,0.005590145886693345
2.4573230365182592,0.00027565882741370685,2.084633650661331,0.005863006697348676
2.462562531265633,0.0002744979549774887,2.150706082607305,0.006135867508004007
2.4678020260130067,0.0002733370825412706,2.216778514553279,0.006408728318659338
2.4730415207603804,0.00027217621010505245,2.2828509464992526,0.006681589129314669
2.478281015507754,0.00027101533766883435,2.3489233784452264,0.00695444993997
2.483520510255128,0.0002698544652326162,2.4149958103912,0.007227310750625332
2.4887600050025016,0.0002686935927963981,2.481068242337174,0.0075001715612806625
2.493999499749875,0.00026631632116058007,2.5464623592608806,0.0077768306468234145
2.4992389944972486,0.00023961106553276602,2.59829017573937,0.008129455230115061
2.5044784892446224,0.00021290580990495202,2.6501179922178597,0.008482079813406708
2.509717983991996,0.000186200554277138,2.7019458086963493,0.008834704396698357
2.51495747873937,0.00015949529864932397,2.753773625174839,0.009187328979990004
2.5201969734867435,0.00013279004302150997,2.8056014416533284,0.00953995356328165
2.5254364682341173,0.00010608478739369595,2.8574292581318175,0.009892578146573298
2.530675962981491,7.937953176588193e-05,2.909257074610307,0.010245202729864945
2.5359154577288647,5.26742761380679e-05,2.9610848910887966,0.010597827313156592
2.5411549524762385,2.5969020510253904e-05,3.012912707567286,0.01095045189644824
2.5463944472236117,1.3558889444705085e-06,3.064257819464981,0.011325331537768843
2.5516339419709855,5.05376788394186e-05,3.098576624331165,0.012485207771385667
2.556873436718359,9.97194687343667e-05,3.1328954291973483,0.01364508400500249
2.562112931465733,0.00014890125862931477,3.167214234063532,0.014804960238619312
2.5673524262131067,0.00019808304852426286,3.2015330389297154,0.015964836472236135
2.5725919209604804,0.000247264838419211,3.2358518437958987,0.01712471270585296
2.577831415707854,0.00029644662831415907,3.2701706486620825,0.01828458893946978
2.583070910455228,0.00034562841820910716,3.304489453528266,0.0194444651730866
2.5883104052026016,0.00039481020810405525,3.3388082583944496,0.020604341406703426
2.5935498999499753,0.00044399199799900334,3.373127063260633,0.02176421764032025
2.598789394697349,0.0004931447881440761,3.407305822569536,0.02292482448049036
2.6040288894447223,0.0005384696113056533,3.422998568317659,0.024181871385692857
2.609268384192096,0.0005837944344672342,3.438691314065783,0.025438918290895465
2.61450787893947,0.0006291192576288152,3.4543840598139073,0.02669596519609807
2.6197473736868435,0.0006744440807903962,3.4700768055620315,0.027953012101300675
2.6249868684342172,0.0007197689039519772,3.485769551310155,0.029210059006503284
2.630226363181591,0.0007650937271135581,3.5014622970582794,0.03046710591170589
2.6354658579289647,0.0008104185502751391,3.5171550428064036,0.0317241528169085
2.6407053526763384,0.0008557433734367201,3.5328477885545277,0.0329811997221111
2.645944847423712,0.0009010681965983011,3.548540534302652,0.03423824662731371
2.651184342171086,0.000946393019759882,3.564233280050776,0.03549529353251631
2.656423836918459,0.0009209387683841927,3.5619784294932466,0.03683463233416705
2.661663331665833,0.0008945863054027017,3.5594958175612805,0.038175015449224595
2.6669028264132066,0.0008682338424212106,3.5570132056293144,0.03951539856428214
2.6721423211605804,0.0008418813794397195,3.5545305936973484,0.04085578167933968
2.677381815907954,0.0008155289164582285,3.5520479817653827,0.04219616479439723
2.682621310655328,0.0007891764534767373,3.5495653698334166,0.04353654790945478
2.6878608054027016,0.0007628239904952463,3.5470827579014506,0.04487693102451232
2.6931003001500753,0.0007364715275137552,3.5446001459694845,0.046217314139569865
2.698339794897449,0.0007101190645322641,3.542117534037519,0.04755769725462741
2.7035792896448227,0.0006837666015507731,3.5396349221055528,0.04889808036968496
2.7088187843921965,0.0009342036548274377,3.5273303166643313,0.05100521579639839
2.7140582791395698,0.0011939626348174115,3.514694918695598,0.05313817448749377
2.7192977738869435,0.001453721614807408,3.5020595207268634,0.055271133178589324
2.724537268634317,0.001713480594797404,3.4894241227581286,0.057404091869684884
2.729776763381691,0.0019732395747874,3.4767887247893943,0.059537050560780444
2.7350162581290647,0.002232998554777396,3.46415332682066,0.061670009251876
2.7402557528764384,0.0024927575347673922,3.4515179288519255,0.06380296794297155
2.745495247623812,0.002752516514757388,3.438882530883191,0.06593592663406711
2.750734742371186,0.003012275494747384,3.4262471329144564,0.06806888532516267
2.7559742371185596,0.00327203447473738,3.413611734945722,0.07020184401625823
2.7612137318659333,0.0036331817908954686,3.38986279944322,0.07333861943171605
2.7664532266133066,0.003999961792396193,3.3654964451888447,0.07653116244297144
2.7716927213606803,0.004366741793896948,3.3411300909344672,0.0797237054542271
2.776932216108054,0.004733521795397703,3.3167637366800897,0.08291624846548278
2.782171710855428,0.005100301796898458,3.2923973824257122,0.08610879147673844
2.7874112056028015,0.0054670817983992126,3.2680310281713347,0.0893013344879941
2.7926507003501753,0.0058338617998999675,3.2436646739169572,0.09249387749924977
2.797890195097549,0.0062006418014007225,3.2192983196625797,0.09568642051050544
2.8031296898449227,0.0065674218029014774,3.1949319654082027,0.0988789635217611
2.8083691845922965,0.006934201804402232,3.170565611153825,0.10207150653301678
2.81360867933967,0.007050305972986502,3.144023381574285,0.10547704682791426
2.818848174087044,0.0071467625762881536,3.1173106104152053,0.10889928150450257
2.824087668834417,0.0072432191795897966,3.090597839256128,0.11232151618109058
2.829327163581791,0.007339675782891447,3.063885068097048,0.11574375085767889
2.8345666583291647,0.007436132386193098,3.0371722969379684,0.1191659855342672
2.8398061530765384,0.00753258898949475,3.010459525778889,0.12258822021085551
2.845045647823912,0.007629045592796401,2.9837467546198093,0.12601045488744383
2.850285142571286,0.007725502196098052,2.9570339834607293,0.12943268956403214
2.8555246373186596,0.007821958799399703,2.9303212123016498,0.13285492424062045
2.8607641320660333,0.007918415402701355,2.90360844114257,0.13627715891720876
2.866003626813407,0.009126305177088614,2.8750907148039,0.14037674838169106
2.8712431215607808,0.010447794474487331,2.846388504096046,0.1445455702416211
2.876482616308154,0.011769283771885936,2.8176862933881943,0.14871439210155074
2.881722111055528,0.013090773069284651,2.78898408268034,0.15288321396148077
2.8869616058029015,0.014412262366683366,2.7602818719724858,0.15705203582141078
2.8922011005502752,0.01573375166408208,2.7315796612646315,0.1612208576813408
2.897440595297649,0.017055240961480797,2.702877450556777,0.16538967954127082
2.9026800900450227,0.018376730258879516,2.674175239848923,0.16955850140120082
2.9079195847923964,0.01969821955627823,2.6454730291410686,0.17372732326113086
2.91315907953977,0.021019708853676947,2.6167708184332144,0.17789614512106086
2.918398574287144,0.02274413541920976,2.5895120076618285,0.18476197442021072
2.9236380690345176,0.02451978282391212,2.562436679933214,0.1919706436480747
2.9288775637818913,0.026295430228614476,2.5353613522045997,0.19917931287593865
2.9341170585292646,0.028071077633316684,2.5082860244759875,0.20638798210380202
2.9393565532766384,0.029846725038019044,2.481210696747373,0.21359665133166597
2.944596048024012,0.0316223724427214,2.4541353690187586,0.22080532055952995
2.949835542771386,0.03339801984742376,2.427060041290144,0.2280139897873939
2.9550750375187596,0.03517366725212612,2.3999847135615298,0.23522265901525785
2.9603145322661333,0.03694931465682848,2.3729093858329153,0.2424313282431218
2.965554027013507,0.03872496206153084,2.345834058104301,0.24963999747098578
2.9707935217608807,0.04127832114357192,2.32276962806203,0.2557287060665336
2.9760330165082545,0.04395080947098566,2.300319584081539,0.26164585999874973
2.981272511255628,0.0466232977983994,2.2778695401010487,0.26756301393096593
2.9865120060030015,0.04929578612581292,2.25541949612056,0.27348016786318163
2.991751500750375,0.05196827445322666,2.2329694521400696,0.2793973217953978
2.996990995497749,0.054640762780640395,2.210519408159579,0.285314475727614
3.0022304902451227,0.05731325110805414,2.1880693641790887,0.2912316296598302
3.0074699849924964,0.05998573943546788,2.1656193201985983,0.29714878359204633
3.01270947973987,0.06265822776288162,2.1431692762181074,0.30306593752426253
3.017948974487244,0.06533071609029537,2.120719232237617,0.30898309145647873
3.0231884692346176,0.0693393003256632,2.0987777295472716,0.3144734904607308
3.0284279639819913,0.07358901429589833,2.0769280050187575,0.31988687156378237
3.033667458729365,0.07783872826613346,2.055078280490243,0.32530025266683393
3.0389069534767383,0.08208844223636824,2.0332285559617307,0.330713633769885
3.044146448224112,0.08633815620660337,2.011378831433216,0.33612701487293656
3.049385942971486,0.0905878701768385,1.9895291069047019,0.3415403959759881
3.0546254377188595,0.09483758414707363,1.9676793823761876,0.3469537770790396
3.0598649324662333,0.09908729811730876,1.9458296578476733,0.3523671581820912
3.065104427213607,0.10333701208754391,1.9239799333191587,0.35778053928514275
3.0703439219609807,0.10758672605777904,1.9021302087906444,0.3631939203881943
3.0755834167083544,0.11345718088094077,1.8806193487818899,0.37088448242171124
3.080822911455728,0.11966651788244159,1.8591793422636305,0.37905118228614354
3.086062406203102,0.12587585488394243,1.837739335745371,0.3872178821505759
3.0913019009504756,0.13208519188544326,1.8162993292271117,0.3953845820150082
3.096541395697849,0.13829452888694355,1.794859322708854,0.40355128187943984
3.1017808904452226,0.14450386588844438,1.7734193161905947,0.41171798174387214
3.1070203851925964,0.15071320288994522,1.7519793096723353,0.4198846816083045
3.11225987993997,0.15692253989144606,1.730539303154076,0.4280513814727368
3.117499374687344,0.16313187689294686,1.7090992966358165,0.4362180813371691
3.1227388694347176,0.1693412138944477,1.687659290117557,0.4443847812016014
3.1279783641820913,0.17654572105152638,1.669836815472735,0.45429534632416296
3.133217858929465,0.18398820368059093,1.6528794027976472,0.46462292270410294
3.1384573536768388,0.1914306863096555,1.6359219901225597,0.47495049908404297
3.1436968484242125,0.19887316893872006,1.6189645774474721,0.485278075463983
3.1489363431715858,0.206315651567784,1.602007164772386,0.49560565184392213
3.1541758379189595,0.21375813419684858,1.5850497520972984,0.5059332282238621
3.1594153326663332,0.22120061682591313,1.5680923394222106,0.5162608046038022
3.164654827413707,0.22864309945497768,1.551134926747123,0.5265883809837422
3.1698943221610807,0.23608558208404226,1.5341775140720355,0.5369159573636821
3.1751338169084544,0.24352806471310684,1.5172201013969477,0.5472435337436221
3.180373311655828,0.2525163372981495,1.5014449214197092,0.5563262069369689
3.185612806403202,0.261923056208855,1.4859897725867923,0.5650718840447729
3.1908523011505756,0.27132977511956047,1.470534623753876,0.5738175611525769
3.1960917958979493,0.2807364940302659,1.4550794749209592,0.5825632382603809
3.201331290645323,0.2901432129409714,1.4396243260880426,0.591308915368185
3.2065707853926964,0.29954993185167605,1.424169177255127,0.6000545924759882
3.21181028014007,0.30895665076238155,1.4087140284222104,0.6088002695837922
3.217049774887444,0.318363369673087,1.3932588795892937,0.6175459466915962
3.2222892696348175,0.3277700885837925,1.3778037307563773,0.6262916237994003
3.2275287643821913,0.3371768074944979,1.3623485819234604,0.6350373009072042
3.232768259129565,0.34934546097448826,1.3491102538409194,0.6444358029154585
3.2380077538769387,0.36235352594122167,1.336545665398198,0.6540327124914965
3.2432472486243125,0.3753615909079551,1.3239810769554765,0.6636296220675346
3.248486743371686,0.3883696558746885,1.311416488512755,0.6732265316435727
3.25372623811906,0.4013777208414219,1.2988519000700338,0.6828234412196108
3.258965732866433,0.41438578580815427,1.2862873116273135,0.692420350795648
3.264205227613807,0.4273938507748877,1.273722723184592,0.7020172603716861
3.2694447223611807,0.44040191574162113,1.2611581347418706,0.7116141699477241
3.2746842171085544,0.45340998070835453,1.248593546299149,0.7212110795237622
3.279923711855928,0.46641804567508793,1.2360289578564276,0.7308079890998003
3.285163206603302,0.47888453223962024,1.224359953107053,0.7417414187623816
3.2904027013506756,0.4911674637081045,1.2129944851128058,0.753127830065033
3.2956421960980493,0.5034503951765888,1.2016290171185586,0.7645142413676844
3.300881690845423,0.5157333266450731,1.1902635491243116,0.7759006526703358
3.3061211855927968,0.5280162581135573,1.1788980811300644,0.7872870639729871
3.3113606803401705,0.5402991895820417,1.1675326131358172,0.7986734752756385
3.316600175087544,0.552582121050525,1.1561671451415712,0.8100598865782889
3.3218396698349175,0.5648650525190092,1.144801677147324,0.8214462978809403
3.3270791645822912,0.5771479839874936,1.1334362091530767,0.8328327091835916
3.332318659329665,0.5894309154559778,1.1220707411588295,0.844219120486243
3.3375581540770387,0.602579775246123,1.1113478866163082,0.8548391324392196
3.3427976488244124,0.6160541046468235,1.1008665660952976,0.8651710839469736
3.348037143571786,0.629528434047524,1.0903852455742868,0.8755030354547276
3.35327663831916,0.6430027634482246,1.0799039250532763,0.8858349869624816
3.3585161330665336,0.6564770928489251,1.0694226045322657,0.8961669384702357
3.3637556278139074,0.6699514222496257,1.0589412840112549,0.9064988899779897
3.3689951225612806,0.683425751650325,1.0484599634902452,0.9168308414857428
3.3742346173086544,0.6969000810510255,1.0379786429692346,0.9271627929934968
3.379474112056028,0.710374410451726,1.027497322448224,0.9374947445012508
3.384713606803402,0.7238487398524266,1.0170160019272132,0.9478266960090048
3.3899531015507756,0.7384635489874942,1.0085203060415204,0.9582242748699353
3.3951925962981493,0.7535515358846929,1.0008484331428211,0.9686490821008008
3.400432091045523,0.7686395227818916,0.9931765602441217,0.9790738893316663
3.4056715857928967,0.7837275096790902,0.9855046873454223,0.9894986965625318
3.4109110805402705,0.7988154965762889,0.977832814446723,0.9999235037933972
3.416150575287644,0.8139034834734876,0.9701609415480236,1.0103483110242628
3.421390070035018,0.8289914703706862,0.9624890686493243,1.020773118255128
3.4266295647823912,0.8440794572678836,0.9548171957506255,1.0311979254859929
3.431869059529765,0.8591674441650823,0.9471453228519261,1.0416227327168583
3.4371085542771387,0.874255431062281,0.9394734499532268,1.0520475399477238
3.4423480490245124,0.8887584697653826,0.9314635599494748,1.0621371493676839
3.447587543771886,0.9029946525405204,0.923299465062031,1.0720738400782892
3.45282703851926,0.9172308353156582,0.9151353701745871,1.0820105307888948
3.4580665332666336,0.9314670180907959,0.9069712752871433,1.0919472214995
3.4633060280140073,0.9457032008659336,0.8988071803996995,1.1018839122101056
3.468545522761381,0.9599393836410715,0.8906430855122557,1.111820602920711
3.473785017508755,0.9741755664162092,0.8824789906248118,1.1217572936313163
3.479024512256128,0.9884117491913457,0.8743148957373686,1.131693984341921
3.484264007003502,1.0026479319664834,0.8661508008499248,1.1416306750525265
3.4895035017508755,1.0168841147416212,0.857986705962481,1.1515673657631318
3.4947429964982493,1.031656072215108,0.8516789089744871,1.1590469965762884
3.499982491245623,1.0466959170377694,0.8462992609362179,1.1652980974407205
3.5052219859929967,1.0617357618604308,0.8409196128979487,1.171549198305153
3.5104614807403705,1.0767756066830922,0.8355399648596796,1.177800299169585
3.515700975487744,1.0918154515057537,0.8301603168214104,1.1840514000340172
3.520940470235118,1.106855296328415,0.8247806687831413,1.1903025008984496
3.5261799649824916,1.1218951411510765,0.8194010207448722,1.1965536017628817
3.531419459729865,1.1369349859737365,0.8140213727066035,1.2028047026273134
3.5366589544772387,1.151974830796398,0.8086417246683343,1.2090558034917458
3.5418984492246124,1.1670146756190594,0.8032620766300652,1.215306904356178
3.547137943971986,1.1817117940290145,0.7973612901455729,1.2234591274587292
3.55237743871936,1.1962216084692348,0.7911756954404703,1.2326503359704852
3.5576169334667336,1.210731422909455,0.7849901007353676,1.2418415444822413
3.5628564282141073,1.2252412373496753,0.778804506030265,1.2510327529939973
3.568095922961481,1.2397510517898955,0.7726189113251624,1.260223961505753
3.5733354177088548,1.254260866230116,0.7664333166200598,1.2694151700175091
3.5785749124562285,1.2687706806703363,0.760247721914957,1.2786063785292652
3.5838144072036022,1.2832804951105565,0.7540621272098544,1.2877975870410212
3.5890539019509755,1.2977903095507757,0.7478765325047524,1.2969887955527764
3.5942933966983492,1.312300123990996,0.7416909377996497,1.3061800040645324
3.599532891445723,1.3256660925082546,0.7362906978344171,1.3142524720810407
3.6047723861930967,1.3383503288554282,0.7313585292941469,1.3216581707623813
3.6100118809404704,1.351034565202602,0.7264263607538768,1.329063869443722
3.615251375687844,1.3637188015497754,0.7214941922136066,1.3364695681250627
3.620490870435218,1.376403037896949,0.7165620236733364,1.3438752668064033
3.6257303651825916,1.3890872742441227,0.7116298551330663,1.3512809654877442
3.6309698599299653,1.4017715105912962,0.7066976865927961,1.358686664169085
3.636209354677339,1.41445574693847,0.701765518052526,1.3660923628504256
3.6414488494247124,1.4271399832856424,0.6968333495122562,1.3734980615317656
3.646688344172086,1.4398242196328161,0.691901180971986,1.3809037602131065
3.65192783891946,1.4530576648714355,0.687145020883942,1.3873112986608302
3.6571673336668336,1.466647415052026,0.6825030480975487,1.3930712703454227
3.6624068284142073,1.4802371652326165,0.6778610753111555,1.398831242030015
3.667646323161581,1.493826915413207,0.6732191025247622,1.4045912137146075
3.6728858179089547,1.5074166655937975,0.6685771297383689,1.4103511853992
3.6781253126563285,1.5210064157743879,0.6639351569519757,1.416111157083792
3.683364807403702,1.5345961659549783,0.6592931841655825,1.4218711287683845
3.688604302151076,1.5481859161355689,0.6546512113791891,1.427631100452977
3.6938437968984497,1.5617756663161593,0.6500092385927959,1.4333910721375693
3.699083291645823,1.5753654164967485,0.645367265806403,1.439151043822161
3.7043227863931967,1.5865715424752378,0.641812641504252,1.4453206937868937
3.7095622811405704,1.5960969077983995,0.6390247372871435,1.4517792194619812
3.714801775887944,1.605622273121561,0.6362368330700349,1.4582377451370687
3.720041270635318,1.6151476384447228,0.6334489288529264,1.4646962708121563
3.7252807653826916,1.6246730037678843,0.6306610246358177,1.4711547964872438
3.7305202601300653,1.634198369091046,0.6278731204187092,1.4776133221623313
3.735759754877439,1.6437237344142077,0.6250852162016006,1.4840718478374189
3.740999249624813,1.6532490997373692,0.6222973119844921,1.4905303735125066
3.7462387443721865,1.662774465060531,0.6195094077673835,1.4969888991875941
3.75147823911956,1.6722998303836918,0.6167215035502752,1.503447424862681
3.7567177338669335,1.6812553311105551,0.6137296629929966,1.5089472809794895
3.7619572286143073,1.6897746080535267,0.6105817118744372,1.5137132882751374
3.767196723361681,1.6982938849964984,0.6074337607558778,1.5184792955707853
3.7724362181090547,1.70681316193947,0.6042858096373186,1.5232453028664332
3.7776757128564284,1.7153324388824416,0.6011378585187592,1.5280113101620811
3.782915207603802,1.7238517158254132,0.5979899074002,1.532777317457729
3.788154702351176,1.7323709927683848,0.5948419562816406,1.537543324753377
3.7933941970985496,1.7408902697113564,0.5916940051630813,1.5423093320490249
3.7986336918459234,1.749409546654328,0.588546054044522,1.5470753393446728
3.803873186593297,1.7579288235972996,0.5853981029259627,1.5518413466403207
3.8091126813406704,1.7653095142401203,0.5829253900675337,1.5559303999209606
3.814352176088044,1.771744864881441,0.5810133108104052,1.5594573950515258
3.819591670835418,1.7781802155227617,0.5791012315532766,1.5629843901820912
3.8248311655827916,1.7846155661640823,0.577189152296148,1.5665113853126564
3.8300706603301653,1.791050916805403,0.5752770730390194,1.5700383804432216
3.835310155077539,1.7974862674467236,0.5733649937818909,1.573565375573787
3.8405496498249128,1.8039216180880444,0.5714529145247623,1.5770923707043523
3.8457891445722865,1.810356968729365,0.5695408352676338,1.5806193658349175
3.85102863931966,1.8167923193706856,0.5676287560105051,1.584146360965483
3.856268134067034,1.8232276700120063,0.5657166767533766,1.587673356096048
3.8615076288144072,1.830277548202101,0.5633688664582291,1.5911462203911955
3.866747123561781,1.837880501186093,0.5606288982288644,1.594570366934467
3.8719866183091547,1.845483454170085,0.5578889299994997,1.597994513477739
3.8772261130565284,1.8530864071540771,0.555148961770135,1.6014186600210105
3.882465607803902,1.8606893601380692,0.5524089935407703,1.6048428065642821
3.887705102551276,1.8682923131220612,0.5496690253114056,1.6082669531075537
3.8929445972986496,1.8758952661060535,0.5469290570820409,1.6116910996508256
3.8981840920460233,1.8834982190900456,0.5441890888526761,1.6151152461940972
3.903423586793397,1.8911011720740376,0.5414491206233114,1.6185393927373688
3.908663081540771,1.8987041250580297,0.5387091523939467,1.6219635392806406
3.9139025762881445,1.9007687699719855,0.536994483416208,1.6252522238559282
3.919142071035518,1.8974321936493246,0.5362797349957479,1.6284087994822412
3.9243815657828915,1.8940956173266632,0.5355649865752876,1.6315653751085544
3.9296210605302653,1.8907590410040018,0.5348502381548274,1.6347219507348676
3.934860555277639,1.8874224646813405,0.5341354897343671,1.6378785263611806
3.9401000500250127,1.884085888358679,0.5334207413139069,1.6410351019874938
3.9453395447723865,1.880749312036018,0.5327059928934467,1.644191677613807
3.95057903951976,1.8774127357133565,0.5319912444729864,1.6473482532401202
3.955818534267134,1.8740761593906952,0.5312764960525262,1.6505048288664335
3.9610580290145077,1.8707395830680338,0.530561747632066,1.6536614044927467
3.9662975237618814,1.8708748913036521,0.52908738042021,1.654313411877939
3.9715370185092547,1.8746789435312656,0.5268103232483742,1.6523188394207105
3.9767765132566284,1.8784829957588793,0.5245332660765383,1.650324266963482
3.982016008004002,1.8822870479864933,0.5222562089047024,1.648329694506253
3.987255502751376,1.8860911002141072,0.5199791517328665,1.6463351220490245
3.9924949974987496,1.889895152441721,0.5177020945610306,1.644340549591796
3.9977344922461233,1.8936992046693348,0.5154250373891945,1.6423459771345672
4.002973986993497,1.8975032568969483,0.5131479802173589,1.6403514046773389
4.008213481740871,1.9013073091245625,0.5108709230455227,1.63835683222011
4.013452976488244,1.905111361352176,0.508593865873687,1.6363622597628815
4.018692471235618,1.9069716528669336,0.5073638189384693,1.635287630558279
4.0239319659829915,1.906606024855678,0.5073327675967985,1.635266484755878
4.029171460730366,1.9062403968444221,0.5073017162551275,1.6352453389534767
4.034410955477739,1.9058747688331665,0.5072706649134567,1.6352241931510756
4.039650450225113,1.905509140821911,0.5072396135717859,1.6352030473486743
4.044889944972486,1.9051435128106553,0.5072085622301151,1.6351819015462732
4.050129439719861,1.9047778847993997,0.5071775108884442,1.6351607557438719
4.055368934467234,1.904412256788144,0.5071464595467734,1.6351396099414708
4.060608429214607,1.9040466287768885,0.5071154082051026,1.6351184641390697
4.065847923961981,1.9036810007656326,0.5070843568634318,1.6350973183366684
4.071087418709355,1.9011847898669332,0.5067981738654327,1.6341151569009504
4.076326913456729,1.8960433047091036,0.5061952262828914,1.6319398243699348
4.081566408204102,1.8909018195512752,0.5055922787003502,1.6297644918389194
4.086805902951476,1.885760334393446,0.5049893311178089,1.6275891593079037
4.09204539769885,1.8806188492356173,0.5043863835352677,1.6254138267768883
4.097284892446224,1.875477364077788,0.5037834359527263,1.6232384942458726
4.102524387193597,1.8703358789199596,0.503180488370185,1.6210631617148572
4.10776388194097,1.865194393762131,0.5025775407876438,1.618887829183842
4.1130033766883445,1.8600529086043016,0.5019745932051025,1.6167124966528261
4.118242871435718,1.8549114234464732,0.5013716456225613,1.614537164121811
4.123482366183092,1.850974950972486,0.5010644722296148,1.6124917810280137
4.128721860930465,1.8486617014667333,0.5011557240685343,1.6106214474702352
4.133961355677839,1.84634845196098,0.5012469759074537,1.608751113912456
4.139200850425213,1.8440352024552276,0.5013382277463732,1.6068807803546772
4.144440345172587,1.8417219529494744,0.5014294795852926,1.6050104467968982
4.14967983991996,1.8394087034437216,0.501520731424212,1.6031401132391194
4.154919334667334,1.8370954539379687,0.5016119832631316,1.6012697796813404
4.160158829414708,1.834782204432216,0.501703235102051,1.5993994461235617
4.165398324162081,1.8324689549264632,0.5017944869409704,1.597529112565783
4.170637818909455,1.83015570542071,0.50188573877989,1.595658779008004
4.175877313656828,1.8282960513766884,0.5019707656128064,1.5930846987703853
4.1811168084042025,1.8270999906933465,0.5020466854924962,1.5894810632048522
4.186356303151576,1.8259039300100048,0.502122605372186,1.5858774276393197
4.19159579789895,1.8247078693266632,0.5021985252518759,1.5822737920737866
4.196835292646323,1.8235118086433215,0.5022744451315657,1.5786701565082542
4.202074787393697,1.8223157479599799,0.5023503650112556,1.575066520942721
4.207314282141071,1.8211196872766382,0.5024262848909454,1.5714628853771886
4.212553776888445,1.8199236265932965,0.5025022047706352,1.5678592498116555
4.217793271635818,1.8187275659099549,0.5025781246503251,1.564255614246123
4.2230327663831915,1.8175315052266132,0.5026540445300149,1.5606519786805904
4.228272261130566,1.8139803927638818,0.5028510612581291,1.5576964119779888
4.233511755877939,1.806682607015758,0.5032407320632816,1.5557718639209606
4.238751250625313,1.7993848212676333,0.5036304028684342,1.5538473158639317
4.243990745372686,1.7920870355195098,0.5040200736735868,1.5519227678069034
4.249230240120061,1.7847892497713849,0.5044097444787394,1.5499982197498747
4.254469734867434,1.7774914640232613,0.5047994152838919,1.5480736716928463
4.259709229614808,1.7701936782751364,0.5051890860890446,1.5461491236358176
4.264948724362181,1.7628958925270128,0.5055787568941972,1.5442245755787891
4.2701882191095555,1.755598106778888,0.5059684276993498,1.5423000275217604
4.275427713856929,1.7483003210307644,0.5063580985045023,1.5403754794647322
4.280667208604302,1.7420349579954975,0.5067178519084543,1.5377587140020008
4.285906703351676,1.7375586562366176,0.5070257621445723,1.533942421117058
4.2911461980990495,1.7330823544777385,0.5073336723806904,1.5301261282321157
4.296385692846424,1.7286060527188587,0.5076415826168085,1.526309835347173
4.301625187593797,1.7241297509599798,0.5079494928529265,1.5224935424622308
4.306864682341171,1.7196534492011,0.5082574030890445,1.518677249577288
4.312104177088544,1.7151771474422208,0.5085653133251626,1.5148609566923459
4.317343671835919,1.710700845683341,0.5088732235612807,1.511044663807403
4.322583166583292,1.7062245439244619,0.5091811337973987,1.507228370922461
4.327822661330665,1.7017482421655827,0.5094890440335167,1.5034120780375186
4.333062156078039,1.6964735392321155,0.5098357293011506,1.498803484351175
4.338301650825413,1.6896888166858428,0.5102557499544772,1.492696408714357
4.343541145572787,1.6829040941395692,0.5106757706078039,1.4865893330775382
4.34878064032016,1.6761193715932965,0.5110957912611306,1.4804822574407202
4.354020135067534,1.6693346490470227,0.5115158119144573,1.4743751818039013
4.3592596298149076,1.6625499265007502,0.5119358325677839,1.4682681061670833
4.364499124562282,1.6557652039544764,0.5123558532211105,1.4621610305302644
4.369738619309655,1.6489804814082039,0.5127758738744372,1.4560539548934464
4.374978114057029,1.64219575886193,0.5131958945277639,1.4499468792566275
4.3802176088044025,1.6354110363156575,0.5136159151810905,1.4438398036198095
4.385457103551776,1.6289238236468235,0.5139431332956478,1.4397703228154077
4.39069659829915,1.623052227570535,0.5140783215415208,1.4399170959334666
4.395936093046523,1.6171806314942472,0.5142135097873937,1.4400638690515257
4.401175587793897,1.6113090354179587,0.5143486980332667,1.4402106421695848
4.406415082541271,1.6054374393416708,0.5144838862791395,1.440357415287644
4.411654577288645,1.5995658432653823,0.5146190745250125,1.4405041884057028
4.416894072036018,1.5936942471890947,0.5147542627708854,1.440650961523762
4.422133566783392,1.587822651112806,0.5148894510167584,1.440797734641821
4.427373061530766,1.5819510550365183,0.5150246392626313,1.44094450775988
4.43261255627814,1.5760794589602296,0.5151598275085043,1.441091280877939
4.437852051025513,1.5700408410390194,0.5160029292681342,1.439048944402201
4.443091545772886,1.5636230013879444,0.518453342858179,1.432036252537269
4.4483310405202605,1.557205161736868,0.5209037564482243,1.4250235606723358
4.453570535267634,1.550787322085793,0.5233541700382691,1.4180108688074038
4.458810030015008,1.5443694824347167,0.5258045836283144,1.4109981769424706
4.464049524762381,1.5379516427836415,0.5282549972183592,1.4039854850775386
4.469289019509755,1.5315338031325654,0.5307054108084045,1.3969727932126053
4.474528514257129,1.5251159634814901,0.5331558243984494,1.3899601013476732
4.479768009004503,1.518698123830414,0.5356062379884947,1.38294740948274
4.485007503751876,1.5122802841793388,0.5380566515785395,1.375934717617808
4.4902469984992495,1.5063121104282138,0.5400560672251126,1.3700178465042518
4.495486493246624,1.5014681014269629,0.5409279880130066,1.3668405272691342
4.500725987993997,1.4966240924257126,0.5417999088009005,1.3636632080340167
4.505965482741371,1.4917800834244614,0.5426718295887945,1.3604858887988989
4.511204977488744,1.4869360744232112,0.5435437503766883,1.3573085695637817
4.516444472236119,1.4820920654219603,0.5444156711645824,1.3541312503286638
4.521683966983492,1.47724805642071,0.5452875919524762,1.3509539310935466
4.526923461730866,1.4724040474194589,0.5461595127403703,1.3477766118584287
4.532162956478239,1.4675600384182088,0.5470314335282642,1.3445992926233115
4.5374024512256135,1.4627160294169577,0.5479033543161582,1.3414219733881936
4.542641945972987,1.4576796289574783,0.5488159009694848,1.3379870869854924
4.54788144072036,1.4521114294672335,0.5498407436470735,1.3338402460535268
4.553120935467734,1.446543229976988,0.5508655863246624,1.3296934051215603
4.5583604302151075,1.4409750304867432,0.5518904290022512,1.3255465641895947
4.563599924962482,1.4354068309964976,0.55291527167984,1.3213997232576284
4.568839419709855,1.429838631506253,0.5539401143574287,1.3172528823256628
4.574078914457229,1.4242704320160073,0.5549649570350176,1.3131060413936964
4.579318409204602,1.4187022325257626,0.5559897997126063,1.3089592004617308
4.584557903951977,1.4131340330355169,0.5570146423901952,1.3048123595297645
4.58979739869935,1.4075658335452723,0.5580394850677839,1.3006655185977989
4.595036893446724,1.4021255471210599,0.5593369439149577,1.2964200218159074
4.600276388194097,1.3970781365425209,0.5614717238544273,1.2918715106378187
4.605515882941471,1.3920307259639821,0.5636065037938969,1.2873229994597302
4.610755377688845,1.3869833153854423,0.5657412837333667,1.2827744882816405
4.615994872436218,1.3819359048069035,0.5678760636728364,1.278225977103552
4.621234367183592,1.3768884942283637,0.5700108436123063,1.2736774659254626
4.6264738619309655,1.371841083649825,0.5721456235517758,1.2691289547473739
4.63171335667834,1.3667936730712853,0.5742804034912458,1.2645804435692845
4.636952851425713,1.3617462624927463,0.5764151834307153,1.2600319323911957
4.642192346173087,1.3566988519142067,0.5785499633701853,1.2554834212131063
4.6474318409204605,1.35205047,0.5806164949904952,1.251297293931966
4.652671335667835,1.3487720864999997,0.582448707381691,1.2483553513636816
4.657910830415208,1.345493703,0.5842809197728864,1.2454134087953979
4.663150325162581,1.3422153195000002,0.5861131321640819,1.242471466227114
4.668389819909955,1.3389369359999999,0.5879453445552777,1.2395295236588295
4.673629314657329,1.3356585525000002,0.5897775569464732,1.2365875810905456
4.678868809404703,1.332380169,0.591609769337669,1.2336456385222612
4.684108304152076,1.3291017855000002,0.5934419817288644,1.2307036959539772
4.68934779889945,1.325823402,0.5952741941200601,1.2277617533856928
4.694587293646824,1.3225450185,0.5971064065112556,1.2248198108174089
4.699826788394198,1.3187542422071032,0.5989229071445724,1.22208263151976
4.705066283141571,1.3129826303611807,0.6006786684212106,1.2201370370610307
4.710305777888944,1.3072110185152581,0.6024344296978489,1.2181914426023015
4.7155452726363185,1.3014394066693344,0.6041901909744873,1.2162458481435718
4.720784767383692,1.2956677948234119,0.6059459522511256,1.2143002536848426
4.726024262131066,1.2898961829774884,0.607701713527764,1.212354659226113
4.731263756878439,1.2841245711315659,0.6094574748044023,1.2104090647673837
4.736503251625813,1.2783529592856422,0.6112132360810407,1.2084634703086543
4.741742746373187,1.2725813474397196,0.612968997357679,1.2065178758499249
4.746982241120561,1.2668097355937962,0.6147247586343174,1.2045722813911954
4.752221735867934,1.2610494606293141,0.616610505445723,1.2027637742646322
4.757461230615308,1.2553389760225102,0.6190671346733371,1.2015573398806902
4.762700725362682,1.2496284914157074,0.6215237639009508,1.2003509054967483
4.767940220110055,1.2439180068089044,0.6239803931285643,1.1991444711128065
4.773179714857429,1.2382075222021005,0.6264370223561784,1.1979380367288643
4.778419209604802,1.2324970375952975,0.628893651583792,1.1967316023449226
4.7836587043521765,1.2267865529884936,0.631350280811406,1.1955251679609804
4.78889819909955,1.2210760683816908,0.6338069100390196,1.1943187335770387
4.794137693846924,1.215365583774887,0.6362635392666336,1.1931122991930965
4.799377188594297,1.209655099168084,0.6387201684942472,1.1919058648091545
4.8046166833416715,1.2041166618524257,0.6411586741350679,1.1906288187948972
4.809856178089045,1.1994462813239117,0.6435057380425214,1.1889955050095047
4.815095672836419,1.194775900795397,0.6458528019499753,1.187362191224112
4.820335167583792,1.190105520266883,0.6481998658574288,1.1857288774387194
4.8255746623311655,1.1854351397383693,0.6505469297648824,1.1840955636533268
4.83081415707854,1.1807647592098547,0.6528939936723364,1.182462249867934
4.836053651825913,1.1760943786813407,0.6552410575797899,1.1808289360825415
4.841293146573287,1.171423998152826,0.6575881214872438,1.1791956222971485
4.84653264132066,1.166753617624312,0.6599351853946973,1.177562308511756
4.851772136068035,1.1620832370957974,0.6622822493021513,1.1759289947263631
4.857011630815408,1.1576441387193597,0.6645680006668334,1.1738529773861932
4.862251125562782,1.1545648198921958,0.6664932765645325,1.169174168456728
4.867490620310155,1.1514855010650324,0.6684185524622311,1.1644953595272636
4.872730115057529,1.148406182237869,0.6703438283599298,1.1598165505977993
4.877969609804903,1.1453268634107052,0.6722691042576289,1.1551377416683342
4.883209104552276,1.1422475445835418,0.6741943801553275,1.15045893273887
4.88844859929965,1.139168225756378,0.6761196560530266,1.1457801238094047
4.8936880940470235,1.1360889069292148,0.6780449319507252,1.1411013148799403
4.898927588794398,1.133009588102051,0.6799702078484242,1.1364225059504751
4.904167083541771,1.1299302692748876,0.681895483746123,1.1317436970210109
4.909406578289145,1.1270347506978489,0.6839934539534769,1.1273204961330665
4.9146460730365185,1.1254221578666834,0.687296830442221,1.1246814393749376
4.919885567783893,1.1238095650355175,0.6906002069309658,1.1220423826168082
4.925125062531266,1.122196972204352,0.6939035834197099,1.1194033258586793
4.930364557278639,1.1205843793731867,0.697206959908454,1.1167642691005504
4.935604052026013,1.118971786542021,0.7005103363971988,1.114125212342421
4.940843546773387,1.1173591937108553,0.703813712885943,1.111486155584292
4.946083041520761,1.1157466008796897,0.7071170893746878,1.1088470988261627
4.951322536268134,1.1141340080485242,0.7104204658634319,1.106208042068034
4.956562031015508,1.1125214152173584,0.7137238423521766,1.1035689853099047
4.961801525762882,1.1105579239314654,0.7169880743156581,1.1010835584587293
4.967041020510256,1.1056117957803895,0.7199195778144077,1.0999039858166582
4.972280515257629,1.1006656676293143,0.7228510813131569,1.0987244131745872
4.977520010005003,1.0957195394782382,0.7257825848119065,1.097544840532516
4.9827595047523765,1.0907734113271632,0.7287140883106556,1.0963652678904452
4.98799899949975,1.085827283176088,0.7316455918094048,1.0951856952483743
4.993238494247124,1.0808811550250121,0.7345770953081544,1.0940061226063031
4.998477988994497,1.075935026873937,0.7375085988069036,1.0928265499642322
5.003717483741871,1.0709888987228608,0.7404401023056533,1.091646977322161
5.008956978489245,1.0660427705717859,0.7433716058044023,1.0904674046800902
5.014196473236619,1.0613744471850923,0.7462417890530268,1.089307609518259
5.019435967983992,1.0596884396513258,0.7484536813811907,1.088360131423712
5.024675462731366,1.0580024321175587,0.750665573709355,1.0874126533291646
5.02991495747874,1.056316424583792,0.7528774660375189,1.0864651752346173
5.035154452226114,1.054630417050025,0.7550893583656831,1.08551769714007
5.040393946973487,1.0529444095162581,0.757301250693847,1.0845702190455226
5.04563344172086,1.0512584019824913,0.7595131430220109,1.0836227409509755
5.0508729364682345,1.0495723944487243,0.7617250353501752,1.082675262856428
5.056112431215608,1.0478863869149575,0.7639369276783391,1.081727784761881
5.061351925962982,1.0462003793811905,0.7661488200065034,1.0807803066673336
5.066591420710355,1.0443885367573789,0.7685064442986492,1.0797896632856427
5.0718309154577295,1.040771444572536,0.7729547617663836,1.0781797640537767
5.077070410205103,1.0371543523876938,0.777403079234117,1.0765698648219109
5.082309904952477,1.0335372602028512,0.7818513967018513,1.0749599655900448
5.08754939969985,1.029920168018009,0.7862997141695848,1.073350066358179
5.0927888944472235,1.0263030758331668,0.7907480316373183,1.0717401671263131
5.098028389194598,1.0226859836483242,0.7951963491050527,1.070130267894447
5.103267883941971,1.019068891463482,0.7996446665727861,1.0685203686625815
5.108507378689345,1.0154517992786394,0.8040929840405204,1.0669104694307152
5.113746873436718,1.0118347070937972,0.8085413015082539,1.0653005701988496
5.118986368184093,1.008256858681841,0.8129180658784394,1.063694003915958
5.124225862931466,1.005509670129315,0.8157802896838419,1.0621579850530265
5.12946535767884,1.0027624815767882,0.8186425134892449,1.0606219661900949
5.134704852426213,1.000015293024262,0.8215047372946473,1.0590859473271637
5.1399443471735875,0.9972681044717355,0.8243669611000504,1.057549928464232
5.145183841920961,0.9945209159192094,0.8272291849054529,1.0560139096013006
5.150423336668334,0.9917737273666833,0.8300914087108554,1.0544778907383692
5.155662831415708,0.9890265388141568,0.8329536325162584,1.0529418718754375
5.1609023261630815,0.9862793502616307,0.8358158563216609,1.051405853012506
5.166141820910456,0.9835321617091042,0.8386780801270639,1.0498698341495745
5.171381315657829,0.9807821838794395,0.8415629418939472,1.04832520774037
5.176620810405203,0.9779237031690841,0.8453284203624318,1.0464457477811402
5.1818603051525765,0.9750652224587291,0.8490938988309158,1.0445662878219109
5.187099799899951,0.9722067417483736,0.8528593772994003,1.042686827862681
5.192339294647324,0.9693482610380187,0.8566248557678843,1.0408073679034515
5.197578789394698,0.9664897803276633,0.8603903342363689,1.0389279079442217
5.202818284142071,0.9636312996173083,0.8641558127048529,1.0370484479849924
5.208057778889445,0.9607728189069534,0.8679212911733367,1.0351689880257628
5.213297273636819,0.957914338196598,0.8716867696418213,1.033289528066533
5.218536768384192,0.955055857486243,0.8754522481103053,1.0314100681073037
5.223776263131566,0.9522034090860428,0.8792145700605306,1.0295374262366184
5.22901575787894,0.9505483742516257,0.8823503231363183,1.0290181749419711
5.234255252626314,0.9488933394172083,0.8854860762121065,1.0284989236473236
5.239494747373687,0.9472383045827913,0.8886218292878941,1.0279796723526764
5.244734242121061,0.9455832697483739,0.8917575823636823,1.027460421058029
5.2499737368684345,0.9439282349139568,0.8948933354394699,1.0269411697633817
5.255213231615809,0.9422732000795395,0.8980290885152581,1.0264219184687344
5.260452726363182,0.9406181652451224,0.9011648415910457,1.0259026671740872
5.265692221110555,0.9389631304107053,0.9043005946668333,1.0253834158794397
5.270931715857929,0.937308095576288,0.9074363477426215,1.0248641645847925
5.276171210605303,0.9356530607418709,0.9105721008184091,1.0243449132901452
5.281410705352677,0.9336001980430214,0.9149055056663334,1.0224089129199598
5.28665020010005,0.9315412616363182,0.9192571952741371,1.0204512827928964
5.291889694847424,0.9294823252296146,0.9236088848819413,1.0184936526658328
5.297129189594798,0.9274233888229114,0.9279605744897449,1.0165360225387694
5.302368684342172,0.9253644524162079,0.9323122640975492,1.0145783924117058
5.307608179089545,0.9233055160095047,0.9366639537053527,1.0126207622846424
5.312847673836918,0.9212465796028015,0.9410156433131562,1.010663132157579
5.3180871685842925,0.919187643196098,0.9453673329209605,1.0087055020305151
5.323326663331666,0.9171287067893948,0.9497190225287641,1.006747871903452
5.32856615807904,0.9150697703826913,0.9540707121365684,1.004790241776388
5.333805652826413,0.9128992804667335,0.9581000954024511,1.0033188373746873
5.3390451475737875,0.9107247340595296,0.9621177584377192,1.001865113908454
5.344284642321161,0.9085501876523262,0.9661354214729865,1.0004113904422212
5.349524137068535,0.9063756412451224,0.9701530845082545,0.9989576669759878
5.354763631815908,0.9042010948379189,0.974170747543522,0.9975039435097548
5.360003126563282,0.9020265484307151,0.97818841057879,0.9960502200435215
5.365242621310656,0.8998520020235116,0.9822060736140574,0.9945964965772884
5.370482116058029,0.8976774556163081,0.9862237366493248,0.9931427731110555
5.375721610805403,0.8955029092091042,0.9902413996845929,0.9916890496448222
5.380961105552776,0.8933283628019008,0.9942590627198603,0.9902353261785891
5.386200600300151,0.8922584229999998,0.9989195546033024,0.9872595175472731
5.391440095047524,0.8912529429999999,1.0036175590455232,0.9841948869699847
5.396679589794898,0.8902474629999998,1.0083155634877448,0.9811302563926958
5.401919084542271,0.8892419829999999,1.0130135679299654,0.9780656258154073
5.4071585792896455,0.8882365029999999,1.017711572372187,0.9750009952381185
5.412398074037019,0.8872310229999999,1.0224095768144077,0.9719363646608301
5.417637568784393,0.8862255429999999,1.0271075812566293,0.9688717340835412
5.422877063531766,0.8852200629999999,1.03180558569885,0.9658071035062528
5.4281165582791395,0.884214583,1.0365035901410706,0.9627424729289644
5.433356053026514,0.8832091029999999,1.0412015945832922,0.9596778423516754
5.438595547773887,0.8793663248686843,1.044089359969985,0.9579903713679339
5.443835042521261,0.8752928720925458,1.0468299514497252,0.9564148645787892
5.449074537268634,0.8712194193164081,1.0495705429294648,0.9548393577896448
5.454314032016009,0.8671459665402697,1.0523111344092049,0.9532638510005
5.459553526763382,0.8630725137641319,1.0550517258889447,0.9516883442113556
5.464793021510756,0.8589990609879935,1.0577923173686847,0.9501128374222109
5.470032516258129,0.8549256082118557,1.0605329088484243,0.9485373306330664
5.475272011005503,0.850852155435718,1.063273500328164,0.946961823843922
5.480511505752877,0.8467787026595796,1.0660140918079042,0.9453863170547773
5.48575100050025,0.8427052498834418,1.0687546832876438,0.9438108102656328
5.490990495247624,0.8426554071235618,1.0728794474599803,0.9417984123914456
5.496229989994998,0.8430291022601301,1.0771499140210106,0.939740025981991
5.501469484742372,0.8434027973966983,1.0814203805820415,0.9376816395725361
5.506708979489745,0.8437764925332666,1.0856908471430715,0.9356232531630816
5.511948474237119,0.844150187669835,1.0899613137041024,0.9335648667536266
5.5171879689844925,0.8445238828064032,1.0942317802651327,0.931506480344172
5.522427463731867,0.8448975779429715,1.0985022468261636,0.9294480939347172
5.52766695847924,0.8452712730795398,1.1027727133871936,0.9273897075252626
5.532906453226613,0.845644968216108,1.1070431799482239,0.9253313211158081
5.538145947973987,0.8460186633526763,1.1113136465092548,0.9232729347063531
5.543385442721361,0.8448346826823412,1.1148953953251626,0.9205676308551777
5.548624937468735,0.8434477187623811,1.11838739621961,0.9177780261475735
5.553864432216108,0.8420607548424212,1.121879397114057,0.91498842143997
5.559103926963482,0.8406737909224611,1.1253713980085047,0.9121988167323658
5.564343421710856,0.8392868270025011,1.1288633989029515,0.9094092120247622
5.56958291645823,0.837899863082541,1.1323553997973992,0.9066196073171581
5.574822411205603,0.8365128991625812,1.1358474006918462,0.9038300026095545
5.580061905952977,0.835125935242621,1.1393394015862937,0.9010403979019505
5.5853014007003505,0.8337389713226612,1.1428314024807407,0.8982507931943468
5.590540895447724,0.8323520074027013,1.1463234033751877,0.8954611884867432
5.595780390195098,0.8298516822296144,1.1499259414757383,0.8940320347571283
5.601019884942471,0.8271770918169082,1.1535457810520262,0.8928158211805902
5.6062593796898454,0.8245025014042017,1.1571656206283147,0.8915996076040518
5.611498874437219,0.8218279109914955,1.1607854602046026,0.8903833940275137
5.616738369184593,0.819153320578789,1.164405299780891,0.8891671804509752
5.621977863931966,0.8164787301660829,1.1680251393571788,0.8879509668744371
5.62721735867934,0.8138041397533762,1.1716449789334673,0.8867347532978987
5.632456853426714,0.81112954934067,1.1752648185097552,0.8855185397213605
5.637696348174088,0.8084549589279635,1.1788846580860437,0.8843023261448222
5.642935842921461,0.8057803685152574,1.1825044976623316,0.8830861125682841
5.648175337668834,0.8038468356235617,1.1858950694289645,0.8816353914137068
5.653414832416209,0.8020496397238618,1.1892434613611809,0.8801415264317157
5.658654327163582,0.800252443824162,1.1925918532933968,0.8786476614497248
5.663893821910956,0.798455247924462,1.1959402452256132,0.8771537964677336
5.669133316658329,0.7966580520247624,1.1992886371578289,0.8756599314857428
5.6743728114057035,0.7948608561250623,1.2026370290900454,0.8741660665037516
5.679612306153077,0.7930636602253626,1.2059854210222611,0.8726722015217607
5.684851800900451,0.7912664643256626,1.2093338129544775,0.8711783365397696
5.690091295647824,0.7894692684259629,1.2126822048866934,0.8696844715577787
5.6953307903951975,0.7876720725262631,1.2160305968189093,0.8681906065757878
5.700570285142572,0.7853997420352675,1.218527495111806,0.865751494228364
5.705809779889945,0.7830263190780391,1.2208432245452725,0.8631112654202101
5.711049274637319,0.7806528961208102,1.2231589539787395,0.8604710366120558
5.716288769384692,0.7782794731635818,1.2254746834122061,0.857830807803902
5.721528264132067,0.775906050206353,1.227790412845673,0.8551905789957476
5.72676775887944,0.7735326272491245,1.2301061422791395,0.8525503501875937
5.732007253626814,0.7711592042918957,1.2324218717126065,0.8499101213794394
5.737246748374187,0.7687857813346672,1.2347376011460731,0.8472698925712856
5.7424862431215615,0.7664123583774385,1.23705333057954,0.8446296637631313
5.747725737868935,0.7640389354202101,1.2393690600130065,0.8419894349549775
5.752965232616308,0.7633556849714858,1.2416350885620309,0.8410778149929965
5.758204727363682,0.7630831306463232,1.2438890402606304,0.8405862308254126
5.763444222111056,0.7628105763211606,1.2461429919592297,0.840094646657829
5.76868371685843,0.762538021995998,1.248396943657829,0.8396030624902451
5.773923211605803,0.7622654676708354,1.2506508953564284,0.8391114783226613
5.779162706353177,0.7619929133456728,1.252904847055028,0.8386198941550774
5.7844022011005505,0.7617203590205103,1.255158798753627,0.8381283099874937
5.789641695847925,0.7614478046953477,1.2574127504522266,0.8376367258199099
5.794881190595298,0.7611752503701851,1.2596667021508257,0.8371451416523261
5.800120685342672,0.7609026960450225,1.2619206538494252,0.8366535574847422
5.805360180090045,0.7597917092931464,1.264222034051276,0.8354541637446221
5.810599674837419,0.7584503545262631,1.2665364457268635,0.8340602919749874
5.815839169584793,0.7571089997593795,1.2688508574024515,0.8326664202053524
5.821078664332166,0.7557676449924962,1.2711652690780393,0.8312725484357177
5.82631815907954,0.7544262902256126,1.2734796807536273,0.8298786766660828
5.831557653826914,0.7530849354587292,1.2757940924292148,0.8284848048964482
5.836797148574288,0.7517435806918457,1.2781085041048028,0.8270909331268131
5.842036643321661,0.7504022259249623,1.2804229157803906,0.8256970613571785
5.847276138069035,0.7490608711580788,1.2827373274559786,0.8243031895875436
5.8525156328164085,0.7477195163911955,1.2850517391315661,0.8229093178179088
5.857755127563783,0.7474242889667334,1.2873243646628318,0.8210044597438716
5.862994622311156,0.7474514745592796,1.289584111841421,0.8189421173661828
5.868234117058529,0.747478660151826,1.29184385902001,0.8168797749884942
5.873473611805903,0.7475058457443722,1.2941036061985995,0.8148174326108052
5.878713106553277,0.7475330313369185,1.2963633533771888,0.8127550902331165
5.883952601300651,0.7475602169294647,1.2986231005557782,0.8106927478554274
5.889192096048024,0.7475874025220111,1.3008828477343672,0.8086304054777388
5.894431590795398,0.7476145881145573,1.303142594912957,0.8065680631000498
5.899671085542772,0.7476417737071036,1.305402342091546,0.804505720722361
5.904910580290146,0.7476689592996498,1.3076620892701354,0.802443378344672
5.910150075037519,0.7457266315872935,1.309197771991996,0.8014838410192596
5.915389569784892,0.7431079053661832,1.3104847861125564,0.8009030448229115
5.920629064532267,0.7404891791450724,1.3117718002331167,0.8003222486265632
5.92586855927964,0.737870452923962,1.3130588143536768,0.7997414524302151
5.931108054027014,0.7352517267028512,1.3143458284742373,0.7991606562338669
5.936347548774387,0.7326330004817408,1.3156328425947974,0.7985798600375188
5.9415870435217615,0.73001427426063,1.316919856715358,0.7979990638411705
5.946826538269135,0.7273955480395198,1.318206870835918,0.7974182676448224
5.952066033016509,0.724776821818409,1.3194938849564783,0.7968374714484742
5.957305527763882,0.7221580955972986,1.3207808990770387,0.796256675252126
5.962545022511256,0.721517915855928,1.3217093880960482,0.7954453107643821
5.96778451725863,0.7216308160895447,1.3225014142736369,0.7945461867193596
5.973024012006003,0.7217437163231616,1.3232934404512255,0.7936470626743372
5.978263506753377,0.7218566165567784,1.3240854666288144,0.7927479386293146
5.98350300150075,0.7219695167903952,1.324877492806403,0.7918488145842922
5.988742496248125,0.722082417024012,1.325669518983992,0.7909496905392696
5.993981990995498,0.7221953172576288,1.3264615451615807,0.7900505664942472
5.999221485742872,0.7223082174912456,1.3272535713391695,0.7891514424492246
6.004460980490245,0.7224211177248624,1.3280455975167584,0.7882523184042022
6.0097004752376195,0.7225340179584793,1.328837623694347,0.7873531943591796
6.014939969984993,0.7224202653351676,1.330529357682091,0.7862639310807904
6.020179464732367,0.7222113346438219,1.332598904913957,0.7850948228574286
6.02541895947974,0.7220024039524763,1.334668452145823,0.783925714634067
6.0306584542271136,0.7217934732611305,1.3367379993776887,0.7827566064107054
6.035897948974488,0.7215845425697849,1.3388075466095548,0.7815874981873436
6.041137443721861,0.7213756118784392,1.3408770938414207,0.7804183899639819
6.046376938469235,0.7211666811870935,1.3429466410732869,0.7792492817406201
6.0516164332166085,0.7209577504957478,1.3450161883051526,0.7780801735172586
6.056855927963983,0.7207488198044022,1.3470857355370187,0.7769110652938968
6.062095422711356,0.7205398891130566,1.3491552827688846,0.7757419570705352
6.06733491745873,0.7201220163216607,1.3494190413874436,0.7750388070635317
6.072574412206103,0.7196077087148574,1.3488493591075537,0.7745507146948474
6.077813906953477,0.7190934011080541,1.3482796768276637,0.7740626223261631
6.083053401700851,0.7185790935012506,1.3477099945477737,0.7735745299574787
6.088292896448224,0.7180647858944472,1.3471403122678838,0.7730864375887944
6.093532391195598,0.7175504782876438,1.3465706299879938,0.77259834522011
6.098771885942972,0.7170361706808405,1.346000947708104,0.7721102528514256
6.104011380690346,0.716521863074037,1.3454312654282141,0.7716221604827413
6.109250875437719,0.7160075554672336,1.3448615831483242,0.771134068114057
6.114490370185093,0.7154932478604302,1.3442919008684342,0.7706459757453726
6.1197298649324665,0.7155807203886944,1.3442677249992496,0.7701150488244122
6.124969359679841,0.7159724892871436,1.3445193901075538,0.7695624621675837
6.130208854427214,0.7163642581855929,1.344771055215858,0.7690098755107554
6.135448349174587,0.7167560270840421,1.345022720324162,0.768457288853927
6.140687843921961,0.7171477959824913,1.3452743854324662,0.7679047021970985
6.145927338669335,0.7175395648809405,1.3455260505407705,0.7673521155402702
6.151166833416709,0.7179313337793898,1.3457777156490744,0.7667995288834417
6.156406328164082,0.7183231026778389,1.3460293807573787,0.7662469422266133
6.161645822911456,0.7187148715762882,1.3462810458656829,0.7656943555697848
6.16688531765883,0.7191066404747374,1.3465327109739869,0.7651417689129565
6.172124812406204,0.7191213093134067,1.3460615106780889,0.7645830361763382
6.177364307153577,0.7189276193641821,1.3451909061510754,0.7640209075512756
6.182603801900951,0.7187339294149575,1.344320301624062,0.763458778926213
6.1878432966483246,0.7185402394657329,1.3434496970970484,0.7628966503011506
6.193082791395698,0.7183465495165083,1.342579092570035,0.7623345216760881
6.198322286143072,0.7181528595672837,1.3417084880430215,0.7617723930510255
6.203561780890445,0.7179591696180591,1.340837883516008,0.7612102644259631
6.2088012756378195,0.7177654796688344,1.3399672789889945,0.7606481358009004
6.214040770385193,0.7175717897196099,1.339096674461981,0.760086007175838
6.219280265132567,0.7173780997703852,1.3382260699349675,0.7595238785507754
6.22451975987994,0.7168951439427215,1.3374870535,0.7585375556308155
6.229759254627314,0.7162379315617808,1.3368273069999999,0.7572956939789894
6.234998749374688,0.7155807191808404,1.3361675604999999,0.7560538323271636
6.240238244122062,0.7149235067998999,1.3355078139999998,0.7548119706753376
6.245477738869435,0.7142662944189595,1.3348480674999998,0.7535701090235117
6.250717233616808,0.7136090820380191,1.3341883209999998,0.7523282473716858
6.255956728364183,0.7129518696570786,1.3335285744999998,0.7510863857198598
6.261196223111556,0.712294657276138,1.3328688279999998,0.7498445240680339
6.26643571785893,0.7116374448951975,1.3322090814999998,0.7486026624162079
6.271675212606303,0.7109802325142571,1.3315493349999998,0.747360800764382
6.2769147073536775,0.7106434987746374,1.3305713091795894,0.7477415874107056
6.282154202101051,0.7105168713641822,1.329384618908454,0.7491861849744874
6.287393696848425,0.7103902439537269,1.3281979286373184,0.7506307825382694
6.292633191595798,0.7102636165432716,1.327011238366183,0.7520753801020512
6.2978726863431715,0.7101369891328164,1.3258245480950475,0.753519977665833
6.303112181090546,0.7100103617223612,1.3246378578239117,0.754964575229615
6.308351675837919,0.709883734311906,1.3234511675527763,0.7564091727933968
6.313591170585293,0.7097571069014508,1.3222644772816405,0.7578537703571788
6.3188306653326665,0.7096304794909956,1.321077787010505,0.7592983679209606
6.324070160080041,0.7095038520805402,1.3198910967393693,0.7607429654847426
6.329309654827414,0.7105562864939972,1.3181226988314154,0.7613459789957479
6.334549149574788,0.7124487392026015,1.3159398654397194,0.7613494090185093
6.339788644322161,0.7143411919112057,1.3137570320480239,0.7613528390412707
6.3450281390695356,0.7162336446198102,1.3115741986563278,0.7613562690640321
6.350267633816909,0.7181260973284144,1.309391365264632,0.7613596990867935
6.355507128564282,0.7200185500370184,1.3072085318729365,0.7613631291095548
6.360746623311656,0.7219110027456229,1.3050256984812403,0.7613665591323162
6.36598611805903,0.7238034554542271,1.3028428650895447,0.7613699891550776
6.371225612806404,0.7256959081628316,1.3006600316978487,0.761373419177839
6.376465107553777,0.7275883608714356,1.298477198306153,0.7613768492006003
6.381704602301151,0.7290015136613307,1.2971276120067532,0.7628440376588297
6.3869440970485245,0.7300440078474236,1.2964224034587293,0.7654431993071537
6.392183591795899,0.7310865020335168,1.2957171949107051,0.7680423609554781
6.397423086543272,0.7321289962196098,1.2950119863626812,0.770641522603802
6.402662581290646,0.733171490405703,1.2943067778146573,0.7732406842521263
6.407902076038019,0.7342139845917959,1.2936015692666332,0.7758398459004503
6.413141570785393,0.7352564787778889,1.2928963607186092,0.7784390075487743
6.418381065532767,0.7362989729639821,1.2921911521705853,0.7810381691970987
6.42362056028014,0.737341467150075,1.2914859436225612,0.7836373308454226
6.428860055027514,0.7383839613361681,1.2907807350745373,0.786236492493747
6.434099549774888,0.7396328794589795,1.2886151979422211,0.787617962550025
6.439339044522262,0.7410549273351676,1.2852248690940467,0.7879781428839421
6.444578539269635,0.7424769752113557,1.2818345402458728,0.788338323217859
6.449818034017009,0.743899023087544,1.2784442113976984,0.788698503551776
6.4550575287643825,0.7453210709637319,1.2750538825495246,0.7890586838856929
6.460297023511756,0.74674311883992,1.2716635537013508,0.7894188642196098
6.46553651825913,0.7481651667161082,1.2682732248531763,0.7897790445535268
6.470776013006503,0.7495872145922962,1.2648828960050025,0.7901392248874437
6.4760155077538775,0.7510092624684844,1.261492567156828,0.7904994052213608
6.481255002501251,0.7524313103446724,1.2581022383086542,0.7908595855552777
6.486494497248625,0.7536881098459232,1.2559230622648823,0.7909762846008004
6.491733991995998,0.7547946835517759,1.2548449342251125,0.7908716370205102
6.496973486743372,0.755901257257629,1.2537668061853424,0.7907669894402201
6.502212981490746,0.7570078309634818,1.2526886781455726,0.7906623418599299
6.50745247623812,0.7581144046693349,1.2516105501058028,0.7905576942796397
6.512691970985493,0.7592209783751876,1.250532422066033,0.7904530466993497
6.517931465732866,0.7603275520810405,1.2494542940262632,0.7903483991190595
6.523170960480241,0.7614341257868936,1.2483761659864931,0.7902437515387694
6.528410455227614,0.7625406994927464,1.2472980379467233,0.7901391039584792
6.533649949974988,0.7636472731985995,1.2462199099069533,0.790034456378189
6.538889444722361,0.7648835935607805,1.2442239972653826,0.790969061751876
6.5441289394697355,0.7662477240620312,1.2413239982996493,0.792927408841421
6.549368434217109,0.7676118545632817,1.2384239993339168,0.7948857559309656
6.554607928964483,0.7689759850645325,1.2355240003681836,0.7968441030205106
6.559847423711856,0.770340115565783,1.232624001402451,0.7988024501100551
6.56508691845923,0.7717042460670337,1.229724002436718,0.8007607971996001
6.570326413206604,0.7730683765682842,1.2268240034709852,0.8027191442891447
6.575565907953977,0.7744325070695347,1.2239240045052526,0.8046774913786894
6.580805402701351,0.7757966375707855,1.2210240055395194,0.8066358384682343
6.5860448974487245,0.777160768072036,1.2181240065737868,0.808594185557779
6.591284392196099,0.7789311727453729,1.2159301471545771,0.8109441344264635
6.596523886943472,0.7811352172086043,1.2144899910855427,0.8137120623961982
6.601763381690846,0.7833392616718361,1.213049835016508,0.8164799903659332
6.607002876438219,0.7855433061350676,1.2116096789474737,0.8192479183356679
6.6122423711855935,0.7877473505982994,1.210169522878439,0.822015846305403
6.617481865932967,0.7899513950615308,1.2087293668094046,0.8247837742751376
6.622721360680341,0.7921554395247626,1.20728921074037,0.8275517022448727
6.627960855427714,0.794359483987994,1.2058490546713356,0.8303196302146074
6.633200350175088,0.7965635284512255,1.2044088986023014,0.833087558184342
6.638439844922462,0.7987675729144573,1.2029687425332667,0.8358554861540771
6.643679339669835,0.8005279456855927,1.2003089280612809,0.8378397012798899
6.648918834417209,0.8017750982291146,1.196238265490745,0.8389173512781392
6.6541583291645825,0.8030222507726363,1.1921676029202102,0.8399950012763882
6.659397823911957,0.8042694033161583,1.1880969403496744,0.8410726512746375
6.66463731865933,0.80551655585968,1.1840262777791393,0.8421503012728865
6.669876813406704,0.8067637084032018,1.1799556152086037,0.8432279512711357
6.675116308154077,0.8080108609467235,1.1758849526380686,0.8443056012693848
6.680355802901451,0.8092580134902452,1.1718142900675337,0.8453832512676339
6.685595297648825,0.8105051660337671,1.167743627496998,0.8464609012658831
6.690834792396198,0.8117523185772888,1.1636729649264628,0.8475385512641321
6.696074287143572,0.813340636407204,1.160583657870935,0.8488672263989497
6.701313781890946,0.8153568564607305,1.1587252034952473,0.8505107466203103
6.70655327663832,0.8173730765142575,1.1568667491195594,0.8521542668416712
6.711792771385693,0.8193892965677841,1.1550082947438718,0.8537977870630317
6.717032266133067,0.821405516621311,1.1531498403681837,0.8554413072843925
6.7222717608804405,0.8234217366748376,1.151291385992496,0.8570848275057531
6.727511255627815,0.8254379567283646,1.1494329316168082,0.8587283477271139
6.732750750375188,0.8274541767818911,1.1475744772411203,0.8603718679484744
6.737990245122561,0.8294703968354178,1.1457160228654326,0.862015388169835
6.7432297398699355,0.8314866168889448,1.1438575684897447,0.8636589083911959
6.748469234617309,0.8332152728746874,1.1419353064689846,0.8647958300192596
6.753708729364683,0.8345525694782393,1.1399262056413204,0.8652432979404703
6.758948224112056,0.8358898660817909,1.1379171048136567,0.8656907658616809
6.76418771885943,0.8372271626853429,1.1359080039859928,0.8661382337828916
6.769427213606804,0.8385644592888946,1.133898903158329,0.8665857017041021
6.774666708354178,0.8399017558924464,1.1318898023306652,0.8670331696253127
6.779906203101551,0.8412390524959981,1.1298807015030015,0.8674806375465234
6.785145697848925,0.84257634909955,1.1278716006753375,0.867928105467734
6.790385192596299,0.8439136457031017,1.1258624998476738,0.8683755733889446
6.795624687343672,0.8452509423066533,1.1238533990200101,0.8688230413101551
6.800864182091046,0.8478127566263135,1.12155812484017,0.8703573609939973
6.806103676838419,0.8521847275697849,1.118839811791896,0.8734983311095549
6.8113431715857935,0.856556698513257,1.1161214987436217,0.8766393012251129
6.816582666333167,0.8609286694567284,1.1134031856953477,0.8797802713406704
6.821822161080541,0.8653006404002005,1.1106848726470733,0.8829212414562285
6.827061655827914,0.8696726113436719,1.1079665595987993,0.886062211571786
6.832301150575288,0.874044582287144,1.105248246550525,0.889203181687344
6.837540645322662,0.8784165532306154,1.102529933502251,0.8923441518029016
6.842780140070036,0.8827885241740876,1.0998116204539765,0.8954851219184596
6.848019634817409,0.8871604951175589,1.0970933074057028,0.8986260920340171
6.8532591295647824,0.8903394968184092,1.0941441312491247,0.9010145354764882
6.858498624312157,0.8916003911095548,1.0908237634282139,0.9021930340720361
6.86373811905953,0.8928612854007003,1.0875033956073037,0.9033715326675839
6.868977613806904,0.894122179691846,1.0841830277863929,0.9045500312631317
6.874217108554277,0.8953830739829916,1.0808626599654825,0.9057285298586795
6.8794566033016515,0.8966439682741373,1.0775422921445719,0.9069070284542273
6.884696098049025,0.8979048625652828,1.0742219243236615,0.908085527049775
6.889935592796399,0.8991657568564284,1.0709015565027507,0.9092640256453229
6.895175087543772,0.9004266511475739,1.0675811886818405,0.9104425242408706
6.900414582291146,0.9016875454387194,1.0642608208609303,0.9116210228364183
6.90565407703852,0.9038277697073543,1.0615079019082039,0.913251894013257
6.910893571785893,0.9075083375227617,1.0597489968349174,0.9156751971600803
6.916133066533267,0.9111889053381698,1.0579900917616305,0.9180985003069039
6.9213725612806405,0.9148694731535771,1.056231186688344,0.9205218034537271
6.926612056028015,0.9185500409689852,1.0544722816150571,0.9229451066005507
6.931851550775388,0.9222306087843926,1.0527133765417707,0.925368409747374
6.937091045522762,0.9259111765998006,1.050954471468484,0.9277917128941976
6.942330540270135,0.9295917444152081,1.0491955663951973,0.9302150160410207
6.94757003501751,0.933272312230616,1.0474366613219106,0.9326383191878445
6.952809529764883,0.9369528800460235,1.0456777562486241,0.9350616223346676
6.958049024512256,0.9401476421605804,1.04339741444047,0.9371849370475238
6.96328851925963,0.9424133451975991,1.0401198724532261,0.9387345512516261
6.968528014007004,0.9446790482346175,1.0368423304659828,0.9402841654557279
6.973767508754378,0.9469447512716361,1.033564788478739,0.9418337796598302
6.979007003501751,0.9492104543086545,1.0302872464914956,0.9433833938639321
6.984246498249125,0.9514761573456731,1.0270097045042517,0.9449330080680343
6.9894859929964985,0.9537418603826915,1.0237321625170082,0.9464826222721362
6.994725487743873,0.9560075634197102,1.0204546205297644,0.9480322364762384
6.999964982491246,0.9582732664567285,1.017177078542521,0.9495818506803403
7.00520447723862,0.9605389694937472,1.013899536555277,0.9511314648844424
7.0104439719859934,0.962637468783892,1.0110252189799898,0.9529805747553779
7.015683466733367,0.9643860067433716,1.0089948594762381,0.955456536022011
7.020922961480741,0.9661345447028515,1.006964499972486,0.9579324972886445
7.026162456228114,0.9678830826623311,1.0049341404687344,0.9604084585552777
7.031401950975488,0.9696316206218111,1.0029037809649823,0.9628844198219112
7.036641445722862,0.9713801585812907,1.0008734214612305,0.9653603810885443
7.041880940470236,0.9731286965407705,0.9988430619574785,0.9678363423551779
7.047120435217609,0.9748772345002501,0.9968127024537268,0.970312303621811
7.052359929964983,0.97662577245973,0.9947823429499747,0.9727882648884445
7.057599424712357,0.9783743104192096,0.9927519834462231,0.9752642261550777
7.06283891945973,0.9807400443191594,0.9908788795132567,0.9778503183651825
7.068078414207104,0.9845237986443224,0.9893670735032515,0.9806894386933469
7.073317908954477,0.9883075529694847,0.9878552674932466,0.9835285590215108
7.0785574037018515,0.9920913072946478,0.9863434614832415,0.9863676793496752
7.083796898449225,0.9958750616198101,0.9848316554732366,0.9892067996778391
7.089036393196599,0.9996588159449731,0.9833198494632314,0.9920459200060034
7.094275887943972,1.0034425702701355,0.9818080434532265,0.9948850403341674
7.099515382691346,1.0072263245952984,0.9802962374432214,0.9977241606623317
7.10475487743872,1.0110100789204608,0.9787844314332165,1.0005632809904956
7.109994372186094,1.0147938332456237,0.9772726254232112,1.00340240131866
7.115233866933467,1.0179461765267637,0.9755802126833414,1.0056893678926966
7.12047336168084,1.0195004352186094,0.9734306891050524,1.006578847973987
7.125712856428215,1.0210546939104554,0.971281165526763,1.0074683280552779
7.130952351175588,1.0226089526023014,0.969131641948474,1.0083578081365683
7.136191845922962,1.0241632112941474,0.9669821183701847,1.0092472882178591
7.141431340670335,1.0257174699859932,0.9648325947918958,1.0101367682991496
7.1466708354177095,1.0272717286778392,0.9626830712136064,1.0110262483804404
7.151910330165083,1.028825987369685,0.9605335476353174,1.0119157284617308
7.157149824912457,1.030380246061531,0.958384024057028,1.0128052085430217
7.16238931965983,1.0319345047533768,0.9562345004787391,1.0136946886243121
7.1676288144072045,1.034334590866434,0.9542818823131562,1.0147280734117061
7.172868309154578,1.03910299375888,0.9528805993031514,1.0161643913761882
7.178107803901951,1.0438713966513258,0.9514793162931465,1.0176007093406705
7.183347298649325,1.0486397995437726,0.9500780332831413,1.0190370273051528
7.1885867933966985,1.0534082024362184,0.9486767502731365,1.0204733452696348
7.193826288144073,1.058176605328665,0.9472754672631314,1.0219096632341174
7.199065782891446,1.062945008221111,0.9458741842531265,1.0233459811985994
7.20430527763882,1.0677134111135576,0.9444729012431213,1.0247822991630817
7.209544772386193,1.0724818140060033,0.9430716182331165,1.026218617127564
7.214784267133568,1.07725021689845,0.9416703352231114,1.0276549350920463
7.220023761880941,1.0809837882226114,0.9400884294787393,1.0296445066285647
7.225263256628315,1.0814955128084043,0.93794417254077,1.0333565789769892
7.230502751375688,1.0820072373941971,0.9357999156028013,1.037068651325413
7.235742246123062,1.08251896197999,0.9336556586648325,1.040780723673837
7.240981740870436,1.083030686565783,0.9315114017268633,1.0444927960222614
7.246221235617809,1.083542411151576,0.9293671447888945,1.0482048683706855
7.251460730365183,1.0840541357373688,0.9272228878509253,1.05191694071911
7.2567002251125565,1.0845658603231616,0.9250786309129565,1.0556290130675339
7.261939719859931,1.0850775849089547,0.9229343739749873,1.0593410854159584
7.267179214607304,1.0855893094947475,0.9207901170370185,1.0630531577643823
7.272418709354678,1.0866761475170088,0.9187545394059529,1.0661887612851426
7.277658204102051,1.089766189643822,0.9170975076753377,1.067316439675838
7.282897698849425,1.0928562317706352,0.9154404759447224,1.0684441180665332
7.288137193596799,1.0959462738974488,0.9137834442141071,1.0695717964572287
7.293376688344172,1.099036316024262,0.9121264124834918,1.070699474847924
7.298616183091546,1.1021263581510758,0.9104693807528764,1.0718271532386194
7.30385567783892,1.1052164002778888,0.9088123490222612,1.0729548316293145
7.309095172586294,1.1083064424047027,0.9071553172916458,1.07408251002001
7.314334667333667,1.1113964845315158,0.9054982855610305,1.0752101884107053
7.319574162081041,1.1144865266583295,0.9038412538304151,1.0763378668014008
7.324813656828415,1.1172857505425213,0.9021977105852926,1.0776477197028513
7.330053151575789,1.1189432435482745,0.9006071221350673,1.0796727762391196
7.335292646323162,1.1206007365540271,0.8990165336848424,1.0816978327753877
7.340532141070535,1.1222582295597798,0.8974259452346174,1.0837228893116557
7.3457716358179095,1.123915722565533,0.8958353567843921,1.085747945847924
7.351011130565283,1.1255732155712856,0.8942447683341671,1.087773002384192
7.356250625312657,1.1272307085770388,0.8926541798839418,1.0897980589204603
7.36149012006003,1.1288882015827915,0.8910635914337167,1.0918231154567284
7.366729614807404,1.1305456945885446,0.8894730029834915,1.0938481719929967
7.371969109554778,1.1322031875942973,0.8878824145332664,1.0958732285292647
7.377208604302152,1.1339844471700855,0.88637065604052,1.0977014336088045
7.382448099049525,1.136318417729865,0.88521093270035,1.0986505486213107
7.387687593796899,1.1386523882896453,0.8840512093601799,1.099599663633817
7.392927088544273,1.140986358849425,0.8828914860200099,1.1005487786463233
7.398166583291646,1.1433203294092047,0.8817317626798399,1.1014978936588293
7.40340607803902,1.1456542999689847,0.8805720393396697,1.1024470086713358
7.408645572786393,1.1479882705287645,0.8794123159994996,1.1033961236838419
7.4138850675337675,1.1503222410885445,0.8782525926593295,1.1043452386963484
7.419124562281141,1.152656211648324,0.8770928693191595,1.1052943537088544
7.424364057028515,1.1549901822081043,0.8759331459789893,1.106243468721361
7.429603551775888,1.1572019700665332,0.8748610995747873,1.1071734495255128
7.4348430465232624,1.1587859268134069,0.8742395777338668,1.1080051099359682
7.440082541270636,1.1603698835602803,0.8736180558929464,1.1088367703464233
7.44532203601801,1.1619538403071537,0.8729965340520259,1.1096684307568785
7.450561530765383,1.163537797054027,0.8723750122111055,1.1105000911673337
7.4558010255127565,1.1651217538009004,0.8717534903701851,1.111331751577789
7.461040520260131,1.166705710547774,0.8711319685292646,1.1121634119882442
7.466280015007504,1.1682896672946472,0.8705104466883442,1.1129950723986994
7.471519509754878,1.1698736240415208,0.8698889248474236,1.1138267328091547
7.476759004502251,1.1714575807883942,0.8692674030065033,1.1146583932196097
7.481998499249626,1.172985159901701,0.8685835641833416,1.1155090476040521
7.487237993996999,1.1741744732136068,0.8675258234667333,1.1164736658324161
7.492477488744373,1.1753637865255129,0.866468082750125,1.1174382840607804
7.497716983491746,1.1765530998374187,0.8654103420335167,1.1184029022891446
7.50295647823912,1.1777424131493246,0.8643526013169085,1.1193675205175087
7.508195972986494,1.1789317264612307,0.8632948606003001,1.120332138745873
7.513435467733867,1.1801210397731365,0.8622371198836919,1.1212967569742371
7.518674962481241,1.1813103530850426,0.8611793791670835,1.1222613752026014
7.5239144572286145,1.1824996663969485,0.8601216384504753,1.1232259934309654
7.529153951975989,1.1836889797088546,0.8590638977338669,1.1241906116593297
7.534393446723362,1.1848402829927462,0.8579550004534767,1.1251619931990995
7.539632941470736,1.1857200860765382,0.8564806991460729,1.126181684106053
7.544872436218109,1.1865998891603302,0.8550063978386693,1.1272013750130065
7.550111930965484,1.1874796922441222,0.8535320965312655,1.12822106591996
7.555351425712857,1.188359495327914,0.8520577952238618,1.1292407568269136
7.56059092046023,1.1892392984117057,0.8505834939164583,1.130260447733867
7.565830415207604,1.190119101495498,0.8491091926090544,1.1312801386408207
7.571069909954978,1.1909989045792897,0.8476348913016507,1.132299829547774
7.576309404702352,1.1918787076630817,0.8461605899942469,1.1333195204547275
7.581548899449725,1.1927585107468734,0.8446862886868433,1.134339211361681
7.586788394197099,1.1937806321323166,0.8433807609874938,1.1354043692483746
7.592027888944473,1.1960454352736372,0.8435489150365183,1.1368665314947477
7.597267383691847,1.198310238414958,0.8437170690855428,1.138328693741121
7.60250687843922,1.2005750415562784,0.8438852231345673,1.1397908559874939
7.607746373186594,1.2028398446975992,0.8440533771835919,1.1412530182338672
7.6129858679339675,1.2051046478389198,0.8442215312326163,1.1427151804802402
7.618225362681341,1.2073694509802402,0.8443896852816408,1.1441773427266133
7.623464857428715,1.209634254121561,0.8445578393306653,1.1456395049729866
7.628704352176088,1.2118990572628814,0.8447259933796898,1.1471016672193597
7.633943846923462,1.2141638604042024,0.8448941474287144,1.148563829465733
7.639183341670836,1.216244550718109,0.8449608572738868,1.1500206669087043
7.64442283641821,1.2162832624007003,0.843902458676338,1.1514184474412208
7.649662331165583,1.2163219740832916,0.8428440600787893,1.1528162279737368
7.654901825912957,1.2163606857658829,0.8417856614812405,1.1542140085062533
7.660141320660331,1.2163993974484741,0.8407272628836917,1.1556117890387694
7.665380815407704,1.2164381091310654,0.8396688642861431,1.1570095695712856
7.670620310155078,1.2164768208136567,0.8386104656885942,1.1584073501038021
7.675859804902451,1.216515532496248,0.8375520670910455,1.1598051306363182
7.6810992996498255,1.2165542441788395,0.8364936684934966,1.1612029111688347
7.686338794397199,1.2165929558614308,0.835435269895948,1.1626006917013507
7.691578289144573,1.2166593621725863,0.8344680949414708,1.1638925394987494
7.696817783891946,1.2171400801270635,0.8348656256873437,1.1635996335787895
7.70205727863932,1.2176207980815408,0.8352631564332166,1.1633067276588294
7.707296773386694,1.218101516036018,0.8356606871790895,1.1630138217388695
7.712536268134068,1.2185822339904953,0.8360582179249625,1.1627209158189096
7.717775762881441,1.2190629519449725,0.8364557486708354,1.1624280098989495
7.7230152576288145,1.2195436698994497,0.8368532794167083,1.1621351039789896
7.728254752376189,1.220024387853927,0.8372508101625813,1.1618421980590294
7.733494247123562,1.220505105808404,0.8376483409084542,1.1615492921390695
7.738733741870936,1.2209858237628815,0.8380458716543271,1.1612563862191096
7.743973236618309,1.2214812391528262,0.8383827066768385,1.1610244860067533
7.749212731365684,1.2223069145632817,0.837355673092046,1.162163419929965
7.754452226113057,1.2231325899737369,0.8363286395072536,1.1633023538531766
7.759691720860431,1.223958265384192,0.835301605922461,1.1644412877763883
7.764931215607804,1.2247839407946473,0.8342745723376688,1.1655802216995998
7.7701707103551785,1.2256096162051027,0.8332475387528763,1.1667191556228116
7.775410205102552,1.2264352916155579,0.8322205051680839,1.167858089546023
7.780649699849925,1.2272609670260128,0.8311934715832916,1.1689970234692346
7.785889194597299,1.2280866424364683,0.8301664379984991,1.1701359573924464
7.7911286893446725,1.2289123178469235,0.8291394044137067,1.1712748913156579
7.796368184092047,1.2297237504422212,0.8281479143321662,1.172363040976238
7.80160767883942,1.2299179943806904,0.8286966427248624,1.171250539256128
7.806847173586794,1.2301122383191596,0.8292453711175589,1.1701380375360177
7.812086668334167,1.2303064822576288,0.8297940995102552,1.1690255358159078
7.817326163081542,1.230500726196098,0.8303428279029516,1.1679130340957977
7.822565657828915,1.2306949701345673,0.8308915562956479,1.1668005323756878
7.827805152576289,1.2308892140730365,0.8314402846883443,1.1656880306555775
7.833044647323662,1.2310834580115058,0.8319890130810406,1.1645755289354676
7.838284142071036,1.231277701949975,0.8325377414737369,1.1634630272153577
7.84352363681841,1.2314719458884442,0.8330864698664333,1.1623505254952475
7.848763131565783,1.2316662097776387,0.8336324913936968,1.1612431589117058
7.854002626313157,1.2318684140555278,0.8331011804787393,1.1621795766823413
7.8592421210605306,1.2320706183334167,0.8325698695637819,1.1631159944529765
7.864481615807905,1.2322728226113056,0.8320385586488244,1.164052412223612
7.869721110555278,1.2324750268891946,0.8315072477338669,1.1649888299942472
7.874960605302652,1.2326772311670835,0.8309759368189094,1.1659252477648825
7.8802001000500255,1.2328794354449724,0.830444625903952,1.1668616655355177
7.885439594797399,1.2330816397228614,0.8299133149889946,1.167798083306153
7.890679089544773,1.2332838440007503,0.829382004074037,1.1687345010767884
7.895918584292146,1.2334860482786392,0.8288506931590796,1.1696709188474237
7.90115807903952,1.2336882525565283,0.828319382244122,1.1706073366180592
7.906397573786894,1.2326650598339168,0.8282393113731866,1.1704624667068535
7.911637068534268,1.2316199850220109,0.8281672983601801,1.1702982880870436
7.916876563281641,1.230574910210105,0.8280952853471736,1.1701341094672337
7.922116058029015,1.229529835398199,0.8280232723341671,1.1699699308474236
7.927355552776389,1.2284847605862932,0.8279512593211605,1.1698057522276137
7.932595047523763,1.227439685774387,0.8278792463081541,1.1696415736078039
7.937834542271136,1.2263946109624813,0.8278072332951476,1.169477394987994
7.943074037018509,1.2253495361505753,0.8277352202821411,1.169313216368184
7.9483135317658835,1.2243044613386693,0.8276632072691346,1.1691490377483742
7.953553026513257,1.2232593865267636,0.827591194256128,1.1689848591285643
7.958792521260631,1.2230333359789896,0.8281885845847924,1.169438527
7.964032016008004,1.2228392785665334,0.8288121234814907,1.1699163295000001
7.969271510755378,1.222645221154077,0.8294356623781891,1.1703941320000002
7.974511005502752,1.2224511637416209,0.8300592012748874,1.1708719345
7.979750500250126,1.2222571063291647,0.8306827401715858,1.1713497370000001
7.984989994997499,1.2220630489167084,0.8313062790682841,1.1718275395000002
7.990229489744873,1.2218689915042522,0.8319298179649826,1.1723053420000003
7.995468984492247,1.221674934091796,0.832553356861681,1.1727831445
8.00070847923962,1.2214808766793397,0.8331768957583793,1.1732609470000002
8.005947973986993,1.2212868192668835,0.8338004346550776,1.1737387495
8.011187468734368,1.2208563981725862,0.833664346244122,1.1727230869594796
8.016426963481742,1.2204115186615807,0.8334817912691345,1.1716160688446722
8.021666458229115,1.2199666391505752,0.833299236294147,1.1705090507298648
8.026905952976488,1.2195217596395698,0.8331166813191595,1.1694020326150576
8.032145447723863,1.2190768801285643,0.832934126344172,1.1682950145002498
8.037384942471236,1.2186320006175588,0.8327515713691845,1.1671879963854426
8.04262443721861,1.2181871211065534,0.832569016394197,1.1660809782706352
8.047863931965983,1.217742241595548,0.8323864614192096,1.164973960155828
8.053103426713356,1.2172973620845424,0.832203906444222,1.1638669420410206
8.058342921460731,1.2168524825735367,0.8320213514692345,1.162759923926213
8.063582416208105,1.2161224074807404,0.8323061076178089,1.162694599030015
8.068821910955478,1.21536830776013,0.8326302296490745,1.1627170254647323
8.074061405702851,1.21461420803952,0.8329543516803402,1.1627394518994498
8.079300900450226,1.2138601083189093,0.8332784737116058,1.162761878334167
8.0845403951976,1.213106008598299,0.8336025957428714,1.1627843047688846
8.089779889944973,1.2123519088776888,0.8339267177741371,1.162806731203602
8.095019384692346,1.2115978091570785,0.8342508398054026,1.1628291576383192
8.100258879439721,1.2108437094364681,0.8345749618366683,1.1628515840730367
8.105498374187095,1.2100896097158578,0.834899083867934,1.162874010507754
8.110737868934468,1.2093355099952476,0.8352232058991996,1.1628964369424712
8.115977363681841,1.2081963295842921,0.8362553577053526,1.1623296073091547
8.121216858429214,1.2070154320985493,0.8373642127371185,1.161698941601801
8.12645635317659,1.205834534612806,0.8384730677688846,1.161068275894447
8.131695847923963,1.2046536371270633,0.8395819228006504,1.1604376101870935
8.136935342671336,1.2034727396413207,0.8406907778324162,1.1598069444797399
8.14217483741871,1.202291842155578,0.841799632864182,1.1591762787723863
8.147414332166084,1.2011109446698347,0.8429084878959482,1.1585456130650325
8.152653826913458,1.199930047184092,0.8440173429277139,1.1579149473576789
8.157893321660831,1.1987491496983491,0.8451261979594797,1.157284281650325
8.163132816408204,1.1975682522126063,0.8462350529912456,1.1566536159429714
8.168372311155577,1.1968913715352676,0.8464173804552275,1.1557249091590795
8.173611805902953,1.1962817885567782,0.8464759954314657,1.1547564071178087
8.178851300650326,1.1956722055782891,0.8465346104077038,1.1537879050765383
8.1840907953977,1.1950626225998,0.846593225383942,1.1528194030352676
8.189330290145072,1.1944530396213107,0.84665184036018,1.151850900993997
8.194569784892447,1.1938434566428213,0.8467104553364182,1.1508823989527261
8.19980927963982,1.1932338736643322,0.8467690703126564,1.1499138969114555
8.205048774387194,1.192624290685843,0.8468276852888944,1.148945394870185
8.210288269134567,1.1920147077073537,0.8468863002651326,1.1479768928289145
8.21552776388194,1.1914051247288646,0.8469449152413706,1.1470083907876438
8.220767258629316,1.189820445184092,0.8475223485567784,1.1464697540890445
8.226006753376689,1.188079863572036,0.8481827324787393,1.1459998458609304
8.231246248124062,1.1863392819599803,0.8488431164007003,1.1455299376328163
8.236485742871436,1.1845987003479244,0.8495035003226612,1.1450600294047024
8.24172523761881,1.1828581187358678,0.8501638842446224,1.1445901211765883
8.246964732366184,1.181117537123812,0.8508242681665833,1.1441202129484742
8.252204227113557,1.1793769555117561,0.8514846520885443,1.1436503047203601
8.25744372186093,1.1776363738997002,0.8521450360105052,1.1431803964922462
8.262683216608306,1.1758957922876436,0.8528054199324664,1.1427104882641321
8.267922711355679,1.174155210675588,0.8534658038544273,1.142240580036018
8.273162206103052,1.1727889158349176,0.8541545570850425,1.1416214692346174
8.278401700850425,1.171492799763882,0.8548486295610305,1.1409743829507255
8.283641195597799,1.1701966836928466,0.8555427020370184,1.1403272966668334
8.288880690345174,1.1689005676218107,0.8562367745130066,1.1396802103829413
8.294120185092547,1.1676044515507753,0.8569308469889946,1.1390331240990494
8.29935967983992,1.1663083354797399,0.8576249194649825,1.1383860378151576
8.304599174587294,1.1650122194087043,0.8583189919409705,1.1377389515312657
8.309838669334669,1.1637161033376684,0.8590130644169588,1.1370918652473736
8.315078164082042,1.162419987266633,0.8597071368929468,1.1364447789634815
8.320317658829415,1.1611238711955976,0.8604012093689347,1.1357976926795896
8.325557153576788,1.1599130202751373,0.861080335201601,1.1347963336613305
8.330796648324162,1.15872062614032,0.8617562256328165,1.1337182875572787
8.336036143071537,1.1575282320055023,0.8624321160640323,1.1326402414532262
8.34127563781891,1.156335837870685,0.8631080064952479,1.1315621953491743
8.346515132566283,1.1551434437358676,0.8637838969264634,1.1304841492451223
8.351754627313657,1.1539510496010503,0.8644597873576789,1.1294061031410705
8.356994122061032,1.1527586554662326,0.8651356777888947,1.1283280570370182
8.362233616808405,1.1515662613314153,0.8658115682201103,1.1272500109329662
8.367473111555778,1.150373867196598,0.8664874586513258,1.1261719648289141
8.372712606303152,1.1491814730617806,0.8671633490825413,1.1250939187248623
8.377952101050525,1.14833954568034,0.8687023281780891,1.1245593180235118
8.3831915957979,1.147584139778639,0.8704543822876444,1.1241588804059528
8.388431090545273,1.1468287338769383,0.872206436397199,1.1237584427883942
8.393670585292647,1.1460733279752375,0.8739584905067537,1.1233580051708354
8.39891008004002,1.1453179220735368,0.8757105446163083,1.1229575675532766
8.404149574787395,1.1445625161718356,0.8774625987258635,1.1225571299357178
8.409389069534768,1.1438071102701348,0.8792146528354181,1.122156692318159
8.414628564282141,1.143051704368434,0.8809667069449728,1.1217562547006004
8.419868059029515,1.1422962984667333,0.8827187610545274,1.1213558170830416
8.42510755377689,1.1415408925650323,0.8844708151640827,1.1209553794654827
8.430347048524263,1.138397796160079,0.8856558731095551,1.1194539855437715
8.435586543271636,1.13458890144172,0.8866828263554279,1.1176455941910952
8.44082603801901,1.1307800067233613,0.8877097796013008,1.1158372028384191
8.446065532766383,1.1269711120050023,0.8887367328471736,1.1140288114857428
8.451305027513758,1.1231622172866422,0.8897636860930468,1.112220420133066
8.456544522261131,1.1193533225682835,0.8907906393389197,1.1104120287803898
8.461784017008505,1.1155444278499245,0.8918175925847925,1.1086036374277137
8.467023511755878,1.1117355331315657,0.8928445458306654,1.1067952460750374
8.472263006503253,1.1079266384132054,0.8938714990765386,1.1049868547223607
8.477502501250626,1.1041177436948466,0.8948984523224114,1.1031784633696844
8.482741995998,1.1020842414447223,0.8955058018504253,1.1024144907063531
8.487981490745373,1.1006055493409204,0.8959820252166083,1.1019768988834417
8.493220985492746,1.0991268572371187,0.8964582485827913,1.1015393070605302
8.498460480240121,1.0976481651333163,0.8969344719489746,1.1011017152376188
8.503699974987494,1.0961694730295146,0.8974106953151576,1.1006641234147072
8.508939469734868,1.0946907809257127,0.8978869186813407,1.1002265315917958
8.514178964482241,1.093212088821911,0.8983631420475238,1.0997889397688845
8.519418459229616,1.0917333967181087,0.8988393654137069,1.099351347945973
8.52465795397699,1.090254704614307,0.89931558877989,1.0989137561230615
8.529897448724363,1.0887760125105053,0.8997918121460731,1.0984761643001502
8.535136943471736,1.0876975480185094,0.9006934833161581,1.0967494643431717
8.540376438219111,1.086758351918459,0.9017431988234119,1.0945741895962975
8.545615932966484,1.0858191558184092,0.9027929143306656,1.0923989148494244
8.550855427713858,1.0848799597183592,0.9038426298379191,1.0902236401025511
8.55609492246123,1.0839407636183092,0.9048923453451726,1.0880483653556778
8.561334417208604,1.0830015675182592,0.9059420608524261,1.0858730906088045
8.56657391195598,1.082062371418209,0.9069917763596801,1.0836978158619306
8.571813406703352,1.081123175318159,0.9080414918669336,1.0815225411150573
8.577052901450726,1.080183979218109,0.9090912073741871,1.079347266368184
8.582292396198099,1.079244783118059,0.9101409228814408,1.0771719916213107
8.587531890945474,1.078190860222611,0.9114549030970489,1.0770122891245624
8.592771385692847,1.077092719708104,0.9128707353356681,1.0776294217658828
8.59801088044022,1.0759945791935968,0.9142865675742873,1.0782465544072035
8.603250375187594,1.0748964386790896,0.9157023998129065,1.0788636870485242
8.608489869934967,1.0737982981645824,0.9171182320515257,1.0794808196898449
8.613729364682342,1.072700157650075,0.9185340642901453,1.0800979523311656
8.618968859429716,1.0716020171355678,0.9199498965287645,1.0807150849724863
8.624208354177089,1.0705038766210606,0.9213657287673837,1.0813322176138067
8.629447848924462,1.0694057361065534,0.9227815610060028,1.0819493502551274
8.634687343671837,1.068307595592046,0.9241973932446226,1.0825664828964483
8.63992683841921,1.0670249018109055,0.9254576807908955,1.0809075720860428
8.645166333166584,1.0656637728914458,0.9266518618429215,1.0782813428086542
8.650405827913957,1.0643026439719863,0.9278460428949473,1.0756551135312657
8.65564532266133,1.0629415150525265,0.9290402239469733,1.0730288842538773
8.660884817408705,1.0615803861330664,0.9302344049989996,1.070402654976488
8.666124312156079,1.0602192572136069,0.9314285860510255,1.0677764256990996
8.671363806903452,1.0588581282941472,0.9326227671030515,1.065150196421711
8.676603301650825,1.0574969993746877,0.9338169481550773,1.0625239671443225
8.6818427963982,1.0561358704552275,0.9350111292071037,1.0598977378669332
8.687082291145574,1.0547747415357678,0.9362053102591296,1.0572715085895448
8.692321785892947,1.0532172279359682,0.9376088660665332,1.0565216578414207
8.69756128064032,1.0515680200185096,0.939110181410455,1.056647910303652
8.702800775387695,1.0499188121010503,0.9406114967543774,1.056774162765883
8.708040270135069,1.0482696041835917,0.9421128120982992,1.056900415228114
8.713279764882442,1.0466203962661331,0.9436141274422211,1.0570266676903453
8.718519259629815,1.0449711883486745,0.9451154427861429,1.0571529201525764
8.723758754377188,1.043321980431216,0.9466167581300647,1.0572791726148074
8.728998249124563,1.041672772513757,0.9481180734739871,1.0574054250770386
8.734237743871937,1.0400235645962983,0.949619388817909,1.0575316775392698
8.73947723861931,1.0383743566788397,0.9511207041618308,1.0576579300015008
8.744716733366683,1.036855584835418,0.9522602971785892,1.056330625009005
8.749956228114058,1.0354035132571284,0.9532149185507756,1.054260023590795
8.755195722861432,1.0339514416788393,0.9541695399229616,1.052189422172586
8.760435217608805,1.0324993701005503,0.9551241612951477,1.050118820754377
8.765674712356178,1.0310472985222612,0.9560787826673337,1.0480482193361682
8.770914207103552,1.029595226943972,0.9570334040395198,1.0459776179179592
8.776153701850927,1.0281431553656826,0.9579880254117061,1.0439070164997493
8.7813931965983,1.0266910837873935,0.9589426467838922,1.0418364150815402
8.786632691345673,1.0252390122091044,0.9598972681560782,1.0397658136633312
8.791872186093046,1.0237869406308153,0.9608518895282643,1.0376952122451222
8.797111680840421,1.022160246189094,0.9617917690015011,1.0361278609159574
8.802351175587795,1.0204360085072532,0.9627234137421213,1.0348416219412202
8.807590670335168,1.0187117708254123,0.9636550584827416,1.033555382966483
8.812830165082541,1.0169875331435716,0.9645867032233618,1.0322691439917457
8.818069659829915,1.0152632954617309,0.9655183479639821,1.0309829050170083
8.82330915457729,1.0135390577798895,0.9664499927046026,1.0296966660422706
8.828548649324663,1.0118148200980486,0.9673816374452229,1.0284104270675334
8.833788144072036,1.0100905824162079,0.968313282185843,1.0271241880927962
8.83902763881941,1.008366344734367,0.9692449269264632,1.025837949118059
8.844267133566785,1.0066421070525255,0.9701765716670838,1.0245517101433212
8.849506628314158,1.0054170806543268,0.9714972662526267,1.023257643350675
8.854746123061531,1.0044960095135065,0.9730548419937471,1.0219588104269632
8.859985617808904,1.0035749383726862,0.9746124177348676,1.0206599775032514
8.86522511255628,1.0026538672318657,0.9761699934759885,1.0193611445795394
8.870464607303653,1.0017327960910452,0.977727569217109,1.0180623116558276
8.875704102051026,1.0008117249502249,0.9792851449582294,1.0167634787321158
8.8809435967984,0.9998906538094046,0.9808427206993499,1.015464645808404
8.886183091545773,0.9989695826685843,0.9824002964404703,1.0141658128846924
8.891422586293148,0.9980485115277635,0.9839578721815913,1.0128669799609802
8.896662081040521,0.9971274403869432,0.9855154479227117,1.0115681470372684
8.901901575787894,0.9955568775602799,0.9874676956798403,1.010718483418209
8.907141070535268,0.9935560264917458,0.9896814136475739,1.0101663944634818
8.912380565282643,0.991555175423211,0.9918951316153083,1.0096143055087543
8.917620060030016,0.9895543243546768,0.994108849583042,1.009062216554027
8.92285955477739,0.9875534732861427,0.9963225675507758,1.0085101275992996
8.928099049524763,0.9855526222176086,0.9985362855185094,1.0079580386445723
8.933338544272136,0.9835517711490745,1.000750003486243,1.0074059496898449
8.93857803901951,0.9815509200805398,1.0029637214539775,1.0068538607351174
8.943817533766884,0.9795500690120057,1.0051774394217112,1.0063017717803902
8.949057028514257,0.9775492179434716,1.0073911573894447,1.005749682825663
8.95429652326163,0.9764827577843922,1.0085165675932966,1.0054500307033516
8.959536018009006,0.9760888979782391,1.0088585838464232,1.0053320895767883
8.964775512756379,0.975695038172086,1.0092006000995497,1.005214148450225
8.970015007503752,0.9753011783659329,1.0095426163526764,1.0050962073236618
8.975254502251126,0.9749073185597799,1.0098846326058029,1.0049782661970985
8.980493996998499,0.9745134587536268,1.0102266488589293,1.0048603250705352
8.985733491745874,0.9741195989474737,1.010568665112056,1.004742383943972
8.990972986493247,0.9737257391413207,1.0109106813651825,1.0046244428174087
8.99621248124062,0.9733318793351676,1.0112526976183092,1.0045065016908454
9.001451975987994,0.9729380195290145,1.0115947138714356,1.0043885605642822
9.006691470735369,0.9718862334557276,1.012640879783392,1.003097430307153
9.011930965482742,0.9703204424862429,1.0142371626163083,1.0008897460417705
9.017170460230115,0.9687546515167583,1.0158334454492246,0.9986820617763881
9.022409954977489,0.9671888605472737,1.017429728282141,0.9964743775110055
9.027649449724864,0.9656230695777885,1.0190260111150578,0.9942666932456222
9.032888944472237,0.9640572786083039,1.020622293947974,0.9920590089802398
9.03812843921961,0.9624914876388193,1.0222185767808905,0.9898513247148573
9.043367933966984,0.9609256966693347,1.0238148596138068,0.9876436404494747
9.048607428714357,0.9593599056998501,1.0254111424467232,0.9854359561840922
9.053846923461732,0.9577941147303649,1.02700742527964,0.983228271918709
9.059086418209105,0.9566821032926462,1.028553371144072,0.9822158578524262
9.064325912956479,0.9559545439582291,1.030056670410205,0.9822161032603802
9.069565407703852,0.955226984623812,1.031559969676338,0.9822163486683342
9.074804902451227,0.9544994252893946,1.0330632689424715,0.9822165940762881
9.0800443971986,0.9537718659549774,1.0345665682086043,0.9822168394842421
9.085283891945974,0.9530443066205603,1.0360698674747373,0.9822170848921962
9.090523386693347,0.9523167472861431,1.0375731667408703,0.9822173303001501
9.09576288144072,0.951589187951726,1.0390764660070033,0.9822175757081041
9.101002376188095,0.9508616286173086,1.0405797652731368,0.982217821116058
9.106241870935468,0.9501340692828915,1.0420830645392696,0.982218066524012
9.111481365682842,0.9488373255962982,1.0435869128879438,0.9813649409984994
9.116720860430215,0.9470179174324664,1.0450912654422209,0.9797281912023514
9.12196035517759,0.9451985092686341,1.0465956179964984,0.978091441406203
9.127199849924963,0.9433791011048023,1.0480999705507754,0.9764546916100549
9.132439344672337,0.9415596929409705,1.0496043231050525,0.974817941813907
9.13767883941971,0.9397402847771388,1.0511086756593295,0.9731811920177591
9.142918334167083,0.937920876613307,1.0526130282136064,0.9715444422216112
9.148157828914458,0.9361014684494746,1.0541173807678839,0.9699076924254626
9.153397323661832,0.9342820602856429,1.055621733322161,0.9682709426293147
9.158636818409205,0.9324626521218111,1.057126085876438,0.9666341928331668
9.163876313156578,0.9309599746233118,1.0580493345787894,0.9651433208759382
9.169115807903953,0.9297724441368183,1.0583943849484743,0.9637975973684341
9.174355302651326,0.9285849136503251,1.058739435318159,0.9624518738609303
9.1795947973987,0.9273973831638319,1.0590844856878439,0.9611061503534266
9.184834292146073,0.9262098526773387,1.0594295360575288,0.959760426845923
9.190073786893448,0.9250223221908451,1.0597745864272137,0.9584147033384188
9.195313281640821,0.9238347917043519,1.0601196367968986,0.9570689798309151
9.200552776388195,0.9226472612178588,1.0604646871665833,0.9557232563234115
9.205792271135568,0.9214597307313656,1.0608097375362682,0.9543775328159078
9.211031765882941,0.9202722002448723,1.061154787905953,0.953031809308404
9.216271260630316,0.9194586380225112,1.0620949820395205,0.9521240294927462
9.22151075537769,0.9190482603349174,1.0636768155435223,0.9516884077198597
9.226750250125063,0.9186378826473236,1.065258649047524,0.9512527859469734
9.231989744872436,0.9182275049597298,1.0668404825515259,0.950817164174087
9.237229239619811,0.9178171272721359,1.0684223160555284,0.9503815424012004
9.242468734367185,0.9174067495845422,1.0700041495595303,0.9499459206283141
9.247708229114558,0.9169963718969484,1.0715859830635321,0.9495102988554276
9.252947723861931,0.9165859942093546,1.073167816567534,0.9490746770825412
9.258187218609304,0.9161756165217608,1.074749650071536,0.9486390553096548
9.26342671335668,0.9157652388341669,1.0763314835755382,0.9482034335367683
9.268666208104053,0.9143721655167577,1.076443771946973,0.9468990544292141
9.273905702851426,0.911830833718859,1.0748389287776385,0.9445795512621307
9.2791451975988,0.9092895019209603,1.073234085608304,0.9422600480950474
9.284384692346174,0.9067481701230606,1.0716292424389688,0.9399405449279632
9.289624187093548,0.9042068383251619,1.0700243992696343,0.9376210417608799
9.294863681840921,0.9016655065272632,1.0684195561002998,0.9353015385937965
9.300103176588294,0.8991241747293643,1.0668147129309653,0.9329820354267132
9.30534267133567,0.8965828429314648,1.0652098697616303,0.930662532259629
9.310582166083043,0.894041511133566,1.0636050265922958,0.9283430290925456
9.315821660830416,0.8915001793356673,1.0620001834229613,0.9260235259254623
9.32106115557779,0.8896036681320659,1.0608131476573286,0.9236808889714855
9.326300650325162,0.8885241739314657,1.0601554928634318,0.921308940457979
9.331540145072537,0.887444679730865,1.0594978380695346,0.9189369919444715
9.33677963981991,0.8863651855302649,1.0588401832756378,0.916565043430965
9.342019134567284,0.8852856913296647,1.0581825284817408,0.9141930949174584
9.347258629314657,0.8842061971290645,1.057524873687844,0.9118211464039518
9.352498124062032,0.883126702928464,1.0568672188939467,0.9094491978904444
9.357737618809406,0.8820472087278637,1.05620956410005,0.9070772493769379
9.362977113556779,0.8809677145272635,1.055551909306153,0.9047053008634314
9.368216608304152,0.8798882203266634,1.0548942545122562,0.9023333523499247
9.373456103051526,0.8781078281930966,1.0540067272681342,0.9003709574132066
9.3786955977989,0.8753637014017003,1.0528031254049521,0.8989716986445719
9.383935092546274,0.8726195746103047,1.0515995235417708,0.8975724398759377
9.389174587293647,0.8698754478189092,1.0503959216785892,0.8961731811073035
9.39441408204102,0.8671313210275138,1.0491923198154076,0.8947739223386693
9.399653576788396,0.8643871942361174,1.0479887179522258,0.8933746635700346
9.404893071535769,0.8616430674447219,1.0467851160890442,0.8919754048014005
9.410132566283142,0.8588989406533264,1.0455815142258629,0.8905761460327662
9.415372061030515,0.8561548138619309,1.0443779123626813,0.889176887264132
9.420611555777889,0.8534106870705355,1.0431743104995,0.8877776284954978
9.425851050525264,0.8511277668024009,1.0419949490365181,0.8856276377608798
9.431090545272637,0.849533773778389,1.0408517966713355,0.8823562411520757
9.43633004002001,0.8479397807543771,1.039708644306153,0.8790848445432715
9.441569534767384,0.8463457877303653,1.0385654919409706,0.8758134479344674
9.446809029514759,0.8447517947063529,1.0374223395757878,0.8725420513256622
9.452048524262132,0.843157801682341,1.0362791872106052,0.869270654716858
9.457288019009505,0.8415638086583291,1.0351360348454226,0.8659992581080539
9.462527513756879,0.8399698156343173,1.0339928824802402,0.8627278614992497
9.467767008504254,0.8383758226103049,1.0328497301150572,0.8594564648904445
9.473006503251627,0.836781829586293,1.0317065777498748,0.8561850682816403
9.478245997999,0.8348389643981989,1.0304142236978489,0.8535299107343671
9.483485492746373,0.8323291819434718,1.0288794169047024,0.851876141662081
9.488724987493747,0.8298193994887446,1.027344610111556,0.850222372589795
9.493964482241122,0.8273096170340166,1.025809803318409,0.8485686035175085
9.499203976988495,0.8247998345792894,1.0242749965252627,0.8469148344452224
9.504443471735868,0.8222900521245623,1.0227401897321162,0.8452610653729364
9.509682966483242,0.8197802696698351,1.0212053829389696,0.8436072963006505
9.514922461230617,0.8172704872151071,1.0196705761458227,0.8419535272283638
9.52016195597799,0.81476070476038,1.0181357693526762,0.8402997581560778
9.525401450725363,0.8122509223056528,1.0166009625595298,0.8386459890837918
9.530640945472737,0.810265145945973,1.0150760332011006,0.8369877481595799
9.53588044022011,0.8092072970462733,1.0135685951333169,0.8353215883309156
9.541119934967485,0.8081494481465732,1.0120611570655327,0.8336554285022509
9.546359429714858,0.8070915992468733,1.010553718997749,0.8319892686735867
9.551598924462231,0.8060337503471736,1.0090462809299652,0.8303231088449226
9.556838419209605,0.8049759014474739,1.0075388428621812,0.8286569490162583
9.56207791395698,0.8039180525477737,1.006031404794397,0.8269907891875935
9.567317408704353,0.802860203648074,1.0045239667266133,0.8253246293589294
9.572556903451726,0.8018023547483742,1.0030165286588295,0.8236584695302651
9.5777963981991,0.8007445058486744,1.0015090905910458,0.821992309701601
9.583035892946473,0.7997782500575289,0.9998775222481243,0.8205405257068535
9.588275387693848,0.7989891191748373,0.998005907858429,0.8195033067438718
9.593514882441221,0.798199988292146,0.9961342934687342,0.8184660877808904
9.598754377188595,0.7974108574094547,0.9942626790790394,0.8174288688179089
9.603993871935968,0.7966217265267634,0.9923910646893447,0.8163916498549275
9.609233366683343,0.7958325956440718,0.9905194502996493,0.8153544308919457
9.614472861430716,0.7950434647613805,0.9886478359099545,0.8143172119289642
9.61971235617809,0.7942543338786893,0.9867762215202598,0.8132799929659829
9.624951850925463,0.7934652029959979,0.984904607130565,0.8122427740030014
9.630191345672838,0.7926760721133064,0.9830329927408696,0.8112055550400196
9.635430840420211,0.7913446269694838,0.9812357710995492,0.8098804018059023
9.640670335167584,0.7888650008509248,0.9795960528551771,0.8079456377321156
9.645909829914958,0.7863853747323657,0.9779563346108051,0.8060108736583288
9.651149324662331,0.7839057486138067,0.9763166163664331,0.804076109584542
9.656388819409706,0.7814261224952467,0.9746768981220604,0.8021413455107547
9.66162831415708,0.7789464963766877,0.9730371798776883,0.8002065814369679
9.666867808904453,0.7764668702581285,0.9713974616333163,0.7982718173631812
9.672107303651826,0.7739872441395694,0.9697577433889443,0.7963370532893944
9.677346798399201,0.7715076180210095,0.9681180251445716,0.794402289215607
9.682586293146574,0.7690279919024505,0.9664783069001995,0.7924675251418203
9.687825787893948,0.7670438491155576,0.9648996581505749,0.7904759232991491
9.69306528264132,0.7662117050747873,0.9634629959762379,0.7883521736438216
9.698304777388694,0.7653795610340169,0.9620263338019008,0.786228423988494
9.70354427213607,0.7645474169932464,0.9605896716275633,0.7841046743331659
9.708783766883442,0.7637152729524761,0.9591530094532262,0.7819809246778383
9.714023261630816,0.7628831289117057,0.9577163472788892,0.7798571750225108
9.719262756378189,0.7620509848709355,0.9562796851045522,0.7777334253671834
9.724502251125564,0.7612188408301649,0.9548430229302146,0.7756096757118551
9.729741745872937,0.7603866967893945,0.9534063607558776,0.7734859260565277
9.73498124062031,0.7595545527486242,0.9519696985815405,0.7713621764012002
9.740220735367684,0.7585029670070034,0.9504102687193595,0.7695037416633315
9.745460230115057,0.7568890619069535,0.9485362466570785,0.7683251764014507
9.750699724862432,0.755275156806903,0.9466622245947969,0.7671466111395694
9.755939219609806,0.7536612517068532,0.9447882025325159,0.7659680458776886
9.761178714357179,0.7520473466068033,0.9429141804702349,0.7647894806158078
9.766418209104552,0.7504334415067534,0.941040158407954,0.7636109153539269
9.771657703851927,0.748819536406703,0.9391661363456723,0.7624323500920457
9.7768971985993,0.7472056313066531,0.9372921142833913,0.7612537848301648
9.782136693346674,0.7455917262066032,0.9354180922211103,0.7600752195682839
9.787376188094047,0.7439778211065532,0.9335440701588293,0.7588966543064032
9.792615682841422,0.7424128433501747,0.9316462808969479,0.7578315972406201
9.797855177588795,0.7409866498859426,0.9296810750592792,0.7570885105387692
9.803094672336169,0.7395604564217106,0.9277158692216105,0.7563454238369184
9.808334167083542,0.7381342629574786,0.9257506633839419,0.7556023371350675
9.813573661830915,0.7367080694932466,0.9237854575462732,0.7548592504332167
9.81881315657829,0.7352818760290142,0.9218202517086038,0.7541161637313655
9.824052651325664,0.7338556825647822,0.9198550458709351,0.7533730770295146
9.829292146073037,0.7324294891005502,0.9178898400332665,0.7526299903276638
9.83453164082041,0.7310032956363182,0.9159246341955979,0.7518869036258129
9.839771135567785,0.7295771021720857,0.9139594283579285,0.7511438169239618
9.845010630315159,0.7283293484557277,0.9121626424182089,0.7502659891795895
9.850250125062532,0.7276447951935967,0.9108974317813906,0.7489628850197597
9.855489619809905,0.7269602419314658,0.9096322211445723,0.7476597808599299
9.860729114557278,0.7262756886693348,0.9083670105077539,0.7463566767001001
9.865968609304653,0.7255911354072035,0.9071017998709352,0.7450535725402699
9.871208104052027,0.7249065821450725,0.9058365892341169,0.7437504683804401
9.8764475987994,0.7242220288829415,0.9045713785972986,0.7424473642206103
9.881687093546773,0.7235374756208105,0.9033061679604802,0.7411442600607805
9.886926588294148,0.7228529223586793,0.9020409573236615,0.7398411559009502
9.892166083041522,0.7221683690965482,0.9007757466868432,0.7385380517411204
9.897405577788895,0.7213184573411705,0.8991627597198597,0.7372345268409204
9.902645072536268,0.7198841536380691,0.8963206995860431,0.735929515006003
9.907884567283643,0.7184498499349672,0.8934786394522254,0.7346245031710853
9.913124062031017,0.7170155462318657,0.8906365793184088,0.7333194913361679
9.91836355677839,0.7155812425287643,0.8877945191845921,0.7320144795012505
9.923603051525763,0.7141469388256628,0.8849524590507754,0.7307094676663332
9.928842546273136,0.7127126351225614,0.8821103989169587,0.7294044558314158
9.934082041020512,0.7112783314194595,0.879268338783141,0.7280994439964981
9.939321535767885,0.709844027716358,0.8764262786493244,0.7267944321615807
9.944561030515258,0.7084097240132566,0.8735842185155077,0.7254894203266633
9.949800525262631,0.7073208799799899,0.8710141573611807,0.7243425458204102
9.955040020010006,0.7076095563801901,0.8695286921375686,0.723826243912206
9.96027951475738,0.7078982327803902,0.8680432269139569,0.7233099420040019
9.965519009504753,0.7081869091805902,0.8665577616903452,0.7227936400957978
9.970758504252126,0.7084755855807904,0.8650722964667334,0.7222773381875939
9.9759979989995,0.7087642619809904,0.8635868312431217,0.7217610362793898
9.981237493746875,0.7090529383811907,0.8621013660195096,0.7212447343711855
9.986476988494248,0.7093416147813907,0.8606159007958979,0.7207284324629815
9.991716483241621,0.7096302911815908,0.8591304355722862,0.7202121305547774
9.996955977988994,0.7099189675817908,0.8576449703486745,0.7196958286465733
10.00219547273637,0.7098219004522259,0.8559662451310652,0.7190034509904951
10.007434967483743,0.7079729147916457,0.8534097974407202,0.7175113959794897
10.012674462231116,0.7061239291310656,0.8508533497503752,0.7160193409684843
10.01791395697849,0.7042749434704855,0.8482969020600303,0.7145272859574789
10.023153451725863,0.7024259578099054,0.8457404543696853,0.7130352309464736
10.028392946473238,0.7005769721493246,0.8431840066793395,0.7115431759354677
10.033632441220611,0.6987279864887445,0.8406275589889944,0.7100511209244622
10.038871935967984,0.6968790008281643,0.8380711112986495,0.7085590659134569
10.044111430715358,0.6950300151675841,0.8355146636083045,0.7070670109024515
10.049350925462733,0.6931810295070033,0.8329582159179587,0.7055749558914456
10.054590420210106,0.6915425828759381,0.8305670257363681,0.7042139989414707
10.05982991495748,0.6910061764774889,0.8290408553271635,0.7035392584047023
10.065069409704853,0.6904697700790396,0.8275146849179591,0.702864517867934
10.070308904452228,0.6899333636805902,0.825988514508754,0.7021897773311654
10.0755483991996,0.689396957282141,0.8244623440995495,0.7015150367943971
10.080787893946974,0.6888605508836918,0.822936173690345,0.7008402962576288
10.086027388694347,0.6883241444852426,0.8214100032811404,0.7001655557208604
10.09126688344172,0.6877877380867934,0.8198838328719359,0.6994908151840921
10.096506378189096,0.6872513316883441,0.8183576624627309,0.6988160746473234
10.101745872936469,0.6867149252898949,0.8168314920535263,0.6981413341105551
10.106985367683842,0.686103436744372,0.8151500124937463,0.697475698616308
10.112224862431216,0.6850320700480239,0.812517264386693,0.6968658315075037
10.11746435717859,0.6839607033516755,0.8098845162796388,0.6962559643986991
10.122703851925964,0.6828893366553274,0.8072517681725855,0.6956460972898948
10.127943346673337,0.6818179699589793,0.8046190200655321,0.6950362301810904
10.13318284142071,0.6807466032626311,0.8019862719584788,0.6944263630722861
10.138422336168084,0.6796752365662831,0.7993535238514256,0.6938164959634817
10.143661830915459,0.6786038698699347,0.7967207757443713,0.6932066288546772
10.148901325662832,0.6775325031735866,0.794088027637318,0.6925967617458728
10.154140820410205,0.6764611364772385,0.7914552795302646,0.6919868946370685
10.159380315157579,0.6754452466993497,0.7889744025227612,0.6912585225517758
10.164619809904954,0.6748350318876937,0.7876040829307148,0.6896635828259124
10.169859304652327,0.6742248170760379,0.7862337633386689,0.6880686431000497
10.1750987993997,0.6736146022643821,0.784863443746623,0.6864737033741868
10.180338294147074,0.6730043874527264,0.7834931241545771,0.684878763648324
10.185577788894447,0.6723941726410706,0.7821228045625312,0.6832838239224612
10.190817283641822,0.6717839578294146,0.7807524849704848,0.6816888841965979
10.196056778389195,0.6711737430177588,0.7793821653784389,0.680093944470735
10.201296273136569,0.670563528206103,0.778011845786393,0.6784990047448722
10.206535767883942,0.6699533133944472,0.7766415261943471,0.6769040650190095
10.211775262631317,0.669368649018009,0.7751516167973979,0.6753766684547271
10.21701475737869,0.6690132997976488,0.7725883889014501,0.6744554717656326
10.222254252126064,0.6686579505772886,0.7700251610055023,0.6735342750765382
10.227493746873437,0.6683026013569284,0.7674619331095546,0.6726130783874437
10.232733241620812,0.6679472521365681,0.7648987052136059,0.6716918816983488
10.237972736368185,0.6675919029162081,0.7623354773176582,0.6707706850092544
10.243212231115558,0.6672365536958479,0.7597722494217104,0.6698494883201599
10.248451725862932,0.6668812044754877,0.7572090215257626,0.6689282916310655
10.253691220610305,0.6665258552551275,0.7546457936298149,0.668007094941971
10.25893071535768,0.6661705060347672,0.7520825657338662,0.6670858982528762
10.264170210105053,0.6657739062931464,0.7495616913826909,0.6661584122831413
10.269409704852427,0.6649042146358177,0.7475265592481238,0.6651587961260629
10.2746491995998,0.6640345229784892,0.7454914271135568,0.6641591799689844
10.279888694347175,0.6631648313211603,0.7434562949789889,0.6631595638119057
10.285128189094548,0.6622951396638317,0.7414211628444218,0.6621599476548272
10.290367683841922,0.6614254480065032,0.7393860307098546,0.6611603314977488
10.295607178589295,0.6605557563491745,0.7373508985752876,0.6601607153406703
10.300846673336668,0.659686064691846,0.7353157664407205,0.6591610991835919
10.306086168084043,0.658816373034517,0.7332806343061526,0.6581614830265131
10.311325662831416,0.6579466813771885,0.7312455021715856,0.6571618668694347
10.31656515757879,0.6570694789084541,0.7292006446943471,0.6561567560270135
10.321804652326163,0.6560749200115058,0.7270038287378691,0.6550657907261132
10.327044147073538,0.655080361114557,0.7248070127813903,0.6539748254252125
10.332283641820911,0.6540858022176086,0.7226101968249121,0.6528838601243121
10.337523136568285,0.6530912433206603,0.7204133808684341,0.6517928948234117
10.342762631315658,0.6520966844237118,0.7182165649119561,0.6507019295225114
10.348002126063031,0.6511021255267635,0.7160197489554779,0.649610964221611
10.353241620810406,0.6501075666298147,0.7138229329989991,0.6485199989207102
10.35848111555778,0.6491130077328663,0.7116261170425211,0.6474290336198099
10.363720610305153,0.648118448835918,0.7094293010860431,0.6463380683189095
10.368960105052526,0.6471622105072536,0.7072523038989497,0.6452907139474738
10.374199599799901,0.6471232707818909,0.7055497185040017,0.6452872962001001
10.379439094547275,0.6470843310565282,0.7038471331090544,0.6452838784527264
10.384678589294648,0.6470453913311656,0.7021445477141071,0.6452804607053527
10.389918084042021,0.6470064516058028,0.7004419623191597,0.645277042957979
10.395157578789396,0.6469675118804402,0.6987393769242118,0.6452736252106054
10.40039707353677,0.6469285721550775,0.6970367915292645,0.6452702074632317
10.405636568284143,0.6468896324297149,0.6953342061343172,0.6452667897158579
10.410876063031516,0.6468506927043521,0.6936316207393698,0.6452633719684843
10.41611555777889,0.6468117529789895,0.6919290353444225,0.6452599542211106
10.421355052526264,0.6467607735857929,0.6902127614232113,0.6452466075952976
10.426594547273638,0.6461213554272136,0.6878274607808904,0.6447479870357679
10.431834042021011,0.6454819372686343,0.6854421601385694,0.6442493664762382
10.437073536768384,0.6448425191100551,0.6830568594962484,0.6437507459167084
10.44231303151576,0.6442031009514757,0.6806715588539266,0.6432521253571786
10.447552526263133,0.6435636827928964,0.6782862582116057,0.6427535047976488
10.452792021010506,0.6429242646343172,0.6759009575692847,0.642254884238119
10.45803151575788,0.6422848464757379,0.6735156569269637,0.6417562636785894
10.463271010505252,0.6416454283171587,0.6711303562846428,0.6412576431190596
10.468510505252627,0.6410060101585793,0.668745055642321,0.6407590225595298
10.47375,0.640366592,0.666359755,0.640260402
