r (A),g(r)_weighted_Cl-Cl,g(r)_weighted_K-Cl,g(r)_weighted_K-K,g(r)_weighted_K-Mg,g(r)_weighted_K-Na,g(r)_weighted_Mg-Cl,g(r)_weighted_Mg-Mg,g(r)_weighted_Mg-Na,g(r)_weighted_Na-Cl,g(r)_weighted_Na-Na,S_i_K-Cl,S_i_Mg-Cl,S_i_Na-Cl,Average_SCL,SCL_BC
0.0,0.0,0.0,0.0,0.0,0.0,0.0,0.0,0.0,0.0,0.0,1.0,1.0,1.0,2.7578320876319853,0
0.0052394947473736,0.0,0.0,0.0,0.0,0.0,0.0,0.0,0.0,0.0,0.0,1.0,1.0,1.0,2.7578320876319853,0
0.0104789894947473,0.0,0.0,0.0,0.0,0.0,0.0,0.0,0.0,0.0,0.0,1.0,1.0,1.0,2.7578320876319853,0
0.015718484242121,0.0,0.0,0.0,0.0,0.0,0.0,0.0,0.0,0.0,0.0,1.0,1.0,1.0,2.7578320876319853,0
0.0209579789894947,0.0,0.0,0.0,0.0,0.0,0.0,0.0,0.0,0.0,0.0,1.0,1.0,1.0,2.7578320876319853,0
0.0261974737368684,0.0,0.0,0.0,0.0,0.0,0.0,0.0,0.0,0.0,0.0,1.0,1.0,1.0,2.7578320876319853,0
0.0314369684842421,0.0,0.0,0.0,0.0,0.0,0.0,0.0,0.0,0.0,0.0,1.0,1.0,1.0,2.7578320876319853,0
0.0366764632316158,0.0,0.0,0.0,0.0,0.0,0.0,0.0,0.0,0.0,0.0,1.0,1.0,1.0,2.7578320876319853,0
0.0419159579789895,0.0,0.0,0.0,0.0,0.0,0.0,0.0,0.0,0.0,0.0,1.0,1.0,1.0,2.7578320876319853,0
0.0471554527263631,0.0,0.0,0.0,0.0,0.0,0.0,0.0,0.0,0.0,0.0,1.0,1.0,1.0,2.7578320876319853,0
0.0523949474737368,0.0,0.0,0.0,0.0,0.0,0.0,0.0,0.0,0.0,0.0,1.0,1.0,1.0,2.7578320876319853,0
0.0576344422211105,0.0,0.0,0.0,0.0,0.0,0.0,0.0,0.0,0.0,0.0,1.0,1.0,1.0,2.7578320876319853,0
0.0628739369684842,0.0,0.0,0.0,0.0,0.0,0.0,0.0,0.0,0.0,0.0,1.0,1.0,1.0,2.7578320876319853,0
0.0681134317158579,0.0,0.0,0.0,0.0,0.0,0.0,0.0,0.0,0.0,0.0,1.0,1.0,1.0,2.7578320876319853,0
0.0733529264632316,0.0,0.0,0.0,0.0,0.0,0.0,0.0,0.0,0.0,0.0,1.0,1.0,1.0,2.7578320876319853,0
0.0785924212106053,0.0,0.0,0.0,0.0,0.0,0.0,0.0,0.0,0.0,0.0,1.0,1.0,1.0,2.7578320876319853,0
0.083831915957979,0.0,0.0,0.0,0.0,0.0,0.0,0.0,0.0,0.0,0.0,1.0,1.0,1.0,2.7578320876319853,0
0.0890714107053526,0.0,0.0,0.0,0.0,0.0,0.0,0.0,0.0,0.0,0.0,1.0,1.0,1.0,2.7578320876319853,0
0.0943109054527263,0.0,0.0,0.0,0.0,0.0,0.0,0.0,0.0,0.0,0.0,1.0,1.0,1.0,2.7578320876319853,0
0.0995504002001,0.0,0.0,0.0,0.0,0.0,0.0,0.0,0.0,0.0,0.0,1.0,1.0,1.0,2.7578320876319853,0
0.1047898949474737,0.0,0.0,0.0,0.0,0.0,0.0,0.0,0.0,0.0,0.0,1.0,1.0,1.0,2.7578320876319853,0
0.1100293896948474,0.0,0.0,0.0,0.0,0.0,0.0,0.0,0.0,0.0,0.0,1.0,1.0,1.0,2.7578320876319853,0
0.1152688844422211,0.0,0.0,0.0,0.0,0.0,0.0,0.0,0.0,0.0,0.0,1.0,1.0,1.0,2.7578320876319853,0
0.1205083791895948,0.0,0.0,0.0,0.0,0.0,0.0,0.0,0.0,0.0,0.0,1.0,1.0,1.0,2.7578320876319853,0
0.1257478739369684,0.0,0.0,0.0,0.0,0.0,0.0,0.0,0.0,0.0,0.0,1.0,1.0,1.0,2.7578320876319853,0
0.1309873686843422,0.0,0.0,0.0,0.0,0.0,0.0,0.0,0.0,0.0,0.0,1.0,1.0,1.0,2.7578320876319853,0
0.1362268634317158,0.0,0.0,0.0,0.0,0.0,0.0,0.0,0.0,0.0,0.0,1.0,1.0,1.0,2.7578320876319853,0
0.1414663581790895,0.0,0.0,0.0,0.0,0.0,0.0,0.0,0.0,0.0,0.0,1.0,1.0,1.0,2.7578320876319853,0
0.1467058529264632,0.0,0.0,0.0,0.0,0.0,0.0,0.0,0.0,0.0,0.0,1.0,1.0,1.0,2.7578320876319853,0
0.1519453476738369,0.0,0.0,0.0,0.0,0.0,0.0,0.0,0.0,0.0,0.0,1.0,1.0,1.0,2.7578320876319853,0
0.1571848424212106,0.0,0.0,0.0,0.0,0.0,0.0,0.0,0.0,0.0,0.0,1.0,1.0,1.0,2.7578320876319853,0
0.1624243371685843,0.0,0.0,0.0,0.0,0.0,0.0,0.0,0.0,0.0,0.0,1.0,1.0,1.0,2.7578320876319853,0
0.167663831915958,0.0,0.0,0.0,0.0,0.0,0.0,0.0,0.0,0.0,0.0,1.0,1.0,1.0,2.7578320876319853,0
0.1729033266633316,0.0,0.0,0.0,0.0,0.0,0.0,0.0,0.0,0.0,0.0,1.0,1.0,1.0,2.7578320876319853,0
0.1781428214107053,0.0,0.0,0.0,0.0,0.0,0.0,0.0,0.0,0.0,0.0,1.0,1.0,1.0,2.7578320876319853,0
0.183382316158079,0.0,0.0,0.0,0.0,0.0,0.0,0.0,0.0,0.0,0.0,1.0,1.0,1.0,2.7578320876319853,0
0.1886218109054527,0.0,0.0,0.0,0.0,0.0,0.0,0.0,0.0,0.0,0.0,1.0,1.0,1.0,2.7578320876319853,0
0.1938613056528264,0.0,0.0,0.0,0.0,0.0,0.0,0.0,0.0,0.0,0.0,1.0,1.0,1.0,2.7578320876319853,0
0.1991008004002001,0.0,0.0,0.0,0.0,0.0,0.0,0.0,0.0,0.0,0.0,1.0,1.0,1.0,2.7578320876319853,0
0.2043402951475738,0.0,0.0,0.0,0.0,0.0,0.0,0.0,0.0,0.0,0.0,1.0,1.0,1.0,2.7578320876319853,0
0.2095797898949475,0.0,0.0,0.0,0.0,0.0,0.0,0.0,0.0,0.0,0.0,1.0,1.0,1.0,2.7578320876319853,0
0.2148192846423211,0.0,0.0,0.0,0.0,0.0,0.0,0.0,0.0,0.0,0.0,1.0,1.0,1.0,2.7578320876319853,0
0.2200587793896948,0.0,0.0,0.0,0.0,0.0,0.0,0.0,0.0,0.0,0.0,1.0,1.0,1.0,2.7578320876319853,0
0.2252982741370685,0.0,0.0,0.0,0.0,0.0,0.0,0.0,0.0,0.0,0.0,1.0,1.0,1.0,2.7578320876319853,0
0.2305377688844422,0.0,0.0,0.0,0.0,0.0,0.0,0.0,0.0,0.0,0.0,1.0,1.0,1.0,2.7578320876319853,0
0.2357772636318159,0.0,0.0,0.0,0.0,0.0,0.0,0.0,0.0,0.0,0.0,1.0,1.0,1.0,2.7578320876319853,0
0.2410167583791896,0.0,0.0,0.0,0.0,0.0,0.0,0.0,0.0,0.0,0.0,1.0,1.0,1.0,2.7578320876319853,0
0.2462562531265633,0.0,0.0,0.0,0.0,0.0,0.0,0.0,0.0,0.0,0.0,1.0,1.0,1.0,2.7578320876319853,0
0.2514957478739369,0.0,0.0,0.0,0.0,0.0,0.0,0.0,0.0,0.0,0.0,1.0,1.0,1.0,2.7578320876319853,0
0.2567352426213106,0.0,0.0,0.0,0.0,0.0,0.0,0.0,0.0,0.0,0.0,1.0,1.0,1.0,2.7578320876319853,0
0.2619747373686844,0.0,0.0,0.0,0.0,0.0,0.0,0.0,0.0,0.0,0.0,1.0,1.0,1.0,2.7578320876319853,0
0.267214232116058,0.0,0.0,0.0,0.0,0.0,0.0,0.0,0.0,0.0,0.0,1.0,1.0,1.0,2.7578320876319853,0
0.2724537268634317,0.0,0.0,0.0,0.0,0.0,0.0,0.0,0.0,0.0,0.0,1.0,1.0,1.0,2.7578320876319853,0
0.2776932216108054,0.0,0.0,0.0,0.0,0.0,0.0,0.0,0.0,0.0,0.0,1.0,1.0,1.0,2.7578320876319853,0
0.2829327163581791,0.0,0.0,0.0,0.0,0.0,0.0,0.0,0.0,0.0,0.0,1.0,1.0,1.0,2.7578320876319853,0
0.2881722111055528,0.0,0.0,0.0,0.0,0.0,0.0,0.0,0.0,0.0,0.0,1.0,1.0,1.0,2.7578320876319853,0
0.2934117058529265,0.0,0.0,0.0,0.0,0.0,0.0,0.0,0.0,0.0,0.0,1.0,1.0,1.0,2.7578320876319853,0
0.2986512006003001,0.0,0.0,0.0,0.0,0.0,0.0,0.0,0.0,0.0,0.0,1.0,1.0,1.0,2.7578320876319853,0
0.3038906953476739,0.0,0.0,0.0,0.0,0.0,0.0,0.0,0.0,0.0,0.0,1.0,1.0,1.0,2.7578320876319853,0
0.3091301900950475,0.0,0.0,0.0,0.0,0.0,0.0,0.0,0.0,0.0,0.0,1.0,1.0,1.0,2.7578320876319853,0
0.3143696848424212,0.0,0.0,0.0,0.0,0.0,0.0,0.0,0.0,0.0,0.0,1.0,1.0,1.0,2.7578320876319853,0
0.3196091795897949,0.0,0.0,0.0,0.0,0.0,0.0,0.0,0.0,0.0,0.0,1.0,1.0,1.0,2.7578320876319853,0
0.3248486743371686,0.0,0.0,0.0,0.0,0.0,0.0,0.0,0.0,0.0,0.0,1.0,1.0,1.0,2.7578320876319853,0
0.3300881690845423,0.0,0.0,0.0,0.0,0.0,0.0,0.0,0.0,0.0,0.0,1.0,1.0,1.0,2.7578320876319853,0
0.335327663831916,0.0,0.0,0.0,0.0,0.0,0.0,0.0,0.0,0.0,0.0,1.0,1.0,1.0,2.7578320876319853,0
0.3405671585792896,0.0,0.0,0.0,0.0,0.0,0.0,0.0,0.0,0.0,0.0,1.0,1.0,1.0,2.7578320876319853,0
0.3458066533266633,0.0,0.0,0.0,0.0,0.0,0.0,0.0,0.0,0.0,0.0,1.0,1.0,1.0,2.7578320876319853,0
0.351046148074037,0.0,0.0,0.0,0.0,0.0,0.0,0.0,0.0,0.0,0.0,1.0,1.0,1.0,2.7578320876319853,0
0.3562856428214107,0.0,0.0,0.0,0.0,0.0,0.0,0.0,0.0,0.0,0.0,1.0,1.0,1.0,2.7578320876319853,0
0.3615251375687844,0.0,0.0,0.0,0.0,0.0,0.0,0.0,0.0,0.0,0.0,1.0,1.0,1.0,2.7578320876319853,0
0.3667646323161581,0.0,0.0,0.0,0.0,0.0,0.0,0.0,0.0,0.0,0.0,1.0,1.0,1.0,2.7578320876319853,0
0.3720041270635318,0.0,0.0,0.0,0.0,0.0,0.0,0.0,0.0,0.0,0.0,1.0,1.0,1.0,2.7578320876319853,0
0.3772436218109055,0.0,0.0,0.0,0.0,0.0,0.0,0.0,0.0,0.0,0.0,1.0,1.0,1.0,2.7578320876319853,0
0.3824831165582791,0.0,0.0,0.0,0.0,0.0,0.0,0.0,0.0,0.0,0.0,1.0,1.0,1.0,2.7578320876319853,0
0.3877226113056528,0.0,0.0,0.0,0.0,0.0,0.0,0.0,0.0,0.0,0.0,1.0,1.0,1.0,2.7578320876319853,0
0.3929621060530265,0.0,0.0,0.0,0.0,0.0,0.0,0.0,0.0,0.0,0.0,1.0,1.0,1.0,2.7578320876319853,0
0.3982016008004002,0.0,0.0,0.0,0.0,0.0,0.0,0.0,0.0,0.0,0.0,1.0,1.0,1.0,2.7578320876319853,0
0.4034410955477739,0.0,0.0,0.0,0.0,0.0,0.0,0.0,0.0,0.0,0.0,1.0,1.0,1.0,2.7578320876319853,0
0.4086805902951476,0.0,0.0,0.0,0.0,0.0,0.0,0.0,0.0,0.0,0.0,1.0,1.0,1.0,2.7578320876319853,0
0.4139200850425213,0.0,0.0,0.0,0.0,0.0,0.0,0.0,0.0,0.0,0.0,1.0,1.0,1.0,2.7578320876319853,0
0.419159579789895,0.0,0.0,0.0,0.0,0.0,0.0,0.0,0.0,0.0,0.0,1.0,1.0,1.0,2.7578320876319853,0
0.4243990745372686,0.0,0.0,0.0,0.0,0.0,0.0,0.0,0.0,0.0,0.0,1.0,1.0,1.0,2.7578320876319853,0
0.4296385692846423,0.0,0.0,0.0,0.0,0.0,0.0,0.0,0.0,0.0,0.0,1.0,1.0,1.0,2.7578320876319853,0
0.434878064032016,0.0,0.0,0.0,0.0,0.0,0.0,0.0,0.0,0.0,0.0,1.0,1.0,1.0,2.7578320876319853,0
0.4401175587793897,0.0,0.0,0.0,0.0,0.0,0.0,0.0,0.0,0.0,0.0,1.0,1.0,1.0,2.7578320876319853,0
0.4453570535267634,0.0,0.0,0.0,0.0,0.0,0.0,0.0,0.0,0.0,0.0,1.0,1.0,1.0,2.7578320876319853,0
0.4505965482741371,0.0,0.0,0.0,0.0,0.0,0.0,0.0,0.0,0.0,0.0,1.0,1.0,1.0,2.7578320876319853,0
0.4558360430215107,0.0,0.0,0.0,0.0,0.0,0.0,0.0,0.0,0.0,0.0,1.0,1.0,1.0,2.7578320876319853,0
0.4610755377688845,0.0,0.0,0.0,0.0,0.0,0.0,0.0,0.0,0.0,0.0,1.0,1.0,1.0,2.7578320876319853,0
0.4663150325162581,0.0,0.0,0.0,0.0,0.0,0.0,0.0,0.0,0.0,0.0,1.0,1.0,1.0,2.7578320876319853,0
0.4715545272636318,0.0,0.0,0.0,0.0,0.0,0.0,0.0,0.0,0.0,0.0,1.0,1.0,1.0,2.7578320876319853,0
0.4767940220110055,0.0,0.0,0.0,0.0,0.0,0.0,0.0,0.0,0.0,0.0,1.0,1.0,1.0,2.7578320876319853,0
0.4820335167583792,0.0,0.0,0.0,0.0,0.0,0.0,0.0,0.0,0.0,0.0,1.0,1.0,1.0,2.7578320876319853,0
0.4872730115057529,0.0,0.0,0.0,0.0,0.0,0.0,0.0,0.0,0.0,0.0,1.0,1.0,1.0,2.7578320876319853,0
0.4925125062531266,0.0,0.0,0.0,0.0,0.0,0.0,0.0,0.0,0.0,0.0,1.0,1.0,1.0,2.7578320876319853,0
0.4977520010005002,0.0,0.0,0.0,0.0,0.0,0.0,0.0,0.0,0.0,0.0,1.0,1.0,1.0,2.7578320876319853,0
0.5029914957478739,0.0,0.0,0.0,0.0,0.0,0.0,0.0,0.0,0.0,0.0,1.0,1.0,1.0,2.7578320876319853,0
0.5082309904952477,0.0,0.0,0.0,0.0,0.0,0.0,0.0,0.0,0.0,0.0,1.0,1.0,1.0,2.7578320876319853,0
0.5134704852426213,0.0,0.0,0.0,0.0,0.0,0.0,0.0,0.0,0.0,0.0,1.0,1.0,1.0,2.7578320876319853,0
0.518709979989995,0.0,0.0,0.0,0.0,0.0,0.0,0.0,0.0,0.0,0.0,1.0,1.0,1.0,2.7578320876319853,0
0.5239494747373687,0.0,0.0,0.0,0.0,0.0,0.0,0.0,0.0,0.0,0.0,1.0,1.0,1.0,2.7578320876319853,0
0.5291889694847424,0.0,0.0,0.0,0.0,0.0,0.0,0.0,0.0,0.0,0.0,1.0,1.0,1.0,2.7578320876319853,0
0.5344284642321161,0.0,0.0,0.0,0.0,0.0,0.0,0.0,0.0,0.0,0.0,1.0,1.0,1.0,2.7578320876319853,0
0.5396679589794898,0.0,0.0,0.0,0.0,0.0,0.0,0.0,0.0,0.0,0.0,1.0,1.0,1.0,2.7578320876319853,0
0.5449074537268634,0.0,0.0,0.0,0.0,0.0,0.0,0.0,0.0,0.0,0.0,1.0,1.0,1.0,2.7578320876319853,0
0.5501469484742372,0.0,0.0,0.0,0.0,0.0,0.0,0.0,0.0,0.0,0.0,1.0,1.0,1.0,2.7578320876319853,0
0.5553864432216108,0.0,0.0,0.0,0.0,0.0,0.0,0.0,0.0,0.0,0.0,1.0,1.0,1.0,2.7578320876319853,0
0.5606259379689845,0.0,0.0,0.0,0.0,0.0,0.0,0.0,0.0,0.0,0.0,1.0,1.0,1.0,2.7578320876319853,0
0.5658654327163583,0.0,0.0,0.0,0.0,0.0,0.0,0.0,0.0,0.0,0.0,1.0,1.0,1.0,2.7578320876319853,0
0.5711049274637319,0.0,0.0,0.0,0.0,0.0,0.0,0.0,0.0,0.0,0.0,1.0,1.0,1.0,2.7578320876319853,0
0.5763444222111056,0.0,0.0,0.0,0.0,0.0,0.0,0.0,0.0,0.0,0.0,1.0,1.0,1.0,2.7578320876319853,0
0.5815839169584793,0.0,0.0,0.0,0.0,0.0,0.0,0.0,0.0,0.0,0.0,1.0,1.0,1.0,2.7578320876319853,0
0.586823411705853,0.0,0.0,0.0,0.0,0.0,0.0,0.0,0.0,0.0,0.0,1.0,1.0,1.0,2.7578320876319853,0
0.5920629064532267,0.0,0.0,0.0,0.0,0.0,0.0,0.0,0.0,0.0,0.0,1.0,1.0,1.0,2.7578320876319853,0
0.5973024012006003,0.0,0.0,0.0,0.0,0.0,0.0,0.0,0.0,0.0,0.0,1.0,1.0,1.0,2.7578320876319853,0
0.602541895947974,0.0,0.0,0.0,0.0,0.0,0.0,0.0,0.0,0.0,0.0,1.0,1.0,1.0,2.7578320876319853,0
0.6077813906953478,0.0,0.0,0.0,0.0,0.0,0.0,0.0,0.0,0.0,0.0,1.0,1.0,1.0,2.7578320876319853,0
0.6130208854427214,0.0,0.0,0.0,0.0,0.0,0.0,0.0,0.0,0.0,0.0,1.0,1.0,1.0,2.7578320876319853,0
0.6182603801900951,0.0,0.0,0.0,0.0,0.0,0.0,0.0,0.0,0.0,0.0,1.0,1.0,1.0,2.7578320876319853,0
0.6234998749374687,0.0,0.0,0.0,0.0,0.0,0.0,0.0,0.0,0.0,0.0,1.0,1.0,1.0,2.7578320876319853,0
0.6287393696848425,0.0,0.0,0.0,0.0,0.0,0.0,0.0,0.0,0.0,0.0,1.0,1.0,1.0,2.7578320876319853,0
0.6339788644322162,0.0,0.0,0.0,0.0,0.0,0.0,0.0,0.0,0.0,0.0,1.0,1.0,1.0,2.7578320876319853,0
0.6392183591795898,0.0,0.0,0.0,0.0,0.0,0.0,0.0,0.0,0.0,0.0,1.0,1.0,1.0,2.7578320876319853,0
0.6444578539269635,0.0,0.0,0.0,0.0,0.0,0.0,0.0,0.0,0.0,0.0,1.0,1.0,1.0,2.7578320876319853,0
0.6496973486743373,0.0,0.0,0.0,0.0,0.0,0.0,0.0,0.0,0.0,0.0,1.0,1.0,1.0,2.7578320876319853,0
0.6549368434217109,0.0,0.0,0.0,0.0,0.0,0.0,0.0,0.0,0.0,0.0,1.0,1.0,1.0,2.7578320876319853,0
0.6601763381690846,0.0,0.0,0.0,0.0,0.0,0.0,0.0,0.0,0.0,0.0,1.0,1.0,1.0,2.7578320876319853,0
0.6654158329164582,0.0,0.0,0.0,0.0,0.0,0.0,0.0,0.0,0.0,0.0,1.0,1.0,1.0,2.7578320876319853,0
0.670655327663832,0.0,0.0,0.0,0.0,0.0,0.0,0.0,0.0,0.0,0.0,1.0,1.0,1.0,2.7578320876319853,0
0.6758948224112057,0.0,0.0,0.0,0.0,0.0,0.0,0.0,0.0,0.0,0.0,1.0,1.0,1.0,2.7578320876319853,0
0.6811343171585793,0.0,0.0,0.0,0.0,0.0,0.0,0.0,0.0,0.0,0.0,1.0,1.0,1.0,2.7578320876319853,0
0.686373811905953,0.0,0.0,0.0,0.0,0.0,0.0,0.0,0.0,0.0,0.0,1.0,1.0,1.0,2.7578320876319853,0
0.6916133066533267,0.0,0.0,0.0,0.0,0.0,0.0,0.0,0.0,0.0,0.0,1.0,1.0,1.0,2.7578320876319853,0
0.6968528014007004,0.0,0.0,0.0,0.0,0.0,0.0,0.0,0.0,0.0,0.0,1.0,1.0,1.0,2.7578320876319853,0
0.7020922961480741,0.0,0.0,0.0,0.0,0.0,0.0,0.0,0.0,0.0,0.0,1.0,1.0,1.0,2.7578320876319853,0
0.7073317908954477,0.0,0.0,0.0,0.0,0.0,0.0,0.0,0.0,0.0,0.0,1.0,1.0,1.0,2.7578320876319853,0
0.7125712856428215,0.0,0.0,0.0,0.0,0.0,0.0,0.0,0.0,0.0,0.0,1.0,1.0,1.0,2.7578320876319853,0
0.7178107803901952,0.0,0.0,0.0,0.0,0.0,0.0,0.0,0.0,0.0,0.0,1.0,1.0,1.0,2.7578320876319853,0
0.7230502751375688,0.0,0.0,0.0,0.0,0.0,0.0,0.0,0.0,0.0,0.0,1.0,1.0,1.0,2.7578320876319853,0
0.7282897698849425,0.0,0.0,0.0,0.0,0.0,0.0,0.0,0.0,0.0,0.0,1.0,1.0,1.0,2.7578320876319853,0
0.7335292646323162,0.0,0.0,0.0,0.0,0.0,0.0,0.0,0.0,0.0,0.0,1.0,1.0,1.0,2.7578320876319853,0
0.7387687593796899,0.0,0.0,0.0,0.0,0.0,0.0,0.0,0.0,0.0,0.0,1.0,1.0,1.0,2.7578320876319853,0
0.7440082541270636,0.0,0.0,0.0,0.0,0.0,0.0,0.0,0.0,0.0,0.0,1.0,1.0,1.0,2.7578320876319853,0
0.7492477488744372,0.0,0.0,0.0,0.0,0.0,0.0,0.0,0.0,0.0,0.0,1.0,1.0,1.0,2.7578320876319853,0
0.754487243621811,0.0,0.0,0.0,0.0,0.0,0.0,0.0,0.0,0.0,0.0,1.0,1.0,1.0,2.7578320876319853,0
0.7597267383691846,0.0,0.0,0.0,0.0,0.0,0.0,0.0,0.0,0.0,0.0,1.0,1.0,1.0,2.7578320876319853,0
0.7649662331165583,0.0,0.0,0.0,0.0,0.0,0.0,0.0,0.0,0.0,0.0,1.0,1.0,1.0,2.7578320876319853,0
0.770205727863932,0.0,0.0,0.0,0.0,0.0,0.0,0.0,0.0,0.0,0.0,1.0,1.0,1.0,2.7578320876319853,0
0.7754452226113057,0.0,0.0,0.0,0.0,0.0,0.0,0.0,0.0,0.0,0.0,1.0,1.0,1.0,2.7578320876319853,0
0.7806847173586794,0.0,0.0,0.0,0.0,0.0,0.0,0.0,0.0,0.0,0.0,1.0,1.0,1.0,2.7578320876319853,0
0.7859242121060531,0.0,0.0,0.0,0.0,0.0,0.0,0.0,0.0,0.0,0.0,1.0,1.0,1.0,2.7578320876319853,0
0.7911637068534267,0.0,0.0,0.0,0.0,0.0,0.0,0.0,0.0,0.0,0.0,1.0,1.0,1.0,2.7578320876319853,0
0.7964032016008005,0.0,0.0,0.0,0.0,0.0,0.0,0.0,0.0,0.0,0.0,1.0,1.0,1.0,2.7578320876319853,0
0.8016426963481741,0.0,0.0,0.0,0.0,0.0,0.0,0.0,0.0,0.0,0.0,1.0,1.0,1.0,2.7578320876319853,0
0.8068821910955478,0.0,0.0,0.0,0.0,0.0,0.0,0.0,0.0,0.0,0.0,1.0,1.0,1.0,2.7578320876319853,0
0.8121216858429215,0.0,0.0,0.0,0.0,0.0,0.0,0.0,0.0,0.0,0.0,1.0,1.0,1.0,2.7578320876319853,0
0.8173611805902952,0.0,0.0,0.0,0.0,0.0,0.0,0.0,0.0,0.0,0.0,1.0,1.0,1.0,2.7578320876319853,0
0.8226006753376689,0.0,0.0,0.0,0.0,0.0,0.0,0.0,0.0,0.0,0.0,1.0,1.0,1.0,2.7578320876319853,0
0.8278401700850426,0.0,0.0,0.0,0.0,0.0,0.0,0.0,0.0,0.0,0.0,1.0,1.0,1.0,2.7578320876319853,0
0.8330796648324162,0.0,0.0,0.0,0.0,0.0,0.0,0.0,0.0,0.0,0.0,1.0,1.0,1.0,2.7578320876319853,0
0.83831915957979,0.0,0.0,0.0,0.0,0.0,0.0,0.0,0.0,0.0,0.0,1.0,1.0,1.0,2.7578320876319853,0
0.8435586543271636,0.0,0.0,0.0,0.0,0.0,0.0,0.0,0.0,0.0,0.0,1.0,1.0,1.0,2.7578320876319853,0
0.8487981490745373,0.0,0.0,0.0,0.0,0.0,0.0,0.0,0.0,0.0,0.0,1.0,1.0,1.0,2.7578320876319853,0
0.854037643821911,0.0,0.0,0.0,0.0,0.0,0.0,0.0,0.0,0.0,0.0,1.0,1.0,1.0,2.7578320876319853,0
0.8592771385692847,0.0,0.0,0.0,0.0,0.0,0.0,0.0,0.0,0.0,0.0,1.0,1.0,1.0,2.7578320876319853,0
0.8645166333166584,0.0,0.0,0.0,0.0,0.0,0.0,0.0,0.0,0.0,0.0,1.0,1.0,1.0,2.7578320876319853,0
0.869756128064032,0.0,0.0,0.0,0.0,0.0,0.0,0.0,0.0,0.0,0.0,1.0,1.0,1.0,2.7578320876319853,0
0.8749956228114057,0.0,0.0,0.0,0.0,0.0,0.0,0.0,0.0,0.0,0.0,1.0,1.0,1.0,2.7578320876319853,0
0.8802351175587795,0.0,0.0,0.0,0.0,0.0,0.0,0.0,0.0,0.0,0.0,1.0,1.0,1.0,2.7578320876319853,0
0.8854746123061531,0.0,0.0,0.0,0.0,0.0,0.0,0.0,0.0,0.0,0.0,1.0,1.0,1.0,2.7578320876319853,0
0.8907141070535268,0.0,0.0,0.0,0.0,0.0,0.0,0.0,0.0,0.0,0.0,1.0,1.0,1.0,2.7578320876319853,0
0.8959536018009006,0.0,0.0,0.0,0.0,0.0,0.0,0.0,0.0,0.0,0.0,1.0,1.0,1.0,2.7578320876319853,0
0.9011930965482742,0.0,0.0,0.0,0.0,0.0,0.0,0.0,0.0,0.0,0.0,1.0,1.0,1.0,2.7578320876319853,0
0.906432591295648,0.0,0.0,0.0,0.0,0.0,0.0,0.0,0.0,0.0,0.0,1.0,1.0,1.0,2.7578320876319853,0
0.9116720860430216,0.0,0.0,0.0,0.0,0.0,0.0,0.0,0.0,0.0,0.0,1.0,1.0,1.0,2.7578320876319853,0
0.9169115807903953,0.0,0.0,0.0,0.0,0.0,0.0,0.0,0.0,0.0,0.0,1.0,1.0,1.0,2.7578320876319853,0
0.922151075537769,0.0,0.0,0.0,0.0,0.0,0.0,0.0,0.0,0.0,0.0,1.0,1.0,1.0,2.7578320876319853,0
0.9273905702851426,0.0,0.0,0.0,0.0,0.0,0.0,0.0,0.0,0.0,0.0,1.0,1.0,1.0,2.7578320876319853,0
0.9326300650325164,0.0,0.0,0.0,0.0,0.0,0.0,0.0,0.0,0.0,0.0,1.0,1.0,1.0,2.7578320876319853,0
0.93786955977989,0.0,0.0,0.0,0.0,0.0,0.0,0.0,0.0,0.0,0.0,1.0,1.0,1.0,2.7578320876319853,0
0.9431090545272636,0.0,0.0,0.0,0.0,0.0,0.0,0.0,0.0,0.0,0.0,1.0,1.0,1.0,2.7578320876319853,0
0.9483485492746374,0.0,0.0,0.0,0.0,0.0,0.0,0.0,0.0,0.0,0.0,1.0,1.0,1.0,2.7578320876319853,0
0.953588044022011,0.0,0.0,0.0,0.0,0.0,0.0,0.0,0.0,0.0,0.0,1.0,1.0,1.0,2.7578320876319853,0
0.9588275387693848,0.0,0.0,0.0,0.0,0.0,0.0,0.0,0.0,0.0,0.0,1.0,1.0,1.0,2.7578320876319853,0
0.9640670335167584,0.0,0.0,0.0,0.0,0.0,0.0,0.0,0.0,0.0,0.0,1.0,1.0,1.0,2.7578320876319853,0
0.969306528264132,0.0,0.0,0.0,0.0,0.0,0.0,0.0,0.0,0.0,0.0,1.0,1.0,1.0,2.7578320876319853,0
0.9745460230115058,0.0,0.0,0.0,0.0,0.0,0.0,0.0,0.0,0.0,0.0,1.0,1.0,1.0,2.7578320876319853,0
0.9797855177588796,0.0,0.0,0.0,0.0,0.0,0.0,0.0,0.0,0.0,0.0,1.0,1.0,1.0,2.7578320876319853,0
0.9850250125062532,0.0,0.0,0.0,0.0,0.0,0.0,0.0,0.0,0.0,0.0,1.0,1.0,1.0,2.7578320876319853,0
0.9902645072536268,0.0,0.0,0.0,0.0,0.0,0.0,0.0,0.0,0.0,0.0,1.0,1.0,1.0,2.7578320876319853,0
0.9955040020010004,0.0,0.0,0.0,0.0,0.0,0.0,0.0,0.0,0.0,0.0,1.0,1.0,1.0,2.7578320876319853,0
1.0007434967483742,0.0,0.0,0.0,0.0,0.0,0.0,0.0,0.0,0.0,0.0,1.0,1.0,1.0,2.7578320876319853,0
1.005982991495748,0.0,0.0,0.0,0.0,0.0,0.0,0.0,0.0,0.0,0.0,1.0,1.0,1.0,2.7578320876319853,0
1.0112224862431216,0.0,0.0,0.0,0.0,0.0,0.0,0.0,0.0,0.0,0.0,1.0,1.0,1.0,2.7578320876319853,0
1.0164619809904951,0.0,0.0,0.0,0.0,0.0,0.0,0.0,0.0,0.0,0.0,1.0,1.0,1.0,2.7578320876319853,0
1.021701475737869,0.0,0.0,0.0,0.0,0.0,0.0,0.0,0.0,0.0,0.0,1.0,1.0,1.0,2.7578320876319853,0
1.0269409704852426,0.0,0.0,0.0,0.0,0.0,0.0,0.0,0.0,0.0,0.0,1.0,1.0,1.0,2.7578320876319853,0
1.0321804652326163,0.0,0.0,0.0,0.0,0.0,0.0,0.0,0.0,0.0,0.0,1.0,1.0,1.0,2.7578320876319853,0
1.03741995997999,0.0,0.0,0.0,0.0,0.0,0.0,0.0,0.0,0.0,0.0,1.0,1.0,1.0,2.7578320876319853,0
1.0426594547273638,0.0,0.0,0.0,0.0,0.0,0.0,0.0,0.0,0.0,0.0,1.0,1.0,1.0,2.7578320876319853,0
1.0478989494747375,0.0,0.0,0.0,0.0,0.0,0.0,0.0,0.0,0.0,0.0,1.0,1.0,1.0,2.7578320876319853,0
1.0531384442221112,0.0,0.0,0.0,0.0,0.0,0.0,0.0,0.0,0.0,0.0,1.0,1.0,1.0,2.7578320876319853,0
1.0583779389694847,0.0,0.0,0.0,0.0,0.0,0.0,0.0,0.0,0.0,0.0,1.0,1.0,1.0,2.7578320876319853,0
1.0636174337168585,0.0,0.0,0.0,0.0,0.0,0.0,0.0,0.0,0.0,0.0,1.0,1.0,1.0,2.7578320876319853,0
1.0688569284642322,0.0,0.0,0.0,0.0,0.0,0.0,0.0,0.0,0.0,0.0,1.0,1.0,1.0,2.7578320876319853,0
1.074096423211606,0.0,0.0,0.0,0.0,0.0,0.0,0.0,0.0,0.0,0.0,1.0,1.0,1.0,2.7578320876319853,0
1.0793359179589797,0.0,0.0,0.0,0.0,0.0,0.0,0.0,0.0,0.0,0.0,1.0,1.0,1.0,2.7578320876319853,0
1.0845754127063532,0.0,0.0,0.0,0.0,0.0,0.0,0.0,0.0,0.0,0.0,1.0,1.0,1.0,2.7578320876319853,0
1.0898149074537269,0.0,0.0,0.0,0.0,0.0,0.0,0.0,0.0,0.0,0.0,1.0,1.0,1.0,2.7578320876319853,0
1.0950544022011006,0.0,0.0,0.0,0.0,0.0,0.0,0.0,0.0,0.0,0.0,1.0,1.0,1.0,2.7578320876319853,0
1.1002938969484743,0.0,0.0,0.0,0.0,0.0,0.0,0.0,0.0,0.0,0.0,1.0,1.0,1.0,2.7578320876319853,0
1.105533391695848,0.0,0.0,0.0,0.0,0.0,0.0,0.0,0.0,0.0,0.0,1.0,1.0,1.0,2.7578320876319853,0
1.1107728864432216,0.0,0.0,0.0,0.0,0.0,0.0,0.0,0.0,0.0,0.0,1.0,1.0,1.0,2.7578320876319853,0
1.116012381190595,0.0,0.0,0.0,0.0,0.0,0.0,0.0,0.0,0.0,0.0,1.0,1.0,1.0,2.7578320876319853,0
1.121251875937969,0.0,0.0,0.0,0.0,0.0,0.0,0.0,0.0,0.0,0.0,1.0,1.0,1.0,2.7578320876319853,0
1.1264913706853428,0.0,0.0,0.0,0.0,0.0,0.0,0.0,0.0,0.0,0.0,1.0,1.0,1.0,2.7578320876319853,0
1.1317308654327165,0.0,0.0,0.0,0.0,0.0,0.0,0.0,0.0,0.0,0.0,1.0,1.0,1.0,2.7578320876319853,0
1.13697036018009,0.0,0.0,0.0,0.0,0.0,0.0,0.0,0.0,0.0,0.0,1.0,1.0,1.0,2.7578320876319853,0
1.1422098549274635,0.0,0.0,0.0,0.0,0.0,0.0,0.0,0.0,0.0,0.0,1.0,1.0,1.0,2.7578320876319853,0
1.1474493496748377,0.0,0.0,0.0,0.0,0.0,0.0,0.0,0.0,0.0,0.0,1.0,1.0,1.0,2.7578320876319853,0
1.1526888444222112,0.0,0.0,0.0,0.0,0.0,0.0,0.0,0.0,0.0,0.0,1.0,1.0,1.0,2.7578320876319853,0
1.157928339169585,0.0,0.0,0.0,0.0,0.0,0.0,0.0,0.0,0.0,0.0,1.0,1.0,1.0,2.7578320876319853,0
1.1631678339169589,0.0,0.0,0.0,0.0,0.0,0.0,0.0,0.0,0.0,0.0,1.0,1.0,1.0,2.7578320876319853,0
1.1684073286643322,0.0,0.0,0.0,0.0,0.0,0.0,0.0,0.0,0.0,0.0,1.0,1.0,1.0,2.7578320876319853,0
1.173646823411706,0.0,0.0,0.0,0.0,0.0,0.0,0.0,0.0,0.0,0.0,1.0,1.0,1.0,2.7578320876319853,0
1.1788863181590796,0.0,0.0,0.0,0.0,0.0,0.0,0.0,0.0,0.0,0.0,1.0,1.0,1.0,2.7578320876319853,0
1.1841258129064534,0.0,0.0,0.0,0.0,0.0,0.0,0.0,0.0,0.0,0.0,1.0,1.0,1.0,2.7578320876319853,0
1.189365307653827,0.0,0.0,0.0,0.0,0.0,0.0,0.0,0.0,0.0,0.0,1.0,1.0,1.0,2.7578320876319853,0
1.1946048024012006,0.0,0.0,0.0,0.0,0.0,0.0,0.0,0.0,0.0,0.0,1.0,1.0,1.0,2.7578320876319853,0
1.1998442971485743,0.0,0.0,0.0,0.0,0.0,0.0,0.0,0.0,0.0,0.0,1.0,1.0,1.0,2.7578320876319853,0
1.205083791895948,0.0,0.0,0.0,0.0,0.0,0.0,0.0,0.0,0.0,0.0,1.0,1.0,1.0,2.7578320876319853,0
1.2103232866433218,0.0,0.0,0.0,0.0,0.0,0.0,0.0,0.0,0.0,0.0,1.0,1.0,1.0,2.7578320876319853,0
1.2155627813906955,0.0,0.0,0.0,0.0,0.0,0.0,0.0,0.0,0.0,0.0,1.0,1.0,1.0,2.7578320876319853,0
1.220802276138069,0.0,0.0,0.0,0.0,0.0,0.0,0.0,0.0,0.0,0.0,1.0,1.0,1.0,2.7578320876319853,0
1.2260417708854427,0.0,0.0,0.0,0.0,0.0,0.0,0.0,0.0,0.0,0.0,1.0,1.0,1.0,2.7578320876319853,0
1.2312812656328165,0.0,0.0,0.0,0.0,0.0,0.0,0.0,0.0,0.0,0.0,1.0,1.0,1.0,2.7578320876319853,0
1.2365207603801902,0.0,0.0,0.0,0.0,0.0,0.0,0.0,0.0,0.0,0.0,1.0,1.0,1.0,2.7578320876319853,0
1.241760255127564,0.0,0.0,0.0,0.0,0.0,0.0,0.0,0.0,0.0,0.0,1.0,1.0,1.0,2.7578320876319853,0
1.2469997498749374,0.0,0.0,0.0,0.0,0.0,0.0,0.0,0.0,0.0,0.0,1.0,1.0,1.0,2.7578320876319853,0
1.2522392446223112,0.0,0.0,0.0,0.0,0.0,0.0,0.0,0.0,0.0,0.0,1.0,1.0,1.0,2.7578320876319853,0
1.257478739369685,0.0,0.0,0.0,0.0,0.0,0.0,0.0,0.0,0.0,0.0,1.0,1.0,1.0,2.7578320876319853,0
1.2627182341170586,0.0,0.0,0.0,0.0,0.0,0.0,0.0,0.0,0.0,0.0,1.0,1.0,1.0,2.7578320876319853,0
1.2679577288644324,0.0,0.0,0.0,0.0,0.0,0.0,0.0,0.0,0.0,0.0,1.0,1.0,1.0,2.7578320876319853,0
1.273197223611806,0.0,0.0,0.0,0.0,0.0,0.0,0.0,0.0,0.0,0.0,1.0,1.0,1.0,2.7578320876319853,0
1.2784367183591796,0.0,0.0,0.0,0.0,0.0,0.0,0.0,0.0,0.0,0.0,1.0,1.0,1.0,2.7578320876319853,0
1.283676213106553,0.0,0.0,0.0,0.0,0.0,0.0,0.0,0.0,0.0,0.0,1.0,1.0,1.0,2.7578320876319853,0
1.288915707853927,0.0,0.0,0.0,0.0,0.0,0.0,0.0,0.0,0.0,0.0,1.0,1.0,1.0,2.7578320876319853,0
1.2941552026013008,0.0,0.0,0.0,0.0,0.0,0.0,0.0,0.0,0.0,0.0,1.0,1.0,1.0,2.7578320876319853,0
1.2993946973486743,0.0,0.0,0.0,0.0,0.0,0.0,0.0,0.0,0.0,0.0,1.0,1.0,1.0,2.7578320876319853,0
1.304634192096048,0.0,0.0,0.0,0.0,0.0,0.0,0.0,0.0,0.0,0.0,1.0,1.0,1.0,2.7578320876319853,0
1.3098736868434218,0.0,0.0,0.0,0.0,0.0,0.0,0.0,0.0,0.0,0.0,1.0,1.0,1.0,2.7578320876319853,0
1.3151131815907957,0.0,0.0,0.0,0.0,0.0,0.0,0.0,0.0,0.0,0.0,1.0,1.0,1.0,2.7578320876319853,0
1.3203526763381692,0.0,0.0,0.0,0.0,0.0,0.0,0.0,0.0,0.0,0.0,1.0,1.0,1.0,2.7578320876319853,0
1.325592171085543,0.0,0.0,0.0,0.0,0.0,0.0,0.0,0.0,0.0,0.0,1.0,1.0,1.0,2.7578320876319853,0
1.3308316658329165,0.0,0.0,0.0,0.0,0.0,0.0,0.0,0.0,0.0,0.0,1.0,1.0,1.0,2.7578320876319853,0
1.3360711605802902,0.0,0.0,0.0,0.0,0.0,0.0,0.0,0.0,0.0,0.0,1.0,1.0,1.0,2.7578320876319853,0
1.341310655327664,0.0,0.0,0.0,0.0,0.0,0.0,0.0,0.0,0.0,0.0,1.0,1.0,1.0,2.7578320876319853,0
1.3465501500750376,0.0,0.0,0.0,0.0,0.0,0.0,0.0,0.0,0.0,0.0,1.0,1.0,1.0,2.7578320876319853,0
1.3517896448224114,0.0,0.0,0.0,0.0,0.0,0.0,0.0,0.0,0.0,0.0,1.0,1.0,1.0,2.7578320876319853,0
1.3570291395697849,0.0,0.0,0.0,0.0,0.0,0.0,0.0,0.0,0.0,0.0,1.0,1.0,1.0,2.7578320876319853,0
1.3622686343171586,0.0,0.0,0.0,0.0,0.0,0.0,0.0,0.0,0.0,0.0,1.0,1.0,1.0,2.7578320876319853,0
1.3675081290645323,0.0,0.0,0.0,0.0,0.0,0.0,0.0,0.0,0.0,0.0,1.0,1.0,1.0,2.7578320876319853,0
1.372747623811906,0.0,0.0,0.0,0.0,0.0,0.0,0.0,0.0,0.0,0.0,1.0,1.0,1.0,2.7578320876319853,0
1.3779871185592798,0.0,0.0,0.0,0.0,0.0,0.0,0.0,0.0,0.0,0.0,1.0,1.0,1.0,2.7578320876319853,0
1.3832266133066533,0.0,0.0,0.0,0.0,0.0,0.0,0.0,0.0,0.0,0.0,1.0,1.0,1.0,2.7578320876319853,0
1.388466108054027,0.0,0.0,0.0,0.0,0.0,0.0,0.0,0.0,0.0,0.0,1.0,1.0,1.0,2.7578320876319853,0
1.3937056028014008,0.0,0.0,0.0,0.0,0.0,0.0,0.0,0.0,0.0,0.0,1.0,1.0,1.0,2.7578320876319853,0
1.3989450975487745,0.0,0.0,0.0,0.0,0.0,0.0,0.0,0.0,0.0,0.0,1.0,1.0,1.0,2.7578320876319853,0
1.4041845922961482,0.0,0.0,0.0,0.0,0.0,0.0,0.0,0.0,0.0,0.0,1.0,1.0,1.0,2.7578320876319853,0
1.409424087043522,0.0,0.0,0.0,0.0,0.0,0.0,0.0,0.0,0.0,0.0,1.0,1.0,1.0,2.7578320876319853,0
1.4146635817908957,0.0,0.0,0.0,0.0,0.0,0.0,0.0,0.0,0.0,0.0,1.0,1.0,1.0,2.7578320876319853,0
1.4199030765382692,0.0,0.0,0.0,0.0,0.0,0.0,0.0,0.0,0.0,0.0,1.0,1.0,1.0,2.7578320876319853,0
1.425142571285643,0.0,0.0,0.0,0.0,0.0,0.0,0.0,0.0,0.0,0.0,1.0,1.0,1.0,2.7578320876319853,0
1.4303820660330169,0.0,0.0,0.0,0.0,0.0,0.0,0.0,0.0,0.0,0.0,1.0,1.0,1.0,2.7578320876319853,0
1.4356215607803904,0.0,0.0,0.0,0.0,0.0,0.0,0.0,0.0,0.0,0.0,1.0,1.0,1.0,2.7578320876319853,0
1.440861055527764,0.0,0.0,0.0,0.0,0.0,0.0,0.0,0.0,0.0,0.0,1.0,1.0,1.0,2.7578320876319853,0
1.4461005502751376,0.0,0.0,0.0,0.0,0.0,0.0,0.0,0.0,0.0,0.0,1.0,1.0,1.0,2.7578320876319853,0
1.4513400450225111,0.0,0.0,0.0,0.0,0.0,0.0,0.0,0.0,0.0,0.0,1.0,1.0,1.0,2.7578320876319853,0
1.456579539769885,0.0,0.0,0.0,0.0,0.0,0.0,0.0,0.0,0.0,0.0,1.0,1.0,1.0,2.7578320876319853,0
1.4618190345172588,0.0,0.0,0.0,0.0,0.0,0.0,0.0,0.0,0.0,0.0,1.0,1.0,1.0,2.7578320876319853,0
1.4670585292646323,0.0,0.0,0.0,0.0,0.0,0.0,0.0,0.0,0.0,0.0,1.0,1.0,1.0,2.7578320876319853,0
1.472298024012006,0.0,0.0,0.0,0.0,0.0,0.0,0.0,0.0,0.0,0.0,1.0,1.0,1.0,2.7578320876319853,0
1.4775375187593798,0.0,0.0,0.0,0.0,0.0,0.0,0.0,0.0,0.0,0.0,1.0,1.0,1.0,2.7578320876319853,0
1.4827770135067535,0.0,0.0,0.0,0.0,0.0,0.0,0.0,0.0,0.0,0.0,1.0,1.0,1.0,2.7578320876319853,0
1.4880165082541272,0.0,0.0,0.0,0.0,0.0,0.0,0.0,0.0,0.0,0.0,1.0,1.0,1.0,2.7578320876319853,0
1.4932560030015007,0.0,0.0,0.0,0.0,0.0,0.0,0.0,0.0,0.0,0.0,1.0,1.0,1.0,2.7578320876319853,0
1.4984954977488745,0.0,0.0,0.0,0.0,0.0,0.0,0.0,0.0,0.0,0.0,1.0,1.0,1.0,2.7578320876319853,0
1.5037349924962482,0.0,0.0,0.0,0.0,0.0,0.0,0.0,0.0,0.0,0.0,1.0,1.0,1.0,2.7578320876319853,0
1.508974487243622,0.0,0.0,0.0,0.0,0.0,0.0,0.0,0.0,0.0,0.0,1.0,1.0,1.0,2.7578320876319853,0
1.5142139819909957,0.0,0.0,0.0,0.0,0.0,0.0,0.0,0.0,0.0,0.0,1.0,1.0,1.0,2.7578320876319853,0
1.5194534767383692,0.0,0.0,0.0,0.0,0.0,0.0,0.0,0.0,0.0,0.0,1.0,1.0,1.0,2.7578320876319853,0
1.524692971485743,0.0,0.0,0.0,0.0,0.0,0.0,0.0,0.0,0.0,0.0,1.0,1.0,1.0,2.7578320876319853,0
1.5299324662331166,0.0,0.0,0.0,0.0,0.0,0.0,0.0,0.0,0.0,0.0,1.0,1.0,1.0,2.7578320876319853,0
1.5351719609804904,0.0,0.0,0.0,0.0,0.0,0.0,0.0,0.0,0.0,0.0,1.0,1.0,1.0,2.7578320876319853,0
1.540411455727864,0.0,0.0,0.0,0.0,0.0,0.0,0.0,0.0,0.0,0.0,1.0,1.0,1.0,2.7578320876319853,0
1.5456509504752378,0.0,0.0,0.0,0.0,0.0,0.0,0.0,0.0,0.0,0.0,1.0,1.0,1.0,2.7578320876319853,0
1.550890445222611,0.0,0.0,0.0,0.0,0.0,0.0,0.0,0.0,0.0,0.0,1.0,1.0,1.0,2.7578320876319853,0
1.556129939969985,0.0,0.0,0.0,0.0,0.0,0.0,0.0,0.0,0.0,0.0,1.0,1.0,1.0,2.7578320876319853,0
1.5613694347173588,0.0,0.0,0.0,0.0,0.0,0.0,0.0,0.0,0.0,0.0,1.0,1.0,1.0,2.7578320876319853,0
1.5666089294647323,0.0,0.0,0.0,0.0,0.0,0.0,0.0,0.0,0.0,0.0,1.0,1.0,1.0,2.7578320876319853,0
1.5718484242121062,0.0,0.0,0.0,0.0,0.0,0.0,0.0,0.0,0.0,0.0,1.0,1.0,1.0,2.7578320876319853,0
1.5770879189594798,0.0,0.0,0.0,0.0,0.0,0.0,0.0,0.0,0.0,0.0,1.0,1.0,1.0,2.7578320876319853,0
1.5823274137068537,0.0,0.0,0.0,0.0,0.0,0.0,0.0,0.0,0.0,0.0,1.0,1.0,1.0,2.7578320876319853,0
1.5875669084542272,0.0,0.0,0.0,0.0,0.0,0.0,0.0,0.0,0.0,0.0,1.0,1.0,1.0,2.7578320876319853,0
1.592806403201601,0.0,0.0,0.0,0.0,0.0,0.0,0.0,0.0,0.0,0.0,1.0,1.0,1.0,2.7578320876319853,0
1.598045897948975,0.0,0.0,0.0,0.0,0.0,0.0,0.0,0.0,0.0,0.0,1.0,1.0,1.0,2.7578320876319853,0
1.6032853926963482,0.0,0.0,0.0,0.0,0.0,0.0,0.0,0.0,0.0,0.0,1.0,1.0,1.0,2.7578320876319853,0
1.608524887443722,0.0,0.0,0.0,0.0,0.0,0.0,0.0,0.0,0.0,0.0,1.0,1.0,1.0,2.7578320876319853,0
1.6137643821910956,0.0,0.0,0.0,0.0,0.0,0.0,0.0,0.0,0.0,0.0,1.0,1.0,1.0,2.7578320876319853,0
1.6190038769384694,0.0,0.0,0.0,0.0,0.0,0.0,0.0,0.0,0.0,0.0,1.0,1.0,1.0,2.7578320876319853,0
1.624243371685843,0.0,0.0,0.0,0.0,0.0,0.0,0.0,0.0,0.0,0.0,1.0,1.0,1.0,2.7578320876319853,0
1.6294828664332166,0.0,0.0,0.0,0.0,0.0,0.0,0.0,0.0,0.0,0.0,1.0,1.0,1.0,2.7578320876319853,0
1.6347223611805903,0.0,0.0,0.0,0.0,0.0,0.0,0.0,0.0,0.0,0.0,1.0,1.0,1.0,2.7578320876319853,0
1.639961855927964,0.0,0.0,0.0,0.0,0.0,0.0,0.0,0.0,0.0,0.0,1.0,1.0,1.0,2.7578320876319853,0
1.6452013506753378,0.0,0.0,0.0,0.0,0.0,0.0,0.0,0.0,0.0,0.0,1.0,1.0,1.0,2.7578320876319853,0
1.6504408454227115,0.0,0.0,0.0,0.0,0.0,0.0,0.0,0.0,0.0,0.0,1.0,1.0,1.0,2.7578320876319853,0
1.6556803401700853,0.0,0.0,0.0,0.0,0.0,0.0,0.0,0.0,0.0,0.0,1.0,1.0,1.0,2.7578320876319853,0
1.6609198349174588,0.0,0.0,0.0,0.0,0.0,0.0,0.0,0.0,0.0,0.0,1.0,1.0,1.0,2.7578320876319853,0
1.6661593296648325,0.0,0.0,0.0,0.0,0.0,0.0,0.0,0.0,0.0,0.0,1.0,1.0,1.0,2.7578320876319853,0
1.6713988244122062,0.0,0.0,0.0,0.0,0.0,0.0,0.0,0.0,0.0,0.0,1.0,1.0,1.0,2.7578320876319853,0
1.67663831915958,0.0,0.0,0.0,0.0,0.0,0.0,0.0,0.0,0.0,0.0,1.0,1.0,1.0,2.7578320876319853,0
1.6818778139069537,0.0,0.0,0.0,0.0,0.0,0.0,0.0,0.0,0.0,0.0,1.0,1.0,1.0,2.7578320876319853,0
1.6871173086543272,0.0,0.0,0.0,0.0,0.0,0.0,0.0,0.0,0.0,0.0,1.0,1.0,1.0,2.7578320876319853,0
1.692356803401701,0.0,0.0,0.0,0.0,0.0,0.0,0.0,0.0,0.0,0.0,1.0,1.0,1.0,2.7578320876319853,0
1.6975962981490746,0.0,0.0,0.0,0.0,0.0,0.0,0.0,0.0,0.0,0.0,1.0,1.0,1.0,2.7578320876319853,0
1.7028357928964484,0.0,0.0,0.0,0.0,0.0,0.0,0.0,0.0,0.0,0.0,1.0,1.0,1.0,2.7578320876319853,0
1.708075287643822,0.0,0.0,0.0,0.0,0.0,0.0,0.0,0.0,0.0,0.0,1.0,1.0,1.0,2.7578320876319853,0
1.7133147823911956,0.0,0.0,0.0,0.0,0.0,0.0,0.0,0.0,0.0,0.0,1.0,1.0,1.0,2.7578320876319853,0
1.7185542771385691,0.0,0.0,0.0,0.0,0.0,0.0,0.0,0.0,0.0,0.0,1.0,1.0,1.0,2.7578320876319853,0
1.723793771885943,0.0,0.0,0.0,0.0,0.0,0.0,0.0,0.0,0.0,0.0,1.0,1.0,1.0,2.7578320876319853,0
1.7290332666333168,0.0,0.0,0.0,0.0,0.0,0.0,0.0,0.0,0.0,0.0,1.0,1.0,1.0,2.7578320876319853,0
1.7342727613806903,0.0,0.0,0.0,0.0,0.0,0.0,0.0,0.0,0.0,0.0,1.0,1.0,1.0,2.7578320876319853,0
1.739512256128064,0.0,0.0,0.0,0.0,0.0,0.0,0.0,0.0,0.0,0.0,1.0,1.0,1.0,2.7578320876319853,0
1.7447517508754378,0.0,0.0,0.0,0.0,0.0,0.0,0.0,0.0,0.0,0.0,1.0,1.0,1.0,2.7578320876319853,0
1.7499912456228115,0.0,0.0,0.0,0.0,0.0,0.0,0.0,0.0,0.0,0.0,1.0,1.0,1.0,2.7578320876319853,0
1.7552307403701852,0.0,0.0,0.0,0.0,0.0,0.0,0.0,0.0,0.0,0.0,1.0,1.0,1.0,2.7578320876319853,0
1.760470235117559,0.0,0.0,0.0,0.0,0.0,0.0,0.0,0.0,0.0,0.0,1.0,1.0,1.0,2.7578320876319853,0
1.7657097298649325,0.0,0.0,0.0,0.0,0.0,0.0,0.0,0.0,0.0,0.0,1.0,1.0,1.0,2.7578320876319853,0
1.7709492246123062,0.0,0.0,0.0,0.0,0.0,0.0,0.0,0.0,0.0,0.0,1.0,1.0,1.0,2.7578320876319853,0
1.77618871935968,0.0,0.0,0.0,0.0,0.0,0.0,0.0,0.0,0.0,0.0,1.0,1.0,1.0,2.7578320876319853,0
1.7814282141070537,0.0,0.0,0.0,0.0,0.0,0.0,0.0,0.0,0.0,0.0,1.0,1.0,1.0,2.7578320876319853,0
1.7866677088544274,0.0,0.0,0.0,0.0,0.0,0.0,0.0,0.0,0.0,0.0,1.0,1.0,1.0,2.7578320876319853,0
1.7919072036018011,0.0,0.0,0.0,0.0,0.0,0.0,0.0,0.0,0.0,0.0,1.0,1.0,1.0,2.7578320876319853,0
1.7971466983491746,0.0,0.0,0.0,0.0,0.0,0.0,0.0,0.0,0.0,0.0,1.0,1.0,1.0,2.7578320876319853,0
1.8023861930965484,0.0,0.0,0.0,0.0,0.0,0.0,0.0,0.0,0.0,0.0,1.0,1.0,1.0,2.7578320876319853,0
1.807625687843922,0.0,0.0,0.0,0.0,0.0,0.0,0.0,0.0,0.0,0.0,1.0,1.0,1.0,2.7578320876319853,0
1.812865182591296,0.0,0.0,0.0,0.0,0.0,0.0,0.0,0.0,0.0,0.0,1.0,1.0,1.0,2.7578320876319853,0
1.818104677338669,0.0,0.0,0.0,0.0,0.0,0.0,0.0,0.0,0.0,0.0,1.0,1.0,1.0,2.7578320876319853,0
1.823344172086043,0.0,0.0,0.0,0.0,0.0,0.0,0.0,0.0,0.0,0.0,1.0,1.0,1.0,2.7578320876319853,0
1.8285836668334168,0.0,0.0,0.0,0.0,0.0,0.0,0.0,0.0,0.0,0.0,1.0,1.0,1.0,2.7578320876319853,0
1.8338231615807905,0.0,0.0,0.0,0.0,0.0,0.0,0.0,0.0,0.0,0.0,1.0,1.0,1.0,2.7578320876319853,0
1.839062656328164,0.0,0.0,0.0,0.0,0.0,0.0,0.0,0.0,0.0,0.0,1.0,1.0,1.0,2.7578320876319853,0
1.844302151075538,0.0,0.0,0.0,0.0,0.0,0.0,0.0,0.0,0.0,0.0,1.0,1.0,1.0,2.7578320876319853,0
1.8495416458229117,0.0,0.0,0.0,0.0,0.0,0.0,0.0,0.0,0.0,0.0,1.0,1.0,1.0,2.7578320876319853,0
1.8547811405702848,0.0,0.0,0.0,0.0,0.0,0.0,0.0,0.0,0.0,0.0,1.0,1.0,1.0,2.7578320876319853,0
1.860020635317659,0.0,0.0,0.0,0.0,0.0,0.0,0.0,0.0,0.0,0.0,1.0,1.0,1.0,2.7578320876319853,0
1.8652601300650329,0.0,0.0,0.0,0.0,0.0,1.8611449627277378e-06,0.0,0.0,0.0,0.0,1.0,1.0,1.0,2.7578320876319853,0
1.8704996248124064,0.0,0.0,0.0,0.0,0.0,8.318508789930438e-06,0.0,0.0,0.0,0.0,1.0,1.0,1.0,2.7578320876319853,0
1.87573911955978,0.0,0.0,0.0,0.0,0.0,1.4775872617132864e-05,0.0,0.0,0.0,0.0,1.0,1.0,1.0,2.7578320876319853,0
1.8809786143071536,0.0,0.0,0.0,0.0,0.0,2.12332364443307e-05,0.0,0.0,0.0,0.0,1.0,1.0,1.0,2.7578320876319853,0
1.8862181090545276,0.0,0.0,0.0,0.0,0.0,2.76906002715251e-05,0.0,0.0,0.0,0.0,1.0,1.0,1.0,2.7578320876319853,0
1.891457603801901,0.0,0.0,0.0,0.0,0.0,3.4147964098734735e-05,0.0,0.0,0.0,0.0,1.0,1.0,1.0,2.7578320876319853,0
1.8966970985492748,0.0,0.0,0.0,0.0,0.0,4.060532792592914e-05,0.0,0.0,0.0,0.0,1.0,1.0,1.0,2.7578320876319853,0
1.9019365932966483,0.0,0.0,0.0,0.0,0.0,4.706269175313877e-05,0.0,0.0,0.0,0.0,1.0,1.0,1.0,2.7578320876319853,0
1.907176088044022,0.0,0.0,0.0,0.0,0.0,5.3520055580348405e-05,0.0,0.0,0.0,0.0,1.0,1.0,1.0,2.7578320876319853,0
1.912415582791396,0.0,0.0,0.0,0.0,0.0,5.9977419407542806e-05,0.0,0.0,0.0,0.0,1.0,1.0,1.0,2.7578320876319853,0
1.9176550775387693,0.0,0.0,0.0,0.0,0.0,6.2971435217143e-05,0.0,0.0,0.0,0.0,1.0,1.0,1.0,2.7578320876319853,0
1.9228945722861432,0.0,0.0,0.0,0.0,0.0,5.6514071389948594e-05,0.0,0.0,0.0,0.0,1.0,1.0,1.0,2.7578320876319853,0
1.928134067033517,0.0,0.0,0.0,0.0,0.0,5.005670756273896e-05,0.0,0.0,0.0,0.0,1.0,1.0,1.0,2.7578320876319853,0
1.9333735617808905,0.0,0.0,0.0,0.0,0.0,4.359934373554456e-05,0.0,0.0,0.0,0.0,1.0,1.0,1.0,2.7578320876319853,0
1.938613056528264,0.0,0.0,0.0,0.0,0.0,3.714197990833493e-05,0.0,0.0,0.0,0.0,1.0,1.0,1.0,2.7578320876319853,0
1.943852551275638,0.0,0.0,0.0,0.0,0.0,3.068461608114053e-05,0.0,0.0,0.0,0.0,1.0,1.0,1.0,2.7578320876319853,0
1.949092046023012,0.0,0.0,0.0,0.0,0.0,2.4227252253930896e-05,0.0,0.0,0.0,0.0,1.0,1.0,1.0,2.7578320876319853,0
1.9543315407703852,0.0,0.0,0.0,0.0,0.0,1.7769888426736494e-05,0.0,0.0,0.0,0.0,1.0,1.0,1.0,2.7578320876319853,0
1.959571035517759,0.0,0.0,0.0,0.0,0.0,1.1312524599535434e-05,0.0,0.0,0.0,0.0,1.0,1.0,1.0,2.7578320876319853,0
1.9648105302651329,0.0,0.0,0.0,0.0,0.0,4.855160772332732e-06,0.0,0.0,0.0,0.0,1.0,1.0,1.0,2.7578320876319853,0
1.9700500250125064,0.0,0.0,0.0,0.0,0.0,0.0,0.0,0.0,0.0,0.0,1.0,1.0,1.0,2.7578320876319853,0
1.97528951975988,0.0,0.0,0.0,0.0,0.0,0.0,0.0,0.0,0.0,0.0,1.0,1.0,1.0,2.7578320876319853,0
1.9805290145072536,0.0,0.0,0.0,0.0,0.0,0.0,0.0,0.0,0.0,0.0,1.0,1.0,1.0,2.7578320876319853,0
1.9857685092546276,0.0,0.0,0.0,0.0,0.0,0.0,0.0,0.0,0.0,0.0,1.0,1.0,1.0,2.7578320876319853,0
1.991008004002001,0.0,0.0,0.0,0.0,0.0,0.0,0.0,0.0,0.0,0.0,1.0,1.0,1.0,2.7578320876319853,0
1.9962474987493748,0.0,0.0,0.0,0.0,0.0,0.0,0.0,0.0,0.0,0.0,1.0,1.0,1.0,2.7578320876319853,0
2.0014869934967483,0.0,0.0,0.0,0.0,0.0,0.0,0.0,0.0,0.0,0.0,1.0,1.0,1.0,2.7578320876319853,0
2.006726488244122,0.0,0.0,0.0,0.0,0.0,0.0,0.0,0.0,0.0,0.0,1.0,1.0,1.0,2.7578320876319853,0
2.011965982991496,0.0,0.0,0.0,0.0,0.0,0.0,0.0,0.0,0.0,0.0,1.0,1.0,1.0,2.7578320876319853,0
2.017205477738869,0.0,0.0,0.0,0.0,0.0,0.0,0.0,0.0,0.0,0.0,1.0,1.0,1.0,2.7578320876319853,0
2.022444972486243,0.0,0.0,0.0,0.0,0.0,7.069411114275353e-05,0.0,0.0,0.0,0.0,1.0,1.0,1.0,2.7578320876319853,0
2.027684467233617,0.0,0.0,0.0,0.0,0.0,0.00038066059846101214,0.0,0.0,0.0,0.0,1.0,1.0,1.0,2.7578320876319853,0
2.0329239619809907,0.0,0.0,0.0,0.0,0.0,0.0006906270857792708,0.0,0.0,0.0,0.0,1.0,1.0,1.0,2.7578320876319853,0
2.0381634567283644,0.0,0.0,0.0,0.0,0.0,0.0010005935730975294,0.0,0.0,0.0,0.0,1.0,1.0,1.0,2.7578320876319853,0
2.043402951475738,0.0,0.0,0.0,0.0,0.0,0.001310560060415788,0.0,0.0,0.0,0.0,1.0,1.0,1.0,2.7578320876319853,0
2.048642446223112,0.0,0.0,0.0,0.0,0.0,0.0016205265477340467,0.0,0.0,0.0,0.0,1.0,1.0,1.0,2.7578320876319853,0
2.053881940970485,0.0,0.0,0.0,0.0,0.0,0.0019304930350522748,0.0,0.0,0.0,0.0,1.0,1.0,1.0,2.7578320876319853,0
2.059121435717859,0.0,0.0,0.0,0.0,0.0,0.0022404595223705485,0.0,0.0,0.0,0.0,1.0,1.0,1.0,2.7578320876319853,0
2.0643609304652326,0.0,0.0,0.0,0.0,0.0,0.0025504260096888077,0.0,0.0,0.0,0.0,1.0,1.0,1.0,2.7578320876319853,0
2.0696004252126063,0.0,0.0,0.0,0.0,0.0,0.002860392497007066,0.0,0.0,0.0,0.0,1.0,1.0,1.0,2.7578320876319853,0
2.07483991995998,0.0,0.0,0.0,0.0,0.0,0.004272157860138926,0.0,0.0,1.081171822861651e-06,0.0,1.0,1.0,1.0,2.7578320876319853,0
2.080079414707354,0.0,0.0,0.0,0.0,0.0,0.009878723762512472,0.0,0.0,6.278612272521442e-06,0.0,1.0,1.0,1.0,2.7578320876319853,0
2.0853189094547275,0.0,0.0,0.0,0.0,0.0,0.01548528966488602,0.0,0.0,1.14760527221737e-05,0.0,1.0,1.0,1.0,2.7578320876319853,0
2.0905584042021013,0.0,0.0,0.0,0.0,0.0,0.021091855567259586,0.0,0.0,1.6673493171835412e-05,0.0,1.0,1.0,1.0,2.7578320876319853,0
2.095797898949475,0.0,0.0,0.0,0.0,0.0,0.02669842146963313,0.0,0.0,2.187093362149712e-05,0.0,1.0,1.0,1.0,2.7578320876319853,0
2.1010373936968487,0.0,0.0,0.0,0.0,0.0,0.032304987372006676,0.0,0.0,2.706837407115883e-05,0.0,1.0,1.0,1.0,2.7578320876319853,0
2.1062768884442225,0.0,0.0,0.0,0.0,0.0,0.03791155327438023,0.0,0.0,3.2265814520810795e-05,0.0,1.0,1.0,1.0,2.7578320876319853,0
2.111516383191596,0.0,0.0,0.0,0.0,0.0,0.043518119176753314,0.0,0.0,3.74632549704725e-05,0.0,1.0,1.0,1.0,2.7578320876319853,0
2.116755877938969,0.0,0.0,0.0,0.0,0.0,0.049124685079126866,0.0,0.0,4.266069542013421e-05,0.0,1.0,1.0,1.0,2.7578320876319853,0
2.121995372686343,0.0,0.0,0.0,0.0,0.0,0.05473125098150042,0.0,0.0,4.785813586979592e-05,0.0,1.0,1.0,1.0,2.7578320876319853,0
2.127234867433717,0.0,0.0,0.0,0.0,0.0,0.06270793638150662,0.0,0.0,5.203210060250549e-05,0.0,1.0,1.0,1.0,2.7578320876319853,0
2.1324743621810907,0.0,0.0,0.0,0.0,0.0,0.08092353801128764,0.0,0.0,5.178465023801927e-05,0.0,1.0,1.0,1.0,2.7578320876319853,0
2.1377138569284644,0.0,0.0,0.0,0.0,0.0,0.09913913964106866,0.0,0.0,5.153719987353303e-05,0.0,1.0,1.0,1.0,2.7578320876319853,0
2.142953351675838,0.0,0.0,0.0,0.0,0.0,0.11735474127084966,0.0,0.0,5.1289749509046796e-05,0.0,1.0,1.0,1.0,2.7578320876319853,0
2.148192846423212,0.0,0.0,0.0,0.0,0.0,0.1355703429006307,0.0,0.0,5.104229914455081e-05,0.0,1.0,1.0,1.0,2.7578320876319853,0
2.1534323411705856,0.0,0.0,0.0,0.0,0.0,0.15378594453041172,0.0,0.0,5.079484878006457e-05,0.0,1.0,1.0,1.0,2.7578320876319853,0
2.1586718359179597,0.0,0.0,0.0,0.0,0.0,0.17200154616019273,0.0,0.0,5.0547398415578336e-05,0.0,1.0,1.0,1.0,2.7578320876319853,0
2.1639113306653326,0.0,0.0,0.0,0.0,0.0,0.1902171477899722,0.0,0.0,5.0299948051082355e-05,0.0,1.0,1.0,1.0,2.7578320876319853,0
2.1691508254127063,0.0,0.0,0.0,0.0,0.0,0.2084327494197532,0.0,0.0,5.005249768659612e-05,0.0,1.0,1.0,1.0,2.7578320876319853,0
2.17439032016008,0.0,0.0,0.0,0.0,0.0,0.2266483510495342,0.0,0.0,4.980504732210989e-05,0.0,1.0,1.0,1.0,2.7578320876319853,0
2.1796298149074538,0.0,0.0,0.0,0.0,0.0,0.24742939072892722,0.0,0.0,4.876794743058549e-05,0.0,1.0,1.0,1.0,2.7578320876319853,0
2.1848693096548275,0.0,0.0,0.0,0.0,0.0,0.2809227502959482,0.0,0.0,4.381795734541977e-05,0.0,1.0,1.0,1.0,2.7578320876319853,0
2.190108804402201,0.0,0.0,0.0,0.0,0.0,0.31441610986296925,0.0,0.0,3.886796726024429e-05,0.0,1.0,1.0,1.0,2.7578320876319853,0
2.195348299149575,0.0,0.0,0.0,0.0,0.0,0.3479094694299903,0.0,0.0,3.391797717507856e-05,0.0,1.0,1.0,1.0,2.7578320876319853,0
2.2005877938969487,0.0,0.0,0.0,0.0,0.0,0.38140282899701133,0.0,0.0,2.8967987089903087e-05,0.0,1.0,1.0,1.0,2.7578320876319853,0
2.2058272886443224,0.0,0.0,0.0,0.0,0.0,0.4148961885640324,0.0,0.0,2.4017997004737358e-05,0.0,1.0,1.0,1.0,2.7578320876319853,0
2.211066783391696,0.0,0.0,0.0,0.0,0.0,0.4483895481310534,0.0,0.0,1.9068006919561882e-05,0.0,1.0,1.0,1.0,2.7578320876319853,0
2.21630627813907,0.0,0.0,0.0,0.0,0.0,0.48188290769807446,0.0,0.0,1.4118016834396156e-05,0.0,1.0,1.0,1.0,2.7578320876319853,0
2.221545772886443,0.0,0.0,0.0,0.0,0.0,0.5153762672650926,0.0,0.0,9.168026749226328e-06,0.0,1.0,1.0,1.0,2.7578320876319853,0
2.226785267633817,0.0,0.0,0.0,0.0,0.0,0.5488696268321136,0.0,0.0,4.218036664055488e-06,0.0,1.0,1.0,1.0,2.7578320876319853,0
2.23202476238119,0.0,0.0,0.0,0.0,0.0,0.5830037861665944,0.0,0.0,5.2301466676303314e-05,0.0,1.0,1.0,1.0,2.7578320876319853,0
2.2372642571285644,0.0,0.0,0.0,0.0,0.0,0.6208306899237249,0.0,0.0,0.000406001215894117,0.0,1.0,1.0,1.0,2.7578320876319853,0
2.242503751875938,0.0,0.0,0.0,0.0,0.0,0.6586575936808555,0.0,0.0,0.0007597009651119307,0.0,1.0,1.0,1.0,2.7578320876319853,0
2.247743246623312,0.0,0.0,0.0,0.0,0.0,0.6964844974379859,0.0,0.0,0.001113400714329754,0.0,1.0,1.0,1.0,2.7578320876319853,0
2.252982741370685,0.0,0.0,0.0,0.0,0.0,0.7343114011951165,0.0,0.0,0.0014671004635475678,0.0,1.0,1.0,1.0,2.7578320876319853,0
2.2582222361180597,0.0,0.0,0.0,0.0,0.0,0.772138304952247,0.0,0.0,0.0018208002127653813,0.0,1.0,1.0,1.0,2.7578320876319853,0
2.263461730865433,0.0,0.0,0.0,0.0,0.0,0.8099652087093775,0.0,0.0,0.0021744999619831952,0.0,1.0,1.0,1.0,2.7578320876319853,0
2.2687012256128067,0.0,0.0,0.0,0.0,0.0,0.847792112466508,0.0,0.0,0.0025281997112010087,0.0,1.0,1.0,1.0,2.7578320876319853,0
2.27394072036018,0.0,0.0,0.0,0.0,0.0,0.8856190162236354,0.0,0.0,0.002881899460418793,0.0,1.0,1.0,1.0,2.7578320876319853,0
2.2791802151075538,0.0,0.0,0.0,0.0,0.0,0.9234459199807659,0.0,0.0,0.0032355992096366163,0.0,1.0,1.0,1.0,2.7578320876319853,0
2.2844197098549275,0.0,0.0,0.0,0.0,0.0,0.9598979256091799,0.0,0.0,0.0037013303775255985,0.0,1.0,1.0,1.0,2.7578320876319853,0
2.289659204602301,0.0,0.0,0.0,0.0,0.0,0.9869682734181165,0.0,0.0,0.004931511225758931,0.0,1.0,1.0,1.0,2.7578320876319853,0
2.294898699349675,0.0,0.0,0.0,0.0,0.0,1.0140386212270533,0.0,0.0,0.006161692073992256,0.0,1.0,1.0,1.0,2.7578320876319853,0
2.3001381940970487,0.0,0.0,0.0,0.0,0.0,1.04110896903599,0.0,0.0,0.007391872922225588,0.0,1.0,1.0,1.0,2.7578320876319853,0
2.3053776888444224,0.0,0.0,0.0,0.0,0.0,1.068179316844927,0.0,0.0,0.008622053770458922,0.0,1.0,1.0,1.0,2.7578320876319853,0
2.310617183591796,0.0,0.0,0.0,0.0,0.0,1.0952496646538636,0.0,0.0,0.009852234618692245,0.0,1.0,1.0,1.0,2.7578320876319853,0
2.31585667833917,0.0,0.0,0.0,0.0,0.0,1.1223200124628003,0.0,0.0,0.011082415466925578,0.0,1.0,1.0,1.0,2.7578320876319853,0
2.321096173086544,0.0,0.0,0.0,0.0,0.0,1.149390360271737,0.0,0.0,0.01231259631515891,0.0,1.0,1.0,1.0,2.7578320876319853,0
2.3263356678339173,0.0,0.0,0.0,0.0,0.0,1.1764607080806737,0.0,0.0,0.013542777163392245,0.0,1.0,1.0,1.0,2.7578320876319853,0
2.3315751625812906,0.0,0.0,0.0,0.0,0.0,1.2035310558896084,0.0,0.0,0.014772958011625469,0.0,1.0,1.0,1.0,2.7578320876319853,0
2.3368146573286643,0.0,0.0,0.0,0.0,0.0,1.228263437413566,0.0,0.0,0.016176475460841964,0.0,1.0,1.0,1.0,2.7578320876319853,0
2.342054152076038,0.0,0.0,0.0,0.0,0.0,1.2336396329502477,0.0,0.0,0.019015058722849726,0.0,1.0,1.0,1.0,2.7578320876319853,0
2.347293646823412,0.0,0.0,0.0,0.0,0.0,1.2390158284869295,0.0,0.0,0.021853641984857494,0.0,1.0,1.0,1.0,2.7578320876319853,0
2.352533141570785,0.0,0.0,0.0,0.0,0.0,1.2443920240236113,0.0,0.0,0.024692225246865256,0.0,1.0,1.0,1.0,2.7578320876319853,0
2.3577726363181597,0.0,0.0,0.0,0.0,0.0,1.2497682195602928,0.0,0.0,0.027530808508873027,0.0,1.0,1.0,1.0,2.7578320876319853,0
2.363012131065533,0.0,0.0,0.0,0.0,0.0,1.2551444150969748,0.0,0.0,0.030369391770880796,0.0,1.0,1.0,1.0,2.7578320876319853,0
2.3682516258129067,0.0,0.0,0.0,0.0,0.0,1.2605206106336564,0.0,0.0,0.033207975032888554,0.0,1.0,1.0,1.0,2.7578320876319853,0
2.3734911205602804,0.0,0.0,0.0,0.0,0.0,1.2658968061703382,0.0,0.0,0.03604655829489633,0.0,1.0,1.0,1.0,2.7578320876319853,0
2.378730615307654,0.0,0.0,0.0,0.0,0.0,1.27127300170702,0.0,0.0,0.03888514155690408,0.0,1.0,1.0,1.0,2.7578320876319853,0
2.3839701100550275,0.0,0.0,0.0,0.0,0.0,1.2766491972437013,0.0,0.0,0.04172372481891161,0.0,1.0,1.0,1.0,2.7578320876319853,0
2.389209604802401,0.0,3.5486181861377825e-07,0.0,0.0,0.0,1.2803530730034427,0.0,0.0,0.04470769316841311,0.0,1.0,0.04698207276334243,1.0,2.7578320876319853,0
2.394449099549775,0.0,4.4002865508103706e-06,0.0,0.0,0.0,1.2666648230830038,0.0,0.0,0.04920366642784915,0.0,1.0,0.04698207276334243,1.0,2.7578320876319853,0
2.3996885942971486,0.0,8.445711283006963e-06,0.0,0.0,0.0,1.252976573162565,0.0,0.0,0.05369963968728521,0.0,1.0,0.04698207276334243,1.0,2.7578320876319853,0
2.4049280890445224,0.0,1.2491136015201124e-05,0.0,0.0,0.0,1.2392883232421261,0.0,0.0,0.05819561294672126,0.0,1.0,0.04698207276334243,1.0,2.7578320876319853,0
2.410167583791896,0.0,1.6536560747394657e-05,0.0,0.0,0.0,1.2256000733216874,0.0,0.0,0.06269158620615731,0.0,1.0,0.04698207276334243,1.0,2.7578320876319853,0
2.41540707853927,0.0,2.0581985479588187e-05,0.0,0.0,0.0,1.2119118234012487,0.0,0.0,0.06718755946559336,0.0,1.0,0.04698207276334243,1.0,2.7578320876319853,0
2.420646573286644,0.0,2.462741021179108e-05,0.0,0.0,0.0,1.1982235734808098,0.0,0.0,0.0716835327250294,0.0,1.0,0.04698207276334243,1.0,2.7578320876319853,0
2.4258860680340173,0.0,2.867283494398461e-05,0.0,0.0,0.0,1.184535323560371,0.0,0.0,0.07617950598446546,0.0,1.0,0.04698207276334243,1.0,2.7578320876319853,0
2.431125562781391,0.0,3.2718259676178144e-05,0.0,0.0,0.0,1.1708470736399323,0.0,0.0,0.08067547924390152,0.0,1.0,0.04698207276334243,1.0,2.7578320876319853,0
2.4363650575287643,0.0,3.6763684408381036e-05,0.0,0.0,0.0,1.1571588237194947,0.0,0.0,0.08517145250333719,0.0,1.0,0.04698207276334243,1.0,2.7578320876319853,0
2.441604552276138,0.0,4.07862993865309e-05,0.0,0.0,0.0,1.1428174765026624,0.0,0.0,0.08977887261837349,0.0,1.0,0.04698207276334243,1.0,2.7578320876319853,0
2.446844047023512,0.0,4.449464664233464e-05,0.0,0.0,0.0,1.1194778998688488,0.0,0.0,0.0959217827439028,0.0,1.0,0.04698207276334243,1.0,2.7578320876319853,0
2.452083541770885,0.0,4.820299389812902e-05,0.0,0.0,0.0,1.0961383232350352,0.0,0.0,0.10206469286943211,0.0,1.0,0.04698207276334243,1.0,2.7578320876319853,0
2.4573230365182592,0.0,5.19113411539234e-05,0.0,0.0,0.0,1.0727987466012217,0.0,0.0,0.1082076029949614,0.0,1.0,0.04698207276334243,1.0,2.7578320876319853,0
2.462562531265633,0.0,5.5619688409727136e-05,0.0,0.0,0.0,1.049459169967408,0.0,0.0,0.11435051312049073,0.0,1.0,0.04698207276334243,1.0,2.7578320876319853,0
2.4678020260130067,0.0,5.932803566552152e-05,0.0,0.0,0.0,1.0261195933335943,0.0,0.0,0.12049342324602003,0.0,1.0,0.04698207276334243,1.0,2.7578320876319853,0
2.4730415207603804,0.0,6.303638292131591e-05,0.0,0.0,0.0,1.0027800166997807,0.0,0.0,0.12663633337154934,0.0,1.0,0.04698207276334243,1.0,2.7578320876319853,0
2.478281015507754,0.0,6.674473017711964e-05,0.0,0.0,0.0,0.979440440065967,0.0,0.0,0.13277924349707868,0.0,1.0,0.04698207276334243,1.0,2.7578320876319853,0
2.483520510255128,0.0,7.045307743291403e-05,0.0,0.0,0.0,0.9561008634321534,0.0,0.0,0.13892215362260796,0.0,1.0,0.04698207276334243,1.0,2.7578320876319853,0
2.4887600050025016,0.0,7.416142468871777e-05,0.0,0.0,0.0,0.9327612867983398,0.0,0.0,0.14506506374813727,0.0,1.0,0.04698207276334243,1.0,2.7578320876319853,0
2.493999499749875,0.0,7.76540552183122e-05,0.0,0.0,0.0,0.9094370374849602,0.0,0.0,0.15123311930152245,0.0,1.0,0.04698207276334243,1.0,2.7578320876319853,0
2.4992389944972486,0.0,7.683235122398227e-05,0.0,0.0,0.0,0.886419334580219,0.0,0.0,0.15790408341203563,0.0,1.0,0.04698207276334243,1.0,2.7578320876319853,0
2.5044784892446224,0.0,7.601064722965233e-05,0.0,0.0,0.0,0.863401631675478,0.0,0.0,0.16457504752254876,0.0,1.0,0.04698207276334243,1.0,2.7578320876319853,0
2.509717983991996,0.0,7.518894323531306e-05,0.0,0.0,0.0,0.840383928770737,0.0,0.0,0.1712460116330619,0.0,1.0,0.04698207276334243,1.0,2.7578320876319853,0
2.51495747873937,0.0,7.436723924098313e-05,0.0,0.0,0.0,0.8173662258659959,0.0,0.0,0.1779169757435751,0.0,1.0,0.04698207276334243,1.0,2.7578320876319853,0
2.5201969734867435,0.0,7.354553524665321e-05,0.0,0.0,0.0,0.7943485229612549,0.0,0.0,0.18458793985408822,0.0,1.0,0.04698207276334243,1.0,2.7578320876319853,0
2.5254364682341173,0.0,7.272383125231393e-05,0.0,0.0,0.0,0.7713308200565138,0.0,0.0,0.19125890396460135,0.0,1.0,0.04698207276334243,1.0,2.7578320876319853,0
2.530675962981491,0.0,7.190212725798401e-05,0.0,0.0,0.0,0.7483131171517727,0.0,0.0,0.1979298680751145,0.0,1.0,0.04698207276334243,1.0,2.7578320876319853,0
2.5359154577288647,0.0,7.108042326365408e-05,0.0,0.0,0.0,0.7252954142470316,0.0,0.0,0.2046008321856277,0.0,1.0,0.04698207276334243,1.0,2.7578320876319853,0
2.5411549524762385,0.0,7.025871926931481e-05,0.0,0.0,0.0,0.7022777113422907,0.0,0.0,0.2112717962961409,0.0,1.0,0.04698207276334243,1.0,2.7578320876319853,0
2.546394447223612,0.0,7.62355331128978e-05,0.0,0.0,0.0,0.6793749370870045,0.0,0.0,0.21793095242921845,0.0,1.0,0.04698207276334243,1.0,2.7578320876319853,0
2.551633941970985,0.0,0.00032201461251248574,0.0,0.0,0.0,0.6605260097396988,0.0,0.0,0.2241736089945899,0.0,1.0,0.04698207276334243,1.0,2.7578320876319853,0
2.556873436718359,0.0,0.0005677936919120642,0.0,0.0,0.0,0.6416770823923932,0.0,0.0,0.23041626555996134,0.0,1.0,0.04698207276334243,1.0,2.7578320876319853,0
2.562112931465733,0.0,0.0008135727713116522,0.0,0.0,0.0,0.6228281550450875,0.0,0.0,0.23665892212533277,0.0,1.0,0.04698207276334243,1.0,2.7578320876319853,0
2.5673524262131067,0.0,0.0010593518507112307,0.0,0.0,0.0,0.6039792276977819,0.0,0.0,0.24290157869070425,0.0,1.0,0.04698207276334243,1.0,2.7578320876319853,0
2.5725919209604804,0.0,0.0013051309301108187,0.0,0.0,0.0,0.5851303003504762,0.0,0.0,0.24914423525607565,0.0,1.0,0.04698207276334243,1.0,2.7578320876319853,0
2.577831415707854,0.0,0.0015509100095103972,0.0,0.0,0.0,0.5662813730031707,0.0,0.0,0.2553868918214471,0.0,1.0,0.04698207276334243,1.0,2.7578320876319853,0
2.583070910455228,0.0,0.001796689088909985,0.0,0.0,0.0,0.547432445655865,0.0,0.0,0.2616295483868185,0.0,1.0,0.04698207276334243,1.0,2.7578320876319853,0
2.5883104052026016,0.0,0.0020424681683095637,0.0,0.0,0.0,0.5285835183085595,0.0,0.0,0.26787220495218994,0.0,1.0,0.04698207276334243,1.0,2.7578320876319853,0
2.5935498999499758,0.0,0.0022882472477091516,0.0,0.0,0.0,0.5097345909612538,0.0,0.0,0.27411486151756137,0.0,1.0,0.04698207276334243,1.0,2.7578320876319853,0
2.598789394697349,0.0,0.002537844240292794,0.0,0.0,0.0,0.49092070241278524,0.0,0.0,0.2803441165152883,0.0,1.0,0.04698207276334243,1.0,2.7578320876319853,0
2.6040288894447223,0.0,0.0032914057731670125,0.0,0.0,0.0,0.4767319353107463,0.0,0.0,0.28480436458395364,0.0,1.0,0.04698207276334243,1.0,2.7578320876319853,0
2.609268384192096,0.0,0.004044967306041288,0.0,0.0,0.0,0.4625431682087061,0.0,0.0,0.28926461265261944,0.0,1.0,0.04698207276334243,1.0,2.7578320876319853,0
2.61450787893947,0.0,0.004798528838915572,0.0,0.0,0.0,0.4483544011066659,0.0,0.0,0.2937248607212852,0.0,1.0,0.04698207276334243,1.0,2.7578320876319853,0
2.6197473736868435,0.0,0.005552090371789847,0.0,0.0,0.0,0.4341656340046259,0.0,0.0,0.2981851087899509,0.0,1.0,0.04698207276334243,1.0,2.7578320876319853,0
2.624986868434217,0.0,0.006305651904664132,0.0,0.0,0.0,0.41997686690258573,0.0,0.0,0.3026453568586167,0.0,1.0,0.04698207276334243,1.0,2.7578320876319853,0
2.630226363181591,0.0,0.0070592134375384065,0.0,0.0,0.0,0.4057880998005456,0.0,0.0,0.30710560492728256,0.0,1.0,0.04698207276334243,1.0,2.7578320876319853,0
2.6354658579289647,0.0,0.007812774970412682,0.0,0.0,0.0,0.3915993326985054,0.0,0.0,0.31156585299594824,0.0,1.0,0.04698207276334243,1.0,2.7578320876319853,0
2.6407053526763384,0.0,0.008566336503286965,0.0,0.0,0.0,0.37741056559646535,0.0,0.0,0.31602610106461404,0.0,1.0,0.04698207276334243,1.0,2.7578320876319853,0
2.645944847423712,0.0,0.00931989803616124,0.0,0.0,0.0,0.36322179849442515,0.0,0.0,0.3204863491332798,0.0,1.0,0.04698207276334243,1.0,2.7578320876319853,0
2.651184342171086,0.0,0.010073459569035517,0.0,0.0,0.0,0.349033031392385,0.0,0.0,0.3249465972019456,0.0,1.0,0.04698207276334243,1.0,2.7578320876319853,0
2.656423836918459,1.2911831083366052e-05,0.011533112598160793,0.0,0.0,0.0,0.3391590134567792,0.0,0.0,0.32736593902445277,0.0,1.0,0.04698207276334243,1.0,2.7578320876319853,0
2.661663331665833,2.5987517891140804e-05,0.013001726179269032,0.0,0.0,0.0,0.32933975122125403,0.0,0.0,0.3297593810215015,0.0,1.0,0.04698207276334243,1.0,2.7578320876319853,0
2.666902826413206,3.9063204698915555e-05,0.014470339760377277,0.0,0.0,0.0,0.3195204889857289,0.0,0.0,0.33215282301855015,0.0,1.0,0.04698207276334243,1.0,2.7578320876319853,0
2.6721423211605804,5.213889150666738e-05,0.015938953341485516,0.0,0.0,0.0,0.3097012267502036,0.0,0.0,0.3345462650155988,0.0,1.0,0.04698207276334243,1.0,2.7578320876319853,0
2.677381815907954,6.521457831445184e-05,0.017407566922593765,0.0,0.0,0.0,0.2998819645146785,0.0,0.0,0.33693970701264747,0.0,1.0,0.04698207276334243,1.0,2.7578320876319853,0
2.682621310655328,7.82902651222363e-05,0.018876180503702,0.0,0.0,0.0,0.2900627022791533,0.0,0.0,0.33933314900969613,0.0,1.0,0.04698207276334243,1.0,2.7578320876319853,0
2.6878608054027016,9.136595192997119e-05,0.02034479408481025,0.0,0.0,0.0,0.2802434400436281,0.0,0.0,0.3417265910067448,0.0,1.0,0.04698207276334243,1.0,2.7578320876319853,0
2.6931003001500757,0.00010444163873775564,0.021813407665918483,0.0,0.0,0.0,0.2704241778081029,0.0,0.0,0.3441200330037935,0.0,1.0,0.04698207276334243,1.0,2.7578320876319853,0
2.698339794897449,0.0001175173255455401,0.023282021247026732,0.0,0.0,0.0,0.2606049155725777,0.0,0.0,0.3465134750008421,0.0,1.0,0.04698207276334243,1.0,2.7578320876319853,0
2.7035792896448227,0.00013059301235332456,0.024750634828134978,0.0,0.0,0.0,0.25078565333705255,0.0,0.0,0.3489069169978908,0.0,1.0,0.04698207276334243,1.0,2.7578320876319853,0
2.7088187843921965,0.0001366279670094428,0.02709635059849274,0.0,0.0,0.0,0.24367936593485268,0.0,0.0,0.3492196298407059,0.0,1.0,0.04698207276334243,1.0,2.7578320876319853,0
2.7140582791395698,0.00014242579856200575,0.02947160607988713,0.0,0.0,0.0,0.23666444815139204,0.0,0.0,0.34946226631304184,0.0,1.0,0.04698207276334243,1.0,2.7578320876319853,0
2.7192977738869435,0.00014822363011461823,0.03184686156128171,0.0,0.0,0.0,0.22964953036793084,0.0,0.0,0.34970490278537775,0.0,1.0,0.04698207276334243,1.0,2.7578320876319853,0
2.724537268634317,0.0001540214616671812,0.03422211704267629,0.0,0.0,0.0,0.22263461258446965,0.0,0.0,0.34994753925771366,0.0,1.0,0.04698207276334243,1.0,2.7578320876319853,0
2.729776763381691,0.0001598192932197937,0.03659737252407088,0.0,0.0,0.0,0.2156196948010084,0.0,0.0,0.3501901757300496,0.0,1.0,0.04698207276334243,1.0,2.7578320876319853,0
2.7350162581290647,0.0001656171247723566,0.03897262800546546,0.0,0.0,0.0,0.20860477701754723,0.0,0.0,0.3504328122023856,0.0,1.0,0.04698207276334243,1.0,2.7578320876319853,0
2.7402557528764384,0.00017141495632491953,0.04134788348686004,0.0,0.0,0.0,0.20158985923408598,0.0,0.0,0.35067544867472145,0.0,1.0,0.04698207276334243,1.0,2.7578320876319853,0
2.745495247623812,0.00017721278787753204,0.043723138968254624,0.0,0.0,0.0,0.19457494145062476,0.0,0.0,0.3509180851470574,0.0,1.0,0.04698207276334243,1.0,2.7578320876319853,0
2.750734742371186,0.000183010619430095,0.046098394449649215,0.0,0.0,0.0,0.18756002366716354,0.0,0.0,0.3511607216193933,0.0,1.0,0.04698207276334243,1.0,2.7578320876319853,0
2.75597423711856,0.0001888084509827075,0.04847364993104379,0.0,0.0,0.0,0.18054510588370234,0.0,0.0,0.3514033580917293,0.0,1.0,0.04698207276334243,0.0005833558678619444,2.7578320876319853,0
2.7612137318659333,0.00017123342472300827,0.051701343669803224,0.0,0.0,0.0,0.17573284734556444,0.0,0.0,0.3502918631981799,6.558989685427335e-06,1.0,0.04698207276334243,0.0005833558678619444,2.7578320876319853,0
2.7664532266133066,0.00015235990636266092,0.05497639508952706,0.0,0.0,0.0,0.17104295876550027,0.0,0.0,0.3491051387843037,1.3482367686711636e-05,1.0,0.04698207276334243,0.0005833558678619444,2.7578320876319853,0
2.7716927213606803,0.0001334863880023135,0.058251446509251154,0.0,0.0,0.0,0.16635307018543577,0.0,0.0,0.3479184143704275,2.040574568799594e-05,1.0,0.04698207276334243,0.0005833558678619444,2.7578320876319853,0
2.776932216108054,0.00011461286964191654,0.06152649792897525,0.0,0.0,0.0,0.16166318160537127,0.0,0.0,0.34673168995655124,2.7329123689280242e-05,1.0,0.04698207276334243,0.0005833558678619444,2.7578320876319853,0
2.782171710855428,9.573935128156915e-05,0.06480154934869935,0.0,0.0,0.0,0.15697329302530671,0.0,0.0,0.34554496554267494,3.425250169056454e-05,1.0,0.04698207276334243,0.0005833558678619444,2.7578320876319853,0
2.787411205602801,7.686583292122176e-05,0.06807660076842345,0.0,0.0,0.0,0.15228340444524216,0.0,0.0,0.34435824112879865,4.117587969184884e-05,1.0,0.04698207276334243,0.0005833558678619444,2.7578320876319853,0
2.7926507003501757,5.799231456087437e-05,0.07135165218814755,0.0,0.0,0.0,0.14759351586517763,0.0,0.0,0.34317151671492235,4.809925769313315e-05,1.0,0.04698207276334243,0.0005833558678619444,2.7578320876319853,0
2.797890195097549,3.91187962005372e-05,0.07462670360787166,0.0,0.0,0.0,0.1429036272851131,0.0,0.0,0.34198479230104606,5.502263569441745e-05,1.0,0.04698207276334243,0.0005833558678619444,2.7578320876319853,0
2.8031296898449227,2.024527784018051e-05,0.07790175502759576,0.0,0.0,0.0,0.13821373870504855,0.0,0.0,0.3407980678871698,6.194601369570175e-05,1.0,0.04698207276334243,0.0005833558678619444,2.7578320876319853,0
2.8083691845922965,1.3717594798238194e-06,0.08117680644731987,0.0,0.0,0.0,0.13352385012498405,0.0,0.0,0.3396113434732935,6.886939169698798e-05,1.0,0.04698207276334243,0.0005833558678619444,2.7578320876319853,0
2.81360867933967,0.00013760391596246744,0.08507422904203499,0.0,0.0,0.0,0.13028916110554892,0.0,0.0,0.33744909106345744,7.728009039196702e-05,1.0,0.04698207276334243,0.0005833558678619444,2.7578320876319853,0
2.818848174087044,0.00028599300371659876,0.08902043208019526,0.0,0.0,0.0,0.1271685282678927,0.0,0.0,0.3352103783512354,8.580736287104896e-05,1.0,0.04698207276334243,0.0005833558678619444,2.7578320876319853,0
2.824087668834417,0.00043438209147068045,0.09296663511835523,0.0,0.0,0.0,0.12404789543023677,0.0,0.0,0.3329716656390136,9.433463535012902e-05,1.0,0.04698207276334243,0.0005833558678619444,2.7578320876319853,0
2.829327163581791,0.0005827711792248117,0.09691283815651554,0.0,0.0,0.0,0.12092726259258058,0.0,0.0,0.3307329529267915,0.00010286190782921099,1.0,0.04698207276334243,0.0005833558678619444,2.7578320876319853,0
2.8345666583291647,0.000731160266978943,0.10085904119467583,0.0,0.0,0.0,0.11780662975492437,0.0,0.0,0.32849424021456947,0.00011138918030829103,1.0,0.04698207276334243,0.0005833558678619444,2.7578320876319853,0
2.8398061530765384,0.0008795493547330744,0.10480524423283613,0.0,0.0,0.0,0.11468599691726816,0.0,0.0,0.3262555275023474,0.000119916452787373,1.0,0.04698207276334243,0.0005833558678619444,2.7578320876319853,0
2.845045647823912,0.0010279384424872057,0.10875144727099642,0.0,0.0,0.0,0.11156536407961194,0.0,0.0,0.32401681479012534,0.00012844372526645494,1.0,0.04698207276334243,0.0005833558678619444,2.7578320876319853,0
2.850285142571286,0.0011763275302413367,0.11269765030915671,0.0,0.0,0.0,0.10844473124195574,0.0,0.0,0.3217781020779033,0.00013697099774553502,1.0,0.04698207276334243,0.0005833558678619444,2.7578320876319853,0
2.85552463731866,0.001324716617995468,0.11664385334731701,0.0,0.0,0.0,0.10532409840429953,0.0,0.0,0.31953938936568127,0.00014549827022461697,1.0,0.04698207276334243,0.0005833558678619444,2.7578320876319853,0
2.8607641320660333,0.0014731057057495993,0.12059005638547729,0.0,0.0,0.0,0.10220346556664332,0.0,0.0,0.3173006766534592,0.000154025542703697,1.0,0.04698207276334243,0.0005833558678619444,2.7578320876319853,0
2.866003626813407,0.002115220868231972,0.12478284984806169,0.0,0.0,0.0,0.09988163366619938,2.4320628668089748e-05,5.1959281710756285e-06,0.3148436509400805,0.00016719579344209228,1.0,0.04698207276334243,0.0005833558678619444,2.7578320876319853,0
2.8712431215607808,0.0028077997455345765,0.12900084730430267,0.0,0.0,0.0,0.09764144716541522,5.112706744866149e-05,1.0922931873452825e-05,0.312364311466915,0.00018084060273185432,1.0,0.04698207276334243,0.0005833558678619444,2.7578320876319853,0
2.876482616308154,0.003500378622837181,0.1332188447605433,0.0,0.0,0.0,0.09540126066463124,7.793350622923323e-05,1.6649935575827025e-05,0.30988497199374976,0.00019448541202161438,1.0,0.04698207276334243,0.0005833558678619444,2.7578320876319853,0
2.881722111055528,0.004192957500139835,0.1374368422167843,0.0,0.0,0.0,0.09316107416384706,0.00010473994500980498,2.2376939278201225e-05,0.30740563252058434,0.0002081302213113745,1.0,0.04698207276334243,0.0005833558678619444,2.7578320876319853,0
2.886961605802901,0.004885536377442439,0.14165483967302525,0.0,0.0,0.0,0.09092088766306289,0.00013154638379037672,2.810394298057842e-05,0.30492629304741886,0.00022177503060113652,1.0,0.04698207276334243,0.0005833558678619444,2.7578320876319853,0
2.8922011005502752,0.005578115254745093,0.14587283712926624,0.0,0.0,0.0,0.08868070116227872,0.00015835282257094845,3.3830946682952624e-05,0.30244695357425344,0.0002354198398908966,1.0,0.04698207276334243,0.0005833558678619444,2.7578320876319853,0
2.897440595297649,0.006270694132047697,0.1500908345855072,0.0,0.0,0.0,0.08644051466149455,0.00018515926135152487,3.955795038532682e-05,0.29996761410108796,0.0002490646491806586,1.0,0.04698207276334243,0.0005833558678619444,2.7578320876319853,0
2.9026800900450227,0.006963273009350351,0.1543088320417482,0.0,0.0,0.0,0.0842003281607104,0.0002119657001320966,4.528495408770402e-05,0.2974882746279225,0.0002627094584704187,1.0,0.04698207276334243,0.0005833558678619444,2.7578320876319853,0
2.9079195847923964,0.0076558518866530045,0.15852682949798919,0.0,0.0,0.0,0.08196014165992621,0.0002387721389126684,5.1011957790078216e-05,0.2950089351547571,0.00027635426776018076,1.0,0.04698207276334243,0.0005833558678619444,2.7578320876319853,0
2.91315907953977,0.00834843076395561,0.16274482695423015,0.0,0.0,0.0,0.07971995515914204,0.0002655785776932401,5.673896149245242e-05,0.2925295956815916,0.00028999907704994085,1.0,0.04698207276334243,0.0005833558678619444,2.7578320876319853,0
2.918398574287144,0.009797309478682998,0.1666960910802407,5.810813388111123e-07,0.0,0.0,0.07808983756022651,0.00033877010023253447,8.476902748842991e-05,0.28967338975516965,0.00030330150683375104,1.0,0.04698207276334243,0.0005833558678619444,2.7578320876319853,0
2.9236380690345176,0.011342328003252451,0.17061344842698473,1.2360289495049316e-06,0.0,0.0,0.07653727109290437,0.000417858031724196,0.00011563422852172747,0.28676927707621513,0.00031656041379900663,1.0,0.04698207276334243,0.0005833558678619444,2.7578320876319853,0
2.928877563781892,0.012887346527821855,0.17453080577372873,1.8909765601984224e-06,0.0,0.0,0.07498470462558224,0.0004969459632158622,0.00014649942955502506,0.2838651643972606,0.00032981932076426223,1.0,0.04698207276334243,0.0005833558678619444,2.7578320876319853,0
2.9341170585292646,0.01443236505239116,0.17844816312047238,2.545924170892013e-06,0.0,0.0,0.07343213815826023,0.0005760338947075236,0.0001773646305883196,0.2809610517183063,0.00034307822772951593,1.0,0.04698207276334243,0.0005833558678619444,2.7578320876319853,0
2.9393565532766384,0.015977383576960612,0.18236552046721644,3.200871781585604e-06,0.0,0.0,0.0718795716909381,0.0006551218261991851,0.0002082298316216142,0.2780569390393518,0.0003563371346947716,1.0,0.04698207276334243,0.0005833558678619444,2.7578320876319853,0
2.944596048024012,0.01752240210153002,0.1862828778139604,3.855819392279195e-06,0.0,0.0,0.07032700522361597,0.0007342097576908512,0.00023909503265491177,0.27515282636039734,0.0003695960416600272,1.0,0.04698207276334243,0.0005833558678619444,2.7578320876319853,0
2.949835542771386,0.019067420626099472,0.19020023516070442,4.5107670029727864e-06,0.0,0.0,0.06877443875629383,0.0008132976891825173,0.0002699602336882093,0.2722487136814428,0.0003828549486252828,1.0,0.04698207276334243,0.0005833558678619444,2.7578320876319853,0
2.95507503751876,0.020612439150668873,0.19411759250744848,5.165714613666377e-06,0.0,0.0,0.0672218722889717,0.0008923856206741834,0.0003008254347215069,0.2693446010024883,0.00039611385559053843,1.0,0.04698207276334243,0.0005833558678619444,2.7578320876319853,0
2.9603145322661333,0.02215745767523833,0.19803494985419245,5.820662224359968e-06,0.0,0.0,0.06566930582164958,0.0009714735521658497,0.00033169063575480144,0.2664404883235338,0.00040937276255579403,1.0,0.04698207276334243,0.0005833558678619444,2.7578320876319853,0
2.965554027013507,0.023702476199807733,0.20195230720093651,6.475609835055325e-06,0.0,0.0,0.06411673935432743,0.0010505614836575157,0.00036255583678809907,0.26353637564457927,0.00042263166952104963,1.0,0.04698207276334243,0.0005833558678619444,2.7578320876319853,0
2.9707935217608807,0.026533161224727007,0.2052473547793778,5.994658331461519e-06,0.0,2.118650185122018e-06,0.06298862178998257,0.0011578049980206,0.00041659483014050804,0.26058876770833367,0.0004496018623946457,1.0,0.04698207276334243,0.0005833558678619444,2.7578320876319853,0
2.9760330165082545,0.029560783603746008,0.20844707745111385,5.3397107207679275e-06,0.0,4.56183349108782e-06,0.06192552096511107,0.00126936136178306,0.00047418356624699817,0.25763449720377474,0.00047867233894784015,1.0,0.04698207276334243,0.0005833558678619444,2.7578320876319853,0
2.981272511255628,0.03258840598276506,0.2116468001228499,4.684763110074337e-06,0.0,7.0050167970517805e-06,0.06086242014023959,0.0013809177255455199,0.0005317723023534912,0.2546802266992158,0.0005077428155010365,1.0,0.04698207276334243,0.0005833558678619444,2.7578320876319853,0
2.986512006003001,0.035616028361783805,0.2148465227945857,4.029815499380746e-06,0.0,9.448200103017582e-06,0.059799319315368187,0.0014924740893079754,0.0005893610384599754,0.25172595619465704,0.000536813292054231,1.0,0.04698207276334243,0.0005833558678619444,2.7578320876319853,0
2.991751500750375,0.0386436507408028,0.2180462454663218,3.374867888687155e-06,0.0,1.1891383408983385e-05,0.05873621849049669,0.0016040304530704351,0.0006469497745664656,0.24877168569009814,0.0005658837686074254,1.0,0.04698207276334243,0.0005833558678619444,2.7578320876319853,0
2.996990995497749,0.041671273119821856,0.22124596813805783,2.7199202779935643e-06,0.0,1.4334566714947345e-05,0.05767311766562522,0.0017155868168328998,0.0007045385106729587,0.2458174151855392,0.0005949542451606217,1.0,0.04698207276334243,0.0005833558678619444,2.7578320876319853,0
3.0022304902451227,0.04469889549884085,0.2244456908097939,2.064972667299973e-06,0.0,1.6777750020913146e-05,0.05661001684075372,0.0018271431805953595,0.0007621272467794487,0.24286314468098022,0.0006240247217138181,1.0,0.04698207276334243,0.0005833558678619444,2.7578320876319853,0
3.0074699849924964,0.0477265178778599,0.22764541348152995,1.410025056606452e-06,0.0,1.9220933326878947e-05,0.05554691601588222,0.0019386995443578196,0.0008197159828859389,0.2399088741764213,0.0006530951982670145,1.0,0.04698207276334243,0.0005833558678619444,2.7578320876319853,0
3.01270947973987,0.0507541402568789,0.230845136153266,7.550774459126269e-07,0.0,2.166411663284291e-05,0.05448381519101074,0.0020502559081202842,0.000877304718992429,0.23695460367186236,0.0006821656748202109,1.0,0.04698207276334243,0.0005833558678619444,2.7578320876319853,0
3.017948974487244,0.05378176263589795,0.23404485882500203,1.0012983521880269e-07,0.0,2.4107299938808712e-05,0.053420714366139245,0.002161812271882744,0.0009348934550989221,0.23400033316730337,0.0007112361513734053,1.0,0.04698207276334243,0.0005833558678619444,2.7578320876319853,0
3.0231884692346176,0.05856197868139508,0.23648026227531468,0.0,9.090111403544931e-07,2.837416108078365e-05,0.05270651377964607,0.0023385468508275256,0.001031272778387847,0.23137316491602997,0.0007421659196911747,1.0,0.04698207276334243,0.0005833558678619444,2.7578320876319853,0
3.0284279639819918,0.06365849121699609,0.23877772645785575,0.0,1.982074587104221e-06,3.297014751268889e-05,0.05205528039593709,0.002527044362098106,0.0011346527697777419,0.2288050299116512,0.0007734312406646811,1.0,0.04698207276334243,0.0005833558678619444,2.7578320876319853,0
3.033667458729365,0.06875500375259705,0.2410751906403967,0.0,3.055138033852975e-06,3.756613394459413e-05,0.05140404701222812,0.0027155418733686813,0.001238032761167634,0.22623689490727247,0.0008046965616381876,1.0,0.04698207276334243,0.0005833558678619444,2.7578320876319853,0
3.0389069534767383,0.07385151628819762,0.24337265482293752,0.0,4.128201480602302e-06,4.21621203765012e-05,0.0507528136285192,0.0029040393846392425,0.0013414127525575197,0.22366875990289392,0.000835961882611692,1.0,0.04698207276334243,0.0005833558678619444,2.7578320876319853,0
3.044146448224112,0.07894802882379857,0.24567011900547855,0.0,5.2012649273516305e-06,4.675810680840644e-05,0.050101580244810234,0.0030925368959098224,0.0014447927439474118,0.2211006248985152,0.0008672272035851967,1.0,0.04698207276334243,0.0005833558678619444,2.7578320876319853,0
3.049385942971486,0.0840445413593996,0.24796758318801962,0.0,6.274328374100958e-06,5.135409324031168e-05,0.049450346861101266,0.0032810344071803983,0.0015481727353373067,0.21853248989413643,0.000898492524558703,1.0,0.04698207276334243,0.0005833558678619444,2.7578320876319853,0
3.0546254377188595,0.08914105389500056,0.2502650473705606,0.0,7.347391820850285e-06,5.595007967221692e-05,0.0487991134773923,0.003469531918450978,0.0016515527267271985,0.21596435488975765,0.0009297578455322095,1.0,0.04698207276334243,0.0005833558678619444,2.7578320876319853,0
3.0598649324662333,0.09423756643060151,0.2525625115531016,0.0,8.42045526760249e-06,6.054606610412399e-05,0.04814788009368333,0.003658029429721553,0.0017549327181170936,0.21339621988537896,0.0009610231665057159,1.0,0.04698207276334243,0.0005833558678619444,2.7578320876319853,0
3.065104427213607,0.09933407896620253,0.2548599757356426,0.0,9.493518714351817e-06,6.514205253602923e-05,0.04749664670997435,0.003846526940992134,0.0018583127095069855,0.2108280848810002,0.0009922884874792224,1.0,0.04698207276334243,0.0005833558678619444,2.7578320876319853,0
3.0703439219609807,0.10443059150180349,0.25715743991818363,0.0,1.0566582161101144e-05,6.973803896793447e-05,0.04684541332626538,0.004035024452262709,0.00196169270089688,0.20825994987662147,0.0010235538084527268,1.0,0.04698207276334243,0.0005833558678619444,2.7578320876319853,0
3.0755834167083544,0.11162619042986334,0.2585618144990993,0.0,1.2492977119932209e-05,7.65207983989996e-05,0.046228685379441414,0.004289596874021993,0.00210530916343896,0.2059492229219547,0.0010665275300900516,1.0,0.04698207276334243,0.0005833558678619444,2.7578320876319853,0
3.080822911455728,0.11926068923998263,0.2597794521633116,0.0,1.4597795940384283e-05,8.376079218443369e-05,0.04561917220578429,0.004557984958883459,0.002257338706312857,0.2036923176504095,0.0011119493718661734,1.0,0.04698207276334243,0.0005833558678619444,2.7578320876319853,0
3.086062406203102,0.12689518805010194,0.26099708982752384,0.0,1.6702614760833487e-05,9.100078596986598e-05,0.04500965903212718,0.0048263730437449245,0.0024093682491867566,0.20143541237886425,0.0011573712136422934,1.0,0.04698207276334243,0.0005833558678619444,2.7578320876319853,0
3.091301900950476,0.13452968686022124,0.2622147274917361,0.0,1.8807433581282685e-05,9.824077975530008e-05,0.04440014585847008,0.005094761128606389,0.0025613977920606536,0.19917850710731905,0.0012027930554184155,1.0,0.04698207276334243,0.0005833558678619444,2.7578320876319853,0
3.096541395697849,0.1421641856703399,0.26343236515594826,0.0,2.0912252401734762e-05,0.00010548077354073419,0.04379063268481302,0.005363149213467832,0.002713427334934539,0.19692160183577406,0.0012482148971945332,1.0,0.04698207276334243,0.0005833558678619444,2.7578320876319853,0
3.101780890445222,0.1497986844804592,0.2646500028201605,0.0,2.301707122218396e-05,0.0001127207673261683,0.04318111951115592,0.005631537298329297,0.0028654568778084385,0.19466469656422883,0.0012936367389706533,1.0,0.04698207276334243,0.0005833558678619444,2.7578320876319853,0
3.1070203851925964,0.15743318329057843,0.2658676404843728,0.0,2.512189004263316e-05,0.00011996076111160241,0.04257160633749881,0.005899925383190762,0.003017486420682335,0.19240779129268365,0.001339058580746775,1.0,0.04698207276334243,0.0005833558678619444,2.7578320876319853,0
3.11225987993997,0.16506768210069772,0.267085278148585,0.0,2.7226708863085235e-05,0.00012720075489703467,0.04196209316384169,0.006168313468052228,0.0031695159635562356,0.19015088602113844,0.0013844804225228951,1.0,0.04698207276334243,0.0005833558678619444,2.7578320876319853,0
3.117499374687344,0.17270218091081704,0.2683029158127972,0.0,2.9331527683534435e-05,0.0001344407486824688,0.04135257999018459,0.006436701552913693,0.003321545506430132,0.18789398074959326,0.0014299022642990172,1.0,0.04698207276334243,0.0005833558678619444,2.7578320876319853,0
3.1227388694347176,0.18033667972093634,0.2695205534770095,0.0,3.1436346503983636e-05,0.0001416807424679029,0.04074306681652748,0.006705089637775159,0.0034735750493040322,0.18563707547804803,0.001475324106075139,1.0,0.04698207276334243,0.0005833558678619444,2.7578320876319853,0
3.1279783641820917,0.1898459648936871,0.2699792380403042,1.7279752284409744e-06,3.837483488460613e-05,0.00015147130471743257,0.04030252653237099,0.0070596516564688456,0.0036666810648733612,0.18365005396254486,0.0015388796340611616,1.0,0.04698207276334243,0.0005833558678619444,2.7578320876319853,0
3.133217858929465,0.19980356854445822,0.270256433818597,3.869161924551369e-06,4.64692007687459e-05,0.00016187178551272332,0.03990239280874723,0.007434820485426753,0.003869609715217678,0.1817275698669648,0.0016067714783147677,1.0,0.04698207276334243,0.0005833558678619444,2.7578320876319853,0
3.1384573536768388,0.20976117219522933,0.2705336295968898,6.01034862066347e-06,5.4563566652885665e-05,0.00017227226630801406,0.039502259085123476,0.007809989314384658,0.004072538365561996,0.17980508577138465,0.0016746633225683733,1.0,0.04698207276334243,0.0005833558678619444,2.7578320876319853,0
3.1436968484242125,0.21971877584600044,0.27081082537518264,8.151535316773804e-06,6.265793253702543e-05,0.0001826727471033048,0.039102125361499714,0.008185158143342565,0.004275467015906315,0.17788260167580458,0.0017425551668219788,1.0,0.04698207276334243,0.0005833558678619444,2.7578320876319853,0
3.1489363431715858,0.22967637949677067,0.2710880211534754,1.0292722012885905e-05,7.07522984211652e-05,0.0001930732278985937,0.03870199163787598,0.008560326972300443,0.004478395666250615,0.17596011758022465,0.0018104470110755805,1.0,0.04698207276334243,0.0005833558678619444,2.7578320876319853,0
3.1541758379189595,0.23963398314754183,0.2713652169317682,1.2433908708996242e-05,7.884666430530495e-05,0.00020347370869388444,0.03830185791425224,0.00893549580125835,0.004681324316594932,0.17403763348464454,0.0018783388553291862,1.0,0.04698207276334243,0.0005833558678619444,2.7578320876319853,0
3.159415332666333,0.24959158679831295,0.271642412710061,1.457509540510834e-05,8.694103018944471e-05,0.00021387418948917518,0.037901724190628476,0.009310664630216256,0.004884252966939252,0.17211514938906441,0.001946230699582792,1.0,0.04698207276334243,0.0005833558678619444,2.7578320876319853,0
3.164654827413707,0.259549190449084,0.27191960848835384,1.6716282101220443e-05,9.503539607358735e-05,0.00022427467028446593,0.037501590467004714,0.009685833459174162,0.005087181617283569,0.1701926652934843,0.0020141225438363975,1.0,0.04698207276334243,0.0005833558678619444,2.7578320876319853,0
3.1698943221610807,0.2695067940998551,0.2721968042666466,1.8857468797330778e-05,0.00010312976195772712,0.00023467515107975667,0.03710145674338096,0.010061002288132068,0.005290110267627889,0.1682701811979042,0.0020820143880900034,1.0,0.04698207276334243,0.0005833558678619444,2.7578320876319853,0
3.1751338169084544,0.27946439775062626,0.2724740000449394,2.0998655493442875e-05,0.00011122412784186688,0.0002450756318750474,0.03670132301975719,0.010436171117089974,0.0054930389179722065,0.16634769710232414,0.002149906232343609,9.606438293332635e-05,0.04698207276334243,0.0005833558678619444,2.7578320876319853,0
3.180373311655828,0.29124451687426434,0.2721689067950888,2.204632158063708e-05,0.00013379769283319707,0.00026038151072291547,0.03644203778052367,0.01085466162173862,0.005785104653986753,0.1646434464483759,0.0022151078235997657,9.606438293332635e-05,0.04698207276334243,0.0005833558678619444,2.7578320876319853,0
3.185612806403202,0.30351799209724534,0.2717061875344351,2.2797970942487322e-05,0.0001602907862452612,0.0002770152839480721,0.036220880315727,0.011284879331590171,0.006101299855867438,0.1629982717260796,0.0022795811616559756,9.606438293332635e-05,0.04698207276334243,0.0005833558678619444,2.7578320876319853,0
3.190852301150576,0.3157914673202262,0.27124346827378143,2.3549620304337566e-05,0.00018678387965732817,0.0002936490571732287,0.03599972285093031,0.01171509704144173,0.006417495057748122,0.16135309700378334,0.002344054499712184,9.606438293332635e-05,0.04698207276334243,0.0005833558678619444,2.7578320876319853,0
3.1960917958979493,0.3280649425432072,0.27078074901312776,2.430126966618781e-05,0.00021327697306939232,0.00031028283039838715,0.03577856538613362,0.01214531475129328,0.006733690259628807,0.15970792228148706,0.002408527837768394,9.606438293332635e-05,0.04698207276334243,0.0005833558678619444,2.7578320876319853,0
3.201331290645323,0.3403384177661882,0.27031802975247404,2.505291902803982e-05,0.00023977006648145932,0.00032691660362354374,0.03555740792133695,0.012575532461144831,0.007049885461509492,0.15806274755919075,0.002473001175824602,9.606438293332635e-05,0.04698207276334243,0.0005833558678619444,2.7578320876319853,0
3.2065707853926964,0.35261189298916806,0.2698553104918204,2.5804568389890058e-05,0.0002662631598935206,0.00034355037684870033,0.03533625045654029,0.013005750170996346,0.00736608066339015,0.15641757283689461,0.0025374745138808065,9.606438293332635e-05,0.04698207276334243,0.0005833558678619444,2.7578320876319853,0
3.21181028014007,0.36488536821214906,0.2693925912311667,2.6556217751740302e-05,0.0002927562533055876,0.000360184150073857,0.03511509299174361,0.0134359678808479,0.007682275865270835,0.15477239811459834,0.002601947851937017,9.606438293332635e-05,0.04698207276334243,0.0005833558678619444,2.7578320876319853,0
3.217049774887444,0.37715884343513,0.268929871970513,2.7307867113590547e-05,0.0003192493467176517,0.0003768179232990136,0.034893935526946925,0.01386618559069945,0.007998471067151519,0.15312722339230203,0.002666421189993225,9.606438293332635e-05,0.04698207276334243,0.0005833558678619444,2.7578320876319853,0
3.222289269634817,0.389432318658111,0.26846715270985927,2.8059516475440788e-05,0.0003457424401297187,0.000393451696524172,0.03467277806215025,0.014296403300551002,0.008314666269032203,0.15148204867000575,0.002730894528049435,9.606438293332635e-05,0.04698207276334243,0.0005833558678619444,2.7578320876319853,0
3.2275287643821917,0.4017057938810919,0.2680044334492056,2.881116583729103e-05,0.00037223553354178286,0.00041008546974932866,0.034451620597353565,0.014726621010402558,0.008630861470912887,0.14983687394770945,0.0027953678661056434,9.606438293332635e-05,0.04698207276334243,0.0005833558678619444,2.7578320876319853,0
3.232768259129565,0.415210486737287,0.26713234751733045,3.273547945647384e-05,0.0004065922451366589,0.00043294595001232327,0.03430214369673931,0.015235412456225195,0.00901304549414797,0.14825525438194925,0.0028789931360549918,9.606438293332635e-05,0.04698207276334243,0.0005833558678619444,2.7578320876319853,0
3.2380077538769387,0.4290893731878901,0.2661358462245939,3.762403417347353e-05,0.0004433388799047375,0.0004576988608456424,0.034174452065631473,0.015768084155137068,0.009415284943480949,0.14669295059905785,0.0029684390911875478,9.606438293332635e-05,0.04698207276334243,0.0005833558678619444,2.7578320876319853,0
3.2432472486243125,0.4429682596384933,0.26513934493185737,4.2512588890473226e-05,0.00048008551467281895,0.0004824517716789599,0.034046760434523635,0.016300755854048946,0.009817524392813928,0.14513064681616641,0.0030578850463201016,9.606438293332635e-05,0.04698207276334243,0.0005833558678619444,2.7578320876319853,0
3.248486743371686,0.45684714608909643,0.26414284363912083,4.740114360747115e-05,0.0005168321494409005,0.0005072046825122773,0.033919068803415796,0.016833427552960828,0.010219763842146906,0.14356834303327504,0.003147331001452657,9.606438293332635e-05,0.04698207276334243,0.0005833558678619444,2.7578320876319853,0
3.25372623811906,0.4707260325396995,0.2631463423463843,5.228969832447085e-05,0.000553578784208979,0.0005319575933455965,0.033791377172307964,0.017366099251872706,0.010622003291479887,0.14200603925038366,0.0032367769565852128,9.606438293332635e-05,0.04698207276334243,0.0005833558678619444,2.7578320876319853,0
3.258965732866433,0.4846049189903014,0.2621498410536478,5.7178253041470536e-05,0.0005903254189770576,0.0005567105041789121,0.033663685541200125,0.017898770950784536,0.011024242740812833,0.14044373546749234,0.0033262229117177592,9.606438293332635e-05,0.04698207276334243,0.0005833558678619444,2.7578320876319853,0
3.264205227613807,0.4984838054409045,0.2611533397609113,6.206680775846847e-05,0.0006270720537451391,0.0005814634150122295,0.033535993910092286,0.018431442649696414,0.01142648219014581,0.13888143168460096,0.003415668866850315,9.606438293332635e-05,0.04698207276334243,0.0005833558678619444,2.7578320876319853,0
3.2694447223611807,0.5123626918915077,0.2601568384681747,6.695536247546815e-05,0.0006638186885132176,0.0006062163258455469,0.03340830227898445,0.018964114348608296,0.011828721639478791,0.13731912790170955,0.0035051148219828686,9.606438293332635e-05,0.04698207276334243,0.0005833558678619444,2.7578320876319853,0
3.2746842171085544,0.5262415783421109,0.25916033717543824,7.184391719246786e-05,0.0007005653232812992,0.0006309692366788662,0.03328061064787661,0.019496786047520174,0.012230961088811767,0.13575682411881812,0.0035945607771154246,9.606438293332635e-05,0.04698207276334243,0.0005833558678619444,2.7578320876319853,0
3.279923711855928,0.540120464792714,0.25816383588270164,7.673247190946754e-05,0.0007373119580493805,0.0006557221475121836,0.03315291901676878,0.020029457746432052,0.012633200538144748,0.13419452033592671,0.00368400673224798,9.606438293332635e-05,0.04698207276334243,0.0005833558678619444,2.7578320876319853,0
3.285163206603302,0.5545348025754747,0.2569720755658618,8.615649059122904e-05,0.0008081790981929421,0.0006868529967053673,0.033063127571903266,0.02063499115992706,0.013117616844802681,0.13271150495748568,0.0037927491430903427,9.606438293332635e-05,0.04698207276334243,0.0005833558678619444,2.7578320876319853,0
3.290402701350676,0.5691306188298729,0.25571413685494676,9.711769672413602e-05,0.0008906105706953061,0.0007201454961480338,0.0329861814921736,0.021265219315612992,0.013629885039345912,0.13125536249464698,0.003908031627847774,9.606438293332635e-05,0.04698207276334243,0.0005833558678619444,2.7578320876319853,0
3.2956421960980493,0.5837264350842709,0.2544561981440317,0.00010807890285704479,0.0009730420431976703,0.0007534379955907005,0.03290923541244391,0.021895447471298925,0.01414215323388914,0.12979922003180822,0.004023314112605203,9.606438293332635e-05,0.04698207276334243,0.0005833558678619444,2.7578320876319853,0
3.300881690845423,0.598322251338669,0.2531982594331166,0.00011904010898995177,0.0010554735157000345,0.0007867304950333672,0.032832289332714225,0.02252567562698486,0.01465442142843237,0.12834307756896948,0.004138596597362635,9.606438293332635e-05,0.04698207276334243,0.0005833558678619444,2.7578320876319853,0
3.3061211855927968,0.6129180675930671,0.25194032072220157,0.00013000131512285877,0.0011379049882023987,0.0008200229944760339,0.03275534325298454,0.02315590378267079,0.0151666896229756,0.12688693510613078,0.004253879082120066,9.606438293332635e-05,0.04698207276334243,0.0005833558678619444,2.7578320876319853,0
3.3113606803401705,0.6275138838474651,0.2506823820112864,0.00014096252125576577,0.0012203364607047628,0.0008533154939187024,0.032678397173254874,0.023786131938356724,0.01567895781751883,0.12543079264329202,0.004369161566877497,9.606438293332635e-05,0.04698207276334243,0.0005833558678619444,2.7578320876319853,0
3.316600175087544,0.6421097001018621,0.24942444330037142,0.00015192372738867277,0.0013027679332071212,0.0008866079933613653,0.032601451093525184,0.024416360094042605,0.016191226012062014,0.12397465018045341,0.004484444051634918,9.606438293332635e-05,0.04698207276334243,0.0005833558678619444,2.7578320876319853,0
3.321839669834917,0.6567055163562602,0.24816650458945635,0.00016288493352157975,0.0013851994057094855,0.000919900492804032,0.03252450501379551,0.025046588249728538,0.016703494206605246,0.12251850771761466,0.00459972653639235,9.606438293332635e-05,0.04698207276334243,0.0005833558678619444,2.7578320876319853,0
3.3270791645822912,0.6713013326106583,0.24690856587854124,0.00017384613965448678,0.0014676308782118495,0.0009531929922467004,0.032447558934065826,0.025676816405414474,0.017215762401148475,0.12106236525477591,0.004715009021149782,9.606438293332635e-05,0.04698207276334243,0.0005833558678619444,2.7578320876319853,0
3.332318659329665,0.6858971488650564,0.24565062716762617,0.00018480734578739375,0.0015500623507142138,0.0009864854916893672,0.032370612854336143,0.026307044561100404,0.017728030595691707,0.1196062227919372,0.004830291505907212,9.606438293332635e-05,0.04698207276334243,0.0005833558678619444,2.7578320876319853,0
3.3375581540770387,0.7002407075440223,0.24413664730812615,0.0001982802547272755,0.0016569972975075424,0.0010254815588309825,0.03232344713840464,0.026963031847101554,0.01829689615054742,0.11840948418161107,0.004948072531767446,9.606438293332635e-05,0.04698207276334243,0.0005833558678619444,2.7578320876319853,0
3.3427976488244124,0.7144894521687744,0.24252643129277862,0.00021269721748081244,0.001773142170844717,0.0010666213807284113,0.03228747473162487,0.027628701013117735,0.01888703450634817,0.11731024563998796,0.005066792664455974,9.606438293332635e-05,0.04698207276334243,0.0005833558678619444,2.7578320876319853,0
3.348037143571786,0.7287381967935264,0.24091621527743115,0.00022711418023434936,0.0018892870441818913,0.0011077612026258402,0.03225150232484512,0.02829437017913392,0.01947717286214892,0.11621100709836485,0.005185512797144503,9.606438293332635e-05,0.04698207276334243,0.0005833558678619444,2.7578320876319853,0
3.35327663831916,0.7429869414182784,0.23930599926208365,0.00024153114298788804,0.002005431917519066,0.001148901024523269,0.03221552991806535,0.028960039345150096,0.020067311217949673,0.11511176855674175,0.005304232929833032,9.606438293332635e-05,0.04698207276334243,0.0005833558678619444,2.7578320876319853,0
3.3585161330665336,0.7572356860430303,0.23769578324673618,0.000255948105741425,0.0021215767908562377,0.0011900408464206977,0.03217955751128559,0.02962570851116628,0.020657449573750427,0.11401253001511866,0.005422953062521559,9.606438293332635e-05,0.04698207276334243,0.0005833558678619444,2.7578320876319853,0
3.363755627813908,0.7714844306677823,0.23608556723138868,0.00027036506849496193,0.0022377216641934123,0.0012311806683181267,0.032143585104505816,0.03029137767718246,0.021247587929551177,0.11291329147349553,0.005541673195210088,9.606438293332635e-05,0.04698207276334243,0.0005833558678619444,2.7578320876319853,0
3.3689951225612806,0.7857331752925331,0.23447535121604132,0.0002847820312484971,0.0023538665375305782,0.0012723204902155517,0.032107612697726065,0.030957046843198582,0.02183772628535188,0.11181405293187252,0.005660393327898607,9.606438293332635e-05,0.04698207276334243,0.0005833558678619444,2.7578320876319853,0
3.3742346173086544,0.799981919917285,0.23286513520069385,0.00029919899400203577,0.002470011410867753,0.0013134603121129804,0.0320716402909463,0.03162271600921476,0.022427864641152633,0.11071481439024942,0.005779113460587137,9.606438293332635e-05,0.04698207276334243,0.0005833558678619444,2.7578320876319853,0
3.379474112056028,0.814230664542037,0.23125491918534635,0.0003136159567555727,0.002586156284204925,0.0013546001340104094,0.032035667884166535,0.032288385175230944,0.023018002996953384,0.10961557584862631,0.005897833593275663,9.606438293332635e-05,0.04698207276334243,0.0005833558678619444,2.7578320876319853,0
3.384713606803402,0.828479409166789,0.22964470316999888,0.0003280329195091096,0.002702301157542099,0.0013957399559078381,0.03199969547738677,0.032954054341247124,0.023608141352754134,0.1085163373070032,0.006016553725964192,9.606438293332635e-05,0.04698207276334243,0.0005833558678619444,2.7578320876319853,0
3.389953101550776,0.8416620244786717,0.22798668085792753,0.0003483204575129162,0.002844679852815717,0.0014412925115151985,0.032012387282980816,0.033650731521772136,0.024239899271436067,0.1075591545413902,0.006147217463455878,9.606438293332635e-05,0.04698207276334243,0.0005833558678619444,2.7578320876319853,0
3.3951925962981493,0.8544023095437256,0.226308824018492,0.0003710436597163029,0.002997942793360839,0.0014886758821724237,0.03204526955966614,0.03436027372959335,0.02488892488110061,0.10666090981050474,0.006282836526344618,9.606438293332635e-05,0.04698207276334243,0.0005833558678619444,2.7578320876319853,0
3.400432091045523,0.8671425946087796,0.22463096717905648,0.00039376686191968784,0.003151205733905957,0.0015360592528296491,0.032078151836351466,0.03506981593741457,0.025537950490765154,0.10576266507961933,0.006418455589233357,9.606438293332635e-05,0.04698207276334243,0.0005833558678619444,2.7578320876319853,0
3.4056715857928967,0.8798828796738335,0.22295311033962104,0.00041649006412307457,0.003304468674451079,0.0015834426234868743,0.03211103411303679,0.035779358145235786,0.0261869761004297,0.10486442034873392,0.0065540746521220985,9.606438293332635e-05,0.04698207276334243,0.0005833558678619444,2.7578320876319853,0
3.4109110805402705,0.8926231647388876,0.2212752535001855,0.0004392132663264595,0.003457731614996197,0.001630825994144098,0.03214391638972212,0.036488900353057,0.026836001710094246,0.10396617561784847,0.006689693715010838,9.606438293332635e-05,0.04698207276334243,0.0005833558678619444,2.7578320876319853,0
3.416150575287644,0.9053634498039417,0.21959739666074998,0.00046193646852984624,0.0036109945555413184,0.001678209364801323,0.03217679866640743,0.03719844256087822,0.02748502731975879,0.10306793088696305,0.006825312777899578,9.606438293332635e-05,0.04698207276334243,0.0005833558678619444,2.7578320876319853,0
3.421390070035018,0.9181037348689953,0.21791953982131448,0.0004846596707332312,0.00376425749608644,0.0017255927354585482,0.032209680943092754,0.037907984768699436,0.028134052929423333,0.1021696861560776,0.006960931840788317,9.606438293332635e-05,0.04698207276334243,0.0005833558678619444,2.7578320876319853,0
3.4266295647823912,0.9308440199340483,0.21624168298187912,0.0005073828729366143,0.003917520436631547,0.001772976106115768,0.03224256321977808,0.038617526976520586,0.02878307853908783,0.10127144142519226,0.007096550903677045,9.606438293332635e-05,0.04698207276334243,0.0005833558678619444,2.7578320876319853,0
3.431869059529765,0.9435843049991022,0.2145638261424436,0.000530106075140001,0.0040707833771766655,0.0018203594767729936,0.032275445496463405,0.03932706918434181,0.029432104148752372,0.10037319669430685,0.007232169966565784,9.606438293332635e-05,0.04698207276334243,0.0005833558678619444,2.7578320876319853,0
3.4371085542771387,0.9563245900641564,0.21288596930300815,0.0005528292773433877,0.004224046317721787,0.0018677428474302186,0.03230832777314873,0.04003661139216303,0.030081129758416914,0.09947495196342142,0.007367789029454525,9.606438293332635e-05,0.04698207276334243,0.0005833558678619444,2.7578320876319853,0
3.4423480490245124,0.967493871707457,0.21119984369837588,0.0005799343645309171,0.004420658458825304,0.0019296243139311745,0.03234511993860705,0.040762903421507186,0.030767473676806552,0.09860283500608749,0.007515362257070386,9.606438293332635e-05,0.04698207276334243,0.0005833558678619444,2.7578320876319853,0
3.447587543771886,0.9779464547094469,0.20950994584684732,0.0006090384868389511,0.004637046695074079,0.0019981198752513515,0.03238369581244725,0.041496836792787,0.031470842371074434,0.09774263765347595,0.007668389026988766,9.606438293332635e-05,0.04698207276334243,0.0005833558678619444,2.7578320876319853,0
3.45282703851926,0.9883990377114369,0.2078200479953188,0.0006381426091469852,0.004853434931322851,0.0020666154365715267,0.032422271686287446,0.04223077016406681,0.032174211065342316,0.09688244030086444,0.007821415796907144,9.606438293332635e-05,0.04698207276334243,0.0005833558678619444,2.7578320876319853,0
3.4580665332666336,0.9988516207134266,0.2061301501437902,0.0006672467314550193,0.005069823167571626,0.0021351109978917037,0.03246084756012763,0.04296470353534662,0.0328775797596102,0.09602224294825291,0.007974442566825524,9.606438293332635e-05,0.04698207276334243,0.0005833558678619444,2.7578320876319853,0
3.4633060280140078,1.0093042037154165,0.20444025229226168,0.0006963508537630534,0.005286211403820398,0.0022036065592118807,0.032499423433967826,0.04369863690662643,0.03358094845387809,0.09516204559564141,0.008127469336743904,9.606438293332635e-05,0.04698207276334243,0.0005833558678619444,2.7578320876319853,0
3.468545522761381,1.0197567867174064,0.20275035444073308,0.0007254549760710875,0.0055025996400691725,0.0022721021205320564,0.03253799930780801,0.044432570277906244,0.03428431714814595,0.09430184824302988,0.008280496106662283,9.606438293332635e-05,0.04698207276334243,0.0005833558678619444,2.7578320876319853,0
3.473785017508755,1.0302093697193964,0.20106045658920452,0.0007545590983791216,0.005718987876317948,0.002340597681852233,0.03257657518164821,0.045166503649186056,0.03498768584241384,0.09344165089041835,0.008433522876580663,9.606438293332635e-05,0.04698207276334243,0.0005833558678619444,2.7578320876319853,0
3.479024512256128,1.0406619527213852,0.1993705587376761,0.000783663220687154,0.0059353761125667025,0.0024090932431724047,0.03261515105548839,0.045900437020465805,0.03569105453668166,0.09258145353780692,0.008586549646499029,9.606438293332635e-05,0.04698207276334243,0.0005833558678619444,2.7578320876319853,0
3.484264007003502,1.051114535723375,0.1976806608861476,0.0008127673429951881,0.006151764348815477,0.0024775888044925795,0.03265372692932859,0.04663437039174562,0.03639442323094954,0.09172125618519539,0.008739576416417408,9.606438293332635e-05,0.04698207276334243,0.0005833558678619444,2.7578320876319853,0
3.4895035017508755,1.0615671187253648,0.19599076303461893,0.0008418714653032222,0.006368152585064249,0.002546084365812757,0.03269230280316878,0.047368303763025435,0.03709779192521742,0.09086105883258387,0.008892603186335788,9.606438293332635e-05,0.04698207276334243,0.0005833558678619444,2.7578320876319853,0
3.4947429964982493,1.070235865039474,0.19433963195687382,0.0008726042222317089,0.00662443585776235,0.0026202430587144603,0.03278038366167077,0.048041384714355706,0.037812247701177325,0.09006533508522019,0.009065874930882888,9.606438293332635e-05,0.04698207276334243,0.0005833558678619444,2.7578320876319853,0
3.499982491245623,1.0780126930096425,0.19270788426602034,0.0009041512964704237,0.006900666648685112,0.002697233317406927,0.03289321701250367,0.04868403945571124,0.03853224701798323,0.08930184814048042,0.009249269162744343,9.606438293332635e-05,0.04698207276334243,0.0005833558678619444,2.7578320876319853,0
3.5052219859929967,1.0857895209798114,0.1910761365751669,0.0009356983707091385,0.007176897439607874,0.0027742235760993953,0.03300605036333655,0.04932669419706676,0.03925224633478914,0.08853836119574068,0.009432663394605799,9.606438293332635e-05,0.04698207276334243,0.0005833558678619444,2.7578320876319853,0
3.5104614807403705,1.09356634894998,0.18944438888431336,0.0009672454449478516,0.007453128230530636,0.0028512138347918637,0.033118883714169454,0.04996934893842229,0.03997224565159506,0.08777487425100093,0.009616057626467254,9.606438293332635e-05,0.04698207276334243,0.0005833558678619444,2.7578320876319853,0
3.515700975487744,1.1013431769201487,0.1878126411934599,0.0009987925191865664,0.007729359021453398,0.0029282040934843303,0.03323171706500235,0.05061200367977781,0.04069224496840098,0.08701138730626116,0.009799451858328713,9.606438293332635e-05,0.04698207276334243,0.0005833558678619444,2.7578320876319853,0
3.520940470235118,1.1091200048903176,0.18618089350260641,0.0010303395934252813,0.008005589812376158,0.003005194352176797,0.03334455041583524,0.05125465842113334,0.04141224428520689,0.08624790036152141,0.009982846090190168,9.606438293332635e-05,0.04698207276334243,0.0005833558678619444,2.7578320876319853,0
3.526179964982492,1.1168968328604862,0.18454914581175294,0.0010618866676639944,0.00828182060329892,0.0030821846108692653,0.033457383766668125,0.051897313162488856,0.042132243602012794,0.08548441341678167,0.010166240322051623,9.606438293332635e-05,0.04698207276334243,0.0005833558678619444,2.7578320876319853,0
3.531419459729865,1.1246736608306542,0.1829173981208996,0.0010934337419027074,0.008558051394221658,0.0031591748695617263,0.033570217117501015,0.05253996790384433,0.04285224291881866,0.08472092647204198,0.010349634553913065,9.606438293332635e-05,0.04698207276334243,0.0005833558678619444,2.7578320876319853,0
3.5366589544772387,1.132450488800823,0.18128565043004613,0.0011249808161414203,0.00883428218514442,0.003236165128254193,0.03368305046833391,0.05318262264519985,0.043572242235624566,0.08395743952730222,0.01053302878577452,9.606438293332635e-05,0.04698207276334243,0.0005833558678619444,2.7578320876319853,0
3.5418984492246124,1.140227316770992,0.17965390273919266,0.0011565278903801351,0.009110512976067181,0.0033131553869466617,0.0337958838191668,0.053825277386555376,0.04429224155243048,0.08319395258256246,0.010716423017635975,9.606438293332635e-05,0.04698207276334243,0.0005833558678619444,2.7578320876319853,0
3.547137943971986,1.1460123116147565,0.17801610006916563,0.0011934847489489904,0.009434325722954192,0.0034005032613255697,0.03396190832921824,0.0544234929730398,0.044975665179399445,0.08250713522309051,0.010909850590407917,9.606438293332635e-05,0.04698207276334243,0.0005833558678619444,2.7578320876319853,0
3.55237743871936,1.150708746494091,0.17637498828261355,0.0012333981175587385,0.009784142562054222,0.0034935116931145128,0.03415700242628445,0.054997422044652786,0.0456390997665738,0.08186221868347425,0.011108761500654193,9.606438293332635e-05,0.04698207276334243,0.0005833558678619444,2.7578320876319853,0
3.5576169334667336,1.1554051813734252,0.1747338764960615,0.0012733114861684849,0.010133959401154254,0.0035865201249034562,0.03435209652335066,0.0555713511162658,0.04630253435374815,0.08121730214385797,0.01130767241090047,9.606438293332635e-05,0.04698207276334243,0.0005833558678619444,2.7578320876319853,0
3.5628564282141078,1.1601016162527598,0.17309276470950943,0.0013132248547782328,0.010483776240254285,0.0036795285566923993,0.03454719062041688,0.05614528018787878,0.04696596894092251,0.0805723856042417,0.011506583321146744,9.606438293332635e-05,0.04698207276334243,0.0005833558678619444,2.7578320876319853,0
3.568095922961481,1.1647980511320943,0.17145165292295736,0.001353138223387979,0.010833593079354317,0.0037725369884813427,0.03474228471748309,0.05671920925949178,0.047629403528096866,0.07992746906462543,0.01170549423139302,9.606438293332635e-05,0.04698207276334243,0.0005833558678619444,2.7578320876319853,0
3.5733354177088548,1.1694944860114291,0.1698105411364053,0.001393051591997727,0.011183409918454347,0.0038655454202702836,0.0349373788145493,0.05729313833110477,0.04829283811527122,0.07928255252500915,0.011904405141639294,9.606438293332635e-05,0.04698207276334243,0.0005833558678619444,2.7578320876319853,0
3.5785749124562285,1.174190920890763,0.16816942934985324,0.0014329649606074735,0.01153322675755438,0.003958553852059227,0.035132472911615524,0.057867067402717784,0.04895627270244557,0.07863763598539288,0.012103316051885572,9.606438293332635e-05,0.04698207276334243,0.0005833558678619444,2.7578320876319853,0
3.5838144072036022,1.1788873557700976,0.16652831756330116,0.0014728783292172214,0.011883043596654411,0.00405156228384817,0.03532756700868173,0.058440996474330764,0.049619707289619924,0.0779927194457766,0.012302226962131846,9.606438293332635e-05,0.04698207276334243,0.0005833558678619444,2.7578320876319853,0
3.5890539019509755,1.1835837906494318,0.16488720577674926,0.001512791697826964,0.012232860435754412,0.004144570715637105,0.035522661105747935,0.0590149255459437,0.050283141876794224,0.07734780290616038,0.012501137872378104,9.606438293332635e-05,0.04698207276334243,0.0005833558678619444,2.7578320876319853,0
3.594293396698349,1.1882802255287663,0.16324609399019718,0.001552705066436712,0.012582677274854445,0.004237579147426047,0.035717755202814144,0.05958885461755672,0.05094657646396857,0.0767028863665441,0.012700048782624379,9.606438293332635e-05,0.04698207276334243,0.0005833558678619444,2.7578320876319853,0
3.599532891445723,1.1912251728022172,0.16171498130849352,0.0016001117215635199,0.012963013604748873,0.004339697090611672,0.035896137789582436,0.06007257706737855,0.051606024512323365,0.07612874101769171,0.012905249964116607,9.606438293332635e-05,0.04698207276334243,0.0005833558678619444,2.7578320876319853,0
3.6047723861930967,1.1931262334625614,0.16024942809327952,0.0016519843754544932,0.013361539551156765,0.004447244302589715,0.03606456031621317,0.060502536370612855,0.05226309658354169,0.07559677529853459,0.013114200147271424,9.606438293332635e-05,0.04698207276334243,0.0005833558678619444,2.7578320876319853,0
3.6100118809404704,1.1950272941229059,0.15878387487806553,0.001703857029345467,0.013760065497564651,0.004554791514567761,0.036232982842843896,0.06093249567384717,0.05292016865476002,0.07506480957937747,0.013323150330426239,9.606438293332635e-05,0.04698207276334243,0.0005833558678619444,2.7578320876319853,0
3.615251375687844,1.19692835478325,0.1573183216628515,0.0017557296832364424,0.014158591443972541,0.004662338726545806,0.03640140536947464,0.061362454977081475,0.05357724072597835,0.07453284386022035,0.013532100513581053,9.606438293332635e-05,0.04698207276334243,0.0005833558678619444,2.7578320876319853,0
3.620490870435218,1.1988294154435943,0.1558527684476375,0.0018076023371274158,0.01455711739038043,0.004769885938523851,0.03656982789610537,0.061792414280315795,0.05423431279719668,0.07400087814106322,0.013741050696735868,9.606438293332635e-05,0.04698207276334243,0.0005833558678619444,2.7578320876319853,0
3.625730365182592,1.2007304761039388,0.15438721523242352,0.0018594749910183894,0.01495564333678832,0.004877433150501895,0.0367382504227361,0.0622223735835501,0.05489138486841501,0.07346891242190609,0.013950000879890683,9.606438293332635e-05,0.04698207276334243,0.0005833558678619444,2.7578320876319853,0
3.630969859929965,1.202631536764283,0.1529216620172095,0.0019113476449093645,0.01535416928319621,0.00498498036247994,0.036906672949366844,0.06265233288678441,0.055548456939633346,0.07293694670274899,0.014158951063045497,9.606438293332635e-05,0.04698207276334243,0.0005833558678619444,2.7578320876319853,0
3.636209354677339,1.2045325974246275,0.1514561088019955,0.001963220298800338,0.015752695229604097,0.005092527574457986,0.03707509547599758,0.06308229219001871,0.05620552901085166,0.07240498098359185,0.014367901246200313,9.606438293332635e-05,0.04698207276334243,0.0005833558678619444,2.7578320876319853,0
3.641448849424712,1.2064336580849717,0.14999055558678162,0.0020150929526913082,0.016151221176011955,0.005200074786436022,0.03724351800262829,0.063512251493253,0.05686260108206993,0.07187301526443478,0.01457685142935511,9.606438293332635e-05,0.04698207276334243,0.0005833558678619444,2.7578320876319853,0
3.646688344172086,1.2083347187453162,0.14852500237156763,0.002066965606582283,0.016549747122419845,0.005307621998414065,0.03741194052925904,0.0639422107964873,0.057519673153288264,0.07134104954527766,0.014785801612509926,9.606438293332635e-05,0.04698207276334243,0.0005833558678619444,2.7578320876319853,0
3.65192783891946,1.2086194352607291,0.1471228335807229,0.0021258276492662196,0.016995593952377135,0.0054289594439834695,0.03758208687285728,0.0642962109390202,0.058115461727588254,0.07087397731058005,0.014992688719410362,9.606438293332635e-05,0.04698207276334243,0.0005833558678619444,2.7578320876319853,0
3.6571673336668336,1.2078555318143482,0.14576178608998555,0.002189224130134021,0.01747214069438921,0.005559243446056357,0.03775335156052124,0.06460093179134599,0.0586714920001685,0.07044900539431279,0.015198237384277995,9.606438293332635e-05,0.04698207276334243,0.0005833558678619444,2.7578320876319853,0
3.6624068284142073,1.2070916283679671,0.14440073859924818,0.0022526206110018232,0.01794868743640128,0.005689527448129244,0.037924616248185196,0.06490565264367178,0.05922752227274874,0.07002403347804552,0.015403786049145628,9.606438293332635e-05,0.04698207276334243,0.0005833558678619444,2.7578320876319853,0
3.667646323161581,1.2063277249215862,0.1430396911085108,0.002316017091869625,0.018425234178413356,0.005819811450202132,0.038095880935849154,0.06521037349599758,0.05978355254532897,0.06959906156177827,0.015609334714013262,9.606438293332635e-05,0.04698207276334243,0.0005833558678619444,2.7578320876319853,0
3.6728858179089543,1.2055638214752051,0.14167864361777344,0.0023794135727374264,0.018901780920425427,0.0059500954522750185,0.0382671456235131,0.06551509434832335,0.06033958281790922,0.06917408964551099,0.015814883378880897,9.606438293332635e-05,0.04698207276334243,0.0005833558678619444,2.7578320876319853,0
3.678125312656329,1.204799918028824,0.1403175961270361,0.0024428100536052267,0.0193783276624375,0.006080379454347906,0.03843841031117706,0.06581981520064913,0.06089561309048947,0.06874911772924373,0.01602043204374853,9.606438293332635e-05,0.04698207276334243,0.0005833558678619444,2.7578320876319853,0
3.683364807403702,1.2040360145824431,0.13895654863629872,0.002506206534473028,0.019854874404449573,0.006210663456420793,0.03860967499884101,0.06612453605297493,0.061451643363069706,0.06832414581297647,0.016225980708616163,9.606438293332635e-05,0.04698207276334243,0.0005833558678619444,2.7578320876319853,0
3.688604302151076,1.203272111136062,0.13759550114556138,0.0025696030153408295,0.020331421146461647,0.006340947458493681,0.03878093968650497,0.06642925690530072,0.06200767363564994,0.0678991738967092,0.0164315293734838,9.606438293332635e-05,0.04698207276334243,0.0005833558678619444,2.7578320876319853,0
3.6938437968984497,1.2025082076896811,0.136234453654824,0.0026329994962086315,0.02080796788847372,0.006471231460566568,0.03895220437416892,0.06673397775762649,0.06256370390823018,0.06747420198044193,0.016637078038351433,9.606438293332635e-05,0.04698207276334243,0.0005833558678619444,2.7578320876319853,0
3.699083291645823,1.2017443042433,0.13487340616408677,0.002696395977076428,0.02128451463048575,0.0066015154626394455,0.03912346906183287,0.06703869860995226,0.06311973418081039,0.06704923006417471,0.01684262670321905,9.606438293332635e-05,0.04698207276334243,0.0005833558678619444,2.7578320876319853,0
3.7043227863931967,1.1997234311444023,0.13364224195723368,0.0027742681783896037,0.021790348206838818,0.006739345817802715,0.03933460737891911,0.06726738703926692,0.06362136750165799,0.06672287119525577,0.01705760407629505,9.606438293332635e-05,0.04698207276334243,0.0005833558678619444,2.7578320876319853,0
3.7095622811405695,1.1968162332905246,0.13250266211722206,0.002862347618478363,0.02231683275612464,0.006882497319375871,0.03957386171675183,0.06744246286261223,0.06408464399756594,0.06646604716741578,0.01727922989746669,9.606438293332635e-05,0.04698207276334243,0.0005833558678619444,2.7578320876319853,0
3.714801775887944,1.1939090354366466,0.13136308227721044,0.0029504270585671223,0.02284331730541046,0.0070256488209490256,0.03981311605458456,0.06761753868595753,0.06454792049347387,0.06620922313957577,0.017500855718638332,9.606438293332635e-05,0.04698207276334243,0.0005833558678619444,2.7578320876319853,0
3.720041270635318,1.1910018375827691,0.13022350243719885,0.0030385064986558795,0.023369801854696278,0.007168800322522179,0.040052370392417276,0.06779261450930285,0.06501119698938178,0.06595239911173577,0.017722481539809973,9.606438293332635e-05,0.04698207276334243,0.0005833558678619444,2.7578320876319853,0
3.725280765382692,1.1880946397288916,0.12908392259718723,0.0031265859387446405,0.023896286403982097,0.007311951824095334,0.040291624730250004,0.06796769033264814,0.06547447348528973,0.06569557508389577,0.017944107360981613,9.606438293332635e-05,0.04698207276334243,0.0005833558678619444,2.7578320876319853,0
3.730520260130065,1.185187441875014,0.12794434275717562,0.003214665378833398,0.024422770953267916,0.007455103325668489,0.04053087906808274,0.06814276615599345,0.06593774998119767,0.06543875105605577,0.01816573318215326,9.606438293332635e-05,0.04698207276334243,0.0005833558678619444,2.7578320876319853,0
3.735759754877439,1.1822802440211364,0.12680476291716403,0.0033027448189221578,0.024949255502553735,0.007598254827241643,0.04077013340591545,0.06831784197933875,0.0664010264771056,0.06518192702821579,0.018387359003324902,9.606438293332635e-05,0.04698207276334243,0.0005833558678619444,2.7578320876319853,0
3.740999249624813,1.179373046167259,0.12566518307715238,0.003390824259010917,0.02547574005183955,0.0077414063288147985,0.04100938774374818,0.06849291780268406,0.06686430297301353,0.0649251030003758,0.018608984824496543,9.606438293332635e-05,0.04698207276334243,0.0005833558678619444,2.7578320876319853,0
3.7462387443721865,1.1764658483133812,0.12452560323714082,0.0034789036990996764,0.02600222460112537,0.007884557830387953,0.04124864208158091,0.06866799362602936,0.06732757946892148,0.06466827897253578,0.018830610645668187,9.606438293332635e-05,0.04698207276334243,0.0005833558678619444,2.7578320876319853,0
3.75147823911956,1.1735586504595035,0.12338602339712929,0.0035669831391884287,0.026528709150411146,0.008027709331961095,0.04148789641941361,0.06884306944937466,0.06779085596482938,0.06441145494469581,0.019052236466839807,9.606438293332635e-05,0.04698207276334243,0.0005833558678619444,2.7578320876319853,0
3.7567177338669335,1.1698252696782325,0.12227811993669568,0.0036550603738298828,0.027085684143149356,0.008176975666984372,0.04175363952039424,0.06895625427277774,0.06818738122554684,0.0641355172940186,0.019267965696524583,9.606438293332635e-05,0.04698207276334243,0.0005833558678619444,2.7578320876319853,0
3.7619572286143073,1.1654594568330716,0.12119446432434612,0.003743135920230701,0.027665999165609974,0.008330922825843363,0.04203965941794383,0.06902206235728699,0.06853280930180429,0.06384494841878016,0.019479181163699483,9.606438293332635e-05,0.04698207276334243,0.0005833558678619444,2.7578320876319853,0
3.767196723361681,1.1610936439879107,0.12011080871199657,0.0038312114666315213,0.028246314188070585,0.008484869984702353,0.04232567931549344,0.06908787044179623,0.06887823737806177,0.06355437954354173,0.019690396630874393,9.606438293332635e-05,0.04698207276334243,0.0005833558678619444,2.7578320876319853,0
3.772436218109055,1.1567278311427498,0.11902715309964701,0.00391928701303234,0.028826629210531206,0.008638817143561345,0.04261169921304304,0.06915367852630547,0.06922366545431924,0.0632638106683033,0.019901612098049304,9.606438293332635e-05,0.04698207276334243,0.0005833558678619444,2.7578320876319853,0
3.777675712856429,1.1523620182975889,0.11794349748729745,0.004007362559433159,0.02940694423299182,0.008792764302420335,0.04289771911059265,0.06921948661081473,0.0695690935305767,0.06297324179306486,0.020112827565224208,9.606438293332635e-05,0.04698207276334243,0.0005833558678619444,2.7578320876319853,0
3.782915207603802,1.147996205452428,0.11685984187494791,0.004095438105833978,0.029987259255452436,0.008946711461279325,0.04318373900814224,0.06928529469532398,0.06991452160683417,0.06268267291782643,0.020324043032399115,9.606438293332635e-05,0.04698207276334243,0.0005833558678619444,2.7578320876319853,0
3.788154702351176,1.1436303926072673,0.11577618626259836,0.004183513652234796,0.030567574277913047,0.009100658620138317,0.043469758905691845,0.06935110277983322,0.07025994968309164,0.062392104042588,0.020535258499574025,9.606438293332635e-05,0.04698207276334243,0.0005833558678619444,2.7578320876319853,0
3.7933941970985496,1.1392645797621066,0.11469253065024879,0.004271589198635615,0.031147889300373675,0.009254605778997308,0.04375577880324144,0.06941691086434248,0.07060537775934912,0.062101535167349564,0.02074647396674893,9.606438293332635e-05,0.04698207276334243,0.0005833558678619444,2.7578320876319853,0
3.7986336918459234,1.1348987669169455,0.11360887503789922,0.004359664745036434,0.03172820432283428,0.009408552937856298,0.04404179870079105,0.06948271894885172,0.07095080583560659,0.06181096629211113,0.02095768943392384,9.606438293332635e-05,0.04698207276334243,0.0005833558678619444,2.7578320876319853,0
3.803873186593297,1.1305329540717846,0.11252521942554967,0.004447740291437254,0.032308519345294905,0.00956250009671529,0.044327818598340646,0.06954852703336098,0.07129623391186404,0.0615203974168727,0.021168904901098747,9.606438293332635e-05,0.04698207276334243,0.0005833558678619444,2.7578320876319853,0
3.8091126813406704,1.1254271463048207,0.11152582471085339,0.004541812489199583,0.03290012065792275,0.009721059107455344,0.044580704727428956,0.0695357359644873,0.07156914743025616,0.06126758581684919,0.021376179383193316,9.606438293332635e-05,0.04698207276334243,0.0005833558678619444,2.7578320876319853,0
3.814352176088044,1.119706939084432,0.11059638973228184,0.004640863558046483,0.03350109269770785,0.009883447224573735,0.04480608070930862,0.06945768596551131,0.0717818539074849,0.06104612314716465,0.021580181762996437,9.606438293332635e-05,0.04698207276334243,0.0005833558678619444,2.7578320876319853,0
3.819591670835418,1.1139867318640437,0.10966695475371031,0.004739914626893384,0.03410206473749297,0.010045835341692125,0.0450314566911883,0.06937963596653535,0.07199456038471361,0.06082466047748009,0.021784184142799565,9.606438293332635e-05,0.04698207276334243,0.0005833558678619444,2.7578320876319853,0
3.824831165582792,1.1082665246436552,0.10873751977513882,0.004838965695740284,0.03470303677727808,0.010208223458810518,0.04525683267306796,0.06930158596755935,0.07220726686194234,0.06060319780779555,0.021988186522602687,9.606438293332635e-05,0.04698207276334243,0.0005833558678619444,2.7578320876319853,0
3.830070660330165,1.102546317423267,0.10780808479656727,0.004938016764587183,0.03530400881706319,0.010370611575928907,0.04548220865494763,0.06922353596858337,0.07241997333917105,0.06038173513811101,0.02219218890240581,9.606438293332635e-05,0.04698207276334243,0.0005833558678619444,2.7578320876319853,0
3.835310155077539,1.0968261102028782,0.10687864981799575,0.005037067833434085,0.035904980856848304,0.010532999693047298,0.045707584636827295,0.0691454859696074,0.0726326798163998,0.06016027246842645,0.022396191282208936,9.606438293332635e-05,0.04698207276334243,0.0005833558678619444,2.7578320876319853,0
3.8405496498249128,1.0911059029824894,0.10594921483942421,0.005136118902280984,0.036505952896633415,0.010695387810165689,0.04593296061870696,0.06906743597063142,0.07284538629362852,0.05993880979874191,0.02260019366201206,9.606438293332635e-05,0.04698207276334243,0.0005833558678619444,2.7578320876319853,0
3.8457891445722874,1.0853856957621013,0.10501977986085269,0.005235169971127883,0.037106924936418526,0.010857775927284081,0.04615833660058663,0.06898938597165545,0.07305809277085726,0.05971734712905736,0.022804196041815186,9.606438293332635e-05,0.04698207276334243,0.0005833558678619444,2.7578320876319853,0
3.85102863931966,1.0796654885417127,0.10409034488228117,0.005334221039974785,0.03770789697620363,0.011020164044402472,0.0463837125824663,0.06891133597267947,0.07327079924808597,0.05949588445937281,0.023008198421618307,9.606438293332635e-05,0.04698207276334243,0.0005833558678619444,2.7578320876319853,0
3.856268134067034,1.0739452813213244,0.10316090990370964,0.005433272108821684,0.038308869015988754,0.011182552161520863,0.046609088564345966,0.06883328597370349,0.0734835057253147,0.05927442178968826,0.02321220080142143,9.606438293332635e-05,0.04698207276334243,0.0005833558678619444,2.7578320876319853,0
3.8615076288144072,1.067786805853529,0.10229536203485919,0.0055404902671596515,0.038904298617948745,0.011348506351554941,0.04689012655276171,0.06875137291049428,0.07363769772318253,0.05906987255630898,0.023414585119254632,9.606438293332635e-05,0.04698207276334243,0.0005833558678619444,2.7578320876319853,0
3.866747123561781,1.0612338889630666,0.10148731256475756,0.005655058806039596,0.03949474002586624,0.011517670007213161,0.04722126034705996,0.06866598308947519,0.07373922668962557,0.058880545415604404,0.02361551318131493,9.606438293332635e-05,0.04698207276334243,0.0005833558678619444,2.7578320876319853,0
3.8719866183091542,1.0546809720726043,0.10067926309465593,0.005769627344919541,0.04008518143378373,0.011686833662871382,0.047552394141358194,0.0685805932684561,0.07384075565606862,0.058691218274899815,0.023816441243375234,9.606438293332635e-05,0.04698207276334243,0.0005833558678619444,2.7578320876319853,0
3.877226113056528,1.048128055182142,0.0998712136245543,0.005884195883799487,0.04067562284170122,0.011855997318529602,0.04788352793565645,0.068495203447437,0.07394228462251168,0.05850189113419524,0.02401736930543553,9.606438293332635e-05,0.04698207276334243,0.0005833558678619444,2.7578320876319853,0
3.882465607803902,1.0415751382916794,0.09906316415445267,0.005998764422679433,0.041266064249618706,0.012025160974187826,0.048214661729954686,0.0684098136264179,0.07404381358895472,0.05831256399349066,0.02421829736749583,9.606438293332635e-05,0.04698207276334243,0.0005833558678619444,2.7578320876319853,0
3.887705102551276,1.035022221401217,0.09825511468435104,0.006113332961559378,0.0418565056575362,0.012194324629846046,0.048545795524252935,0.06832442380539881,0.07414534255539779,0.05812323685278608,0.024419225429556126,9.606438293332635e-05,0.04698207276334243,0.0005833558678619444,2.7578320876319853,0
3.8929445972986496,1.0284693045107547,0.09744706521424941,0.006227901500439323,0.04244694706545369,0.012363488285504267,0.04887692931855118,0.0682390339843797,0.07424687152184083,0.057933909712081504,0.024620153491616423,9.606438293332635e-05,0.04698207276334243,0.0005833558678619444,2.7578320876319853,0
3.8981840920460233,1.0219163876202921,0.09663901574414778,0.006342470039319268,0.04303738847337117,0.01253265194116249,0.04920806311284943,0.0681536441633606,0.07434840048828388,0.057744582571376914,0.024821081553676724,9.606438293332635e-05,0.04698207276334243,0.0005833558678619444,2.7578320876319853,0
3.903423586793397,1.0153634707298296,0.09583096627404615,0.0064570385781992125,0.043627829881288674,0.012701815596820711,0.04953919690714768,0.06806825434234151,0.0744499294547269,0.057555255430672345,0.02502200961573702,9.606438293332635e-05,0.04698207276334243,0.0005833558678619444,2.7578320876319853,0
3.908663081540771,1.008810553839367,0.09502291680394451,0.006571607117079158,0.04421827128920616,0.012870979252478931,0.04987033070144592,0.0679828645213224,0.07455145842116997,0.05736592828996777,0.02522293767779732,9.606438293332635e-05,0.04698207276334243,0.0005833558678619444,2.7578320876319853,0
3.913902576288145,1.0021511765504902,0.09427069506981253,0.006690310967268346,0.04480247322305921,0.013046103528447029,0.050245710081419356,0.06786124877250894,0.0746248413902702,0.057187202614645986,0.02542283578467243,9.606438293332635e-05,0.04698207276334243,0.0005833558678619444,2.7578320876319853,0
3.919142071035518,0.995387974021575,0.0935729191969975,0.006813047769575938,0.04538059012527511,0.013227040884618308,0.0506642398593037,0.06770430377728219,0.07467077504513016,0.05701881599219753,0.025621729430302546,9.606438293332635e-05,0.04698207276334243,0.0005833558678619444,2.7578320876319853,0
3.924381565782892,0.9886247714926594,0.09287514332418244,0.006935784571883541,0.04595870702749105,0.013407978240789601,0.05108276963718806,0.06754735878205542,0.07471670869999013,0.05685042936974907,0.02582062307593268,9.606438293332635e-05,0.04698207276334243,0.0005833558678619444,2.7578320876319853,0
3.929621060530265,0.9818615689637438,0.09217736745136737,0.007058521374191143,0.046536823929707004,0.013588915596960894,0.051501299415072435,0.06739041378682865,0.07476264235485008,0.056682042747300605,0.026019516721562816,9.606438293332635e-05,0.04698207276334243,0.0005833558678619444,2.7578320876319853,0
3.934860555277639,0.9750983664348282,0.09147959157855229,0.007181258176498746,0.047114940831922955,0.013769852953132187,0.051919829192956804,0.06723346879160187,0.07480857600971004,0.056513656124852145,0.02621841036719295,9.606438293332635e-05,0.04698207276334243,0.0005833558678619444,2.7578320876319853,0
3.9401000500250127,0.9683351639059127,0.09078181570573719,0.007303994978806349,0.0476930577341389,0.013950790309303478,0.05233835897084119,0.0670765237963751,0.07485450966457,0.056345269502403685,0.026417304012823092,9.606438293332635e-05,0.04698207276334243,0.0005833558678619444,2.7578320876319853,0
3.9453395447723865,0.9615719613769969,0.09008403983292214,0.007426731781113952,0.04827117463635485,0.014131727665474771,0.05275688874872556,0.06691957880114834,0.07490044331942998,0.05617688287995522,0.026616197658453227,9.606438293332635e-05,0.04698207276334243,0.0005833558678619444,2.7578320876319853,0
3.95057903951976,0.9548087588480813,0.08938626396010706,0.007549468583421556,0.048849291538570795,0.014312665021646064,0.053175418526609924,0.06676263380592157,0.07494637697428994,0.05600849625750676,0.026815091304083362,9.606438293332635e-05,0.04698207276334243,0.0005833558678619444,2.7578320876319853,0
3.955818534267134,0.9480455563191656,0.08868848808729199,0.0076722053857291575,0.049427408440786746,0.014493602377817357,0.0535939483044943,0.06660568881069481,0.07499231062914989,0.055840109635058296,0.0270139849497135,9.606438293332635e-05,0.04698207276334243,0.0005833558678619444,2.7578320876319853,0
3.961058029014508,0.9412823537902502,0.0879907122144769,0.0077949421880367615,0.0500055253430027,0.01467453973398865,0.05401247808237867,0.06644874381546803,0.07503824428400985,0.055671723012609836,0.02721287859534364,9.606438293332635e-05,0.04698207276334243,0.0005833558678619444,2.7578320876319853,0
3.9662975237618814,0.934484457692895,0.08728715607279434,0.007927687560488226,0.05055439350380751,0.014856529539618793,0.0543945821687953,0.06629243826715009,0.07502436611579662,0.05550588577899694,0.027391228631008582,9.606438293332635e-05,0.04698207276334243,0.0005833558678619444,2.7578320876319853,0
3.971537018509255,0.9276499008660044,0.08657749191504055,0.008071008999328808,0.051072354489409805,0.015039631469677094,0.05473819518948569,0.06613680842303993,0.0749472847324803,0.05534274248719487,0.027547870212844324,9.606438293332635e-05,0.04698207276334243,0.0005833558678619444,2.7578320876319853,0
3.976776513256629,0.920815344039113,0.08586782775728669,0.008214330438169402,0.05159031547501216,0.015222733399735407,0.055081808210176116,0.06598117857892977,0.07487020334916397,0.055179599195392774,0.02770451179468008,9.606438293332635e-05,0.04698207276334243,0.0005833558678619444,2.7578320876319853,0
3.982016008004002,0.9139807872122218,0.08515816359953282,0.008357651877009998,0.05210827646061452,0.01540583532979372,0.05542542123086653,0.0658255487348196,0.07479312196584766,0.05501645590359067,0.027861153376515832,9.606438293332635e-05,0.04698207276334243,0.0005833558678619444,2.7578320876319853,0
3.987255502751376,0.9071462303853302,0.08444849944177894,0.008500973315850592,0.05262623744621686,0.015588937259852035,0.055769034251556944,0.06566991889070942,0.07471604058253133,0.05485331261178858,0.02801779495835159,9.606438293332635e-05,0.04698207276334243,0.0005833558678619444,2.7578320876319853,0
3.9924949974987496,0.900311673558439,0.08373883528402509,0.008644294754691187,0.0531441984318192,0.01577203918991035,0.05611264727224737,0.06551428904659926,0.07463895919921501,0.05469016931998649,0.02817443654018734,9.606438293332635e-05,0.04698207276334243,0.0005833558678619444,2.7578320876319853,0
3.9977344922461233,0.8934771167315476,0.08302917112627121,0.008787616193531782,0.05366215941742155,0.015955141119968663,0.056456260292937786,0.06535865920248908,0.07456187781589868,0.0545270260281844,0.0283310781220231,9.606438293332635e-05,0.04698207276334243,0.0005833558678619444,2.7578320876319853,0
4.002973986993497,0.8866425599046569,0.08231950696851742,0.008930937632372366,0.05418012040302384,0.016138243050026962,0.05679987331362818,0.06520302935837893,0.07448479643258235,0.05436388273638231,0.02848771970385884,9.606438293332635e-05,0.04698207276334243,0.0005833558678619444,2.7578320876319853,0
4.008213481740871,0.879808003077765,0.0816098428107635,0.009074259071212972,0.05469808138862624,0.01632134498008529,0.05714348633431863,0.06504739951426874,0.07440771504926602,0.054200739444580204,0.028644361285694607,9.606438293332635e-05,0.04698207276334243,0.0005833558678619444,2.7578320876319853,0
4.013452976488244,0.8729734462508743,0.08090017865300969,0.009217580510053556,0.055216042374228544,0.01650444691014359,0.05748709935500901,0.06489176967015858,0.07433063366594969,0.05403759615277813,0.02880100286753035,9.606438293332635e-05,0.04698207276334243,0.0005833558678619444,2.7578320876319853,0
4.018692471235618,0.8662539171757465,0.08026609258305953,0.009360553326055631,0.05570618638986454,0.016686519231238404,0.057843615899899746,0.06475091188232884,0.07422820843545108,0.05394135936054258,0.02894974550304439,9.606438293332635e-05,0.04698207276334243,0.0005833558678619444,2.7578320876319853,0
4.023931965982992,0.8596661134292531,0.07971855561365895,0.009503126912678073,0.05616447548828087,0.016867412484004002,0.05821490906121333,0.06462697048152993,0.07409676041221148,0.05392174130168166,0.029089442570996417,9.606438293332635e-05,0.04698207276334243,0.0005833558678619444,2.7578320876319853,0
4.029171460730366,0.8530783096827587,0.07917101864425828,0.009645700499300539,0.056622764586697266,0.017048305736769628,0.05858620222252697,0.064503029080731,0.07396531238897185,0.053902123242820725,0.02922913963894847,9.606438293332635e-05,0.04698207276334243,0.0005833558678619444,2.7578320876319853,0
4.034410955477739,0.8464905059362653,0.0786234816748577,0.009788274085922984,0.057081053685113604,0.017229198989535226,0.05895749538384055,0.06437908767993208,0.07383386436573226,0.05388250518395982,0.029368836706900506,9.606438293332635e-05,0.04698207276334243,0.0005833558678619444,2.7578320876319853,0
4.039650450225113,0.8399027021897706,0.07807594470545703,0.00993084767254545,0.05753934278353,0.017410092242300855,0.05932878854515419,0.06425514627913316,0.07370241634249262,0.05386288712509888,0.02950853377485256,9.606438293332635e-05,0.04698207276334243,0.0005833558678619444,2.7578320876319853,0
4.044889944972486,0.8333148984432773,0.07752840773605645,0.010073421259167891,0.05799763188194635,0.017590985495066453,0.059700081706467775,0.06413120487833425,0.07357096831925303,0.05384326906623796,0.029648230842804588,9.606438293332635e-05,0.04698207276334243,0.0005833558678619444,2.7578320876319853,0
4.050129439719861,0.8267270946967827,0.07698087076665579,0.010215994845790359,0.05845592098036276,0.01777187874783208,0.06007137486778142,0.06400726347753531,0.07343952029601337,0.05382365100737704,0.02978792791075665,9.606438293332635e-05,0.04698207276334243,0.0005833558678619444,2.7578320876319853,0
4.055368934467234,0.8201392909502897,0.07643333379725521,0.010358568432412802,0.05891421007877909,0.01795277200059768,0.060442668029094995,0.0638833220767364,0.07330807227277379,0.053804032948516115,0.02992762497870867,9.606438293332635e-05,0.04698207276334243,0.0005833558678619444,2.7578320876319853,0
4.060608429214607,0.8135514872037961,0.07588579682785462,0.010501142019035245,0.05937249917719542,0.01813366525336328,0.060813961190408584,0.06375938067593749,0.0731766242495342,0.05378441488965519,0.030067322046660707,9.606438293332635e-05,0.04698207276334243,0.0005833558678619444,2.7578320876319853,0
4.065847923961981,0.8069636834573017,0.07533825985845395,0.010643715605657711,0.05983078827561182,0.018314558506128904,0.06118525435172222,0.06363543927513857,0.07304517622629456,0.05376479683079426,0.030207019114612755,9.606438293332635e-05,0.04698207276334243,0.0005833558678619444,2.7578320876319853,0
4.071087418709355,0.8005133843642023,0.07481364846876426,0.010794433788277033,0.06025703068177922,0.018493472202853346,0.06157168885929741,0.0635209489034345,0.07288698565607034,0.05374278265344635,0.030333877903673787,9.606438293332635e-05,0.04698207276334243,0.0005833558678619444,2.7578320876319853,0
4.076326913456729,0.7942338073407651,0.07431750086062561,0.010955264081656549,0.06064348477903089,0.018669928136178408,0.06197692245408513,0.06341819267459539,0.07269559226065729,0.05371779351999942,0.030444797031864538,9.606438293332635e-05,0.04698207276334243,0.0005833558678619444,2.7578320876319853,0
4.081566408204102,0.7879542303173289,0.07382135325248704,0.011116094375036035,0.06102993887628248,0.018846384069503435,0.06238215604887276,0.06331543644575628,0.07250419886524427,0.05369280438655249,0.030555716160055278,9.606438293332635e-05,0.04698207276334243,0.0005833558678619444,2.7578320876319853,0
4.086805902951476,0.7816746532938919,0.07332520564434838,0.01127692466841555,0.06141639297353413,0.0190228400028285,0.06278738964366046,0.06321268021691719,0.07231280546983124,0.05366781525310556,0.030666635288246032,9.606438293332635e-05,0.04698207276334243,0.0005833558678619444,2.7578320876319853,0
4.09204539769885,0.7753950762704557,0.07282905803620981,0.011437754961795039,0.06180284707078573,0.019199295936153535,0.06319262323844811,0.06310992398807809,0.07212141207441822,0.05364282611965864,0.03077755441643677,9.606438293332635e-05,0.04698207276334243,0.0005833558678619444,2.7578320876319853,0
4.097284892446224,0.7691154992470185,0.07233291042807118,0.011598585255174553,0.06218930116803739,0.019375751869478597,0.06359785683323581,0.06300716775923897,0.07193001867900518,0.0536178369862117,0.030888473544627527,9.606438293332635e-05,0.04698207276334243,0.0005833558678619444,2.7578320876319853,0
4.102524387193597,0.7628359222235823,0.07183676281993259,0.011759415548554041,0.06257575526528898,0.019552207802803628,0.06400309042802345,0.06290441153039987,0.07173862528359216,0.053592847852764774,0.030999392672818264,9.606438293332635e-05,0.04698207276334243,0.0005833558678619444,2.7578320876319853,0
4.10776388194097,0.7565563452001463,0.07134061521179404,0.01192024584193353,0.06296220936254057,0.01972866373612866,0.0644083240228111,0.06280165530156077,0.07154723188817916,0.053567858719317844,0.031110311801008997,9.606438293332635e-05,0.04698207276334243,0.0005833558678619444,2.7578320876319853,0
4.1130033766883445,0.7502767681767091,0.07084446760365538,0.012081076135313043,0.06334866345979223,0.019905119669453727,0.0648135576175988,0.06269889907272166,0.07135583849276611,0.053542869585870914,0.031221230929199754,9.606438293332635e-05,0.04698207276334243,0.0005833558678619444,2.7578320876319853,0
4.118242871435718,0.7439971911532729,0.07034831999551681,0.012241906428692531,0.06373511755704384,0.020081575602778755,0.06521879121238644,0.06259614284388257,0.0711644450973531,0.053517880452423984,0.03133215005739049,9.606438293332635e-05,0.04698207276334243,0.0005833558678619444,2.7578320876319853,0
4.123482366183092,0.7379163266214802,0.06990589296103578,0.012403617488069873,0.06407886466956406,0.020257632279496087,0.0656536790586938,0.062461161111441,0.07096314764773329,0.053517728540994756,0.031425121023061116,9.606438293332635e-05,0.04698207276334243,0.0005833558678619444,2.7578320876319853,0
4.128721860930465,0.7321031395049032,0.06953583069930536,0.012566514991056026,0.06436508296147546,0.020433151134077104,0.06612851292616581,0.06228276973002913,0.07074850885450555,0.0535510338286364,0.03149391475804284,9.606438293332635e-05,0.04698207276334243,0.0005833558678619444,2.7578320876319853,0
4.133961355677839,0.7262899523883253,0.06916576843757485,0.012729412494042205,0.06465130125338689,0.020608669988658145,0.0666033467936379,0.06210437834861721,0.07053387006127777,0.05358433911627806,0.03156270849302459,9.606438293332635e-05,0.04698207276334243,0.0005833558678619444,2.7578320876319853,0
4.139200850425213,0.7204767652717482,0.06879570617584442,0.012892309997028357,0.06493751954529828,0.020784188843239158,0.06707818066110989,0.061925986967205346,0.07031923126805004,0.0536176444039197,0.031631502228006314,9.606438293332635e-05,0.04698207276334243,0.0005833558678619444,2.7578320876319853,0
4.144440345172587,0.7146635781551703,0.06842564391411393,0.013055207500014536,0.06522373783720971,0.0209597076978202,0.06755301452858198,0.06174759558579343,0.07010459247482227,0.05365094969156136,0.031700295962988054,9.606438293332635e-05,0.04698207276334243,0.0005833558678619444,2.7578320876319853,0
4.14967983991996,0.7088503910385935,0.0680555816523835,0.013218105003000687,0.06550995612912111,0.02113522655240121,0.06802784839605398,0.06156920420438155,0.06988995368159454,0.053684254979203004,0.03176908969796978,9.606438293332635e-05,0.04698207276334243,0.0005833558678619444,2.7578320876319853,0
4.154919334667334,0.7030372039220154,0.06768551939065301,0.013381002505986866,0.06579617442103253,0.021310745406982256,0.06850268226352606,0.06139081282296964,0.06967531488836676,0.053717560266844655,0.03183788343295152,9.606438293332635e-05,0.04698207276334243,0.0005833558678619444,2.7578320876319853,0
4.160158829414708,0.6972240168054386,0.06731545712892256,0.013543900008973021,0.06608239271294393,0.02148626426156327,0.06897751613099806,0.06121242144155776,0.06946067609513903,0.05375086555448631,0.031906677167933245,9.606438293332635e-05,0.04698207276334243,0.0005833558678619444,2.7578320876319853,0
4.165398324162081,0.6914108296888616,0.06694539486719213,0.013706797511959173,0.06636861100485532,0.021661783116144282,0.06945234999847007,0.06103403006014588,0.06924603730191128,0.05378417084212796,0.03197547090291498,9.606438293332635e-05,0.04698207276334243,0.0005833558678619444,2.7578320876319853,0
4.170637818909455,0.6855976425722836,0.06657533260546164,0.013869695014945352,0.06665482929676675,0.021837301970725323,0.06992718386594214,0.06085563867873397,0.0690313985086835,0.053817476129769615,0.03204426463789672,9.606438293332635e-05,0.04698207276334243,0.0005833558678619444,2.7578320876319853,0
4.175877313656828,0.6800665928151488,0.06624602480775173,0.014035015345559346,0.0669039837783645,0.02200874612309149,0.07036211050231116,0.0606808844718948,0.06881090079436773,0.05385337432317708,0.03211247884885382,9.606438293332635e-05,0.04698207276334243,0.0005833558678619444,2.7578320876319853,0
4.1811168084042025,0.6749482995653453,0.0659763392814792,0.014203880183258546,0.06709891527820717,0.022174229137032257,0.07073865433762218,0.06051145131674529,0.06858183169549716,0.053893065841686384,0.03217984523762675,9.606438293332635e-05,0.04698207276334243,0.0005833558678619444,2.7578320876319853,0
4.186356303151576,0.6698300063155427,0.06570665375520672,0.014372745020957716,0.06729384677804981,0.022339712150972996,0.07111519817293312,0.06034201816159583,0.06835276259662662,0.05393275736019568,0.03224721162639967,9.606438293332635e-05,0.04698207276334243,0.0005833558678619444,2.7578320876319853,0
4.19159579789895,0.6647117130657393,0.06543696822893419,0.014541609858656917,0.06748877827789246,0.02250519516491377,0.07149174200824412,0.06017258500644633,0.06812369349775604,0.05397244887870498,0.03231457801517261,9.606438293332635e-05,0.04698207276334243,0.0005833558678619444,2.7578320876319853,0
4.196835292646323,0.6595934198159366,0.0651672827026617,0.014710474696356087,0.06768370977773511,0.022670678178854507,0.07186828584355506,0.06000315185129687,0.0678946243988855,0.05401214039721428,0.032381944403945526,9.606438293332635e-05,0.04698207276334243,0.0005833558678619444,2.7578320876319853,0
4.202074787393697,0.6544751265661332,0.06489759717638917,0.014879339534055288,0.06787864127757776,0.022836161192795273,0.07224482967886608,0.05983371869614737,0.06766555530001493,0.05405183191572359,0.03244931079271846,9.606438293332635e-05,0.04698207276334243,0.0005833558678619444,2.7578320876319853,0
4.207314282141071,0.6493568333163304,0.06462791165011669,0.01504820437175446,0.06807357277742039,0.023001644206736012,0.07262137351417704,0.05966428554099791,0.0674364862011444,0.054091523434232895,0.032516677181491385,9.606438293332635e-05,0.04698207276334243,0.0005833558678619444,2.7578320876319853,0
4.212553776888445,0.6442385400665269,0.06435822612384415,0.015217069209453659,0.06826850427726305,0.023167127220676778,0.07299791734948805,0.05949485238584841,0.06720741710227382,0.054131214952742195,0.032584043570264315,9.606438293332635e-05,0.04698207276334243,0.0005833558678619444,2.7578320876319853,0
4.217793271635818,0.6391202468167243,0.06408854059757167,0.01538593404715283,0.06846343577710569,0.02333261023461752,0.073374461184799,0.05932541923069894,0.06697834800340328,0.05417090647125149,0.03265140995903724,9.606438293332635e-05,0.04698207276334243,0.0005833558678619444,2.7578320876319853,0
4.223032766383192,0.6340019535669217,0.06381885507129918,0.015554798884852002,0.06865836727694831,0.02349809324855825,0.07375100502010994,0.05915598607554948,0.06674927890453275,0.05421059798976079,0.03271877634781016,9.606438293332635e-05,0.04698207276334243,0.0005833558678619444,2.7578320876319853,0
4.228272261130566,0.6290751949976339,0.06354543615546539,0.015725324675925266,0.0688106366046146,0.023660794662663208,0.07413554797044423,0.058969143684953214,0.06650629006188323,0.05425836164208445,0.03277193430175266,9.606438293332635e-05,0.04698207276334243,0.0005833558678619444,2.7578320876319853,0
4.233511755877939,0.6244531506928035,0.06326607775623873,0.015898492892820887,0.06889503429472757,0.02381907080430206,0.07453281678558824,0.05875460478341898,0.06624115617231273,0.05431896732547641,0.03280248792755582,9.606438293332635e-05,0.04698207276334243,0.0005833558678619444,2.7578320876319853,0
4.238751250625313,0.6198311063879722,0.062986719357012,0.016071661109716532,0.06897943198484055,0.02397734694594094,0.07493008560073232,0.05854006588188469,0.06597602228274219,0.05437957300886837,0.032833041553359,9.606438293332635e-05,0.04698207276334243,0.0005833558678619444,2.7578320876319853,0
4.243990745372686,0.6152090620831419,0.06270736095778533,0.01624482932661215,0.06906382967495353,0.024135623087579796,0.0753273544158763,0.05832552698035044,0.06571088839317168,0.054440178692260324,0.03286359517916216,9.606438293332635e-05,0.04698207276334243,0.0005833558678619444,2.7578320876319853,0
4.249230240120061,0.6105870177783108,0.062428002558558605,0.016417997543507794,0.06914822736506651,0.024293899229218676,0.07572462323102037,0.05811098807881616,0.06544575450360113,0.054500784375652284,0.03289414880496533,9.606438293332635e-05,0.04698207276334243,0.0005833558678619444,2.7578320876319853,0
4.254469734867434,0.6059649734734804,0.06214864415933194,0.016591165760403415,0.06923262505517948,0.02445217537085752,0.07612189204616437,0.05789644917728189,0.06518062061403063,0.05456139005904424,0.0329247024307685,9.606438293332635e-05,0.04698207276334243,0.0005833558678619444,2.7578320876319853,0
4.259709229614808,0.6013429291686493,0.06186928576010522,0.01676433397729906,0.06931702274529244,0.024610451512496405,0.07651916086130844,0.05768191027574762,0.0649154867244601,0.0546219957424362,0.03295525605657166,9.606438293332635e-05,0.04698207276334243,0.0005833558678619444,2.7578320876319853,0
4.264948724362181,0.5967208848638189,0.061589927360878545,0.016937502194194678,0.06940142043540543,0.024768727654135257,0.07691642967645244,0.05746737137421338,0.06465035283488958,0.05468260142582815,0.03298580968237482,9.606438293332635e-05,0.04698207276334243,0.0005833558678619444,2.7578320876319853,0
4.270188219109556,0.5920988405589878,0.06131056896165183,0.017110670411090323,0.0694858181255184,0.024927003795774134,0.07731369849159651,0.057252832472679094,0.06438521894531905,0.054743207109220114,0.03301636330817799,9.606438293332635e-05,0.04698207276334243,0.0005833558678619444,2.7578320876319853,0
4.275427713856929,0.5874767962541574,0.06103121056242515,0.017283838627985944,0.06957021581563137,0.02508527993741299,0.07771096730674051,0.057038293571144844,0.06412008505574854,0.05480381279261207,0.03304691693398115,9.606438293332635e-05,0.04698207276334243,0.0005833558678619444,2.7578320876319853,0
4.280667208604302,0.5830509332904037,0.060791832079058895,0.017457398252439155,0.06962594376380683,0.025234994063742057,0.07816938219859286,0.056808148396479255,0.0638577378932365,0.054854212696598126,0.03306078601467217,9.606438293332635e-05,0.04698207276334243,0.0005833558678619444,2.7578320876319853,0
4.285906703351676,0.5789650284039948,0.06062173386084796,0.017631636137933976,0.06963199058383031,0.025369871273130225,0.07873375570282345,0.05655095947453808,0.06360021978514764,0.054886927243120595,0.03304574283568255,9.606438293332635e-05,0.04698207276334243,0.0005833558678619444,2.7578320876319853,0
4.2911461980990495,0.5748791235175865,0.06045163564263705,0.017805874023428772,0.06963803740385378,0.02550474848251837,0.07929812920705394,0.056293770552596954,0.06334270167705883,0.05491964178964304,0.03303069965669293,9.606438293332635e-05,0.04698207276334243,0.0005833558678619444,2.7578320876319853,0
4.296385692846424,0.5707932186311774,0.060281537424426115,0.017980111908923593,0.06964408422387729,0.025639625691906538,0.07986250271128453,0.056036581630655766,0.06308518356896999,0.05495235633616549,0.03301565647770331,9.606438293332635e-05,0.04698207276334243,0.0005833558678619444,2.7578320876319853,0
4.301625187593797,0.5667073137447691,0.060111439206215214,0.018154349794418392,0.06965013104390075,0.025774502901294686,0.08042687621551502,0.05577939270871464,0.06282766546088117,0.05498507088268795,0.03300061329871369,9.606438293332635e-05,0.04698207276334243,0.0005833558678619444,2.7578320876319853,0
4.306864682341171,0.5626214088583601,0.059941340988004264,0.018328587679913213,0.06965617786392422,0.025909380110682854,0.08099124971974561,0.05552220378677346,0.06257014735279233,0.0550177854292104,0.03298557011972408,9.606438293332635e-05,0.04698207276334243,0.0005833558678619444,2.7578320876319853,0
4.312104177088544,0.5585355039719518,0.05977124276979336,0.018502825565408006,0.0696622246839477,0.026044257320071,0.0815556232239761,0.055265014864832325,0.06231262924470351,0.05505049997573286,0.03297052694073446,9.606438293332635e-05,0.04698207276334243,0.0005833558678619444,2.7578320876319853,0
4.317343671835919,0.5544495990855427,0.059601144551582434,0.01867706345090283,0.06966827150397119,0.026179134529459167,0.08211999672820669,0.05500782594289114,0.062055111136614646,0.055083214522255314,0.032955483761744835,9.606438293332635e-05,0.04698207276334243,0.0005833558678619444,2.7578320876319853,0
4.322583166583292,0.5503636941991344,0.05943104633337152,0.018851301336397626,0.06967431832399466,0.02631401173884731,0.08268437023243717,0.05475063702095002,0.061797593028525846,0.055115929068777755,0.03294044058275522,9.606438293332635e-05,0.04698207276334243,0.0005833558678619444,2.7578320876319853,0
4.327822661330665,0.5462777893127261,0.05926094811516062,0.019025539221892415,0.06968036514401814,0.02644888894823546,0.08324874373666767,0.054493448099008884,0.06154007492043705,0.05514864361530021,0.032925397403765606,9.606438293332635e-05,0.04698207276334243,0.0005833558678619444,2.7578320876319853,0
4.333062156078039,0.5423829245949635,0.059079526436303514,0.01919843275959748,0.06965874352178979,0.026578953210947297,0.08383891419418471,0.05423339378148584,0.06129943097199421,0.05520178312201099,0.03290921113085917,9.606438293332635e-05,0.04698207276334243,0.0005833558678619444,2.7578320876319853,0
4.338301650825413,0.538849374978772,0.05887668864709391,0.019368783726482756,0.06958479245443296,0.02669991472668432,0.08447787454161301,0.0539679201288406,0.06109070119505586,0.05529355244473006,0.03289086291945788,9.606438293332635e-05,0.04698207276334243,0.0005833558678619444,2.7578320876319853,0
4.343541145572787,0.5353158253625798,0.05867385085788428,0.019539134693368057,0.06951084138707614,0.02682087624242136,0.08511683488904143,0.0537024464761953,0.060881971418117485,0.05538532176744916,0.032872514708056584,9.606438293332635e-05,0.04698207276334243,0.0005833558678619444,2.7578320876319853,0
4.34878064032016,0.5317822757463881,0.05847101306867468,0.019709485660253333,0.06943689031971932,0.026941837758158376,0.0857557952364697,0.05343697282355007,0.06067324164117914,0.05547709109016825,0.0328541664966553,9.606438293332635e-05,0.04698207276334243,0.0005833558678619444,2.7578320876319853,0
4.354020135067534,0.5282487261301959,0.05826817527946505,0.01987983662713863,0.06936293925236248,0.02706279927389542,0.08639475558389811,0.053171499170904774,0.06046451186424073,0.05556886041288735,0.03283581828525401,9.606438293332635e-05,0.04698207276334243,0.0005833558678619444,2.7578320876319853,0
4.359259629814908,0.5247151765140042,0.05806533749025544,0.020050187594023904,0.06928898818500566,0.02718376078963244,0.08703371593132639,0.052906025518259535,0.06025578208730239,0.05566062973560643,0.032817470073852724,9.606438293332635e-05,0.04698207276334243,0.0005833558678619444,2.7578320876319853,0
4.364499124562282,0.5211816268978121,0.05786249970104581,0.020220538560909208,0.06921503711764884,0.02730472230536948,0.0876726762787548,0.05264055186561426,0.060047052310364,0.05575239905832553,0.03279912186245143,9.606438293332635e-05,0.04698207276334243,0.0005833558678619444,2.7578320876319853,0
4.369738619309655,0.5176480772816207,0.057659661911836205,0.02039088952779448,0.06914108605029201,0.0274256838211065,0.08831163662618309,0.052375078212969016,0.05983832253342565,0.05584416838104461,0.03278077365105015,9.606438293332635e-05,0.04698207276334243,0.0005833558678619444,2.7578320876319853,0
4.374978114057029,0.5141145276654284,0.05745682412262657,0.020561240494679785,0.06906713498293518,0.027546645336843544,0.08895059697361149,0.05210960456032372,0.05962959275648727,0.05593593770376371,0.03276242543964886,9.606438293332635e-05,0.04698207276334243,0.0005833558678619444,2.7578320876319853,0
4.3802176088044025,0.5105809780492369,0.057253986333416974,0.020731591461565054,0.06899318391557838,0.02766760685258056,0.08958955732103978,0.05184413090767848,0.05942086297954892,0.0560277070264828,0.03274407722824756,9.606438293332635e-05,0.04698207276334243,0.0005833558678619444,2.7578320876319853,0
4.385457103551776,0.5071945411755112,0.057059293264315906,0.020900066912230047,0.06890665323151923,0.02778173188512088,0.09021925289783368,0.05158324051043111,0.05920326031971202,0.056116497611465976,0.03271907777178759,9.606438293332635e-05,0.04698207276334243,0.0005833558678619444,2.7578320876319853,0
4.39069659829915,0.5041125145150414,0.056881453500670164,0.02106466148702388,0.06879409241751451,0.02788171065627728,0.0908297775261611,0.05133183392627622,0.058967297617569636,0.0561991245006726,0.03268031535439848,9.606438293332635e-05,0.04698207276334243,0.0005833558678619444,2.7578320876319853,0
4.395936093046523,0.5010304878545722,0.05670361373702446,0.02122925606181768,0.0686815316035098,0.02798168942743367,0.09144030215448842,0.05108042734212137,0.058731334915427286,0.056281751389879196,0.03264155293700936,9.606438293332635e-05,0.04698207276334243,0.0005833558678619444,2.7578320876319853,0
4.401175587793897,0.4979484611941025,0.05652577397337872,0.021393850636611512,0.06856897078950507,0.02808166819859007,0.09205082678281586,0.05082902075796648,0.058495372213284894,0.05636437827908582,0.03260279051962024,9.606438293332635e-05,0.04698207276334243,0.0005833558678619444,2.7578320876319853,0
4.406415082541271,0.4948664345336333,0.05634793420973302,0.021558445211405312,0.06845640997550036,0.028181646969746448,0.09266135141114316,0.05057761417381164,0.058259409511142536,0.05644700516829242,0.032564028102231135,9.606438293332635e-05,0.04698207276334243,0.0005833558678619444,2.7578320876319853,0
4.411654577288645,0.4917844078731635,0.056170094446087275,0.021723039786199144,0.06834384916149562,0.02828162574090285,0.0932718760394706,0.05032620758965676,0.058023446809000144,0.05652963205749904,0.03252526568484202,9.606438293332635e-05,0.04698207276334243,0.0005833558678619444,2.7578320876319853,0
4.416894072036018,0.48870238121269427,0.055992254682441574,0.021887634360992943,0.06823128834749093,0.028381604512059233,0.09388240066779793,0.0500748010055019,0.057787484106857794,0.05661225894670564,0.03248650326745291,9.606438293332635e-05,0.04698207276334243,0.0005833558678619444,2.7578320876319853,0
4.422133566783392,0.4856203545522246,0.05581441491879583,0.022052228935786778,0.06811872753348618,0.028481583283215633,0.09449292529612534,0.04982339442134702,0.0575515214047154,0.056694885835912256,0.03244774085006379,9.606438293332635e-05,0.04698207276334243,0.0005833558678619444,2.7578320876319853,0
4.427373061530766,0.4825383278917554,0.05563657515515013,0.022216823510580578,0.06800616671948147,0.028581562054372015,0.09510344992445267,0.049571987837192175,0.057315558702573065,0.05677751272511886,0.03240897843267468,9.606438293332635e-05,0.04698207276334243,0.0005833558678619444,2.7578320876319853,0
4.43261255627814,0.4794563012312857,0.05545873539150439,0.022381418085374406,0.06789360590547676,0.02868154082552842,0.0957139745527801,0.04932058125303728,0.05707959600043068,0.05686013961432547,0.032370216015285565,9.606438293332635e-05,0.04698207276334243,0.0005833558678619444,2.7578320876319853,0
4.437852051025513,0.4765852838110379,0.055291134318051625,0.02254040304295333,0.06776366342669025,0.028775107116277482,0.09628026618370931,0.04905754327989189,0.05685515850880547,0.056968522281964105,0.032329843767382384,9.606438293332635e-05,0.04698207276334243,0.0005833558678619444,2.7578320876319853,0
4.443091545772886,0.4741933611411287,0.05514678010675821,0.022686651410626334,0.0675942560204894,0.028854113922823072,0.09674612715661167,0.048768096333382756,0.0566568889131905,0.0571353832334197,0.03228581641249233,9.606438293332635e-05,0.04698207276334243,0.0005833558678619444,2.7578320876319853,0
4.4483310405202605,0.47180143847121914,0.05500242589546478,0.022832899778299373,0.06742484861428852,0.028933120729368673,0.09721198812951411,0.04847864938687358,0.05645861931757549,0.057302244184875326,0.03224178905760226,9.606438293332635e-05,0.04698207276334243,0.0005833558678619444,2.7578320876319853,0
4.453570535267634,0.46940951580131,0.05485807168417138,0.02297914814597238,0.06725544120808766,0.029012127535914263,0.09767784910241646,0.04818920244036443,0.05626034972196053,0.05746910513633092,0.03219776170271221,9.606438293332635e-05,0.04698207276334243,0.0005833558678619444,2.7578320876319853,0
4.458810030015008,0.4670175931314005,0.05471371747287795,0.023125396513645414,0.06708603380188678,0.029091134342459867,0.09814371007531889,0.04789975549385524,0.056062080126345525,0.057635966087786546,0.03215373434782215,9.606438293332635e-05,0.04698207276334243,0.0005833558678619444,2.7578320876319853,0
4.464049524762381,0.46462567046149145,0.05456936326158454,0.023271644881318422,0.06691662639568592,0.029170141149005454,0.09860957104822124,0.047610308547346096,0.055863810530730564,0.057802827039242145,0.03210970699293209,9.606438293332635e-05,0.04698207276334243,0.0005833558678619444,2.7578320876319853,0
4.469289019509755,0.4622337477915819,0.05442500905029111,0.023417893248991458,0.06674721898948503,0.029249147955551055,0.09907543202112368,0.04732086160083692,0.05566554093511555,0.05796968799069776,0.03206567963804203,9.606438293332635e-05,0.04698207276334243,0.0005833558678619444,2.7578320876319853,0
4.474528514257129,0.45984182512167276,0.054280654838997695,0.023564141616664466,0.0665778115832842,0.029328154762096638,0.09954129299402603,0.047031414654327766,0.055467271339500586,0.05813654894215336,0.03202165228315197,9.606438293332635e-05,0.04698207276334243,0.0005833558678619444,2.7578320876319853,0
4.479768009004503,0.45744990245176315,0.05413630062770426,0.023710389984337502,0.0664084041770833,0.02940716156864224,0.10000715396692847,0.04674196770781857,0.05526900174388558,0.058303409893608986,0.031977624928261915,9.606438293332635e-05,0.04698207276334243,0.0005833558678619444,2.7578320876319853,0
4.485007503751876,0.455057979781854,0.05399194641641086,0.023856638352010514,0.06623899677088245,0.02948616837518784,0.10047301493983082,0.04645252076130942,0.05507073214827061,0.05847027084506458,0.03193359757337186,9.606438293332635e-05,0.04698207276334243,0.0005833558678619444,2.7578320876319853,0
4.4902469984992495,0.45278311188109943,0.05387491510881401,0.024000259755794652,0.06606515063804373,0.029560856128010495,0.1009525761989285,0.04616972714366779,0.05486808212751146,0.058652464168123954,0.03188473037940037,9.606438293332635e-05,0.04698207276334243,0.0005833558678619444,2.7578320876319853,0
4.495486493246624,0.45080088090323056,0.053826191060458495,0.024137313749856656,0.06588020768861036,0.029624746246525842,0.10146638817351453,0.04590356684819485,0.05465448104389181,0.058872988420192805,0.0318237635877253,9.606438293332635e-05,0.04698207276334243,0.0005833558678619444,2.7578320876319853,0
4.500725987993997,0.4488186499253621,0.053777467012102974,0.024274367743918637,0.06569526473917703,0.029688636365041175,0.10198020014810047,0.04563740655272195,0.054440879960272186,0.0590935126722616,0.031762796796050236,9.606438293332635e-05,0.04698207276334243,0.0005833558678619444,2.7578320876319853,0
4.505965482741371,0.4468364189474934,0.05372874296374746,0.02441142173798064,0.06551032178974364,0.029752526483556523,0.1024940121226865,0.04537124625724901,0.054227278876652546,0.05931403692433046,0.03170183000437516,9.606438293332635e-05,0.04698207276334243,0.0005833558678619444,2.7578320876319853,0
4.511204977488744,0.44485418796962484,0.05368001891539196,0.024548475732042628,0.06532537884031028,0.029816416602071856,0.10300782409727244,0.04510508596177611,0.05401367779303291,0.059534561176399256,0.0316408632127001,9.606438293332635e-05,0.04698207276334243,0.0005833558678619444,2.7578320876319853,0
4.516444472236119,0.44287195699175597,0.053631294867036446,0.024685529726104636,0.06514043589087692,0.029880306720587203,0.10352163607185846,0.04483892566630317,0.05380007670941326,0.05975508542846811,0.031579896421025024,9.606438293332635e-05,0.04698207276334243,0.0005833558678619444,2.7578320876319853,0
4.521683966983492,0.4408897260138875,0.05358257081868093,0.024822583720166613,0.0649554929414436,0.029944196839102537,0.1040354480464444,0.04457276537083027,0.05358647562579364,0.05997560968053691,0.03151892962934996,9.606438293332635e-05,0.04698207276334243,0.0005833558678619444,2.7578320876319853,0
4.526923461730866,0.43890749503601867,0.05353384677032542,0.02495963771422862,0.0647705499920102,0.030008086957617888,0.10454926002103043,0.04430660507535732,0.05337287454217399,0.06019613393260576,0.03145796283767489,9.606438293332635e-05,0.04698207276334243,0.0005833558678619444,2.7578320876319853,0
4.532162956478239,0.4369252640581502,0.05348512272196991,0.0250966917082906,0.06458560704257686,0.030071977076133224,0.10506307199561637,0.044040444779884426,0.05315927345855436,0.060416658184674565,0.031396996045999825,9.606438293332635e-05,0.04698207276334243,0.0005833558678619444,2.7578320876319853,0
4.5374024512256135,0.43494303308028137,0.053436398673614396,0.02523374570235261,0.0644006640931435,0.03013586719464857,0.1055768839702024,0.04377428448441148,0.052945672374934714,0.06063718243674342,0.03133602925432476,9.606438293332635e-05,0.04698207276334243,0.0005833558678619444,2.7578320876319853,0
4.542641945972987,0.4330492290152725,0.05339368712295851,0.025364365542116123,0.06421299695571389,0.030193040782859674,0.1061336719870177,0.04350666705386509,0.05273295666244122,0.06085110803910819,0.03127032995300915,9.606438293332635e-05,0.04698207276334243,0.0005833558678619444,2.7578320876319853,0
4.54788144072036,0.4313998502848658,0.05336759502349117,0.025477200408205572,0.06401779975146447,0.030231648867493972,0.10680925227150467,0.043235021882030655,0.05252268824938124,0.06104679397766844,0.031191549280706016,9.606438293332635e-05,0.04698207276334243,0.0005833558678619444,2.7578320876319853,0
4.553120935467734,0.42975047155445895,0.05334150292402385,0.025590035274295042,0.06382260254721502,0.030270256952128278,0.10748483255599176,0.042963376710196184,0.05231241983632123,0.06124247991622873,0.03111276860840287,9.606438293332635e-05,0.04698207276334243,0.0005833558678619444,2.7578320876319853,0
4.558360430215108,0.42810109282405234,0.05331541082455653,0.02570287014038449,0.0636274053429656,0.03030886503676258,0.10816041284047873,0.04269173153836174,0.052102151423261266,0.06143816585478897,0.03103398793609973,9.606438293332635e-05,0.04698207276334243,0.0005833558678619444,2.7578320876319853,0
4.563599924962482,0.42645171409364546,0.05328931872508919,0.02581570500647397,0.06343220813871615,0.030347473121396885,0.10883599312496581,0.04242008636652726,0.05189188301020124,0.06163385179334926,0.030955207263796587,9.606438293332635e-05,0.04698207276334243,0.0005833558678619444,2.7578320876319853,0
4.568839419709855,0.4248023353632389,0.05326322662562187,0.025928539872563414,0.06323701093446672,0.03038608120603119,0.10951157340945278,0.04214844119469284,0.05168161459714127,0.0618295377319095,0.03087642659149345,9.606438293332635e-05,0.04698207276334243,0.0005833558678619444,2.7578320876319853,0
4.574078914457229,0.423152956632832,0.05323713452615454,0.026041374738652888,0.06304181373021728,0.030424689290665496,0.11018715369393986,0.041876796022858355,0.05147134618408125,0.062025223670469795,0.030797645919190302,9.606438293332635e-05,0.04698207276334243,0.0005833558678619444,2.7578320876319853,0
4.579318409204602,0.42150357790242543,0.05321104242668722,0.026154209604742344,0.06284661652596785,0.0304632973752998,0.11086273397842683,0.041605150851023925,0.05126107777102128,0.062220909609030046,0.030718865246887172,9.606438293332635e-05,0.04698207276334243,0.0005833558678619444,2.7578320876319853,0
4.584557903951977,0.4198541991720185,0.053184950327219885,0.02626704447083181,0.0626514193217184,0.030501905459934104,0.11153831426291391,0.04133350567918945,0.05105080935796127,0.062416595547590326,0.030640084574584024,9.606438293332635e-05,0.04698207276334243,0.0005833558678619444,2.7578320876319853,0
4.58979739869935,0.4182048204416119,0.05315885822775256,0.026379879336921264,0.06245622211746897,0.030540513544568403,0.11221389454740088,0.04106186050735502,0.05084054094490129,0.06261228148615058,0.03056130390228089,9.606438293332635e-05,0.04698207276334243,0.0005833558678619444,2.7578320876319853,0
4.595036893446724,0.416640332443962,0.05314522461968918,0.026487989807324405,0.06225318809112738,0.03057500801648683,0.11286255814652608,0.04080371468059065,0.050634639504579346,0.06280136405963192,0.03047910279050203,9.606438293332635e-05,0.04698207276334243,0.0005833558678619444,2.7578320876319853,0
4.600276388194097,0.41533658026835146,0.053169856378080756,0.026581589633833818,0.06202608382550285,0.03059686782077789,0.11342854906918258,0.04058703112797024,0.050442150909095755,0.06297016486894227,0.03038639604319066,9.606438293332635e-05,0.04698207276334243,0.0005833558678619444,2.7578320876319853,0
4.605515882941471,0.4140328280927409,0.05319448813647234,0.02667518946034323,0.06179897955987832,0.030618727625068946,0.11399453999183909,0.040370347575349824,0.05024966231361217,0.06313896567825261,0.030293689295879285,9.606438293332635e-05,0.04698207276334243,0.0005833558678619444,2.7578320876319853,0
4.610755377688845,0.4127290759171301,0.05321911989486393,0.02676878928685266,0.06157187529425375,0.030640587429360017,0.1145605309144957,0.04015366402272937,0.05005717371812855,0.06330776648756298,0.030200982548567894,9.606438293332635e-05,0.04698207276334243,0.0005833558678619444,2.7578320876319853,0
4.615994872436218,0.4114253237415196,0.053243751653255504,0.026862389113362074,0.06134477102862921,0.030662447233651073,0.11512652183715219,0.03993698047010896,0.04986468512264497,0.06347656729687332,0.030108275801256523,9.606438293332635e-05,0.04698207276334243,0.0005833558678619444,2.7578320876319853,0
4.621234367183592,0.4101215715659088,0.05326838341164709,0.026955988939871504,0.06111766676300464,0.030684307037942136,0.1156925127598088,0.039720296917488504,0.04967219652716136,0.06364536810618368,0.030015569053945135,9.606438293332635e-05,0.04698207276334243,0.0005833558678619444,2.7578320876319853,0
4.6264738619309655,0.40881781939029826,0.05329301517003866,0.02704958876638091,0.06089056249738011,0.030706166842233196,0.1162585036824653,0.039503613364868094,0.04947970793167777,0.06381416891549402,0.02992286230663376,9.606438293332635e-05,0.04698207276334243,0.0005833558678619444,2.7578320876319853,0
4.63171335667834,0.40751406721468747,0.053317646928430246,0.027143188592890347,0.06066345823175554,0.030728026646524263,0.1168244946051219,0.03928692981224764,0.04928721933619415,0.06398296972480438,0.029830155559322374,9.606438293332635e-05,0.04698207276334243,0.0005833558678619444,2.7578320876319853,0
4.636952851425713,0.4062103150390769,0.05334227868682182,0.027236788419399756,0.060436353966131014,0.03074988645081532,0.11739048552777841,0.039070246259627225,0.04909473074071056,0.06415177053411474,0.029737448812011,9.606438293332635e-05,0.04698207276334243,0.0005833558678619444,2.7578320876319853,0
4.642192346173087,0.40490656286346616,0.05336691044521341,0.027330388245909186,0.06020924970050646,0.03077174625510639,0.117956476450435,0.038853562707006774,0.04890224214522695,0.0643205713434251,0.02964474206469961,9.606438293332635e-05,0.04698207276334243,0.0005833558678619444,2.7578320876319853,0
4.6474318409204605,0.40368297912578194,0.05338619607230446,0.027423260162152827,0.05998362311493077,0.030787868259331833,0.11855318166065114,0.03863563125766456,0.04871387645301051,0.06449047301025035,0.029555430355067358,9.606438293332635e-05,0.04698207276334243,0.0005833558678619444,2.7578320876319853,0
4.652671335667835,0.40273464035831125,0.053387126648596996,0.02751363291981733,0.05976306989752282,0.030784290483332023,0.11925533925815547,0.03841341536291079,0.04853966606201124,0.06466415428787681,0.02947777494146673,9.606438293332635e-05,0.04698207276334243,0.0005833558678619444,2.7578320876319853,0
4.657910830415208,0.40178630159084067,0.05338805722488954,0.027604005677481818,0.059542516680114906,0.030780712707332212,0.11995749685565966,0.03819119946815706,0.048365455671012005,0.06483783556550325,0.029400119527866118,9.606438293332635e-05,0.04698207276334243,0.0005833558678619444,2.7578320876319853,0
4.663150325162581,0.40083796282337014,0.053388987801182085,0.027694378435146307,0.05932196346270699,0.030777134931332398,0.12065965445316387,0.03796898357340332,0.04819124528001277,0.06501151684312968,0.029322464114265503,9.606438293332635e-05,0.04698207276334243,0.0005833558678619444,2.7578320876319853,0
4.668389819909955,0.3998896240558995,0.053389918377474636,0.02778475119281081,0.05910141024529904,0.030773557155332587,0.1213618120506682,0.037746767678649554,0.0480170348890135,0.06518519812075615,0.02924480870066488,9.606438293332635e-05,0.04698207276334243,0.0005833558678619444,2.7578320876319853,0
4.673629314657329,0.398941285288429,0.05339084895376718,0.027875123950475297,0.058880857027891136,0.030769979379332773,0.1220639696481724,0.03752455178389582,0.04784282449801427,0.06535887939838259,0.029167153287064266,9.606438293332635e-05,0.04698207276334243,0.0005833558678619444,2.7578320876319853,0
4.678868809404703,0.3979929465209583,0.053391779530059726,0.027965496708139803,0.05866030381048318,0.030766401603332962,0.12276612724567672,0.03730233588914205,0.047668614107015,0.06553256067600906,0.02908949787346364,9.606438293332635e-05,0.04698207276334243,0.0005833558678619444,2.7578320876319853,0
4.684108304152076,0.39704460775348777,0.05339271010635227,0.02805586946580429,0.058439750593075254,0.030762823827333148,0.12346828484318091,0.03708011999438832,0.047494403716015765,0.06570624195363549,0.029011842459863033,9.606438293332635e-05,0.04698207276334243,0.0005833558678619444,2.7578320876319853,0
4.68934779889945,0.3960962689860171,0.053393640682644815,0.0281462422234688,0.058219197375667324,0.030759246051333337,0.12417044244068524,0.03685790409963455,0.047320193325016496,0.06587992323126196,0.0289341870462624,9.606438293332635e-05,0.04698207276334243,0.0005833558678619444,2.7578320876319853,0
4.694587293646824,0.39514793021854655,0.05339457125893736,0.02823661498113328,0.0579986441582594,0.030755668275333523,0.12487260003818945,0.03663568820488082,0.04714598293401727,0.06605360450888839,0.028856531632661792,9.606438293332635e-05,0.04698207276334243,0.0005833558678619444,2.7578320876319853,0
4.699826788394198,0.39426914490779547,0.05340274821139587,0.028324511390584808,0.05777560782368419,0.03075043631688563,0.12554228123222883,0.036417912408457764,0.04696698855217573,0.06622960331303954,0.02877766986250945,9.606438293332635e-05,0.04698207276334243,0.0005833558678619444,2.7578320876319853,0
4.705066283141571,0.393659243082168,0.05343893859366675,0.028402834600237375,0.057542972121523414,0.030738809531168948,0.1260864134031171,0.03621730138241077,0.04676949996183427,0.06641456133558479,0.02869414449446817,9.606438293332635e-05,0.04698207276334243,0.0005833558678619444,2.7578320876319853,0
4.710305777888944,0.3930493412565405,0.05347512897593762,0.028481157809889936,0.05731033641936263,0.030727182745452265,0.12663054557400535,0.03601669035636379,0.046572011371492805,0.06659951935813006,0.028610619126426887,9.606438293332635e-05,0.04698207276334243,0.0005833558678619444,2.7578320876319853,0
4.715545272636319,0.3924394394309129,0.0535113193582085,0.028559481019542515,0.05707770071720179,0.03071555595973558,0.12717467774489372,0.035816079330316775,0.04637452278115131,0.06678447738067537,0.02852709375838559,9.606438293332635e-05,0.04698207276334243,0.0005833558678619444,2.7578320876319853,0
4.720784767383692,0.39182953760528544,0.05354750974047938,0.02863780422919508,0.05684506501504102,0.0307039291740189,0.12771880991578197,0.03561546830426979,0.04617703419080985,0.06696943540322063,0.02844356839034431,9.606438293332635e-05,0.04698207276334243,0.0005833558678619444,2.7578320876319853,0
4.726024262131066,0.3912196357796579,0.05358370012275026,0.028716127438847657,0.0566124293128802,0.030692302388302214,0.12826294208667033,0.03541485727822277,0.04597954560046836,0.06715439342576593,0.02836004302230301,9.606438293332635e-05,0.04698207276334243,0.0005833558678619444,2.7578320876319853,0
4.731263756878439,0.3906097339540304,0.05361989050502113,0.028794450648500218,0.05637979361071942,0.03068067560258553,0.1288070742575586,0.035214246252175785,0.04578205701012689,0.0673393514483112,0.02827651765426173,9.606438293332635e-05,0.04698207276334243,0.0005833558678619444,2.7578320876319853,0
4.736503251625813,0.38999983212840283,0.05365608088729201,0.028872773858152796,0.05614715790855859,0.030669048816868844,0.12935120642844694,0.03501363522612876,0.04558456841978539,0.06752430947085648,0.02819299228622044,9.606438293332635e-05,0.04698207276334243,0.0005833558678619444,2.7578320876319853,0
4.741742746373187,0.38938993030277536,0.05369227126956289,0.028951097067805364,0.0559145222063978,0.03065742203115216,0.12989533859933522,0.03481302420008178,0.045387079829443934,0.06770926749340175,0.028109466918179157,9.606438293332635e-05,0.04698207276334243,0.0005833558678619444,2.7578320876319853,0
4.746982241120561,0.38878002847714777,0.05372846165183377,0.029029420277457942,0.055681886504236985,0.030645795245435477,0.13043947077022355,0.03461241317403476,0.045189591239102433,0.06789422551594707,0.02802594155013786,9.606438293332635e-05,0.04698207276334243,0.0005833558678619444,2.7578320876319853,0
4.752221735867934,0.38819190236758466,0.053762750443321496,0.029103802176382455,0.05545407226839355,0.030630065970507925,0.13102778273783855,0.03440948830830811,0.0449941506207961,0.06808742692603681,0.02794419422687629,9.606438293332635e-05,0.04698207276334243,0.0005833558678619444,2.7578320876319853,0
4.757461230615308,0.38769941284884446,0.05378868765366699,0.02916087426467705,0.055247433391376284,0.030596319006478596,0.13181012759648297,0.03419640130885315,0.04480770447426561,0.0683168324030449,0.027870255884066154,9.606438293332635e-05,0.04698207276334243,0.0005833558678619444,2.7578320876319853,0
4.762700725362682,0.38720692333010426,0.053814624864012485,0.029217946352971636,0.055040794514359045,0.03056257204244927,0.1325924724551273,0.03398331430939824,0.044621258327735155,0.06854623788005293,0.027796317541256027,9.606438293332635e-05,0.04698207276334243,0.0005833558678619444,2.7578320876319853,0
4.767940220110055,0.3867144338113641,0.05384056207435798,0.029275018441266225,0.05483415563734181,0.030528825078419943,0.1333748173137716,0.03377022730994332,0.0444348121812047,0.06877564335706098,0.0277223791984459,9.606438293332635e-05,0.04698207276334243,0.0005833558678619444,2.7578320876319853,0
4.773179714857429,0.3862219442926239,0.05386649928470349,0.02933209052956082,0.05462751676032455,0.030495078114390613,0.13415716217241605,0.03355714031048836,0.04424836603467421,0.06900504883406905,0.027648440855635767,9.606438293332635e-05,0.04698207276334243,0.0005833558678619444,2.7578320876319853,0
4.778419209604802,0.3857294547738837,0.05389243649504898,0.02938916261785541,0.0544208778833073,0.030461331150361287,0.13493950703106036,0.03334405331103345,0.04406191988814376,0.0692344543110771,0.02757450251282564,9.606438293332635e-05,1.2025052500887897e-10,0.0005833558678619444,2.7578320876319853,0
4.7836587043521765,0.3852369652551435,0.05391837370539448,0.029446234706150008,0.05421423900629003,0.03042758418633195,0.13572185188970481,0.0331309663115785,0.04387547374161326,0.06946385978808517,0.0275005641700155,9.606438293332635e-05,1.2025052500887897e-10,0.0005833558678619444,2.7578320876319853,0
4.78889819909955,0.38474447573640336,0.05394431091573997,0.029503306794444586,0.05400760012927278,0.030393837222302624,0.13650419674834913,0.032917879312123574,0.043689027595082815,0.06969326526509322,0.027426625827205373,9.606438293332635e-05,1.2025052500887897e-10,0.0005833558678619444,2.7578320876319853,0
4.794137693846924,0.38425198621766316,0.053970248126085474,0.029560378882739186,0.05380096125225552,0.030360090258273294,0.13728654160699358,0.032704792312668624,0.04350258144855233,0.0699226707421013,0.027352687484395233,9.606438293332635e-05,1.2025052500887897e-10,0.0005833558678619444,2.7578320876319853,0
4.799377188594297,0.383759496698923,0.053996185336430975,0.02961745097103377,0.0535943223752383,0.030326343294243968,0.1380688864656379,0.03249170531321371,0.04331613530202188,0.07015207621910934,0.02727874914158511,9.606438293332635e-05,1.2025052500887897e-10,0.0005833558678619444,2.7578320876319853,0
4.804616683341672,0.38326867455118735,0.05402660164164431,0.02966881399421583,0.05339134196889907,0.030289886003771107,0.13878877533460487,0.032281051752309824,0.043132313887390736,0.07038860231202287,0.0272056113571664,9.606438293332635e-05,1.2025052500887897e-10,0.0005833558678619444,2.7578320876319853,0
4.809856178089045,0.38278626504806584,0.05407961701641807,0.02969137218887556,0.05320682021007184,0.030239753884424066,0.13919354534656309,0.032082675995004556,0.042961735438251804,0.07066105514882293,0.027136512753722634,9.606438293332635e-05,1.2025052500887897e-10,0.0005833558678619444,2.7578320876319853,0
4.815095672836419,0.3823038555449443,0.05413263239119184,0.02971393038353529,0.053022298451244565,0.03018962176507703,0.13959831535852135,0.03188430023769925,0.04279115698911284,0.07093350798562302,0.027067414150278853,9.606438293332635e-05,1.2025052500887897e-10,0.0005833558678619444,2.7578320876319853,0
4.820335167583792,0.3818214460418228,0.05418564776596561,0.02973648857819502,0.05283777669241734,0.03013948964573,0.14000308537047956,0.03168592448039398,0.042620578539973905,0.07120596082242306,0.026998315546835086,9.606438293332635e-05,1.2025052500887897e-10,0.0005833558678619444,2.7578320876319853,0
4.8255746623311655,0.3813390365387013,0.05423866314073937,0.02975904677285475,0.052653254933590105,0.030089357526382966,0.1404078553824378,0.03148754872308871,0.04245000009083497,0.07147841365922311,0.02692921694339132,9.606438293332635e-05,1.2025052500887897e-10,0.0005833558678619444,2.7578320876319853,0
4.83081415707854,0.3808566270355798,0.05429167851551315,0.02978160496751448,0.05246873317476285,0.03003922540703593,0.14081262539439607,0.0312891729657834,0.042279421641696006,0.0717508664960232,0.026860118339947538,9.606438293332635e-05,1.2025052500887897e-10,0.0005833558678619444,2.7578320876319853,0
4.836053651825913,0.3803742175324583,0.05434469389028691,0.029804163162174213,0.0522842114159356,0.029989093287688895,0.14121739540635428,0.031090797208478134,0.04210884319255707,0.07202331933282326,0.02679101973650377,9.606438293332635e-05,1.2025052500887897e-10,0.0005833558678619444,2.7578320876319853,0
4.841293146573287,0.37989180802933675,0.054397709265060684,0.02982672135683394,0.052099689657108345,0.029938961168341854,0.14162216541831257,0.030892421451172828,0.04193826474341811,0.07229577216962335,0.026721921133059993,9.606438293332635e-05,1.2025052500887897e-10,0.0005833558678619444,2.7578320876319853,0
4.84653264132066,0.37940939852621525,0.05445072463983446,0.029849279551493673,0.051915167898281114,0.029888829048994824,0.1420269354302708,0.030694045693867557,0.041767686294279176,0.0725682250064234,0.026652822529616225,9.606438293332635e-05,1.2025052500887897e-10,0.0005833558678619444,2.7578320876319853,0
4.851772136068035,0.3789269890230937,0.05450374001460823,0.029871837746153405,0.051730646139453856,0.02983869692964778,0.14243170544222905,0.03049566993656225,0.0415971078451402,0.0728406778432235,0.026583723926172444,9.606438293332635e-05,1.2025052500887897e-10,0.0005833558678619444,2.7578320876319853,0
4.857011630815408,0.3784781844420127,0.0545616580073404,0.029894259837590788,0.05154376347273319,0.02978739421018861,0.142868597785506,0.03029821862500212,0.041425973596496746,0.07311215210963265,0.02651409435275677,9.606438293332635e-05,1.2025052500887897e-10,0.0005833558678619444,2.7578320876319853,0
4.862251125562782,0.3782269536267213,0.05464840001255222,0.029915881735945057,0.05134300029581147,0.029729209169380485,0.14349434728360522,0.03010620241687458,0.04125157163007653,0.0733778730570195,0.026441343042092457,9.606438293332635e-05,1.2025052500887897e-10,0.0005833558678619444,2.7578320876319853,0
4.867490620310155,0.37797572281142994,0.05473514201776403,0.029937503634299322,0.05114223711888979,0.029671024128572365,0.14412009678170434,0.029914186208747074,0.041077169663656356,0.07364359400440632,0.026368591731428165,9.606438293332635e-05,1.2025052500887897e-10,0.0005833558678619444,2.7578320876319853,0
4.872730115057529,0.37772449199613856,0.05482188402297583,0.02995912553265359,0.05094147394196811,0.02961283908776425,0.14474584627980347,0.029722170000619566,0.04090276769723619,0.07390931495179312,0.026295840420763866,9.606438293332635e-05,1.2025052500887897e-10,0.0005833558678619444,2.7578320876319853,0
4.877969609804903,0.37747326118084723,0.05490862602818765,0.02998074743100786,0.05074071076504638,0.029554654046956123,0.14537159577790268,0.02953015379249203,0.040728365730815994,0.07417503589917998,0.026223089110099556,9.606438293332635e-05,1.2025052500887897e-10,0.0005833558678619444,2.7578320876319853,0
4.883209104552276,0.37722203036555585,0.05499536803339945,0.03000236932936213,0.05053994758812469,0.029496469006148007,0.1459973452760018,0.029338137584364526,0.04055396376439582,0.07444075684656679,0.026150337799435246,9.606438293332635e-05,1.2025052500887897e-10,0.0005833558678619444,2.7578320876319853,0
4.88844859929965,0.37697079955026447,0.05508211003861127,0.030023991227716398,0.05033918441120298,0.029438283965339884,0.14662309477410104,0.029146121376236987,0.040379561797975624,0.07470647779395365,0.026077586488770944,9.606438293332635e-05,1.2025052500887897e-10,0.0005833558678619444,2.7578320876319853,0
4.893688094047024,0.3767195687349731,0.05516885204382307,0.030045613126070663,0.05013842123428129,0.029380098924531764,0.14724884427220014,0.028954105168109482,0.040205159831555454,0.07497219874134044,0.026004835178106648,9.606438293332635e-05,1.2025052500887897e-10,0.0005833558678619444,2.7578320876319853,0
4.898927588794398,0.37646833791968165,0.05525559404903489,0.030067235024424932,0.04993765805735957,0.029321913883723634,0.14787459377029935,0.028762088959981946,0.040030757865135255,0.0752379196887273,0.025932083867442335,9.606438293332635e-05,1.2025052500887897e-10,0.0005833558678619444,2.7578320876319853,0
4.904167083541771,0.3762171071043904,0.055342336054246696,0.030088856922779204,0.049736894880437886,0.029263728842915518,0.14850034326839848,0.028570072751854438,0.039856355898715085,0.0755036406361141,0.025859332556778032,9.606438293332635e-05,1.2025052500887897e-10,0.0005833558678619444,2.7578320876319853,0
4.909406578289145,0.37595006757894234,0.05543953960585951,0.030108222984722714,0.049536780550024896,0.029204659581713355,0.14911064767508564,0.028381621833432312,0.03967971885763083,0.07577672269542501,0.025785722999851816,9.606438293332635e-05,1.2025052500887897e-10,0.0005833558678619444,2.7578320876319853,0
4.914646073036519,0.37557268325660126,0.055609764751351286,0.03011184330851916,0.04934119516824291,0.02913941846216085,0.1496131453437166,0.02821805663715396,0.03948748099539151,0.07610118531596566,0.025706122884017506,9.606438293332635e-05,1.2025052500887897e-10,0.0005833558678619444,2.7578320876319853,0
4.919885567783893,0.3751952989342601,0.05577998989684308,0.030115463632315615,0.04914560978646089,0.029074177342608337,0.15011564301234767,0.028054491440875583,0.03929524313315216,0.07642564793650639,0.025626522768183193,9.606438293332635e-05,1.2025052500887897e-10,0.0005833558678619444,2.7578320876319853,0
4.925125062531266,0.37481791461191905,0.05595021504233485,0.030119083956112066,0.04895002440467889,0.029008936223055833,0.1506181406809786,0.027890926244597235,0.039103005270912844,0.07675011055704703,0.02554692265234889,9.606438293332635e-05,1.2025052500887897e-10,0.0005833558678619444,2.7578320876319853,0
4.930364557278639,0.374440530289578,0.05612044018782662,0.030122704279908517,0.0487544390228969,0.028943695103503333,0.15112063834960957,0.027727361048318883,0.03891076740867352,0.0770745731775877,0.02546732253651458,9.606438293332635e-05,1.2025052500887897e-10,0.0005833558678619444,2.7578320876319853,0
4.935604052026013,0.3740631459672369,0.05629066533331842,0.030126324603704967,0.04855885364111489,0.028878453983950815,0.1516231360182406,0.027563795852040506,0.03871852954643417,0.0773990357981284,0.02538772242068026,9.606438293332635e-05,1.2025052500887897e-10,0.0005833558678619444,2.7578320876319853,0
4.940843546773387,0.3736857616448958,0.056460890478810186,0.030129944927501415,0.04836326825933289,0.02881321286439831,0.15212563368687151,0.027400230655762154,0.03852629168419485,0.07772349841866907,0.025308122304845953,9.606438293332635e-05,1.2025052500887897e-10,0.0005833558678619444,2.7578320876319853,0
4.946083041520761,0.3733083773225547,0.05663111562430198,0.030133565251297866,0.04816768287755086,0.028747971744845793,0.15262813135550254,0.027236665459483778,0.0383340538219555,0.07804796103920977,0.025228522189011636,9.606438293332635e-05,1.2025052500887897e-10,0.0005833558678619444,2.7578320876319853,0
4.951322536268134,0.37293099300021365,0.05680134076979374,0.030137185575094313,0.047972097495768876,0.02868273062529329,0.15313062902413355,0.02707310026320543,0.038141815959716184,0.07837242365975045,0.02514892207317733,9.606438293332635e-05,1.2025052500887897e-10,0.0005833558678619444,2.7578320876319853,0
4.956562031015508,0.3725536086778725,0.05697156591528554,0.030140805898890767,0.047776512113986855,0.02861748950574078,0.15363312669276455,0.02690953506692705,0.03794957809747684,0.07869688628029115,0.02506932195734301,9.606438293332635e-05,1.2025052500887897e-10,0.0005833558678619444,2.7578320876319853,0
4.961801525762882,0.3721683069422069,0.05713926781919888,0.030142378229079135,0.04758166709517418,0.028552129029422706,0.1541502094195086,0.02674791623364136,0.03775757757234796,0.07901655018780594,0.024990728544651238,9.606438293332635e-05,1.2025052500887897e-10,0.0005833558678619444,2.7578320876319853,0
4.967041020510256,0.3717157071932827,0.057285522169695596,0.030126542613598865,0.04739311516160074,0.02848575402059728,0.15479126514021363,0.02660284148579323,0.03756759441265791,0.07929542503460098,0.024920692108670903,9.606438293332635e-05,1.2025052500887897e-10,0.0005833558678619444,2.7578320876319853,0
4.972280515257629,0.3712631074443585,0.057431776520192296,0.030110706998118596,0.047204563228027324,0.028419379011771863,0.15543232086091863,0.026457766737945122,0.03737761125296788,0.07957429988139596,0.024850655672690593,9.606438293332635e-05,1.2025052500887897e-10,0.0005833558678619444,2.7578320876319853,0
4.977520010005003,0.37081050769543417,0.057578030870689016,0.030094871382638323,0.04701601129445388,0.028353004002946443,0.1560733765816237,0.026312691990096993,0.03718762809327782,0.07985317472819099,0.024780619236710263,9.606438293332635e-05,1.2025052500887897e-10,0.0005833558678619444,2.7578320876319853,0
4.9827595047523765,0.37035790794651,0.05772428522118571,0.03007903576715805,0.046827459360880466,0.028286628994121026,0.15671443230232865,0.026167617242248885,0.036997644933587794,0.08013204957498597,0.02471058280072995,9.606438293332635e-05,1.2025052500887897e-10,0.0005833558678619444,2.7578320876319853,0
4.98799899949975,0.3699053081975858,0.05787053957168241,0.03006320015167778,0.04663890742730706,0.028220253985295613,0.15735548802303365,0.02602254249440078,0.03680766177389777,0.08041092442178095,0.024640546364749636,9.606438293332635e-05,1.2025052500887897e-10,0.0005833558678619444,2.7578320876319853,0
4.993238494247124,0.36945270844866157,0.05801679392217913,0.030047364536197507,0.04645035549373361,0.028153878976470186,0.15799654374373875,0.025877467746552647,0.0366176786142077,0.08068979926857597,0.024570509928769312,9.606438293332635e-05,1.2025052500887897e-10,0.0005833558678619444,2.7578320876319853,0
4.998477988994497,0.3690001086997374,0.05816304827267582,0.03003152892071724,0.0462618035601602,0.02808750396764477,0.15863759946444375,0.025732392998704542,0.03642769545451769,0.08096867411537097,0.024500473492788992,9.606438293332635e-05,1.2025052500887897e-10,0.0005833558678619444,2.7578320876319853,0
5.003717483741871,0.3685475089508131,0.05830930262317254,0.030015693305236957,0.04607325162658674,0.028021128958819346,0.1592786551851488,0.025587318250856413,0.036237712294827626,0.081247548962166,0.02443043705680867,9.606438293332635e-05,1.2025052500887897e-10,0.0005833558678619444,2.7578320876319853,0
5.008956978489245,0.3680949092018889,0.05845555697366924,0.02999985768975669,0.045884699693013335,0.027954753949993933,0.15991971090585377,0.025442243503008305,0.0360477291351376,0.08152642380896098,0.024360400620828362,9.606438293332635e-05,1.2025052500887897e-10,0.0005833558678619444,2.7578320876319853,0
5.014196473236619,0.36764445636216364,0.05860257221629178,0.029982436822106745,0.04569879685169126,0.02788771114572017,0.1605439674267586,0.025300790100448493,0.03585954641433923,0.08180394470552718,0.024290256303026333,9.606438293332635e-05,1.2025052500887897e-10,0.0005833558678619444,2.7578320876319853,0
5.019435967983992,0.3672170512241325,0.058757755859676755,0.02994799780616479,0.04554133279483252,0.027813499360898126,0.16098787959686672,0.025198212904660316,0.035690691934583955,0.08206693054816627,0.024218953842138412,9.606438293332635e-05,1.2025052500887897e-10,0.0005833558678619444,2.7578320876319853,0
5.024675462731366,0.3667896460861013,0.058912939503061756,0.029913558790222824,0.045383868737973745,0.02773928757607607,0.16143179176697492,0.025095635708872122,0.03552183745482866,0.08232991639080542,0.024147651381250485,9.606438293332635e-05,1.2025052500887897e-10,0.0005833558678619444,2.7578320876319853,0
5.02991495747874,0.36636224094807024,0.05906812314644673,0.029879119774280864,0.04522640468111499,0.02766507579125402,0.161875703937083,0.02499305851308395,0.03535298297507339,0.08259290223344451,0.024076348920362565,9.606438293332635e-05,1.2025052500887897e-10,0.0005833558678619444,2.7578320876319853,0
5.035154452226114,0.3659348358100391,0.05922330678983174,0.029844680758338897,0.04506894062425621,0.02759086400643197,0.16231961610719123,0.024890481317295758,0.03518412849531808,0.08285588807608366,0.024005046459474638,9.606438293332635e-05,1.2025052500887897e-10,0.0005833558678619444,2.7578320876319853,0
5.040393946973487,0.365507430672008,0.05937849043321671,0.029810241742396944,0.04491147656739746,0.027516652221609927,0.16276352827729934,0.024787904121507578,0.03501527401556281,0.08311887391872275,0.02393374399858672,9.606438293332635e-05,1.2025052500887897e-10,0.0005833558678619444,2.7578320876319853,0
5.04563344172086,0.36508002553397684,0.059533674076601685,0.02977580272645498,0.04475401251053871,0.027442440436787875,0.16320744044740748,0.024685326925719404,0.034846419535807534,0.08338185976136185,0.023862441537698797,9.606438293332635e-05,1.2025052500887897e-10,0.0005833558678619444,2.7578320876319853,0
5.0508729364682345,0.3646526203959457,0.05968885771998669,0.029741363710513016,0.044596548453679934,0.027368228651965826,0.16365135261751565,0.024582749729931207,0.03467756505605224,0.08364484560400098,0.02379113907681087,9.606438293332635e-05,1.2025052500887897e-10,0.0005833558678619444,2.7578320876319853,0
5.056112431215608,0.3642252152579146,0.05984404136337167,0.02970692469457106,0.044439084396821184,0.027294016867143778,0.1640952647876238,0.024480172534143033,0.03450871057629697,0.08390783144664007,0.02371983661592295,9.606438293332635e-05,1.2025052500887897e-10,0.0005833558678619444,2.7578320876319853,0
5.061351925962982,0.3637978101198835,0.059999225006756675,0.029672485678629092,0.04428162033996241,0.02721980508232173,0.16453917695773196,0.024377595338354843,0.03433985609654167,0.0841708172892792,0.023648534155035022,9.606438293332635e-05,1.2025052500887897e-10,0.0005833558678619444,2.7578320876319853,0
5.066591420710355,0.3633770928893372,0.060156669164809065,0.029637020682326428,0.04412356910554101,0.027145614649846005,0.16498573785891604,0.024274912200499297,0.034171082336575946,0.08443503831200821,0.023577243041633368,9.606438293332635e-05,1.2025052500887897e-10,0.0005833558678619444,2.7578320876319853,0
5.0718309154577295,0.3630523214084768,0.06034654301405185,0.029586836813925956,0.04395709413147075,0.027071730541415675,0.16547029786361286,0.024170709201446566,0.03400346659512943,0.08471697941833485,0.023506114721015353,9.606438293332635e-05,1.2025052500887897e-10,0.0005833558678619444,2.7578320876319853,0
5.077070410205103,0.3627275499276166,0.06053641686329461,0.02953665294552549,0.043790619157400526,0.026997846432985355,0.16595485786830957,0.02406650620239385,0.03383585085368294,0.08499892052466144,0.023434986400397362,9.606438293332635e-05,1.2025052500887897e-10,0.0005833558678619444,2.7578320876319853,0
5.082309904952477,0.3624027784467563,0.0607262907125374,0.02948646907712502,0.043624144183330285,0.026923962324555017,0.16643941787300642,0.023962303203341112,0.03366823511223643,0.08528086163098808,0.023363858079779354,9.606438293332635e-05,1.2025052500887897e-10,0.0005833558678619444,2.7578320876319853,0
5.08754939969985,0.36207800696589604,0.06091616456178015,0.02943628520872455,0.043457669209260065,0.026850078216124697,0.16692397787770313,0.023858100204288395,0.03350061937078994,0.08556280273731467,0.02329272975916136,9.606438293332635e-05,1.2025052500887897e-10,0.0005833558678619444,2.7578320876319853,0
5.092788894447224,0.36175323548503574,0.06110603841102291,0.02938610134032409,0.04329119423518984,0.02677619410769438,0.16740853788239987,0.02375389720523568,0.03333300362934346,0.08584474384364126,0.023221601438543366,9.606438293332635e-05,1.2025052500887897e-10,0.0005833558678619444,2.7578320876319853,0
5.098028389194598,0.36142846400417544,0.0612959122602657,0.029335917471923614,0.04312471926111959,0.026702309999264043,0.1678930978870967,0.02364969420618294,0.03316538788789694,0.08612668494996789,0.023150473117925358,9.606438293332635e-05,1.2025052500887897e-10,0.0005833558678619444,2.7578320876319853,0
5.103267883941971,0.3611036925233152,0.06148578610950846,0.02928573360352315,0.04295824428704937,0.026628425890833723,0.16837765789179343,0.023545491207130224,0.032997772146450464,0.08640862605629449,0.02307934479730736,9.606438293332635e-05,1.2025052500887897e-10,0.0005833558678619444,2.7578320876319853,0
5.108507378689345,0.3607789210424549,0.061675659958751246,0.029235549735122674,0.042791769312979115,0.026554541782403393,0.16886221789649028,0.023441288208077487,0.03283015640500394,0.08669056716262112,0.023008216476689353,9.606438293332635e-05,1.2025052500887897e-10,0.0005833558678619444,2.7578320876319853,0
5.113746873436718,0.3604541495615946,0.061865533807994,0.029185365866722216,0.042625294338908895,0.026480657673973073,0.16934677790118705,0.023337085209024767,0.03266254066355746,0.0869725082689477,0.022937088156071362,9.606438293332635e-05,1.2025052500887897e-10,0.0005833558678619444,2.7578320876319853,0
5.118986368184093,0.3601318150869856,0.06205313424493718,0.029134949759191398,0.04245944039269892,0.026406840910094622,0.1698277572762812,0.023235315374693418,0.03249469511505672,0.08725379126453843,0.022866335140089046,9.606438293332635e-05,1.2025052500887897e-10,0.0005833558678619444,2.7578320876319853,0
5.124225862931466,0.35986106391136247,0.062192614121538446,0.029079617923401788,0.04230673153619836,0.026334449605897696,0.17023294665811983,0.02318504752696465,0.032321985317241536,0.08752114424955203,0.022803526072229036,9.606438293332635e-05,1.2025052500887897e-10,0.0005833558678619444,2.7578320876319853,0
5.12946535767884,0.35959031273573927,0.06233209399813974,0.029024286087612167,0.042154022679697756,0.026262058301700756,0.17063813603995848,0.02313477967923588,0.03214927551942632,0.08778849723456568,0.02274071700436901,9.606438293332635e-05,1.2025052500887897e-10,0.0005833558678619444,2.7578320876319853,0
5.134704852426213,0.3593195615601161,0.06247157387474102,0.028968954251822557,0.04200131382319719,0.02618966699750383,0.17104332542179712,0.023084511831507115,0.03197656572161114,0.08805585021957929,0.022677907936509,9.606438293332635e-05,1.2025052500887897e-10,0.0005833558678619444,2.7578320876319853,0
5.139944347173588,0.3590488103844929,0.06261105375134231,0.028913622416032934,0.04184860496669659,0.026117275693306893,0.17144851480363577,0.02303424398377834,0.03180385592379592,0.08832320320459293,0.022615098868648972,9.606438293332635e-05,1.2025052500887897e-10,0.0005833558678619444,2.7578320876319853,0
5.145183841920961,0.35877805920886974,0.06275053362794358,0.02885829058024332,0.041695896110196015,0.026044884389109967,0.1718537041854744,0.022983976136049578,0.03163114612598074,0.08859055618960653,0.022552289800788963,9.606438293332635e-05,1.2025052500887897e-10,0.0005833558678619444,2.7578320876319853,0
5.150423336668334,0.35850730803324654,0.06289001350454486,0.02880295874445371,0.04154318725369544,0.02597249308491304,0.172258893567313,0.022933708288320816,0.03145843632816555,0.08885790917462014,0.022489480732928946,9.606438293332635e-05,1.2025052500887897e-10,0.0005833558678619444,2.7578320876319853,0
5.155662831415708,0.3582365568576234,0.06302949338114615,0.02874762690866409,0.04139047839719485,0.0259001017807161,0.17266408294915164,0.02288344044059204,0.03128572653035033,0.08912526215963379,0.02242667166506892,9.606438293332635e-05,1.2025052500887897e-10,0.0005833558678619444,2.7578320876319853,0
5.1609023261630815,0.3579658056820002,0.06316897325774742,0.02869229507287448,0.04123776954069427,0.025827710476519175,0.1730692723309903,0.022833172592863278,0.031113016732535147,0.08939261514464739,0.02236386259720891,9.606438293332635e-05,1.2025052500887897e-10,0.0005833558678619444,2.7578320876319853,0
5.166141820910456,0.357695054506377,0.06330845313434871,0.028636963237084857,0.041085060684193674,0.025755319172322242,0.17347446171282896,0.022782904745134506,0.030940306934719934,0.08965996812966102,0.02230105352934889,9.606438293332635e-05,1.2025052500887897e-10,0.0005833558678619444,2.7578320876319853,0
5.171381315657829,0.3574242386506763,0.0634487044114321,0.02858117465874585,0.040932101423106285,0.02568295512087324,0.17388492798302138,0.022733604012296037,0.03076785120633685,0.08992843004830177,0.022238017532437582,9.606438293332635e-05,1.2025052500887897e-10,0.0005833558678619444,2.7578320876319853,0
5.176620810405203,0.3571509067399588,0.06361896316726959,0.028507618795235265,0.04076940142359186,0.02561165120131849,0.17450066521017638,0.02272192404868996,0.030605278778862252,0.09024002948503751,0.022166153995431315,9.606438293332635e-05,1.2025052500887897e-10,0.0005833558678619444,2.7578320876319853,0
5.1818603051525765,0.3568775748292414,0.06378922192310703,0.02843406293172469,0.04060670142407747,0.025540347281763753,0.1751164024373313,0.022710244085083885,0.03044270635138768,0.0905516289217732,0.022094290458425057,9.606438293332635e-05,1.2025052500887897e-10,0.0005833558678619444,2.7578320876319853,0
5.187099799899951,0.35660424291852383,0.0639594806789445,0.028360507068214105,0.040444001424563045,0.025469043362209006,0.17573213966448625,0.022698564121477804,0.030280133923913086,0.09086322835850892,0.02202242692141879,9.606438293332635e-05,1.2025052500887897e-10,0.0005833558678619444,2.7578320876319853,0
5.192339294647324,0.3563309110078064,0.06412973943478195,0.028286951204703537,0.040281301425048655,0.02539773944265427,0.17634787689164116,0.02268688415787173,0.03011756149643851,0.09117482779524462,0.021950563384412532,9.606438293332635e-05,1.2025052500887897e-10,0.0005833558678619444,2.7578320876319853,0
5.197578789394698,0.3560575790970889,0.06429999819061943,0.02821339534119295,0.04011860142553422,0.025326435523099523,0.17696361411879616,0.022675204194265653,0.029954989068963912,0.09148642723198036,0.021878699847406265,9.606438293332635e-05,1.2025052500887897e-10,0.0005833558678619444,2.7578320876319853,0
5.202818284142071,0.35578424718637147,0.06447025694645687,0.02813983947768238,0.03995590142601983,0.02525513160354479,0.17757935134595104,0.022663524230659576,0.029792416641489343,0.09179802666871603,0.021806836310400004,9.606438293332635e-05,1.2025052500887897e-10,0.0005833558678619444,2.7578320876319853,0
5.208057778889445,0.355510915275654,0.06464051570229433,0.028066283614171808,0.039793201426505435,0.02518382768399005,0.17819508857310593,0.022651844267053505,0.029629844214014774,0.09210962610545173,0.021734972773393754,9.606438293332635e-05,1.2025052500887897e-10,0.0005833558678619444,2.7578320876319853,0
5.213297273636819,0.3552375833649365,0.06481077445813181,0.027992727750661223,0.03963050142699101,0.025112523764435304,0.17881082580026092,0.02264016430344742,0.029467271786540173,0.09242122554218747,0.021663109236387482,9.606438293332635e-05,1.2025052500887897e-10,0.0005833558678619444,2.7578320876319853,0
5.218536768384192,0.35496425145421906,0.06498103321396925,0.027919171887150655,0.03946780142747661,0.025041219844880565,0.17942656302741583,0.022628484339841347,0.0293046993590656,0.09273282497892317,0.021591245699381225,9.606438293332635e-05,1.2025052500887897e-10,0.0005833558678619444,2.7578320876319853,0
5.223776263131566,0.35469057513107166,0.06515137948100118,0.02784564062951755,0.03930518434420727,0.024969955303536056,0.1800427625002372,0.022616843150925978,0.029142070502742493,0.09304438620672889,0.021519434757392222,9.606438293332635e-05,1.2025052500887897e-10,0.0005833558678619444,2.7578320876319853,0
5.22901575787894,0.3543485329405929,0.06533909672013062,0.02777699363856459,0.0391590261355856,0.02490650733692367,0.18075071773783472,0.02261289873811593,0.028968240519990703,0.09334836296193115,0.02145806392633015,9.606438293332635e-05,1.2025052500887897e-10,0.0005833558678619444,2.7578320876319853,0
5.234255252626314,0.354006490750114,0.06552681395926009,0.027708346647611615,0.039012867926963915,0.02484305937031128,0.18145867297543236,0.02260895432530588,0.028794410537238878,0.09365233971713344,0.02139669309526807,9.606438293332635e-05,1.2025052500887897e-10,0.0005833558678619444,2.7578320876319853,0
5.239494747373687,0.3536644485596352,0.06571453119838953,0.02763969965665865,0.038866709718342246,0.024779611403698894,0.18216662821302992,0.022605009912495835,0.02862058055448709,0.09395631647233565,0.021335322264205994,9.606438293332635e-05,1.2025052500887897e-10,0.0005833558678619444,2.7578320876319853,0
5.244734242121061,0.3533224063691563,0.06590224843751902,0.027571052665705677,0.038720551509720556,0.0247161634370865,0.18287458345062751,0.022601065499685786,0.028446750571735267,0.09426029322753796,0.021273951433143912,9.606438293332635e-05,1.2025052500887897e-10,0.0005833558678619444,2.7578320876319853,0
5.2499737368684345,0.35298036417867745,0.06608996567664845,0.027502405674752716,0.03857439330109889,0.024652715470474113,0.18358253868822505,0.022597121086875737,0.028272920588983477,0.09456426998274017,0.02121258060208184,9.606438293332635e-05,1.2025052500887897e-10,0.0005833558678619444,2.7578320876319853,0
5.255213231615809,0.3526383219881986,0.06627768291577793,0.02743375868379974,0.0384282350924772,0.02458926750386172,0.1842904939258227,0.022593176674065688,0.028099090606231652,0.09486824673794246,0.021151209771019756,9.606438293332635e-05,1.2025052500887897e-10,0.0005833558678619444,2.7578320876319853,0
5.260452726363182,0.35229627979771977,0.06646540015490737,0.027365111692846784,0.03828207688385553,0.02452581953724934,0.1849984491634202,0.02258923226125564,0.027925260623479865,0.09517222349314468,0.021089838939957684,9.606438293332635e-05,1.2025052500887897e-10,0.0005833558678619444,2.7578320876319853,0
5.265692221110555,0.3519542376072409,0.06665311739403681,0.027296464701893817,0.03813591867523387,0.024462371570636954,0.1857064044010177,0.022585287848445587,0.027751430640728065,0.09547620024834692,0.02102846810889561,9.606438293332635e-05,1.2025052500887897e-10,0.0005833558678619444,2.7578320876319853,0
5.270931715857929,0.35161219541676203,0.06684083463316629,0.027227817710940842,0.03798976046661218,0.024398923604024556,0.1864143596386154,0.02258134343563554,0.02757760065797624,0.0957801770035492,0.020967097277833528,9.606438293332635e-05,1.2025052500887897e-10,0.0005833558678619444,2.7578320876319853,0
5.276171210605303,0.35127015322628324,0.06702855187229573,0.02715917071998788,0.037843602257990515,0.02433547563741217,0.18712231487621286,0.022577399022825493,0.027403770675224454,0.09608415375875144,0.020905726446771456,9.606438293332635e-05,1.2025052500887897e-10,0.0005833558678619444,2.7578320876319853,0
5.281410705352677,0.35109206802115894,0.06730339650556039,0.027083252698120744,0.037708077229890266,0.0242733767567262,0.18771653196898755,0.022588735626463605,0.02724989052341656,0.09642485129254821,0.020845450255097316,9.606438293332635e-05,1.2025052500887897e-10,0.0005833558678619444,2.7578320876319853,0
5.28665020010005,0.3509164859761164,0.06757957132804845,0.027007223668148055,0.03757271454042396,0.024211298472771935,0.1883090126015358,0.022600305528062758,0.027096314949180345,0.09676610944891889,0.02078519077547491,9.606438293332635e-05,1.2025052500887897e-10,0.0005833558678619444,2.7578320876319853,0
5.291889694847424,0.3507409039310738,0.06785574615053655,0.026931194638175355,0.037437351850957645,0.02414922018881767,0.18890149323408414,0.022611875429661914,0.026942739374944114,0.09710736760528964,0.020724931295852497,9.606438293332635e-05,1.2025052500887897e-10,0.0005833558678619444,2.7578320876319853,0
5.297129189594798,0.3505653218860313,0.06813192097302462,0.02685516560820267,0.03730198916149134,0.0240871419048634,0.1894939738666324,0.022623445331261066,0.0267891638007079,0.0974486257616603,0.02066467181623009,9.606438293332635e-05,1.2025052500887897e-10,0.0005833558678619444,2.7578320876319853,0
5.302368684342172,0.3503897398409887,0.06840809579551271,0.026779136578229973,0.03716662647202502,0.024025063620909125,0.19008645449918074,0.02263501523286022,0.026635588226471666,0.09778988391803105,0.020604412336607675,9.606438293332635e-05,1.2025052500887897e-10,0.0005833558678619444,2.7578320876319853,0
5.307608179089545,0.35021415779594617,0.06868427061800078,0.026703107548257287,0.03703126378255872,0.02396298533695487,0.19067893513172898,0.022646585134459375,0.02648201265223546,0.09813114207440174,0.02054415285698527,9.606438293332635e-05,1.2025052500887897e-10,0.0005833558678619444,2.7578320876319853,0
5.312847673836918,0.35003857575090364,0.06896044544048884,0.0266270785182846,0.03689590109309242,0.0239009070530006,0.1912714157642772,0.022658155036058523,0.02632843707799925,0.0984724002307724,0.020483893377362866,9.606438293332635e-05,1.2025052500887897e-10,0.0005833558678619444,2.7578320876319853,0
5.3180871685842925,0.34986299370586105,0.06923662026297694,0.0265510494883119,0.03676053840362609,0.023838828769046326,0.1918638963968256,0.02266972493765768,0.026174861503763015,0.09881365838714316,0.02042363389774045,9.606438293332635e-05,1.2025052500887897e-10,0.0005833558678619444,2.7578320876319853,0
5.323326663331666,0.34968741166081857,0.069512795085465,0.026475020458339216,0.03662517571415979,0.02377675048509207,0.1924563770293738,0.022681294839256832,0.026021285929526804,0.09915491654351384,0.020363374418118044,9.606438293332635e-05,1.2025052500887897e-10,0.0005833558678619444,2.7578320876319853,0
5.32856615807904,0.349511829615776,0.06978896990795311,0.02639899142836652,0.036489813024693465,0.02371467220113779,0.19304885766192217,0.022692864740855984,0.02586771035529057,0.09949617469988457,0.020303114938495636,9.606438293332635e-05,1.2025052500887897e-10,0.0005833558678619444,2.7578320876319853,0
5.333805652826413,0.3493510490813235,0.07004449463947532,0.026313504009185366,0.03633665588059348,0.023644481286521656,0.1934548389976458,0.022731638870128183,0.025736291061122886,0.09980765998496435,0.020227712746044933,9.606438293332635e-05,1.2025052500887897e-10,0.0005833558678619444,2.7578320876319853,0
5.339045147573788,0.34919080678361974,0.0702992684585988,0.02622767264857844,0.03618285166541589,0.02357399536715417,0.19385403854075767,0.02277140224404305,0.02560567744986676,0.10011806262017908,0.020151759909491373,9.606438293332635e-05,1.2025052500887897e-10,0.0005833558678619444,2.7578320876319853,0
5.344284642321161,0.349030564485916,0.07055404227772225,0.026141841287971528,0.03602904745023832,0.023503509447786695,0.1942532380838695,0.022811165617957905,0.025475063838610656,0.10042846525539376,0.02007580707293783,9.606438293332635e-05,1.2025052500887897e-10,0.0005833558678619444,2.7578320876319853,0
5.349524137068535,0.34887032218821223,0.07080881609684574,0.026056009927364596,0.03587524323506073,0.023433023528419212,0.19465243762698137,0.022850928991872767,0.025344450227354532,0.10073886789060847,0.019999854236384274,9.606438293332635e-05,1.2025052500887897e-10,0.0005833558678619444,2.7578320876319853,0
5.354763631815908,0.34871007989050856,0.07106358991596919,0.025970178566757682,0.035721439019883165,0.023362537609051732,0.19505163717009313,0.022890692365787623,0.02521383661609843,0.10104927052582315,0.019923901399830725,9.606438293332635e-05,1.2025052500887897e-10,0.0005833558678619444,2.7578320876319853,0
5.360003126563282,0.3485498375928048,0.07131836373509266,0.025884347206150758,0.03556763480470556,0.02329205168968425,0.19545083671320504,0.022930455739702482,0.025083223004842302,0.10135967316103787,0.019847948563277172,9.606438293332635e-05,1.2025052500887897e-10,0.0005833558678619444,2.7578320876319853,0
5.365242621310656,0.34838959529510105,0.07157313755421611,0.025798515845543844,0.035413830589527996,0.023221565770316772,0.19585003625631683,0.022970219113617338,0.0249526093935862,0.10167007579625256,0.01977199572672362,9.606438293332635e-05,1.2025052500887897e-10,0.0005833558678619444,2.7578320876319853,0
5.370482116058029,0.3482293529973973,0.07182791137333956,0.02571268448493693,0.03526002637435042,0.0231510798509493,0.19624923579942863,0.023009982487532197,0.024821995782330096,0.10198047843146722,0.01969604289017008,9.606438293332635e-05,1.2025052500887897e-10,0.0005833558678619444,2.7578320876319853,0
5.375721610805403,0.3480691106996936,0.07208268519246305,0.025626853124330003,0.03510622215917283,0.02308059393158181,0.19664843534254048,0.023049745861447056,0.024691382171073972,0.10229088106668194,0.019620090053616524,9.606438293332635e-05,1.2025052500887897e-10,0.0005833558678619444,2.7578320876319853,0
5.380961105552776,0.3479088684019898,0.0723374590115865,0.02554102176372309,0.034952417943995256,0.02301010801221434,0.1970476348856523,0.02308950923536191,0.024560768559817866,0.10260128370189661,0.01954413721706298,9.606438293332635e-05,1.2025052500887897e-10,0.0005833558678619444,2.7578320876319853,0
5.386200600300151,0.3478546804951987,0.07259558699201493,0.025458498477304577,0.03480400530909056,0.022958798138606455,0.197397191381657,0.023146354524700232,0.024444427225372503,0.102974516383683,0.019482559281303647,9.606438293332635e-05,1.2025052500887897e-10,0.0005833558678619444,2.7578320876319853,0
5.391440095047524,0.3478066814388056,0.07285391070599428,0.025376168235003178,0.034655907302212415,0.022908607291541577,0.1977438509359206,0.023204196636689253,0.024328918755886938,0.10335141554033551,0.019421820199171557,9.606438293332635e-05,1.2025052500887897e-10,0.0005833558678619444,2.7578320876319853,0
5.396679589794898,0.34775868238241253,0.07311223441997368,0.02529383799270176,0.03450780929533424,0.02285841644447669,0.19809051049018428,0.023262038748678278,0.02421341028640135,0.10372831469698816,0.019361081117039467,9.606438293332635e-05,1.2025052500887897e-10,0.0005833558678619444,2.7578320876319853,0
5.401919084542271,0.3477106833260195,0.07337055813395302,0.02521150775040036,0.0343597112884561,0.02280822559741182,0.19843717004444789,0.023319880860667292,0.024097901816915783,0.10410521385364067,0.01930034203490738,9.606438293332635e-05,1.2025052500887897e-10,0.0005833558678619444,2.7578320876319853,0
5.4071585792896455,0.3476626842696264,0.07362888184793243,0.025129177508098944,0.03421161328157794,0.02275803475034693,0.19878382959871158,0.02337772297265632,0.023982393347430197,0.1044821130102933,0.019239602952775287,9.606438293332635e-05,1.2025052500887897e-10,0.0005833558678619444,2.7578320876319853,0
5.412398074037019,0.3476146852132333,0.07388720556191176,0.025046847265797544,0.0340635152746998,0.022707843903282055,0.19913048915297518,0.023435565084645338,0.02386688487794463,0.10485901216694583,0.019178863870643208,9.606438293332635e-05,1.2025052500887897e-10,0.0005833558678619444,2.7578320876319853,0
5.417637568784393,0.3475666861568403,0.07414552927589116,0.02496451702349612,0.03391541726782163,0.02265765305621717,0.1994771487072389,0.023493407196634362,0.023751376408459042,0.10523591132359847,0.01911812478851112,9.606438293332635e-05,1.2025052500887897e-10,0.0005833558678619444,2.7578320876319853,0
5.422877063531766,0.3475186871004472,0.07440385298987051,0.024882186781194728,0.03376731926094349,0.022607462209152294,0.19982380826150248,0.02355124930862338,0.023635867938973477,0.105612810480251,0.019057385706379035,9.606438293332635e-05,1.2025052500887897e-10,0.0005833558678619444,2.7578320876319853,0
5.42811655827914,0.34747068804405407,0.07466217670384985,0.024799856538893324,0.03361922125406536,0.02255727136208742,0.2001704678157661,0.023609091420612394,0.023520359469487908,0.10598970963690356,0.018996646624246955,9.606438293332635e-05,1.2025052500887897e-10,0.0005833558678619444,2.7578320876319853,0
5.433356053026514,0.34742268898766104,0.07492050041782924,0.02471752629659191,0.033471123247187186,0.02250708051502253,0.20051712737002977,0.02366693353260142,0.023404851000002322,0.10636660879355617,0.01893590754211486,9.606438293332635e-05,1.2025052500887897e-10,0.0005833558678619444,2.7578320876319853,0
5.438595547773887,0.3475424068431455,0.07520880434576141,0.0246343498948812,0.03332286913296288,0.022454283301162285,0.2008802571057682,0.023750928906102125,0.02329951178788357,0.10673165067414572,0.01887914991501256,9.606438293332635e-05,1.2025052500887897e-10,0.0005833558678619444,2.7578320876319853,0
5.443835042521261,0.34767576021992097,0.07549954568946216,0.024551104699722565,0.03317460232708438,0.022401274187562575,0.201244725880651,0.023837050561026554,0.023194999344656412,0.10709572854855134,0.018822715983441124,9.606438293332635e-05,1.2025052500887897e-10,0.0005833558678619444,2.7578320876319853,0
5.449074537268634,0.3478091135966963,0.07579028703316285,0.024467859504563948,0.033026335521205916,0.022348265073962863,0.20160919465553373,0.02392317221595097,0.023090486901429272,0.10745980642295691,0.018766282051869705,9.606438293332635e-05,1.2025052500887897e-10,0.0005833558678619444,2.7578320876319853,0
5.454314032016009,0.34794246697347175,0.07608102837686358,0.024384614309405313,0.032878068715327426,0.02229525596036315,0.2019736634304165,0.0240092938708754,0.022985974458202114,0.10782388429736253,0.018709848120298266,9.606438293332635e-05,1.2025052500887897e-10,0.0005833558678619444,2.7578320876319853,0
5.459553526763382,0.3480758203502471,0.07637176972056427,0.0243013691142467,0.03272980190944894,0.022242246846763448,0.20233813220529925,0.024095415525799815,0.02288146201497497,0.1081879621717681,0.018653414188726843,9.606438293332635e-05,1.2025052500887897e-10,0.0005833558678619444,2.7578320876319853,0
5.464793021510756,0.34820917372702254,0.076662511064265,0.024218123919088064,0.03258153510357046,0.022189237733163735,0.20270260098018197,0.024181537180724244,0.022776949571747813,0.10855204004617373,0.018596980257155407,9.606438293332635e-05,1.2025052500887897e-10,0.0005833558678619444,2.7578320876319853,0
5.470032516258129,0.34834252710379787,0.07695325240796569,0.02413487872392945,0.03243326829769199,0.02213622861956403,0.20306706975506475,0.02426765883564866,0.022672437128520673,0.10891611792057929,0.01854054632558398,9.606438293332635e-05,1.2025052500887897e-10,0.0005833558678619444,2.7578320876319853,0
5.475272011005503,0.3484758804805733,0.07724399375166638,0.024051633528770825,0.03228500149181352,0.022083219505964327,0.2034315385299475,0.02435378049057308,0.02256792468529353,0.10928019579498485,0.018484112394012552,9.606438293332635e-05,1.2025052500887897e-10,0.0005833558678619444,2.7578320876319853,0
5.480511505752877,0.3486092338573487,0.07753473509536711,0.023968388333612194,0.03213673468593503,0.02203021039236461,0.20379600730483025,0.024439902145497506,0.022463412242066372,0.10964427366939049,0.01842767846244112,9.606438293332635e-05,1.2025052500887897e-10,0.0005833558678619444,2.7578320876319853,0
5.48575100050025,0.3487425872341241,0.0778254764390678,0.023885143138453573,0.03198846788005656,0.021977201278764905,0.204160476079713,0.024526023800421924,0.022358899798839232,0.11000835154379605,0.018371244530869697,9.606438293332635e-05,1.2025052500887897e-10,0.0005833558678619444,2.7578320876319853,0
5.490990495247624,0.3491553938603079,0.07815395890187159,0.023798345742497447,0.03184732203241134,0.021921976406519033,0.20446509088043635,0.024600944964446852,0.022266996713070013,0.11042214032741507,0.018309948558196145,9.606438293332635e-05,1.2025052500887897e-10,0.0005833558678619444,2.7578320876319853,0
5.496229989994998,0.3495976166180084,0.07848641411405459,0.023711174430667926,0.03170692575931702,0.021866518296520934,0.20476340526282708,0.024674687129429725,0.022176420928085857,0.11084116183831962,0.01824814079172237,9.606438293332635e-05,1.2025052500887897e-10,0.0005833558678619444,2.7578320876319853,0
5.501469484742372,0.350039839375709,0.07881886932623763,0.023624003118838385,0.03156652948622268,0.021811060186522832,0.20506171964521785,0.0247484292944126,0.022085845143101683,0.11126018334922426,0.018186333025248594,9.606438293332635e-05,1.2025052500887897e-10,0.0005833558678619444,2.7578320876319853,0
5.506708979489745,0.35048206213340943,0.07915132453842064,0.023536831807008857,0.03142613321312836,0.021755602076524733,0.20536003402760858,0.024822171459395467,0.021995269358117527,0.11167920486012882,0.018124525258774823,9.606438293332635e-05,1.2025052500887897e-10,0.0005833558678619444,2.7578320876319853,0
5.511948474237119,0.35092428489111,0.0794837797506037,0.023449660495179315,0.03128573694003401,0.02170014396652663,0.2056583484099994,0.02489591362437835,0.021904693573133353,0.11209822637103344,0.018062717492301046,9.606438293332635e-05,1.2025052500887897e-10,0.0005833558678619444,2.7578320876319853,0
5.5171879689844925,0.35136650764881044,0.07981623496278668,0.023362489183349783,0.03114534066693969,0.02164468585652854,0.2059566627923901,0.024969655789361216,0.021814117788149196,0.112517247881938,0.01800090972582728,9.606438293332635e-05,1.2025052500887897e-10,1.638285388326517e-17,2.7578320876319853,0
5.522427463731867,0.35180873040651095,0.08014869017496974,0.023275317871520245,0.031004944393845345,0.021589227746530434,0.2062549771747809,0.025043397954344092,0.021723542003165022,0.11293626939284263,0.0179391019593535,9.606438293332635e-05,1.2025052500887897e-10,1.638285388326517e-17,2.7578320876319853,0
5.52766695847924,0.35225095316421146,0.08048114538715274,0.023188146559690717,0.030864548120751022,0.021533769636532342,0.20655329155717164,0.025117140119326958,0.021632966218180866,0.11335529090374719,0.017877294192879735,9.606438293332635e-05,1.2025052500887897e-10,1.638285388326517e-17,2.7578320876319853,0
5.532906453226613,0.35269317592191196,0.08081360059933573,0.02310097524786119,0.030724151847656707,0.021478311526534247,0.20685160593956237,0.02519088228430983,0.021542390433196706,0.11377431241465175,0.01781548642640597,9.606438293332635e-05,1.2025052500887897e-10,1.638285388326517e-17,2.7578320876319853,0
5.538145947973987,0.35313539867961247,0.08114605581151879,0.023013803936031647,0.03058375557456235,0.02142285341653614,0.20714992032195315,0.025264624449292707,0.021451814648212535,0.11419333392555639,0.01775367865993219,9.606438293332635e-05,1.2025052500887897e-10,1.638285388326517e-17,2.7578320876319853,0
5.543385442721361,0.3537013491174855,0.08142872372769805,0.022936473246795697,0.03043261808732596,0.02136833687645121,0.20742653261155672,0.02535557087783735,0.02137461381360512,0.11451355231611296,0.01769478682371991,9.606438293332635e-05,1.2025052500887897e-10,1.638285388326517e-17,2.7578320876319853,0
5.548624937468735,0.3542834227091489,0.08170490378094201,0.02286042490497986,0.03028008089513051,0.02131394303386204,0.2077003168664062,0.025448759221746994,0.02129915589037824,0.11482089551251656,0.01763627496708843,9.606438293332635e-05,1.2025052500887897e-10,1.638285388326517e-17,2.7578320876319853,0
5.553864432216108,0.3548654963008122,0.08198108383418592,0.022784376563164038,0.03012754370293508,0.02125954919127287,0.20797410112125564,0.02554194756565662,0.02122369796715137,0.1151282387089201,0.017577763110456966,9.606438293332635e-05,1.2025052500887897e-10,1.638285388326517e-17,2.7578320876319853,0
5.559103926963482,0.3554475698924756,0.0822572638874299,0.0227083282213482,0.029975006510739633,0.021205155348683703,0.2082478853761051,0.025635135909566266,0.021148240043924484,0.11543558190532371,0.01751925125382549,9.606438293332635e-05,1.2025052500887897e-10,1.638285388326517e-17,2.7578320876319853,0
5.564343421710856,0.3560296434841389,0.08253344394067381,0.02263227987953237,0.029822469318544206,0.021150761506094535,0.2085216696309545,0.025728324253475897,0.02107278212069761,0.11574292510172728,0.01746073939719402,9.606438293332635e-05,1.2025052500887897e-10,1.638285388326517e-17,2.7578320876319853,0
5.56958291645823,0.3566117170758023,0.08280962399391778,0.02255623153771653,0.029669932126348754,0.021096367663505367,0.20879545388580395,0.02582151259738554,0.02099732419747073,0.11605026829813088,0.01740222754056255,9.606438293332635e-05,1.2025052500887897e-10,1.638285388326517e-17,2.7578320876319853,0
5.574822411205603,0.3571937906674656,0.0830858040471617,0.022480183195900706,0.029517394934153337,0.021041973820916198,0.20906923814065342,0.025914700941295173,0.020921866274243858,0.11635761149453445,0.01734371568393108,9.606438293332635e-05,1.2025052500887897e-10,1.638285388326517e-17,2.7578320876319853,0
5.580061905952977,0.357775864259129,0.08336198410040566,0.02240413485408487,0.029364857741957878,0.020987579978327023,0.2093430223955029,0.026007889285204817,0.02084640835101697,0.11666495469093806,0.017285203827299606,9.606438293332635e-05,1.2025052500887897e-10,1.638285388326517e-17,2.7578320876319853,0
5.585301400700351,0.3583579378507923,0.08363816415364958,0.022328086512269044,0.029212320549762447,0.020933186135737865,0.20961680665035232,0.026101077629114445,0.0207709504277901,0.1169722978873416,0.017226691970668145,9.606438293332635e-05,1.2025052500887897e-10,1.638285388326517e-17,2.7578320876319853,0
5.590540895447724,0.3589400114424555,0.0839143442068935,0.022252038170453216,0.02905978335756702,0.020878792293148696,0.2098905909052017,0.026194265973024076,0.020695492504563224,0.11727964108374517,0.017168180114036678,9.606438293332635e-05,1.2025052500887897e-10,1.638285388326517e-17,2.7578320876319853,0
5.595780390195098,0.35966154110474813,0.0842285526371637,0.022165597317439292,0.028914180160853887,0.020825535736280546,0.21008083378355755,0.026260577048797824,0.020622426372907926,0.1176735187927046,0.01711787538501234,9.606438293332635e-05,1.2025052500887897e-10,1.638285388326517e-17,2.7578320876319853,0
5.601019884942471,0.3604048986737478,0.08454871333514226,0.022077529810498722,0.028769662285172783,0.02077245718935134,0.21025800062037522,0.026322681247819855,0.020549734608629067,0.11808094103406401,0.017068855249874344,9.606438293332635e-05,1.2025052500887897e-10,1.638285388326517e-17,2.7578320876319853,0
5.606259379689845,0.36114825624274755,0.08486887403312089,0.021989462303558138,0.02862514440949166,0.020719378642422133,0.2104351674571929,0.026384785446841908,0.02047704284435019,0.11848836327542346,0.01701983511473634,9.606438293332635e-05,1.2025052500887897e-10,1.638285388326517e-17,2.7578320876319853,0
5.611498874437219,0.3618916138117473,0.08518903473109947,0.021901394796617568,0.028480626533810557,0.02066630009549293,0.21061233429401058,0.02644688964586394,0.020404351080071326,0.11889578551678286,0.016970814979598344,9.606438293332635e-05,1.2025052500887897e-10,1.638285388326517e-17,2.7578320876319853,0
5.616738369184593,0.3626349713807471,0.0855091954290781,0.021813327289676984,0.028336108658129435,0.02061322154856372,0.21078950113082828,0.026508993844885986,0.02033165931579245,0.11930320775814234,0.01692179484446034,9.606438293332635e-05,1.2025052500887897e-10,1.638285388326517e-17,2.7578320876319853,0
5.621977863931966,0.3633783289497467,0.08582935612705667,0.021725259782736414,0.02819159078244833,0.020560143001634522,0.21096666796764593,0.026571098043908017,0.020258967551513584,0.11971062999950172,0.016872774709322344,9.606438293332635e-05,1.2025052500887897e-10,1.638285388326517e-17,2.7578320876319853,0
5.62721735867934,0.3641216865187465,0.0861495168250353,0.021637192275795834,0.02804707290676721,0.02050706445470531,0.21114383480446364,0.02663320224293007,0.02018627578723471,0.12011805224086118,0.01682375457418434,9.606438293332635e-05,1.2025052500887897e-10,1.638285388326517e-17,2.7578320876319853,0
5.632456853426714,0.3648650440877461,0.08646967752301388,0.021549124768855264,0.027902555031086105,0.0204539859077761,0.2113210016412813,0.026695306441952102,0.020113584022955846,0.12052547448222056,0.016774734439046344,9.606438293332635e-05,1.2025052500887897e-10,1.638285388326517e-17,2.7578320876319853,0
5.637696348174088,0.3656084016567459,0.08678983822099251,0.021461057261914676,0.027758037155404983,0.020400907360846893,0.211498168478099,0.026757410640974148,0.02004089225867697,0.12093289672358004,0.01672571430390834,9.606438293332635e-05,1.2025052500887897e-10,1.638285388326517e-17,2.7578320876319853,0
5.642935842921461,0.36635175922574553,0.08710999891897109,0.02137298975497411,0.02761351927972388,0.02034782881391769,0.21167533531491664,0.026819514839996183,0.019968200494398108,0.12134031896493944,0.016676694168770344,9.606438293332635e-05,1.2025052500887897e-10,1.638285388326517e-17,2.7578320876319853,0
5.648175337668834,0.36710041557852563,0.08746515875456082,0.021299412127668924,0.027475017152411012,0.02029203232400817,0.21179870155075253,0.026920136579464765,0.019903273348978765,0.12156576931173792,0.016633413931932125,9.606438293332635e-05,1.2025052500887897e-10,1.638285388326517e-17,2.7578320876319853,0
5.653414832416209,0.3678500467817343,0.08782675760063098,0.02122850029424323,0.027337621779990797,0.020235735797111163,0.21191216975317342,0.027027844632012545,0.019839774709106264,0.12175774114974483,0.016591189700122345,9.606438293332635e-05,1.2025052500887897e-10,1.638285388326517e-17,2.7578320876319853,0
5.658654327163582,0.3685996779849428,0.08818835644670109,0.021157588460817552,0.027200226407570596,0.02017943927021417,0.21202563795559415,0.027135552684560305,0.019776276069233777,0.1219497129877517,0.016548965468312575,9.606438293332635e-05,1.2025052500887897e-10,1.638285388326517e-17,2.7578320876319853,0
5.663893821910956,0.36934930918815145,0.08854995529277125,0.021086676627391863,0.027062831035150378,0.02012314274331717,0.21213910615801507,0.027243260737108078,0.019712777429361276,0.12214168482575861,0.016506741236502795,9.606438293332635e-05,1.2025052500887897e-10,1.638285388326517e-17,2.7578320876319853,0
5.669133316658329,0.37009894039136,0.08891155413884139,0.021015764793966177,0.026925435662730184,0.02006684621642017,0.21225257436043588,0.027350968789655844,0.01964927878948879,0.1223336566637655,0.016464517004693018,9.606438293332635e-05,1.2025052500887897e-10,1.638285388326517e-17,2.7578320876319853,0
5.674372811405704,0.37084857159456863,0.08927315298491154,0.020944852960540487,0.02678804029030996,0.020010549689523163,0.2123660425628567,0.027458676842203617,0.01958578014961629,0.12252562850177241,0.01642229277288324,9.606438293332635e-05,1.2025052500887897e-10,1.638285388326517e-17,2.7578320876319853,0
5.679612306153077,0.3715982027977771,0.08963475183098163,0.020873941127114805,0.02665064491788977,0.01995425316262617,0.21247951076527755,0.027566384894751383,0.0195222815097438,0.12271760033977931,0.01638006854107347,9.606438293332635e-05,1.2025052500887897e-10,1.638285388326517e-17,2.7578320876319853,0
5.684851800900451,0.37234783400098576,0.0899963506770518,0.020803029293689115,0.026513249545469544,0.019897956635729165,0.21259297896769844,0.02767409294729916,0.0194587828698713,0.12290957217778621,0.016337844309263688,9.606438293332635e-05,1.2025052500887897e-10,1.638285388326517e-17,2.7578320876319853,0
5.690091295647824,0.3730974652041943,0.09035794952312191,0.020732117460263433,0.026375854173049353,0.019841660108832173,0.21270644717011924,0.027781800999846923,0.01939528422999881,0.12310154401579311,0.016295620077453915,9.606438293332635e-05,1.2025052500887897e-10,1.638285388326517e-17,2.7578320876319853,0
5.6953307903951975,0.3738470964074028,0.09071954836919202,0.020661205626837754,0.026238458800629152,0.019785363581935174,0.21281991537254005,0.027889509052394682,0.019331785590126323,0.12329351585379998,0.016253395845644142,9.606438293332635e-05,1.2025052500887897e-10,1.638285388326517e-17,2.7578320876319853,0
5.700570285142572,0.37462704095336474,0.09111364686714302,0.02060488802326321,0.02611092766786383,0.019726110534779843,0.21272194365362312,0.02799761904960682,0.01928543999990126,0.12347012626559309,0.016213102192985215,9.606438293332635e-05,1.2025052500887897e-10,1.638285388326517e-17,2.7578320876319853,0
5.705809779889945,0.3754134351467208,0.09151466018464302,0.020551675574976155,0.025985495309493192,0.019666228440761036,0.21257898471740025,0.02810581456696029,0.019242743994707576,0.12364346828883006,0.01617321930184775,9.606438293332635e-05,1.2025052500887897e-10,1.638285388326517e-17,2.7578320876319853,0
5.711049274637319,0.37619982934007706,0.09191567350214311,0.02049846312668909,0.025860062951122528,0.019606346346742222,0.2124360257811774,0.028214010084313783,0.019200047989513885,0.12381681031206704,0.016133336410710283,9.606438293332635e-05,1.2025052500887897e-10,1.638285388326517e-17,2.7578320876319853,0
5.716288769384692,0.37698622353343314,0.09231668681964313,0.020445250678402034,0.025734630592751887,0.019546464252723425,0.21229306684495455,0.028322205601667254,0.0191573519843202,0.12399015233530401,0.01609345351957282,9.606438293332635e-05,1.2025052500887897e-10,1.638285388326517e-17,2.7578320876319853,0
5.721528264132067,0.3777726177267894,0.09271770013714323,0.020392038230114973,0.025609198234381222,0.01948658215870461,0.21215010790873168,0.028430401119020746,0.01911465597912651,0.12416349435854099,0.016053570628435352,9.606438293332635e-05,1.2025052500887897e-10,1.638285388326517e-17,2.7578320876319853,0
5.72676775887944,0.37855901192014546,0.09311871345464325,0.02033882578182792,0.025483765876010585,0.019426700064685807,0.21200714897250889,0.028538596636374217,0.019071959973932823,0.12433683638177793,0.01601368773729789,9.606438293332635e-05,1.2025052500887897e-10,1.638285388326517e-17,2.7578320876319853,0
5.732007253626814,0.3793454061135017,0.09351972677214332,0.020285613333540852,0.02535833351763992,0.019366817970666996,0.21186419003628598,0.02864679215372771,0.01902926396873913,0.12451017840501494,0.01597380484616042,9.606438293332635e-05,1.2025052500887897e-10,1.638285388326517e-17,2.7578320876319853,0
5.737246748374187,0.3801318003068578,0.09392074008964335,0.020232400885253795,0.02523290115926928,0.019306935876648196,0.2117212311000631,0.028754987671081183,0.018986567963545444,0.12468352042825191,0.015933921955022957,9.606438293332635e-05,1.2025052500887897e-10,1.638285388326517e-17,2.7578320876319853,0
5.7424862431215615,0.380918194500214,0.09432175340714342,0.020179188436966734,0.025107468800898616,0.01924705378262938,0.21157827216384026,0.02886318318843467,0.018943871958351753,0.12485686245148889,0.01589403906388549,9.606438293332635e-05,1.2025052500887897e-10,1.638285388326517e-17,2.7578320876319853,0
5.747725737868935,0.3817045886935701,0.09472276672464346,0.02012597598867968,0.02498203644252797,0.01918717168861058,0.21143531322761744,0.028971378705788146,0.01890117595315807,0.12503020447472585,0.015854156172748025,9.606438293332635e-05,1.2025052500887897e-10,1.638285388326517e-17,2.7578320876319853,0
5.752965232616308,0.3825132776684675,0.0950740183153712,0.020072099693274965,0.02487169695402689,0.01913279220352932,0.21118360605961214,0.02909517790832561,0.01885774556922621,0.12515399124225193,0.015811712688037098,9.606438293332635e-05,1.2025052500887897e-10,1.638285388326517e-17,2.7578320876319853,0
5.758204727363682,0.38332738406691713,0.0954131782715562,0.020018062089224832,0.02476502489184923,0.019079749800993622,0.21090547408762228,0.029222768660533974,0.018814136738124324,0.1252657365457735,0.015768647003018596,9.606438293332635e-05,1.2025052500887897e-10,1.638285388326517e-17,2.7578320876319853,0
5.763444222111056,0.3841414904653667,0.09575233822774115,0.019964024485174703,0.024658352829671586,0.019026707398457934,0.21062734211563255,0.029350359412742315,0.018770527907022445,0.12537748184929506,0.015725581318000097,9.606438293332635e-05,1.2025052500887897e-10,1.638285388326517e-17,2.7578320876319853,0
5.76868371685843,0.38495559686381636,0.09609149818392614,0.019909986881124567,0.024551680767493925,0.018973664995922238,0.2103492101436427,0.02947795016495068,0.01872691907592056,0.12548922715281666,0.015682515632981592,9.606438293332635e-05,1.2025052500887897e-10,1.638285388326517e-17,2.7578320876319853,0
5.773923211605803,0.38576970326226584,0.09643065814011108,0.019855949277074444,0.024445008705316285,0.01892062259338655,0.21007107817165294,0.02960554091715902,0.01868331024481868,0.12560097245633822,0.015639449947963093,9.606438293332635e-05,1.2025052500887897e-10,1.638285388326517e-17,2.7578320876319853,0
5.779162706353177,0.3865838096607155,0.09676981809629609,0.019801911673024305,0.024338336643138624,0.01886758019085085,0.20979294619966307,0.02973313166936738,0.018639701413716795,0.1257127177598598,0.015596384262944591,9.606438293332635e-05,1.2025052500887897e-10,1.638285388326517e-17,2.7578320876319853,0
5.784402201100551,0.387397916059165,0.09710897805248105,0.019747874068974172,0.02423166458096098,0.018814537788315162,0.20951481422767335,0.029860722421575725,0.018596092582614916,0.12582446306338138,0.015553318577926094,9.606438293332635e-05,1.2025052500887897e-10,1.638285388326517e-17,2.7578320876319853,0
5.789641695847925,0.38821202245761466,0.09744813800866602,0.01969383646492404,0.024124992518783323,0.018761495385779467,0.20923668225568348,0.029988313173784087,0.01855248375151303,0.12593620836690295,0.015510252892907589,9.606438293332635e-05,1.2025052500887897e-10,1.638285388326517e-17,2.7578320876319853,0
5.794881190595298,0.38902612885606414,0.09778729796485097,0.019639798860873914,0.02401832045660568,0.018708452983243775,0.20895855028369367,0.03011590392599243,0.018508874920411148,0.1260479536704245,0.01546718720788909,9.606438293332635e-05,1.2025052500887897e-10,1.638285388326517e-17,2.7578320876319853,0
5.800120685342672,0.38984023525451383,0.09812645792103597,0.019585761256823778,0.02391164839442802,0.018655410580708076,0.2086804183117039,0.030243494678200793,0.018465266089309262,0.12615969897394608,0.015424121522870588,9.606438293332635e-05,1.2025052500887897e-10,1.638285388326517e-17,2.7578320876319853,0
5.805360180090045,0.3907330421595792,0.09850275845470205,0.01953365537465751,0.023792949080935773,0.018603251031607662,0.20841500412145547,0.030371673151257682,0.01843026458934018,0.12632982161772202,0.015389721870194419,9.606438293332635e-05,1.2025052500887897e-10,1.638285388326517e-17,2.7578320876319853,0
5.810599674837419,0.3916474728460151,0.09888926374767602,0.019482080253136646,0.02367094515526124,0.0185513340556556,0.20815308427379411,0.030500013106720236,0.01839762804297307,0.12651598404188732,0.015357703299887063,9.606438293332635e-05,1.2025052500887897e-10,1.638285388326517e-17,2.7578320876319853,0
5.815839169584793,0.39256190353245113,0.09927576904065005,0.01943050513161577,0.02354894122958669,0.01849941707970353,0.20789116442613273,0.03062835306218282,0.018364991496605955,0.12670214646605266,0.015325684729579707,9.606438293332635e-05,1.2025052500887897e-10,1.638285388326517e-17,2.7578320876319853,0
5.821078664332166,0.39347633421888706,0.09966227433362403,0.019378930010094903,0.02342693730391216,0.018447500103751464,0.20762924457847143,0.03075669301764538,0.018332354950238845,0.12688830889021796,0.015293666159272353,9.606438293332635e-05,1.2025052500887897e-10,1.638285388326517e-17,2.7578320876319853,0
5.82631815907954,0.3943907649053231,0.10004877962659807,0.019327354888574032,0.02330493337823761,0.01839558312779939,0.20736732473081,0.030885032973107955,0.01829971840387173,0.1270744713143833,0.015261647588964993,9.606438293332635e-05,1.2025052500887897e-10,1.638285388326517e-17,2.7578320876319853,0
5.831557653826914,0.39530519559175903,0.10043528491957202,0.019275779767053167,0.02318292945256308,0.018343666151847324,0.20710540488314869,0.031013372928570516,0.01826708185750462,0.1272606337385486,0.01522962901865764,9.606438293332635e-05,1.2025052500887897e-10,1.638285388326517e-17,2.7578320876319853,0
5.836797148574288,0.39621962627819507,0.1008217902125461,0.01922420464553229,0.02306092552688853,0.01829174917589525,0.20684348503548727,0.031141712884033095,0.01823444531113751,0.12744679616271393,0.01519761044835028,9.606438293332635e-05,1.2025052500887897e-10,1.638285388326517e-17,2.7578320876319853,0
5.842036643321661,0.39713405696463094,0.10120829550552007,0.019172629524011428,0.022938921601213996,0.018239832199943188,0.20658156518782594,0.03127005283949565,0.0182018087647704,0.12763295858687923,0.015165591878042927,9.606438293332635e-05,1.2025052500887897e-10,1.638285388326517e-17,2.7578320876319853,0
5.847276138069035,0.398048487651067,0.1015948007984941,0.01912105440249055,0.02281691767553945,0.018187915223991116,0.20631964534016456,0.031398392794958235,0.018169172218403282,0.12781912101104453,0.015133573307735567,9.606438293332635e-05,1.2025052500887897e-10,1.638285388326517e-17,2.7578320876319853,0
5.8525156328164085,0.39896291833750286,0.10198130609146809,0.01906947928096969,0.022694913749864917,0.018135998248039055,0.20605772549250323,0.03152673275042079,0.018136535672036175,0.12800528343520987,0.015101554737428215,9.606438293332635e-05,1.2025052500887897e-10,1.638285388326517e-17,2.7578320876319853,0
5.857755127563783,0.3999364821913131,0.10235394553749622,0.019020596641332148,0.022591626945643282,0.018083269578221314,0.20574795020833353,0.031659027416732544,0.018105611586112288,0.1281223384404459,0.015072309234931474,9.606438293332635e-05,1.2025052500887897e-10,1.638285388326517e-17,2.7578320876319853,0
5.862994622311156,0.4009282706934287,0.10272231157495738,0.018972543815783255,0.02249410869688584,0.018030290747015475,0.20542342603553515,0.031792540911961716,0.018075215274882386,0.12821809476574964,0.015043918382841944,9.606438293332635e-05,1.2025052500887897e-10,1.638285388326517e-17,2.7578320876319853,0
5.868234117058529,0.40192005919554424,0.10309067761241854,0.01892449099023436,0.022396590448128393,0.01797731191580964,0.2050989018627368,0.031926054407190894,0.018044818963652485,0.12831385109105337,0.015015527530752415,9.606438293332635e-05,1.2025052500887897e-10,1.638285388326517e-17,2.7578320876319853,0
5.873473611805903,0.40291184769766003,0.10345904364987978,0.01887643816468545,0.022299072199370933,0.017924333084603793,0.20477437768993834,0.03205956790242009,0.018014422652422576,0.12840960741635712,0.01498713667866288,9.606438293332635e-05,1.2025052500887897e-10,1.638285388326517e-17,2.7578320876319853,0
5.878713106553277,0.4039036361997756,0.10382740968734093,0.018828385339136552,0.02220155395061349,0.017871354253397958,0.20444985351713998,0.032193081397649266,0.01798402634119267,0.12850536374166086,0.014958745826573349,9.606438293332635e-05,1.2025052500887897e-10,1.638285388326517e-17,2.7578320876319853,0
5.883952601300651,0.40489542470189127,0.10419577572480218,0.01878033251358765,0.02210403570185603,0.017818375422192112,0.20412532934434152,0.032326594892878466,0.017953630029962763,0.1286011200669646,0.014930354974483815,9.606438293332635e-05,1.2025052500887897e-10,1.638285388326517e-17,2.7578320876319853,0
5.889192096048024,0.4058872132040069,0.1045641417622633,0.01873227968803875,0.022006517453098583,0.017765396590986273,0.20380080517154314,0.03246010838810764,0.01792323371873286,0.12869687639226837,0.014901964122394286,9.606438293332635e-05,1.2025052500887897e-10,1.638285388326517e-17,2.7578320876319853,0
5.894431590795398,0.4068790017061226,0.10493250779972453,0.01868422686248984,0.021908999204341126,0.01771241775978043,0.2034762809987447,0.03259362188333684,0.017892837407502953,0.1287926327175721,0.014873573270304752,9.606438293332635e-05,1.2025052500887897e-10,1.638285388326517e-17,2.7578320876319853,0
5.899671085542772,0.4078707902082382,0.10530087383718567,0.018636174036940945,0.02181148095558368,0.017659438928574592,0.20315175682594633,0.03272713537856601,0.01786244109627305,0.12888838904287586,0.014845182418215223,9.606438293332635e-05,1.2025052500887897e-10,1.638285388326517e-17,2.7578320876319853,0
5.904910580290146,0.408862578710354,0.10566923987464691,0.01858812121139204,0.02171396270682622,0.01760646009736875,0.2028272326531479,0.03286064887379521,0.01783204478504314,0.12898414536817962,0.014816791566125686,9.606438293332635e-05,1.2025052500887897e-10,1.638285388326517e-17,2.7578320876319853,0
5.910150075037519,0.41002010460058447,0.10604683823880379,0.018549679220927807,0.021620464188523453,0.017558011331431124,0.20236919728897532,0.03302041886721641,0.017806163872579814,0.12910450744305127,0.014781638863156846,9.606438293332635e-05,1.2025052500887897e-10,1.638285388326517e-17,2.7578320876319853,0
5.915389569784892,0.4112345504018848,0.10642760730101776,0.01851453792130073,0.021528346183710165,0.0175111183454846,0.20186530959645202,0.033189206243855074,0.017781833703127227,0.12923331997737048,0.01474416390837087,9.606438293332635e-05,1.2025052500887897e-10,1.638285388326517e-17,2.7578320876319853,0
5.920629064532267,0.41244899620318526,0.10680837636323179,0.018479396621673645,0.021436228178896868,0.01746422535953807,0.2013614219039286,0.03335799362049376,0.017757503533674637,0.1293621325116897,0.014706688953584889,9.606438293332635e-05,1.2025052500887897e-10,1.638285388326517e-17,2.7578320876319853,0
5.92586855927964,0.4136634420044855,0.1071891454254458,0.018444255322046563,0.02134411017408358,0.01741733237359155,0.2008575342114053,0.033526780997132424,0.01773317336422205,0.12949094504600897,0.014669213998798912,9.606438293332635e-05,1.2025052500887897e-10,1.638285388326517e-17,2.7578320876319853,0
5.931108054027014,0.414877887805786,0.1075699144876598,0.018409114022419484,0.021251992169270283,0.01737043938764502,0.20035364651888193,0.03369556837377111,0.017708843194769456,0.1296197575803282,0.01463173904401293,9.606438293332635e-05,1.2025052500887897e-10,1.638285388326517e-17,2.7578320876319853,0
5.936347548774387,0.41609233360708625,0.10795068354987382,0.018373972722792408,0.021159874164456995,0.0173235464016985,0.1998497588263586,0.03386435575040977,0.017684513025316873,0.12974857011464744,0.014594264089226955,9.606438293332635e-05,1.2025052500887897e-10,1.638285388326517e-17,2.7578320876319853,0
5.9415870435217615,0.41730677940838673,0.10833145261208786,0.018338831423165322,0.021067756159643698,0.017276653415751967,0.19934587113383523,0.03403314312704846,0.017660182855864282,0.12987738264896667,0.014556789134440971,9.606438293332635e-05,1.2025052500887897e-10,1.638285388326517e-17,2.7578320876319853,0
5.946826538269135,0.41852122520968704,0.10871222167430185,0.018303690123538247,0.02097563815483041,0.017229760429805445,0.19884198344131193,0.03420193050368711,0.017635852686411695,0.1300061951832859,0.014519314179654996,9.606438293332635e-05,1.2025052500887897e-10,1.638285388326517e-17,2.7578320876319853,0
5.952066033016509,0.4197356710109875,0.10909299073651589,0.018268548823911164,0.020883520150017112,0.017182867443858916,0.19833809574878855,0.0343707178803258,0.017611522516959105,0.13013500771760514,0.014481839224869014,9.606438293332635e-05,1.2025052500887897e-10,1.638285388326517e-17,2.7578320876319853,0
5.957305527763882,0.4209501168122878,0.10947375979872988,0.018233407524284085,0.02079140214520383,0.017135974457912397,0.19783420805626523,0.03453950525696446,0.017587192347506518,0.13026382025192437,0.014444364270083037,9.606438293332635e-05,1.2025052500887897e-10,1.638285388326517e-17,2.7578320876319853,0
5.962545022511256,0.42215041337524956,0.10982630332347676,0.018195070715798945,0.020710308959820643,0.017089267225358737,0.19723726979153705,0.03471542985938308,0.01757567479235199,0.13027625550838498,0.014411817861716634,9.606438293332635e-05,1.2025052500887897e-10,1.638285388326517e-17,2.7578320876319853,0
5.96778451725863,0.4233453244149681,0.11016810356406653,0.01815551762366542,0.020633412072490455,0.01704263069478853,0.19660491435399743,0.034894071052928965,0.017569034010805725,0.13024439491514164,0.014381147370672566,9.606438293332635e-05,1.2025052500887897e-10,1.638285388326517e-17,2.7578320876319853,0
5.973024012006003,0.4245402354546866,0.1105099038046563,0.018115964531531893,0.020556515185160266,0.016995994164218323,0.19597255891645785,0.03507271224647486,0.017562393229259458,0.13021253432189828,0.0143504768796285,9.606438293332635e-05,1.2025052500887897e-10,1.638285388326517e-17,2.7578320876319853,0
5.978263506753377,0.4257351464944053,0.11085170404524615,0.018076411439398365,0.020479618297830068,0.016949357633648108,0.19534020347891815,0.03525135344002078,0.01755575244771319,0.1301806737286549,0.014319806388584424,9.606438293332635e-05,1.2025052500887897e-10,1.638285388326517e-17,2.7578320876319853,0
5.98350300150075,0.42693005753412383,0.11119350428583591,0.018036858347264838,0.020402721410499883,0.016902721103077903,0.19470784804137858,0.03542999463356667,0.017549111666166923,0.13014881313541155,0.01428913589754036,9.606438293332635e-05,1.2025052500887897e-10,1.638285388326517e-17,2.7578320876319853,0
5.988742496248125,0.4281249685738426,0.11153530452642574,0.017997305255131307,0.02032582452316968,0.01685608457250769,0.1940754926038389,0.03560863582711259,0.01754247088462066,0.13011695254216818,0.014258465406496286,9.606438293332635e-05,1.2025052500887897e-10,1.638285388326517e-17,2.7578320876319853,0
5.993981990995498,0.42931987961356105,0.11187710476701551,0.01795775216299778,0.020248927635839492,0.016809448041937482,0.19344313716629932,0.03578727702065848,0.017535830103074388,0.1300850919489248,0.01422779491545222,9.606438293332635e-05,1.2025052500887897e-10,1.638285388326517e-17,2.7578320876319853,0
5.999221485742872,0.43051479065327974,0.11221890500760535,0.017918199070864248,0.020172030748509293,0.016762811511367267,0.19281078172875962,0.035965918214204404,0.017529189321528124,0.13005323135568145,0.014197124424408146,9.606438293332635e-05,1.2025052500887897e-10,1.638285388326517e-17,2.7578320876319853,0
6.004460980490245,0.43170970169299827,0.11256070524819513,0.01787864597873072,0.020095133861179105,0.016716174980797062,0.19217842629122003,0.03614455940775029,0.017522548539981853,0.13002137076243814,0.014166453933364078,9.606438293332635e-05,1.2025052500887897e-10,1.638285388326517e-17,2.7578320876319853,0
6.00970047523762,0.432904612732717,0.11290250548878497,0.017839092886597192,0.020018236973848903,0.016669538450226846,0.19154607085368033,0.03632320060129622,0.01751590775843559,0.12998951016919474,0.014135783442320006,9.606438293332635e-05,1.2025052500887897e-10,1.638285388326517e-17,2.7578320876319853,0
6.014939969984993,0.4341284327208093,0.1132213204838795,0.01780306439264703,0.019949292400172305,0.016624547324134917,0.19100631837683146,0.036509659152998315,0.017512421919797242,0.12994736702934143,0.014110096384128017,9.606438293332635e-05,1.2025052500887897e-10,1.638285388326517e-17,2.7578320876319853,0
6.020179464732367,0.4353643924096425,0.11353048331182662,0.017768515979072794,0.019883687232229226,0.016580247150813212,0.1905054525525145,0.036699400438730455,0.01751026093262912,0.12990090595176584,0.014086502013041168,9.606438293332635e-05,1.2025052500887897e-10,1.638285388326517e-17,2.7578320876319853,0
6.02541895947974,0.4366003520984754,0.11383964613977374,0.017733967565498564,0.01981808206428616,0.01653594697749152,0.19000458672819767,0.03688914172446257,0.017508099945461,0.1298544448741902,0.01406290764195432,9.606438293332635e-05,1.2025052500887897e-10,1.638285388326517e-17,2.7578320876319853,0
6.0306584542271136,0.4378363117873083,0.11414880896772084,0.01769941915192433,0.01975247689634309,0.016491646804169823,0.18950372090388082,0.03707888301019467,0.017505938958292878,0.1298079837966146,0.014039313270867475,9.606438293332635e-05,1.2025052500887897e-10,1.638285388326517e-17,2.7578320876319853,0
6.035897948974488,0.43907227147614153,0.114457971795668,0.017664870738350102,0.019686871728400012,0.016447346630848122,0.1890028550795639,0.03726862429592681,0.01750377797112476,0.12976152271903899,0.014015718899780627,9.606438293332635e-05,1.2025052500887897e-10,1.638285388326517e-17,2.7578320876319853,0
6.041137443721861,0.4403082311649744,0.11476713462361508,0.017630322324775873,0.01962126656045695,0.016403046457526427,0.18850198925524703,0.037458365581658916,0.01750161698395664,0.12971506164146338,0.01399212452869378,9.606438293332635e-05,1.2025052500887897e-10,1.638285388326517e-17,2.7578320876319853,0
6.046376938469235,0.4415441908538076,0.11507629745156221,0.017595773911201637,0.019555661392513867,0.016358746284204726,0.18800112343093012,0.037648106867391055,0.017499455996788517,0.12966860056388774,0.01396853015760693,9.606438293332635e-05,1.2025052500887897e-10,1.638285388326517e-17,2.7578320876319853,0
6.0516164332166085,0.4427801505426405,0.11538546027950931,0.017561225497627404,0.0194900562245708,0.01631444611088303,0.1875002576066132,0.03783784815312316,0.0174972950096204,0.12962213948631213,0.013944935786520085,9.606438293332635e-05,1.2025052500887897e-10,1.638285388326517e-17,2.7578320876319853,0
6.056855927963983,0.4440161102314737,0.11569462310745646,0.017526677084053168,0.019424451056627726,0.016270145937561327,0.18699939178229638,0.03802758943885531,0.01749513402245228,0.12957567840873652,0.013921341415433235,9.606438293332635e-05,1.2025052500887897e-10,1.638285388326517e-17,2.7578320876319853,0
6.062095422711356,0.4452520699203066,0.11600378593540354,0.017492128670478942,0.019358845888684657,0.016225845764239633,0.18649852595797947,0.03821733072458741,0.01749297303528416,0.12952921733116093,0.01389774704434639,9.606438293332635e-05,1.2025052500887897e-10,1.638285388326517e-17,2.7578320876319853,0
6.06733491745873,0.4464471922951212,0.11628763021409931,0.017452844333135018,0.019296722021319858,0.016187165285271803,0.18599781358589415,0.03840840415857462,0.017497079261478636,0.1294431760710711,0.013877073044857753,9.606438293332635e-05,1.2025052500887897e-10,1.638285388326517e-17,2.7578320876319853,0
6.072574412206103,0.4476234666788501,0.1165597890085252,0.017411374184820482,0.019236204908068127,0.016151078511390377,0.18549717203791583,0.03860009243021799,0.017504078047686618,0.12933886703443626,0.01385774690918368,9.606438293332635e-05,1.2025052500887897e-10,1.638285388326517e-17,2.7578320876319853,0
6.077813906953477,0.4487997410625789,0.11683194780295109,0.017369904036505946,0.019175687794816394,0.016114991737508952,0.18499653048993747,0.03879178070186135,0.017511076833894596,0.12923455799780145,0.013838420773509611,9.606438293332635e-05,1.2025052500887897e-10,1.638285388326517e-17,2.7578320876319853,0
6.083053401700851,0.44997601544630794,0.117104106597377,0.0173284338881914,0.019115170681564653,0.016078904963627523,0.18449588894195904,0.038983468973504756,0.017518075620102578,0.12913024896116662,0.013819094637835535,9.606438293332635e-05,1.2025052500887897e-10,1.638285388326517e-17,2.7578320876319853,0
6.088292896448224,0.45115228983003686,0.11737626539180289,0.017286963739876864,0.019054653568312915,0.016042818189746094,0.1839952473939807,0.03917515724514812,0.017525074406310556,0.1290259399245318,0.013799768502161462,9.606438293332635e-05,1.2025052500887897e-10,1.638285388326517e-17,2.7578320876319853,0
6.093532391195598,0.452328564213766,0.11764842418622881,0.01724549359156232,0.01899413645506117,0.016006731415864665,0.1834946058460023,0.03936684551679152,0.01753207319251854,0.12892163088789696,0.01378044236648739,9.606438293332635e-05,1.2025052500887897e-10,1.638285388326517e-17,2.7578320876319853,0
6.098771885942972,0.4535048385974949,0.11792058298065468,0.01720402344324778,0.01893361934180944,0.01597064464198324,0.18299396429802395,0.03955853378843489,0.01753907197872652,0.12881732185126213,0.013761116230813317,9.606438293332635e-05,1.2025052500887897e-10,1.638285388326517e-17,2.7578320876319853,0
6.104011380690346,0.454681112981224,0.11819274177508061,0.017162553294933238,0.018873102228557696,0.01593455786810181,0.1824933227500455,0.039750222060078284,0.0175460707649345,0.1287130128146273,0.013741790095139242,9.606438293332635e-05,1.2025052500887897e-10,1.638285388326517e-17,2.7578320876319853,0
6.109250875437719,0.45585738736495274,0.1184649005695065,0.017121083146618702,0.018812585115305962,0.015898471094220386,0.18199268120206719,0.039941910331721654,0.01755306955114248,0.12860870377799247,0.01372246395946517,9.606438293332635e-05,1.2025052500887897e-10,1.638285388326517e-17,2.7578320876319853,0
6.114490370185093,0.4570336617486818,0.11873705936393242,0.017079612998304156,0.018752068002054218,0.015862384320338957,0.18149203965408878,0.04013359860336505,0.01756006833735046,0.12850439474135766,0.013703137823791093,9.606438293332635e-05,1.2025052500887897e-10,1.638285388326517e-17,2.7578320876319853,0
6.1197298649324665,0.45818330179384537,0.1189286110428233,0.01704595123494988,0.018692145155422973,0.015824509458608537,0.18091256193904395,0.04031271565010623,0.01756795388854047,0.12839500880415078,0.01368762733352515,9.606438293332635e-05,1.2025052500887897e-10,1.638285388326517e-17,2.7578320876319853,0
6.124969359679841,0.4593194739093193,0.11907940289725502,0.01701623786248117,0.018632522805875292,0.015785730431701644,0.18029321989801067,0.04048547592651954,0.01757628784164592,0.12828305567948484,0.013674046263956139,9.606438293332635e-05,1.2025052500887897e-10,1.638285388326517e-17,2.7578320876319853,0
6.130208854427214,0.4604556460247931,0.11923019475168672,0.016986524490012457,0.018572900456327614,0.01574695140479476,0.17967387785697755,0.040658236202932824,0.017584621794751367,0.12817110255481892,0.01366046519438713,9.606438293332635e-05,1.2025052500887897e-10,1.638285388326517e-17,2.7578320876319853,0
6.135448349174587,0.46159181814026695,0.11938098660611843,0.016956811117543748,0.01851327810677994,0.015708172377887873,0.1790545358159444,0.04083099647934611,0.017592955747856815,0.128059149430153,0.013646884124818121,9.606438293332635e-05,1.2025052500887897e-10,1.638285388326517e-17,2.7578320876319853,0
6.140687843921961,0.462727990255741,0.11953177846055013,0.01692709774507503,0.018453655757232255,0.01566939335098098,0.17843519377491115,0.04100375675575942,0.017601289700962263,0.12794719630548707,0.013633303055249109,9.606438293332635e-05,1.2025052500887897e-10,1.638285388326517e-17,2.7578320876319853,0
6.145927338669335,0.46386416237121475,0.11968257031498183,0.016897384372606322,0.01839403340768458,0.01563061432407409,0.17781585173387796,0.041176517032172705,0.01760962365406771,0.12783524318082115,0.013619721985680101,9.606438293332635e-05,1.2025052500887897e-10,1.638285388326517e-17,2.7578320876319853,0
6.151166833416709,0.46500033448668876,0.11983336216941358,0.01686767100013761,0.018334411058136893,0.0155918352971672,0.17719650969284478,0.04134927730858602,0.01761795760717316,0.12772329005615518,0.01360614091611109,9.606438293332635e-05,1.2025052500887897e-10,1.638285388326517e-17,2.7578320876319853,0
6.156406328164082,0.4661365066021626,0.11998415402384528,0.016837957627668897,0.01827478870858922,0.015553056270260313,0.17657716765181158,0.041522037584999304,0.01762629156027861,0.12761133693148927,0.013592559846542082,9.606438293332635e-05,1.2025052500887897e-10,1.638285388326517e-17,2.7578320876319853,0
6.161645822911456,0.46727267871763656,0.12013494587827703,0.016808244255200184,0.018215166359041534,0.01551427724335342,0.17595782561077836,0.04169479786141262,0.017634625513384055,0.12749938380682335,0.013578978776973071,9.606438293332635e-05,1.2025052500887897e-10,1.638285388326517e-17,2.7578320876319853,0
6.16688531765883,0.4684088508331104,0.12028573773270873,0.016778530882731475,0.01815554400949386,0.015475498216446535,0.17533848356974518,0.0418675581378259,0.017642959466489506,0.1273874306821574,0.013565397707404064,9.606438293332635e-05,1.2025052500887897e-10,1.638285388326517e-17,2.7578320876319853,0
6.172124812406204,0.46953687155811763,0.12043996240273235,0.01674423906967709,0.018098346417609882,0.01544006436650678,0.17470171012430052,0.04204117061074449,0.017667673792067483,0.1272155320222999,0.013557393299142064,9.606438293332635e-05,1.2025052500887897e-10,1.638285388326517e-17,2.7578320876319853,0
6.177364307153577,0.4706603884020106,0.12059608380354989,0.016707417534587057,0.018042488575096514,0.01540647882446327,0.17405530531922012,0.04221525394710176,0.017701438751462958,0.1270105117048658,0.013552470158995225,9.606438293332635e-05,1.2025052500887897e-10,1.638285388326517e-17,2.7578320876319853,0
6.182603801900951,0.471783905245904,0.12075220520436748,0.016670595999497016,0.01798663073258314,0.015372893282419756,0.17340890051413957,0.04238933728345907,0.017735203710858436,0.12680549138743166,0.013547547018848386,9.606438293332635e-05,1.2025052500887897e-10,1.638285388326517e-17,2.7578320876319853,0
6.1878432966483246,0.47290742208979697,0.12090832660518502,0.016633774464406982,0.01793077289006978,0.015339307740376246,0.17276249570905916,0.04256342061981634,0.017768968670253914,0.12660047106999756,0.013542623878701547,9.606438293332635e-05,1.2025052500887897e-10,1.638285388326517e-17,2.7578320876319853,0
6.193082791395698,0.47403093893369,0.12106444800600258,0.016596952929316948,0.017874915047556412,0.01530572219833274,0.17211609090397872,0.04273750395617361,0.017802733629649386,0.12639545075256345,0.013537700738554707,9.606438293332635e-05,1.2025052500887897e-10,1.638285388326517e-17,2.7578320876319853,0
6.198322286143072,0.47515445577758325,0.12122056940682016,0.016560131394226907,0.017819057205043037,0.015272136656289225,0.17146968609889818,0.0429115872925309,0.017836498589044868,0.1261904304351293,0.013532777598407868,9.606438293332635e-05,1.2025052500887897e-10,1.638285388326517e-17,2.7578320876319853,0
6.203561780890445,0.4762779726214763,0.1213766908076377,0.016523309859136873,0.017763199362529677,0.015238551114245717,0.17082328129381777,0.04308567062888817,0.017870263548440343,0.1259854101176952,0.013527854458261029,9.606438293332635e-05,1.2025052500887897e-10,1.638285388326517e-17,2.7578320876319853,0
6.20880127563782,0.4774014894653696,0.1215328122084553,0.01648648832404683,0.0177073415200163,0.015204965572202201,0.17017687648873725,0.04325975396524548,0.017904028507835824,0.12578038980026104,0.01352293131811419,9.606438293332635e-05,1.2025052500887897e-10,1.638285388326517e-17,2.7578320876319853,0
6.214040770385193,0.4785250063092626,0.12168893360927287,0.016449666788956797,0.017651483677502938,0.015171380030158693,0.1695304716836568,0.043433837301602746,0.0179377934672313,0.12557536948282697,0.01351800817796735,9.606438293332635e-05,1.2025052500887897e-10,1.638285388326517e-17,2.7578320876319853,0
6.219280265132567,0.4796485231531559,0.12184505501009044,0.016412845253866753,0.017595625834989564,0.015137794488115178,0.1688840668785763,0.04360792063796005,0.01797155842662678,0.1253703491653928,0.013513085037820512,9.606438293332635e-05,1.2025052500887897e-10,1.638285388326517e-17,2.7578320876319853,0
6.22451975987994,0.48081600601791474,0.12196202027075914,0.01637616625100028,0.017546565833380986,0.015105456044477831,0.16833159365810554,0.04377343848022529,0.018009838037364556,0.12512803492820954,0.013500426178125566,9.606438293332635e-05,1.2025052500887897e-10,1.638285388326517e-17,2.7578320876319853,0
6.229759254627314,0.4820099744374123,0.12205539749519366,0.016339573110919072,0.017501600916654803,0.015073868864940578,0.16783570572956827,0.04393379638629052,0.018050837317585652,0.12486325447430985,0.013483107246413686,9.606438293332635e-05,1.2025052500887897e-10,1.638285388326517e-17,2.7578320876319853,0
6.234998749374688,0.4832039428569096,0.12214877471962808,0.01630297997083787,0.017456635999928628,0.015042281685403327,0.16733981780103108,0.04409415429235574,0.01809183659780674,0.12459847402041022,0.013465788314701809,9.606438293332635e-05,1.2025052500887897e-10,1.638285388326517e-17,2.7578320876319853,0
6.240238244122062,0.48439791127640724,0.12224215194406256,0.016266386830756666,0.017411671083202445,0.015010694505866073,0.16684392987249383,0.044254512198420984,0.018132835878027838,0.12433369356651053,0.01344846938298993,9.606438293332635e-05,1.2025052500887897e-10,1.638285388326517e-17,2.7578320876319853,0
6.245477738869435,0.48559187969590445,0.12233552916849703,0.016229793690675464,0.017366706166476273,0.014979107326328824,0.16634804194395664,0.0444148701044862,0.018173835158248927,0.1240689131126109,0.013431150451278054,9.606438293332635e-05,1.2025052500887897e-10,1.638285388326517e-17,2.7578320876319853,0
6.250717233616808,0.48678584811540193,0.12242890639293148,0.016193200550594266,0.017321741249750097,0.014947520146791574,0.16585215401541947,0.044575228010551415,0.018214834438470016,0.12380413265871124,0.013413831519566178,9.606438293332635e-05,1.2025052500887897e-10,1.638285388326517e-17,2.7578320876319853,0
6.255956728364183,0.48797981653489936,0.12252228361736597,0.01615660741051306,0.017276776333023915,0.014915932967254318,0.1653562660868822,0.044735585916616666,0.018255833718691113,0.12353935220481156,0.013396512587854298,9.606438293332635e-05,1.2025052500887897e-10,1.638285388326517e-17,2.7578320876319853,0
6.261196223111556,0.48917378495439673,0.12261566084180044,0.016120014270431863,0.017231811416297742,0.014884345787717069,0.164860378158345,0.044895943822681875,0.018296832998912202,0.12327457175091192,0.013379193656142421,9.606438293332635e-05,1.2025052500887897e-10,1.638285388326517e-17,2.7578320876319853,0
6.26643571785893,0.4903677533738942,0.12270903806623491,0.016083421130350658,0.01718684649957156,0.014852758608179814,0.16436449022980776,0.04505630172874712,0.018337832279133298,0.12300979129701224,0.013361874724430541,9.606438293332635e-05,1.2025052500887897e-10,1.638285388326517e-17,2.7578320876319853,0
6.271675212606303,0.49156172179339164,0.12280241529066936,0.016046827990269453,0.01714188158284538,0.014821171428642565,0.16386860230127057,0.045216659634812334,0.018378831559354387,0.12274501084311258,0.013344555792718664,9.606438293332635e-05,1.2025052500887897e-10,1.638285388326517e-17,2.7578320876319853,0
6.2769147073536775,0.49273995022190725,0.12288067683338523,0.016016564237865075,0.017102819655749068,0.014795272374906968,0.1634034654671205,0.04540778227733231,0.01841915752285006,0.1224359519734602,0.013332870722002423,9.606438293332635e-05,1.2025052500887897e-10,1.638285388326517e-17,2.7578320876319853,0
6.282154202101051,0.4939078594862105,0.12294902851007815,0.015990450042526836,0.017067627738451593,0.014773102465887812,0.16295848910148988,0.04561907433213377,0.018459042058783008,0.1220978641009492,0.013324879219905727,9.606438293332635e-05,1.2025052500887897e-10,1.638285388326517e-17,2.7578320876319853,0
6.287393696848425,0.49507576875051396,0.12301738018677102,0.015964335847188593,0.01703243582115411,0.014750932556868651,0.1625135127358592,0.04583036638693526,0.01849892659471596,0.12175977622843816,0.013316887717809029,9.606438293332635e-05,1.2025052500887897e-10,1.638285388326517e-17,2.7578320876319853,0
6.292633191595798,0.49624367801481717,0.12308573186346387,0.015938221651850357,0.016997243903856634,0.014728762647849496,0.1620685363702286,0.0460416584417367,0.018538811130648904,0.12142168835592715,0.01330889621571233,9.606438293332635e-05,1.2025052500887897e-10,1.638285388326517e-17,2.7578320876319853,0
6.297872686343172,0.4974115872791205,0.12315408354015678,0.01591210745651212,0.016962051986559156,0.014706592738830338,0.161623560004598,0.046252950496538166,0.018578695666581848,0.12108360048341613,0.013300904713615634,9.606438293332635e-05,1.2025052500887897e-10,1.638285388326517e-17,2.7578320876319853,0
6.303112181090546,0.49857949654342393,0.12322243521684967,0.01588599326117388,0.01692686006926167,0.01468442282981118,0.16117858363896728,0.04646424255133964,0.0186185802025148,0.12074551261090512,0.013292913211518936,9.606438293332635e-05,1.2025052500887897e-10,1.638285388326517e-17,2.7578320876319853,0
6.308351675837919,0.49974740580772725,0.12329078689354256,0.01585987906583564,0.016891668151964197,0.014662252920792025,0.1607336072733367,0.04667553460614109,0.018658464738447744,0.12040742473839412,0.01328492170942224,9.606438293332635e-05,1.2025052500887897e-10,1.638285388326517e-17,2.7578320876319853,0
6.313591170585293,0.5009153150720306,0.12335913857023546,0.015833764870497397,0.016856476234666715,0.014640083011772864,0.160288630907706,0.046886826660942585,0.018698349274380695,0.12006933686588307,0.01327693020732554,9.606438293332635e-05,1.2025052500887897e-10,1.638285388326517e-17,2.7578320876319853,0
6.3188306653326665,0.5020832243363339,0.12342749024692833,0.01580765067515916,0.016821284317369234,0.014617913102753708,0.1598436545420754,0.04709811871574404,0.01873823381031364,0.1197312489933721,0.013268938705228843,9.606438293332635e-05,1.2025052500887897e-10,1.638285388326517e-17,2.7578320876319853,0
6.324070160080041,0.5032511336006373,0.12349584192362119,0.015781536479820918,0.016786092400071752,0.014595743193734547,0.15939867817644474,0.047309410770545526,0.018778118346246594,0.11939316112086104,0.013260947203132147,9.606438293332635e-05,1.2025052500887897e-10,1.638285388326517e-17,2.7578320876319853,0
6.329309654827414,0.5044133683182215,0.1235624266048861,0.015749013110332978,0.016762781264254432,0.014571997927925582,0.1589705020944891,0.04751414360331101,0.018823040581930815,0.11905571916521901,0.013264604748611943,9.606438293332635e-05,1.2025052500887897e-10,1.638285388326517e-17,2.7578320876319853,0
6.334549149574788,0.5055715602256969,0.12362775239670447,0.015711923548103187,0.016747934547860728,0.01454713030491872,0.1585542953133491,0.04771420334226547,0.01887155190842497,0.1187187373906939,0.013276561615541086,9.606438293332635e-05,1.2025052500887897e-10,1.638285388326517e-17,2.7578320876319853,0
6.339788644322161,0.5067297521331722,0.12369307818852283,0.015674833985873403,0.01673308783146703,0.014522262681911863,0.1581380885322092,0.04791426308121989,0.018920063234919116,0.11838175561616884,0.013288518482470226,9.606438293332635e-05,1.2025052500887897e-10,1.638285388326517e-17,2.7578320876319853,0
6.345028139069536,0.5078879440406476,0.12375840398034121,0.015637744423643612,0.016718241115073335,0.014497395058905004,0.15772188175106922,0.04811432282017436,0.01896857456141327,0.1180447738416437,0.01330047534939937,9.606438293332635e-05,1.2025052500887897e-10,1.638285388326517e-17,2.7578320876319853,0
6.350267633816909,0.5090461359481229,0.12382372977215958,0.015600654861413826,0.016703394398679634,0.014472527435898146,0.15730567496992928,0.048314382559128795,0.019017085887907414,0.11770779206711865,0.01331243221632851,1.8475788446264608e-22,1.2025052500887897e-10,1.638285388326517e-17,2.7578320876319853,0
6.355507128564282,0.510204327855598,0.1238890555639779,0.015563565299184042,0.016688547682285938,0.014447659812891292,0.15688946818878935,0.04851444229808323,0.019065597214401563,0.11737081029259357,0.013324389083257651,1.8475788446264608e-22,1.2025052500887897e-10,1.638285388326517e-17,2.7578320876319853,0
6.360746623311656,0.5113625197630733,0.12395438135579631,0.01552647573695425,0.016673700965892234,0.014422792189884431,0.15647326140764936,0.04871450203703769,0.01911410854089572,0.11703382851806846,0.013336345950186793,1.8475788446264608e-22,1.2025052500887897e-10,1.638285388326517e-17,2.7578320876319853,0
6.36598611805903,0.5125207116705486,0.12401970714761464,0.015489386174724465,0.016658854249498537,0.014397924566877576,0.15605705462650946,0.04891456177599213,0.019162619867389864,0.1166968467435434,0.013348302817115935,1.8475788446264608e-22,1.2025052500887897e-10,1.638285388326517e-17,2.7578320876319853,0
6.371225612806404,0.5136789035780241,0.12408503293943299,0.015452296612494674,0.016644007533104833,0.014373056943870715,0.15564084784536947,0.049114621514946596,0.01921113119388402,0.11635986496901825,0.013360259684045077,1.8475788446264608e-22,1.2025052500887897e-10,1.638285388326517e-17,2.7578320876319853,0
6.376465107553777,0.5148370954854993,0.12415035873125135,0.01541520705026489,0.016629160816711137,0.014348189320863859,0.15522464106422956,0.04931468125390103,0.019259642520378165,0.11602288319449319,0.013372216550974219,1.8475788446264608e-22,1.2025052500887897e-10,1.638285388326517e-17,2.7578320876319853,0
6.381704602301151,0.5159846288535701,0.12417600089611011,0.015382414370226584,0.016611386382964645,0.014327497928219309,0.1548172955704925,0.04950215226358389,0.019305771940449273,0.11569421942589489,0.013386859498075913,1.8475788446264608e-22,1.2025052500887897e-10,1.638285388326517e-17,2.7578320876319853,0
6.3869440970485245,0.5171239196178342,0.12417095438945344,0.015352944612416371,0.016591347847798664,0.014310036153721615,0.15441680280568051,0.04967988798929669,0.019350059352886546,0.11537198824854673,0.013403579680511046,1.8475788446264608e-22,1.2025052500887897e-10,1.638285388326517e-17,2.7578320876319853,0
6.392183591795899,0.5182632103820988,0.12416590788279677,0.01532347485460615,0.01657130931263268,0.01429257437922392,0.15401631004086846,0.049857623715009514,0.01939434676532383,0.1150497570711985,0.013420299862946182,1.8475788446264608e-22,1.2025052500887897e-10,1.638285388326517e-17,2.7578320876319853,0
6.397423086543272,0.519402501146363,0.12416086137614009,0.015294005096795934,0.016551270777466695,0.014275112604726227,0.15361581727605647,0.050035359440722314,0.019438634177761108,0.11472752589385034,0.013437020045381312,1.8475788446264608e-22,1.2025052500887897e-10,1.638285388326517e-17,2.7578320876319853,0
6.402662581290646,0.5205417919106274,0.12415581486948342,0.015264535338985714,0.01653123224230071,0.014257650830228528,0.1532153245112444,0.050213095166435136,0.019482921590198387,0.11440529471650213,0.013453740227816447,1.8475788446264608e-22,1.2025052500887897e-10,1.638285388326517e-17,2.7578320876319853,0
6.407902076038019,0.5216810826748918,0.12415076836282678,0.015235065581175499,0.01651119370713473,0.014240189055730839,0.1528148317464324,0.050390830892147936,0.019527209002635663,0.11408306353915397,0.01347046041025158,1.8475788446264608e-22,1.2025052500887897e-10,1.638285388326517e-17,2.7578320876319853,0
6.413141570785393,0.522820373439156,0.12414572185617011,0.015205595823365285,0.01649115517196875,0.014222727281233144,0.15241433898162043,0.05056856661786072,0.019571496415072942,0.11376083236180579,0.01348718059268671,1.8475788446264608e-22,1.2025052500887897e-10,1.638285388326517e-17,2.7578320876319853,0
6.418381065532767,0.5239596642034204,0.12414067534951344,0.015176126065555063,0.016471116636802764,0.014205265506735447,0.15201384621680833,0.050746302343573545,0.01961578382751022,0.11343860118445757,0.013503900775121846,1.8475788446264608e-22,1.2025052500887897e-10,1.638285388326517e-17,2.7578320876319853,0
6.42362056028014,0.5250989549676848,0.12413562884285677,0.015146656307744847,0.016451078101636783,0.014187803732237755,0.15161335345199636,0.050924038069286345,0.019660071239947497,0.11311637000710942,0.013520620957556979,1.8475788446264608e-22,1.2025052500887897e-10,1.638285388326517e-17,2.7578320876319853,0
6.428860055027514,0.5262382457319491,0.1241305823362001,0.015117186549934627,0.0164310395664708,0.014170341957740059,0.15121286068718431,0.05110177379499918,0.019704358652384783,0.1127941388297612,0.013537341139992115,1.8475788446264608e-22,1.2025052500887897e-10,1.638285388326517e-17,2.7578320876319853,0
6.434099549774888,0.5273890087368173,0.12408002294530203,0.015092955108566982,0.01641726446109227,0.014156750015501762,0.15081506186934332,0.051270190991141634,0.019757822504629114,0.11252947624211285,0.013553985922158014,1.8475788446264608e-22,1.2025052500887897e-10,1.638285388326517e-17,2.7578320876319853,0
6.439339044522262,0.5285493936209017,0.12399129145794341,0.015073117093893097,0.016408742554890304,0.014146403739029407,0.15041952249089735,0.05143079264635417,0.019818982725743898,0.11231309698776111,0.013570567465388426,1.8475788446264608e-22,1.2025052500887897e-10,1.638285388326517e-17,2.7578320876319853,0
6.444578539269635,0.5297097785049859,0.12390255997058479,0.015053279079219219,0.016400220648688343,0.014136057462557054,0.15002398311245146,0.05159139430156667,0.019880142946858668,0.11209671773340939,0.01358714900861884,1.8475788446264608e-22,1.2025052500887897e-10,1.638285388326517e-17,2.7578320876319853,0
6.449818034017009,0.5308701633890702,0.12381382848322617,0.015033441064545338,0.016391698742486378,0.0141257111860847,0.1496284437340055,0.05175199595677919,0.01994130316797345,0.11188033847905762,0.013603730551849252,1.8475788446264608e-22,1.2025052500887897e-10,1.638285388326517e-17,2.7578320876319853,0
6.455057528764383,0.5320305482731544,0.12372509699586755,0.015013603049871456,0.016383176836284416,0.014115364909612347,0.14923290435555958,0.0519125976119917,0.02000246338908822,0.11166395922470596,0.013620312095079665,1.8475788446264608e-22,1.2025052500887897e-10,1.638285388326517e-17,2.7578320876319853,0
6.460297023511756,0.5331909331572388,0.12363636550850896,0.014993765035197578,0.01637465493008245,0.014105018633139996,0.1488373649771137,0.05207319926720421,0.02006362361020299,0.11144757997035423,0.013636893638310076,1.8475788446264608e-22,1.2025052500887897e-10,1.638285388326517e-17,2.7578320876319853,0
6.46553651825913,0.5343513180413231,0.12354763402115031,0.014973927020523697,0.01636613302388049,0.014094672356667642,0.1484418255986677,0.05223380092241674,0.020124783831317772,0.11123120071600247,0.013653475181540491,1.8475788446264608e-22,1.2025052500887897e-10,1.638285388326517e-17,2.7578320876319853,0
6.470776013006503,0.5355117029254073,0.12345890253379171,0.014954089005849817,0.016357611117678524,0.014084326080195287,0.1480462862202218,0.05239440257762924,0.020185944052432545,0.11101482146165077,0.013670056724770901,1.8475788446264608e-22,1.2025052500887897e-10,1.638285388326517e-17,2.7578320876319853,0
6.4760155077538775,0.5366720878094917,0.1233701710464331,0.014934250991175934,0.016349089211476563,0.014073979803722934,0.14765074684177584,0.052555004232841776,0.02024710427354733,0.11079844220729904,0.013686638268001317,1.8475788446264608e-22,1.2025052500887897e-10,1.638285388326517e-17,2.7578320876319853,0
6.481255002501251,0.5378324726935759,0.12328143955907447,0.014914412976502055,0.0163405673052746,0.01406363352725058,0.14725520746332996,0.052715605888054275,0.020308264494662095,0.11058206295294734,0.013703219811231728,1.8475788446264608e-22,1.2025052500887897e-10,1.638285388326517e-17,2.7578320876319853,0
6.486494497248625,0.5389529670897474,0.12319345494393083,0.014894617351409768,0.016338330085127587,0.014053195376531663,0.14682795144795677,0.05287353465392218,0.02036396255846613,0.11035690420439802,0.013720134725991458,1.8475788446264608e-22,1.2025052500887897e-10,1.638285388326517e-17,2.7578320876319853,0
6.491733991995998,0.5400371974059976,0.12310614930352817,0.014874860262300754,0.016341806215939628,0.014042673703770419,0.14637186212628622,0.053029033520385856,0.02041469502471493,0.11012376409748732,0.013737352705777838,1.8475788446264608e-22,1.2025052500887897e-10,1.638285388326517e-17,2.7578320876319853,0
6.496973486743372,0.5411214277222482,0.12301884366312545,0.014855103173191737,0.016345282346751665,0.01403215203100917,0.1459157728046156,0.05318453238684955,0.02046542749096374,0.1098906239905766,0.01375457068556422,1.8475788446264608e-22,1.2025052500887897e-10,1.638285388326517e-17,2.7578320876319853,0
6.502212981490746,0.5422056580384986,0.12293153802272275,0.014835346084082723,0.016348758477563702,0.014021630358247926,0.14545968348294505,0.05334003125331323,0.02051615995721254,0.10965748388366588,0.013771788665350598,1.8475788446264608e-22,1.2025052500887897e-10,1.638285388326517e-17,2.7578320876319853,0
6.50745247623812,0.5432898883547491,0.12284423238232003,0.014815588994973703,0.01635223460837574,0.014011108685486677,0.1450035941612744,0.053495530119776924,0.02056689242346135,0.10942434377675515,0.01378900664513698,1.8475788446264608e-22,1.2025052500887897e-10,1.638285388326517e-17,2.7578320876319853,0
6.512691970985493,0.5443741186709995,0.12275692674191734,0.01479583190586469,0.016355710739187776,0.014000587012725434,0.14454750483960388,0.0536510289862406,0.020617624889710147,0.10919120366984446,0.013806224624923358,1.8475788446264608e-22,1.2025052500887897e-10,1.638285388326517e-17,2.7578320876319853,0
6.517931465732866,0.5454583489872499,0.12266962110151464,0.014776074816755674,0.016359186869999813,0.013990065339964188,0.1440914155179333,0.053806527852704275,0.02066835735595895,0.10895806356293375,0.013823442604709739,1.8475788446264608e-22,1.2025052500887897e-10,1.638285388326517e-17,2.7578320876319853,0
6.523170960480241,0.5465425793035004,0.12258231546111191,0.014756317727646654,0.01636266300081185,0.013979543667202943,0.14363532619626268,0.05396202671916798,0.020719089822207756,0.10872492345602301,0.013840660584496121,1.8475788446264608e-22,1.2025052500887897e-10,1.638285388326517e-17,2.7578320876319853,0
6.528410455227614,0.5476268096197507,0.12249500982070925,0.01473656063853764,0.016366139131623887,0.013969021994441696,0.14317923687459214,0.054117525585631654,0.020769822288456558,0.10849178334911233,0.013857878564282498,1.8475788446264608e-22,1.2025052500887897e-10,1.638285388326517e-17,2.7578320876319853,0
6.533649949974988,0.5487110399360015,0.12240770418030653,0.014716803549428623,0.016369615262435928,0.01395850032168045,0.1427231475529215,0.05427302445209535,0.02082055475470537,0.1082586432422016,0.01387509654406888,1.8475788446264608e-22,1.2025052500887897e-10,1.638285388326517e-17,2.7578320876319853,0
6.538889444722361,0.5497309895128785,0.12228269056953268,0.014694844759559022,0.016370530320849716,0.01394858596540825,0.1423682333790358,0.054442838996210496,0.020876687035646088,0.10801893789987534,0.01389441682525861,1.8475788446264608e-22,1.2025052500887897e-10,1.638285388326517e-17,2.7578320876319853,0
6.544128939469736,0.5506876177644032,0.12212053179391559,0.01467071713013421,0.016368922531826424,0.013939269861199883,0.1421129842761023,0.0546267555511465,0.020938138537029607,0.10777276531072177,0.013915808030218807,1.8475788446264608e-22,1.2025052500887897e-10,1.638285388326517e-17,2.7578320876319853,0
6.549368434217109,0.5516442460159278,0.12195837301829852,0.014646589500709404,0.016367314742803136,0.013929953756991516,0.14185773517316885,0.05481067210608249,0.02099959003841311,0.10752659272156823,0.013937199235179,1.8475788446264608e-22,1.2025052500887897e-10,1.638285388326517e-17,2.7578320876319853,0
6.554607928964483,0.5526008742674523,0.12179621424268144,0.014622461871284593,0.016365706953779847,0.01392063765278315,0.14160248607023534,0.0549945886610185,0.021061041539796627,0.10728042013241466,0.013958590440139198,1.8475788446264608e-22,1.2025052500887897e-10,1.638285388326517e-17,2.7578320876319853,0
6.559847423711856,0.5535575025189768,0.12163405546706439,0.014598334241859787,0.016364099164756556,0.013911321548574785,0.14134723696730192,0.055178505215954486,0.021122493041180135,0.10703424754326114,0.013979981645099391,1.8475788446264608e-22,1.2025052500887897e-10,1.638285388326517e-17,2.7578320876319853,0
6.56508691845923,0.5545141307705016,0.12147189669144728,0.014574206612434975,0.016362491375733267,0.013902005444366419,0.1410919878643684,0.055362421770890506,0.02118394454256365,0.10678807495410758,0.014001372850059588,1.8475788446264608e-22,1.2025052500887897e-10,1.638285388326517e-17,2.7578320876319853,0
6.570326413206604,0.5554707590220261,0.12130973791583023,0.014550078983010169,0.016360883586709975,0.013892689340158052,0.14083673876143493,0.05554633832582649,0.021245396043947155,0.10654190236495406,0.014022764055019782,1.8475788446264608e-22,1.2025052500887897e-10,1.638285388326517e-17,2.7578320876319853,0
6.575565907953977,0.5564273872735506,0.12114757914021318,0.014525951353585361,0.01635927579768669,0.01388337323594969,0.1405814896585015,0.05573025488076248,0.021306847545330663,0.10629572977580051,0.014044155259979978,1.8475788446264608e-22,1.2025052500887897e-10,1.638285388326517e-17,2.7578320876319853,0
6.580805402701351,0.5573840155250752,0.12098542036459607,0.014501823724160551,0.0163576680086634,0.013874057131741321,0.140326240555568,0.05591417143569849,0.021368299046714178,0.10604955718664698,0.014065546464940173,1.8475788446264608e-22,1.2025052500887897e-10,1.638285388326517e-17,2.7578320876319853,0
6.5860448974487245,0.5583406437765998,0.12082326158897902,0.014477696094735744,0.016356060219640107,0.013864741027532957,0.14007099145263452,0.056098087990634475,0.021429750548097683,0.10580338459749344,0.014086937669900367,1.8475788446264608e-22,1.2025052500887897e-10,1.638285388326517e-17,2.7578320876319853,0
6.591284392196099,0.5592647926552838,0.12068009287988837,0.014454127982763748,0.01636225173947311,0.013855549541719827,0.13984146062469838,0.05626518718775912,0.02149772587293983,0.10555853301221882,0.0141098012572385,1.8475788446264608e-22,1.2025052500887897e-10,1.638285388326517e-17,2.7578320876319853,0
6.596523886943472,0.5601542744313502,0.12055719336097627,0.014431157075948645,0.016376767910209707,0.013846491068287111,0.13963938039080084,0.056414336251675766,0.021572664449763714,0.10531509141035904,0.014134236402969656,1.8475788446264608e-22,1.2025052500887897e-10,1.638285388326517e-17,2.7578320876319853,0
6.601763381690846,0.5610437562074169,0.12043429384206414,0.014408186169133539,0.016391284080946308,0.013837432594854392,0.13943730015690328,0.056563485315592424,0.021647603026587615,0.10507164980849922,0.014158671548700815,1.8475788446264608e-22,1.2025052500887897e-10,1.638285388326517e-17,2.7578320876319853,0
6.607002876438219,0.5619332379834834,0.12031139432315202,0.014385215262318438,0.016405800251682905,0.013828374121421676,0.13923521992300575,0.056712634379509054,0.0217225416034115,0.10482820820663942,0.014183106694431973,1.8475788446264608e-22,1.2025052500887897e-10,1.638285388326517e-17,2.7578320876319853,0
6.6122423711855935,0.56282271975955,0.1201884948042399,0.014362244355503331,0.016420316422419506,0.013819315647988956,0.1390331396891082,0.05686178344342572,0.021797480180235397,0.10458476660477965,0.014207541840163132,1.8475788446264608e-22,1.2025052500887897e-10,1.638285388326517e-17,2.7578320876319853,0
6.617481865932967,0.5637122015356165,0.12006559528532779,0.014339273448688229,0.016434832593156104,0.013810257174556239,0.13883105945521068,0.05701093250734236,0.02187241875705928,0.10434132500291989,0.014231976985894288,1.8475788446264608e-22,1.2025052500887897e-10,1.638285388326517e-17,2.7578320876319853,0
6.622721360680341,0.5646016833116831,0.11994269576641564,0.014316302541873122,0.0164493487638927,0.01380119870112352,0.1386289792213131,0.05716008157125902,0.021947357333883182,0.10409788340106005,0.01425641213162545,1.8475788446264608e-22,1.2025052500887897e-10,1.638285388326517e-17,2.7578320876319853,0
6.627960855427714,0.5654911650877495,0.11981979624750355,0.01429333163505802,0.016463864934629303,0.013792140227690803,0.1384268989874156,0.057309230635175665,0.022022295910707066,0.1038544417992003,0.014280847277356606,1.8475788446264608e-22,1.2025052500887897e-10,1.638285388326517e-17,2.7578320876319853,0
6.633200350175088,0.5663806468638161,0.11969689672859142,0.014270360728242917,0.0164783811053659,0.013783081754258086,0.13822481875351808,0.057458379699092295,0.022097234487530953,0.10361100019734053,0.014305282423087762,1.8475788446264608e-22,1.2025052500887897e-10,1.638285388326517e-17,2.7578320876319853,0
6.638439844922462,0.5672701286398827,0.11957399720967933,0.01424738982142781,0.0164928972761025,0.013774023280825366,0.1380227385196205,0.05760752876300895,0.022172173064354848,0.1033675585954807,0.014329717568818921,1.8475788446264608e-22,1.2025052500887897e-10,1.638285388326517e-17,2.7578320876319853,0
6.643679339669835,0.5681176354253409,0.11943014250331127,0.014224968280423968,0.01651272386634525,0.013767012168972496,0.13783566934048022,0.05775513170681511,0.022242881557252646,0.10311527690812526,0.014357189397649975,1.8475788446264608e-22,1.2025052500887897e-10,1.638285388326517e-17,2.7578320876319853,0
6.648918834417209,0.5689165873567984,0.11926204774226447,0.01420318222203423,0.016538693320232955,0.013762369356460628,0.13766596430035635,0.05790094616573674,0.0223086968719873,0.1028527693921423,0.014388173930174964,1.8475788446264608e-22,1.2025052500887897e-10,1.638285388326517e-17,2.7578320876319853,0
6.654158329164583,0.5697155392882556,0.11909395298121771,0.014181396163644493,0.016564662774120654,0.013757726543948764,0.13749625926023254,0.058046760624658335,0.022374512186721946,0.1025902618761594,0.014419158462699947,1.8475788446264608e-22,1.2025052500887897e-10,1.638285388326517e-17,2.7578320876319853,0
6.659397823911957,0.570514491219713,0.11892585822017093,0.014159610105254756,0.01659063222800836,0.013753083731436896,0.1373265542201087,0.05819257508357995,0.022440327501456605,0.10232775436017644,0.014450142995224936,1.8475788446264608e-22,1.2025052500887897e-10,1.638285388326517e-17,2.7578320876319853,0
6.66463731865933,0.5713134431511703,0.11875776345912414,0.01413782404686502,0.016616601681896062,0.013748440918925032,0.13715684917998486,0.058338389542501555,0.02250614281619125,0.10206524684419355,0.014481127527749918,1.8475788446264608e-22,1.2025052500887897e-10,1.638285388326517e-17,2.7578320876319853,0
6.669876813406704,0.5721123950826277,0.11858966869807734,0.01411603798847528,0.016642571135783768,0.013743798106413166,0.13698714413986102,0.05848420400142317,0.022571958130925905,0.1018027393282106,0.014512112060274907,1.8475788446264608e-22,1.2025052500887897e-10,1.638285388326517e-17,2.7578320876319853,0
6.675116308154077,0.5729113470140849,0.11842157393703058,0.014094251930085545,0.01666854058967147,0.013739155293901302,0.13681743909973718,0.05863001846034477,0.02263777344566055,0.1015402318122277,0.014543096592799893,1.8475788446264608e-22,1.2025052500887897e-10,1.638285388326517e-17,2.7578320876319853,0
6.680355802901451,0.573710298945542,0.11825347917598382,0.01407246587169581,0.01669451004355917,0.013734512481389434,0.13664773405961336,0.058775832919266364,0.0227035887603952,0.10127772429624478,0.014574081125324876,1.8475788446264608e-22,1.2025052500887897e-10,1.638285388326517e-17,2.7578320876319853,0
6.685595297648825,0.5745092508769996,0.11808538441493702,0.01405067981330607,0.016720479497446875,0.01372986966887757,0.13647802901948952,0.058921647378187995,0.02276940407512985,0.10101521678026185,0.014605065657849865,1.8475788446264608e-22,1.2025052500887897e-10,1.638285388326517e-17,2.7578320876319853,0
6.690834792396198,0.5753082028084568,0.11791728965389026,0.014028893754916335,0.016746448951334578,0.013725226856365704,0.13630832397936568,0.05906746183710959,0.022835219389864495,0.10075270926427894,0.014636050190374847,1.8475788446264608e-22,1.2025052500887897e-10,1.638285388326517e-17,2.7578320876319853,0
6.696074287143572,0.576103070352456,0.1177509941100651,0.014012782835187209,0.016773570770333597,0.013720185388959687,0.1361000101443859,0.059207584801474505,0.022907411880966563,0.10048694384130787,0.014669399513425021,1.8475788446264608e-22,1.2025052500887897e-10,1.638285388326517e-17,2.7578320876319853,0
6.701313781890946,0.5768928151054056,0.11758695521156876,0.014003789885981563,0.016802137928624762,0.013714643913720327,0.13584327171924793,0.05934056928114115,0.022987602864461627,0.10021709222991099,0.014705714844930499,1.8475788446264608e-22,1.2025052500887897e-10,1.638285388326517e-17,2.7578320876319853,0
6.70655327663832,0.5776825598583554,0.11742291631307242,0.013994796936775912,0.016830705086915934,0.013709102438480968,0.1355865332941099,0.059473553760807825,0.023067793847956704,0.09994724061851408,0.014742030176435985,1.8475788446264608e-22,1.2025052500887897e-10,1.638285388326517e-17,2.7578320876319853,0
6.711792771385693,0.578472304611305,0.1172588774145761,0.013985803987570265,0.0168592722452071,0.013703560963241606,0.13532979486897193,0.05960653824047447,0.02314798483145177,0.09967738900711723,0.014778345507941463,1.8475788446264608e-22,1.2025052500887897e-10,1.638285388326517e-17,2.7578320876319853,0
6.717032266133067,0.5792620493642548,0.11709483851607974,0.013976811038364616,0.01688783940349827,0.013698019488002247,0.13507305644383388,0.05973952272014113,0.02322817581494685,0.09940753739572031,0.014814660839446946,1.8475788446264608e-22,1.2025052500887897e-10,1.638285388326517e-17,2.7578320876319853,0
6.7222717608804405,0.5800517941172045,0.1169307996175834,0.01396781808915897,0.016916406561789436,0.013692478012762887,0.13481631801869592,0.05987250719980779,0.023308366798441914,0.09913768578432344,0.014850976170952424,1.8475788446264608e-22,1.2025052500887897e-10,1.638285388326517e-17,2.7578320876319853,0
6.727511255627815,0.5808415388701543,0.11676676071908708,0.01395882513995332,0.016944973720080612,0.013686936537523528,0.13455957959355788,0.06000549167947445,0.02338855778193699,0.09886783417292655,0.01488729150245791,1.8475788446264608e-22,1.2025052500887897e-10,1.638285388326517e-17,2.7578320876319853,0
6.732750750375188,0.5816312836231038,0.11660272182059077,0.013949832190747673,0.016973540878371777,0.013681395062284166,0.13430284116841992,0.060138476159141085,0.023468748765432056,0.09859798256152967,0.014923606833963389,1.8475788446264608e-22,1.2025052500887897e-10,1.638285388326517e-17,2.7578320876319853,0
6.737990245122561,0.5824210283760536,0.11643868292209444,0.013940839241542024,0.017002108036662942,0.013675853587044809,0.13404610274328194,0.060271460638807756,0.02354893974892712,0.0983281309501328,0.014959922165468868,1.8475788446264608e-22,1.2025052500887897e-10,1.638285388326517e-17,2.7578320876319853,0
6.743229739869936,0.5832107731290034,0.1162746440235981,0.013931846292336377,0.017030675194954117,0.013670312111805447,0.13378936431814392,0.06040444511847442,0.0236291307324222,0.09805827933873591,0.014996237496974353,1.8475788446264608e-22,1.2025052500887897e-10,1.638285388326517e-17,2.7578320876319853,0
6.748469234617309,0.583955969260082,0.11609128084531543,0.013920242724848025,0.01706311154395608,0.013666426223768027,0.13357845179023728,0.060529128594249,0.023706074693122615,0.09782084144959394,0.015035019719723278,1.8475788446264608e-22,1.2025052500887897e-10,1.638285388326517e-17,2.7578320876319853,0
6.753708729364683,0.584640537089206,0.11588161835134721,0.013905086244903915,0.017100813655463874,0.013664793501745078,0.13342990586803005,0.0606425148457918,0.023778599628717895,0.09762751691026633,0.015077159250081636,1.8475788446264608e-22,1.2025052500887897e-10,1.638285388326517e-17,2.7578320876319853,0
6.758948224112056,0.5853251049183298,0.115671955857379,0.01388992976495981,0.017138515766971656,0.013663160779722128,0.13328135994582282,0.06075590109733457,0.023851124564313163,0.09743419237093869,0.015119298780439987,1.8475788446264608e-22,1.2025052500887897e-10,1.638285388326517e-17,2.7578320876319853,0
6.76418771885943,0.5860096727474539,0.11546229336341074,0.013874773285015704,0.017176217878479446,0.013661528057699178,0.13313281402361563,0.06086928734887737,0.023923649499908443,0.09724086783161105,0.015161438310798343,1.8475788446264608e-22,1.2025052500887897e-10,1.638285388326517e-17,2.7578320876319853,0
6.769427213606804,0.5866942405765777,0.11525263086944254,0.013859616805071598,0.017213919989987232,0.013659895335676232,0.13298426810140843,0.06098267360042015,0.02399617443550371,0.09704754329228345,0.015203577841156692,1.8475788446264608e-22,1.2025052500887897e-10,1.638285388326517e-17,2.7578320876319853,0
6.774666708354178,0.5873788084057017,0.11504296837547429,0.013844460325127492,0.017251622101495025,0.013658262613653282,0.1328357221792012,0.06109605985196295,0.024068699371098994,0.09685421875295581,0.01524571737151505,1.8475788446264608e-22,1.2025052500887897e-10,1.638285388326517e-17,2.7578320876319853,0
6.779906203101551,0.5880633762348257,0.11483330588150611,0.013829303845183386,0.01728932421300281,0.013656629891630332,0.132687176256994,0.061209446103505726,0.024141224306694263,0.09666089421362822,0.015287856901873401,1.8475788446264608e-22,1.2025052500887897e-10,1.638285388326517e-17,2.7578320876319853,0
6.785145697848925,0.5887479440639496,0.11462364338753785,0.013814147365239279,0.0173270263245106,0.013654997169607382,0.13253863033478674,0.06132283235504852,0.024213749242289542,0.09646756967430059,0.015329996432231758,1.8475788446264608e-22,1.2025052500887897e-10,1.638285388326517e-17,2.7578320876319853,0
6.790385192596299,0.5894325118930736,0.11441398089356963,0.013798990885295175,0.017364728436018384,0.013653364447584434,0.13239008441257957,0.0614362186065913,0.02428627417788481,0.09627424513497299,0.015372135962590109,1.8475788446264608e-22,1.2025052500887897e-10,1.638285388326517e-17,2.7578320876319853,0
6.795624687343672,0.5901170797221973,0.11420431839960143,0.013783834405351069,0.01740243054752617,0.013651731725561484,0.13224153849037237,0.061549604858134065,0.02435879911348008,0.0960809205956454,0.015414275492948458,1.8475788446264608e-22,1.2025052500887897e-10,1.638285388326517e-17,2.7578320876319853,0
6.800864182091046,0.5907130591104616,0.11395967646351267,0.013769525157258334,0.017440364119037845,0.013652236173910185,0.13212726265332028,0.06165504479975108,0.024438360575848573,0.09587685819604443,0.01545801500356587,1.8475788446264608e-22,1.2025052500887897e-10,1.638285388326517e-17,2.7578320876319853,0
6.806103676838419,0.5911780816731069,0.11366332578689796,0.013756468338858933,0.017478639848816122,0.013655899917590881,0.13206364694214975,0.061748738022347344,0.024528323860403538,0.09565692243777861,0.015504119702392308,1.8475788446264608e-22,1.2025052500887897e-10,1.638285388326517e-17,2.7578320876319853,0
6.8113431715857935,0.5916431042357524,0.11336697511028321,0.013743411520459532,0.017516915578594406,0.013659563661271579,0.13200003123097923,0.061842431244943596,0.024618287144958513,0.09543698667951277,0.015550224401218756,1.8475788446264608e-22,1.2025052500887897e-10,1.638285388326517e-17,2.7578320876319853,0
6.816582666333167,0.5921081267983977,0.1130706244336685,0.01373035470206013,0.017555191308372683,0.013663227404952275,0.1319364155198087,0.06193612446753984,0.024708250429513474,0.09521705092124697,0.015596329100045195,1.8475788446264608e-22,1.2025052500887897e-10,1.638285388326517e-17,2.7578320876319853,0
6.821822161080541,0.5925731493610432,0.11277427375705376,0.013717297883660728,0.017593467038150963,0.013666891148632973,0.13187279980863814,0.062029817690136116,0.02479821371406845,0.09499711516298112,0.01564243379887164,1.8475788446264608e-22,1.2025052500887897e-10,1.638285388326517e-17,2.7578320876319853,0
6.827061655827914,0.5930381719236886,0.11247792308043907,0.013704241065261328,0.017631742767929243,0.013670554892313667,0.13180918409746764,0.06212351091273237,0.02488817699862341,0.09477717940471532,0.01568853849769808,1.8475788446264608e-22,1.2025052500887897e-10,1.638285388326517e-17,2.7578320876319853,0
6.832301150575288,0.5935031944863342,0.1121815724038243,0.013691184246861924,0.017670018497707527,0.013674218635994367,0.13174556838629708,0.06221720413532863,0.02497814028317839,0.09455724364644948,0.01573464319652453,1.8475788446264608e-22,1.2025052500887897e-10,1.638285388326517e-17,2.7578320876319853,0
6.837540645322662,0.5939682170489794,0.1118852217272096,0.013678127428462522,0.017708294227485804,0.013677882379675061,0.13168195267512656,0.062310897357924874,0.02506810356773335,0.09433730788818367,0.015780747895350968,1.8475788446264608e-22,1.2025052500887897e-10,1.638285388326517e-17,2.7578320876319853,0
6.842780140070036,0.5944332396116246,0.11158887105059487,0.01366507061006312,0.017746569957264088,0.013681546123355757,0.13161833696395603,0.06240459058052116,0.02515806685228833,0.09411737212991783,0.01582685259417741,1.8475788446264608e-22,1.2025052500887897e-10,1.638285388326517e-17,2.7578320876319853,0
6.848019634817409,0.5948982621742702,0.11129252037398016,0.01365201379166372,0.01778484568704236,0.013685209867036455,0.1315547212527855,0.0624982838031174,0.02524803013684329,0.09389743637165204,0.01587295729300385,1.8475788446264608e-22,1.2025052500887897e-10,1.638285388326517e-17,2.7578320876319853,0
6.8532591295647824,0.5953363423561283,0.11100831228337449,0.01364188018902395,0.017825633510661704,0.013692420035866036,0.13155122086299964,0.0625926864509383,0.025332267159418984,0.09368138869821899,0.015915700029109945,1.8475788446264608e-22,1.2025052500887897e-10,1.638285388326517e-17,2.7578320876319853,0
6.858498624312157,0.5957311034159359,0.11074362756635199,0.01363644665878202,0.01787046038712356,0.013705332300033039,0.1316443764801461,0.062688229743238,0.0254072972509692,0.09347159245530132,0.01595303725652843,1.8475788446264608e-22,1.2025052500887897e-10,1.638285388326517e-17,2.7578320876319853,0
6.86373811905953,0.5961258644757437,0.11047894284932946,0.01363101312854009,0.017915287263585402,0.013718244564200038,0.1317375320972925,0.0627837730355377,0.0254823273425194,0.09326179621238372,0.01599037448394691,1.8475788446264608e-22,1.2025052500887897e-10,1.638285388326517e-17,2.7578320876319853,0
6.868977613806904,0.5965206255355514,0.11021425813230695,0.013625579598298158,0.017960114140047254,0.013731156828367041,0.13183068771443893,0.06287931632783741,0.025557357434069616,0.09305199996946603,0.01602771171136539,1.8475788446264608e-22,1.2025052500887897e-10,1.638285388326517e-17,2.7578320876319853,0
6.874217108554277,0.596915386595359,0.10994957341528445,0.013620146068056229,0.018004941016509096,0.01374406909253404,0.13192384333158536,0.06297485962013712,0.025632387525619818,0.09284220372654839,0.016065048938783872,1.8475788446264608e-22,1.2025052500887897e-10,1.638285388326517e-17,2.7578320876319853,0
6.879456603301652,0.5973101476551669,0.10968488869826193,0.013614712537814298,0.01804976789297095,0.013756981356701045,0.13201699894873178,0.06307040291243683,0.025707417617170034,0.09263240748363076,0.016102386166202357,1.8475788446264608e-22,1.2025052500887897e-10,1.638285388326517e-17,2.7578320876319853,0
6.884696098049025,0.5977049087149744,0.10942020398123943,0.013609279007572367,0.018094594769432794,0.013769893620868043,0.1321101545658782,0.06316594620473653,0.025782447708720235,0.09242261124071312,0.016139723393620835,1.8475788446264608e-22,1.2025052500887897e-10,1.638285388326517e-17,2.7578320876319853,0
6.889935592796399,0.5980996697747823,0.10915551926421686,0.013603845477330434,0.018139421645894643,0.013782805885035046,0.13220331018302464,0.06326148949703626,0.02585747780027045,0.09221281499779543,0.016177060621039317,1.8475788446264608e-22,1.2025052500887897e-10,1.638285388326517e-17,2.7578320876319853,0
6.895175087543772,0.59849443083459,0.10889083454719439,0.013598411947088504,0.018184248522356488,0.013795718149202047,0.13229646580017104,0.06335703278933595,0.025932507891820653,0.09200301875487783,0.016214397848457796,1.8475788446264608e-22,1.2025052500887897e-10,1.638285388326517e-17,2.7578320876319853,0
6.900414582291146,0.5988891918943976,0.10862614983017191,0.013592978416846575,0.01822907539881833,0.013808630413369048,0.13238962141731747,0.06345257608163564,0.026007537983370854,0.09179322251196019,0.016251735075876274,1.8475788446264608e-22,1.2025052500887897e-10,1.638285388326517e-17,2.7578320876319853,0
6.90565407703852,0.5992152698448745,0.1083626359117754,0.013585319004390327,0.018278340752698595,0.013821354182752493,0.1324582295600887,0.06355883664096834,0.026088557873292968,0.09161775734759962,0.01629397711243071,1.8475788446264608e-22,1.2025052500887897e-10,1.638285388326517e-17,2.7578320876319853,0
6.910893571785893,0.599421033934868,0.10810117290959274,0.013573760460331069,0.01833538109460834,0.013833747761273706,0.1324838372994717,0.0636838708956553,0.02618007023760445,0.09150243076222864,0.016344811021540527,1.8475788446264608e-22,1.2025052500887897e-10,1.638285388326517e-17,2.7578320876319853,0
6.916133066533267,0.5996267980248617,0.10783970990741004,0.013562201916271813,0.018392421436518095,0.01384614133979492,0.1325094450388547,0.06380890515034228,0.02627158260191595,0.09138710417685768,0.01639564493065035,1.8475788446264608e-22,1.2025052500887897e-10,1.638285388326517e-17,2.7578320876319853,0
6.9213725612806405,0.5998325621148554,0.1075782469052274,0.013550643372212555,0.018449461778427836,0.013858534918316135,0.13253505277823768,0.06393393940502924,0.02636309496622743,0.09127177759148672,0.01644647883976016,1.8475788446264608e-22,1.2025052500887897e-10,1.638285388326517e-17,2.7578320876319853,0
6.926612056028015,0.600038326204849,0.10731678390304471,0.013539084828153298,0.01850650212033759,0.013870928496837348,0.1325606605176207,0.06405897365971622,0.02645460733053893,0.09115645100611573,0.016497312748869983,1.8475788446264608e-22,1.2025052500887897e-10,1.638285388326517e-17,2.7578320876319853,0
6.931851550775388,0.6002440902948426,0.10705532090086205,0.013527526284094041,0.018563542462247333,0.013883322075358563,0.13258626825700368,0.06418400791440318,0.026546119694850417,0.09104112442074477,0.0165481466579798,1.8475788446264608e-22,1.2025052500887897e-10,1.638285388326517e-17,2.7578320876319853,0
6.937091045522762,0.6004498543848361,0.10679385789867935,0.013515967740034784,0.018620582804157088,0.01389571565387978,0.13261187599638669,0.06430904216909016,0.026637632059161913,0.09092579783537377,0.01659898056708962,1.8475788446264608e-22,1.2025052500887897e-10,1.638285388326517e-17,2.7578320876319853,0
6.942330540270135,0.6006556184748297,0.1065323948964967,0.013504409195975528,0.01867762314606683,0.013908109232400991,0.13263748373576967,0.06443407642377713,0.0267291444234734,0.09081047125000281,0.016649814476199436,1.8475788446264608e-22,1.2025052500887897e-10,1.638285388326517e-17,2.7578320876319853,0
6.94757003501751,0.6008613825648234,0.10627093189431398,0.01349285065191627,0.018734663487976585,0.013920502810922207,0.13266309147515265,0.06455911067846411,0.026820656787784898,0.09069514466463183,0.01670064838530926,1.8475788446264608e-22,1.2025052500887897e-10,1.638285388326517e-17,2.7578320876319853,0
6.952809529764883,0.6010671466548172,0.10600946889213135,0.013481292107857012,0.018791703829886326,0.013932896389443419,0.13268869921453566,0.06468414493315107,0.02691216915209638,0.09057981807926087,0.016751482294419074,1.8475788446264608e-22,1.2025052500887897e-10,1.638285388326517e-17,2.7578320876319853,0
6.958049024512256,0.6012017125260667,0.1057456178508423,0.01347404455238675,0.018851233706991967,0.01394919567969485,0.1326697509759664,0.0647988558672218,0.027002306327092496,0.09046423337183877,0.016802425317504775,1.8475788446264608e-22,1.2025052500887897e-10,1.638285388326517e-17,2.7578320876319853,0
6.96328851925963,0.6012001183001564,0.10547719990264903,0.013475041369254561,0.018915524593012396,0.013972964287269764,0.13256559349488994,0.06489382439252282,0.027089813577996447,0.09034815502954517,0.01685357701111371,1.8475788446264608e-22,1.2025052500887897e-10,1.638285388326517e-17,2.7578320876319853,0
6.968528014007004,0.6011985240742459,0.1052087819544558,0.013476038186122374,0.018979815479032814,0.013996732894844675,0.1324614360138135,0.06498879291782383,0.027177320828900394,0.09023207668725157,0.01690472870472264,1.8475788446264608e-22,1.2025052500887897e-10,1.638285388326517e-17,2.7578320876319853,0
6.973767508754378,0.6011969298483355,0.10494036400626254,0.013477035002990185,0.01904410636505324,0.014020501502419591,0.13235727853273702,0.06508376144312486,0.027264828079804352,0.09011599834495795,0.016955880398331576,1.8475788446264608e-22,1.2025052500887897e-10,1.638285388326517e-17,2.7578320876319853,0
6.979007003501751,0.6011953356224251,0.10467194605806929,0.013478031819857995,0.019108397251073654,0.014044270109994502,0.1322531210516606,0.06517872996842589,0.027352335330708293,0.08999992000266437,0.017007032091940502,1.8475788446264608e-22,1.2025052500887897e-10,1.638285388326517e-17,2.7578320876319853,0
6.984246498249125,0.6011937413965146,0.10440352810987603,0.013479028636725806,0.019172688137094083,0.014068038717569417,0.13214896357058412,0.06527369849372691,0.027439842581612254,0.08988384166037075,0.01705818378554944,1.8475788446264608e-22,1.2025052500887897e-10,1.638285388326517e-17,2.7578320876319853,0
6.9894859929964985,0.6011921471706044,0.10413511016168281,0.013480025453593617,0.0192369790231145,0.014091807325144328,0.13204480608950767,0.06536866701902792,0.027527349832516194,0.08976776331807716,0.017109335479158366,1.8475788446264608e-22,1.2025052500887897e-10,1.638285388326517e-17,2.7578320876319853,0
6.994725487743873,0.6011905529446939,0.10386669221348953,0.01348102227046143,0.019301269909134926,0.014115575932719242,0.13194064860843122,0.06546363554432896,0.027614857083420145,0.08965168497578355,0.017160487172767303,1.8475788446264608e-22,1.2025052500887897e-10,1.638285388326517e-17,2.7578320876319853,0
6.999964982491246,0.6011889587187835,0.1035982742652963,0.01348201908732924,0.01936556079515534,0.014139344540294155,0.13183649112735477,0.06555860406962997,0.02770236433432409,0.08953560663348994,0.01721163886637623,1.8475788446264608e-22,1.2025052500887897e-10,1.638285388326517e-17,2.7578320876319853,0
7.00520447723862,0.6011873644928731,0.10332985631710302,0.013483015904197052,0.01942985168117577,0.014163113147869071,0.13173233364627832,0.065653572594931,0.027789871585228047,0.08941952829119634,0.017262790559985166,1.8475788446264608e-22,1.2025052500887897e-10,1.638285388326517e-17,2.7578320876319853,0
7.0104439719859934,0.6011287411336909,0.10306703049627047,0.013485058295034977,0.01949664514373675,0.014187357508049754,0.13163127511276154,0.06572982193200129,0.027873441093435956,0.08930801055849377,0.017311006761534586,1.8475788446264608e-22,1.2025052500887897e-10,1.638285388326517e-17,2.7578320876319853,0
7.015683466733367,0.6009507544723117,0.10281590912805327,0.013489289096508022,0.01956867655719658,0.014212597629498338,0.1315367027485557,0.0657668915727747,0.027948768814605663,0.08920603828772591,0.017353078909936214,1.8475788446264608e-22,1.2025052500887897e-10,1.638285388326517e-17,2.7578320876319853,0
7.020922961480741,0.6007727678109326,0.10256478775983602,0.013493519897981069,0.019640707970656424,0.014237837750946926,0.13144213038434988,0.06580396121354812,0.028024096535775377,0.08910406601695807,0.017395151058337846,1.8475788446264608e-22,1.2025052500887897e-10,1.638285388326517e-17,2.7578320876319853,0
7.026162456228114,0.6005947811495536,0.10231366639161882,0.013497750699454114,0.019712739384116256,0.014263077872395507,0.13134755802014403,0.06584103085432154,0.02809942425694508,0.08900209374619018,0.017437223206739464,1.8475788446264608e-22,1.2025052500887897e-10,1.638285388326517e-17,2.7578320876319853,0
7.031401950975488,0.6004167944881744,0.10206254502340158,0.013501981500927162,0.019784770797576096,0.014288317993844096,0.13125298565593818,0.06587810049509496,0.028174751978114802,0.08890012147542231,0.017479295355141096,1.8475788446264608e-22,1.2025052500887897e-10,1.638285388326517e-17,2.7578320876319853,0
7.036641445722862,0.6002388078267955,0.10181142365518438,0.013506212302400209,0.01985680221103593,0.014313558115292679,0.13115841329173236,0.0659151701358684,0.02825007969928451,0.08879814920465448,0.01752136750354272,1.8475788446264608e-22,1.2025052500887897e-10,1.638285388326517e-17,2.7578320876319853,0
7.041880940470236,0.6000608211654161,0.10156030228696712,0.013510443103873254,0.01992883362449577,0.014338798236741267,0.13106384092752651,0.06595223977664182,0.028325407420454224,0.08869617693388661,0.01756343965194435,1.8475788446264608e-22,1.2025052500887897e-10,1.638285388326517e-17,2.7578320876319853,0
7.047120435217609,0.5998828345040372,0.10130918091874992,0.013514673905346301,0.0200008650379556,0.014364038358189848,0.13096926856332067,0.06598930941741522,0.028400735141623924,0.08859420466311872,0.01760551180034597,1.8475788446264608e-22,1.2025052500887897e-10,1.638285388326517e-17,2.7578320876319853,0
7.052359929964983,0.599704847842658,0.10105805955053268,0.01351890470681935,0.020072896451415443,0.014389278479638435,0.13087469619911485,0.06602637905818866,0.02847606286279365,0.08849223239235085,0.017647583948747603,1.8475788446264608e-22,1.2025052500887897e-10,1.638285388326517e-17,2.7578320876319853,0
7.057599424712357,0.5995268611812791,0.10080693818231547,0.013523135508292395,0.020144927864875276,0.01441451860108702,0.130780123834909,0.06606344869896208,0.028551390583963353,0.08839026012158302,0.017689656097149228,1.8475788446264608e-22,1.2025052500887897e-10,1.638285388326517e-17,2.7578320876319853,0
7.06283891945973,0.5993365244987032,0.10057193796750127,0.013528073572161032,0.020220682536382834,0.01444080153108539,0.130733104239866,0.0661019211885812,0.02862729560570026,0.08828667617496123,0.017734089712952896,1.8475788446264608e-22,1.2025052500887897e-10,1.638285388326517e-17,2.7578320876319853,0
7.068078414207104,0.5991178133872621,0.1003739764357121,0.013534636585996403,0.020304991470181884,0.014469480335272542,0.13079533811446992,0.06614361675240785,0.02870452698741804,0.088179389369766,0.01778394884890343,1.8475788446264608e-22,1.2025052500887897e-10,1.638285388326517e-17,2.7578320876319853,0
7.073317908954477,0.5988991022758211,0.10017601490392296,0.013541199599831771,0.020389300403980917,0.014498159139459689,0.13085757198907383,0.06618531231623448,0.028781758369135813,0.0880721025645708,0.01783380798485396,1.8475788446264608e-22,1.2025052500887897e-10,1.638285388326517e-17,2.7578320876319853,0
7.078557403701852,0.5986803911643801,0.09997805337213378,0.013547762613667143,0.020473609337779967,0.014526837943646839,0.1309198058636777,0.06622700788006113,0.028858989750853596,0.08796481575937558,0.017883667120804494,1.8475788446264608e-22,1.2025052500887897e-10,1.638285388326517e-17,2.7578320876319853,0
7.083796898449225,0.5984616800529392,0.09978009184034463,0.013554325627502513,0.020557918271579004,0.014555516747833983,0.13098203973828162,0.06626870344388776,0.028936221132571365,0.08785752895418036,0.017933526256755022,1.8475788446264608e-22,1.2025052500887897e-10,1.638285388326517e-17,2.7578320876319853,0
7.089036393196599,0.598242968941498,0.09958213030855548,0.013560888641337882,0.02064222720537805,0.014584195552021135,0.13104427361288554,0.0663103990077144,0.02901345251428914,0.08775024214898514,0.017983385392705557,1.8475788446264608e-22,1.2025052500887897e-10,1.638285388326517e-17,2.7578320876319853,0
7.094275887943972,0.598024257830057,0.09938416877676631,0.013567451655173252,0.020726536139177087,0.01461287435620828,0.13110650748748942,0.06635209457154104,0.029090683896006907,0.08764295534378992,0.01803324452865608,1.8475788446264608e-22,1.2025052500887897e-10,1.638285388326517e-17,2.7578320876319853,0
7.099515382691346,0.5978055467186159,0.09918620724497716,0.013574014669008622,0.020810845072976137,0.01464155316039543,0.13116874136209333,0.06639379013536767,0.029167915277724697,0.08753566853859468,0.018083103664606623,1.8475788446264608e-22,1.2025052500887897e-10,1.638285388326517e-17,2.7578320876319853,0
7.10475487743872,0.5975868356071751,0.09898824571318801,0.013580577682843993,0.02089515400677517,0.014670231964582576,0.13123097523669724,0.06643548569919432,0.029245146659442462,0.08742838173339947,0.018132962800557147,1.8475788446264608e-22,1.2025052500887897e-10,1.638285388326517e-17,2.7578320876319853,0
7.109994372186094,0.597368124495734,0.09879028418139883,0.013587140696679363,0.020979462940574217,0.014698910768769727,0.13129320911130113,0.06647718126302096,0.029322378041160245,0.08732109492820425,0.018182821936507682,1.8475788446264608e-22,1.2025052500887897e-10,1.638285388326517e-17,2.7578320876319853,0
7.115233866933467,0.5971332815942114,0.09859393945200215,0.013591750388718096,0.021062306424579822,0.01472874770392161,0.13134970125182002,0.06651618738787017,0.02939786762495425,0.08721488403027408,0.018234558768788482,1.8475788446264608e-22,1.2025052500887897e-10,1.638285388326517e-17,2.7578320876319853,0
7.12047336168084,0.5968576095602705,0.09840168680653669,0.01359141627514765,0.021141440894063997,0.014761515837798415,0.13139166121580514,0.06654838661406856,0.029468948764445634,0.0871113962250678,0.018291048000630868,1.8475788446264608e-22,1.2025052500887897e-10,1.638285388326517e-17,2.7578320876319853,0
7.125712856428215,0.5965819375263293,0.09820943416107121,0.013591082161577204,0.02122057536354819,0.014794283971675221,0.13143362117979027,0.06658058584026695,0.02954002990393703,0.08700790841986153,0.018347537232473253,1.8475788446264608e-22,1.2025052500887897e-10,1.638285388326517e-17,2.7578320876319853,0
7.130952351175588,0.5963062654923883,0.09801718151560576,0.013590748048006756,0.021299709833032365,0.014827052105552024,0.1314755811437754,0.06661278506646533,0.029611111043428413,0.08690442061465528,0.018404026464315635,1.8475788446264608e-22,1.2025052500887897e-10,1.638285388326517e-17,2.7578320876319853,0
7.136191845922962,0.5960305934584472,0.09782492887014028,0.01359041393443631,0.021378844302516554,0.014859820239428834,0.1315175411077605,0.06664498429266373,0.029682192182919807,0.086800932809449,0.01846051569615802,1.8475788446264608e-22,1.2025052500887897e-10,1.638285388326517e-17,2.7578320876319853,0
7.141431340670335,0.5957549214245061,0.09763267622467485,0.013590079820865863,0.021457978772000733,0.014892588373305635,0.13155950107174563,0.06667718351886211,0.029753273322411195,0.08669744500424274,0.018517004928000402,1.8475788446264608e-22,1.2025052500887897e-10,1.638285388326517e-17,2.7578320876319853,0
7.1466708354177095,0.5954792493905652,0.09744042357920939,0.013589745707295417,0.021537113241484922,0.014925356507182441,0.13160146103573075,0.0667093827450605,0.02982435446190259,0.08659395719903647,0.018573494159842795,1.8475788446264608e-22,1.2025052500887897e-10,1.638285388326517e-17,2.7578320876319853,0
7.151910330165083,0.5952035773566241,0.09724817093374394,0.013589411593724971,0.021616247710969098,0.014958124641059244,0.13164342099971588,0.06674158197125889,0.02989543560139397,0.08649046939383022,0.01862998339168517,1.8475788446264608e-22,1.2025052500887897e-10,1.638285388326517e-17,2.7578320876319853,0
7.157149824912457,0.5949279053226831,0.09705591828827846,0.013589077480154525,0.02169538218045329,0.014990892774936053,0.131685380963701,0.06677378119745728,0.029966516740885376,0.08638698158862394,0.018686472623527562,1.8475788446264608e-22,1.2025052500887897e-10,1.638285388326517e-17,2.7578320876319853,0
7.16238931965983,0.5946522332887421,0.09686366564281301,0.013588743366584078,0.021774516649937466,0.015023660908812854,0.13172734092768612,0.06680598042365567,0.030037597880376753,0.08628349378341768,0.01874296185536994,1.8475788446264608e-22,1.2025052500887897e-10,1.638285388326517e-17,2.7578320876319853,0
7.1676288144072045,0.5943260097915837,0.09666655633275233,0.013591756669850978,0.021856661759928852,0.015056370814861131,0.13177742502891637,0.06683296102941898,0.030108663943525044,0.0861784286508694,0.018796696646276763,1.8475788446264608e-22,6.555364491733868e-13,1.638285388326517e-17,2.7578320876319853,0
7.172868309154578,0.5938582421974171,0.09645584836182505,0.013604142740262438,0.021947236663340353,0.01508891768298951,0.13185025671443296,0.06684532949796407,0.03017968779291264,0.08606894700176355,0.018842719002563988,1.8475788446264608e-22,6.555364491733868e-13,1.638285388326517e-17,2.7578320876319853,0
7.178107803901951,0.5933904746032505,0.09624514039089782,0.013616528810673895,0.022037811566751855,0.015121464551117892,0.13192308839994954,0.06685769796650913,0.030250711642300223,0.08595946535265772,0.018888741358851217,1.8475788446264608e-22,6.555364491733868e-13,1.638285388326517e-17,2.7578320876319853,0
7.183347298649325,0.5929227070090838,0.09603443241997052,0.01362891488108536,0.02212838647016337,0.015154011419246277,0.13199592008546612,0.06687006643505423,0.030321735491687832,0.08584998370355185,0.01893476371513845,1.8475788446264608e-22,6.555364491733868e-13,1.638285388326517e-17,2.7578320876319853,0
7.1885867933966985,0.5924549394149173,0.09582372444904325,0.013641300951496817,0.022218961373574875,0.015186558287374658,0.13206875177098268,0.06688243490359931,0.030392759341075416,0.085740502054446,0.018980786071425677,1.8475788446264608e-22,6.555364491733868e-13,1.638285388326517e-17,2.7578320876319853,0
7.193826288144073,0.5919871718207506,0.09561301647811597,0.013653687021908278,0.02230953627698639,0.015219105155503045,0.13214158345649926,0.0668948033721444,0.030463783190463032,0.08563102040534014,0.01902680842771291,1.8475788446264608e-22,6.555364491733868e-13,1.638285388326517e-17,2.7578320876319853,0
7.199065782891446,0.591519404226584,0.0954023085071887,0.01366607309231974,0.02240011118039789,0.015251652023631424,0.13221441514201587,0.06690717184068948,0.03053480703985061,0.08552153875623429,0.019072830784000135,1.8475788446264608e-22,6.555364491733868e-13,1.638285388326517e-17,2.7578320876319853,0
7.20430527763882,0.5910516366324173,0.0951916005362614,0.0136784591627312,0.02249068608380941,0.015284198891759812,0.13228724682753246,0.06691954030923457,0.03060583088923822,0.08541205710712844,0.019118853140287367,1.8475788446264608e-22,6.555364491733868e-13,1.638285388326517e-17,2.7578320876319853,0
7.209544772386193,0.5905838690382508,0.09498089256533414,0.01369084523314266,0.02258126098722091,0.015316745759888192,0.132360078513049,0.06693190877777964,0.03067685473862581,0.0853025754580226,0.019164875496574595,1.8475788446264608e-22,6.555364491733868e-13,1.638285388326517e-17,2.7578320876319853,0
7.214784267133568,0.5901161014440841,0.09477018459440688,0.013703231303554123,0.022671835890632427,0.015349292628016578,0.1324329101985656,0.06694427724632472,0.03074787858801341,0.08519309380891672,0.019210897852861827,1.8475788446264608e-22,6.555364491733868e-13,1.638285388326517e-17,2.7578320876319853,0
7.220023761880941,0.5896080090645511,0.09455843020199749,0.013715915492771163,0.022761264048593362,0.015383883777271623,0.1325136034755713,0.06695476246312639,0.030814084821226117,0.08509066211045972,0.019257741797387738,1.8475788446264608e-22,6.555364491733868e-13,1.638285388326517e-17,2.7578320876319853,0
7.225263256628315,0.5889743694151147,0.09434341787878815,0.013729527845692178,0.02284712192690409,0.015424839595601434,0.13261877304772873,0.06695938436006707,0.030865291878306726,0.08501017974288881,0.019307143676429963,1.8475788446264608e-22,6.555364491733868e-13,1.638285388326517e-17,2.7578320876319853,0
7.230502751375688,0.5883407297656783,0.09412840555557885,0.013743140198613191,0.022932979805214807,0.015465795413931237,0.13272394261988613,0.06696400625700775,0.030916498935387324,0.0849296973753179,0.01935654555547218,1.8475788446264608e-22,6.555364491733868e-13,1.638285388326517e-17,2.7578320876319853,0
7.235742246123062,0.5877070901162421,0.09391339323236952,0.013756752551534204,0.02301883768352552,0.015506751232261045,0.13282911219204355,0.06696862815394845,0.030967705992467925,0.084849215007747,0.019405947434514393,1.8475788446264608e-22,6.555364491733868e-13,1.638285388326517e-17,2.7578320876319853,0
7.240981740870436,0.5870734504668056,0.09369838090916019,0.013770364904455218,0.023104695561836253,0.015547707050590855,0.13293428176420094,0.06697325005088914,0.03101891304954854,0.08476873264017608,0.019455349313556622,1.8475788446264608e-22,6.555364491733868e-13,1.638285388326517e-17,2.7578320876319853,0
7.246221235617809,0.5864398108173693,0.09348336858595088,0.01378397725737623,0.02319055344014697,0.015588662868920659,0.13303945133635833,0.06697787194782981,0.03107012010662915,0.08468825027260518,0.019504751192598844,1.8475788446264608e-22,6.555364491733868e-13,1.638285388326517e-17,2.7578320876319853,0
7.251460730365183,0.5858061711679329,0.09326835626274152,0.013797589610297246,0.023276411318457698,0.01562961868725047,0.13314462090851578,0.06698249384477051,0.031121327163709755,0.08460776790503426,0.01955415307164107,1.8475788446264608e-22,6.555364491733868e-13,1.638285388326517e-17,2.7578320876319853,0
7.2567002251125565,0.5851725315184966,0.09305334393953223,0.013811201963218259,0.023362269196768412,0.015670574505580275,0.13324979048067317,0.06698711574171119,0.03117253422079037,0.08452728553746335,0.019603554950683288,1.8475788446264608e-22,6.555364491733868e-13,1.638285388326517e-17,2.7578320876319853,0
7.261939719859931,0.58453889186906,0.09283833161632288,0.013824814316139274,0.023448127075079143,0.015711530323910088,0.1333549600528306,0.06699173763865188,0.031223741277870972,0.08444680316989242,0.019652956829725513,1.8475788446264608e-22,6.555364491733868e-13,1.638285388326517e-17,2.7578320876319853,0
7.267179214607304,0.5839052522196236,0.09262331929311358,0.013838426669060287,0.023533984953389857,0.015752486142239893,0.133460129624988,0.06699635953559256,0.03127494833495158,0.08436632080232152,0.019702358708767728,1.8475788446264608e-22,6.555364491733868e-13,1.638285388326517e-17,2.7578320876319853,0
7.272418709354678,0.5832567078000385,0.09242175209140994,0.01385243479684977,0.023621070288051823,0.015793589965599767,0.13357178137015416,0.06699639365684493,0.03132632958942052,0.08429357041701073,0.019750518774656802,1.8475788446264608e-22,6.555364491733868e-13,1.638285388326517e-17,2.7578320876319853,0
7.277658204102051,0.5825562478889236,0.09226701621180483,0.013867821466315936,0.023712431032476493,0.015835209312098055,0.13370601147074393,0.06698044788525033,0.0313783175988376,0.08424775165530259,0.019794353423944998,1.8475788446264608e-22,6.555364491733868e-13,1.638285388326517e-17,2.7578320876319853,0
7.282897698849425,0.5818557879778088,0.09211228033219974,0.013883208135782102,0.023803791776901166,0.015876828658596343,0.1338402415713337,0.06696450211365573,0.03143030560825468,0.08420193289359444,0.019838188073233193,1.8475788446264608e-22,6.555364491733868e-13,1.638285388326517e-17,2.7578320876319853,0
7.288137193596799,0.5811553280666939,0.09195754445259463,0.01389859480524827,0.02389515252132585,0.015918448005094638,0.13397447167192353,0.06694855634206115,0.03148229361767176,0.0841561141318863,0.01988202272252139,1.8475788446264608e-22,6.555364491733868e-13,1.638285388326517e-17,2.7578320876319853,0
7.293376688344172,0.5804548681555791,0.09180280857298952,0.013913981474714439,0.02398651326575052,0.015960067351592926,0.1341087017725133,0.06693261057046657,0.03153428162708884,0.08411029537017815,0.01992585737180959,1.8475788446264608e-22,6.555364491733868e-13,1.638285388326517e-17,2.7578320876319853,0
7.298616183091546,0.5797544082444641,0.09164807269338439,0.013929368144180606,0.024077874010175207,0.01600168669809122,0.1342429318731031,0.06691666479887197,0.03158626963650593,0.08406447660847001,0.019969692021097798,1.8475788446264608e-22,6.555364491733868e-13,1.638285388326517e-17,2.7578320876319853,0
7.30385567783892,0.5790539483333493,0.09149333681377929,0.013944754813646772,0.02416923475459988,0.01604330604458951,0.1343771619736929,0.06690071902727737,0.03163825764592301,0.08401865784676187,0.020013526670385983,1.8475788446264608e-22,6.555364491733868e-13,1.638285388326517e-17,2.7578320876319853,0
7.309095172586294,0.5783534884222343,0.09133860093417417,0.01396014148311294,0.024260595499024568,0.016084925391087804,0.1345113920742827,0.06688477325568279,0.0316902456553401,0.08397283908505372,0.020057361319674193,1.8475788446264608e-22,6.555364491733868e-13,1.638285388326517e-17,2.7578320876319853,0
7.314334667333667,0.5776530285111194,0.09118386505456907,0.013975528152579107,0.024351956243449237,0.016126544737586092,0.1346456221748725,0.0668688274840882,0.031742233664757175,0.08392702032334559,0.020101195968962392,1.8475788446264608e-22,6.555364491733868e-13,1.638285388326517e-17,2.7578320876319853,0
7.319574162081041,0.5769525686000045,0.09102912917496395,0.013990914822045274,0.024443316987873925,0.016168164084084388,0.1347798522754623,0.06685288171249361,0.03179422167417426,0.08388120156163743,0.020145030618250587,1.8475788446264608e-22,6.555364491733868e-13,1.638285388326517e-17,2.7578320876319853,0
7.324813656828415,0.5762347091826537,0.09086333435591551,0.014005750819280882,0.02453283286925147,0.016210337284888368,0.1348862777357076,0.06683256704973038,0.03184618556458302,0.08383882240365295,0.020188276106576395,1.8475788446264608e-22,6.555364491733868e-13,1.638285388326517e-17,2.7578320876319853,0
7.330053151575789,0.5754485405926728,0.0906541229597932,0.014018424918129851,0.02461510595496253,0.01625468487667026,0.13488354423756344,0.06679510044386065,0.0318980547655517,0.08380994687510211,0.02022920859260545,1.8475788446264608e-22,6.555364491733868e-13,1.638285388326517e-17,2.7578320876319853,0
7.335292646323162,0.5746623720026919,0.09044491156367096,0.014031099016978818,0.02469737904067358,0.016299032468452143,0.13488081073941927,0.06675763383799092,0.031949923966520376,0.08378107134655127,0.02027014107863449,1.8475788446264608e-22,6.555364491733868e-13,1.638285388326517e-17,2.7578320876319853,0
7.340532141070535,0.5738762034127111,0.0902357001675487,0.014043773115827784,0.024779652126384628,0.016343380060234024,0.13487807724127512,0.0667201672321212,0.03200179316748905,0.08375219581800042,0.020311073564663534,1.8475788446264608e-22,6.555364491733868e-13,1.638285388326517e-17,2.7578320876319853,0
7.345771635817909,0.57309003482273,0.0900264887714264,0.014056447214676755,0.02486192521209569,0.016387727652015915,0.13487534374313095,0.06668270062625145,0.032053662368457726,0.08372332028944958,0.02035200605069258,1.8475788446264608e-22,6.555364491733868e-13,1.638285388326517e-17,2.7578320876319853,0
7.351011130565283,0.5723038662327492,0.08981727737530415,0.014069121313525721,0.02494419829780674,0.0164320752437978,0.13487261024498678,0.06664523402038174,0.0321055315694264,0.08369444476089873,0.02039293853672162,1.8475788446264608e-22,6.555364491733868e-13,1.638285388326517e-17,2.7578320876319853,0
7.356250625312657,0.5715176976427683,0.08960806597918183,0.014081795412374691,0.025026471383517802,0.01647642283557969,0.13486987674684264,0.066607767414512,0.032157400770395084,0.08366556923234787,0.020433871022750672,1.8475788446264608e-22,6.555364491733868e-13,1.638285388326517e-17,2.7578320876319853,0
7.36149012006003,0.5707315290527872,0.08939885458305957,0.014094469511223657,0.02510874446922885,0.01652077042736157,0.13486714324869845,0.06657030080864226,0.03220926997136376,0.08363669370379703,0.020474803508779716,1.8475788446264608e-22,6.555364491733868e-13,1.638285388326517e-17,2.7578320876319853,0
7.366729614807404,0.5699453604628064,0.08918964318693728,0.014107143610072625,0.02519101755493991,0.01656511801914346,0.1348644097505543,0.06653283420277253,0.03226113917233244,0.08360781817524618,0.020515735994808767,1.8475788446264608e-22,6.555364491733868e-13,1.638285388326517e-17,2.7578320876319853,0
7.371969109554778,0.5691591918728255,0.08898043179081501,0.014119817708921593,0.025273290640650963,0.016609465610925345,0.13486167625241013,0.06649536759690282,0.03231300837330111,0.08357894264669534,0.020556668480837807,1.8475788446264608e-22,6.555364491733868e-13,1.638285388326517e-17,2.7578320876319853,0
7.377208604302152,0.5683442478000845,0.08877889855195532,0.01413316628464852,0.02535654911699623,0.016655075175779858,0.1348746976357855,0.06645440821126575,0.032362242412919365,0.08355435330353438,0.02059565235071525,1.8475788446264608e-22,6.555364491733868e-13,1.638285388326517e-17,2.7578320876319853,0
7.382448099049525,0.5674007995166621,0.08861165407018615,0.014149526907803028,0.02544420810494082,0.016706320401205253,0.1349580764352617,0.06639785093242122,0.03239970847171241,0.08354890500745699,0.02062593418134033,1.8475788446264608e-22,6.555364491733868e-13,1.638285388326517e-17,2.7578320876319853,0
7.387687593796899,0.5664573512332395,0.08844440958841694,0.01416588753095754,0.025531867092885425,0.016757565626630656,0.13504145523473793,0.06634129365357666,0.03243717453050546,0.0835434567113796,0.020656216011965413,1.8475788446264608e-22,6.555364491733868e-13,1.638285388326517e-17,2.7578320876319853,0
7.392927088544273,0.5655139029498171,0.08827716510664776,0.014182248154112051,0.025619526080830013,0.01680881085205605,0.13512483403421413,0.06628473637473212,0.032474640589298505,0.08353800841530219,0.020686497842590496,1.8475788446264608e-22,6.555364491733868e-13,1.638285388326517e-17,2.7578320876319853,0
7.398166583291646,0.5645704546663947,0.08810992062487859,0.014198608777266562,0.0257071850687746,0.01686005607748145,0.13520821283369033,0.06622817909588757,0.03251210664809155,0.08353256011922482,0.020716779673215575,1.8475788446264608e-22,6.555364491733868e-13,1.638285388326517e-17,2.7578320876319853,0
7.40340607803902,0.5636270063829723,0.08794267614310937,0.014214969400421072,0.025794844056719207,0.016911301302906852,0.13529159163316654,0.06617162181704302,0.032549572706884605,0.08352711182314743,0.02074706150384066,1.8475788446264608e-22,6.555364491733868e-13,1.638285388326517e-17,2.7578320876319853,0
7.408645572786393,0.5626835580995498,0.0877754316613402,0.014231330023575583,0.025882503044663795,0.01696254652833225,0.13537497043264274,0.06611506453819849,0.032587038765677645,0.08352166352707004,0.02077734333446574,1.8475788446264608e-22,6.555364491733868e-13,1.638285388326517e-17,2.7578320876319853,0
7.413885067533767,0.5617401098161272,0.08760818717957099,0.014247690646730095,0.025970162032608397,0.017013791753757654,0.13545834923211897,0.06605850725935394,0.03262450482447069,0.08351621523099265,0.020807625165090826,1.8475788446264608e-22,6.555364491733868e-13,1.638285388326517e-17,2.7578320876319853,0
7.419124562281141,0.5607966615327048,0.08744094269780181,0.014264051269884604,0.026057821020552985,0.01706503697918305,0.13554172803159517,0.06600194998050939,0.03266197088326374,0.08351076693491526,0.020837906995715905,1.8475788446264608e-22,6.555364491733868e-13,1.638285388326517e-17,2.7578320876319853,0
7.424364057028515,0.5598532132492823,0.08727369821603259,0.014280411893039116,0.02614548000849759,0.017116282204608455,0.13562510683107137,0.06594539270166483,0.03269943694205679,0.08350531863883787,0.020868188826340988,1.8475788446264608e-22,6.555364491733868e-13,1.638285388326517e-17,2.7578320876319853,0
7.429603551775888,0.5589014061107395,0.0871104748469871,0.01429789406847517,0.026233124973439895,0.01716754294389322,0.13572182976813965,0.0658873110461348,0.03273774316030003,0.08349828054956372,0.020899428305568284,1.8475788446264608e-22,6.555364491733868e-13,1.638285388326517e-17,2.7578320876319853,0
7.4348430465232624,0.5579066473166551,0.08696791381101396,0.014321139297173305,0.026320697881724343,0.01721888340054769,0.13588712104298864,0.06582139643963628,0.03278036650556424,0.08348307336909402,0.020935588625305413,1.8475788446264608e-22,6.555364491733868e-13,1.638285388326517e-17,2.7578320876319853,0
7.440082541270636,0.5569118885225707,0.08682535277504085,0.014344384525871437,0.02640827079000877,0.017270223857202147,0.1360524123178376,0.06575548183313773,0.03282298985082844,0.08346786618862431,0.02097174894504254,1.8475788446264608e-22,6.555364491733868e-13,1.638285388326517e-17,2.7578320876319853,0
7.44532203601801,0.5559171297284863,0.0866827917390677,0.014367629754569573,0.026495843698293213,0.017321564313856615,0.13621770359268662,0.06568956722663917,0.03286561319609263,0.08345265900815461,0.021007909264779665,1.8475788446264608e-22,6.555364491733868e-13,1.638285388326517e-17,2.7578320876319853,0
7.450561530765383,0.5549223709344019,0.0865402307030946,0.014390874983267703,0.026583416606577648,0.01737290477051107,0.13638299486753558,0.06562365262014065,0.03290823654135684,0.0834374518276849,0.021044069584516788,1.8475788446264608e-22,6.555364491733868e-13,1.638285388326517e-17,2.7578320876319853,0
7.455801025512756,0.5539276121403175,0.0863976696671215,0.014414120211965836,0.026670989514862072,0.01742424522716553,0.13654828614238454,0.06555773801364209,0.03295085988662104,0.08342224464721519,0.021080229904253917,1.8475788446264608e-22,6.555364491733868e-13,1.638285388326517e-17,2.7578320876319853,0
7.461040520260131,0.5529328533462331,0.08625510863114835,0.014437365440663971,0.026758562423146517,0.01747558568382,0.13671357741723356,0.06549182340714357,0.032993483231885244,0.08340703746674548,0.021116390223991047,1.8475788446264608e-22,6.555364491733868e-13,1.638285388326517e-17,2.7578320876319853,0
7.466280015007504,0.5519380945521487,0.08611254759517527,0.014460610669362103,0.026846135331430945,0.017526926140474457,0.13687886869208252,0.06542590880064503,0.033036106577149456,0.08339183028627578,0.02115255054372817,1.8475788446264608e-22,6.555364491733868e-13,1.638285388326517e-17,2.7578320876319853,0
7.471519509754878,0.5509433357580643,0.08596998655920213,0.01448385589806024,0.026933708239715394,0.017578266597128925,0.13704415996693153,0.06535999419414648,0.033078729922413654,0.08337662310580607,0.0211887108634653,1.8475788446264608e-22,6.555364491733868e-13,1.638285388326517e-17,2.7578320876319853,0
7.476759004502251,0.5499485769639799,0.085827425523229,0.014507101126758369,0.027021281147999822,0.017629607053783383,0.1372094512417805,0.06529407958764795,0.03312135326767785,0.08336141592533636,0.021224871183202418,1.8475788446264608e-22,6.555364491733868e-13,1.638285388326517e-17,2.7578320876319853,0
7.481998499249626,0.5489784062521154,0.08568904748058409,0.014531502476540942,0.02710754771684524,0.017680011427337786,0.13737191003723043,0.0652273188949522,0.033161735638391567,0.08334899399759818,0.02125958158956028,1.8475788446264608e-22,6.555364491733868e-13,1.638285388326517e-17,2.7578320876319853,0
7.487237993996999,0.5481557640335687,0.08557576739790844,0.014562840552830116,0.02718597624905648,0.017724799302291837,0.1375173739562859,0.06515548168507321,0.03318867216180237,0.0833532835862492,0.02128559251564248,1.8475788446264608e-22,6.555364491733868e-13,1.638285388326517e-17,2.7578320876319853,0
7.492477488744373,0.5473331218150219,0.08546248731523279,0.014594178629119294,0.02726440478126774,0.01776958717724589,0.13766283787534142,0.06508364447519421,0.03321560868521317,0.08335757317490021,0.02131160344172467,1.8475788446264608e-22,6.555364491733868e-13,1.638285388326517e-17,2.7578320876319853,0
7.497716983491746,0.5465104795964755,0.08534920723255712,0.014625516705408468,0.027342833313478976,0.017814375052199943,0.13780830179439693,0.06501180726531522,0.03324254520862398,0.08336186276355123,0.021337614367806873,1.8475788446264608e-22,6.555364491733868e-13,1.638285388326517e-17,2.7578320876319853,0
7.50295647823912,0.545687837377929,0.0852359271498815,0.014656854781697641,0.02742126184569022,0.017859162927153987,0.13795376571345241,0.06493997005543622,0.03326948173203478,0.08336615235220224,0.021363625293889073,1.8475788446264608e-22,6.555364491733868e-13,1.638285388326517e-17,2.7578320876319853,0
7.508195972986494,0.5448651951593824,0.08512264706720583,0.014688192857986821,0.02749969037790148,0.01790395080210804,0.13809922963250795,0.06486813284555722,0.03329641825544558,0.08337044194085326,0.02138963621997127,1.8475788446264608e-22,6.555364491733868e-13,1.638285388326517e-17,2.7578320876319853,0
7.513435467733867,0.5440425529408358,0.0850093669845302,0.014719530934275995,0.027578118910112723,0.01794873867706209,0.13824469355156344,0.06479629563567824,0.03332335477885638,0.08337473152950428,0.021415647146053467,1.8475788446264608e-22,6.555364491733868e-13,1.638285388326517e-17,2.7578320876319853,0
7.518674962481241,0.5432199107222893,0.08489608690185453,0.014750869010565174,0.027656547442323976,0.017993526552016147,0.13839015747061892,0.06472445842579924,0.033350291302267195,0.08337902111815529,0.02144165807213567,1.8475788446264608e-22,6.555364491733868e-13,1.638285388326517e-17,2.7578320876319853,0
7.5239144572286145,0.5423972685037427,0.08478280681917891,0.014782207086854347,0.027734975974535222,0.018038314426970195,0.1385356213896744,0.06465262121592025,0.03337722782567799,0.08338331070680631,0.021467668998217865,1.8475788446264608e-22,6.555364491733868e-13,1.638285388326517e-17,2.7578320876319853,0
7.529153951975989,0.5415746262851959,0.08466952673650324,0.014813545163143527,0.027813404506746475,0.018083102301924246,0.13868108530872994,0.06458078400604124,0.03340416434908879,0.08338760029545733,0.02149367992430007,1.8475788446264608e-22,6.555364491733868e-13,1.638285388326517e-17,2.7578320876319853,0
7.534393446723362,0.5407498592636825,0.08455806287586418,0.0148443069245017,0.027891469055114273,0.018128651296882025,0.13882289686668592,0.06451059967837751,0.033432552987386725,0.08338792870517436,0.02152013784688861,1.8475788446264608e-22,6.555364491733868e-13,1.638285388326517e-17,2.7578320876319853,0
7.539632941470736,0.5399099150781175,0.08445957202977229,0.014870952150638444,0.02796693371888599,0.018179636863295,0.13893862013107397,0.06445222165225131,0.03347131387487845,0.08335996297964865,0.021549788601665343,1.8475788446264608e-22,6.555364491733868e-13,1.638285388326517e-17,2.7578320876319853,0
7.544872436218109,0.5390699708925528,0.08436108118368042,0.014897597376775186,0.02804239838265769,0.01823062242970797,0.13905434339546202,0.06439384362612513,0.03351007476237016,0.08333199725412295,0.021579439356442066,1.8475788446264608e-22,6.555364491733868e-13,1.638285388326517e-17,2.7578320876319853,0
7.550111930965484,0.5382300267069879,0.08426259033758852,0.014924242602911931,0.028117863046429412,0.018281607996120948,0.13917006665985002,0.06433546559999892,0.033548835649861886,0.08330403152859724,0.0216090901112188,1.8475788446264608e-22,6.555364491733868e-13,1.638285388326517e-17,2.7578320876319853,0
7.555351425712857,0.5373900825214233,0.08416409949149666,0.014950887829048671,0.028193327710201114,0.01833259356253392,0.13928578992423804,0.06427708757387274,0.0335875965373536,0.08327606580307154,0.02163874086599553,1.8475788446264608e-22,6.555364491733868e-13,1.638285388326517e-17,2.7578320876319853,0
7.56059092046023,0.5365501383358584,0.08406560864540479,0.01497753305518541,0.02826879237397282,0.018383579128946885,0.13940151318862606,0.06421870954774654,0.03362635742484532,0.08324810007754582,0.02166839162077225,1.8475788446264608e-22,6.555364491733868e-13,1.638285388326517e-17,2.7578320876319853,0
7.565830415207604,0.5357101941502936,0.08396711779931289,0.015004178281322155,0.028344257037744538,0.018434564695359864,0.13951723645301414,0.06416033152162036,0.03366511831233705,0.08322013435202011,0.02169804237554898,1.8475788446264608e-22,6.555364491733868e-13,1.638285388326517e-17,2.7578320876319853,0
7.571069909954978,0.5348702499647288,0.083868626953221,0.015030823507458897,0.028419721701516243,0.018485550261772832,0.13963295971740217,0.06410195349549416,0.033703879199828764,0.0831921686264944,0.021727693130325704,1.8475788446264608e-22,6.555364491733868e-13,1.638285388326517e-17,2.7578320876319853,0
7.576309404702352,0.5340303057791641,0.08377013610712912,0.01505746873359564,0.028495186365287965,0.01853653582818581,0.13974868298179016,0.06404357546936797,0.03374264008732048,0.0831642029009687,0.021757343885102438,1.8475788446264608e-22,6.555364491733868e-13,1.638285388326517e-17,2.7578320876319853,0
7.581548899449725,0.5331903615935993,0.08367164526103724,0.015084113959732382,0.02857065102905967,0.01858752139459878,0.1398644062461782,0.06398519744324178,0.0337814009748122,0.08313623717544298,0.02178699463987916,1.8475788446264608e-22,6.555364491733868e-13,1.638285388326517e-17,2.7578320876319853,0
7.586788394197099,0.532353608080532,0.08357236013718515,0.015111200697945896,0.02864614011718759,0.018637840235377345,0.1399775967909236,0.0639213040898655,0.03381744298974613,0.08311128899038608,0.021816212934223023,1.8475788446264608e-22,6.555364491733868e-13,1.638285388326517e-17,2.7578320876319853,0
7.592027888944473,0.5315447145858574,0.08346613961240262,0.015142142590390704,0.02872184247164529,0.018682337423055462,0.14006867236903273,0.06380925251318381,0.03382974460527298,0.08311268908552022,0.021841655110640838,1.8475788446264608e-22,6.555364491733868e-13,1.638285388326517e-17,2.7578320876319853,0
7.597267383691847,0.5307358210911827,0.08335991908762008,0.015173084482835516,0.028797544826102993,0.018726834610733573,0.14015974794714192,0.06369720093650208,0.033842046220799844,0.08311408918065435,0.021867097287058667,1.8475788446264608e-22,6.555364491733868e-13,1.638285388326517e-17,2.7578320876319853,0
7.60250687843922,0.5299269275965082,0.08325369856283756,0.015204026375280325,0.028873247180560696,0.018771331798411683,0.14025082352525114,0.0635851493598204,0.0338543478363267,0.0831154892757885,0.021892539463476485,1.8475788446264608e-22,6.555364491733868e-13,1.638285388326517e-17,2.7578320876319853,0
7.607746373186594,0.5291180341018333,0.083147478038055,0.015234968267725137,0.028948949535018406,0.018815828986089803,0.14034189910336034,0.06347309778313869,0.03386664945185356,0.08311688937092265,0.021917981639894314,1.8475788446264608e-22,6.555364491733868e-13,1.638285388326517e-17,2.7578320876319853,0
7.612985867933967,0.5283091406071587,0.08304125751327247,0.015265910160169946,0.029024651889476102,0.018860326173767913,0.14043297468146948,0.06336104620645701,0.033878951067380425,0.08311828946605679,0.021943423816312136,1.8475788446264608e-22,6.555364491733868e-13,1.638285388326517e-17,2.7578320876319853,0
7.618225362681341,0.5275002471124843,0.08293503698848995,0.015296852052614754,0.0291003542439338,0.01890482336144602,0.14052405025957868,0.06324899462977532,0.03389125268290727,0.08311968956119092,0.02196886599272995,1.8475788446264608e-22,6.555364491733868e-13,1.638285388326517e-17,2.7578320876319853,0
7.623464857428715,0.5266913536178095,0.0828288164637074,0.015327793945059566,0.029176056598391516,0.01894932054912414,0.14061512583768787,0.0631369430530936,0.033903554298434134,0.08312108965632506,0.021994308169147773,1.8475788446264608e-22,6.555364491733868e-13,1.638285388326517e-17,2.7578320876319853,0
7.628704352176088,0.525882460123135,0.08272259593892488,0.015358735837504375,0.029251758952849212,0.01899381773680225,0.14070620141579704,0.06302489147641191,0.033915855913961,0.08312248975145921,0.022019750345565595,1.8475788446264608e-22,6.555364491733868e-13,1.638285388326517e-17,2.7578320876319853,0
7.633943846923462,0.5250735666284602,0.08261637541414232,0.015389677729949189,0.02932746130730692,0.019038314924480368,0.14079727699390623,0.06291283989973019,0.03392815752948786,0.08312388984659336,0.022045192521983423,1.8475788446264608e-22,6.555364491733868e-13,1.638285388326517e-17,2.7578320876319853,0
7.639183341670836,0.5242682982116221,0.08251371670395079,0.01542127649550255,0.029403028755023174,0.019082678907237912,0.14088858028092802,0.0628004833878565,0.03394072101356486,0.08312599794787195,0.022070133968957597,1.8475788446264608e-22,6.555364491733868e-13,1.638285388326517e-17,2.7578320876319853,0
7.64442283641821,0.5235032352035143,0.08245056175558647,0.015460160580987143,0.029477099964334355,0.01912556552633105,0.14098240906679857,0.06268474486748991,0.0339561888579252,0.08313595848093462,0.02208952187119315,1.8475788446264608e-22,6.555364491733868e-13,1.638285388326517e-17,2.7578320876319853,0
7.649662331165583,0.5227381721954065,0.08238740680722219,0.015499044666471729,0.029551171173645523,0.01916845214542418,0.14107623785266912,0.06256900634712334,0.033971656702285545,0.08314591901399727,0.022108909773428703,1.8475788446264608e-22,6.555364491733868e-13,1.638285388326517e-17,2.7578320876319853,0
7.654901825912957,0.5219731091872988,0.08232425185885789,0.015537928751956321,0.029625242382956694,0.019211338764517322,0.1411700666385397,0.06245326782675675,0.033987124546645896,0.08315587954705993,0.022128297675664252,1.8475788446264608e-22,6.555364491733868e-13,1.638285388326517e-17,2.7578320876319853,0
7.660141320660331,0.5212080461791911,0.08226109691049359,0.015576812837440907,0.029699313592267868,0.019254225383610445,0.14126389542441026,0.06233752930639017,0.03400259239100624,0.08316584008012258,0.022147685577899805,1.8475788446264608e-22,6.555364491733868e-13,1.638285388326517e-17,2.7578320876319853,0
7.665380815407704,0.5204429831710834,0.0821979419621293,0.015615696922925491,0.029773384801579036,0.01929711200270357,0.1413577242102808,0.062221790786023606,0.034018060235366576,0.08317580061318523,0.022167073480135354,1.8475788446264608e-22,6.555364491733868e-13,1.638285388326517e-17,2.7578320876319853,0
7.670620310155078,0.5196779201629756,0.08213478701376499,0.015654581008410082,0.029847456010890217,0.01933999862179671,0.1414515529961514,0.062106052265657005,0.03403352807972693,0.08318576114624789,0.02218646138237091,1.8475788446264608e-22,6.555364491733868e-13,1.638285388326517e-17,2.7578320876319853,0
7.675859804902451,0.518912857154868,0.08207163206540069,0.01569346509389467,0.029921527220201378,0.01938288524088984,0.14154538178202195,0.061990313745290425,0.03404899592408727,0.08319572167931054,0.022205849284606463,1.8475788446264608e-22,6.555364491733868e-13,1.638285388326517e-17,2.7578320876319853,0
7.6810992996498255,0.5181477941467602,0.08200847711703639,0.01573234917937926,0.029995598429512552,0.01942577185998297,0.1416392105678925,0.06187457522492384,0.03406446376844762,0.08320568221237319,0.022225237186842016,1.8475788446264608e-22,6.555364491733868e-13,1.638285388326517e-17,2.7578320876319853,0
7.686338794397199,0.5173827311386526,0.08194532216867209,0.01577123326486385,0.030069669638823727,0.019468658479076098,0.14173303935376305,0.06175883670455727,0.03407993161280796,0.08321564274543584,0.02224462508907757,1.8475788446264608e-22,6.555364491733868e-13,1.638285388326517e-17,2.7578320876319853,0
7.691578289144573,0.5166179555122877,0.08188281972680773,0.015810342823511396,0.030143239924474166,0.019511525889286275,0.1418260239849018,0.06164348682246154,0.034095393967970074,0.08322728102714408,0.022263991650409057,1.8475788446264608e-22,6.555364491733868e-13,1.638285388326517e-17,2.7578320876319853,0
7.696817783891946,0.515857479116799,0.08183007878218242,0.015852825460676744,0.03020931639216008,0.019554105934607324,0.1419063800612526,0.06153395096889788,0.034110774204726614,0.08326401842859,0.022283038951815746,1.8475788446264608e-22,6.555364491733868e-13,1.638285388326517e-17,2.7578320876319853,0
7.70205727863932,0.5150970027213102,0.08177733783755708,0.015895308097842106,0.030275392859845984,0.01959668597992838,0.14198673613760343,0.061424415115334204,0.034126154441483154,0.08330075583003595,0.02230208625322245,1.8475788446264608e-22,6.555364491733868e-13,1.638285388326517e-17,2.7578320876319853,0
7.707296773386694,0.5143365263258215,0.08172459689293177,0.015937790735007454,0.030341469327531883,0.019639266025249433,0.14206709221395428,0.06131487926177054,0.0341415346782397,0.08333749323148187,0.022321133554629145,1.8475788446264608e-22,6.555364491733868e-13,1.638285388326517e-17,2.7578320876319853,0
7.712536268134068,0.5135760499303326,0.08167185594830645,0.015980273372172813,0.03040754579521779,0.01968184607057049,0.14214744829030507,0.06120534340820688,0.034156914914996235,0.0833742306329278,0.022340180856035844,1.8475788446264608e-22,6.555364491733868e-13,1.638285388326517e-17,2.7578320876319853,0
7.717775762881441,0.5128155735348439,0.08161911500368113,0.016022756009338165,0.03047362226290369,0.019724426115891543,0.1422278043666559,0.061095807554643215,0.03417229515175278,0.08341096803437373,0.022359228157442537,1.8475788446264608e-22,6.555364491733868e-13,1.638285388326517e-17,2.7578320876319853,0
7.7230152576288145,0.5120550971393552,0.08156637405905581,0.016065238646503513,0.03053969873058959,0.019767006161212592,0.1423081604430067,0.06098627170107956,0.03418767538850932,0.08344770543581967,0.02237827545884923,1.8475788446264608e-22,6.555364491733868e-13,1.638285388326517e-17,2.7578320876319853,0
7.728254752376189,0.5112946207438663,0.0815136331144305,0.016107721283668875,0.030605775198275502,0.019809586206533652,0.14238851651935752,0.060876735847515885,0.03420305562526586,0.0834844428372656,0.02239732276025593,1.8475788446264608e-22,6.555364491733868e-13,1.638285388326517e-17,2.7578320876319853,0
7.733494247123562,0.5105341443483776,0.08146089216980518,0.016150203920834227,0.030671851665961394,0.0198521662518547,0.14246887259570834,0.06076719999395223,0.0342184358620224,0.08352118023871152,0.02241637006166262,1.8475788446264608e-22,6.555364491733868e-13,1.638285388326517e-17,2.7578320876319853,0
7.738733741870936,0.5097736679528887,0.08140815122517986,0.016192686557999582,0.030737928133647313,0.019894746297175758,0.14254922867205916,0.06065766414038856,0.034233816098778944,0.08355791764015745,0.02243541736306932,1.8475788446264608e-22,6.555364491733868e-13,1.638285388326517e-17,2.7578320876319853,0
7.743973236618309,0.5090149912644821,0.08135486134185888,0.01623538169433492,0.030803719007238658,0.01993722701448546,0.14263286982921144,0.06054676832860021,0.034248863800242314,0.0835953448821051,0.022454318470611242,1.8475788446264608e-22,6.555364491733868e-13,1.638285388326517e-17,2.7578320876319853,0
7.749212731365684,0.5082967550528626,0.08128923648314114,0.016282851812019383,0.030863092413528873,0.019977475772951798,0.14279032868437266,0.060405313455527576,0.03425643923805913,0.08364827324591485,0.0224699345160154,1.8475788446264608e-22,6.555364491733868e-13,1.638285388326517e-17,2.7578320876319853,0
7.754452226113057,0.5075785188412433,0.08122361162442342,0.016330321929703837,0.030922465819819084,0.020017724531418132,0.14294778753953388,0.06026385858245498,0.03426401467587595,0.0837012016097246,0.02248555056141955,1.8475788446264608e-22,6.555364491733868e-13,1.638285388326517e-17,2.7578320876319853,0
7.759691720860431,0.5068602826296238,0.08115798676570568,0.016377792047388297,0.030981839226109305,0.020057973289884484,0.1431052463946951,0.06012240370938234,0.03427159011369278,0.08375412997353433,0.022501166606823705,1.8475788446264608e-22,6.555364491733868e-13,1.638285388326517e-17,2.7578320876319853,0
7.764931215607804,0.5061420464180044,0.08109236190698796,0.016425262165072757,0.031041212632399513,0.020098222048350822,0.1432627052498563,0.05998094883630975,0.03427916555150959,0.08380705833734407,0.022516782652227854,1.8475788446264608e-22,6.555364491733868e-13,1.638285388326517e-17,2.7578320876319853,0
7.770170710355178,0.5054238102063853,0.08102673704827022,0.016472732282757214,0.03110058603868973,0.020138470806817164,0.14342016410501754,0.05983949396323713,0.0342867409893264,0.08385998670115383,0.02253239869763201,1.8475788446264608e-22,6.555364491733868e-13,1.638285388326517e-17,2.7578320876319853,0
7.775410205102552,0.5047055739947658,0.0809611121895525,0.016520202400441667,0.031159959444979946,0.020178719565283502,0.14357762296017873,0.05969803909016452,0.03429431642714322,0.08391291506496357,0.02254801474303616,1.8475788446264608e-22,6.555364491733868e-13,1.638285388326517e-17,2.7578320876319853,0
7.780649699849925,0.5039873377831464,0.08089548733083478,0.016567672518126127,0.031219332851270154,0.02021896832374984,0.14373508181533995,0.059556584217091924,0.03430189186496004,0.0839658434287733,0.02256363078844031,1.8475788446264608e-22,6.555364491733868e-13,1.638285388326517e-17,2.7578320876319853,0
7.785889194597299,0.5032691015715269,0.08082986247211706,0.016615142635810584,0.03127870625756037,0.020259217082216185,0.14389254067050117,0.05941512934401929,0.034309467302776855,0.08401877179258305,0.02257924683384447,1.8475788446264608e-22,6.555364491733868e-13,1.638285388326517e-17,2.7578320876319853,0
7.791128689344672,0.5025508653599076,0.08076423761339933,0.01666261275349504,0.03133807966385058,0.020299465840682523,0.14404999952566236,0.05927367447094669,0.034317042740593676,0.0840717001563928,0.022594862879248615,1.8475788446264608e-22,6.555364491733868e-13,1.638285388326517e-17,2.7578320876319853,0
7.796368184092047,0.5018335256580463,0.08069894422752592,0.01670995646772391,0.03139723047420323,0.020339769045093395,0.14420810685478155,0.059132390046031866,0.034324655325838255,0.08412559521034856,0.022610393308540918,1.8475788446264608e-22,6.555364491733868e-13,1.638285388326517e-17,2.7578320876319853,0
7.80160767883942,0.501155034712378,0.08064801466490638,0.016751822698877088,0.03144673546059472,0.0203824315737672,0.14439431472207798,0.058998491707955215,0.03433387763295254,0.0842213801706309,0.02262221370631964,1.8475788446264608e-22,6.555364491733868e-13,1.638285388326517e-17,2.7578320876319853,0
7.806847173586794,0.5004765437667092,0.08059708510228684,0.016793688930030273,0.03149624044698621,0.020425094102441012,0.14458052258937434,0.058864593369878544,0.03434309994006682,0.08431716513091325,0.022634034104098363,1.8475788446264608e-22,6.555364491733868e-13,1.638285388326517e-17,2.7578320876319853,0
7.812086668334167,0.49979805282104084,0.0805461555396673,0.01683555516118345,0.03154574543337769,0.020467756631114817,0.14476673045667074,0.05873069503180191,0.0343523222471811,0.08441295009119561,0.02264585450187708,1.8475788446264608e-22,6.555364491733868e-13,1.638285388326517e-17,2.7578320876319853,0
7.817326163081542,0.49911956187537215,0.08049522597704777,0.016877421392336635,0.03159525041976918,0.02051041915978863,0.14495293832396716,0.05859679669372525,0.03436154455429539,0.08450873505147796,0.022657674899655804,1.8475788446264608e-22,6.555364491733868e-13,1.638285388326517e-17,2.7578320876319853,0
7.822565657828915,0.4984410709297038,0.08044429641442823,0.016919287623489817,0.03164475540616066,0.020553081688462434,0.14513914619126353,0.058462898355648586,0.03437076686140966,0.08460452001176032,0.022669495297434526,1.8475788446264608e-22,6.555364491733868e-13,1.638285388326517e-17,2.7578320876319853,0
7.827805152576289,0.49776257998403506,0.08039336685180867,0.016961153854643002,0.03169426039255216,0.020595744217136242,0.14532535405855995,0.058329000017571915,0.034379989168523944,0.08470030497204267,0.022681315695213245,1.8475788446264608e-22,6.555364491733868e-13,1.638285388326517e-17,2.7578320876319853,0
7.833044647323662,0.4970840890383666,0.08034243728918915,0.017003020085796183,0.031743765378943634,0.02063840674581005,0.14551156192585635,0.05819510167949527,0.03438921147563824,0.08479608993232501,0.022693136092991967,1.8475788446264608e-22,6.555364491733868e-13,1.638285388326517e-17,2.7578320876319853,0
7.838284142071036,0.496405598092698,0.08029150772656961,0.01704488631694936,0.031793270365335115,0.02068106927448386,0.14569776979315271,0.05806120334141862,0.034398433782752515,0.08489187489260737,0.022704956490770686,1.8475788446264608e-22,6.555364491733868e-13,1.638285388326517e-17,2.7578320876319853,0
7.84352363681841,0.4957271071470295,0.08024057816395007,0.017086752548102543,0.03184277535172661,0.020723731803157668,0.1458839776604491,0.05792730500334196,0.034407656089866796,0.08498765985288972,0.022716776888549405,1.8475788446264608e-22,6.555364491733868e-13,1.638285388326517e-17,2.7578320876319853,0
7.848763131565783,0.4950487193122141,0.08018963641426156,0.017128623063576213,0.031892262542122726,0.020766386171352364,0.14607013943395133,0.05779344027839549,0.034416848134998373,0.08508334786083675,0.02272857037760421,1.8475788446264608e-22,6.555364491733868e-13,1.638285388326517e-17,2.7578320876319853,0
7.854002626313157,0.49441136959692944,0.08013384421112801,0.017172198738605288,0.03193466692636643,0.020805792668861504,0.14623795587736352,0.05767295357926614,0.0344139959110159,0.08514044883933114,0.022729654194540167,1.8475788446264608e-22,6.555364491733868e-13,1.638285388326517e-17,2.7578320876319853,0
7.85924212106053,0.49377401988164477,0.08007805200799448,0.017215774413634352,0.03197707131061012,0.020845199166370638,0.14640577232077578,0.0575524668801368,0.03441114368703341,0.08519754981782553,0.022730738011476122,1.8475788446264608e-22,6.555364491733868e-13,1.638285388326517e-17,2.7578320876319853,0
7.864481615807905,0.49313667016636,0.08002225980486093,0.017259350088663424,0.03201947569485382,0.020884605663879778,0.14657358876418802,0.05743198018100743,0.03440829146305093,0.08525465079631991,0.022731821828412078,1.8475788446264608e-22,6.555364491733868e-13,1.638285388326517e-17,2.7578320876319853,0
7.869721110555278,0.4924993204510753,0.07996646760172736,0.017302925763692488,0.0320618800790975,0.020924012161388915,0.14674140520760026,0.05731149348187809,0.03440543923906845,0.08531175177481429,0.022732905645348033,1.8475788446264608e-22,6.555364491733868e-13,1.638285388326517e-17,2.7578320876319853,0
7.874960605302652,0.4918619707357905,0.07991067539859381,0.017346501438721563,0.03210428446334121,0.02096341865889805,0.14690922165101247,0.057191006782748736,0.034402587015085966,0.08536885275330867,0.02273398946228399,1.8475788446264608e-22,6.555364491733868e-13,1.638285388326517e-17,2.7578320876319853,0
7.8802001000500255,0.49122462102050585,0.07985488319546027,0.017390077113750627,0.0321466888475849,0.02100282515640719,0.1470770380944247,0.05707052008361939,0.03439973479110349,0.08542595373180305,0.022735073279219947,1.8475788446264608e-22,6.555364491733868e-13,1.638285388326517e-17,2.7578320876319853,0
7.885439594797399,0.49058727130522123,0.07979909099232672,0.017433652788779695,0.032189093231828586,0.021042231653916322,0.14724485453783692,0.056950033384490055,0.034396882567121,0.08548305471029743,0.0227361570961559,1.8475788446264608e-22,6.555364491733868e-13,1.638285388326517e-17,2.7578320876319853,0
7.890679089544773,0.4899499215899364,0.07974329878919317,0.01747722846380877,0.03223149761607228,0.021081638151425462,0.14741267098124916,0.05682954668536069,0.034394030343138524,0.08554015568879181,0.022737240913091854,1.8475788446264608e-22,6.555364491733868e-13,1.638285388326517e-17,2.7578320876319853,0
7.895918584292146,0.48931257187465177,0.07968750658605962,0.01752080413883783,0.03227390200031598,0.021121044648934596,0.14758048742466137,0.056709059986231346,0.03439117811915604,0.0855972566672862,0.022738324730027806,1.8475788446264608e-22,6.555364491733868e-13,1.638285388326517e-17,2.7578320876319853,0
7.90115807903952,0.488675222159367,0.07963171438292607,0.017564379813866906,0.03231630638455967,0.02116045114644374,0.1477483038680736,0.05658857328710199,0.03438832589517356,0.08565435764578057,0.022739408546963765,1.8475788446264608e-22,6.555364491733868e-13,1.638285388326517e-17,2.7578320876319853,0
7.906397573786894,0.4881302353407361,0.07958642726537013,0.017617978034281105,0.032351826187034076,0.02119896045222501,0.14792193699037584,0.05646162646856057,0.034380020481625924,0.08572026644624998,0.022747468964051935,1.8475788446264608e-22,6.555364491733868e-13,1.638285388326517e-17,2.7578320876319853,0
7.911637068534268,0.48758689785954534,0.07954132773862807,0.017671755228720037,0.0323872230505483,0.021237453736725437,0.14809567398194398,0.056334564290743926,0.03437161768969319,0.08578633252925465,0.022755653963285695,1.8475788446264608e-22,6.555364491733868e-13,1.638285388326517e-17,2.7578320876319853,0
7.916876563281641,0.4870435603783547,0.07949622821188601,0.01772553242315897,0.03242261991406254,0.021275947021225854,0.14826941097351207,0.056207502112927285,0.03436321489776046,0.08585239861225932,0.02276383896251944,1.8475788446264608e-22,6.555364491733868e-13,1.638285388326517e-17,2.7578320876319853,0
7.922116058029015,0.4865002228971639,0.07945112868514394,0.01777930961759791,0.03245801677757679,0.021314440305726278,0.1484431479650802,0.056080439935110644,0.034354812105827734,0.085918464695264,0.022772023961753193,1.8475788446264608e-22,6.555364491733868e-13,1.638285388326517e-17,2.7578320876319853,0
7.927355552776389,0.4859568854159732,0.07940602915840189,0.01783308681203684,0.03249341364109101,0.0213529335902267,0.14861688495664832,0.05595337775729401,0.034346409313895,0.08598453077826868,0.02278020896098695,1.8475788446264608e-22,6.555364491733868e-13,1.638285388326517e-17,2.7578320876319853,0
7.932595047523763,0.4854135479347825,0.07936092963165982,0.01788686400647578,0.03252881050460526,0.021391426874727122,0.14879062194821646,0.05582631557947737,0.03433800652196226,0.08605059686127337,0.0227883939602207,1.8475788446264608e-22,6.555364491733868e-13,1.638285388326517e-17,2.7578320876319853,0
7.937834542271136,0.48487021045359185,0.07931583010491777,0.017940641200914705,0.032564207368119484,0.021429920159227542,0.14896435893978457,0.055699253401660744,0.034329603730029544,0.08611666294427803,0.022796578959454448,1.8475788446264608e-22,6.555364491733868e-13,1.638285388326517e-17,2.7578320876319853,0
7.943074037018509,0.4843268729724011,0.07927073057817571,0.01799441839535364,0.032599604231633716,0.02146841344372796,0.1491380959313527,0.055572191223844096,0.03432120093809682,0.08618272902728269,0.0228047639586882,1.8475788446264608e-22,6.555364491733868e-13,1.638285388326517e-17,2.7578320876319853,0
7.9483135317658835,0.48378353549121045,0.07922563105143365,0.018048195589792572,0.03263500109514796,0.02150690672822838,0.14931183292292083,0.05544512904602746,0.034312798146164086,0.08624879511028737,0.022812948957921953,1.8475788446264608e-22,6.555364491733868e-13,1.638285388326517e-17,2.7578320876319853,0
7.953553026513257,0.4832401980100198,0.0791805315246916,0.018101972784231497,0.032670397958662195,0.021545400012728803,0.1494855699144889,0.05531806686821083,0.03430439535423136,0.08631486119329204,0.0228211339571557,1.8475788446264608e-22,6.555364491733868e-13,1.638285388326517e-17,2.7578320876319853,0
7.958792521260631,0.4826881792716361,0.07914647049215208,0.01815008645847226,0.032694137197900715,0.021579268145195476,0.1495938161047273,0.05518118604332768,0.03428873115115723,0.08638457841756483,0.022817019157632873,1.8475788446264608e-22,6.555364491733868e-13,1.638285388326517e-17,2.7578320876319853,0
7.964032016008004,0.4821358214216434,0.07911284065079235,0.018197978901455265,0.03271742106119095,0.021612955607660824,0.14969950406053867,0.055043921677543524,0.0342727832992104,0.0864544382645434,0.022812423897221115,1.8475788446264608e-22,6.555364491733868e-13,1.638285388326517e-17,2.7578320876319853,0
7.969271510755378,0.48158346357165066,0.07907921080943264,0.01824587134443828,0.0327407049244812,0.021646643070126183,0.14980519201635006,0.05490665731175933,0.034256835447263566,0.08652429811152197,0.022807828636809357,1.8475788446264608e-22,6.555364491733868e-13,1.638285388326517e-17,2.7578320876319853,0
7.974511005502752,0.48103110572165797,0.07904558096807292,0.018293763787421286,0.03276398878777144,0.021680330532591535,0.14991087997216146,0.05476939294597519,0.03424088759531673,0.08659415795850053,0.0228032333763976,1.8475788446264608e-22,6.555364491733868e-13,1.638285388326517e-17,2.7578320876319853,0
7.979750500250126,0.4804787478716652,0.07901195112671319,0.018341656230404294,0.03278727265106168,0.02171401799505689,0.15001656792797285,0.054632128580191,0.03422493974336989,0.08666401780547912,0.022798638115985842,1.8475788446264608e-22,6.555364491733868e-13,1.638285388326517e-17,2.7578320876319853,0
7.984989994997499,0.47992639002167253,0.07897832128535348,0.018389548673387303,0.03281055651435192,0.02174770545752224,0.15012225588378425,0.054494864214406843,0.034208991891423055,0.08673387765245769,0.022794042855574084,1.8475788446264608e-22,6.555364491733868e-13,1.638285388326517e-17,2.7578320876319853,0
7.990229489744873,0.4793740321716798,0.07894469144399374,0.018437441116370315,0.03283384037764217,0.021781392919987597,0.15022794383959565,0.05435759984862266,0.03419304403947622,0.08680373749943626,0.022789447595162327,1.8475788446264608e-22,6.555364491733868e-13,1.638285388326517e-17,2.7578320876319853,0
7.995468984492247,0.4788216743216871,0.07891106160263403,0.018485333559353324,0.03285712424093241,0.021815080382452945,0.150333631795407,0.05422033548283851,0.034177096187529385,0.08687359734641482,0.022784852334750572,1.8475788446264608e-22,6.555364491733868e-13,1.638285388326517e-17,2.7578320876319853,0
8.00070847923962,0.4782693164716944,0.0788774317612743,0.018533226002336325,0.03288040810422265,0.021848767844918297,0.1504393197512184,0.05408307111705434,0.03416114833558255,0.08694345719339339,0.022780257074338815,1.8475788446264608e-22,6.555364491733868e-13,1.638285388326517e-17,2.7578320876319853,0
8.005947973986993,0.4777169586217017,0.0788438019199146,0.018581118445319334,0.032903691967512895,0.021882455307383645,0.1505450077070298,0.053945806751270184,0.034145200483635715,0.08701331704037196,0.022775661813927053,1.8475788446264608e-22,6.555364491733868e-13,1.638285388326517e-17,2.7578320876319853,0
8.011187468734368,0.47723654984533165,0.07883722355692496,0.018628099543382386,0.032923069706565375,0.02191670417707211,0.15064671359617637,0.05383443992589573,0.03412953778767484,0.08706401695658164,0.022780796827847595,1.8475788446264608e-22,6.555364491733868e-13,1.638285388326517e-17,2.7578320876319853,0
8.016426963481742,0.4767605422091035,0.07883229993862285,0.01867502489428277,0.032942208507167135,0.02195098738815985,0.15074817590145778,0.053724657258578286,0.03411389253476628,0.08711354485574958,0.02278652704471931,1.8475788446264608e-22,6.555364491733868e-13,1.638285388326517e-17,2.7578320876319853,0
8.021666458229115,0.47628453457287556,0.07882737632032075,0.01872195024518316,0.03296134730776889,0.02198527059924759,0.15084963820673916,0.05361487459126085,0.03409824728185773,0.08716307275491753,0.022792257261591023,1.8475788446264608e-22,6.555364491733868e-13,1.638285388326517e-17,2.7578320876319853,0
8.026905952976488,0.47580852693664755,0.07882245270201865,0.018768875596083538,0.032980486108370656,0.02201955381033533,0.15095110051202051,0.05350509192394342,0.03408260202894919,0.08721260065408548,0.02279798747846274,1.8475788446264608e-22,6.555364491733868e-13,1.638285388326517e-17,2.7578320876319853,0
8.032145447723863,0.47533251930041925,0.07881752908371654,0.01881580094698394,0.03299962490897243,0.02205383702142308,0.15105256281730195,0.053395309256625945,0.03406695677604064,0.08726212855325345,0.02280371769533445,1.8475788446264608e-22,6.555364491733868e-13,1.638285388326517e-17,2.7578320876319853,0
8.037384942471236,0.4748565116641912,0.07881260546541444,0.01886272629788432,0.033018763709574184,0.02208812023251082,0.15115402512258333,0.053285526589308504,0.03405131152313209,0.0873116564524214,0.02280944791220617,1.8475788446264608e-22,6.555364491733868e-13,1.638285388326517e-17,2.7578320876319853,0
8.04262443721861,0.47438050402796317,0.07880768184711233,0.018909651648784706,0.03303790251017595,0.022122403443598556,0.15125548742786474,0.05317574392199108,0.034035666270223544,0.08736118435158935,0.022815178129077886,1.8475788446264608e-22,6.555364491733868e-13,1.638285388326517e-17,2.7578320876319853,0
8.047863931965983,0.47390449639173515,0.07880275822881022,0.01895657699968509,0.033057041310777704,0.02215668665468629,0.15135694973314612,0.05306596125467363,0.03402002101731499,0.08741071225075729,0.0228209083459496,1.8475788446264608e-22,6.555364491733868e-13,1.638285388326517e-17,2.7578320876319853,0
8.053103426713356,0.4734284887555072,0.07879783461050811,0.019003502350585472,0.033076180111379465,0.022190969865774034,0.1514584120384275,0.05295617858735619,0.03400437576440645,0.08746024014992523,0.022826638562821314,1.8475788446264608e-22,6.555364491733868e-13,1.638285388326517e-17,2.7578320876319853,0
8.058342921460731,0.47295248111927896,0.078792910992206,0.019050427701485868,0.03309531891198124,0.022225253076861785,0.1515598743437089,0.05284639592003872,0.033988730511497894,0.08750976804909322,0.02283236877969303,1.8475788446264608e-22,6.555364491733868e-13,1.638285388326517e-17,2.7578320876319853,0
8.063582416208105,0.47244795796103495,0.07880583409797093,0.019101368651109788,0.03310174787925323,0.022252179230664415,0.15175286233697968,0.052733410022470575,0.03397239771520006,0.08759220174032807,0.02283037310718358,1.8475788446264608e-22,6.555364491733868e-13,1.638285388326517e-17,2.7578320876319853,0
8.068821910955478,0.4719410326800126,0.07882026059625237,0.01915264787127835,0.033107106181217545,0.022278485632358784,0.15195356037461905,0.05262015428757152,0.03395600700084498,0.08767740738687291,0.022827726612470827,1.8475788446264608e-22,6.555364491733868e-13,1.638285388326517e-17,2.7578320876319853,0
8.074061405702851,0.47143410739899017,0.07883468709453381,0.01920392709144691,0.033112464483181864,0.02230479203405316,0.15215425841225846,0.05250689855267247,0.03393961628648989,0.08776261303341774,0.02282508011775807,1.8475788446264608e-22,6.555364491733868e-13,1.638285388326517e-17,2.7578320876319853,0
8.079300900450226,0.4709271821179676,0.07884911359281525,0.01925520631161549,0.03311782278514619,0.022331098435747543,0.15235495644989794,0.052393642817773374,0.033923225572134806,0.08784781867996261,0.022822433623045313,1.8475788446264608e-22,6.555364491733868e-13,1.638285388326517e-17,2.7578320876319853,0
8.0845403951976,0.47042025683694516,0.0788635400910967,0.019306485531784056,0.033123181087110515,0.022357404837441912,0.15255565448753733,0.052280387082874316,0.033906834857779726,0.08793302432650746,0.022819787128332557,1.8475788446264608e-22,6.555364491733868e-13,1.638285388326517e-17,2.7578320876319853,0
8.089779889944973,0.4699133315559227,0.07887796658937812,0.019357764751952614,0.03312853938907483,0.02238371123913629,0.15275635252517672,0.05216713134797527,0.03389044414342464,0.0880182299730523,0.022817140633619806,1.8475788446264608e-22,6.555364491733868e-13,1.638285388326517e-17,2.7578320876319853,0
8.095019384692346,0.4694064062749003,0.07889239308765957,0.019409043972121176,0.03313389769103915,0.02241001764083067,0.1529570505628161,0.0520538756130762,0.03387405342906956,0.08810343561959713,0.02281449413890705,1.8475788446264608e-22,6.555364491733868e-13,1.638285388326517e-17,2.7578320876319853,0
8.100258879439721,0.4688994809938778,0.07890681958594101,0.019460323192289755,0.033139255993003464,0.02243632404252505,0.15315774860045556,0.05194061987817711,0.03385766271471447,0.088188641266142,0.022811847644194295,1.8475788446264608e-22,6.555364491733868e-13,1.638285388326517e-17,2.7578320876319853,0
8.105498374187095,0.4683925557128553,0.07892124608422245,0.019511602412458317,0.033144614294967796,0.022462630444219422,0.15335844663809492,0.05182736414327807,0.033841272000359385,0.08827384691268685,0.022809201149481543,1.8475788446264608e-22,6.555364491733868e-13,1.638285388326517e-17,2.7578320876319853,0
8.110737868934468,0.46788563043183284,0.07893567258250388,0.01956288163262688,0.03314997259693212,0.0224889368459138,0.1535591446757343,0.05171410840837901,0.03382488128600431,0.08835905255923167,0.022806554654768784,1.8475788446264608e-22,6.555364491733868e-13,1.638285388326517e-17,2.7578320876319853,0
8.115977363681841,0.46743741813298745,0.0789653735360244,0.019609061043602324,0.033166583490188584,0.022515772865287668,0.15377306899509616,0.051602570790486496,0.03380159516365539,0.08845250232008271,0.022798133614238283,1.8475788446264608e-22,6.555364491733868e-13,1.638285388326517e-17,2.7578320876319853,0
8.121216858429214,0.46699556640721124,0.07899672922219582,0.019654687975248514,0.03318441341416836,0.022542666259910155,0.15398842616164454,0.05149121930193633,0.033777562038773815,0.08854684519331692,0.022789086997910858,1.8475788446264608e-22,6.555364491733868e-13,1.638285388326517e-17,2.7578320876319853,0
8.12645635317659,0.4665537146814348,0.07902808490836725,0.019700314906894723,0.03320224333814815,0.022569559654532646,0.15420378332819304,0.051379867813386125,0.033753528913892224,0.08864118806655114,0.02278004038158343,1.8475788446264608e-22,6.555364491733868e-13,1.638285388326517e-17,2.7578320876319853,0
8.131695847923963,0.4661118629556585,0.07905944059453866,0.019745941838540913,0.033220073262127926,0.02259645304915513,0.15441914049474142,0.051268516324835964,0.033729495789010654,0.08873553093978535,0.022770993765256,1.8475788446264608e-22,6.555364491733868e-13,1.638285388326517e-17,2.7578320876319853,0
8.136935342671336,0.4656700112298824,0.07909079628071009,0.0197915687701871,0.03323790318610771,0.022623346443777618,0.15463449766128984,0.0511571648362858,0.03370546266412908,0.08882987381301957,0.022761947148928575,1.8475788446264608e-22,6.555364491733868e-13,1.638285388326517e-17,2.7578320876319853,0
8.14217483741871,0.46522815950410606,0.07912215196688151,0.019837195701833295,0.03325573311008749,0.022650239838400102,0.15484985482783825,0.05104581334773564,0.03368142953924749,0.08892421668625378,0.022752900532601154,1.8475788446264608e-22,6.555364491733868e-13,1.638285388326517e-17,2.7578320876319853,0
8.147414332166084,0.4647863077783297,0.07915350765305294,0.019882822633479506,0.033273563034067276,0.022677133233022596,0.15506521199438672,0.05093446185918544,0.033657396414365916,0.08901855955948801,0.02274385391627373,1.8475788446264608e-22,6.555364491733868e-13,1.638285388326517e-17,2.7578320876319853,0
8.152653826913458,0.4643444560525534,0.07918486333922435,0.019928449565125697,0.03329139295804706,0.022704026627645077,0.15528056916093513,0.05082311037063529,0.03363336328948434,0.08911290243272221,0.022734807299946303,1.8475788446264608e-22,6.555364491733868e-13,1.638285388326517e-17,2.7578320876319853,0
8.157893321660831,0.46390260432677716,0.07921621902539577,0.01997407649677188,0.03330922288202683,0.02273092002226756,0.15549592632748355,0.05071175888208513,0.033609330164602755,0.08920724530595643,0.022725760683618878,1.8475788446264608e-22,6.555364491733868e-13,1.638285388326517e-17,2.7578320876319853,0
8.163132816408204,0.4634607526010009,0.0792475747115672,0.020019703428418075,0.03332705280600662,0.02275781341689005,0.15571128349403193,0.05060040739353497,0.03358529703972119,0.08930158817919065,0.022716714067291456,1.8475788446264608e-22,6.555364491733868e-13,1.638285388326517e-17,2.7578320876319853,0
8.168372311155577,0.4631089829791914,0.07927457083866124,0.020064151359388806,0.03333527653809768,0.022779011490202526,0.15586485231824954,0.05050413182232699,0.03355889515953369,0.08937746445047688,0.022706783462260172,1.8475788446264608e-22,6.555364491733868e-13,1.638285388326517e-17,2.7578320876319853,0
8.173611805902953,0.4627692413655819,0.07930098486553756,0.02010844186697391,0.03334221762524906,0.022799449108681005,0.15601017099448553,0.05040986922871866,0.0335321769966775,0.08945087501070763,0.02269673482464628,1.8475788446264608e-22,6.555364491733868e-13,1.638285388326517e-17,2.7578320876319853,0
8.178851300650326,0.4624294997519724,0.0793273988924139,0.020152732374558998,0.03334915871240044,0.022819886727159476,0.15615548967072146,0.050315606635110345,0.03350545883382132,0.08952428557093833,0.02268668618703239,1.8475788446264608e-22,6.555364491733868e-13,1.638285388326517e-17,2.7578320876319853,0
8.1840907953977,0.462089758138363,0.07935381291929021,0.020197022882144085,0.033356099799551814,0.022840324345637947,0.1563008083469574,0.050221344041502046,0.03347874067096514,0.08959769613116905,0.022676637549418503,1.8475788446264608e-22,6.555364491733868e-13,1.638285388326517e-17,2.7578320876319853,0
8.189330290145072,0.4617500165247536,0.07938022694616653,0.020241313389729176,0.0333630408867032,0.02286076196411642,0.15644612702319335,0.05012708144789374,0.033452022508108956,0.08967110669139976,0.022666588911804605,1.8475788446264608e-22,6.555364491733868e-13,1.638285388326517e-17,2.7578320876319853,0
8.194569784892447,0.4614102749111441,0.07940664097304287,0.020285603897314278,0.03336998197385457,0.022881199582594894,0.15659144569942932,0.050032818854285406,0.03342530434525277,0.08974451725163049,0.02265654027419071,1.8475788446264608e-22,6.555364491733868e-13,1.638285388326517e-17,2.7578320876319853,0
8.19980927963982,0.4610705332975347,0.07943305499991919,0.020329894404899365,0.03337692306100595,0.022901637201073365,0.15673676437566525,0.049938556260677114,0.03339858618239659,0.08981792781186121,0.022646491636576817,1.8475788446264608e-22,6.555364491733868e-13,1.638285388326517e-17,2.7578320876319853,0
8.205048774387194,0.4607307916839252,0.0794594690267955,0.02037418491248446,0.033383864148157326,0.022922074819551833,0.15688208305190118,0.049844293667068794,0.0333718680195404,0.08989133837209191,0.022636442998962926,1.8475788446264608e-22,6.555364491733868e-13,1.638285388326517e-17,2.7578320876319853,0
8.210288269134567,0.4603910500703159,0.07948588305367184,0.02041847542006954,0.033390805235308706,0.022942512438030305,0.15702740172813712,0.049750031073460495,0.03334514985668423,0.08996474893232263,0.022626394361349035,1.8475788446264608e-22,6.555364491733868e-13,1.638285388326517e-17,2.7578320876319853,0
8.21552776388194,0.4600513084567065,0.07951229708054816,0.02046276592765463,0.03339774632246008,0.022962950056508776,0.1571727204043731,0.04965576847985219,0.033318431693828046,0.09003815949255332,0.02261634572373514,1.8475788446264608e-22,6.555364491733868e-13,1.638285388326517e-17,2.7578320876319853,0
8.220767258629316,0.4598851606630779,0.0795314106513121,0.02050436222269984,0.03339548524274421,0.022979756814479422,0.1572890536587324,0.04955467952082755,0.033290364561241334,0.09013384550200958,0.02260133215553332,1.8475788446264608e-22,6.555364491733868e-13,1.638285388326517e-17,2.7578320876319853,0
8.226006753376689,0.4597467676953185,0.0795493569979883,0.020545527757019184,0.03339175288634896,0.02299598305696189,0.15740075261598932,0.04945249913709975,0.033262081750354694,0.09023309299317339,0.022585524775754953,1.8475788446264608e-22,6.555364491733868e-13,1.638285388326517e-17,2.7578320876319853,0
8.231246248124062,0.45960837472755905,0.07956730334466453,0.020586693291338526,0.03338802052995373,0.023012209299444357,0.15751245157324628,0.049350318753371945,0.033233798939468054,0.09033234048433719,0.022569717395976577,1.8475788446264608e-22,6.555364491733868e-13,1.638285388326517e-17,2.7578320876319853,0
8.236485742871436,0.4594699817597997,0.07958524969134073,0.020627858825657867,0.03338428817355849,0.023028435541926823,0.1576241505305032,0.04924813836964416,0.03320551612858141,0.09043158797550101,0.022553910016198206,1.8475788446264608e-22,6.555364491733868e-13,1.638285388326517e-17,2.7578320876319853,0
8.24172523761881,0.4593315887920402,0.07960319603801694,0.020669024359977223,0.03338055581716325,0.023044661784409292,0.15773584948776018,0.04914595798591633,0.03317723331769475,0.09053083546666485,0.022538102636419827,1.8475788446264608e-22,6.555364491733868e-13,1.638285388326517e-17,2.7578320876319853,0
8.246964732366184,0.45919319582428086,0.07962114238469316,0.020710189894296564,0.03337682346076802,0.02306088802689176,0.1578475484450171,0.04904377760218854,0.03314895050680811,0.09063008295782865,0.022522295256641456,1.8475788446264608e-22,6.555364491733868e-13,1.638285388326517e-17,2.7578320876319853,0
8.252204227113557,0.4590548028565214,0.07963908873136936,0.020751355428615906,0.03337309110437278,0.02307711426937423,0.15795924740227402,0.04894159721846074,0.03312066769592147,0.09072933044899245,0.022506487876863084,1.8475788446264608e-22,6.555364491733868e-13,1.638285388326517e-17,2.7578320876319853,0
8.25744372186093,0.4589164098887619,0.07965703507804557,0.02079252096293525,0.03336935874797754,0.02309334051185669,0.15807094635953098,0.048839416834732946,0.03309238488503483,0.09082857794015625,0.022490680497084702,1.8475788446264608e-22,6.555364491733868e-13,1.638285388326517e-17,2.7578320876319853,0
8.262683216608306,0.45877801692100256,0.07967498142472179,0.020833686497254603,0.03336562639158231,0.023109566754339166,0.1581826453167879,0.048737236451005125,0.03306410207414817,0.09092782543132011,0.022474873117306324,1.8475788446264608e-22,6.555364491733868e-13,1.638285388326517e-17,2.7578320876319853,0
8.267922711355679,0.4586396239532432,0.079692927771398,0.020874852031573944,0.03336189403518707,0.02312579299682163,0.15829434427404487,0.04863505606727732,0.03303581926326154,0.09102707292248391,0.02245906573752796,1.8475788446264608e-22,6.555364491733868e-13,1.638285388326517e-17,2.7578320876319853,0
8.273162206103052,0.4584968238804391,0.0797285458567946,0.020910028217912834,0.03335896151303351,0.023138633494013693,0.15846083052165644,0.04854969152463054,0.03301018902406752,0.09112335001835739,0.02244741578264332,1.8475788446264608e-22,6.555364491733868e-13,8.841968639169893e-22,2.7578320876319853,0
8.278401700850425,0.4583531974754391,0.07976747739320131,0.020944081401505388,0.03335617895980026,0.0231508391639638,0.15863758938620953,0.04846747995218644,0.032985056142065844,0.09121907016511395,0.022436545344926256,1.8475788446264608e-22,6.555364491733868e-13,8.841968639169893e-22,2.7578320876319853,0
8.283641195597799,0.45820957107043925,0.079806408929608,0.02097813458509794,0.033353396406567024,0.023163044833913918,0.15881434825076265,0.04838526837974238,0.032959923260064174,0.09131479031187048,0.0224256749072092,1.8475788446264608e-22,6.555364491733868e-13,8.841968639169893e-22,2.7578320876319853,0
8.288880690345174,0.45806594466543926,0.07984534046601471,0.02101218776869051,0.03335061385333378,0.023175250503864032,0.15899110711531578,0.04830305680729825,0.032934790378062496,0.09141051045862708,0.022414804469492133,1.8475788446264608e-22,6.555364491733868e-13,8.841968639169893e-22,2.7578320876319853,0
8.294120185092547,0.4579223182604393,0.0798842720024214,0.021046240952283062,0.03334783130010052,0.023187456173814135,0.15916786597986882,0.04822084523485416,0.03290965749606083,0.09150623060538363,0.02240393403177507,1.8475788446264608e-22,6.555364491733868e-13,8.841968639169893e-22,2.7578320876319853,0
8.29935967983992,0.4577786918554394,0.07992320353882809,0.021080294135875616,0.033345048746867285,0.023199661843764242,0.1593446248444219,0.048138633662410085,0.03288452461405916,0.09160195075214017,0.022393063594058005,1.8475788446264608e-22,6.555364491733868e-13,8.841968639169893e-22,2.7578320876319853,0
8.304599174587294,0.4576350654504395,0.0799621350752348,0.021114347319468173,0.03334226619363404,0.023211867513714353,0.159521383708975,0.04805642208996601,0.0328593917320575,0.09169767089889672,0.022382193156340942,1.8475788446264608e-22,6.555364491733868e-13,8.841968639169893e-22,2.7578320876319853,0
8.309838669334669,0.45749143904543954,0.0800010666116415,0.021148400503060737,0.0333394836404008,0.02322407318366447,0.15969814257352816,0.047974210517521876,0.03283425885005582,0.09179339104565332,0.022371322718623878,1.8475788446264608e-22,6.555364491733868e-13,8.841968639169893e-22,2.7578320876319853,0
8.315078164082042,0.45734781264043955,0.08003999814804819,0.02118245368665329,0.033336701087167554,0.02323627885361458,0.15987490143808125,0.0478919989450778,0.03280912596805416,0.09188911119240985,0.022360452280906815,1.8475788446264608e-22,6.555364491733868e-13,8.841968639169893e-22,2.7578320876319853,0
8.320317658829415,0.45720418623543974,0.08007892968445487,0.02121650687024585,0.033333918533934304,0.023248484523564688,0.16005166030263435,0.04780978737263371,0.03278399308605249,0.0919848313391664,0.022349581843189754,1.8475788446264608e-22,6.555364491733868e-13,8.841968639169893e-22,2.7578320876319853,0
8.325557153576788,0.457110831553497,0.0801148476430341,0.021243604107087106,0.033329255522396385,0.02325793620282802,0.16012678917908246,0.04772895373106449,0.032749060070394,0.0920700362019267,0.02234113837740534,1.8475788446264608e-22,6.555364491733868e-13,8.841968639169893e-22,2.7578320876319853,0
8.330796648324162,0.4570283588603869,0.08015011327226652,0.021269195635942574,0.03332418546043277,0.023266791743863424,0.1601799188812762,0.047648418361117585,0.03271200568434029,0.09215296489040731,0.022333220262252682,1.8475788446264608e-22,6.555364491733868e-13,8.841968639169893e-22,2.7578320876319853,0
8.336036143071537,0.45694588616727655,0.08018537890149895,0.021294787164798046,0.03331911539846915,0.023275647284898834,0.16023304858346996,0.04756788299117065,0.03267495129828656,0.09223589357888792,0.022325302147100025,1.8475788446264608e-22,6.555364491733868e-13,8.841968639169893e-22,2.7578320876319853,0
8.34127563781891,0.4568634134741665,0.08022064453073137,0.021320378693653518,0.033314045336505525,0.023284502825934236,0.1602861782856637,0.04748734762122374,0.03263789691223285,0.09231882226736855,0.022317384031947368,1.8475788446264608e-22,6.555364491733868e-13,8.841968639169893e-22,2.7578320876319853,0
8.346515132566283,0.4567809407810563,0.08025591015996379,0.02134597022250898,0.03330897527454191,0.023293358366969642,0.16033930798785742,0.047406812251276825,0.03260084252617913,0.09240175095584917,0.022309465916794717,1.8475788446264608e-22,6.555364491733868e-13,8.841968639169893e-22,2.7578320876319853,0
8.351754627313657,0.4566984680879461,0.08029117578919621,0.021371561751364444,0.03330390521257828,0.02330221390800505,0.16039243769005115,0.04732627688132992,0.03256378814012542,0.09248467964432977,0.022301547801642056,1.8475788446264608e-22,6.555364491733868e-13,8.841968639169893e-22,2.7578320876319853,0
8.356994122061032,0.4566159953948358,0.08032644141842864,0.021397153280219915,0.033298835150614665,0.023311069449040454,0.16044556739224491,0.04724574151138298,0.032526733754071696,0.09256760833281041,0.022293629686489395,1.8475788446264608e-22,6.555364491733868e-13,8.841968639169893e-22,2.7578320876319853,0
8.362233616808405,0.4565335227017257,0.08036170704766105,0.021422744809075384,0.03329376508865104,0.023319924990075857,0.16049869709443865,0.047165206141436065,0.032489679368017985,0.09265053702129102,0.022285711571336745,1.8475788446264608e-22,6.555364491733868e-13,8.841968639169893e-22,2.7578320876319853,0
8.367473111555778,0.4564510500086155,0.08039697267689347,0.02144833633793085,0.03328869502668742,0.023328780531111263,0.1605518267966324,0.047084670771489166,0.03245262498196428,0.09273346570977163,0.022277793456184088,1.8475788446264608e-22,6.555364491733868e-13,8.841968639169893e-22,2.7578320876319853,0
8.372712606303152,0.45636857731550523,0.08043223830612589,0.021473927866786313,0.0332836249647238,0.023337636072146666,0.1606049564988261,0.047004135401542246,0.03241557059591057,0.09281639439825225,0.02226987534103143,1.8475788446264608e-22,6.555364491733868e-13,8.841968639169893e-22,2.7578320876319853,0
8.377952101050525,0.45630818838626236,0.08048609812079333,0.021497130495583956,0.033281043840961276,0.02334312648451904,0.16069384571376483,0.0469188013759568,0.032385111968814946,0.09290939925826044,0.02225994943683366,1.8475788446264608e-22,6.555364491733868e-13,8.841968639169893e-22,2.7578320876319853,0
8.3831915957979,0.4562532513862241,0.08054454837499002,0.021519743364679836,0.03327907717381714,0.02334778613075273,0.1607915630584124,0.04683228268226055,0.032356281669712106,0.09300489167311451,0.022249527859715377,1.8475788446264608e-22,6.555364491733868e-13,8.841968639169893e-22,2.7578320876319853,0
8.388431090545273,0.45619831438618574,0.08060299862918671,0.021542356233775702,0.033277110506673,0.02335244577698642,0.16088928040306,0.046745763988564344,0.032327451370609266,0.09310038408796859,0.022239106282597093,1.8475788446264608e-22,6.555364491733868e-13,8.841968639169893e-22,2.7578320876319853,0
8.393670585292647,0.4561433773861476,0.08066144888338339,0.02156496910287157,0.03327514383952887,0.023357105423220104,0.16098699774770758,0.046659245294868125,0.03229862107150643,0.09319587650282263,0.022228684705478813,1.8475788446264608e-22,6.555364491733868e-13,8.841968639169893e-22,2.7578320876319853,0
8.39891008004002,0.4560884403861094,0.08071989913758008,0.02158758197196744,0.03327317717238473,0.023361765069453786,0.16108471509235514,0.04657272660117191,0.0322697907724036,0.09329136891767668,0.022218263128360533,1.8475788446264608e-22,6.555364491733868e-13,8.841968639169893e-22,2.7578320876319853,0
8.404149574787395,0.4560335033860711,0.08077834939177678,0.021610194841063312,0.033271210505240595,0.02336642471568748,0.16118243243700275,0.046486207907475666,0.03224096047330076,0.09338686133253078,0.022207841551242245,1.8475788446264608e-22,6.555364491733868e-13,8.841968639169893e-22,2.7578320876319853,0
8.409389069534768,0.45597856638603285,0.08083679964597346,0.021632807710159185,0.03326924383809646,0.023371084361921167,0.1612801497816503,0.04639968921377944,0.03221213017419792,0.09348235374738481,0.02219741997412396,1.8475788446264608e-22,6.555364491733868e-13,8.841968639169893e-22,2.7578320876319853,0
8.414628564282141,0.45592362938599457,0.08089524990017015,0.021655420579255052,0.03326727717095233,0.023375744008154856,0.1613778671262979,0.04631317052008323,0.03218329987509508,0.09357784616223887,0.02218699839700568,1.8475788446264608e-22,6.555364491733868e-13,8.841968639169893e-22,2.7578320876319853,0
8.419868059029515,0.4558686923859563,0.08095370015436683,0.02167803344835092,0.033265310503808196,0.023380403654388544,0.16147558447094548,0.046226651826387015,0.032154469575992245,0.09367333857709294,0.0221765768198874,1.8475788446264608e-22,6.555364491733868e-13,8.841968639169893e-22,2.7578320876319853,0
8.42510755377689,0.455813755385918,0.08101215040856354,0.0217006463174468,0.03326334383666406,0.023385063300622233,0.1615733018155931,0.04614013313269077,0.03212563927688939,0.09376883099194702,0.022166155242769117,1.8475788446264608e-22,6.555364491733868e-13,8.841968639169893e-22,2.7578320876319853,0
8.430347048524263,0.4558030881495671,0.08107823591162533,0.021724404953192857,0.033254105670476375,0.023387697446251642,0.16168169910905125,0.04607469719264869,0.03210060414512398,0.09389051347595984,0.022149864935144294,1.8475788446264608e-22,6.555364491733868e-13,8.841968639169893e-22,2.7578320876319853,0
8.435586543271636,0.4558047653665519,0.08114645047446682,0.021748483081562534,0.03324283987474772,0.023389766788827936,0.16179307446515848,0.046015140097375555,0.03207662728117378,0.09401949896002654,0.022131938154589765,1.8475788446264608e-22,6.555364491733868e-13,8.841968639169893e-22,2.7578320876319853,0
8.44082603801901,0.45580644258353675,0.08121466503730831,0.021772561209932203,0.033231574079019055,0.023391836131404234,0.16190444982126576,0.04595558300210241,0.0320526504172236,0.09414848444409324,0.022114011374035247,1.8475788446264608e-22,6.555364491733868e-13,8.841968639169893e-22,2.7578320876319853,0
8.446065532766383,0.4558081198005217,0.0812828796001498,0.02179663933830188,0.0332203082832904,0.023393905473980528,0.162015825177373,0.04589602590682927,0.03202867355327341,0.09427746992815994,0.02209608459348071,1.8475788446264608e-22,6.555364491733868e-13,8.841968639169893e-22,2.7578320876319853,0
8.451305027513758,0.45580979701750657,0.0813510941629913,0.02182071746667156,0.03320904248756174,0.023395974816556822,0.16212720053348031,0.0458364688115561,0.03200469668932321,0.0944064554122267,0.022078157812926182,1.8475788446264608e-22,6.555364491733868e-13,8.841968639169893e-22,2.7578320876319853,0
8.456544522261131,0.4558114742344915,0.08141930872583278,0.021844795595041232,0.033197776691833075,0.02339804415913312,0.16223857588958754,0.04577691171628296,0.031980719825373025,0.09453544089629339,0.022060231032371657,1.8475788446264608e-22,6.555364491733868e-13,8.841968639169893e-22,2.7578320876319853,0
8.461784017008505,0.4558131514514764,0.08148752328867427,0.021868873723410905,0.033186510896104415,0.023400113501709414,0.16234995124569482,0.045717354621009815,0.031956742961422833,0.09466442638036009,0.022042304251817125,1.8475788446264608e-22,6.555364491733868e-13,8.841968639169893e-22,2.7578320876319853,0
8.467023511755878,0.4558148286684613,0.08155573785151575,0.021892951851780577,0.03317524510037575,0.02340218284428571,0.16246132660180207,0.045657797525736676,0.03193276609747265,0.09479341186442679,0.0220243774712626,1.8475788446264608e-22,6.555364491733868e-13,8.841968639169893e-22,2.7578320876319853,0
8.472263006503253,0.4558165058854461,0.08162395241435726,0.021917029980150257,0.03316397930464709,0.023404252186862005,0.16257270195790938,0.04559824043046351,0.03190878923352246,0.09492239734849355,0.022006450690708064,1.8475788446264608e-22,6.555364491733868e-13,8.841968639169893e-22,2.7578320876319853,0
8.477502501250626,0.45581818310243094,0.08169216697719874,0.021941108108519933,0.03315271350891843,0.023406321529438303,0.16268407731401666,0.045538683335190365,0.03188481236957226,0.09505138283256025,0.02198852391015354,1.8475788446264608e-22,6.555364491733868e-13,8.841968639169893e-22,2.7578320876319853,0
8.482741995998,0.45582532814435006,0.08175177763512113,0.021958973025837724,0.033135931988175285,0.02340482588345329,0.16282773910575857,0.04546948149962664,0.031854306554644926,0.09518649916996219,0.021971440956953577,1.8475788446264608e-22,6.555364491733868e-13,8.841968639169893e-22,2.7578320876319853,0
8.487981490745373,0.4558341818815609,0.08180869957275631,0.021974896314701817,0.03311742680336513,0.023402216178542865,0.16298149040863638,0.045397265682722086,0.03182176044253721,0.09532353139903141,0.02195462169980192,1.8475788446264608e-22,6.555364491733868e-13,8.841968639169893e-22,2.7578320876319853,0
8.493220985492746,0.4558430356187718,0.08186562151039149,0.021990819603565904,0.03309892161855496,0.023399606473632446,0.1631352417115142,0.04532504986581754,0.03178921433042952,0.09546056362810061,0.02193780244265026,1.8475788446264608e-22,6.555364491733868e-13,8.841968639169893e-22,2.7578320876319853,0
8.498460480240121,0.4558518893559827,0.08192254344802669,0.022006742892429997,0.0330804164337448,0.023396996768722023,0.16328899301439206,0.04525283404891298,0.03175666821832181,0.09559759585716986,0.021920983185498594,1.8475788446264608e-22,6.555364491733868e-13,8.841968639169893e-22,2.7578320876319853,0
8.503699974987494,0.45586074309319363,0.08197946538566186,0.022022666181294084,0.03306191124893463,0.023394387063811604,0.16344274431726988,0.04518061823200844,0.03172412210621411,0.09573462808623905,0.021904163928346935,1.8475788446264608e-22,6.555364491733868e-13,8.841968639169893e-22,2.7578320876319853,0
8.508939469734868,0.45586959683040457,0.08203638732329704,0.02203858947015817,0.033043406064124474,0.02339177735890119,0.1635964956201477,0.0451084024151039,0.03169157599410641,0.09587166031530828,0.021887344671195273,1.8475788446264608e-22,6.555364491733868e-13,8.841968639169893e-22,2.7578320876319853,0
8.514178964482241,0.45587845056761556,0.08209330926093222,0.022054512759022264,0.033024900879314305,0.02338916765399076,0.16375024692302548,0.04503618659819936,0.0316590298819987,0.09600869254437747,0.021870525414043617,1.8475788446264608e-22,6.555364491733868e-13,8.841968639169893e-22,2.7578320876319853,0
8.519418459229616,0.4558873043048265,0.08215023119856742,0.022070436047886353,0.03300639569450414,0.023386557949080337,0.16390399822590335,0.04496397078129478,0.031626483769890995,0.09614572477344671,0.02185370615689195,1.8475788446264608e-22,6.555364491733868e-13,8.841968639169893e-22,2.7578320876319853,0
8.52465795397699,0.4558961580420374,0.0822071531362026,0.02208635933675044,0.03298789050969397,0.02338394824416992,0.16405774952878116,0.04489175496439024,0.0315939376577833,0.0962827570025159,0.021836886899740292,1.8475788446264608e-22,6.555364491733868e-13,8.841968639169893e-22,2.7578320876319853,0
8.529897448724363,0.4559050117792484,0.08226407507383778,0.022102282625614523,0.03296938532488382,0.023381338539259496,0.16421150083165895,0.044819539147485696,0.031561391545675596,0.0964197892315851,0.02182006764258863,1.8475788446264608e-22,6.555364491733868e-13,8.841968639169893e-22,2.7578320876319853,0
8.535136943471736,0.45589708476228874,0.08233876108069722,0.022119724128842784,0.032944190252301594,0.023372901145532494,0.16432674387121118,0.044753159851146966,0.03152990431449794,0.09654347601469733,0.02179393915220268,1.8475788446264608e-22,6.555364491733868e-13,8.841968639169893e-22,2.7578320876319853,0
8.540376438219111,0.4558833184964118,0.08241962850353675,0.02213769392963695,0.03291666727958248,0.023362435873602424,0.16442858707589003,0.044688811506221324,0.03149878554526553,0.09666251894330423,0.02176457130025208,1.8475788446264608e-22,6.555364491733868e-13,8.841968639169893e-22,2.7578320876319853,0
8.545615932966484,0.4558695522305347,0.08250049592637625,0.022155663730431114,0.03288914430686337,0.023351970601672357,0.16453043028056896,0.044624463161295695,0.03146766677603313,0.09678156187191113,0.02173520344830149,1.8475788446264608e-22,6.555364491733868e-13,8.841968639169893e-22,2.7578320876319853,0
8.550855427713858,0.4558557859646578,0.08258136334921576,0.02217363353122527,0.032861621334144255,0.023341505329742288,0.1646322734852478,0.04456011481637005,0.03143654800680072,0.09690060480051799,0.02170583559635091,1.8475788446264608e-22,6.555364491733868e-13,8.841968639169893e-22,2.7578320876319853,0
8.55609492246123,0.45584201969878063,0.08266223077205526,0.022191603332019433,0.032834098361425146,0.023331040057812225,0.16473411668992666,0.044495766471444424,0.031405429237568325,0.09701964772912489,0.021676467744400317,1.8475788446264608e-22,6.555364491733868e-13,8.841968639169893e-22,2.7578320876319853,0
8.561334417208604,0.4558282534329037,0.08274309819489477,0.022209573132813593,0.03280657538870604,0.02332057478588215,0.1648359598946055,0.04443141812651879,0.03137431046833592,0.09713869065773176,0.02164709989244972,1.8475788446264608e-22,6.555364491733868e-13,8.841968639169893e-22,2.7578320876319853,0
8.56657391195598,0.4558144871670267,0.0828239656177343,0.02222754293360776,0.032779052415986915,0.02331010951395208,0.1649378030992844,0.04436706978159314,0.03134319169910351,0.09725773358633868,0.02161773204049913,1.8475788446264608e-22,6.555364491733868e-13,8.841968639169893e-22,2.7578320876319853,0
8.571813406703352,0.45580072090114965,0.0829048330405738,0.022245512734401923,0.032751529443267806,0.02329964424202202,0.16503964630396326,0.04430272143666751,0.03131207292987111,0.09737677651494557,0.021588364188548537,1.8475788446264608e-22,6.555364491733868e-13,8.841968639169893e-22,2.7578320876319853,0
8.577052901450726,0.45578695463527263,0.0829857004634133,0.022263482535196086,0.03272400647054869,0.02328917897009195,0.1651414895086421,0.04423837309174188,0.0312809541606387,0.09749581944355244,0.02155899633659795,1.8475788446264608e-22,6.555364491733868e-13,8.841968639169893e-22,2.7578320876319853,0
8.582292396198099,0.4557731883693956,0.08306656788625282,0.02228145233599025,0.03269648349782959,0.023278713698161882,0.16524333271332095,0.04417402474681625,0.031249835391406307,0.09761486237215936,0.021529628484647362,1.8475788446264608e-22,6.555364491733868e-13,8.841968639169893e-22,2.7578320876319853,0
8.587531890945474,0.45578002098992804,0.08315697017416784,0.0222921138492844,0.032662857907075765,0.023268350449546654,0.16530081467841626,0.04410206477719876,0.031217915211959726,0.09771343216403446,0.021504329876874086,1.8475788446264608e-22,6.555364491733868e-13,8.841968639169893e-22,2.7578320876319853,0
8.592771385692847,0.4557947927645974,0.08325104735799736,0.02229995862677126,0.032626880265621085,0.02325802652241736,0.16534119908242206,0.044027171160564676,0.031185686155659795,0.09780411126779413,0.02148059962362751,1.8475788446264608e-22,6.555364491733868e-13,8.841968639169893e-22,2.7578320876319853,0
8.59801088044022,0.4558095645392667,0.08334512454182688,0.022307803404258118,0.03259090262416641,0.023247702595288067,0.16538158348642787,0.04395227754393059,0.031153457099359853,0.09789479037155384,0.021456869370380927,1.8475788446264608e-22,6.555364491733868e-13,8.841968639169893e-22,2.7578320876319853,0
8.603250375187594,0.4558243363139361,0.0834392017256564,0.022315648181744974,0.032554924982711717,0.02323737866815877,0.16542196789043367,0.043877383927296496,0.03112122804305991,0.09798546947531353,0.021433139117134348,1.8475788446264608e-22,6.555364491733868e-13,8.841968639169893e-22,2.7578320876319853,0
8.608489869934967,0.4558391080886054,0.08353327890948592,0.02232349295923183,0.03251894734125704,0.023227054741029478,0.16546235229443954,0.043802490310662405,0.03108899898675997,0.09807614857907321,0.021409408863887765,1.8475788446264608e-22,6.555364491733868e-13,8.841968639169893e-22,2.7578320876319853,0
8.613729364682342,0.45585387986327475,0.08362735609331548,0.022331337736718693,0.03248296969980234,0.02321673081390018,0.16550273669844534,0.043727596694028294,0.03105676993046003,0.09816682768283296,0.021385678610641175,1.8475788446264608e-22,6.555364491733868e-13,8.841968639169893e-22,2.7578320876319853,0
8.618968859429716,0.4558686516379441,0.08372143327714499,0.02233918251420555,0.03244699205834767,0.023206406886770885,0.16554312110245115,0.04365270307739419,0.03102454087416008,0.09825750678659266,0.0213619483573946,1.8475788446264608e-22,6.555364491733868e-13,8.841968639169893e-22,2.7578320876319853,0
8.624208354177089,0.4558834234126134,0.08381551046097452,0.022347027291692405,0.03241101441689297,0.02319608295964159,0.16558350550645695,0.0435778094607601,0.03099231181786014,0.09834818589035232,0.021338218104148012,1.8475788446264608e-22,6.555364491733868e-13,8.841968639169893e-22,2.7578320876319853,0
8.629447848924462,0.4558981951872828,0.08390958764480404,0.02235487206917926,0.03237503677543831,0.0231857590325123,0.16562388991046278,0.043502915844126,0.030960082761560197,0.09843886499411207,0.021314487850901433,1.8475788446264608e-22,6.555364491733868e-13,8.841968639169893e-22,2.7578320876319853,0
8.634687343671837,0.4559129669619522,0.08400366482863358,0.022362716846666124,0.032339059133983605,0.023175435105383,0.16566427431446853,0.04342802222749189,0.03092785370526025,0.09852954409787178,0.02129075759765484,1.8475788446264608e-22,6.555364491733868e-13,8.841968639169893e-22,2.7578320876319853,0
8.63992683841921,0.4560133835077871,0.08412242619365731,0.022370924722609733,0.032311229023734615,0.02315971886772012,0.16566883661488796,0.0433778898054067,0.030895156945804993,0.09860456841993939,0.02126347379319102,1.8475788446264608e-22,6.555364491733868e-13,8.841968639169893e-22,2.7578320876319853,0
8.645166333166584,0.4561501990813675,0.08425167833568857,0.02237928691539746,0.03228686161424803,0.023141710898080477,0.1656581745212831,0.04333828089100479,0.030862261412508724,0.0986729394597879,0.021234679729459874,1.8475788446264608e-22,6.555364491733868e-13,8.841968639169893e-22,2.7578320876319853,0
8.650405827913957,0.4562870146549477,0.08438093047771983,0.022387649108185186,0.03226249420476144,0.023123702928440824,0.16564751242767825,0.043298671976602886,0.030829365879212447,0.0987413104996364,0.021205885665728733,1.8475788446264608e-22,6.555364491733868e-13,8.841968639169893e-22,2.7578320876319853,0
8.65564532266133,0.45642383022852817,0.08451018261975109,0.022396011300972917,0.032238126795274866,0.023105694958801177,0.16563685033407344,0.04325906306220097,0.03079647034591619,0.0988096815394849,0.021177091601997582,1.8475788446264608e-22,6.555364491733868e-13,8.841968639169893e-22,2.7578320876319853,0
8.660884817408705,0.4565606458021084,0.08463943476178236,0.02240437349376065,0.03221375938578827,0.023087686989161523,0.1656261882404686,0.04321945414779904,0.03076357481261991,0.09887805257933345,0.021148297538266428,1.8475788446264608e-22,6.555364491733868e-13,8.841968639169893e-22,2.7578320876319853,0
8.666124312156079,0.45669746137568873,0.08476868690381362,0.022412735686548377,0.03218939197630168,0.023069679019521873,0.16561552614686373,0.04317984523339713,0.03073067927932364,0.09894642361918192,0.021119503474535284,1.8475788446264608e-22,6.555364491733868e-13,8.841968639169893e-22,2.7578320876319853,0
8.671363806903452,0.4568342769492692,0.08489793904584486,0.022421097879336105,0.0321650245668151,0.023051671049882226,0.16560486405325892,0.04314023631899522,0.030697783746027378,0.09901479465903046,0.021090709410804136,1.8475788446264608e-22,6.555364491733868e-13,8.841968639169893e-22,2.7578320876319853,0
8.676603301650825,0.45697109252284934,0.08502719118787613,0.022429460072123836,0.03214065715732852,0.023033663080242572,0.1655942019596541,0.0431006274045933,0.03066488821273111,0.09908316569887894,0.02106191534707299,1.8475788446264608e-22,6.555364491733868e-13,8.841968639169893e-22,2.7578320876319853,0
8.6818427963982,0.45710790809642976,0.08515644332990742,0.022437822264911565,0.03211628974784192,0.023015655110602915,0.16558353986604923,0.043061018490191366,0.030631992679434828,0.09915153673872742,0.021033121283341834,1.8475788446264608e-22,6.555364491733868e-13,8.841968639169893e-22,2.7578320876319853,0
8.687082291145574,0.45724472367001023,0.08528569547193869,0.022446184457699296,0.03209192233835534,0.022997647140963275,0.16557287777244434,0.04302140957578947,0.030599097146138565,0.09921990777857596,0.021004327219610687,1.8475788446264608e-22,6.555364491733868e-13,8.841968639169893e-22,2.7578320876319853,0
8.692321785892947,0.45735260604287203,0.0854109926298176,0.022448636962030196,0.03205964716648333,0.022978506009168936,0.16553659065981033,0.04298098129999582,0.030565231225186774,0.0993045663927112,0.020975124059118572,1.8475788446264608e-22,6.555364491733868e-13,8.841968639169893e-22,2.7578320876319853,0
8.69756128064032,0.4574469791639279,0.08553444315906662,0.022448330163294856,0.03202367976732108,0.022958835790633257,0.16548833892432077,0.04294017045472886,0.03053091221882229,0.09939682986689938,0.02094572988653585,1.8475788446264608e-22,6.555364491733868e-13,8.841968639169893e-22,2.7578320876319853,0
8.702800775387695,0.45754135228498377,0.08565789368831565,0.02244802336455952,0.03198771236815881,0.022939165572097568,0.16544008718883116,0.042899359609461875,0.030496593212457804,0.09948909334108763,0.020916335713953127,1.8475788446264608e-22,6.555364491733868e-13,8.841968639169893e-22,2.7578320876319853,0
8.708040270135069,0.45763572540603953,0.08578134421756466,0.022447716565824182,0.03195174496899656,0.022919495353561886,0.16539183545334157,0.0428585487641949,0.03046227420609332,0.09958135681527586,0.020886941541370396,1.8475788446264608e-22,6.555364491733868e-13,8.841968639169893e-22,2.7578320876319853,0
8.713279764882442,0.45773009852709534,0.08590479474681365,0.022447409767088842,0.03191577756983431,0.022899825135026208,0.165343583717852,0.04281773791892793,0.030427955199728837,0.09967362028946404,0.020857547368787678,1.8475788446264608e-22,6.555364491733868e-13,8.841968639169893e-22,2.7578320876319853,0
8.718519259629815,0.4578244716481512,0.08602824527606265,0.022447102968353505,0.031879810170672054,0.022880154916490526,0.16529533198236238,0.04277692707366096,0.030393636193364357,0.09976588376365225,0.020828153196204964,1.8475788446264608e-22,6.555364491733868e-13,8.841968639169893e-22,2.7578320876319853,0
8.723758754377188,0.45791884476920697,0.08615169580531165,0.022446796169618165,0.0318438427715098,0.022860484697954844,0.1652470802468728,0.04273611622839398,0.030359317186999888,0.09985814723784048,0.020798759023622233,1.8475788446264608e-22,6.555364491733868e-13,8.841968639169893e-22,2.7578320876319853,0
8.728998249124563,0.45801321789026284,0.0862751463345607,0.02244648937088283,0.031807875372347534,0.022840814479419158,0.16519882851138315,0.042695305383127,0.030324998180635398,0.09995041071202872,0.020769364851039508,1.8475788446264608e-22,6.555364491733868e-13,8.841968639169893e-22,2.7578320876319853,0
8.734237743871937,0.4581075910113186,0.08639859686380971,0.022446182572147495,0.03177190797318528,0.02282114426088348,0.1651505767758936,0.04265449453786003,0.030290679174270918,0.10004267418621689,0.020739970678456787,1.8475788446264608e-22,6.555364491733868e-13,8.841968639169893e-22,2.7578320876319853,0
8.73947723861931,0.4582019641323745,0.08652204739305869,0.022445875773412154,0.03173594057402303,0.022801474042347798,0.16510232504040404,0.04261368369259306,0.030256360167906435,0.10013493766040514,0.020710576505874066,1.8475788446264608e-22,6.555364491733868e-13,8.841968639169893e-22,2.7578320876319853,0
8.744716733366683,0.45836175372478066,0.08663122994866448,0.02244728604936368,0.03169679845238692,0.022778390810718013,0.16514647039950137,0.04257012841994617,0.03021872671402982,0.10023634862651652,0.02068184945513946,1.8475788446264608e-22,6.555364491733868e-13,8.841968639169893e-22,2.7578320876319853,0
8.749956228114058,0.45855499492185486,0.08673311638138456,0.022449574374870985,0.03165603289312211,0.022753562288301464,0.16523786427287623,0.04252516974693453,0.03017939837222084,0.10034243728736139,0.02065346354625899,1.8475788446264608e-22,6.555364491733868e-13,8.841968639169893e-22,2.7578320876319853,0
8.755195722861432,0.45874823611892884,0.08683500281410463,0.02245186270037829,0.03161526733385732,0.02272873376588492,0.16532925814625105,0.042480211073922906,0.03014007003041188,0.10044852594820625,0.020625077637378527,1.8475788446264608e-22,6.555364491733868e-13,8.841968639169893e-22,2.7578320876319853,0
8.760435217608805,0.4589414773160031,0.08693688924682468,0.022454151025885594,0.03157450177459253,0.022703905243468374,0.16542065201962589,0.04243525240091129,0.03010074168860291,0.10055461460905109,0.020596691728498068,1.8475788446264608e-22,6.555364491733868e-13,8.841968639169893e-22,2.7578320876319853,0
8.765674712356178,0.4591347185130771,0.08703877567954474,0.0224564393513929,0.03153373621532773,0.02267907672105183,0.1655120458930007,0.04239029372789966,0.03006141334679395,0.10066070326989594,0.02056830581961761,1.8475788446264608e-22,6.555364491733868e-13,8.841968639169893e-22,2.7578320876319853,0
8.770914207103552,0.45932795971015117,0.08714066211226479,0.022458727676900204,0.03149297065606294,0.022654248198635287,0.16560343976637548,0.04234533505488804,0.030022085004984995,0.10076679193074077,0.02053991991073715,1.8475788446264608e-22,6.555364491733868e-13,8.841968639169893e-22,2.7578320876319853,0
8.776153701850927,0.45952120090722526,0.08724254854498485,0.022461016002407505,0.031452205096798136,0.022629419676218735,0.16569483363975035,0.0423003763818764,0.02998275666317601,0.10087288059158565,0.02051153400185668,1.8475788446264608e-22,6.555364491733868e-13,8.841968639169893e-22,2.7578320876319853,0
8.7813931965983,0.4597144421042993,0.08734443497770492,0.022463304327914813,0.031411439537533344,0.02260459115380219,0.1657862275131252,0.042255417708864776,0.029943428321367045,0.1009789692524305,0.02048314809297622,1.8475788446264608e-22,6.555364491733868e-13,8.841968639169893e-22,2.7578320876319853,0
8.786632691345673,0.4599076833013735,0.08744632141042497,0.02246559265342212,0.03137067397826855,0.022579762631385645,0.16587762138649997,0.04221045903585316,0.029904099979558084,0.10108505791327535,0.02045476218409576,1.8475788446264608e-22,6.555364491733868e-13,8.841968639169893e-22,2.7578320876319853,0
8.791872186093046,0.46010092449844747,0.087548207843145,0.022467880978929426,0.03132990841900376,0.022554934108969103,0.16596901525987479,0.042165500362841536,0.029864771637749123,0.1011911465741202,0.020426376275215298,1.8475788446264608e-22,6.555364491733868e-13,8.841968639169893e-22,2.7578320876319853,0
8.797111680840421,0.460295955164668,0.08765834637907435,0.02246581723585405,0.031294255786833425,0.02252716730799366,0.1660553677819152,0.04213575350238522,0.029827267618010554,0.10129392080599281,0.02039085402597215,1.8475788446264608e-22,6.555364491733868e-13,8.841968639169893e-22,2.7578320876319853,0
8.802351175587795,0.46049198541716946,0.08777309448828065,0.022461322454468826,0.031261459203782274,0.02249775920297947,0.1661389042366086,0.04211450386534848,0.029790782653178517,0.1013948436185567,0.020351345461604563,1.8475788446264608e-22,6.555364491733868e-13,8.841968639169893e-22,2.7578320876319853,0
8.807590670335168,0.46068801566967094,0.08788784259748697,0.022456827673083598,0.031228662620731134,0.022468351097965283,0.166222440691302,0.04209325422831173,0.029754297688346486,0.10149576643112057,0.020311836897236972,1.8475788446264608e-22,6.555364491733868e-13,8.841968639169893e-22,2.7578320876319853,0
8.812830165082541,0.46088404592217225,0.08800259070669328,0.02245233289169838,0.031195866037679987,0.02243894299295109,0.16630597714599535,0.042072004591274983,0.029717812723514446,0.10159668924368447,0.02027232833286938,1.8475788446264608e-22,6.555364491733868e-13,8.841968639169893e-22,2.7578320876319853,0
8.818069659829915,0.4610800761746737,0.08811733881589962,0.022447838110313145,0.031163069454628836,0.0224095348879369,0.16638951360068874,0.04205075495423824,0.02968132775868241,0.10169761205624835,0.020232819768501793,1.8475788446264608e-22,6.555364491733868e-13,8.841968639169893e-22,2.7578320876319853,0
8.82330915457729,0.46127610642717526,0.08823208692510595,0.022443343328927928,0.031130272871577675,0.022380126782922703,0.1664730500553821,0.04202950531720149,0.029644842793850358,0.10179853486881225,0.020193311204134184,1.8475788446264608e-22,6.555364491733868e-13,8.841968639169893e-22,2.7578320876319853,0
8.828548649324663,0.4614721366796766,0.08834683503431227,0.022438848547542703,0.031097476288526524,0.022350718677908513,0.16655658651007552,0.04200825568016474,0.029608357829018325,0.10189945768137618,0.0201538026397666,1.8475788446264608e-22,6.555364491733868e-13,8.841968639169893e-22,2.7578320876319853,0
8.833788144072036,0.461668166932178,0.08846158314351858,0.022434353766157475,0.031064679705475374,0.022321310572894323,0.1666401229647689,0.041987006043127995,0.029571872864186288,0.10200038049394003,0.020114294075399008,1.8475788446264608e-22,6.555364491733868e-13,8.841968639169893e-22,2.7578320876319853,0
8.83902763881941,0.4618641971846795,0.08857633125272489,0.02242985898477225,0.031031883122424234,0.02229190246788013,0.1667236594194623,0.041965756406091244,0.029535387899354257,0.10210130330650392,0.02007478551103142,1.8475788446264608e-22,6.555364491733868e-13,8.841968639169893e-22,2.7578320876319853,0
8.844267133566785,0.46206022743718095,0.08869107936193124,0.02242536420338703,0.03099908653937307,0.022262494362865932,0.16680719587415566,0.0419445067690545,0.029498902934522214,0.10220222611906783,0.020035276946663814,1.8475788446264608e-22,6.555364491733868e-13,8.841968639169893e-22,2.7578320876319853,0
8.849506628314158,0.46225065235551877,0.08880975542224342,0.0224163109044912,0.030969372495408282,0.022233755190094715,0.166871112331128,0.041931264993060345,0.02946202904476266,0.10227494711520223,0.020004186070861886,1.8475788446264608e-22,6.555364491733868e-13,8.841968639169893e-22,2.7578320876319853,0
8.854746123061531,0.4624376643486198,0.08893082309794663,0.022404482056627227,0.0309415353200001,0.022205423310745626,0.16692308274110088,0.04192289897116874,0.029424918349906116,0.10233049684407518,0.019978220481243064,1.8475788446264608e-22,6.555364491733868e-13,8.841968639169893e-22,2.7578320876319853,0
8.859985617808904,0.4626246763417209,0.08905189077364983,0.022392653208763255,0.030913698144591925,0.022177091431396546,0.16697505315107364,0.04191453294927714,0.02938780765504958,0.10238604657294811,0.019952254891624246,1.8475788446264608e-22,6.555364491733868e-13,8.841968639169893e-22,2.7578320876319853,0
8.86522511255628,0.46281168833482195,0.08917295844935309,0.02238082436089928,0.030885860969183738,0.02214875955204745,0.16702702356104654,0.04190616692738553,0.02935069696019302,0.10244159630182108,0.01992628930200542,1.8475788446264608e-22,6.555364491733868e-13,8.841968639169893e-22,2.7578320876319853,0
8.870464607303653,0.462998700327923,0.08929402612505631,0.02236899551303531,0.03085802379377555,0.022120427672698367,0.16707899397101933,0.04189780090549392,0.02931358626533648,0.10249714603069401,0.01990032371238661,1.8475788446264608e-22,6.555364491733868e-13,8.841968639169893e-22,2.7578320876319853,0
8.875704102051026,0.46318571232102407,0.08941509380075953,0.02235716666517134,0.03083018661836738,0.02209209579334928,0.16713096438099218,0.04188943488360232,0.02927647557047994,0.10255269575956698,0.019874358122767784,1.8475788446264608e-22,6.555364491733868e-13,8.841968639169893e-22,2.7578320876319853,0
8.8809435967984,0.46337272431412513,0.08953616147646272,0.022345337817307367,0.0308023494429592,0.022063763914000195,0.16718293479096505,0.04188106886171072,0.0292393648756234,0.1026082454884399,0.01984839253314897,1.8475788446264608e-22,6.555364491733868e-13,8.841968639169893e-22,2.7578320876319853,0
8.886183091545773,0.4635597363072262,0.08965722915216594,0.0223335089694434,0.030774512267551023,0.02203543203465111,0.16723490520093787,0.04187270283981911,0.029202254180766857,0.10266379521731284,0.01982242694353015,1.8475788446264608e-22,6.555364491733868e-13,8.841968639169893e-22,2.7578320876319853,0
8.891422586293148,0.46374674830032725,0.0897782968278692,0.022321680121579427,0.03074667509214283,0.022007100155302016,0.16728687561091074,0.0418643368179275,0.029165143485910303,0.1027193449461858,0.019796461353911325,1.8475788446264608e-22,6.555364491733868e-13,8.841968639169893e-22,2.7578320876319853,0
8.896662081040521,0.4639337602934283,0.08989936450357243,0.022309851273715448,0.030718837916734652,0.021978768275952933,0.16733884602088356,0.041855970796035896,0.029128032791053762,0.10277489467505874,0.019770495764292507,1.8475788446264608e-22,6.555364491733868e-13,8.841968639169893e-22,2.7578320876319853,0
8.901901575787894,0.4641392107008314,0.09000858719199863,0.022297840634719027,0.030684871332909692,0.02194928292161025,0.1673104451687821,0.04184571944857359,0.029097310781281277,0.1028162373576516,0.01974050803188718,1.8475788446264608e-22,6.555364491733868e-13,8.841968639169893e-22,2.7578320876319853,0
8.907141070535268,0.4643568765577095,0.09010996257635381,0.022285709559097353,0.030646844016008614,0.02191903339008431,0.16722879835555643,0.04183421907292069,0.029070821275376985,0.10284816787208395,0.019707855629885793,1.8475788446264608e-22,6.555364491733868e-13,8.841968639169893e-22,2.7578320876319853,0
8.912380565282643,0.4645745424145877,0.09021133796070901,0.02227357848347567,0.03060881669910753,0.02188878385855836,0.16714715154233073,0.04182271869726779,0.029044331769472683,0.10288009838651631,0.01967520322788439,1.8475788446264608e-22,6.555364491733868e-13,8.841968639169893e-22,2.7578320876319853,0
8.917620060030016,0.46479220827146567,0.0903127133450642,0.022261447407853997,0.030570789382206455,0.021858534327032414,0.16706550472910503,0.04181121832161489,0.029017842263568388,0.10291202890094865,0.019642550825883003,1.8475788446264608e-22,6.555364491733868e-13,8.841968639169893e-22,2.7578320876319853,0
8.92285955477739,0.46500987412834377,0.09041408872941938,0.022249316332232323,0.030532762065305377,0.02182828479550648,0.16698385791587936,0.04179971794596199,0.028991352757664093,0.10294395941538101,0.019609898423881618,1.8475788446264608e-22,6.555364491733868e-13,8.841968639169893e-22,2.7578320876319853,0
8.928099049524763,0.4652275399852218,0.09051546411377456,0.022237185256610646,0.0304947347484043,0.021798035263980536,0.16690221110265369,0.041788217570309094,0.0289648632517598,0.10297588992981334,0.019577246021880226,1.8475788446264608e-22,6.555364491733868e-13,8.841968639169893e-22,2.7578320876319853,0
8.933338544272136,0.4654452058420999,0.09061683949812974,0.02222505418098897,0.030456707431503225,0.021767785732454595,0.16682056428942807,0.04177671719465619,0.02893837374585551,0.10300782044424565,0.019544593619878838,1.8475788446264608e-22,6.555364491733868e-13,8.841968639169893e-22,2.7578320876319853,0
8.93857803901951,0.465662871698978,0.09071821488248497,0.02221292310536729,0.030418680114602133,0.02173753620092864,0.16673891747620234,0.04176521681900329,0.0289118842399512,0.10303975095867804,0.01951194121787744,1.8475788446264608e-22,6.555364491733868e-13,8.841968639169893e-22,2.7578320876319853,0
8.943817533766884,0.4658805375558561,0.09081959026684017,0.022200792029745613,0.03038065279770106,0.0217072866694027,0.1666572706629767,0.041753716443350394,0.02888539473404691,0.1030716814731104,0.01947928881587605,1.8475788446264608e-22,6.555364491733868e-13,8.841968639169893e-22,2.7578320876319853,0
8.949057028514257,0.46609820341273417,0.09092096565119531,0.02218866095412394,0.03034262548079998,0.02167703713787676,0.166575623849751,0.04174221606769749,0.028858905228142617,0.10310361198754273,0.019446636413874663,1.8475788446264608e-22,6.555364491733868e-13,8.841968639169893e-22,2.7578320876319853,0
8.95429652326163,0.46632855984606003,0.09103868093505631,0.02217537851023731,0.03030445584330208,0.021644051813747196,0.1664862301369768,0.04174559026829895,0.0288354103541255,0.10314700965318246,0.019419990870121216,1.8475788446264608e-22,6.555364491733868e-13,8.841968639169893e-22,2.7578320876319853,0
8.959536018009006,0.46656805130639806,0.09116815812933743,0.02216126727971168,0.030266183759512472,0.021609097190631386,0.16639125999219992,0.041759671599221435,0.0288140710987513,0.10319866169059659,0.019397669228641067,1.8475788446264608e-22,6.555364491733868e-13,8.841968639169893e-22,2.7578320876319853,0
8.964775512756379,0.466807542766736,0.09129763532361851,0.02214715604918606,0.03022791167572288,0.02157414256751559,0.1662962898474231,0.04177375293014391,0.028792731843377103,0.10325031372801062,0.019375347587160925,1.8475788446264608e-22,6.555364491733868e-13,8.841968639169893e-22,2.7578320876319853,0
8.970015007503752,0.4670470342270739,0.09142711251789959,0.022133044818660436,0.030189639591933284,0.021539187944399792,0.1662013197026463,0.04178783426106639,0.028771392588002907,0.1033019657654247,0.019353025945680783,1.8475788446264608e-22,6.555364491733868e-13,8.841968639169893e-22,2.7578320876319853,0
8.975254502251126,0.46728652568741175,0.09155658971218067,0.022118933588134812,0.030151367508143692,0.021504233321283997,0.1661063495578694,0.04180191559198887,0.028750053332628714,0.10335361780283878,0.01933070430420064,1.8475788446264608e-22,6.555364491733868e-13,8.841968639169893e-22,2.7578320876319853,0
8.980493996998499,0.46752601714774966,0.09168606690646176,0.02210482235760919,0.030113095424354107,0.021469278698168205,0.1660113794130926,0.04181599692291134,0.028728714077254518,0.10340526984025286,0.0193083826627205,1.8475788446264608e-22,6.555364491733868e-13,8.841968639169893e-22,2.7578320876319853,0
8.985733491745874,0.4677655086080876,0.0918155441007429,0.02209071112708356,0.030074823340564497,0.0214343240750524,0.1659164092683157,0.04183007825383383,0.02870737482188031,0.10345692187766696,0.01928606102124035,1.8475788446264608e-22,6.555364491733868e-13,8.841968639169893e-22,2.7578320876319853,0
8.990972986493247,0.4680050000684256,0.09194502129502397,0.022076599896557938,0.030036551256774905,0.0213993694519366,0.1658214391235389,0.041844159584756305,0.02868603556650612,0.10350857391508102,0.019263739379760208,1.8475788446264608e-22,6.555364491733868e-13,8.841968639169893e-22,2.7578320876319853,0
8.99621248124062,0.46824449152876346,0.09207449848930505,0.022062488666032318,0.029998279172985313,0.021364414828820802,0.16572646897876203,0.04185824091567878,0.028664696311131922,0.1035602259524951,0.019241417738280066,1.8475788446264608e-22,6.555364491733868e-13,8.841968639169893e-22,2.7578320876319853,0
9.001451975987994,0.4684839829891014,0.09220397568358613,0.02204837743550669,0.029960007089195724,0.02132946020570501,0.1656314988339852,0.04187232224660126,0.028643357055757726,0.10361187798990913,0.019219096096799927,1.8475788446264608e-22,6.555364491733868e-13,8.841968639169893e-22,2.7578320876319853,0
9.006691470735369,0.46873720695670185,0.09232979575587856,0.022029354895745586,0.02992319262837506,0.021296363656674852,0.16555436138178603,0.041881314001358,0.028622048789089444,0.10369291619734387,0.019192208391927108,1.8475788446264608e-22,6.555364491733868e-13,8.841968639169893e-22,2.7578320876319853,0
9.011930965482742,0.46900115944560117,0.09245275870161729,0.02200649539564427,0.029887516935498903,0.021264718728024122,0.1654911557206633,0.04188632952473527,0.02860076473234766,0.10379691235010716,0.019161753450028792,1.8475788446264608e-22,6.555364491733868e-13,8.841968639169893e-22,2.7578320876319853,0
9.017170460230115,0.4692651119345005,0.09257572164735602,0.021983635895542954,0.029851841242622763,0.02123307379937339,0.1654279500595405,0.04189134504811253,0.02857948067560587,0.10390090850287044,0.01913129850813047,1.8475788446264608e-22,6.555364491733868e-13,8.841968639169893e-22,2.7578320876319853,0
9.022409954977489,0.4695290644233997,0.09269868459309474,0.02196077639544164,0.029816165549746608,0.02120142887072266,0.16536474439841767,0.041896360571489794,0.028558196618864093,0.1040049046556337,0.01910084356623215,1.8475788446264608e-22,6.555364491733868e-13,8.841968639169893e-22,2.7578320876319853,0
9.027649449724864,0.46979301691229913,0.0928216475388335,0.02193791689534032,0.029780489856870443,0.021169783942071915,0.16530153873729483,0.041901376094867056,0.0285369125621223,0.10410890080839702,0.019070388624333825,1.8475788446264608e-22,6.555364491733868e-13,8.841968639169893e-22,2.7578320876319853,0
9.032888944472235,0.47005696940119834,0.09294461048457224,0.021915057395239,0.029744814163994288,0.02113813901342119,0.16523833307617203,0.041906391618244325,0.028515628505380513,0.1042128969611603,0.019039933682435502,1.8475788446264608e-22,6.555364491733868e-13,8.841968639169893e-22,2.7578320876319853,0
9.03812843921961,0.4703209218900976,0.09306757343031095,0.021892197895137692,0.029709138471118134,0.021106494084770458,0.16517512741504922,0.04191140714162158,0.028494344448638728,0.10431689311392357,0.019009478740537183,1.8475788446264608e-22,6.555364491733868e-13,8.841968639169893e-22,2.7578320876319853,0
9.043367933966984,0.47058487437899704,0.09319053637604968,0.021869338395036377,0.029673462778241975,0.021074849156119728,0.16511192175392642,0.04191642266499885,0.028473060391896947,0.10442088926668687,0.018979023798638864,1.8475788446264608e-22,6.555364491733868e-13,8.841968639169893e-22,2.7578320876319853,0
9.048607428714355,0.47084882686789625,0.09331349932178842,0.021846478894935063,0.029637787085365828,0.021043204227468998,0.16504871609280364,0.04192143818837611,0.028451776335155162,0.10452488541945014,0.01894856885674054,1.8475788446264608e-22,6.555364491733868e-13,8.841968639169893e-22,2.7578320876319853,0
9.053846923461732,0.4711127793567957,0.09343646226752718,0.021823619394833738,0.029602111392489656,0.021011559298818254,0.1649855104316808,0.041926453711753374,0.028430492278413374,0.10462888157221342,0.018918113914842213,1.8475788446264608e-22,6.555364491733868e-13,8.841968639169893e-22,2.7578320876319853,0
9.059086418209104,0.4714350684561234,0.09355903192824506,0.021798402348486297,0.029565663985634504,0.020979097387750768,0.16496159111222355,0.041931304709130215,0.028410908317121744,0.10471389177834203,0.018894331009346458,1.8475788446264608e-22,6.555364491733868e-13,8.841968639169893e-22,2.7578320876319853,0
9.06432591295648,0.47180678162817513,0.09368126838915368,0.021771187936569215,0.02952856276554713,0.02094594331102464,0.1649709560544551,0.04193601631642335,0.028392764714475393,0.10478281666857181,0.018876200801358434,1.8475788446264608e-22,6.555364491733868e-13,8.841968639169893e-22,2.7578320876319853,0
9.069565407703852,0.472178494800227,0.09380350485006231,0.021743973524652137,0.02949146154545976,0.02091278923429851,0.16498032099668666,0.04194072792371648,0.028374621111829038,0.1048517415588016,0.018858070593370413,1.8475788446264608e-22,6.555364491733868e-13,8.841968639169893e-22,2.7578320876319853,0
9.074804902451229,0.472550207972279,0.09392574131097092,0.021716759112735053,0.029454360325372374,0.020879635157572372,0.16498968593891822,0.041945439531009626,0.02835647750918267,0.10492066644903143,0.018839940385382378,1.8475788446264608e-22,6.555364491733868e-13,8.841968639169893e-22,2.7578320876319853,0
9.0800443971986,0.47292192114433074,0.09404797777187955,0.021689544700817975,0.029417259105285004,0.02084648108084624,0.16499905088114983,0.04195015113830276,0.02833833390653632,0.1049895913392612,0.018821810177394354,1.8475788446264608e-22,6.555364491733868e-13,8.841968639169893e-22,2.7578320876319853,0
9.085283891945974,0.4732936343163826,0.09417021423278814,0.0216623302889009,0.02938015788519763,0.02081332700412011,0.16500841582338138,0.0419548627455959,0.028320190303889964,0.10505851622949097,0.01880367996940633,1.8475788446264608e-22,6.555364491733868e-13,8.841968639169893e-22,2.7578320876319853,0
9.090523386693349,0.4736653474884345,0.09429245069369674,0.021635115876983822,0.029343056665110258,0.020780172927393984,0.16501778076561294,0.04195957435288904,0.02830204670124361,0.10512744111972076,0.018785549761418302,1.8475788446264608e-22,6.555364491733868e-13,8.841968639169893e-22,2.7578320876319853,0
9.09576288144072,0.47403706066048623,0.09441468715460535,0.021607901465066748,0.029305955445022885,0.02074701885066785,0.1650271457078445,0.041964285960182174,0.028283903098597254,0.10519636600995055,0.018767419553430274,1.8475788446264608e-22,6.555364491733868e-13,8.841968639169893e-22,2.7578320876319853,0
9.101002376188095,0.47440877383253816,0.09453692361551398,0.02158068705314966,0.029268854224935508,0.020713864773941715,0.16503651065007602,0.04196899756747531,0.02826575949595089,0.10526529090018037,0.01874928934544225,1.8475788446264608e-22,6.555364491733868e-13,8.841968639169893e-22,2.7578320876319853,0
9.106241870935468,0.47478048700459,0.09465916007642258,0.021553472641232585,0.029231753004848135,0.020680710697215582,0.16504587559230763,0.041973709174768455,0.028247615893304538,0.10533421579041016,0.01873115913745422,1.8475788446264608e-22,6.555364491733868e-13,8.841968639169893e-22,2.7578320876319853,0
9.111481365682842,0.4751054836588424,0.0947778303271426,0.021529310672613135,0.02919386355321971,0.020648547968459777,0.1649867824546498,0.04197970113142554,0.028237116622103212,0.10539204208981809,0.01871072637497936,1.8475788446264608e-22,6.555364491733868e-13,8.841968639169893e-22,2.7578320876319853,0
9.116720860430217,0.4753875819722311,0.09489322583677598,0.021507951668752568,0.029155250292820418,0.020617295564042102,0.164864826368632,0.04198686879350817,0.028233636905257646,0.10543967689476946,0.018688179247567074,1.8475788446264608e-22,6.555364491733868e-13,8.841968639169893e-22,2.7578320876319853,0
9.12196035517759,0.4756696802856198,0.09500862134640936,0.021486592664891994,0.029116637032421126,0.02058604315962442,0.16474287028261417,0.04199403645559081,0.02823015718841208,0.10548731169972084,0.018665632120154773,1.8475788446264608e-22,6.555364491733868e-13,8.841968639169893e-22,2.7578320876319853,0
9.127199849924963,0.4759517785990082,0.09512401685604273,0.021465233661031424,0.029078023772021826,0.020554790755206744,0.16462091419659639,0.04200120411767344,0.028226677471566524,0.10553494650467223,0.018643084992742483,1.8475788446264608e-22,6.555364491733868e-13,8.841968639169893e-22,2.7578320876319853,0
9.132439344672337,0.4762338769123968,0.09523941236567607,0.021443874657170858,0.02903941051162254,0.020523538350789065,0.16449895811057857,0.042008371779756075,0.028223197754720965,0.10558258130962354,0.018620537865330192,1.8475788446264608e-22,6.555364491733868e-13,8.841968639169893e-22,2.7578320876319853,0
9.13767883941971,0.4765159752257854,0.09535480787530941,0.021422515653310287,0.02900079725122325,0.02049228594637139,0.1643770020245608,0.04201553944183871,0.028219718037875405,0.1056302161145749,0.0185979907379179,1.8475788446264608e-22,6.555364491733868e-13,8.841968639169893e-22,2.7578320876319853,0
9.142918334167083,0.4767980735391739,0.09547020338494279,0.021401156649449724,0.02896218399082396,0.02046103354195372,0.164255045938543,0.04202270710392134,0.02821623832102984,0.10567785091952626,0.018575443610505615,1.8475788446264608e-22,6.555364491733868e-13,8.841968639169893e-22,2.7578320876319853,0
9.148157828914458,0.4770801718525626,0.09558559889457618,0.02137979764558915,0.028923570730424654,0.020429781137536036,0.16413308985252523,0.04202987476600398,0.028212758604184273,0.10572548572447765,0.01855289648309331,1.8475788446264608e-22,6.555364491733868e-13,8.841968639169893e-22,2.7578320876319853,0
9.153397323661832,0.4773622701659512,0.09570099440420955,0.021358438641728584,0.02888495747002537,0.02039852873311836,0.16401113376650742,0.04203704242808662,0.028209278887338717,0.10577312052942901,0.01853034935568102,1.8475788446264608e-22,6.555364491733868e-13,8.841968639169893e-22,2.7578320876319853,0
9.158636818409205,0.47764436847933966,0.09581638991384292,0.021337079637868014,0.028846344209626076,0.020367276328700685,0.16388917768048958,0.04204421009016925,0.028205799170493158,0.10582075533438039,0.018507802228268734,1.8475788446264608e-22,6.555364491733868e-13,8.841968639169893e-22,2.7578320876319853,0
9.163876313156578,0.4779749299115955,0.09591399964139713,0.0213151386995435,0.02881057427694527,0.02033432333835601,0.16374559246482104,0.0420546438081299,0.028200696093820612,0.10584412321340811,0.01848565557673082,1.8475788446264608e-22,6.555364491733868e-13,8.841968639169893e-22,2.7578320876319853,0
9.169115807903951,0.4783537121471244,0.09599391251578261,0.021292618736427352,0.028777633455344342,0.020299678265013953,0.16358048626514993,0.042068327251689186,0.0281939777741202,0.10584334550114183,0.018463907398687893,1.8475788446264608e-22,6.555364491733868e-13,8.841968639169893e-22,2.7578320876319853,0
9.174355302651326,0.47873249438265303,0.09607382539016811,0.021270098773311215,0.028744692633743425,0.020265033191671902,0.16341538006547887,0.042082010695248466,0.028187259454419803,0.10584256778887555,0.018442159220644985,1.8475788446264608e-22,6.555364491733868e-13,8.841968639169893e-22,2.7578320876319853,0
9.1795947973987,0.4791112766181817,0.09615373826455358,0.021247578810195067,0.02871175181214251,0.02023038811832985,0.16325027386580782,0.042095694138807746,0.028180541134719406,0.10584179007660927,0.01842041104260207,1.8475788446264608e-22,6.555364491733868e-13,8.841968639169893e-22,2.7578320876319853,0
9.184834292146071,0.47949005885371043,0.09623365113893904,0.02122505884707892,0.028678810990541592,0.020195743044987807,0.16308516766613673,0.042109377582367026,0.028173822815019,0.10584101236434301,0.018398662864559153,1.8475788446264608e-22,6.555364491733868e-13,8.841968639169893e-22,2.7578320876319853,0
9.190073786893448,0.47986884108923933,0.09631356401332453,0.02120253888396277,0.028645870168940664,0.02016109797164575,0.16292006146646562,0.04212306102592631,0.028167104495318597,0.10584023465207672,0.018376914686516234,1.8475788446264608e-22,6.555364491733868e-13,8.841968639169893e-22,2.7578320876319853,0
9.19531328164082,0.480247623324768,0.09639347688771001,0.021180018920846633,0.02861292934733975,0.020126452898303702,0.16275495526679457,0.04213674446948559,0.0281603861756182,0.10583945693981044,0.018355166508473318,1.8475788446264608e-22,6.555364491733868e-13,8.841968639169893e-22,2.7578320876319853,0
9.200552776388196,0.4806264055602967,0.09647338976209548,0.02115749895773049,0.02857998852573884,0.020091807824961654,0.16258984906712348,0.04215042791304487,0.028153667855917792,0.10583867922754418,0.01833341833043041,1.8475788446264608e-22,6.555364491733868e-13,8.841968639169893e-22,2.7578320876319853,0
9.205792271135568,0.4810051877958254,0.09655330263648096,0.021134978994614348,0.028547047704137914,0.020057162751619603,0.1624247428674524,0.04216411135660415,0.028146949536217394,0.1058379015152779,0.018311670152387494,1.8475788446264608e-22,6.555364491733868e-13,8.841968639169893e-22,2.7578320876319853,0
9.21103176588294,0.4813839700313542,0.0966332155108664,0.021112459031498207,0.028514106882537,0.02002251767827756,0.1622596366677814,0.04217779480016343,0.028140231216516997,0.10583712380301162,0.018289921974344585,1.8475788446264608e-22,6.555364491733868e-13,8.841968639169893e-22,2.7578320876319853,0
9.216271260630316,0.48173950493043083,0.09671557788962272,0.021087259171838096,0.028483372442958448,0.019987176163607265,0.16211517719762972,0.042193571667259226,0.02813510828269048,0.1058192988849686,0.01827035734004453,1.8475788446264608e-22,6.555364491733868e-13,8.841968639169893e-22,2.7578320876319853,0
9.22151075537769,0.48206997629489495,0.09680058114027874,0.021059170048716533,0.028455016758997784,0.019951083798129984,0.16199297748274125,0.04221160550660531,0.028131705374259255,0.10578309494819757,0.01825314683884227,1.8475788446264608e-22,6.555364491733868e-13,8.841968639169893e-22,2.7578320876319853,0
9.226750250125065,0.4824004476593591,0.09688558439093478,0.021031080925594973,0.02842666107503711,0.019914991432652702,0.1618707777678528,0.04222963934595138,0.028128302465828033,0.10574689101142654,0.01823593633764001,1.8475788446264608e-22,6.555364491733868e-13,8.841968639169893e-22,2.7578320876319853,0
9.231989744872436,0.4827309190238232,0.09697058764159082,0.02100299180247341,0.02839830539107644,0.019878899067175416,0.16174857805296433,0.042247673185297464,0.0281248995573968,0.10571068707465547,0.018218725836437747,1.8475788446264608e-22,6.555364491733868e-13,8.841968639169893e-22,2.7578320876319853,0
9.237229239619811,0.4830613903882873,0.09705559089224687,0.02097490267935184,0.028369949707115764,0.01984280670169812,0.16162637833807586,0.04226570702464355,0.02812149664896558,0.10567448313788447,0.01820151533523548,1.8475788446264608e-22,6.555364491733868e-13,8.841968639169893e-22,2.7578320876319853,0
9.242468734367185,0.48339186175275145,0.09714059414290292,0.020946813556230275,0.02834159402315509,0.019806714336220842,0.1615041786231874,0.04228374086398964,0.028118093740534356,0.1056382792011134,0.01818430483403322,1.8475788446264608e-22,6.555364491733868e-13,8.841968639169893e-22,2.7578320876319853,0
9.247708229114558,0.4837223331172156,0.09722559739355897,0.020918724433108715,0.028313238339194427,0.01977062197074356,0.16138197890829895,0.0423017747033357,0.028114690832103124,0.10560207526434234,0.01816709433283096,1.8475788446264608e-22,6.555364491733868e-13,8.841968639169893e-22,2.7578320876319853,0
9.252947723861933,0.4840528044816797,0.097310600644215,0.02089063530998715,0.028284882655233753,0.019734529605266282,0.16125977919341047,0.04231980854268179,0.0281112879236719,0.1055658713275713,0.018149883831628695,1.8475788446264608e-22,6.555364491733868e-13,8.841968639169893e-22,2.7578320876319853,0
9.258187218609304,0.4843832758461438,0.09739560389487102,0.020862546186865595,0.028256526971273083,0.019698437239788993,0.16113757947852203,0.042337842382027875,0.028107885015240672,0.10552966739080026,0.018132673330426435,1.8475788446264608e-22,6.555364491733868e-13,8.841968639169893e-22,2.7578320876319853,0
9.26342671335668,0.4847137472106081,0.0974806071455271,0.02083445706374402,0.028228171287312406,0.019662344874311698,0.1610153797636335,0.042355876221373955,0.02810448210680945,0.10549346345402923,0.01811546282922417,1.8475788446264608e-22,6.555364491733868e-13,8.841968639169893e-22,2.7578320876319853,0
9.268666208104053,0.48505495081184763,0.09757310476501742,0.02080460819957117,0.02819671229734948,0.019626411706420935,0.16092699858915072,0.04238014182865092,0.02810290517128827,0.10545181473844462,0.018098590089111386,1.8475788446264608e-22,6.555364491733868e-13,8.841968639169893e-22,2.7578320876319853,0
9.273905702851426,0.4854086947984499,0.09767435939156957,0.020772703116235122,0.028161627161786093,0.01959066455744919,0.16087813364394618,0.04241168912128191,0.028103461845417423,0.10540380391718111,0.01808211201548902,1.8475788446264608e-22,6.555364491733868e-13,8.841968639169893e-22,2.7578320876319853,0
9.2791451975988,0.48576243878505215,0.09777561401812167,0.02074079803289908,0.028126542026222716,0.019554917408477455,0.16082926869874162,0.0424432364139129,0.028104018519546567,0.1053557930959176,0.01806563394186666,1.8475788446264608e-22,6.555364491733868e-13,8.841968639169893e-22,2.7578320876319853,0
9.284384692346174,0.4861161827716545,0.09787686864467386,0.02070889294956302,0.028091456890659314,0.0195191702595057,0.16078040375353708,0.0424747837065439,0.02810457519367572,0.10530778227465407,0.018049155868244286,1.8475788446264608e-22,6.555364491733868e-13,8.841968639169893e-22,2.7578320876319853,0
9.289624187093548,0.48646992675825673,0.097978123271226,0.02067698786622698,0.02805637175509593,0.01948342311053396,0.16073153880833255,0.042506330999174904,0.028105131867804868,0.10525977145339055,0.018032677794621924,1.8475788446264608e-22,6.555364491733868e-13,8.841968639169893e-22,2.7578320876319853,0
9.29486368184092,0.486823670744859,0.09807937789777814,0.020645082782890935,0.02802128661953255,0.019447675961562223,0.160682673863128,0.0425378782918059,0.02810568854193402,0.10521176063212703,0.01801619972099956,1.8475788446264608e-22,6.555364491733868e-13,8.841968639169893e-22,2.7578320876319853,0
9.300103176588294,0.48717741473146126,0.09818063252433029,0.02061317769955489,0.027986201483969166,0.019411928812590476,0.16063380891792348,0.04256942558443689,0.02810624521606317,0.10516374981086352,0.017999721647377197,1.8475788446264608e-22,6.555364491733868e-13,8.841968639169893e-22,2.7578320876319853,0
9.30534267133567,0.48753115871806363,0.09828188715088243,0.020581272616218834,0.02795111634840577,0.019376181663618725,0.1605849439727189,0.042600972877067884,0.02810680189019232,0.10511573898959999,0.017983243573754828,1.8475788446264608e-22,6.555364491733868e-13,8.841968639169893e-22,2.7578320876319853,0
9.310582166083044,0.48788490270466583,0.09838314177743457,0.020549367532882796,0.027916031212842383,0.019340434514646985,0.1605360790275144,0.04263252016969888,0.028107358564321474,0.10506772816833647,0.017966765500132466,1.8475788446264608e-22,6.555364491733868e-13,8.841968639169893e-22,2.7578320876319853,0
9.315821660830416,0.4882386466912681,0.09848439640398671,0.020517462449546747,0.027880946077279006,0.019304687365675244,0.16048721408230984,0.04266406746232987,0.02810791523845062,0.10501971734707297,0.0179502874265101,1.8475788446264608e-22,6.555364491733868e-13,8.841968639169893e-22,2.7578320876319853,0
9.32106115557779,0.4885918796086634,0.09857389474297835,0.020485115564068988,0.027846649359144177,0.0192706876534159,0.16038878576753157,0.042687806086323124,0.028109669850010982,0.10498024378662017,0.01793630605595878,1.8475788446264608e-22,6.555364491733868e-13,8.841968639169893e-22,2.7578320876319853,0
9.326300650325162,0.4889444649781431,0.09864849733125422,0.02045220889519576,0.02781335160172849,0.019238902022900094,0.16022755841062294,0.042701650772212885,0.028112942302748398,0.10495158732367184,0.017925488121684964,1.8475788446264608e-22,6.555364491733868e-13,8.841968639169893e-22,2.7578320876319853,0
9.331540145072536,0.48929705034762283,0.09872309991953011,0.020419302226322524,0.027780053844312785,0.01920711639238429,0.16006633105371423,0.042715495458102645,0.028116214755485803,0.10492293086072352,0.017914670187411143,1.8475788446264608e-22,6.555364491733868e-13,8.841968639169893e-22,2.7578320876319853,0
9.33677963981991,0.4896496357171024,0.09879770250780595,0.0203863955574493,0.0277467560868971,0.019175330761868486,0.15990510369680555,0.042729340143992406,0.028119487208223222,0.10489427439777524,0.01790385225313733,1.8475788446264608e-22,6.555364491733868e-13,8.841968639169893e-22,2.7578320876319853,0
9.342019134567284,0.49000222108658215,0.09887230509608182,0.02035348888857607,0.027713458329481414,0.019143545131352684,0.1597438763398969,0.042743184829882166,0.02812275966096063,0.10486561793482689,0.017893034318863514,1.8475788446264608e-22,6.555364491733868e-13,8.841968639169893e-22,2.7578320876319853,0
9.347258629314656,0.4903548064560616,0.09894690768435767,0.020320582219702846,0.027680160572065727,0.019111759500836892,0.15958264898298824,0.04275702951577192,0.028126032113698043,0.1048369614718786,0.0178822163845897,1.8475788446264608e-22,6.555364491733868e-13,8.841968639169893e-22,2.7578320876319853,0
9.352498124062032,0.49070739182554146,0.09902151027263355,0.02028767555082961,0.027646862814650022,0.019079973870321072,0.15942142162607956,0.04277087420166169,0.028129304566435455,0.10480830500893026,0.01787139845031588,1.8475788446264608e-22,6.555364491733868e-13,8.841968639169893e-22,2.7578320876319853,0
9.357737618809406,0.49105997719502104,0.09909611286090937,0.02025476888195638,0.027613565057234335,0.019048188239805277,0.15926019426917093,0.042784718887551434,0.028132577019172864,0.10477964854598194,0.017860580516042064,1.8475788446264608e-22,6.555364491733868e-13,8.841968639169893e-22,2.7578320876319853,0
9.36297711355678,0.4914125625645008,0.09917071544918526,0.020221862213083162,0.027580267299818644,0.019016402609289475,0.15909896691226227,0.0427985635734412,0.028135849471910276,0.10475099208303362,0.01784976258176825,1.8475788446264608e-22,6.555364491733868e-13,8.841968639169893e-22,2.7578320876319853,0
9.368216608304152,0.49176514793398035,0.09924531803746109,0.02018895554420993,0.027546969542402964,0.018984616978773673,0.15893773955535365,0.04281240825933096,0.028139121924647684,0.10472233562008534,0.017838944647494432,1.8475788446264608e-22,6.555364491733868e-13,8.841968639169893e-22,2.7578320876319853,0
9.373456103051526,0.49215109213463615,0.09932532663567042,0.020157358076165224,0.027519896536871823,0.018954035874634113,0.15878980747069818,0.04283048154281686,0.028141703286208852,0.10469921806544238,0.017827847664724,1.8475788446264608e-22,6.555364491733868e-13,8.841968639169893e-22,2.7578320876319853,0
9.3786955977989,0.49258290472815897,0.09941276849753826,0.020127560759259717,0.027501382565181937,0.01892511099426188,0.15866015638539083,0.04285436914799742,0.028143334397402662,0.10468371650971928,0.01781636699027071,1.8475788446264608e-22,6.555364491733868e-13,8.841968639169893e-22,2.7578320876319853,0
9.383935092546274,0.49301471732168184,0.0995002103594061,0.02009776344235422,0.02748286859349206,0.018896186113889647,0.15853050530008353,0.042878256753177996,0.02814496550859648,0.1046682149539962,0.017804886315817423,1.8475788446264608e-22,6.555364491733868e-13,8.841968639169893e-22,2.7578320876319853,0
9.389174587293647,0.49344652991520477,0.09958765222127391,0.020067966125448724,0.02746435462180218,0.018867261233517424,0.1584008542147762,0.04290214435835856,0.028146596619790302,0.10465271339827312,0.017793405641364134,1.8475788446264608e-22,6.555364491733868e-13,8.841968639169893e-22,2.7578320876319853,0
9.39441408204102,0.49387834250872753,0.09967509408314171,0.020038168808543227,0.0274458406501123,0.018838336353145194,0.1582712031294689,0.042926031963539134,0.028148227730984115,0.10463721184255004,0.017781924966910848,1.8475788446264608e-22,6.555364491733868e-13,8.841968639169893e-22,2.7578320876319853,0
9.399653576788396,0.49431015510225057,0.09976253594500956,0.02000837149163772,0.027427326678422417,0.01880941147277296,0.15814155204416155,0.04294991956871971,0.02814985884217793,0.10462171028682697,0.017770444292457558,1.8475788446264608e-22,6.555364491733868e-13,8.841968639169893e-22,2.7578320876319853,0
9.404893071535769,0.49474196769577344,0.09984997780687738,0.019978574174732224,0.02740881270673254,0.01878048659240073,0.15801190095885426,0.04297380717390028,0.028151489953371744,0.10460620873110389,0.017758963618004275,1.8475788446264608e-22,6.555364491733868e-13,8.841968639169893e-22,2.7578320876319853,0
9.410132566283142,0.49517378028929626,0.09993741966874518,0.019948776857826728,0.02739029873504266,0.018751561712028495,0.15788224987354701,0.04299769477908085,0.028153121064565564,0.10459070717538081,0.017747482943550986,1.8475788446264608e-22,6.555364491733868e-13,8.841968639169893e-22,2.7578320876319853,0
9.415372061030515,0.4956055928828191,0.100024861530613,0.01991897954092123,0.02737178476335278,0.018722636831656272,0.15775259878823966,0.04302158238426141,0.028154752175759377,0.10457520561965773,0.0177360022690977,1.8475788446264608e-22,6.555364491733868e-13,8.841968639169893e-22,2.7578320876319853,0
9.420611555777889,0.4960374054763419,0.10011230339248083,0.01988918222401574,0.027353270791662904,0.018693711951284046,0.15762294770293236,0.04304546998944199,0.0281563832869532,0.10455970406393465,0.017724521594644414,1.8475788446264608e-22,6.555364491733868e-13,8.841968639169893e-22,2.7578320876319853,0
9.425851050525264,0.49642160066462526,0.10019322946112738,0.019859682139866868,0.027331216729632176,0.01866573928598685,0.157512109686188,0.04307353553481072,0.028161065837387,0.1045414793309092,0.017712193496592463,1.8475788446264608e-22,6.555364491733868e-13,8.841968639169893e-22,2.7578320876319853,0
9.431090545272635,0.49673466735383187,0.10026442256364959,0.019830626047148237,0.027303874657654832,0.018639188991958003,0.15742937369060966,0.04310784187833548,0.028170306475185508,0.10451918685178825,0.017698599559540028,1.8475788446264608e-22,6.555364491733868e-13,8.841968639169893e-22,2.7578320876319853,0
9.43633004002001,0.4970477340430384,0.10033561566617175,0.019801569954429603,0.02727653258567749,0.018612638697929156,0.1573466376950313,0.043142148221860244,0.028179547112984035,0.10449689437266738,0.017685005622487586,1.8475788446264608e-22,6.555364491733868e-13,8.841968639169893e-22,2.7578320876319853,0
9.441569534767384,0.497360800732245,0.10040680876869396,0.019772513861710972,0.02724919051370014,0.018586088403900306,0.15726390169945298,0.04317645456538502,0.028188787750782544,0.10447460189354647,0.017671411685435148,1.8475788446264608e-22,6.555364491733868e-13,8.841968639169893e-22,2.7578320876319853,0
9.44680902951476,0.4976738674214517,0.10047800187121617,0.01974345776899233,0.027221848441722787,0.018559538109871446,0.15718116570387458,0.043210760908909795,0.028198028388581063,0.10445230941442553,0.017657817748382706,1.8475788446264608e-22,6.555364491733868e-13,8.841968639169893e-22,2.7578320876319853,0
9.452048524262132,0.49798693411065825,0.10054919497373836,0.0197144016762737,0.02719450636974544,0.0185329878158426,0.1570984297082962,0.04324506725243456,0.02820726902637958,0.10443001693530465,0.017644223811330264,1.8475788446264608e-22,6.555364491733868e-13,8.841968639169893e-22,2.7578320876319853,0
9.457288019009503,0.498300000799865,0.10062038807626059,0.01968534558355507,0.027167164297768095,0.018506437521813753,0.15701569371271787,0.04327937359595932,0.028216509664178095,0.10440772445618375,0.017630629874277826,1.8475788446264608e-22,6.555364491733868e-13,8.841968639169893e-22,2.7578320876319853,0
9.46252751375688,0.4986130674890715,0.1006915811787828,0.019656289490836438,0.02713982222579075,0.018479887227784902,0.15693295771713953,0.043313679939484095,0.028225750301976608,0.10438543197706286,0.017617035937225387,1.8475788446264608e-22,6.555364491733868e-13,8.841968639169893e-22,2.7578320876319853,0
9.467767008504254,0.4989261341782781,0.10076277428130499,0.019627233398117797,0.027112480153813397,0.01845333693375605,0.15685022172156116,0.043347986283008864,0.02823499093977513,0.10436313949794193,0.017603442000172945,1.8475788446264608e-22,6.555364491733868e-13,8.841968639169893e-22,2.7578320876319853,0
9.473006503251629,0.4992392008674848,0.10083396738382717,0.019598177305399166,0.02708513808183605,0.0184267866397272,0.15676748572598279,0.04338229262653363,0.028244231577573647,0.10434084701882104,0.0175898480631205,1.8475788446264608e-22,6.555364491733868e-13,8.841968639169893e-22,2.7578320876319853,0
9.478245997999,0.49956976984386503,0.10089272370091888,0.01956754507013444,0.02706107528297939,0.018402406048019973,0.15666194586652699,0.04341500979944892,0.028251106924127044,0.10432087390487471,0.017577541731246028,1.8475788446264608e-22,6.555364491733868e-13,8.841968639169893e-22,2.7578320876319853,0
9.483485492746372,0.49992878003690233,0.10093127024168602,0.0195343516032323,0.02704234130294386,0.01838155122258538,0.15651934972827028,0.043445144570123786,0.028254138672407142,0.10430466975933707,0.01756732775778574,1.8475788446264608e-22,6.555364491733868e-13,8.841968639169893e-22,2.7578320876319853,0
9.488724987493748,0.5002877902299396,0.10096981678245318,0.01950115813633016,0.027023607322908327,0.018360696397150784,0.1563767535900136,0.04347527934079866,0.028257170420687237,0.10428846561379944,0.01755711378432546,1.8475788446264608e-22,6.555364491733868e-13,8.841968639169893e-22,2.7578320876319853,0
9.493964482241122,0.500646800422977,0.10100836332322033,0.01946796466942801,0.027004873342872784,0.018339841571716184,0.15623415745175687,0.043505414111473545,0.028260202168967324,0.1042722614682618,0.01754689981086517,1.8475788446264608e-22,6.555364491733868e-13,8.841968639169893e-22,2.7578320876319853,0
9.499203976988497,0.5010058106160145,0.10104690986398747,0.019434771202525875,0.026986139362837253,0.01831898674628159,0.1560915613135002,0.043535548882148424,0.02826323391724742,0.10425605732272415,0.01753668583740489,1.8475788446264608e-22,6.555364491733868e-13,8.841968639169893e-22,2.7578320876319853,0
9.504443471735868,0.5013648208090518,0.10108545640475464,0.019401577735623735,0.026967405382801717,0.018298131920846995,0.1559489651752435,0.0435656836528233,0.02826626566552751,0.10423985317718651,0.01752647186394461,1.8475788446264608e-22,6.555364491733868e-13,8.841968639169893e-22,2.7578320876319853,0
9.509682966483242,0.5017238310020892,0.10112400294552179,0.019368384268721603,0.026948671402766185,0.018277277095412398,0.1558063690369868,0.043595818423498175,0.02826929741380761,0.10422364903164888,0.017516257890484322,1.8475788446264608e-22,6.555364491733868e-13,8.841968639169893e-22,2.7578320876319853,0
9.514922461230617,0.5020828411951266,0.10116254948628894,0.019335190801819446,0.026929937422730647,0.018256422269977802,0.1556637728987301,0.04362595319417306,0.028272329162087696,0.10420744488611124,0.017506043917024035,1.8475788446264608e-22,6.555364491733868e-13,8.841968639169893e-22,2.7578320876319853,0
9.52016195597799,0.502441851388164,0.10120109602705608,0.019301997334917314,0.026911203442695108,0.018235567444543205,0.15552117676047342,0.04365608796484793,0.02827536091036779,0.10419124074057359,0.017495829943563752,1.8475788446264608e-22,6.555364491733868e-13,8.841968639169893e-22,2.7578320876319853,0
9.525401450725363,0.5028008615812013,0.10123964256782325,0.019268803868015175,0.02689246946265957,0.01821471261910861,0.1553785806222167,0.0436862227355228,0.02827839265864788,0.10417503659503594,0.01748561597010347,2.3672071802526785e-27,6.555364491733868e-13,8.841968639169893e-22,2.7578320876319853,0
9.530640945472737,0.5031181428671188,0.10128402168487113,0.019236735913663705,0.026878076171803326,0.018193699211852567,0.15521354903201007,0.043714520183819744,0.02828471670470304,0.1041556642893237,0.017475816674928195,2.3672071802526785e-27,6.555364491733868e-13,8.841968639169893e-22,2.7578320876319853,0
9.53588044022011,0.5033615292133444,0.10133872932241617,0.019206661054454035,0.0268713695180354,0.01817240498262105,0.15500878799564194,0.043739564040405764,0.028296870861401528,0.10413068169996885,0.017466751705882622,2.3672071802526785e-27,6.555364491733868e-13,8.841968639169893e-22,2.7578320876319853,0
9.541119934967483,0.5036049155595703,0.10139343695996121,0.019176586195244365,0.02686466286426747,0.01815111075338953,0.15480402695927376,0.04376460789699179,0.02830902501810002,0.104105699110614,0.01745768673683705,2.3672071802526785e-27,6.555364491733868e-13,8.841968639169893e-22,2.7578320876319853,0
9.546359429714858,0.503848301905796,0.10144814459750624,0.0191465113360347,0.026857956210499544,0.018129816524158012,0.15459926592290568,0.0437896517535778,0.028321179174798507,0.10408071652125916,0.01744862176779148,2.3672071802526785e-27,6.555364491733868e-13,8.841968639169893e-22,2.7578320876319853,0
9.551598924462231,0.5040916882520218,0.1015028522350513,0.019116436476825035,0.026851249556731616,0.018108522294926495,0.15439450488653755,0.04381469561016382,0.028333333331496992,0.10405573393190432,0.01743955679874591,2.3672071802526785e-27,6.555364491733868e-13,8.841968639169893e-22,2.7578320876319853,0
9.556838419209605,0.5043350745982474,0.10155755987259632,0.019086361617615365,0.026844542902963696,0.01808722806569498,0.15418974385016945,0.04383973946674984,0.02834548748819548,0.10403075134254948,0.01743049182970034,2.3672071802526785e-27,3.4105575975784173e-19,8.841968639169893e-22,2.7578320876319853,0
9.56207791395698,0.5045784609444731,0.10161226751014138,0.019056286758405695,0.02683783624919576,0.018065933836463453,0.1539849828138013,0.04386478332333586,0.02835764164489397,0.10400576875319464,0.017421426860654766,2.3672071802526785e-27,3.4105575975784173e-19,8.841968639169893e-22,2.7578320876319853,0
9.567317408704351,0.504821847290699,0.10166697514768641,0.019026211899196024,0.026831129595427834,0.01804463960723194,0.15378022177743317,0.04388982717992188,0.02836979580159246,0.1039807861638398,0.017412361891609194,2.3672071802526785e-27,3.4105575975784173e-19,8.841968639169893e-22,2.7578320876319853,0
9.572556903451726,0.5050652336369249,0.10172168278523146,0.01899613703998636,0.026824422941659914,0.018023345378000426,0.15357546074106507,0.0439148710365079,0.028381949958290947,0.10395580357448495,0.017403296922563625,2.3672071802526785e-27,3.4105575975784173e-19,8.841968639169893e-22,2.7578320876319853,0
9.5777963981991,0.5053086199831505,0.10177639042277649,0.01896606218077669,0.026817716287891986,0.01800205114876891,0.15337069970469697,0.043939914893093915,0.028394104114989435,0.10393082098513014,0.017394231953518052,2.3672071802526785e-27,3.4105575975784173e-19,8.841968639169893e-22,2.7578320876319853,0
9.583035892946471,0.5055620103151479,0.10181693369612446,0.018936674365469582,0.02680992621176258,0.017979732722111834,0.1531878021229536,0.04396867515455254,0.028408013306262567,0.10389008294621879,0.017382622051670616,2.3672071802526785e-27,3.4105575975784173e-19,8.841968639169893e-22,2.7578320876319853,0
9.588275387693848,0.5058347465902185,0.10183008558870889,0.01890861517182696,0.026800040987978245,0.017955433678374457,0.15304718460419783,0.04400462228719868,0.028425316424691073,0.10381887664823872,0.01736609069889013,2.3672071802526785e-27,3.4105575975784173e-19,8.841968639169893e-22,2.7578320876319853,0
9.59351488244122,0.5061074828652888,0.10184323748129333,0.018880555978184353,0.02679015576419391,0.017931134634637084,0.15290656708544206,0.04404056941984481,0.028442619543119576,0.10374767035025863,0.017349559346109655,2.3672071802526785e-27,3.4105575975784173e-19,8.841968639169893e-22,2.7578320876319853,0
9.598754377188596,0.5063802191403594,0.10185638937387778,0.01885249678454174,0.02678027054040958,0.017906835590899714,0.1527659495666863,0.04407651655249095,0.02845992266154808,0.10367646405227854,0.017333027993329177,2.3672071802526785e-27,3.4105575975784173e-19,8.841968639169893e-22,2.7578320876319853,0
9.603993871935968,0.5066529554154299,0.10186954126646222,0.01882443759089913,0.026770385316625244,0.01788253654716234,0.15262533204793055,0.04411246368513707,0.028477225779976575,0.10360525775429848,0.0173164966405487,2.3672071802526785e-27,3.4105575975784173e-19,8.841968639169893e-22,2.7578320876319853,0
9.609233366683345,0.5069256916905004,0.10188269315904668,0.018796378397256508,0.026760500092840908,0.01785823750342496,0.15248471452917473,0.044148410817783215,0.02849452889840508,0.10353405145631837,0.01729996528776822,2.3672071802526785e-27,3.4105575975784173e-19,8.841968639169893e-22,2.7578320876319853,0
9.614472861430716,0.5071984279655708,0.10189584505163111,0.0187683192036139,0.026750614869056583,0.017833938459687587,0.15234409701041896,0.04418435795042934,0.02851183201683358,0.10346284515833828,0.01728343393498774,2.3672071802526785e-27,3.4105575975784173e-19,8.841968639169893e-22,2.7578320876319853,0
9.61971235617809,0.5074711642406413,0.10190899694421557,0.01874026000997129,0.026740729645272247,0.017809639415950217,0.15220347949166319,0.04422030508307547,0.02852913513526208,0.10339163886035822,0.017266902582207262,2.3672071802526785e-27,3.4105575975784173e-19,8.841968639169893e-22,2.7578320876319853,0
9.624951850925465,0.5077439005157118,0.10192214883680004,0.018712200816328673,0.02673084442148791,0.017785340372212844,0.15206286197290744,0.044256252215721596,0.028546438253690583,0.10332043256237813,0.017250371229426787,2.3672071802526785e-27,3.4105575975784173e-19,8.841968639169893e-22,2.7578320876319853,0
9.630191345672838,0.5080166367907823,0.10193530072938448,0.01868414162268606,0.026720959197703575,0.017761041328475467,0.15192224445415162,0.04429219934836774,0.02856374137211909,0.10324922626439803,0.017233839876646305,2.3672071802526785e-27,3.4105575975784173e-19,8.841968639169893e-22,2.7578320876319853,0
9.635430840420211,0.5082870402880877,0.10195166551727164,0.018653109249841447,0.02671036199789571,0.017736145384809728,0.15179841498992902,0.04432191541310682,0.028581571381188775,0.1031840400202444,0.017218645855073295,2.3672071802526785e-27,3.4105575975784173e-19,8.841968639169893e-22,2.7578320876319853,0
9.640670335167584,0.5085525048574684,0.10197483260693252,0.01861578209915512,0.0266982574113505,0.017709985692076893,0.15171012898491315,0.044338439138761475,0.028600516916537828,0.10313159935880133,0.01720628321441609,2.3672071802526785e-27,3.4105575975784173e-19,8.841968639169893e-22,2.7578320876319853,0
9.645909829914958,0.5088179694268491,0.1019979996965934,0.01857845494846878,0.026686152824805298,0.017683825999344063,0.15162184297989728,0.04435496286441612,0.02861946245188689,0.10307915869735827,0.017193920573758886,2.3672071802526785e-27,3.4105575975784173e-19,8.841968639169893e-22,2.7578320876319853,0
9.651149324662333,0.5090834339962299,0.10202116678625425,0.018541127797782452,0.026674048238260088,0.017657666306611225,0.15153355697488144,0.04437148659007078,0.028638407987235943,0.10302671803591523,0.01718155793310168,2.3672071802526785e-27,3.4105575975784173e-19,8.841968639169893e-22,2.7578320876319853,0
9.656388819409706,0.5093488985656107,0.10204433387591513,0.018503800647096103,0.026661943651714877,0.017631506613878387,0.15144527096986554,0.044388010315725424,0.028657353522585007,0.10297427737447216,0.01716919529244447,2.3672071802526785e-27,3.4105575975784173e-19,8.841968639169893e-22,2.7578320876319853,0
9.66162831415708,0.5096143631349914,0.10206750096557601,0.01846647349640977,0.02664983906516967,0.017605346921145553,0.1513569849648497,0.044404534041380075,0.02867629905793407,0.10292183671302912,0.017156832651787263,2.3672071802526785e-27,3.4105575975784173e-19,8.841968639169893e-22,2.7578320876319853,0
9.666867808904453,0.5098798277043723,0.10209066805523691,0.018429146345723436,0.026637734478624466,0.01757918722841272,0.15126869895983386,0.04442105776703473,0.028695244593283122,0.10286939605158607,0.017144470011130057,2.3672071802526785e-27,3.4105575975784173e-19,8.841968639169893e-22,2.7578320876319853,0
9.672107303651826,0.510145292273753,0.10211383514489776,0.018391819195037105,0.02662562989207926,0.017553027535679885,0.15118041295481802,0.04443758149268938,0.028714190128632182,0.10281695539014303,0.017132107370472854,2.3672071802526785e-27,3.4105575975784173e-19,8.841968639169893e-22,2.7578320876319853,0
9.6773467983992,0.5104107568431338,0.10213700223455864,0.018354492044350756,0.02661352530553405,0.017526867842947047,0.1510921269498021,0.04445410521834404,0.028733135663981252,0.10276451472869993,0.017119744729815645,2.3672071802526785e-27,3.4105575975784173e-19,8.841968639169893e-22,2.7578320876319853,0
9.682586293146574,0.5106762214125146,0.10216016932421952,0.018317164893664428,0.02660142071898884,0.017500708150214213,0.15100384094478622,0.04447062894399868,0.028752081199330308,0.10271207406725692,0.01710738208915844,2.3672071802526785e-27,3.4105575975784173e-19,8.841968639169893e-22,2.7578320876319853,0
9.687825787893948,0.5109588676489532,0.10218792352189145,0.01828072724997462,0.026590391047931546,0.01747502642639928,0.15091353464625104,0.044486893123786696,0.02876795745381823,0.1026643585544204,0.017094690565128474,2.3672071802526785e-27,3.4105575975784173e-19,8.841968639169893e-22,2.7578320876319853,0
9.69306528264132,0.511281461261301,0.10222634274568906,0.018246357710051744,0.026581860555383648,0.017450455980318483,0.15081853116528335,0.04450255385943474,0.028776697630304,0.10262762901209403,0.01708123438725685,2.3672071802526785e-27,3.4105575975784173e-19,8.841968639169893e-22,2.7578320876319853,0
9.698304777388694,0.5116040548736489,0.10226476196948665,0.018211988170128868,0.02657333006283575,0.01742588553423768,0.15072352768431568,0.044518214595082796,0.028785437806789774,0.1025908994697677,0.01706777820938522,2.3672071802526785e-27,3.4105575975784173e-19,8.841968639169893e-22,2.7578320876319853,0
9.70354427213607,0.5119266484859969,0.10230318119328427,0.01817761863020598,0.02656479957028785,0.017401315088156864,0.15062852420334796,0.04453387533073085,0.028794177983275555,0.10255416992744135,0.01705432203151359,2.3672071802526785e-27,3.4105575975784173e-19,8.841968639169893e-22,2.7578320876319853,0
9.708783766883442,0.5122492420983447,0.10234160041708187,0.018143249090283104,0.026556269077739957,0.01737674464207606,0.15053352072238027,0.04454953606637891,0.02880291815976133,0.10251744038511498,0.017040865853641965,2.3672071802526785e-27,3.4105575975784173e-19,8.841968639169893e-22,2.7578320876319853,0
9.714023261630816,0.5125718357106925,0.10238001964087949,0.018108879550360227,0.026547738585192056,0.017352174195995256,0.15043851724141258,0.04456519680202696,0.0288116583362471,0.10248071084278865,0.01702740967577034,2.3672071802526785e-27,3.4105575975784173e-19,8.841968639169893e-22,2.7578320876319853,0
9.719262756378187,0.5128944293230404,0.10241843886467711,0.01807451001043735,0.02653920809264416,0.017327603749914454,0.15034351376044494,0.04458085753767502,0.028820398512732874,0.10244398130046231,0.01701395349789871,2.3672071802526785e-27,3.4105575975784173e-19,8.841968639169893e-22,2.7578320876319853,0
9.724502251125564,0.5132170229353885,0.10245685808847471,0.01804014047051446,0.02653067760009626,0.017303033303833645,0.15024851027947722,0.044596518273323074,0.028829138689218655,0.10240725175813595,0.01700049732002708,2.3672071802526785e-27,3.4105575975784173e-19,8.841968639169893e-22,2.7578320876319853,0
9.729741745872936,0.5135396165477364,0.10249527731227233,0.018005770930591587,0.026522147107548365,0.017278462857752842,0.1501535067985095,0.04461217900897113,0.02883787886570443,0.10237052221580961,0.016987041142155455,2.3672071802526785e-27,3.4105575975784173e-19,8.841968639169893e-22,2.7578320876319853,0
9.73498124062031,0.513862210160084,0.10253369653606995,0.017971401390668707,0.026513616615000464,0.017253892411672037,0.15005850331754184,0.04462783974461919,0.028846619042190203,0.10233379267348328,0.016973584964283826,2.3672071802526785e-27,3.4105575975784173e-19,8.841968639169893e-22,2.7578320876319853,0
9.740220735367684,0.5141501722693261,0.10256687823042461,0.017936386611719254,0.026503223975398584,0.01722854585672818,0.14996215920614564,0.044641891462958154,0.028851957933721136,0.10229217476734309,0.016962007767339315,2.3672071802526785e-27,3.4105575975784173e-19,8.841968639169893e-22,2.7578320876319853,0
9.745460230115055,0.5143493911518594,0.10258663875558183,0.01789971840776419,0.026488059583970873,0.017201210522822755,0.14986237972927643,0.044651820074442586,0.028848581032555283,0.10223803042892993,0.016955245459020534,2.3672071802526785e-27,3.4105575975784173e-19,8.841968639169893e-22,2.7578320876319853,0
9.750699724862432,0.5145486100343927,0.10260639928073902,0.017863050203809117,0.026472895192543155,0.01717387518891732,0.1497626002524072,0.044661748685927025,0.028845204131389437,0.10218388609051679,0.016948483150701747,2.3672071802526785e-27,3.4105575975784173e-19,8.841968639169893e-22,2.7578320876319853,0
9.755939219609806,0.5147478289169259,0.10262615980589622,0.017826381999854053,0.02645773080111544,0.017146539855011893,0.149662820775538,0.044671677297411456,0.02884182723022359,0.10212974175210365,0.016941720842382966,2.3672071802526785e-27,3.4105575975784173e-19,8.841968639169893e-22,2.7578320876319853,0
9.76117871435718,0.5149470477994591,0.10264592033105344,0.017789713795898995,0.026442566409687736,0.017119204521106473,0.1495630412986688,0.04468160590889589,0.028838450329057738,0.10207559741369053,0.016934958534064185,2.3672071802526785e-27,3.4105575975784173e-19,8.841968639169893e-22,2.7578320876319853,0
9.766418209104552,0.5151462666819925,0.10266568085621064,0.01775304559194393,0.026427402018260018,0.017091869187201045,0.1494632618217996,0.04469153452038031,0.02883507342789189,0.10202145307527741,0.0169281962257454,2.3672071802526785e-27,3.4105575975784173e-19,8.841968639169893e-22,2.7578320876319853,0
9.771657703851927,0.5153454855645256,0.10268544138136783,0.017716377387988855,0.0264122376268323,0.01706453385329561,0.14936348234493038,0.04470146313186475,0.028831696526726045,0.10196730873686423,0.016921433917426617,2.3672071802526785e-27,3.4105575975784173e-19,8.841968639169893e-22,2.7578320876319853,0
9.7768971985993,0.5155447044470589,0.10270520190652503,0.01767970918403379,0.026397073235404588,0.017037198519390187,0.14926370286806115,0.044711391743349184,0.02882831962556019,0.1019131643984511,0.016914671609107833,2.3672071802526785e-27,3.4105575975784173e-19,8.841968639169893e-22,2.7578320876319853,0
9.782136693346674,0.5157439233295921,0.10272496243168222,0.017643040980078732,0.026381908843976877,0.01700986318548476,0.14916392339119194,0.04472132035483361,0.028824942724394342,0.10185902006003797,0.016907909300789052,2.3672071802526785e-27,3.4105575975784173e-19,8.841968639169893e-22,2.7578320876319853,0
9.787376188094049,0.5159431422121253,0.10274472295683944,0.01760637277612367,0.02636674445254917,0.016982527851579336,0.14906414391432277,0.04473124896631805,0.028821565823228496,0.10180487572162483,0.016901146992470268,2.3672071802526785e-27,3.4105575975784173e-19,8.841968639169893e-22,2.7578320876319853,0
9.792615682841422,0.5161028765045357,0.10274865382458694,0.017570034849362162,0.02635088164028972,0.01695456756396182,0.14894594894485547,0.044738747422098005,0.02881820442161808,0.10174201013953235,0.01689344404806588,2.3672071802526785e-27,3.4105575975784173e-19,8.841968639169893e-22,2.7578320876319853,0
9.797855177588795,0.5161506112384241,0.10270768326025896,0.01753463376656318,0.02633303773047873,0.016924834571103317,0.14877551772234582,0.04473935264775471,0.028814886985092786,0.101654406414311,0.01688307295322638,2.3672071802526785e-27,3.4105575975784173e-19,8.841968639169893e-22,2.7578320876319853,0
9.803094672336169,0.5161983459723125,0.10266671269593103,0.017499232683764195,0.026315193820667743,0.016895101578244816,0.14860508649983611,0.044739957873411416,0.028811569548567485,0.10156680268908964,0.016872701858386872,2.3672071802526785e-27,3.4105575975784173e-19,8.841968639169893e-22,2.7578320876319853,0
9.808334167083542,0.5162460807062009,0.10262574213160307,0.017463831600965214,0.026297349910856752,0.016865368585386314,0.14843465527732644,0.044740563099068105,0.028808252112042198,0.1014791989638683,0.016862330763547366,2.3672071802526785e-27,3.4105575975784173e-19,8.841968639169893e-22,2.7578320876319853,0
9.813573661830915,0.5162938154400892,0.1025847715672751,0.017428430518166227,0.02627950600104576,0.016835635592527813,0.14826422405481676,0.04474116832472481,0.0288049346755169,0.10139159523864698,0.016851959668707863,2.3672071802526785e-27,3.4105575975784173e-19,8.841968639169893e-22,2.7578320876319853,0
9.81881315657829,0.5163415501739775,0.10254380100294712,0.01739302943536723,0.026261662091234764,0.0168059025996693,0.14809379283230703,0.04474177355038151,0.028801617238991606,0.10130399151342558,0.016841588573868353,2.3672071802526785e-27,3.4105575975784173e-19,8.841968639169893e-22,2.7578320876319853,0
9.824052651325664,0.516389284907866,0.10250283043861916,0.01735762835256825,0.02624381818142378,0.016776169606810797,0.14792336160979738,0.0447423787760382,0.02879829980246631,0.10121638778820426,0.01683121747902885,2.3672071802526785e-27,3.4105575975784173e-19,8.841968639169893e-22,2.7578320876319853,0
9.829292146073035,0.5164370196417544,0.10246185987429121,0.01732222726976926,0.02622597427161279,0.016746436613952295,0.1477529303872877,0.0447429840016949,0.028794982365941017,0.10112878406298292,0.016820846384189344,2.3672071802526785e-27,3.4105575975784173e-19,8.841968639169893e-22,2.7578320876319853,0
9.83453164082041,0.5164847543756428,0.10242088930996325,0.01728682618697028,0.0262081303618018,0.01671670362109379,0.147582499164778,0.044743589227351596,0.02879166492941572,0.10104118033776154,0.01681047528934984,2.3672071802526785e-27,3.4105575975784173e-19,8.841968639169893e-22,2.7578320876319853,0
9.839771135567783,0.5165324891095312,0.10237991874563528,0.017251425104171287,0.026190286451990806,0.01668697062823528,0.1474120679422683,0.044744194453008306,0.028788347492890425,0.10095357661254019,0.01680010419451033,2.3672071802526785e-27,3.4105575975784173e-19,8.841968639169893e-22,2.7578320876319853,0
9.84501063031516,0.5165112455362755,0.10232420932931391,0.01721437857305909,0.026171348929349362,0.016657612632858313,0.14723051835899492,0.04473952657657384,0.028785066829824613,0.10085406096900197,0.01679022143478172,2.3672071802526785e-27,3.4105575975784173e-19,8.841968639169893e-22,2.7578320876319853,0
9.850250125062532,0.5162722891810966,0.10222198041138846,0.017172138595708316,0.026148959691211813,0.01662943822328243,0.14701387644956115,0.044718215471664206,0.0287819022329903,0.10071694833327612,0.016781879982746852,2.3672071802526785e-27,3.4105575975784173e-19,8.841968639169893e-22,2.7578320876319853,0
9.855489619809903,0.5160333328259177,0.10211975149346297,0.017129898618357547,0.02612657045307427,0.01660126381370655,0.14679723454012739,0.04469690436675456,0.028778737636155977,0.10057983569755026,0.01677353853071199,2.3672071802526785e-27,3.4105575975784173e-19,8.841968639169893e-22,2.7578320876319853,0
9.860729114557278,0.5157943764707387,0.1020175225755375,0.017087658641006767,0.02610418121493672,0.016573089404130673,0.14658059263069365,0.04467559326184492,0.028775573039321663,0.10044272306182442,0.016765197078677123,2.3672071802526785e-27,3.4105575975784173e-19,8.841968639169893e-22,2.7578320876319853,0
9.865968609304652,0.5155554201155597,0.10191529365761198,0.017045418663655984,0.026081791976799162,0.01654491499455478,0.14636395072125982,0.04465428215693527,0.02877240844248734,0.10030561042609852,0.016756855626642257,2.3672071802526785e-27,3.4105575975784173e-19,8.841968639169893e-22,2.7578320876319853,0
9.871208104052029,0.5153164637603808,0.10181306473968652,0.01700317868630521,0.026059402738661617,0.0165167405849789,0.14614730881182608,0.04463297105202563,0.028769243845653027,0.10016849779037267,0.01674851417460739,2.3672071802526785e-27,3.4105575975784173e-19,8.841968639169893e-22,2.7578320876319853,0
9.8764475987994,0.5150775074052018,0.10171083582176103,0.016960938708954435,0.02603701350052407,0.01648856617540302,0.14593066690239231,0.04461165994711599,0.028766079248818712,0.10003138515464682,0.016740172722572524,2.3672071802526785e-27,3.4105575975784173e-19,8.841968639169893e-22,2.7578320876319853,0
9.881687093546772,0.5148385510500229,0.10160860690383558,0.016918698731603662,0.02601462426238652,0.01646039176582714,0.14571402499295857,0.04459034884220634,0.028762914651984398,0.09989427251892097,0.01673183127053766,2.3672071802526785e-27,3.4105575975784173e-19,8.841968639169893e-22,2.7578320876319853,0
9.886926588294148,0.514599594694844,0.1015063779859101,0.016876458754252876,0.025992235024248963,0.01643221735625125,0.14549738308352475,0.044569037737296695,0.02875975005515008,0.09975715988319507,0.01672348981850279,2.3672071802526785e-27,3.4105575975784173e-19,8.841968639169893e-22,2.7578320876319853,0
9.892166083041522,0.5143606383396648,0.10140414906798462,0.016834218776902107,0.025969845786111414,0.01640404294667537,0.14528074117409098,0.04454772663238704,0.02875658545831576,0.09962004724746923,0.016715148366467925,2.3672071802526785e-27,3.4105575975784173e-19,8.841968639169893e-22,2.7578320876319853,0
9.897405577788897,0.5140914025205969,0.10128710829347906,0.01679209452112746,0.02594850357080765,0.016376752816702186,0.14505361495827815,0.04452536350312225,0.028750560894199424,0.09946818106759013,0.016706881615398735,2.3672071802526785e-27,3.4105575975784173e-19,8.841968639169893e-22,2.7578320876319853,0
9.902645072536268,0.513715156323467,0.10111772107128718,0.01675037923592302,0.02593086162938237,0.016352587811233988,0.14478943625060275,0.04449928242414776,0.028734428945711408,0.09926417452144218,0.01669887886433323,2.3672071802526785e-27,3.4105575975784173e-19,8.841968639169893e-22,2.7578320876319853,0
9.907884567283643,0.5133389101263368,0.10094833384909524,0.01670866395071857,0.02591321968795707,0.01632842280576578,0.1445252575429273,0.044473201345173255,0.028718296997223374,0.09906016797529416,0.016690876113267725,2.3672071802526785e-27,3.4105575975784173e-19,8.841968639169893e-22,2.7578320876319853,0
9.913124062031017,0.5129626639292069,0.10077894662690336,0.016666948665514124,0.02589557774653179,0.01630425780029758,0.14426107883525194,0.04444712026619876,0.028702165048735354,0.09885616142914623,0.01668287336220222,2.3672071802526785e-27,3.4105575975784173e-19,8.841968639169893e-22,2.7578320876319853,0
9.91836355677839,0.5125864177320768,0.10060955940471143,0.016625233380309683,0.025877935805106504,0.016280092794829382,0.14399690012757657,0.04442103918722427,0.028686033100247338,0.09865215488299825,0.01667487061113672,2.3672071802526785e-27,3.4105575975784173e-19,8.841968639169893e-22,2.7578320876319853,0
9.923603051525763,0.5122101715349467,0.10044017218251958,0.016583518095105238,0.025860293863681223,0.016255927789361184,0.1437327214199012,0.044394958108249775,0.02866990115175931,0.09844814833685027,0.016666867860071214,2.3672071802526785e-27,3.4105575975784173e-19,8.841968639169893e-22,2.7578320876319853,0
9.928842546273136,0.5118339253378168,0.1002707849603277,0.016541802809900797,0.025842651922255936,0.016231762783892986,0.1434685427122258,0.044368877029275285,0.028653769203271288,0.09824414179070239,0.016658865109005713,2.3672071802526785e-27,3.4105575975784173e-19,8.841968639169893e-22,2.7578320876319853,0
9.934082041020512,0.5114576791406865,0.10010139773813576,0.016500087524696345,0.025825009980830645,0.016207597778424777,0.14320436400455036,0.04434279595030078,0.028637637254783264,0.09804013524455432,0.016650862357940204,2.3672071802526785e-27,3.4105575975784173e-19,8.841968639169893e-22,2.7578320876319853,0
9.939321535767885,0.5110814329435566,0.09993201051594386,0.0164583722394919,0.02580736803940536,0.01618343277295658,0.14294018529687502,0.04431671487132629,0.028621505306295238,0.0978361286984064,0.0166428596068747,2.3672071802526785e-27,3.4105575975784173e-19,8.841968639169893e-22,2.7578320876319853,0
9.944561030515258,0.5107051867464265,0.09976262329375195,0.01641665695428746,0.025789726097980078,0.01615926776748838,0.14267600658919963,0.0442906337923518,0.028605373357807214,0.09763212215225843,0.016634856855809198,2.3672071802526785e-27,3.4105575975784173e-19,8.841968639169893e-22,2.7578320876319853,0
9.949800525262631,0.5102696184966319,0.09959060294171795,0.016374008055158203,0.025771312772281372,0.016134277851425266,0.1424141274324465,0.04425829509614239,0.02858791811570607,0.09742730349619244,0.016625346632886798,2.3672071802526785e-27,3.4105575975784173e-19,8.841968639169893e-22,2.7578320876319853,0
9.955040020010006,0.509597503561836,0.09940808298443832,0.016327636370503745,0.025749823551792395,0.01610599860436492,0.14216141773499597,0.04420100415120876,0.02856518624032254,0.09721924655182831,0.016609825365935013,2.3672071802526785e-27,3.4105575975784173e-19,8.841968639169893e-22,2.7578320876319853,0
9.96027951475738,0.5089253886270404,0.09922556302715874,0.016281264685849308,0.025728334331303428,0.016077719357304582,0.1419087080375455,0.04414371320627515,0.028542454364939022,0.09701118960746427,0.016594304098983235,2.3672071802526785e-27,3.4105575975784173e-19,8.841968639169893e-22,2.7578320876319853,0
9.965519009504751,0.5082532736922448,0.09904304306987917,0.016234893001194867,0.025706845110814457,0.016049440110244246,0.14165599834009499,0.04408642226134153,0.028519722489555508,0.09680313266310019,0.016578782832031458,2.3672071802526785e-27,3.4105575975784173e-19,8.841968639169893e-22,2.7578320876319853,0
9.970758504252126,0.5075811587574491,0.09886052311259959,0.016188521316540427,0.02568535589032549,0.01602116086318391,0.1414032886426445,0.044029131316407934,0.028496990614171984,0.09659507571873613,0.01656326156507968,2.3672071802526785e-27,3.4105575975784173e-19,8.841968639169893e-22,2.7578320876319853,0
9.9759979989995,0.5069090438226537,0.09867800315532002,0.016142149631885983,0.02566386666983652,0.015992881616123573,0.141150578945194,0.043971840371474315,0.028474258738788474,0.09638701877437207,0.016547740298127903,2.3672071802526785e-27,3.4105575975784173e-19,8.841968639169893e-22,2.7578320876319853,0
9.981237493746876,0.5062369288878579,0.09849548319804038,0.016095777947231524,0.025642377449347546,0.015964602369063226,0.14089786924774345,0.04391454942654068,0.02845152686340495,0.09617896183000793,0.01653221903117612,2.3672071802526785e-27,3.4105575975784173e-19,8.841968639169893e-22,2.7578320876319853,0
9.986476988494248,0.5055648139530622,0.0983129632407608,0.016049406262577084,0.025620888228858576,0.01593632312200289,0.14064515955029294,0.04385725848160708,0.028428794988021425,0.09597090488564386,0.016516697764224344,2.3672071802526785e-27,3.4105575975784173e-19,8.841968639169893e-22,2.7578320876319853,0
9.99171648324162,0.5048926990182666,0.09813044328348125,0.016003034577922647,0.025599399008369605,0.01590804387494255,0.14039244985284247,0.04379996753667346,0.02840606311263791,0.09576284794127979,0.016501176497272563,2.3672071802526785e-27,3.4105575975784173e-19,8.841968639169893e-22,2.7578320876319853,0
9.996955977988994,0.504220584083471,0.09794792332620166,0.015956662893268202,0.02557790978788064,0.015879764627882216,0.14013974015539196,0.04374267659173985,0.028383331237254388,0.09555479099691574,0.01648565523032079,2.3672071802526785e-27,3.4105575975784173e-19,8.841968639169893e-22,2.7578320876319853,0
10.00219547273637,0.5035347564266671,0.09775993732958,0.01590990313495284,0.025555597709654876,0.015851343575784046,0.13988366875358846,0.043688315076376355,0.02835977908949776,0.09534031332377946,0.016470576713691468,2.3672071802526785e-27,3.4105575975784173e-19,8.841968639169893e-22,2.7578320876319853,0
10.007434967483745,0.5027866501574102,0.09754712640428014,0.01586138087542756,0.025529548485874565,0.015822278492472454,0.13961232961118214,0.043647258053643966,0.028332501538046638,0.09509667484080325,0.01645750902144334,2.3672071802526785e-27,3.4105575975784173e-19,8.841968639169893e-22,2.7578320876319853,0
10.012674462231116,0.502038543888153,0.09733431547898026,0.01581285861590228,0.02550349926209425,0.015793213409160862,0.13934099046877582,0.04360620103091157,0.028305223986595518,0.09485303635782703,0.01644444132919521,2.3672071802526785e-27,3.4105575975784173e-19,8.841968639169893e-22,2.7578320876319853,0
10.01791395697849,0.5012904376188962,0.09712150455368042,0.015764336356376998,0.025477450038313938,0.015764148325849266,0.13906965132636953,0.04356514400817917,0.02827794643514439,0.0946093978748508,0.01643137363694708,2.3672071802526785e-27,3.4105575975784173e-19,8.841968639169893e-22,2.7578320876319853,0
10.023153451725864,0.5005423313496393,0.09690869362838059,0.01571581409685172,0.025451400814533627,0.015735083242537674,0.13879831218396319,0.043524086985446776,0.02825066888369327,0.09436575939187457,0.01641830594469895,2.3672071802526785e-27,3.4105575975784173e-19,8.841968639169893e-22,2.7578320876319853,0
10.028392946473238,0.49979422508038196,0.09669588270308063,0.01566729183732642,0.025425351590753303,0.015706018159226072,0.1385269730415568,0.04348302996271436,0.028223391332242134,0.09412212090889827,0.016405238252450816,2.3672071802526785e-27,3.4105575975784173e-19,8.841968639169893e-22,2.7578320876319853,0
10.033632441220613,0.4990461188111251,0.09648307177778077,0.015618769577801138,0.02539930236697299,0.01567695307591448,0.13825563389915047,0.04344197293998197,0.028196113780791014,0.09387848242592203,0.016392170560202687,2.3672071802526785e-27,3.4105575975784173e-19,8.841968639169893e-22,2.7578320876319853,0
10.038871935967984,0.4982980125418682,0.09627026085248087,0.015570247318275858,0.02537325314319268,0.015647887992602888,0.13798429475674415,0.04340091591724957,0.028168836229339893,0.09363484394294583,0.01637910286795456,2.3672071802526785e-27,3.4105575975784173e-19,8.841968639169893e-22,2.7578320876319853,0
10.044111430715358,0.49754990627261114,0.09605744992718103,0.015521725058750576,0.025347203919412364,0.015618822909291294,0.13771295561433786,0.04335985889451718,0.02814155867788876,0.0933912054599696,0.016366035175706426,2.3672071802526785e-27,3.4105575975784173e-19,8.841968639169893e-22,2.7578320876319853,0
10.049350925462733,0.496801800003354,0.09584463900188112,0.015473202799225278,0.025321154695632044,0.015589757825979692,0.13744161647193145,0.043318801871784766,0.02811428112643763,0.09314756697699329,0.016352967483458294,2.3672071802526785e-27,3.4105575975784173e-19,8.841968639169893e-22,2.7578320876319853,0
10.054590420210106,0.49604414215098813,0.09563262328479062,0.015425338665556992,0.02529451524015242,0.01556144314936924,0.1371756987880891,0.04327674512090425,0.028086616401401043,0.0929107012531843,0.016339098987864814,2.3672071802526785e-27,3.4105575975784173e-19,8.841968639169893e-22,2.7578320876319853,0
10.05982991495748,0.49523648773078693,0.09542476998567115,0.015380919409421413,0.025264786290621725,0.015537056382835061,0.13693815905141776,0.043229455417998414,0.028056925064628015,0.09270928669064127,0.01632103878726052,2.3672071802526785e-27,3.4105575975784173e-19,8.841968639169893e-22,2.7578320876319853,0
10.065069409704853,0.49442883331058557,0.09521691668655166,0.015336500153285835,0.025235057341091036,0.015512669616300883,0.13670061931474642,0.043182165715092584,0.02802723372785499,0.09250787212809825,0.016302978586656226,2.3672071802526785e-27,3.4105575975784173e-19,8.841968639169893e-22,2.7578320876319853,0
10.070308904452228,0.49362117889038415,0.0950090633874321,0.01529208089715024,0.025205328391560335,0.015488282849766695,0.136463079578075,0.04313487601218674,0.027997542391081952,0.09230645756555515,0.016284918386051925,2.3672071802526785e-27,3.4105575975784173e-19,8.841968639169893e-22,2.7578320876319853,0
10.0755483991996,0.4928135244701828,0.09480121008831262,0.015247661641014659,0.02517559944202964,0.015463896083232518,0.13622553984140362,0.0430875863092809,0.02796785105430893,0.09210504300301212,0.01626685818544763,2.3672071802526785e-27,3.4105575975784173e-19,8.841968639169893e-22,2.7578320876319853,0
10.080787893946974,0.4920058700499815,0.09459335678919314,0.01520324238487908,0.02514587049249895,0.015439509316698337,0.13598800010473228,0.04304029660637507,0.027938159717535906,0.09190362844046908,0.016248797984843334,2.3672071802526785e-27,3.4105575975784173e-19,8.841968639169893e-22,2.7578320876319853,0
10.086027388694347,0.49119821562978017,0.09438550349007366,0.0151588231287435,0.025116141542968255,0.015415122550164159,0.1357504603680609,0.04299300690346924,0.027908468380762885,0.09170221387792606,0.01623073778423904,2.3672071802526785e-27,3.4105575975784173e-19,8.841968639169893e-22,2.7578320876319853,0
10.09126688344172,0.490390561209579,0.09417765019095414,0.015114403872607922,0.025086412593437562,0.01539073578362998,0.13551292063138956,0.042945717200563414,0.02787877704398986,0.09150079931538305,0.016212677583634746,2.3672071802526785e-27,3.4105575975784173e-19,8.841968639169893e-22,2.7578320876319853,0
10.096506378189096,0.4895829067893774,0.0939697968918346,0.015069984616472328,0.02505668364390686,0.015366349017095795,0.13527538089471813,0.042898427497657564,0.027849085707216826,0.09129938475283994,0.016194617383030446,2.3672071802526785e-27,3.4105575975784173e-19,8.841968639169893e-22,2.7578320876319853,0
10.101745872936467,0.4887752523691761,0.09376194359271511,0.015025565360336748,0.025026954694376168,0.015341962250561614,0.1350378411580468,0.04285113779475172,0.0278193943704438,0.09109797019029692,0.01617655718242615,2.3672071802526785e-27,3.4105575975784173e-19,8.841968639169893e-22,2.7578320876319853,0
10.106985367683842,0.4879643472071328,0.09355877012969178,0.01498142834205175,0.024997252996488962,0.01531731799001546,0.13480227273638612,0.04280344817812202,0.02778907676129059,0.090896599049691,0.016158548742338907,2.3672071802526785e-27,3.4105575975784173e-19,8.841968639169893e-22,2.7578320876319853,0
10.112224862431216,0.4871335312513071,0.09338426066275726,0.014939020030601557,0.024967718214918097,0.01529109657864596,0.13457877861916592,0.04275330908993364,0.02775492323380878,0.09069549386844981,0.01614085733541861,2.3672071802526785e-27,3.4105575975784173e-19,8.841968639169893e-22,2.7578320876319853,0
10.11746435717859,0.486302715295481,0.0932097511958227,0.014896611719151347,0.024938183433347222,0.01526487516727645,0.13435528450194567,0.04270317000174522,0.027720769706326955,0.09049438868720854,0.01612316592849831,2.3672071802526785e-27,3.4105575975784173e-19,8.841968639169893e-22,2.7578320876319853,0
10.122703851925964,0.4854718993396552,0.09303524172888822,0.014854203407701154,0.024908648651776357,0.01523865375590695,0.13413179038472545,0.042653030913556836,0.02768661617884514,0.09029328350596735,0.01610547452157802,2.3672071802526785e-27,3.4105575975784173e-19,8.841968639169893e-22,2.7578320876319853,0
10.127943346673336,0.48464108338382944,0.09286073226195371,0.014811795096250961,0.024879113870205492,0.015212432344537449,0.13390829626750528,0.04260289182536845,0.027652462651363324,0.09009217832472616,0.016087783114657722,2.3672071802526785e-27,3.4105575975784173e-19,8.841968639169893e-22,2.7578320876319853,0
10.13318284142071,0.4838102674280037,0.09268622279501922,0.014769386784800767,0.024849579088634628,0.015186210933167948,0.13368480215028508,0.04255275273718006,0.027618309123881513,0.08989107314348496,0.016070091707737426,2.3672071802526785e-27,3.4105575975784173e-19,8.841968639169893e-22,2.7578320876319853,0
10.138422336168084,0.4829794514721778,0.09251171332808471,0.014726978473350574,0.024820044307063763,0.015159989521798445,0.13346130803306488,0.042502613648991674,0.027584155596399696,0.08968996796224377,0.016052400300817133,2.3672071802526785e-27,3.4105575975784173e-19,8.841968639169893e-22,2.7578320876319853,0
10.14366183091546,0.48214863551635173,0.09233720386115016,0.014684570161900367,0.02479050952549289,0.015133768110428937,0.1332378139158446,0.04245247456080326,0.02755000206891787,0.0894888627810025,0.01603470889389683,2.3672071802526785e-27,3.4105575975784173e-19,8.841968639169893e-22,2.7578320876319853,0
10.148901325662832,0.48131781956052605,0.09216269439421566,0.014642161850450173,0.024760974743922026,0.015107546699059435,0.1330143197986244,0.04240233547261487,0.027515848541436058,0.0892877575997613,0.016017017486976537,2.3672071802526785e-27,3.4105575975784173e-19,8.841968639169893e-22,2.7578320876319853,0
10.154140820410204,0.48048700360470026,0.09198818492728116,0.01459975353899998,0.02473143996235116,0.015081325287689936,0.1327908256814042,0.04235219638442648,0.027481695013954248,0.08908665241852011,0.015999326080056244,2.3672071802526785e-27,3.4105575975784173e-19,8.841968639169893e-22,2.7578320876319853,0
10.15938031515758,0.4796531018323633,0.09181086001484594,0.014557986968087803,0.024702287224325905,0.015055511604572181,0.13256346147658654,0.04230245638873476,0.027447453707079874,0.08888882660697116,0.01598173048609478,2.3672071802526785e-27,3.4105575975784173e-19,8.841968639169893e-22,2.7578320876319853,0
10.164619809904954,0.47879663502678843,0.09161294715718682,0.014520913124859862,0.024675928179727913,0.01503267943429531,0.13230779725621233,0.04225563475692493,0.027412570513397398,0.08871498118629648,0.01596483552439474,2.3672071802526785e-27,3.4105575975784173e-19,8.841968639169893e-22,2.7578320876319853,0
10.169859304652327,0.4779401682212139,0.09141503429952777,0.014483839281631933,0.024649569135129935,0.015009847264018446,0.13205213303583824,0.042208813125115124,0.027377687319714936,0.08854113576562186,0.01594794056269471,2.3672071802526785e-27,3.4105575975784173e-19,8.841968639169893e-22,2.7578320876319853,0
10.1750987993997,0.47708370141563927,0.0912171214418687,0.014446765438404004,0.024623210090531953,0.014987015093741583,0.1317964688154641,0.042161991493305316,0.027342804126032478,0.08836729034494724,0.015931045600994682,2.3672071802526785e-27,3.4105575975784173e-19,8.841968639169893e-22,2.7578320876319853,0
10.180338294147074,0.4762272346100647,0.09101920858420964,0.014409691595176076,0.02459685104593397,0.01496418292346472,0.13154080459509,0.04211516986149551,0.027307920932350016,0.08819344492427261,0.015914150639294654,2.3672071802526785e-27,3.4105575975784173e-19,8.841968639169893e-22,2.7578320876319853,0
10.185577788894449,0.47537076780449006,0.0908212957265506,0.014372617751948147,0.02457049200133599,0.014941350753187857,0.13128514037471586,0.0420683482296857,0.027273037738667554,0.088019599503598,0.015897255677594622,2.3672071802526785e-27,3.4105575975784173e-19,8.841968639169893e-22,2.7578320876319853,0
10.190817283641822,0.4745143009989152,0.09062338286889146,0.014335543908720204,0.024544132956738,0.014918518582910987,0.13102947615434168,0.04202152659787588,0.027238154544985085,0.08784575408292333,0.01588036071589459,2.3672071802526785e-27,3.4105575975784173e-19,8.841968639169893e-22,2.7578320876319853,0
10.196056778389195,0.47365783419334057,0.0904254700112324,0.014298470065492275,0.02451777391214002,0.014895686412634123,0.13077381193396753,0.04197470496606607,0.02720327135130262,0.08767190866224872,0.015863465754194558,2.3672071802526785e-27,3.4105575975784173e-19,8.841968639169893e-22,2.7578320876319853,0
10.201296273136569,0.472801367387766,0.09022755715357333,0.014261396222264348,0.024491414867542038,0.014872854242357259,0.13051814771359344,0.04192788333425626,0.027168388157620158,0.08749806324157411,0.01584657079249453,2.3672071802526785e-27,3.4105575975784173e-19,8.841968639169893e-22,2.7578320876319853,0
10.206535767883942,0.47194490058219135,0.09002964429591429,0.014224322379036418,0.024465055822944056,0.014850022072080398,0.1302624834932193,0.04188106170244645,0.027133504963937703,0.0873242178208995,0.0158296758307945,2.3672071802526785e-27,3.4105575975784173e-19,8.841968639169893e-22,2.7578320876319853,0
10.211775262631315,0.4710852762137627,0.08982915699914866,0.014187626341242238,0.024439016991554097,0.014827062734993528,0.13000625996856707,0.04183515054673023,0.027098573451957625,0.08715100474811995,0.015813069738433883,2.3672071802526785e-27,3.4105575975784173e-19,8.841968639169893e-22,2.7578320876319853,0
10.21701475737869,0.47019731271872184,0.08960556411140236,0.014154321107216062,0.024415852073706217,0.014802962075786939,0.12974501668801947,0.04179741091395412,0.02706320828325658,0.08698346699769917,0.01579905624839451,2.3672071802526785e-27,3.4105575975784173e-19,8.841968639169893e-22,2.7578320876319853,0
10.222254252126064,0.46930934922368095,0.08938197122365607,0.014121015873189887,0.024392687155858336,0.014778861416580349,0.12948377340747189,0.04175967128117801,0.027027843114555535,0.08681592924727838,0.015785042758355135,2.3672071802526785e-27,3.4105575975784173e-19,8.841968639169893e-22,2.7578320876319853,0
10.227493746873437,0.46842138572864017,0.08915837833590975,0.014087710639163711,0.024369522238010453,0.01475476075737376,0.1292225301269243,0.0417219316484019,0.026992477945854486,0.0866483914968576,0.015771029268315764,2.3672071802526785e-27,3.4105575975784173e-19,8.841968639169893e-22,2.7578320876319853,0
10.232733241620812,0.46753342223359895,0.0889347854481634,0.014054405405137525,0.02434635732016257,0.014730660098167161,0.12896128684637664,0.04168419201562577,0.026957112777153434,0.08648085374643677,0.015757015778276387,2.3672071802526785e-27,3.4105575975784173e-19,8.841968639169893e-22,2.7578320876319853,0
10.237972736368183,0.4666454587385581,0.08871119256041708,0.01402110017111135,0.024323192402314685,0.014706559438960574,0.12870004356582906,0.04164645238284966,0.02692174760845239,0.08631331599601598,0.015743002288237017,2.3672071802526785e-27,3.4105575975784173e-19,8.841968639169893e-22,2.7578320876319853,0
10.243212231115558,0.4657574952435172,0.0884875996726708,0.013987794937085173,0.024300027484466805,0.014682458779753984,0.12843880028528148,0.041608712750073544,0.02688638243975134,0.0861457782455952,0.015728988798197643,2.3672071802526785e-27,3.4105575975784173e-19,8.841968639169893e-22,2.7578320876319853,0
10.248451725862932,0.4648695317484764,0.08826400678492449,0.013954489703058999,0.024276862566618925,0.014658358120547395,0.1281775570047339,0.04157097311729743,0.026851017271050295,0.08597824049517443,0.015714975308158272,2.3672071802526785e-27,3.4105575975784173e-19,8.841968639169893e-22,2.7578320876319853,0
10.253691220610303,0.46398156825343545,0.08804041389717819,0.013921184469032824,0.02425369764877104,0.014634257461340805,0.1279163137241863,0.04153323348452132,0.02681565210234925,0.08581070274475365,0.015700961818118902,2.3672071802526785e-27,3.4105575975784173e-19,8.841968639169893e-22,2.7578320876319853,0
10.25893071535768,0.46309360475839423,0.0878168210094318,0.013887879235006638,0.024230532730923154,0.014610156802134207,0.12765507044363864,0.0414954938517452,0.02678028693364819,0.0856431649943328,0.01568694832807952,2.3672071802526785e-27,3.4105575975784173e-19,8.841968639169893e-22,2.7578320876319853,0
10.264170210105052,0.46219943351640147,0.08759111038513649,0.013854355852838758,0.024207797369227794,0.014586577876453248,0.12739704809883318,0.04145786588196792,0.026745609313029616,0.08547698048853362,0.015673431846619748,2.3672071802526785e-27,3.4105575975784173e-19,8.841968639169893e-22,2.7578320876319853,0
10.269409704852428,0.4612340671765532,0.08734111196979467,0.013818330584170726,0.024189988479656668,0.014568982582144353,0.12717596586082044,0.04142151854720853,0.02671881700948184,0.08532631600698828,0.015665615432307184,2.3672071802526785e-27,3.4105575975784173e-19,8.841968639169893e-22,2.7578320876319853,0
10.2746491995998,0.460268700836705,0.08709111355445286,0.013782305315502693,0.024172179590085534,0.014551387287835458,0.12695488362280766,0.04138517121244915,0.02669202470593407,0.08517565152544297,0.015657799017994616,2.3672071802526785e-27,3.4105575975784173e-19,8.841968639169893e-22,2.7578320876319853,0
10.279888694347177,0.45930333449685645,0.08684111513911096,0.013746280046834649,0.0241543707005144,0.014533791993526555,0.12673380138479484,0.041348823877689754,0.026665232402386285,0.08502498704389758,0.015649982603682052,2.3672071802526785e-27,3.4105575975784173e-19,8.841968639169893e-22,2.7578320876319853,0
10.285128189094548,0.4583379681570081,0.08659111672376914,0.013710254778166616,0.024136561810943268,0.014516196699217662,0.12651271914678205,0.04131247654293036,0.026638440098838513,0.08487432256235225,0.015642166189369488,2.3672071802526785e-27,3.4105575975784173e-19,8.841968639169893e-22,2.7578320876319853,0
10.290367683841922,0.4573726018171599,0.08634111830842733,0.013674229509498585,0.02411875292137214,0.014498601404908764,0.12629163690876932,0.04127612920817098,0.02661164779529074,0.08472365808080692,0.015634349775056924,2.3672071802526785e-27,3.4105575975784173e-19,8.841968639169893e-22,2.7578320876319853,0
10.295607178589297,0.4564072354773116,0.08609111989308552,0.013638204240830553,0.02410094403180101,0.014481006110599869,0.12607055467075653,0.041239781873411596,0.026584855491742967,0.08457299359926158,0.015626533360744363,2.3672071802526785e-27,3.4105575975784173e-19,8.841968639169893e-22,2.7578320876319853,0
10.300846673336668,0.4554418691374633,0.08584112147774368,0.01360217897216252,0.02408313514222988,0.014463410816290972,0.12584947243274378,0.04120343453865221,0.026558063188195195,0.08442232911771626,0.015618716946431799,2.3672071802526785e-27,3.4105575975784173e-19,8.841968639169893e-22,2.7578320876319853,0
10.306086168084043,0.45447650279761476,0.0855911230624018,0.013566153703494475,0.024065326252658743,0.014445815521982071,0.12562839019473093,0.04116708720389281,0.02653127088464741,0.08427166463617088,0.015610900532119231,2.3672071802526785e-27,3.4105575975784173e-19,8.841968639169893e-22,2.7578320876319853,0
10.311325662831416,0.4535111364577666,0.08534112464705998,0.013530128434826443,0.024047517363087613,0.014428220227673174,0.1254073079567182,0.041130739869133424,0.02650447858109964,0.08412100015462555,0.015603084117806669,2.3672071802526785e-27,3.4105575975784173e-19,8.841968639169893e-22,2.7578320876319853,0
10.31656515757879,0.4525504853821746,0.08509221138666971,0.013494505730690816,0.024029534868503125,0.01441078129524381,0.12518968227463848,0.04109527679993413,0.026477906736238902,0.08396695331192999,0.01559484465583613,2.3672071802526785e-27,3.4105575975784173e-19,8.841968639169893e-22,2.7578320876319853,0
10.321804652326165,0.4516635103105867,0.08486025367239748,0.013465173097374017,0.024008839795584897,0.014395785517182102,0.1250260652790124,0.04107363038011117,0.026454779558363145,0.08376005707626212,0.015579995074209723,2.3672071802526785e-27,3.4105575975784173e-19,8.841968639169893e-22,2.7578320876319853,0
10.327044147073538,0.4507765352389986,0.08462829595812513,0.013435840464057205,0.023988144722666662,0.014380789739120388,0.12486244828338629,0.0410519839602882,0.026431652380487374,0.08355316084059418,0.015565145492583315,2.3672071802526785e-27,3.4105575975784173e-19,8.841968639169893e-22,2.7578320876319853,0
10.332283641820911,0.44988956016741066,0.08439633824385288,0.013406507830740407,0.023967449649748437,0.01436579396105868,0.12469883128776021,0.04103033754046525,0.026408525202611617,0.0833462646049263,0.01555029591095691,2.3672071802526785e-27,3.4105575975784173e-19,8.841968639169893e-22,2.7578320876319853,0
10.337523136568285,0.4490025850958229,0.08416438052958061,0.013377175197423609,0.023946754576830213,0.014350798182996973,0.12453521429213416,0.04100869112064229,0.026385398024735853,0.08313936836925843,0.015535446329330503,2.3672071802526785e-27,3.4105575975784173e-19,8.841968639169893e-22,2.7578320876319853,0
10.342762631315658,0.448115610024235,0.08393242281530836,0.013347842564106807,0.023926059503911988,0.014335802404935264,0.1243715972965081,0.040987044700819326,0.026362270846860093,0.08293247213359058,0.015520596747704098,2.3672071802526785e-27,3.4105575975784173e-19,8.841968639169893e-22,2.7578320876319853,0
10.348002126063031,0.4472286349526471,0.0837004651010361,0.013318509930790009,0.02390536443099376,0.014320806626873555,0.12420798030088202,0.040965398280996365,0.026339143668984332,0.0827255758979227,0.015505747166077694,2.3672071802526785e-27,3.4105575975784173e-19,8.841968639169893e-22,2.7578320876319853,0
10.353241620810406,0.44634165988105906,0.08346850738676377,0.013289177297473198,0.02388466935807553,0.014305810848811844,0.12404436330525592,0.0409437518611734,0.026316016491108565,0.08251867966225476,0.015490897584451283,2.3672071802526785e-27,3.4105575975784173e-19,8.841968639169893e-22,2.7578320876319853,0
10.35848111555778,0.4454546848094712,0.08323654967249151,0.0132598446641564,0.023863974285157304,0.014290815070750135,0.12388074630962985,0.040922105441350436,0.026292889313232804,0.08231178342658689,0.015476048002824877,2.3672071802526785e-27,3.4105575975784173e-19,8.841968639169893e-22,2.7578320876319853,0
10.363720610305151,0.44456770973788334,0.08300459195821924,0.013230512030839598,0.02384327921223908,0.014275819292688428,0.12371712931400379,0.04090045902152748,0.026269762135357044,0.08210488719091903,0.015461198421198473,2.3672071802526785e-27,3.4105575975784173e-19,8.841968639169893e-22,2.7578320876319853,0
10.368960105052526,0.4436855906842732,0.0827747133653983,0.01320129215992597,0.023822904199881326,0.01426097742421562,0.12355108220690973,0.04087888874159397,0.026246629425857544,0.08189985950224017,0.015446651772467894,2.3672071802526785e-27,3.4105575975784173e-19,8.841968639169893e-22,2.7578320876319853,0
10.3741995997999,0.4429197125610051,0.08259460374231792,0.013174771539038205,0.02381019063718992,0.014249819766527139,0.12332686430655017,0.04085914106026413,0.026223364303114675,0.08173956015711105,0.015439356579931209,2.3672071802526785e-27,3.4105575975784173e-19,8.841968639169893e-22,2.7578320876319853,0
10.379439094547276,0.4421538344377372,0.08241449411923761,0.013148250918150448,0.023797477074498523,0.01423866210883866,0.12310264640619067,0.0408393933789343,0.026200099180371812,0.08157926081198198,0.015432061387394528,2.3672071802526785e-27,3.4105575975784173e-19,8.841968639169893e-22,2.7578320876319853,0
10.384678589294648,0.44138795631446925,0.0822343844961573,0.013121730297262693,0.02378476351180712,0.014227504451150182,0.12287842850583118,0.040819645697604476,0.02617683405762895,0.08141896146685292,0.015424766194857846,2.3672071802526785e-27,3.4105575975784173e-19,8.841968639169893e-22,2.7578320876319853,0
10.38991808404202,0.4406220781912014,0.082054274873077,0.013095209676374937,0.02377204994911572,0.014216346793461702,0.1226542106054717,0.04079989801627464,0.02615356893488609,0.08125866212172385,0.015417471002321166,2.3672071802526785e-27,3.4105575975784173e-19,8.841968639169893e-22,2.7578320876319853,0
10.395157578789396,0.43985620006793325,0.08187416524999663,0.013068689055487172,0.02375933638642432,0.01420518913577322,0.12242999270511214,0.0407801503349448,0.026130303812143225,0.08109836277659473,0.01541017580978448,2.3672071802526785e-27,3.4105575975784173e-19,8.841968639169893e-22,2.7578320876319853,0
10.40039707353677,0.43909032194466535,0.08169405562691631,0.013042168434599415,0.023746622823732917,0.014194031478084741,0.12220577480475264,0.040760402653614976,0.026107038689400362,0.08093806343146566,0.015402880617247799,2.3672071802526785e-27,3.4105575975784173e-19,8.841968639169893e-22,2.7578320876319853,0
10.405636568284145,0.43832444382139746,0.081513946003836,0.01301564781371166,0.023733909261041516,0.014182873820396263,0.12198155690439316,0.04074065497228514,0.026083773566657503,0.08077776408633659,0.015395585424711119,2.3672071802526785e-27,3.4105575975784173e-19,8.841968639169893e-22,2.7578320876319853,0
10.410876063031516,0.43755856569812956,0.0813338363807557,0.012989127192823904,0.023721195698350118,0.014171716162707784,0.12175733900403367,0.04072090729095531,0.02606050844391464,0.08061746474120753,0.015388290232174437,2.3672071802526785e-27,3.4105575975784173e-19,8.841968639169893e-22,2.7578320876319853,0
10.41611555777889,0.43679268757486167,0.08115372675767539,0.01296260657193615,0.023708482135658716,0.014160558505019306,0.12153312110367419,0.04070115960962548,0.026037243321171785,0.08045716539607846,0.015380995039637756,2.3672071802526785e-27,3.4105575975784173e-19,8.841968639169893e-22,2.7578320876319853,0
10.421355052526264,0.43603219773806523,0.0809745642111254,0.012936254949537688,0.023695876185653983,0.014149458395702747,0.12130977088491707,0.040681562234368376,0.02601398898528168,0.08029760709964576,0.01537377185771459,2.3672071802526785e-27,3.4105575975784173e-19,8.841968639169893e-22,2.7578320876319853,0
10.426594547273638,0.4355350604025719,0.08084169002999735,0.012918163128303854,0.023688529805710075,0.014141170963063871,0.1211288286044798,0.04066931106841598,0.025991261856820682,0.08017426755825051,0.015370068194527154,2.3672071802526785e-27,3.4105575975784173e-19,8.841968639169893e-22,2.7578320876319853,0
10.431834042021013,0.43503792306707856,0.08070881584886928,0.012900071307070018,0.02368118342576617,0.014132883530424998,0.1209478863240425,0.04065705990246358,0.025968534728359683,0.08005092801685525,0.01536636453133972,2.3672071802526785e-27,3.4105575975784173e-19,8.841968639169893e-22,2.7578320876319853,0
10.437073536768384,0.4345407857315852,0.08057594166774124,0.012881979485836184,0.023673837045822266,0.014124596097786124,0.12076694404360523,0.040644808736511176,0.02594580759989868,0.07992758847545998,0.015362660868152283,2.3672071802526785e-27,3.4105575975784173e-19,8.841968639169893e-22,2.7578320876319853,0
10.44231303151576,0.4340436483960917,0.08044306748661313,0.012863887664602346,0.02366649066587836,0.014116308665147247,0.12058600176316787,0.040632557570558774,0.025923080471437675,0.07980424893406467,0.015358957204964847,2.3672071802526785e-27,3.4105575975784173e-19,8.841968639169893e-22,2.7578320876319853,0
10.447552526263133,0.4335465110605984,0.08031019330548508,0.012845795843368512,0.023659144285934457,0.014108021232508372,0.1204050594827306,0.04062030640460638,0.025900353342976676,0.07968090939266942,0.015355253541777412,2.3672071802526785e-27,3.4105575975784173e-19,8.841968639169893e-22,2.7578320876319853,0
10.452792021010506,0.43304937372510505,0.08017731912435702,0.012827704022134678,0.023651797905990556,0.0140997337998695,0.1202241172022933,0.040608055238653976,0.025877626214515677,0.07955756985127416,0.015351549878589976,2.3672071802526785e-27,3.4105575975784173e-19,8.841968639169893e-22,2.7578320876319853,0
10.45803151575788,0.4325522363896117,0.08004444494322897,0.012809612200900843,0.023644451526046648,0.014091446367230627,0.12004317492185601,0.04059580407270157,0.025854899086054678,0.0794342303098789,0.015347846215402541,2.3672071802526785e-27,3.4105575975784173e-19,8.841968639169893e-22,2.7578320876319853,0
10.463271010505252,0.4320550990541184,0.07991157076210091,0.01279152037966701,0.023637105146102743,0.014083158934591751,0.11986223264141874,0.04058355290674917,0.025832171957593675,0.07931089076848363,0.015344142552215107,2.3672071802526785e-27,3.4105575975784173e-19,8.841968639169893e-22,2.7578320876319853,0
10.468510505252627,0.43155796171862487,0.07977869658097281,0.012773428558433171,0.02362975876615884,0.014074871501952874,0.1196812903609814,0.04057130174079677,0.02580944482913267,0.07918755122708833,0.015340438889027669,2.3672071802526785e-27,3.4105575975784173e-19,8.841968639169893e-22,2.7578320876319853,0
10.47375,0.43106082438313154,0.07964582239984476,0.012755336737199337,0.023622412386214934,0.014066584069314,0.1195003480805441,0.04055905057484437,0.02578671770067167,0.07906421168569307,0.015336735225840234,2.3672071802526785e-27,3.4105575975784173e-19,8.841968639169893e-22,2.7578320876319853,0
