r (A),g(r)_weighted_Cl-Cl,g(r)_weighted_K-Cl,g(r)_weighted_K-K,g(r)_weighted_K-Na,g(r)_weighted_Na-Cl,g(r)_weighted_Na-Na,S_i_K-Cl,S_i_Na-Cl,Average_SCL,SCL_BC
0.0,0.0,0.0,0.0,0.0,0.0,0.0,1.0,1.0,4.609468757831063,4.32778
0.0052394947473736,0.0,0.0,0.0,0.0,0.0,0.0,1.0,1.0,4.609468757831063,4.32778
0.0104789894947473,0.0,0.0,0.0,0.0,0.0,0.0,1.0,1.0,4.609468757831063,4.32778
0.015718484242121,0.0,0.0,0.0,0.0,0.0,0.0,1.0,1.0,4.609468757831063,4.32778
0.0209579789894947,0.0,0.0,0.0,0.0,0.0,0.0,1.0,1.0,4.609468757831063,4.32778
0.0261974737368684,0.0,0.0,0.0,0.0,0.0,0.0,1.0,1.0,4.609468757831063,4.32778
0.0314369684842421,0.0,0.0,0.0,0.0,0.0,0.0,1.0,1.0,4.609468757831063,4.32778
0.0366764632316158,0.0,0.0,0.0,0.0,0.0,0.0,1.0,1.0,4.609468757831063,4.32778
0.0419159579789895,0.0,0.0,0.0,0.0,0.0,0.0,1.0,1.0,4.609468757831063,4.32778
0.0471554527263631,0.0,0.0,0.0,0.0,0.0,0.0,1.0,1.0,4.609468757831063,4.32778
0.0523949474737368,0.0,0.0,0.0,0.0,0.0,0.0,1.0,1.0,4.609468757831063,4.32778
0.0576344422211105,0.0,0.0,0.0,0.0,0.0,0.0,1.0,1.0,4.609468757831063,4.32778
0.0628739369684842,0.0,0.0,0.0,0.0,0.0,0.0,1.0,1.0,4.609468757831063,4.32778
0.0681134317158579,0.0,0.0,0.0,0.0,0.0,0.0,1.0,1.0,4.609468757831063,4.32778
0.0733529264632316,0.0,0.0,0.0,0.0,0.0,0.0,1.0,1.0,4.609468757831063,4.32778
0.0785924212106053,0.0,0.0,0.0,0.0,0.0,0.0,1.0,1.0,4.609468757831063,4.32778
0.083831915957979,0.0,0.0,0.0,0.0,0.0,0.0,1.0,1.0,4.609468757831063,4.32778
0.0890714107053526,0.0,0.0,0.0,0.0,0.0,0.0,1.0,1.0,4.609468757831063,4.32778
0.0943109054527263,0.0,0.0,0.0,0.0,0.0,0.0,1.0,1.0,4.609468757831063,4.32778
0.0995504002001,0.0,0.0,0.0,0.0,0.0,0.0,1.0,1.0,4.609468757831063,4.32778
0.1047898949474737,0.0,0.0,0.0,0.0,0.0,0.0,1.0,1.0,4.609468757831063,4.32778
0.1100293896948474,0.0,0.0,0.0,0.0,0.0,0.0,1.0,1.0,4.609468757831063,4.32778
0.1152688844422211,0.0,0.0,0.0,0.0,0.0,0.0,1.0,1.0,4.609468757831063,4.32778
0.1205083791895948,0.0,0.0,0.0,0.0,0.0,0.0,1.0,1.0,4.609468757831063,4.32778
0.1257478739369684,0.0,0.0,0.0,0.0,0.0,0.0,1.0,1.0,4.609468757831063,4.32778
0.1309873686843422,0.0,0.0,0.0,0.0,0.0,0.0,1.0,1.0,4.609468757831063,4.32778
0.1362268634317158,0.0,0.0,0.0,0.0,0.0,0.0,1.0,1.0,4.609468757831063,4.32778
0.1414663581790895,0.0,0.0,0.0,0.0,0.0,0.0,1.0,1.0,4.609468757831063,4.32778
0.1467058529264632,0.0,0.0,0.0,0.0,0.0,0.0,1.0,1.0,4.609468757831063,4.32778
0.1519453476738369,0.0,0.0,0.0,0.0,0.0,0.0,1.0,1.0,4.609468757831063,4.32778
0.1571848424212106,0.0,0.0,0.0,0.0,0.0,0.0,1.0,1.0,4.609468757831063,4.32778
0.1624243371685843,0.0,0.0,0.0,0.0,0.0,0.0,1.0,1.0,4.609468757831063,4.32778
0.167663831915958,0.0,0.0,0.0,0.0,0.0,0.0,1.0,1.0,4.609468757831063,4.32778
0.1729033266633316,0.0,0.0,0.0,0.0,0.0,0.0,1.0,1.0,4.609468757831063,4.32778
0.1781428214107053,0.0,0.0,0.0,0.0,0.0,0.0,1.0,1.0,4.609468757831063,4.32778
0.183382316158079,0.0,0.0,0.0,0.0,0.0,0.0,1.0,1.0,4.609468757831063,4.32778
0.1886218109054527,0.0,0.0,0.0,0.0,0.0,0.0,1.0,1.0,4.609468757831063,4.32778
0.1938613056528264,0.0,0.0,0.0,0.0,0.0,0.0,1.0,1.0,4.609468757831063,4.32778
0.1991008004002001,0.0,0.0,0.0,0.0,0.0,0.0,1.0,1.0,4.609468757831063,4.32778
0.2043402951475738,0.0,0.0,0.0,0.0,0.0,0.0,1.0,1.0,4.609468757831063,4.32778
0.2095797898949475,0.0,0.0,0.0,0.0,0.0,0.0,1.0,1.0,4.609468757831063,4.32778
0.2148192846423211,0.0,0.0,0.0,0.0,0.0,0.0,1.0,1.0,4.609468757831063,4.32778
0.2200587793896948,0.0,0.0,0.0,0.0,0.0,0.0,1.0,1.0,4.609468757831063,4.32778
0.2252982741370685,0.0,0.0,0.0,0.0,0.0,0.0,1.0,1.0,4.609468757831063,4.32778
0.2305377688844422,0.0,0.0,0.0,0.0,0.0,0.0,1.0,1.0,4.609468757831063,4.32778
0.2357772636318159,0.0,0.0,0.0,0.0,0.0,0.0,1.0,1.0,4.609468757831063,4.32778
0.2410167583791896,0.0,0.0,0.0,0.0,0.0,0.0,1.0,1.0,4.609468757831063,4.32778
0.2462562531265633,0.0,0.0,0.0,0.0,0.0,0.0,1.0,1.0,4.609468757831063,4.32778
0.2514957478739369,0.0,0.0,0.0,0.0,0.0,0.0,1.0,1.0,4.609468757831063,4.32778
0.2567352426213106,0.0,0.0,0.0,0.0,0.0,0.0,1.0,1.0,4.609468757831063,4.32778
0.2619747373686844,0.0,0.0,0.0,0.0,0.0,0.0,1.0,1.0,4.609468757831063,4.32778
0.267214232116058,0.0,0.0,0.0,0.0,0.0,0.0,1.0,1.0,4.609468757831063,4.32778
0.2724537268634317,0.0,0.0,0.0,0.0,0.0,0.0,1.0,1.0,4.609468757831063,4.32778
0.2776932216108054,0.0,0.0,0.0,0.0,0.0,0.0,1.0,1.0,4.609468757831063,4.32778
0.2829327163581791,0.0,0.0,0.0,0.0,0.0,0.0,1.0,1.0,4.609468757831063,4.32778
0.2881722111055528,0.0,0.0,0.0,0.0,0.0,0.0,1.0,1.0,4.609468757831063,4.32778
0.2934117058529265,0.0,0.0,0.0,0.0,0.0,0.0,1.0,1.0,4.609468757831063,4.32778
0.2986512006003001,0.0,0.0,0.0,0.0,0.0,0.0,1.0,1.0,4.609468757831063,4.32778
0.3038906953476739,0.0,0.0,0.0,0.0,0.0,0.0,1.0,1.0,4.609468757831063,4.32778
0.3091301900950475,0.0,0.0,0.0,0.0,0.0,0.0,1.0,1.0,4.609468757831063,4.32778
0.3143696848424212,0.0,0.0,0.0,0.0,0.0,0.0,1.0,1.0,4.609468757831063,4.32778
0.3196091795897949,0.0,0.0,0.0,0.0,0.0,0.0,1.0,1.0,4.609468757831063,4.32778
0.3248486743371686,0.0,0.0,0.0,0.0,0.0,0.0,1.0,1.0,4.609468757831063,4.32778
0.3300881690845423,0.0,0.0,0.0,0.0,0.0,0.0,1.0,1.0,4.609468757831063,4.32778
0.335327663831916,0.0,0.0,0.0,0.0,0.0,0.0,1.0,1.0,4.609468757831063,4.32778
0.3405671585792896,0.0,0.0,0.0,0.0,0.0,0.0,1.0,1.0,4.609468757831063,4.32778
0.3458066533266633,0.0,0.0,0.0,0.0,0.0,0.0,1.0,1.0,4.609468757831063,4.32778
0.351046148074037,0.0,0.0,0.0,0.0,0.0,0.0,1.0,1.0,4.609468757831063,4.32778
0.3562856428214107,0.0,0.0,0.0,0.0,0.0,0.0,1.0,1.0,4.609468757831063,4.32778
0.3615251375687844,0.0,0.0,0.0,0.0,0.0,0.0,1.0,1.0,4.609468757831063,4.32778
0.3667646323161581,0.0,0.0,0.0,0.0,0.0,0.0,1.0,1.0,4.609468757831063,4.32778
0.3720041270635318,0.0,0.0,0.0,0.0,0.0,0.0,1.0,1.0,4.609468757831063,4.32778
0.3772436218109055,0.0,0.0,0.0,0.0,0.0,0.0,1.0,1.0,4.609468757831063,4.32778
0.3824831165582791,0.0,0.0,0.0,0.0,0.0,0.0,1.0,1.0,4.609468757831063,4.32778
0.3877226113056528,0.0,0.0,0.0,0.0,0.0,0.0,1.0,1.0,4.609468757831063,4.32778
0.3929621060530265,0.0,0.0,0.0,0.0,0.0,0.0,1.0,1.0,4.609468757831063,4.32778
0.3982016008004002,0.0,0.0,0.0,0.0,0.0,0.0,1.0,1.0,4.609468757831063,4.32778
0.4034410955477739,0.0,0.0,0.0,0.0,0.0,0.0,1.0,1.0,4.609468757831063,4.32778
0.4086805902951476,0.0,0.0,0.0,0.0,0.0,0.0,1.0,1.0,4.609468757831063,4.32778
0.4139200850425213,0.0,0.0,0.0,0.0,0.0,0.0,1.0,1.0,4.609468757831063,4.32778
0.419159579789895,0.0,0.0,0.0,0.0,0.0,0.0,1.0,1.0,4.609468757831063,4.32778
0.4243990745372686,0.0,0.0,0.0,0.0,0.0,0.0,1.0,1.0,4.609468757831063,4.32778
0.4296385692846423,0.0,0.0,0.0,0.0,0.0,0.0,1.0,1.0,4.609468757831063,4.32778
0.434878064032016,0.0,0.0,0.0,0.0,0.0,0.0,1.0,1.0,4.609468757831063,4.32778
0.4401175587793897,0.0,0.0,0.0,0.0,0.0,0.0,1.0,1.0,4.609468757831063,4.32778
0.4453570535267634,0.0,0.0,0.0,0.0,0.0,0.0,1.0,1.0,4.609468757831063,4.32778
0.4505965482741371,0.0,0.0,0.0,0.0,0.0,0.0,1.0,1.0,4.609468757831063,4.32778
0.4558360430215107,0.0,0.0,0.0,0.0,0.0,0.0,1.0,1.0,4.609468757831063,4.32778
0.4610755377688845,0.0,0.0,0.0,0.0,0.0,0.0,1.0,1.0,4.609468757831063,4.32778
0.4663150325162581,0.0,0.0,0.0,0.0,0.0,0.0,1.0,1.0,4.609468757831063,4.32778
0.4715545272636318,0.0,0.0,0.0,0.0,0.0,0.0,1.0,1.0,4.609468757831063,4.32778
0.4767940220110055,0.0,0.0,0.0,0.0,0.0,0.0,1.0,1.0,4.609468757831063,4.32778
0.4820335167583792,0.0,0.0,0.0,0.0,0.0,0.0,1.0,1.0,4.609468757831063,4.32778
0.4872730115057529,0.0,0.0,0.0,0.0,0.0,0.0,1.0,1.0,4.609468757831063,4.32778
0.4925125062531266,0.0,0.0,0.0,0.0,0.0,0.0,1.0,1.0,4.609468757831063,4.32778
0.4977520010005002,0.0,0.0,0.0,0.0,0.0,0.0,1.0,1.0,4.609468757831063,4.32778
0.5029914957478739,0.0,0.0,0.0,0.0,0.0,0.0,1.0,1.0,4.609468757831063,4.32778
0.5082309904952477,0.0,0.0,0.0,0.0,0.0,0.0,1.0,1.0,4.609468757831063,4.32778
0.5134704852426213,0.0,0.0,0.0,0.0,0.0,0.0,1.0,1.0,4.609468757831063,4.32778
0.518709979989995,0.0,0.0,0.0,0.0,0.0,0.0,1.0,1.0,4.609468757831063,4.32778
0.5239494747373687,0.0,0.0,0.0,0.0,0.0,0.0,1.0,1.0,4.609468757831063,4.32778
0.5291889694847424,0.0,0.0,0.0,0.0,0.0,0.0,1.0,1.0,4.609468757831063,4.32778
0.5344284642321161,0.0,0.0,0.0,0.0,0.0,0.0,1.0,1.0,4.609468757831063,4.32778
0.5396679589794898,0.0,0.0,0.0,0.0,0.0,0.0,1.0,1.0,4.609468757831063,4.32778
0.5449074537268634,0.0,0.0,0.0,0.0,0.0,0.0,1.0,1.0,4.609468757831063,4.32778
0.5501469484742372,0.0,0.0,0.0,0.0,0.0,0.0,1.0,1.0,4.609468757831063,4.32778
0.5553864432216108,0.0,0.0,0.0,0.0,0.0,0.0,1.0,1.0,4.609468757831063,4.32778
0.5606259379689845,0.0,0.0,0.0,0.0,0.0,0.0,1.0,1.0,4.609468757831063,4.32778
0.5658654327163583,0.0,0.0,0.0,0.0,0.0,0.0,1.0,1.0,4.609468757831063,4.32778
0.5711049274637319,0.0,0.0,0.0,0.0,0.0,0.0,1.0,1.0,4.609468757831063,4.32778
0.5763444222111056,0.0,0.0,0.0,0.0,0.0,0.0,1.0,1.0,4.609468757831063,4.32778
0.5815839169584793,0.0,0.0,0.0,0.0,0.0,0.0,1.0,1.0,4.609468757831063,4.32778
0.586823411705853,0.0,0.0,0.0,0.0,0.0,0.0,1.0,1.0,4.609468757831063,4.32778
0.5920629064532267,0.0,0.0,0.0,0.0,0.0,0.0,1.0,1.0,4.609468757831063,4.32778
0.5973024012006003,0.0,0.0,0.0,0.0,0.0,0.0,1.0,1.0,4.609468757831063,4.32778
0.602541895947974,0.0,0.0,0.0,0.0,0.0,0.0,1.0,1.0,4.609468757831063,4.32778
0.6077813906953478,0.0,0.0,0.0,0.0,0.0,0.0,1.0,1.0,4.609468757831063,4.32778
0.6130208854427214,0.0,0.0,0.0,0.0,0.0,0.0,1.0,1.0,4.609468757831063,4.32778
0.6182603801900951,0.0,0.0,0.0,0.0,0.0,0.0,1.0,1.0,4.609468757831063,4.32778
0.6234998749374687,0.0,0.0,0.0,0.0,0.0,0.0,1.0,1.0,4.609468757831063,4.32778
0.6287393696848425,0.0,0.0,0.0,0.0,0.0,0.0,1.0,1.0,4.609468757831063,4.32778
0.6339788644322162,0.0,0.0,0.0,0.0,0.0,0.0,1.0,1.0,4.609468757831063,4.32778
0.6392183591795898,0.0,0.0,0.0,0.0,0.0,0.0,1.0,1.0,4.609468757831063,4.32778
0.6444578539269635,0.0,0.0,0.0,0.0,0.0,0.0,1.0,1.0,4.609468757831063,4.32778
0.6496973486743373,0.0,0.0,0.0,0.0,0.0,0.0,1.0,1.0,4.609468757831063,4.32778
0.6549368434217109,0.0,0.0,0.0,0.0,0.0,0.0,1.0,1.0,4.609468757831063,4.32778
0.6601763381690846,0.0,0.0,0.0,0.0,0.0,0.0,1.0,1.0,4.609468757831063,4.32778
0.6654158329164582,0.0,0.0,0.0,0.0,0.0,0.0,1.0,1.0,4.609468757831063,4.32778
0.670655327663832,0.0,0.0,0.0,0.0,0.0,0.0,1.0,1.0,4.609468757831063,4.32778
0.6758948224112057,0.0,0.0,0.0,0.0,0.0,0.0,1.0,1.0,4.609468757831063,4.32778
0.6811343171585793,0.0,0.0,0.0,0.0,0.0,0.0,1.0,1.0,4.609468757831063,4.32778
0.686373811905953,0.0,0.0,0.0,0.0,0.0,0.0,1.0,1.0,4.609468757831063,4.32778
0.6916133066533267,0.0,0.0,0.0,0.0,0.0,0.0,1.0,1.0,4.609468757831063,4.32778
0.6968528014007004,0.0,0.0,0.0,0.0,0.0,0.0,1.0,1.0,4.609468757831063,4.32778
0.7020922961480741,0.0,0.0,0.0,0.0,0.0,0.0,1.0,1.0,4.609468757831063,4.32778
0.7073317908954477,0.0,0.0,0.0,0.0,0.0,0.0,1.0,1.0,4.609468757831063,4.32778
0.7125712856428215,0.0,0.0,0.0,0.0,0.0,0.0,1.0,1.0,4.609468757831063,4.32778
0.7178107803901952,0.0,0.0,0.0,0.0,0.0,0.0,1.0,1.0,4.609468757831063,4.32778
0.7230502751375688,0.0,0.0,0.0,0.0,0.0,0.0,1.0,1.0,4.609468757831063,4.32778
0.7282897698849425,0.0,0.0,0.0,0.0,0.0,0.0,1.0,1.0,4.609468757831063,4.32778
0.7335292646323162,0.0,0.0,0.0,0.0,0.0,0.0,1.0,1.0,4.609468757831063,4.32778
0.7387687593796899,0.0,0.0,0.0,0.0,0.0,0.0,1.0,1.0,4.609468757831063,4.32778
0.7440082541270636,0.0,0.0,0.0,0.0,0.0,0.0,1.0,1.0,4.609468757831063,4.32778
0.7492477488744372,0.0,0.0,0.0,0.0,0.0,0.0,1.0,1.0,4.609468757831063,4.32778
0.754487243621811,0.0,0.0,0.0,0.0,0.0,0.0,1.0,1.0,4.609468757831063,4.32778
0.7597267383691846,0.0,0.0,0.0,0.0,0.0,0.0,1.0,1.0,4.609468757831063,4.32778
0.7649662331165583,0.0,0.0,0.0,0.0,0.0,0.0,1.0,1.0,4.609468757831063,4.32778
0.770205727863932,0.0,0.0,0.0,0.0,0.0,0.0,1.0,1.0,4.609468757831063,4.32778
0.7754452226113057,0.0,0.0,0.0,0.0,0.0,0.0,1.0,1.0,4.609468757831063,4.32778
0.7806847173586794,0.0,0.0,0.0,0.0,0.0,0.0,1.0,1.0,4.609468757831063,4.32778
0.7859242121060531,0.0,0.0,0.0,0.0,0.0,0.0,1.0,1.0,4.609468757831063,4.32778
0.7911637068534267,0.0,0.0,0.0,0.0,0.0,0.0,1.0,1.0,4.609468757831063,4.32778
0.7964032016008005,0.0,0.0,0.0,0.0,0.0,0.0,1.0,1.0,4.609468757831063,4.32778
0.8016426963481741,0.0,0.0,0.0,0.0,0.0,0.0,1.0,1.0,4.609468757831063,4.32778
0.8068821910955478,0.0,0.0,0.0,0.0,0.0,0.0,1.0,1.0,4.609468757831063,4.32778
0.8121216858429215,0.0,0.0,0.0,0.0,0.0,0.0,1.0,1.0,4.609468757831063,4.32778
0.8173611805902952,0.0,0.0,0.0,0.0,0.0,0.0,1.0,1.0,4.609468757831063,4.32778
0.8226006753376689,0.0,0.0,0.0,0.0,0.0,0.0,1.0,1.0,4.609468757831063,4.32778
0.8278401700850426,0.0,0.0,0.0,0.0,0.0,0.0,1.0,1.0,4.609468757831063,4.32778
0.8330796648324162,0.0,0.0,0.0,0.0,0.0,0.0,1.0,1.0,4.609468757831063,4.32778
0.83831915957979,0.0,0.0,0.0,0.0,0.0,0.0,1.0,1.0,4.609468757831063,4.32778
0.8435586543271636,0.0,0.0,0.0,0.0,0.0,0.0,1.0,1.0,4.609468757831063,4.32778
0.8487981490745373,0.0,0.0,0.0,0.0,0.0,0.0,1.0,1.0,4.609468757831063,4.32778
0.854037643821911,0.0,0.0,0.0,0.0,0.0,0.0,1.0,1.0,4.609468757831063,4.32778
0.8592771385692847,0.0,0.0,0.0,0.0,0.0,0.0,1.0,1.0,4.609468757831063,4.32778
0.8645166333166584,0.0,0.0,0.0,0.0,0.0,0.0,1.0,1.0,4.609468757831063,4.32778
0.869756128064032,0.0,0.0,0.0,0.0,0.0,0.0,1.0,1.0,4.609468757831063,4.32778
0.8749956228114057,0.0,0.0,0.0,0.0,0.0,0.0,1.0,1.0,4.609468757831063,4.32778
0.8802351175587795,0.0,0.0,0.0,0.0,0.0,0.0,1.0,1.0,4.609468757831063,4.32778
0.8854746123061531,0.0,0.0,0.0,0.0,0.0,0.0,1.0,1.0,4.609468757831063,4.32778
0.8907141070535268,0.0,0.0,0.0,0.0,0.0,0.0,1.0,1.0,4.609468757831063,4.32778
0.8959536018009006,0.0,0.0,0.0,0.0,0.0,0.0,1.0,1.0,4.609468757831063,4.32778
0.9011930965482742,0.0,0.0,0.0,0.0,0.0,0.0,1.0,1.0,4.609468757831063,4.32778
0.906432591295648,0.0,0.0,0.0,0.0,0.0,0.0,1.0,1.0,4.609468757831063,4.32778
0.9116720860430216,0.0,0.0,0.0,0.0,0.0,0.0,1.0,1.0,4.609468757831063,4.32778
0.9169115807903953,0.0,0.0,0.0,0.0,0.0,0.0,1.0,1.0,4.609468757831063,4.32778
0.922151075537769,0.0,0.0,0.0,0.0,0.0,0.0,1.0,1.0,4.609468757831063,4.32778
0.9273905702851426,0.0,0.0,0.0,0.0,0.0,0.0,1.0,1.0,4.609468757831063,4.32778
0.9326300650325164,0.0,0.0,0.0,0.0,0.0,0.0,1.0,1.0,4.609468757831063,4.32778
0.93786955977989,0.0,0.0,0.0,0.0,0.0,0.0,1.0,1.0,4.609468757831063,4.32778
0.9431090545272636,0.0,0.0,0.0,0.0,0.0,0.0,1.0,1.0,4.609468757831063,4.32778
0.9483485492746374,0.0,0.0,0.0,0.0,0.0,0.0,1.0,1.0,4.609468757831063,4.32778
0.953588044022011,0.0,0.0,0.0,0.0,0.0,0.0,1.0,1.0,4.609468757831063,4.32778
0.9588275387693848,0.0,0.0,0.0,0.0,0.0,0.0,1.0,1.0,4.609468757831063,4.32778
0.9640670335167584,0.0,0.0,0.0,0.0,0.0,0.0,1.0,1.0,4.609468757831063,4.32778
0.969306528264132,0.0,0.0,0.0,0.0,0.0,0.0,1.0,1.0,4.609468757831063,4.32778
0.9745460230115058,0.0,0.0,0.0,0.0,0.0,0.0,1.0,1.0,4.609468757831063,4.32778
0.9797855177588796,0.0,0.0,0.0,0.0,0.0,0.0,1.0,1.0,4.609468757831063,4.32778
0.9850250125062532,0.0,0.0,0.0,0.0,0.0,0.0,1.0,1.0,4.609468757831063,4.32778
0.9902645072536268,0.0,0.0,0.0,0.0,0.0,0.0,1.0,1.0,4.609468757831063,4.32778
0.9955040020010004,0.0,0.0,0.0,0.0,0.0,0.0,1.0,1.0,4.609468757831063,4.32778
1.0007434967483742,0.0,0.0,0.0,0.0,0.0,0.0,1.0,1.0,4.609468757831063,4.32778
1.005982991495748,0.0,0.0,0.0,0.0,0.0,0.0,1.0,1.0,4.609468757831063,4.32778
1.0112224862431216,0.0,0.0,0.0,0.0,0.0,0.0,1.0,1.0,4.609468757831063,4.32778
1.0164619809904951,0.0,0.0,0.0,0.0,0.0,0.0,1.0,1.0,4.609468757831063,4.32778
1.021701475737869,0.0,0.0,0.0,0.0,0.0,0.0,1.0,1.0,4.609468757831063,4.32778
1.0269409704852426,0.0,0.0,0.0,0.0,0.0,0.0,1.0,1.0,4.609468757831063,4.32778
1.0321804652326163,0.0,0.0,0.0,0.0,0.0,0.0,1.0,1.0,4.609468757831063,4.32778
1.03741995997999,0.0,0.0,0.0,0.0,0.0,0.0,1.0,1.0,4.609468757831063,4.32778
1.0426594547273638,0.0,0.0,0.0,0.0,0.0,0.0,1.0,1.0,4.609468757831063,4.32778
1.0478989494747375,0.0,0.0,0.0,0.0,0.0,0.0,1.0,1.0,4.609468757831063,4.32778
1.0531384442221112,0.0,0.0,0.0,0.0,0.0,0.0,1.0,1.0,4.609468757831063,4.32778
1.0583779389694847,0.0,0.0,0.0,0.0,0.0,0.0,1.0,1.0,4.609468757831063,4.32778
1.0636174337168585,0.0,0.0,0.0,0.0,0.0,0.0,1.0,1.0,4.609468757831063,4.32778
1.0688569284642322,0.0,0.0,0.0,0.0,0.0,0.0,1.0,1.0,4.609468757831063,4.32778
1.074096423211606,0.0,0.0,0.0,0.0,0.0,0.0,1.0,1.0,4.609468757831063,4.32778
1.0793359179589797,0.0,0.0,0.0,0.0,0.0,0.0,1.0,1.0,4.609468757831063,4.32778
1.0845754127063532,0.0,0.0,0.0,0.0,0.0,0.0,1.0,1.0,4.609468757831063,4.32778
1.0898149074537269,0.0,0.0,0.0,0.0,0.0,0.0,1.0,1.0,4.609468757831063,4.32778
1.0950544022011006,0.0,0.0,0.0,0.0,0.0,0.0,1.0,1.0,4.609468757831063,4.32778
1.1002938969484743,0.0,0.0,0.0,0.0,0.0,0.0,1.0,1.0,4.609468757831063,4.32778
1.105533391695848,0.0,0.0,0.0,0.0,0.0,0.0,1.0,1.0,4.609468757831063,4.32778
1.1107728864432216,0.0,0.0,0.0,0.0,0.0,0.0,1.0,1.0,4.609468757831063,4.32778
1.116012381190595,0.0,0.0,0.0,0.0,0.0,0.0,1.0,1.0,4.609468757831063,4.32778
1.121251875937969,0.0,0.0,0.0,0.0,0.0,0.0,1.0,1.0,4.609468757831063,4.32778
1.1264913706853428,0.0,0.0,0.0,0.0,0.0,0.0,1.0,1.0,4.609468757831063,4.32778
1.1317308654327165,0.0,0.0,0.0,0.0,0.0,0.0,1.0,1.0,4.609468757831063,4.32778
1.13697036018009,0.0,0.0,0.0,0.0,0.0,0.0,1.0,1.0,4.609468757831063,4.32778
1.1422098549274635,0.0,0.0,0.0,0.0,0.0,0.0,1.0,1.0,4.609468757831063,4.32778
1.1474493496748377,0.0,0.0,0.0,0.0,0.0,0.0,1.0,1.0,4.609468757831063,4.32778
1.1526888444222112,0.0,0.0,0.0,0.0,0.0,0.0,1.0,1.0,4.609468757831063,4.32778
1.157928339169585,0.0,0.0,0.0,0.0,0.0,0.0,1.0,1.0,4.609468757831063,4.32778
1.1631678339169589,0.0,0.0,0.0,0.0,0.0,0.0,1.0,1.0,4.609468757831063,4.32778
1.1684073286643322,0.0,0.0,0.0,0.0,0.0,0.0,1.0,1.0,4.609468757831063,4.32778
1.173646823411706,0.0,0.0,0.0,0.0,0.0,0.0,1.0,1.0,4.609468757831063,4.32778
1.1788863181590796,0.0,0.0,0.0,0.0,0.0,0.0,1.0,1.0,4.609468757831063,4.32778
1.1841258129064534,0.0,0.0,0.0,0.0,0.0,0.0,1.0,1.0,4.609468757831063,4.32778
1.189365307653827,0.0,0.0,0.0,0.0,0.0,0.0,1.0,1.0,4.609468757831063,4.32778
1.1946048024012006,0.0,0.0,0.0,0.0,0.0,0.0,1.0,1.0,4.609468757831063,4.32778
1.1998442971485743,0.0,0.0,0.0,0.0,0.0,0.0,1.0,1.0,4.609468757831063,4.32778
1.205083791895948,0.0,0.0,0.0,0.0,0.0,0.0,1.0,1.0,4.609468757831063,4.32778
1.2103232866433218,0.0,0.0,0.0,0.0,0.0,0.0,1.0,1.0,4.609468757831063,4.32778
1.2155627813906955,0.0,0.0,0.0,0.0,0.0,0.0,1.0,1.0,4.609468757831063,4.32778
1.220802276138069,0.0,0.0,0.0,0.0,0.0,0.0,1.0,1.0,4.609468757831063,4.32778
1.2260417708854427,0.0,0.0,0.0,0.0,0.0,0.0,1.0,1.0,4.609468757831063,4.32778
1.2312812656328165,0.0,0.0,0.0,0.0,0.0,0.0,1.0,1.0,4.609468757831063,4.32778
1.2365207603801902,0.0,0.0,0.0,0.0,0.0,0.0,1.0,1.0,4.609468757831063,4.32778
1.241760255127564,0.0,0.0,0.0,0.0,0.0,0.0,1.0,1.0,4.609468757831063,4.32778
1.2469997498749374,0.0,0.0,0.0,0.0,0.0,0.0,1.0,1.0,4.609468757831063,4.32778
1.2522392446223112,0.0,0.0,0.0,0.0,0.0,0.0,1.0,1.0,4.609468757831063,4.32778
1.257478739369685,0.0,0.0,0.0,0.0,0.0,0.0,1.0,1.0,4.609468757831063,4.32778
1.2627182341170586,0.0,0.0,0.0,0.0,0.0,0.0,1.0,1.0,4.609468757831063,4.32778
1.2679577288644324,0.0,0.0,0.0,0.0,0.0,0.0,1.0,1.0,4.609468757831063,4.32778
1.273197223611806,0.0,0.0,0.0,0.0,0.0,0.0,1.0,1.0,4.609468757831063,4.32778
1.2784367183591796,0.0,0.0,0.0,0.0,0.0,0.0,1.0,1.0,4.609468757831063,4.32778
1.283676213106553,0.0,0.0,0.0,0.0,0.0,0.0,1.0,1.0,4.609468757831063,4.32778
1.288915707853927,0.0,0.0,0.0,0.0,0.0,0.0,1.0,1.0,4.609468757831063,4.32778
1.2941552026013008,0.0,0.0,0.0,0.0,0.0,0.0,1.0,1.0,4.609468757831063,4.32778
1.2993946973486743,0.0,0.0,0.0,0.0,0.0,0.0,1.0,1.0,4.609468757831063,4.32778
1.304634192096048,0.0,0.0,0.0,0.0,0.0,0.0,1.0,1.0,4.609468757831063,4.32778
1.3098736868434218,0.0,0.0,0.0,0.0,0.0,0.0,1.0,1.0,4.609468757831063,4.32778
1.3151131815907957,0.0,0.0,0.0,0.0,0.0,0.0,1.0,1.0,4.609468757831063,4.32778
1.3203526763381692,0.0,0.0,0.0,0.0,0.0,0.0,1.0,1.0,4.609468757831063,4.32778
1.325592171085543,0.0,0.0,0.0,0.0,0.0,0.0,1.0,1.0,4.609468757831063,4.32778
1.3308316658329165,0.0,0.0,0.0,0.0,0.0,0.0,1.0,1.0,4.609468757831063,4.32778
1.3360711605802902,0.0,0.0,0.0,0.0,0.0,0.0,1.0,1.0,4.609468757831063,4.32778
1.341310655327664,0.0,0.0,0.0,0.0,0.0,0.0,1.0,1.0,4.609468757831063,4.32778
1.3465501500750376,0.0,0.0,0.0,0.0,0.0,0.0,1.0,1.0,4.609468757831063,4.32778
1.3517896448224114,0.0,0.0,0.0,0.0,0.0,0.0,1.0,1.0,4.609468757831063,4.32778
1.3570291395697849,0.0,0.0,0.0,0.0,0.0,0.0,1.0,1.0,4.609468757831063,4.32778
1.3622686343171586,0.0,0.0,0.0,0.0,0.0,0.0,1.0,1.0,4.609468757831063,4.32778
1.3675081290645323,0.0,0.0,0.0,0.0,0.0,0.0,1.0,1.0,4.609468757831063,4.32778
1.372747623811906,0.0,0.0,0.0,0.0,0.0,0.0,1.0,1.0,4.609468757831063,4.32778
1.3779871185592798,0.0,0.0,0.0,0.0,0.0,0.0,1.0,1.0,4.609468757831063,4.32778
1.3832266133066533,0.0,0.0,0.0,0.0,0.0,0.0,1.0,1.0,4.609468757831063,4.32778
1.388466108054027,0.0,0.0,0.0,0.0,0.0,0.0,1.0,1.0,4.609468757831063,4.32778
1.3937056028014008,0.0,0.0,0.0,0.0,0.0,0.0,1.0,1.0,4.609468757831063,4.32778
1.3989450975487745,0.0,0.0,0.0,0.0,0.0,0.0,1.0,1.0,4.609468757831063,4.32778
1.4041845922961482,0.0,0.0,0.0,0.0,0.0,0.0,1.0,1.0,4.609468757831063,4.32778
1.409424087043522,0.0,0.0,0.0,0.0,0.0,0.0,1.0,1.0,4.609468757831063,4.32778
1.4146635817908957,0.0,0.0,0.0,0.0,0.0,0.0,1.0,1.0,4.609468757831063,4.32778
1.4199030765382692,0.0,0.0,0.0,0.0,0.0,0.0,1.0,1.0,4.609468757831063,4.32778
1.425142571285643,0.0,0.0,0.0,0.0,0.0,0.0,1.0,1.0,4.609468757831063,4.32778
1.4303820660330169,0.0,0.0,0.0,0.0,0.0,0.0,1.0,1.0,4.609468757831063,4.32778
1.4356215607803904,0.0,0.0,0.0,0.0,0.0,0.0,1.0,1.0,4.609468757831063,4.32778
1.440861055527764,0.0,0.0,0.0,0.0,0.0,0.0,1.0,1.0,4.609468757831063,4.32778
1.4461005502751376,0.0,0.0,0.0,0.0,0.0,0.0,1.0,1.0,4.609468757831063,4.32778
1.4513400450225111,0.0,0.0,0.0,0.0,0.0,0.0,1.0,1.0,4.609468757831063,4.32778
1.456579539769885,0.0,0.0,0.0,0.0,0.0,0.0,1.0,1.0,4.609468757831063,4.32778
1.4618190345172588,0.0,0.0,0.0,0.0,0.0,0.0,1.0,1.0,4.609468757831063,4.32778
1.4670585292646323,0.0,0.0,0.0,0.0,0.0,0.0,1.0,1.0,4.609468757831063,4.32778
1.472298024012006,0.0,0.0,0.0,0.0,0.0,0.0,1.0,1.0,4.609468757831063,4.32778
1.4775375187593798,0.0,0.0,0.0,0.0,0.0,0.0,1.0,1.0,4.609468757831063,4.32778
1.4827770135067535,0.0,0.0,0.0,0.0,0.0,0.0,1.0,1.0,4.609468757831063,4.32778
1.4880165082541272,0.0,0.0,0.0,0.0,0.0,0.0,1.0,1.0,4.609468757831063,4.32778
1.4932560030015007,0.0,0.0,0.0,0.0,0.0,0.0,1.0,1.0,4.609468757831063,4.32778
1.4984954977488745,0.0,0.0,0.0,0.0,0.0,0.0,1.0,1.0,4.609468757831063,4.32778
1.5037349924962482,0.0,0.0,0.0,0.0,0.0,0.0,1.0,1.0,4.609468757831063,4.32778
1.508974487243622,0.0,0.0,0.0,0.0,0.0,0.0,1.0,1.0,4.609468757831063,4.32778
1.5142139819909957,0.0,0.0,0.0,0.0,0.0,0.0,1.0,1.0,4.609468757831063,4.32778
1.5194534767383692,0.0,0.0,0.0,0.0,0.0,0.0,1.0,1.0,4.609468757831063,4.32778
1.524692971485743,0.0,0.0,0.0,0.0,0.0,0.0,1.0,1.0,4.609468757831063,4.32778
1.5299324662331166,0.0,0.0,0.0,0.0,0.0,0.0,1.0,1.0,4.609468757831063,4.32778
1.5351719609804904,0.0,0.0,0.0,0.0,0.0,0.0,1.0,1.0,4.609468757831063,4.32778
1.540411455727864,0.0,0.0,0.0,0.0,0.0,0.0,1.0,1.0,4.609468757831063,4.32778
1.5456509504752378,0.0,0.0,0.0,0.0,0.0,0.0,1.0,1.0,4.609468757831063,4.32778
1.550890445222611,0.0,0.0,0.0,0.0,0.0,0.0,1.0,1.0,4.609468757831063,4.32778
1.556129939969985,0.0,0.0,0.0,0.0,0.0,0.0,1.0,1.0,4.609468757831063,4.32778
1.5613694347173588,0.0,0.0,0.0,0.0,0.0,0.0,1.0,1.0,4.609468757831063,4.32778
1.5666089294647323,0.0,0.0,0.0,0.0,0.0,0.0,1.0,1.0,4.609468757831063,4.32778
1.5718484242121062,0.0,0.0,0.0,0.0,0.0,0.0,1.0,1.0,4.609468757831063,4.32778
1.5770879189594798,0.0,0.0,0.0,0.0,0.0,0.0,1.0,1.0,4.609468757831063,4.32778
1.5823274137068537,0.0,0.0,0.0,0.0,0.0,0.0,1.0,1.0,4.609468757831063,4.32778
1.5875669084542272,0.0,0.0,0.0,0.0,0.0,0.0,1.0,1.0,4.609468757831063,4.32778
1.592806403201601,0.0,0.0,0.0,0.0,0.0,0.0,1.0,1.0,4.609468757831063,4.32778
1.598045897948975,0.0,0.0,0.0,0.0,0.0,0.0,1.0,1.0,4.609468757831063,4.32778
1.6032853926963482,0.0,0.0,0.0,0.0,3.113233600927359e-06,0.0,1.0,1.0,4.609468757831063,4.32778
1.608524887443722,0.0,0.0,0.0,0.0,1.1127299451053762e-05,0.0,1.0,1.0,4.609468757831063,4.32778
1.6137643821910956,0.0,0.0,0.0,0.0,1.9141365301182795e-05,0.0,1.0,1.0,4.609468757831063,4.32778
1.6190038769384694,0.0,0.0,0.0,0.0,2.7155431151311827e-05,0.0,1.0,1.0,4.609468757831063,4.32778
1.624243371685843,0.0,0.0,0.0,0.0,3.516949700144086e-05,0.0,1.0,1.0,4.609468757831063,4.32778
1.6294828664332166,0.0,0.0,0.0,0.0,4.3183562851569887e-05,0.0,1.0,1.0,4.609468757831063,4.32778
1.6347223611805903,0.0,0.0,0.0,0.0,5.1197628701698915e-05,0.0,1.0,1.0,4.609468757831063,4.32778
1.639961855927964,0.0,0.0,0.0,0.0,5.921169455182795e-05,0.0,1.0,1.0,4.609468757831063,4.32778
1.6452013506753378,0.0,0.0,0.0,0.0,6.722576040195698e-05,0.0,1.0,1.0,4.609468757831063,4.32778
1.6504408454227115,0.0,0.0,0.0,0.0,7.523982625208601e-05,0.0,1.0,1.0,4.609468757831063,4.32778
1.6556803401700853,0.0,0.0,0.0,0.0,7.924640744591397e-05,0.0,1.0,1.0,4.609468757831063,4.32778
1.6609198349174588,0.0,0.0,0.0,0.0,7.63830149432043e-05,0.0,1.0,1.0,4.609468757831063,4.32778
1.6661593296648325,0.0,0.0,0.0,0.0,7.351962244050537e-05,0.0,1.0,1.0,4.609468757831063,4.32778
1.6713988244122062,0.0,0.0,0.0,0.0,7.065622993779569e-05,0.0,1.0,1.0,4.609468757831063,4.32778
1.67663831915958,0.0,0.0,0.0,0.0,6.779283743509676e-05,0.0,1.0,1.0,4.609468757831063,4.32778
1.6818778139069537,0.0,0.0,0.0,0.0,6.492944493239784e-05,0.0,1.0,1.0,4.609468757831063,4.32778
1.6871173086543272,0.0,0.0,0.0,0.0,6.206605242968817e-05,0.0,1.0,1.0,4.609468757831063,4.32778
1.692356803401701,0.0,0.0,0.0,0.0,5.9202659926989235e-05,0.0,1.0,1.0,4.609468757831063,4.32778
1.6975962981490746,0.0,0.0,0.0,0.0,5.633926742429032e-05,0.0,1.0,1.0,4.609468757831063,4.32778
1.7028357928964484,0.0,0.0,0.0,0.0,5.3475874921580645e-05,0.0,1.0,1.0,4.609468757831063,4.32778
1.708075287643822,0.0,0.0,0.0,0.0,5.137188859662365e-05,0.0,1.0,1.0,4.609468757831063,4.32778
1.7133147823911956,0.0,0.0,0.0,0.0,5.068837425880645e-05,0.0,1.0,1.0,4.609468757831063,4.32778
1.7185542771385691,0.0,0.0,0.0,0.0,5.000485992098924e-05,0.0,1.0,1.0,4.609468757831063,4.32778
1.723793771885943,0.0,0.0,0.0,0.0,4.932134558318279e-05,0.0,1.0,1.0,4.609468757831063,4.32778
1.7290332666333168,0.0,0.0,0.0,0.0,4.8637831245365586e-05,0.0,1.0,1.0,4.609468757831063,4.32778
1.7342727613806903,0.0,0.0,0.0,0.0,4.795431690754838e-05,0.0,1.0,1.0,4.609468757831063,4.32778
1.739512256128064,0.0,0.0,0.0,0.0,4.727080256974193e-05,0.0,1.0,1.0,4.609468757831063,4.32778
1.7447517508754378,0.0,0.0,0.0,0.0,4.658728823192472e-05,0.0,1.0,1.0,4.609468757831063,4.32778
1.7499912456228115,0.0,0.0,0.0,0.0,4.590377389410753e-05,0.0,1.0,1.0,4.609468757831063,4.32778
1.7552307403701852,0.0,0.0,0.0,0.0,4.522025955630107e-05,0.0,1.0,1.0,4.609468757831063,4.32778
1.760470235117559,0.0,0.0,0.0,0.0,4.4694180894849456e-05,0.0,1.0,1.0,4.609468757831063,4.32778
1.7657097298649325,0.0,0.0,0.0,0.0,4.449018438046236e-05,0.0,1.0,1.0,4.609468757831063,4.32778
1.7709492246123062,0.0,0.0,0.0,0.0,4.4286187866075265e-05,0.0,1.0,1.0,4.609468757831063,4.32778
1.77618871935968,0.0,0.0,0.0,0.0,4.4082191351688166e-05,0.0,1.0,1.0,4.609468757831063,4.32778
1.7814282141070537,0.0,0.0,0.0,0.0,4.3878194837301074e-05,0.0,1.0,1.0,4.609468757831063,4.32778
1.7866677088544274,0.0,0.0,0.0,0.0,4.3674198322913975e-05,0.0,1.0,1.0,4.609468757831063,4.32778
1.7919072036018011,0.0,0.0,0.0,0.0,4.3470201808526876e-05,0.0,1.0,1.0,4.609468757831063,4.32778
1.7971466983491746,0.0,0.0,0.0,0.0,4.3266205294139777e-05,0.0,1.0,1.0,4.609468757831063,4.32778
1.8023861930965484,0.0,0.0,0.0,0.0,4.3062208779752684e-05,0.0,1.0,1.0,4.609468757831063,4.32778
1.807625687843922,0.0,0.0,0.0,0.0,4.2858212265365585e-05,0.0,1.0,1.0,4.609468757831063,4.32778
1.812865182591296,0.0,0.0,0.0,0.0,4.513991579378494e-05,0.0,1.0,1.0,4.609468757831063,4.32778
1.818104677338669,0.0,0.0,0.0,0.0,5.299928771092472e-05,0.0,1.0,1.0,4.609468757831063,4.32778
1.823344172086043,0.0,0.0,0.0,0.0,6.0858659628064504e-05,0.0,1.0,1.0,4.609468757831063,4.32778
1.8285836668334168,0.0,0.0,0.0,0.0,6.871803154520429e-05,0.0,1.0,1.0,4.609468757831063,4.32778
1.8338231615807905,0.0,0.0,0.0,0.0,7.657740346235483e-05,0.0,1.0,1.0,4.609468757831063,4.32778
1.839062656328164,0.0,0.0,0.0,0.0,8.443677537949461e-05,0.0,1.0,1.0,4.609468757831063,4.32778
1.844302151075538,0.0,0.0,0.0,0.0,9.22961472966344e-05,0.0,1.0,1.0,4.609468757831063,4.32778
1.8495416458229117,0.0,0.0,0.0,0.0,0.00010015551921377418,0.0,1.0,1.0,4.609468757831063,4.32778
1.8547811405702848,0.0,0.0,0.0,0.0,0.00010801489113091397,0.0,1.0,1.0,4.609468757831063,4.32778
1.860020635317659,0.0,0.0,0.0,0.0,0.00011587426304805375,0.0,1.0,1.0,4.609468757831063,4.32778
1.8652601300650329,0.0,0.0,0.0,0.0,0.00012248233411636558,0.0,1.0,1.0,4.609468757831063,4.32778
1.8704996248124064,0.0,0.0,0.0,0.0,0.0001260002361318817,0.0,1.0,1.0,4.609468757831063,4.32778
1.87573911955978,0.0,0.0,0.0,0.0,0.0001295181381474086,0.0,1.0,1.0,4.609468757831063,4.32778
1.8809786143071536,0.0,0.0,0.0,0.0,0.00013303604016293546,0.0,1.0,1.0,4.609468757831063,4.32778
1.8862181090545276,0.0,0.0,0.0,0.0,0.00013655394217846234,0.0,1.0,1.0,4.609468757831063,4.32778
1.891457603801901,0.0,0.0,0.0,0.0,0.00014007184419397847,0.0,1.0,1.0,4.609468757831063,4.32778
1.8966970985492748,0.0,0.0,0.0,0.0,0.00014358974620950536,0.0,1.0,1.0,4.609468757831063,4.32778
1.9019365932966483,0.0,0.0,0.0,0.0,0.00014710764822503224,0.0,1.0,1.0,4.609468757831063,4.32778
1.907176088044022,0.0,0.0,0.0,0.0,0.00015062555024054837,0.0,1.0,1.0,4.609468757831063,4.32778
1.912415582791396,0.0,0.0,0.0,0.0,0.00015414345225607526,0.0,1.0,1.0,4.609468757831063,4.32778
1.9176550775387693,0.0,0.0,0.0,0.0,0.00015430781689743008,0.0,1.0,1.0,4.609468757831063,4.32778
1.9228945722861432,0.0,0.0,0.0,0.0,0.00014532047206910752,0.0,1.0,1.0,4.609468757831063,4.32778
1.928134067033517,0.0,0.0,0.0,0.0,0.0001363331272407742,0.0,1.0,1.0,4.609468757831063,4.32778
1.9333735617808905,0.0,0.0,0.0,0.0,0.0001273457824124516,0.0,1.0,1.0,4.609468757831063,4.32778
1.938613056528264,0.0,0.0,0.0,0.0,0.00011835843758411827,0.0,1.0,1.0,4.609468757831063,4.32778
1.943852551275638,0.0,0.0,0.0,0.0,0.00010937109275579567,0.0,1.0,1.0,4.609468757831063,4.32778
1.949092046023012,0.0,0.0,0.0,0.0,0.00010038374792746236,0.0,1.0,1.0,4.609468757831063,4.32778
1.9543315407703852,0.0,0.0,0.0,0.0,9.139640309913976e-05,0.0,1.0,1.0,4.609468757831063,4.32778
1.959571035517759,0.0,0.0,0.0,0.0,8.240905827080645e-05,0.0,1.0,1.0,4.609468757831063,4.32778
1.9648105302651329,0.0,0.0,0.0,0.0,7.342171344248386e-05,0.0,1.0,1.0,4.609468757831063,4.32778
1.9700500250125064,0.0,0.0,0.0,0.0,6.501354422730106e-05,0.0,1.0,1.0,4.609468757831063,4.32778
1.97528951975988,0.0,0.0,0.0,0.0,5.836045262774193e-05,0.0,1.0,1.0,4.609468757831063,4.32778
1.9805290145072536,0.0,0.0,0.0,0.0,5.170736102818279e-05,0.0,1.0,1.0,4.609468757831063,4.32778
1.9857685092546276,0.0,0.0,0.0,0.0,4.5054269428612897e-05,0.0,1.0,1.0,4.609468757831063,4.32778
1.991008004002001,0.0,0.0,0.0,0.0,3.8401177829053756e-05,0.0,1.0,1.0,4.609468757831063,4.32778
1.9962474987493748,0.0,0.0,0.0,0.0,3.174808622949462e-05,0.0,1.0,1.0,4.609468757831063,4.32778
2.0014869934967483,0.0,0.0,0.0,0.0,2.5094994629924728e-05,0.0,1.0,1.0,4.609468757831063,4.32778
2.006726488244122,0.0,0.0,0.0,0.0,1.8441903030365588e-05,0.0,1.0,1.0,4.609468757831063,4.32778
2.011965982991496,0.0,0.0,0.0,0.0,1.1788811430795697e-05,0.0,1.0,1.0,4.609468757831063,4.32778
2.017205477738869,0.0,0.0,0.0,0.0,5.135719831241972e-06,0.0,1.0,1.0,4.609468757831063,4.32778
2.022444972486243,0.0,1.9446271253904737e-06,0.0,0.0,0.0,0.0,1.0,1.0,4.609468757831063,4.32778
2.027684467233617,0.0,1.0471069136718823e-05,0.0,0.0,0.0,0.0,1.0,1.0,4.609468757831063,4.32778
2.0329239619809907,0.0,1.8997511148047176e-05,0.0,0.0,0.0,0.0,1.0,1.0,4.609468757831063,4.32778
2.0381634567283644,0.0,2.7523953159362006e-05,0.0,0.0,0.0,0.0,1.0,1.0,4.609468757831063,4.32778
2.043402951475738,0.0,3.605039517069892e-05,0.0,0.0,0.0,0.0,1.0,1.0,4.609468757831063,4.32778
2.048642446223112,0.0,4.457683718201075e-05,0.0,0.0,0.0,0.0,1.0,1.0,4.609468757831063,4.32778
2.053881940970485,0.0,5.310327919334767e-05,0.0,0.0,0.0,0.0,1.0,1.0,4.609468757831063,4.32778
2.059121435717859,0.0,6.162972120468458e-05,0.0,0.0,0.0,0.0,1.0,1.0,4.609468757831063,4.32778
2.0643609304652326,0.0,7.015616321599642e-05,0.0,0.0,0.0,0.0,1.0,1.0,4.609468757831063,4.32778
2.0696004252126063,0.0,7.868260522733333e-05,0.0,0.0,0.0,0.0,1.0,1.0,4.609468757831063,4.32778
2.07483991995998,0.0,8.872321040446236e-05,0.0,0.0,3.6087800774431534e-06,0.0,1.0,1.0,4.609468757831063,4.32778
2.080079414707354,0.0,0.00010452858136953404,0.0,0.0,2.0957012015989247e-05,0.0,1.0,1.0,4.609468757831063,4.32778
2.0853189094547275,0.0,0.00012033395233458064,0.0,0.0,3.830524395453763e-05,0.0,1.0,1.0,4.609468757831063,4.32778
2.0905584042021013,0.0,0.00013613932329962721,0.0,0.0,5.565347589308602e-05,0.0,1.0,1.0,4.609468757831063,4.32778
2.095797898949475,0.0,0.00015194469426467385,0.0,0.0,7.300170783164516e-05,0.0,1.0,1.0,4.609468757831063,4.32778
2.1010373936968487,0.0,0.0001677500652297455,0.0,0.0,9.034993977019353e-05,0.0,1.0,1.0,4.609468757831063,4.32778
2.1062768884442225,0.0,0.0001835554361947921,0.0,0.0,0.00010769817170874191,0.0,1.0,1.0,4.609468757831063,4.32778
2.111516383191596,0.0,0.00019936080715983868,0.0,0.0,0.0001250464036472903,0.0,1.0,1.0,4.609468757831063,4.32778
2.116755877938969,0.0,0.0002151661781248853,0.0,0.0,0.00014239463558583869,0.0,1.0,1.0,4.609468757831063,4.32778
2.121995372686343,0.0,0.0002309715490899319,0.0,0.0,0.0001597428675243871,0.0,1.0,1.0,4.609468757831063,4.32778
2.127234867433717,0.0,0.00024213627177386738,0.0,0.0,0.00024861098123561286,0.0,1.0,1.0,4.609468757831063,4.32778
2.1324743621810907,0.0,0.00023325339388329745,0.0,0.0,0.0006464449842048494,0.0,1.0,1.0,4.609468757831063,4.32778
2.1377138569284644,0.0,0.00022437051599275267,0.0,0.0,0.0010442789871740858,0.0,1.0,1.0,4.609468757831063,4.32778
2.142953351675838,0.0,0.00021548763810218277,0.0,0.0,0.0014421129901433117,0.0,1.0,1.0,4.609468757831063,4.32778
2.148192846423212,0.0,0.00020660476021163796,0.0,0.0,0.001839946993112548,0.0,1.0,1.0,4.609468757831063,4.32778
2.1534323411705856,0.0,0.00019772188232106808,0.0,0.0,0.0022377809960817847,0.0,1.0,1.0,4.609468757831063,4.32778
2.1586718359179597,0.0,0.00018883900443052328,0.0,0.0,0.0026356149990510104,0.0,1.0,1.0,4.609468757831063,4.32778
2.1639113306653326,0.0,0.0001799561265399534,0.0,0.0,0.003033449002020215,0.0,1.0,1.0,4.609468757831063,4.32778
2.1691508254127063,0.0,0.0001710732486494086,0.0,0.0,0.003431283004989451,0.0,1.0,1.0,4.609468757831063,4.32778
2.17439032016008,0.0,0.00016219037075883871,0.0,0.0,0.003829117007958677,0.0,1.0,1.0,4.609468757831063,4.32778
2.1796298149074538,0.0,0.00015591523482168818,0.0,1.2522307820578133e-06,0.004424760584763742,0.0,1.0,1.0,4.609468757831063,4.32778
2.1848693096548275,0.0,0.00016256204408655555,0.0,8.70954543938387e-06,0.0060005948856507625,0.0,1.0,1.0,4.609468757831063,4.32778
2.190108804402201,0.0,0.00016920885335139783,0.0,1.616686009670968e-05,0.007576429186537773,0.0,1.0,1.0,4.609468757831063,4.32778
2.195348299149575,0.0,0.00017585566261624013,0.0,2.3624174754043013e-05,0.009152263487424784,0.0,1.0,1.0,4.609468757831063,4.32778
2.2005877938969487,0.0,0.0001825024718810824,0.0,3.1081489411368815e-05,0.010728097788311783,0.0,1.0,1.0,4.609468757831063,4.32778
2.2058272886443224,0.0,0.0001891492811459247,0.0,3.8538804068694625e-05,0.012303932089198805,0.0,1.0,1.0,4.609468757831063,4.32778
2.211066783391696,0.0,0.0001957960904107921,0.0,4.5996118726027956e-05,0.013879766390085818,0.0,1.0,1.0,4.609468757831063,4.32778
2.21630627813907,0.0,0.0002024428996756344,0.0,5.3453433383353765e-05,0.015455600690972826,0.0,1.0,1.0,4.609468757831063,4.32778
2.221545772886443,0.0,0.0002090897089404767,0.0,6.0910748040679575e-05,0.017031434991859697,0.0,1.0,1.0,4.609468757831063,4.32778
2.226785267633817,0.0,0.000215736518205319,0.0,6.83680626980129e-05,0.018607269292746708,0.0,1.0,1.0,4.609468757831063,4.32778
2.23202476238119,0.0,0.0002181331754317885,0.0,7.361995597798711e-05,0.020413535555842383,0.0,1.0,1.0,4.609468757831063,4.32778
2.2372642571285644,0.0,0.00019603743108110753,0.0,6.616264132065376e-05,0.02354771482149676,0.0,1.0,1.0,4.609468757831063,4.32778
2.242503751875938,0.0,0.0001739416867304516,0.0,5.870532666332796e-05,0.026681894087151124,0.0,1.0,1.0,4.609468757831063,4.32778
2.247743246623312,0.0,0.00015184594237977058,0.0,5.124801200600215e-05,0.029816073352805512,0.0,1.0,1.0,4.609468757831063,4.32778
2.252982741370685,0.0,0.00012975019802911468,0.0,4.379069734866881e-05,0.03295025261845989,0.0,1.0,1.0,4.609468757831063,4.32778
2.2582222361180597,0.0,0.00010765445367843367,0.0,3.633338269134301e-05,0.036084431884114254,0.0,1.0,1.0,4.609468757831063,4.32778
2.263461730865433,0.0,8.555870932777777e-05,0.0,2.8876068034009676e-05,0.03921861114976863,0.0,1.0,1.0,4.609468757831063,4.32778
2.2687012256128067,0.0,6.346296497709676e-05,0.0,2.1418753376683873e-05,0.042352790415423,0.0,1.0,1.0,4.609468757831063,4.32778
2.27394072036018,0.0,4.1367220626440855e-05,0.0,1.3961438719358064e-05,0.045486969681077113,0.0,1.0,1.0,4.609468757831063,4.32778
2.2791802151075538,0.0,1.9271476275772235e-05,0.0,6.504124062031e-06,0.04862114894673148,0.0,1.0,1.0,4.609468757831063,4.32778
2.2844197098549275,0.0,0.0,0.0,0.0,0.05206871006312693,0.0,1.0,1.0,4.609468757831063,4.32778
2.289659204602301,0.0,0.0,0.0,0.0,0.05765464145516707,0.0,1.0,1.0,4.609468757831063,4.32778
2.294898699349675,0.0,0.0,0.0,0.0,0.0632405728472072,0.0,1.0,1.0,4.609468757831063,4.32778
2.3001381940970487,0.0,0.0,0.0,0.0,0.06882650423924733,0.0,1.0,1.0,4.609468757831063,4.32778
2.3053776888444224,0.0,0.0,0.0,0.0,0.07441243563128747,0.0,1.0,1.0,4.609468757831063,4.32778
2.310617183591796,0.0,0.0,0.0,0.0,0.07999836702332762,0.0,1.0,1.0,4.609468757831063,4.32778
2.31585667833917,0.0,0.0,0.0,0.0,0.08558429841536773,0.0,1.0,1.0,4.609468757831063,4.32778
2.321096173086544,0.0,0.0,0.0,0.0,0.09117022980740787,0.0,1.0,1.0,4.609468757831063,4.32778
2.3263356678339173,0.0,0.0,0.0,0.0,0.09675616119944801,0.0,1.0,1.0,4.609468757831063,4.32778
2.3315751625812906,0.0,0.0,0.0,0.0,0.10234209259148766,0.0,1.0,1.0,4.609468757831063,4.32778
2.3368146573286643,0.0,0.0,0.0,0.0,0.10810729502235106,0.0,1.0,1.0,4.609468757831063,4.32778
2.342054152076038,0.0,0.0,0.0,0.0,0.11535669489091446,0.0,1.0,1.0,4.609468757831063,4.32778
2.347293646823412,0.0,0.0,0.0,0.0,0.12260609475947788,0.0,1.0,1.0,4.609468757831063,4.32778
2.352533141570785,0.0,0.0,0.0,0.0,0.1298554946280413,0.0,1.0,1.0,4.609468757831063,4.32778
2.3577726363181597,0.0,0.0,0.0,0.0,0.13710489449660465,0.0,1.0,1.0,4.609468757831063,4.32778
2.363012131065533,0.0,0.0,0.0,0.0,0.1443542943651681,0.0,1.0,1.0,4.609468757831063,4.32778
2.3682516258129067,0.0,0.0,0.0,0.0,0.1516036942337315,0.0,1.0,1.0,4.609468757831063,4.32778
2.3734911205602804,0.0,0.0,0.0,0.0,0.15885309410229492,0.0,1.0,1.0,4.609468757831063,4.32778
2.378730615307654,0.0,0.0,0.0,0.0,0.16610249397085833,0.0,1.0,1.0,4.609468757831063,4.32778
2.3839701100550275,0.0,0.0,0.0,0.0,0.17335189383942112,0.0,1.0,1.0,4.609468757831063,4.32778
2.389209604802401,1.0952667193813304e-06,2.6889115079956987e-05,1.0880491903659256e-06,0.0,0.18069897855161604,0.0,1.0,1.0,4.609468757831063,4.32778
2.394449099549775,1.3581307320327016e-05,0.00033342502699160214,1.3491809960536006e-05,0.0,0.1890619856375784,0.0,1.0,1.0,4.609468757831063,4.32778
2.3996885942971486,2.60673479212727e-05,0.0006399609389032472,2.589557073070107e-05,0.0,0.19742499272354075,0.0,1.0,1.0,4.609468757831063,4.32778
2.4049280890445224,3.8553388522186376e-05,0.0009464968508148924,3.8299331500871316e-05,0.0,0.20578799980950316,0.0,1.0,1.0,4.609468757831063,4.32778
2.410167583791896,5.103942912315412e-05,0.0012530327627265376,5.070309227104156e-05,0.0,0.2141510068954655,0.0,1.0,1.0,4.609468757831063,4.32778
2.41540707853927,6.352546972408602e-05,0.0015595686746381827,6.310685304121181e-05,0.0,0.22251401398142787,0.0,1.0,1.0,4.609468757831063,4.32778
2.420646573286644,7.601151032505376e-05,0.001866104586549828,7.551061381138207e-05,0.0,0.23087702106739025,0.0,1.0,1.0,4.609468757831063,4.32778
2.4258860680340173,8.849755092598565e-05,0.002172640498461473,8.791437458155231e-05,0.0,0.23924002815335269,0.0,1.0,1.0,4.609468757831063,4.32778
2.431125562781391,0.00010098359152691757,0.002479176410373093,0.00010031813535172256,0.0,0.247603035239315,0.0,1.0,1.0,4.609468757831063,4.32778
2.4363650575287643,0.00011346963212788531,0.0027857123222847133,0.0001127218961218928,0.0,0.2559660423252767,0.0,1.0,1.0,4.609468757831063,4.32778
2.441604552276138,0.00012426583264749103,0.003154027864348666,0.00012344695242691575,0.0,0.26430961306736434,3.743667179811297e-07,1.0,1.0,4.609468757831063,4.32778
2.446844047023512,0.00011177979204655913,0.004373529421844584,0.0001110431916567455,0.0,0.27238539418273394,5.9066748837032256e-06,1.0,1.0,4.609468757831063,4.32778
2.452083541770885,9.929375144559139e-05,0.005593030979340526,9.863943088657524e-05,0.0,0.28046117529810355,1.1438983049425806e-05,1.0,1.0,4.609468757831063,4.32778
2.4573230365182592,8.68077108446595e-05,0.006812532536836444,8.6235670116405e-05,0.0,0.2885369564134732,1.697129121515161e-05,1.0,1.0,4.609468757831063,4.32778
2.462562531265633,7.432167024369176e-05,0.008032034094332388,7.383190934623475e-05,0.0,0.2966127375288428,2.2503599380874192e-05,1.0,1.0,4.609468757831063,4.32778
2.4678020260130067,6.183562964275985e-05,0.009251535651828329,6.14281485760645e-05,0.0,0.3046885186442124,2.80359075466e-05,1.0,1.0,4.609468757831063,4.32778
2.4730415207603804,4.934958904182796e-05,0.010471037209324248,4.902438780589426e-05,0.0,0.31276429975958203,3.356821571232258e-05,1.0,1.0,4.609468757831063,4.32778
2.478281015507754,3.6863548440860214e-05,0.01169053876682019,3.662062703572401e-05,0.0,0.32084008087495164,3.910052387804516e-05,1.0,1.0,4.609468757831063,4.32778
2.483520510255128,2.4377507839940612e-05,0.012910040324316132,2.4216866265553756e-05,0.0,0.3289158619903213,4.463283204377097e-05,1.0,1.0,4.609468757831063,4.32778
2.4887600050025016,1.1891467238994824e-05,0.01412954188181205,1.1813105495399034e-05,0.0,0.3369916431056909,5.016514020949355e-05,1.0,1.0,4.609468757831063,4.32778
2.493999499749875,1.0930976240810473e-06,0.015426086268560584,0.0,0.0,0.3450011952414817,5.7458173981761294e-05,1.0,1.0,4.609468757831063,4.32778
2.4992389944972486,2.404814772977915e-05,0.018263487240362877,0.0,0.0,0.3516861677857108,9.996571988486451e-05,1.0,1.0,4.609468757831063,4.32778
2.5044784892446224,4.7003197835448026e-05,0.021100888212165173,0.0,0.0,0.35837114032994,0.00014247326578797098,1.0,1.0,4.609468757831063,4.32778
2.509717983991996,6.995824794114695e-05,0.02393828918396749,0.0,0.0,0.3650561128741691,0.00018498081169107742,1.0,1.0,4.609468757831063,4.32778
2.51495747873937,9.291329804684588e-05,0.026775690155769784,0.0,0.0,0.3717410854183983,0.00022748835759418064,1.0,1.0,4.609468757831063,4.32778
2.5201969734867435,0.00011586834815254481,0.02961309112757208,0.0,0.0,0.3784260579626274,0.0002699959034972871,1.0,1.0,4.609468757831063,4.32778
2.5254364682341173,0.00013882339825824373,0.032450492099374374,0.0,0.0,0.3851110305068565,0.0003125034494003936,1.0,1.0,4.609468757831063,4.32778
2.530675962981491,0.00016177844836394263,0.03528789307117666,0.0,0.0,0.3917960030510857,0.0003550109953034968,1.0,1.0,4.609468757831063,4.32778
2.5359154577288647,0.00018473349846964156,0.03812529404297896,0.0,0.0,0.3984809755953148,0.0003975185412066032,1.0,1.0,4.609468757831063,4.32778
2.5411549524762385,0.00020768854857534052,0.040962695014781274,0.0,0.0,0.405165948139544,0.0004400260871097097,1.0,1.0,4.609468757831063,4.32778
2.546394447223612,0.00022937790669526882,0.043864594482993936,0.0,0.0,0.41178103172454644,0.0004825117693358419,1.0,1.0,4.609468757831063,4.32778
2.551633941970985,0.0002064228565895699,0.049041531824602226,0.0,0.0,0.41593094111139045,0.0005242262600470451,1.0,1.0,4.609468757831063,4.32778
2.556873436718359,0.00018346780648387093,0.054218469166210544,0.0,0.0,0.42008085049823446,0.0005659407507582483,1.0,1.0,4.609468757831063,4.32778
2.562112931465733,0.00016051275637817203,0.05939540650781883,0.0,0.0,0.42423075988507847,0.0006076552414694516,1.0,1.0,4.609468757831063,4.32778
2.5673524262131067,0.0001375577062724731,0.06457234384942714,0.0,0.0,0.42838066927192253,0.000649369732180658,1.0,1.0,4.609468757831063,4.32778
2.5725919209604804,0.00011460265616677421,0.06974928119103545,0.0,0.0,0.4325305786587665,0.0006910842228918612,1.0,1.0,4.609468757831063,4.32778
2.577831415707854,9.164760606107527e-05,0.07492621853264375,0.0,0.0,0.43668048804561044,0.0007327987136030646,1.0,1.0,4.609468757831063,4.32778
2.583070910455228,6.869255595537634e-05,0.08010315587425204,0.0,0.0,0.44083039743245445,0.0007745132043142678,1.0,1.0,4.609468757831063,4.32778
2.5883104052026016,4.573750584967742e-05,0.08528009321586033,0.0,0.0,0.44498030681929845,0.0008162276950254742,1.0,1.0,4.609468757831063,4.32778
2.5935498999499758,2.2782455743999258e-05,0.09045703055746862,0.0,0.0,0.44913021620614235,0.0008579421857366774,1.0,1.0,4.609468757831063,4.32778
2.598789394697349,1.5919465109090204e-07,0.09565550935641876,0.0,3.9682624199118743e-07,0.45326109810672005,0.0008999914770347161,1.0,1.0,4.609468757831063,4.32778
2.6040288894447223,2.1332083245924245e-05,0.10369746052445569,0.0,5.3174716426172045e-05,0.45488035182016273,0.0009862344457941903,1.0,1.0,4.609468757831063,4.32778
2.609268384192096,4.250497184075269e-05,0.1117394116924933,0.0,0.0001059526066103656,0.4564996055336054,0.001072477414553674,1.0,1.0,4.609468757831063,4.32778
2.61450787893947,6.36778604355914e-05,0.11978136286053091,0.0,0.00015873049679455915,0.45811885924704815,0.001158720383313158,1.0,1.0,4.609468757831063,4.32778
2.6197473736868435,8.485074903039427e-05,0.1278233140285685,0.0,0.0002115083869787527,0.45973811296049094,0.001244963352072645,1.0,1.0,4.609468757831063,4.32778
2.624986868434217,0.00010602363762523297,0.13586526519660613,0.0,0.0002642862771629462,0.4613573666739337,0.001331206320832129,1.0,1.0,4.609468757831063,4.32778
2.630226363181591,0.0001271965262200717,0.14390721636464374,0.0,0.0003170641673471398,0.46297662038737647,0.0014174492895916127,1.0,1.0,4.609468757831063,4.32778
2.6354658579289647,0.0001483694148149104,0.15194916753268134,0.0,0.0003698420575313333,0.46459587410081915,0.0015036922583510969,1.0,1.0,4.609468757831063,4.32778
2.6407053526763384,0.0001695423034097491,0.15999111870071894,0.0,0.00042261994771552693,0.4662151278142619,0.0015899352271105806,1.0,1.0,4.609468757831063,4.32778
2.645944847423712,0.0001907151920045878,0.16803306986875657,0.0,0.00047539783789972043,0.4678343815277047,0.0016761781958700645,1.0,1.0,4.609468757831063,4.32778
2.651184342171086,0.0002118880805994265,0.17607502103679418,0.0,0.0005281757280839065,0.4694536352411474,0.0017624211646295484,1.0,0.7295730569407307,4.609468757831063,4.32778
2.656423836918459,0.0001912458408415412,0.1865269200936169,0.0,0.0005986336963991925,0.4684183097413942,0.0018472846297708356,1.0,0.7295730569407307,4.609468757831063,4.32778
2.661663331665833,0.0001700729522467025,0.19700940224547578,0.0,0.0006693160311882258,0.46734929668817404,0.0019321305885210385,1.0,0.7295730569407307,4.609468757831063,4.32778
2.666902826413206,0.0001489000636518638,0.20749188439733462,0.0,0.0007399983659772592,0.46628028363495383,0.002016976547271242,1.0,0.7295730569407307,4.609468757831063,4.32778
2.6721423211605804,0.00012772717505706092,0.2179743665491935,0.0,0.000810680700766285,0.4652112705817337,0.0021018225060214454,1.0,0.7295730569407307,4.609468757831063,4.32778
2.677381815907954,0.00010655428646222223,0.22845684870105235,0.0,0.0008813630355553184,0.4641422575285135,0.002186668464771648,1.0,0.7295730569407307,4.609468757831063,4.32778
2.682621310655328,8.53813978673835e-05,0.23893933085291125,0.0,0.0009520453703443516,0.46307324447529336,0.0022715144235218483,1.0,0.7295730569407307,4.609468757831063,4.32778
2.6878608054027016,6.420850927254481e-05,0.24942181300477015,0.0,0.001022727705133385,0.46200423142207314,0.0023563603822720517,1.0,0.7295730569407307,4.609468757831063,4.32778
2.6931003001500757,4.3035620677706094e-05,0.259904295156629,0.0,0.0010934100399224182,0.46093521836885304,0.0024412063410222547,1.0,0.7295730569407307,4.609468757831063,4.32778
2.698339794897449,2.1862732082885753e-05,0.2703867773084878,0.0,0.0011640923747114516,0.4598662053156329,0.002526052299772455,1.0,0.7295730569407307,4.609468757831063,4.32778
2.7035792896448227,6.89843488050428e-07,0.2808692594603468,0.0,0.0012347747095004776,0.4587971922624128,0.002610898258522658,1.0,0.7295730569407307,4.609468757831063,4.32778
2.7088187843921965,0.0,0.2930613157911921,0.0,0.0013267522718723528,0.45650998344448473,0.0027132931529188255,1.0,0.7295730569407307,4.609468757831063,4.32778
2.7140582791395698,0.0,0.3053109484544892,0.0,0.0014194470310280882,0.45418174730805644,0.002816279073645029,1.0,0.7295730569407307,4.609468757831063,4.32778
2.7192977738869435,0.0,0.3175605811177873,0.0,0.0015121417901838314,0.45185351117162803,0.002919264994371239,1.0,0.7295730569407307,4.609468757831063,4.32778
2.724537268634317,0.0,0.32981021378108544,0.0,0.0016048365493395744,0.4495252750351996,0.0030222509150974485,1.0,0.7295730569407307,4.609468757831063,4.32778
2.729776763381691,0.0,0.3420598464443835,0.0,0.001697531308495325,0.4471970388987711,0.0031252368358236577,1.0,0.7295730569407307,4.609468757831063,4.32778
2.7350162581290647,0.0,0.35430947910768174,0.0,0.0017902260676510677,0.4448688027623427,0.0032282227565498707,1.0,0.7295730569407307,4.609468757831063,4.32778
2.7402557528764384,0.0,0.3665591117709798,0.0,0.0018829208268068107,0.44254056662591423,0.0033312086772760803,1.0,0.7295730569407307,4.609468757831063,4.32778
2.745495247623812,0.0,0.3788087444342779,0.0,0.0019756155859625537,0.4402123304894858,0.0034341945980022903,1.0,0.7295730569407307,4.609468757831063,4.32778
2.750734742371186,0.0,0.39105837709757607,0.0,0.0020683103451183044,0.4378840943530574,0.0035371805187285033,1.0,0.7295730569407307,4.609468757831063,4.32778
2.75597423711856,0.0,0.4033080097608742,0.0,0.0021610051042740474,0.43555585821662895,0.003640166439454713,1.0,0.7295730569407307,4.609468757831063,4.32778
2.7612137318659333,0.0,0.41589273198938026,8.126550503597955e-05,0.002281885186170702,0.4320408287653172,0.0037765791254663742,1.0,0.7295730569407307,4.609468757831063,4.32778
2.7664532266133066,0.0,0.4284960703048412,0.00016704576035173868,0.0024043311193307224,0.42845986635206784,0.00391484885399388,1.0,0.7295730569407307,4.609468757831063,4.32778
2.7716927213606803,0.0,0.4410994086203032,0.0002528260156674978,0.0025267770524907583,0.4248789039388181,0.004053118582521396,1.0,0.7295730569407307,4.609468757831063,4.32778
2.776932216108054,0.0,0.4537027469357652,0.0003386062709832569,0.0026492229856507864,0.42129794152556843,0.004191388311048912,1.0,0.7295730569407307,4.609468757831063,4.32778
2.782171710855428,0.0,0.4663060852512273,0.0004243865262990161,0.0027716689188108214,0.41771697911231864,0.0043296580395764325,1.0,0.7295730569407307,4.609468757831063,4.32778
2.787411205602801,0.0,0.4789094235666894,0.0005101667816147751,0.0028941148519708573,0.41413601669906897,0.0044679277681039485,1.0,0.7295730569407307,4.609468757831063,4.32778
2.7926507003501757,0.0,0.49151276188215137,0.0005959470369305343,0.0030165607851308928,0.41055505428581934,0.004606197496631468,1.0,0.7295730569407307,4.609468757831063,4.32778
2.797890195097549,0.0,0.5041161001976134,0.0006817272922462934,0.0031390067182909204,0.4069740918725696,0.004744467225158984,1.0,0.7295730569407307,4.609468757831063,4.32778
2.8031296898449227,0.0,0.5167194385130753,0.0007675075475620525,0.003261452651450956,0.40339312945931993,0.0048827369536865025,1.0,0.7295730569407307,4.609468757831063,4.32778
2.8083691845922965,0.0,0.5293227768285376,0.0008532878028778116,0.0033838985846109918,0.39981216704607014,0.0050210066822140185,1.0,0.7295730569407307,4.609468757831063,4.32778
2.81360867933967,0.0,0.5406393674425038,0.0010119948631594565,0.0035334379205181304,0.3959889029014121,0.00519188649240479,1.0,0.7295730569407307,4.609468757831063,4.32778
2.818848174087044,0.0,0.5518551048582451,0.0011764178081546154,0.0036851007933973333,0.39214664753996786,0.00536532222791511,1.0,0.7295730569407307,4.609468757831063,4.32778
2.824087668834417,0.0,0.5630708422739852,0.0013408407531497746,0.003836763666276529,0.38830439217852397,0.005538757963425416,1.0,0.7295730569407307,4.609468757831063,4.32778
2.829327163581791,0.0,0.5742865796897263,0.0015052636981449513,0.00398842653915574,0.3844621368170799,0.005712193698935735,1.0,0.7295730569407307,4.609468757831063,4.32778
2.8345666583291647,0.0,0.5855023171054674,0.001669686643140128,0.004140089412034943,0.38061988145563574,0.0058856294344460545,1.0,0.7295730569407307,4.609468757831063,4.32778
2.8398061530765384,0.0,0.5967180545212085,0.0018341095881352872,0.004291752284914153,0.3767776260941915,0.006059065169956373,1.0,0.7295730569407307,4.609468757831063,4.32778
2.845045647823912,0.0,0.6079337919369496,0.0019985325331304637,0.004443415157793357,0.3729353707327474,0.006232500905466697,1.0,0.7295730569407307,4.609468757831063,4.32778
2.850285142571286,0.0,0.6191495293526907,0.0021629554781256405,0.004595078030672568,0.3690931153713032,0.006405936640977016,1.0,0.7295730569407307,4.609468757831063,4.32778
2.85552463731866,0.0,0.6303652667684319,0.0023273784231207994,0.004746740903551771,0.365250860009859,0.006579372376487336,1.0,0.7295730569407307,4.609468757831063,4.32778
2.8607641320660333,0.0,0.641581004184173,0.002491801368115976,0.004898403776430982,0.36140860464841484,0.006752808111997655,1.0,0.7295730569407307,4.609468757831063,4.32778
2.866003626813407,0.000175963148160681,0.6506730242612405,0.0027065095726074673,0.005104243670903685,0.3575585961396033,0.006944030539551773,1.0,0.7295730569407307,4.609468757831063,4.32778
2.8712431215607808,0.0003699114799731541,0.6595479793064546,0.0029263574306938717,0.005315620995760246,0.35370779518202766,0.007137070943917,1.0,0.7295730569407307,4.609468757831063,4.32778
2.876482616308154,0.0005638598117856272,0.668422934351668,0.003146205288780259,0.0055269983206167935,0.34985699422445243,0.00733011134828221,1.0,0.7295730569407307,4.609468757831063,4.32778
2.881722111055528,0.0007578081435981003,0.6772978893968822,0.003366053146866681,0.005738375645473357,0.3460061932668768,0.007523151752647435,1.0,0.7295730569407307,4.609468757831063,4.32778
2.886961605802901,0.0009517564754105734,0.6861728444420964,0.0035859010049530855,0.005949752970329919,0.3421553923093012,0.007716192157012662,1.0,0.7295730569407307,4.609468757831063,4.32778
2.8922011005502752,0.0011457048072230466,0.6950477994873105,0.0038057488630394904,0.006161130295186489,0.3383045913517256,0.007909232561377887,1.0,0.7295730569407307,4.609468757831063,4.32778
2.897440595297649,0.0013396531390355198,0.7039227545325245,0.004025596721125913,0.00637250762004305,0.33445379039414996,0.008102272965743113,1.0,0.7295730569407307,4.609468757831063,4.32778
2.9026800900450227,0.0015336014708479929,0.7127977095777388,0.004245444579212317,0.006583884944899613,0.33060298943657435,0.00829531337010834,1.0,0.7295730569407307,4.609468757831063,4.32778
2.9079195847923964,0.001727549802660466,0.7216726646229528,0.004465292437298722,0.0067952622697561756,0.32675218847899873,0.008488353774473564,1.0,0.7295730569407307,4.609468757831063,4.32778
2.91315907953977,0.0019214981344729389,0.730547619668167,0.004685140295385144,0.007006639594612746,0.32290138752142317,0.00868139417883879,1.0,0.7295730569407307,4.609468757831063,4.32778
2.918398574287144,0.0024604461268564874,0.7366704854295714,0.004936623985967599,0.007271367161322841,0.31892992491622646,0.008883126369378429,1.0,0.7295730569407307,4.609468757831063,4.32778
2.9236380690345176,0.0030432500082956627,0.7424435093328646,0.0051921291806809235,0.007542876538438048,0.3149431239659933,0.009085963447991086,1.0,0.7295730569407307,4.609468757831063,4.32778
2.928877563781892,0.003626053889734803,0.748216533236158,0.0054476343753942485,0.007814385915553257,0.31095632301576004,0.009288800526603741,1.0,0.7295730569407307,4.609468757831063,4.32778
2.9341170585292646,0.004208857771173907,0.7539895571394508,0.005703139570107538,0.008085895292668434,0.30696952206552724,0.009491637605216381,1.0,0.7295730569407307,4.609468757831063,4.32778
2.9393565532766384,0.004791661652613047,0.7597625810427442,0.005958644764820863,0.00835740466978364,0.302982721115294,0.009694474683829035,1.0,0.7295730569407307,4.609468757831063,4.32778
2.944596048024012,0.005374465534052186,0.7655356049460373,0.006214149959534189,0.008628914046898849,0.2989959201650608,0.009897311762441694,1.0,0.7295730569407307,4.609468757831063,4.32778
2.949835542771386,0.0059572694154913265,0.7713086288493308,0.006469655154247496,0.008900423424014049,0.29500911921482764,0.010100148841054347,1.0,0.7295730569407307,4.609468757831063,4.32778
2.95507503751876,0.0065400732969305014,0.7770816527526241,0.00672516034896082,0.009171932801129256,0.29102231826459446,0.010302985919667006,1.0,0.7295730569407307,4.609468757831063,4.32778
2.9603145322661333,0.007122877178369642,0.7828546766559173,0.006980665543674146,0.009443442178244464,0.2870355173143612,0.010505822998279662,1.0,0.7295730569407307,4.609468757831063,4.32778
2.965554027013507,0.007705681059808781,0.7886277005592107,0.007236170738387471,0.009714951555359662,0.28304871636412804,0.010708660076892319,1.0,0.7295730569407307,4.609468757831063,4.32778
2.9707935217608807,0.008539277410586344,0.7919058100569624,0.007583175577473905,0.010009786755791908,0.27944986747752265,0.010958486867617577,1.0,0.7295730569407307,4.609468757831063,4.32778
2.9760330165082545,0.009411289948863727,0.7948017505850792,0.007944196258039474,0.010308194986963459,0.27591044477407406,0.011215511504417883,1.0,0.7295730569407307,4.609468757831063,4.32778
2.981272511255628,0.010283302487141075,0.7976976911131959,0.008305216938605043,0.010606603218135016,0.2723710220706256,0.01147253614121819,1.0,0.7295730569407307,4.609468757831063,4.32778
2.986512006003001,0.011155315025418387,0.8005936316413126,0.008666237619170576,0.010905011449306544,0.26883159936717727,0.011729560778018476,1.0,0.7295730569407307,4.609468757831063,4.32778
2.991751500750375,0.012027327563695735,0.8034895721694294,0.009027258299736126,0.011203419680478095,0.2652921766637288,0.011986585414818784,1.0,0.7295730569407307,4.609468757831063,4.32778
2.996990995497749,0.012899340101973118,0.8063855126975461,0.009388278980301696,0.011501827911649647,0.2617527539602802,0.01224361005161909,1.0,0.7295730569407307,4.609468757831063,4.32778
3.0022304902451227,0.013771352640250464,0.8092814532256629,0.009749299660867263,0.011800236142821203,0.25821333125683166,0.0125006346884194,1.0,0.7295730569407307,4.609468757831063,4.32778
3.0074699849924964,0.01464336517852785,0.8121773937537798,0.01011032034143283,0.012098644373992756,0.2546739085533831,0.012757659325219706,1.0,0.7295730569407307,4.609468757831063,4.32778
3.01270947973987,0.015515377716805197,0.8150733342818965,0.010471341021998383,0.012397052605164305,0.25113448584993453,0.013014683962020011,1.0,0.7295730569407307,4.609468757831063,4.32778
3.017948974487244,0.016387390255082582,0.8179692748100134,0.01083236170256395,0.012695460836335864,0.24759506314648602,0.01327170859882032,1.0,0.7295730569407307,4.609468757831063,4.32778
3.0231884692346176,0.017539719307266954,0.8185616468344928,0.011265546460851362,0.013044332561770677,0.24470742344279908,0.01353450741105094,1.0,0.7295730569407307,4.609468757831063,4.32778
3.0284279639819918,0.018742638026162328,0.818738286081689,0.011711754913638864,0.013402311604217485,0.2419374132154004,0.013798348308196493,1.0,0.7295730569407307,4.609468757831063,4.32778
3.033667458729365,0.01994555674505774,0.8189149253288851,0.012157963366426364,0.013760290646664303,0.2391674029880018,0.014062189205342048,1.0,0.7295730569407307,4.609468757831063,4.32778
3.0389069534767383,0.02114847546395301,0.8190915645760811,0.01260417181921383,0.01411826968911109,0.2363973927606034,0.014326030102487581,1.0,0.7295730569407307,4.609468757831063,4.32778
3.044146448224112,0.022351394182848386,0.8192682038232773,0.01305038027200133,0.014476248731557909,0.2336273825332047,0.014589870999633135,1.0,0.7295730569407307,4.609468757831063,4.32778
3.049385942971486,0.023554312901743767,0.8194448430704734,0.013496588724788814,0.014834227774004725,0.23085737230580602,0.01485371189677869,1.0,0.7295730569407307,4.609468757831063,4.32778
3.0546254377188595,0.02475723162063914,0.8196214823176695,0.013942797177576315,0.015192206816451542,0.22808736207840738,0.015117552793924245,1.0,0.7295730569407307,4.609468757831063,4.32778
3.0598649324662333,0.02596015033953455,0.8197981215648656,0.014389005630363815,0.01555018585889836,0.2253173518510087,0.015381393691069799,1.0,0.7295730569407307,4.609468757831063,4.32778
3.065104427213607,0.02716306905842993,0.8199747608120617,0.014835214083151315,0.015908164901345178,0.22254734162360998,0.015645234588215352,1.0,0.7295730569407307,4.609468757831063,4.32778
3.0703439219609807,0.028365987777325304,0.8201514000592578,0.015281422535938815,0.016266143943791986,0.2197773313962114,0.01590907548536091,0.5041306357101133,0.7295730569407307,4.609468757831063,4.32778
3.0755834167083544,0.029766434073396592,0.8185769773119261,0.015827498668227382,0.016675018217323576,0.2170892037144634,0.016191673170257884,0.5041306357101133,0.7295730569407307,4.609468757831063,4.32778
3.080822911455728,0.031208181590150107,0.816636423420284,0.016394456224411595,0.01709453422099107,0.21441819692862418,0.016478192728957432,0.5041306357101133,0.7295730569407307,4.609468757831063,4.32778
3.086062406203102,0.03264992910690362,0.814695869528642,0.01696141378059583,0.017514050224658573,0.211747190142785,0.016764712287656976,0.5041306357101133,0.7295730569407307,4.609468757831063,4.32778
3.091301900950476,0.03409167662365717,0.8127553156370001,0.017528371336780046,0.01793356622832606,0.20907618335694586,0.01705123184635652,0.5041306357101133,0.7295730569407307,4.609468757831063,4.32778
3.096541395697849,0.03553342414041057,0.8108147617453583,0.018095328892964228,0.018353082231993525,0.2064051765711069,0.017337751405056043,0.5041306357101133,0.7295730569407307,4.609468757831063,4.32778
3.101780890445222,0.03697517165716408,0.8088742078537161,0.018662286449148458,0.018772598235661013,0.2037341697852677,0.01762427096375559,0.5041306357101133,0.7295730569407307,4.609468757831063,4.32778
3.1070203851925964,0.038416919173917596,0.8069336539620742,0.019229244005332675,0.019192114239328515,0.2010631629994285,0.017910790522455134,0.5041306357101133,0.7295730569407307,4.609468757831063,4.32778
3.11225987993997,0.03985866669067111,0.8049931000704323,0.01979620156151691,0.019611630242996007,0.1983921562135893,0.018197310081154678,0.5041306357101133,0.7295730569407307,4.609468757831063,4.32778
3.117499374687344,0.04130041420742466,0.8030525461787903,0.020363159117701125,0.0200311462466635,0.19572114942775018,0.018483829639854225,0.5041306357101133,0.7295730569407307,4.609468757831063,4.32778
3.1227388694347176,0.042742161724178176,0.8011119922871482,0.02093011667388536,0.02045066225033099,0.19305014264191095,0.018770349198553773,0.5041306357101133,0.7295730569407307,4.609468757831063,4.32778
3.1279783641820917,0.04449932255840674,0.7981366094347022,0.021547276539660227,0.020903840911932092,0.19094900601697667,0.019074715069641767,0.5041306357101133,0.7295730569407307,4.609468757831063,4.32778
3.133217858929465,0.04633190831637928,0.7949137674829336,0.022176441305554604,0.021365069339560786,0.18898414269138913,0.01938334853717048,0.5041306357101133,0.7295730569407307,4.609468757831063,4.32778
3.1384573536768388,0.048164494074351825,0.7916909255311653,0.02280560607144898,0.02182629776718948,0.1870192793658016,0.01969198200469919,0.5041306357101133,0.7295730569407307,4.609468757831063,4.32778
3.1436968484242125,0.049997079832324376,0.7884680835793967,0.023434770837343355,0.022287526194818174,0.18505441604021405,0.020000615472227902,0.5041306357101133,0.7295730569407307,4.609468757831063,4.32778
3.1489363431715858,0.051829665590296774,0.7852452416276284,0.024063935603237663,0.022748754622446826,0.18308955271462668,0.02030924893975659,0.5041306357101133,0.7295730569407307,4.609468757831063,4.32778
3.1541758379189595,0.05366225134826932,0.7820223996758601,0.024693100369132037,0.023209983050075524,0.18112468938903917,0.0206178824072853,0.5041306357101133,0.7295730569407307,4.609468757831063,4.32778
3.159415332666333,0.055494837106241895,0.7787995577240917,0.025322265135026414,0.023671211477704217,0.17915982606345163,0.020926515874814013,0.5041306357101133,0.7295730569407307,4.609468757831063,4.32778
3.164654827413707,0.05732742286421444,0.7755767157723231,0.025951429900920774,0.024132439905332915,0.1771949627378641,0.021235149342342725,0.5041306357101133,0.7295730569407307,4.609468757831063,4.32778
3.1698943221610807,0.05916000862218699,0.7723538738205544,0.02658059466681515,0.024593668332961602,0.17523009941227655,0.021543782809871438,0.5041306357101133,0.7295730569407307,4.609468757831063,4.32778
3.1751338169084544,0.06099259438015953,0.7691310318687861,0.027209759432709528,0.025054896760590296,0.173265236086689,0.021852416277400147,0.5041306357101133,0.7295730569407307,4.609468757831063,4.32778
3.180373311655828,0.06307756440595728,0.7649018784107317,0.027933519632013102,0.0255576609828897,0.17137885923770893,0.022178436807331014,0.5041306357101133,0.7295730569407307,4.609468757831063,4.32778
3.185612806403202,0.06523085501380957,0.7604003157869629,0.028682886875392433,0.026071668971262382,0.1695137287279379,0.0225091640261287,0.5041306357101133,0.7295730569407307,4.609468757831063,4.32778
3.190852301150576,0.06738414562166187,0.7558987531631942,0.02943225411877176,0.02658567695963506,0.16764859821816688,0.02283989124492639,0.5041306357101133,0.7295730569407307,4.609468757831063,4.32778
3.1960917958979493,0.06953743622951417,0.7513971905394254,0.03018162136215107,0.027099684948007744,0.16578346770839583,0.023170618463724077,0.5041306357101133,0.7295730569407307,4.609468757831063,4.32778
3.201331290645323,0.07169072683736645,0.7468956279156566,0.030930988605530396,0.02761369293638042,0.1639183371986248,0.02350134568252176,0.5041306357101133,0.7295730569407307,4.609468757831063,4.32778
3.2065707853926964,0.0738440174452186,0.7423940652918883,0.03168035584890965,0.028127700924753057,0.16205320668885392,0.02383207290131942,0.5041306357101133,0.7295730569407307,4.609468757831063,4.32778
3.21181028014007,0.0759973080530709,0.7378925026681196,0.03242972309228898,0.02864170891312574,0.1601880761790829,0.02416280012011711,0.5041306357101133,0.7295730569407307,4.609468757831063,4.32778
3.217049774887444,0.07815059866092319,0.7333909400443507,0.03317909033566831,0.029155716901498412,0.15832294566931185,0.024493527338914797,0.5041306357101133,0.7295730569407307,4.609468757831063,4.32778
3.222289269634817,0.08030388926877548,0.728889377420582,0.03392845757904762,0.029669724889871102,0.1564578151595408,0.024824254557712484,0.5041306357101133,0.7295730569407307,4.609468757831063,4.32778
3.2275287643821917,0.08245717987662778,0.7243878147968131,0.03467782482242694,0.030183732878243774,0.15459268464976977,0.025154981776510172,0.5041306357101133,0.7295730569407307,4.609468757831063,4.32778
3.232768259129565,0.08484319612811889,0.7192499457386786,0.03548594546500664,0.030728017107623462,0.15284657803733914,0.025492419363642355,0.5041306357101133,0.7295730569407307,4.609468757831063,4.32778
3.2380077538769387,0.08729994272228447,0.713918689430884,0.036311922532833475,0.03128150293966214,0.1511366453544923,0.025831896376444827,0.5041306357101133,0.7295730569407307,4.609468757831063,4.32778
3.2432472486243125,0.08975668931645008,0.7085874331230894,0.037137899600660315,0.031834988771700816,0.1494267126716455,0.026171373389247295,0.5041306357101133,0.7295730569407307,4.609468757831063,4.32778
3.248486743371686,0.09221343591061569,0.7032561768152947,0.03796387666848717,0.03238847460373948,0.14771677998879876,0.026510850402049767,0.5041306357101133,0.7295730569407307,4.609468757831063,4.32778
3.25372623811906,0.09467018250478128,0.6979249205075,0.038789853736314016,0.03294196043577816,0.14600684730595193,0.026850327414852236,0.5041306357101133,0.7295730569407307,4.609468757831063,4.32778
3.258965732866433,0.09712692909894667,0.6925936641997057,0.03961583080414078,0.033495446267816795,0.14429691462310526,0.02718980442765468,0.5041306357101133,0.7295730569407307,4.609468757831063,4.32778
3.264205227613807,0.09958367569311226,0.6872624078919111,0.04044180787196764,0.03404893209985547,0.14258698194025843,0.02752928144045715,0.5041306357101133,0.7295730569407307,4.609468757831063,4.32778
3.2694447223611807,0.10204042228727789,0.6819311515841163,0.04126778493979448,0.03460241793189415,0.14087704925741165,0.027868758453259625,0.5041306357101133,0.7295730569407307,4.609468757831063,4.32778
3.2746842171085544,0.10449716888144346,0.6765998952763216,0.04209376200762133,0.03515590376393282,0.13916711657456482,0.028208235466062093,0.5041306357101133,0.7295730569407307,4.609468757831063,4.32778
3.279923711855928,0.10695391547560908,0.6712686389685272,0.042919739075448174,0.03570938959597149,0.13745718389171804,0.028547712478864565,0.5041306357101133,0.7295730569407307,4.609468757831063,4.32778
3.285163206603302,0.10964815281016896,0.6660772680527076,0.043842612301269596,0.0362916295914963,0.13591536377783106,0.028876632844917493,0.5041306357101133,0.7295730569407307,4.609468757831063,4.32778
3.290402701350676,0.11242288197284911,0.6609333079576585,0.04479832617124354,0.03688361512565231,0.1344305214138265,0.02920197528707209,0.5041306357101133,0.7295730569407307,4.609468757831063,4.32778
3.2956421960980493,0.11519761113552922,0.6557893478626092,0.04575404004121747,0.037475600659808324,0.13294567904982188,0.029527317729226683,0.5041306357101133,0.7295730569407307,4.609468757831063,4.32778
3.300881690845423,0.11797234029820933,0.6506453877675603,0.04670975391119142,0.03806758619396434,0.13146083668581732,0.029852660171381277,0.5041306357101133,0.7295730569407307,4.609468757831063,4.32778
3.3061211855927968,0.12074706946088946,0.6455014276725111,0.04766546778116535,0.03865957172812035,0.1299759943218127,0.03017800261353587,0.5041306357101133,0.7295730569407307,4.609468757831063,4.32778
3.3113606803401705,0.12352179862356957,0.640357467577462,0.048621181651139295,0.03925155726227636,0.1284911519578081,0.030503345055690464,0.5041306357101133,0.7295730569407307,4.609468757831063,4.32778
3.316600175087544,0.12629652778624947,0.6352135074824131,0.04957689552111316,0.03984354279643233,0.12700630959380366,0.03082868749784503,0.5041306357101133,0.7295730569407307,4.609468757831063,4.32778
3.321839669834917,0.12907125694892957,0.630069547387364,0.05053260939108709,0.04043552833058834,0.1255214672297991,0.031154029939999626,0.5041306357101133,0.7295730569407307,4.609468757831063,4.32778
3.3270791645822912,0.1318459861116097,0.6249255872923148,0.05148832326106104,0.04102751386474435,0.12403662486579449,0.031479372382154217,0.5041306357101133,0.7295730569407307,4.609468757831063,4.32778
3.332318659329665,0.1346207152742898,0.6197816271972658,0.05244403713103499,0.04161949939890036,0.12255178250178989,0.031804714824308813,0.5041306357101133,0.7295730569407307,4.609468757831063,4.32778
3.3375581540770387,0.1376214216508457,0.6145735710207827,0.05345106073131346,0.04223312126477421,0.12127289813522998,0.03212083959661266,0.5041306357101133,0.7295730569407307,4.609468757831063,4.32778
3.3427976488244124,0.14070706429054802,0.6093414235585194,0.05447736971298228,0.042854875407052344,0.12007142556770965,0.03243349979645536,0.5041306357101133,0.7295730569407307,4.609468757831063,4.32778
3.348037143571786,0.1437927069302503,0.6041092760962561,0.05550367869465112,0.04347662954933049,0.11886995300018932,0.032746159996298055,0.5041306357101133,0.7295730569407307,4.609468757831063,4.32778
3.35327663831916,0.14687834956995266,0.5988771286339928,0.056529987676319934,0.044098383691608616,0.11766848043266899,0.033058820196140766,0.5041306357101133,0.7295730569407307,4.609468757831063,4.32778
3.3585161330665336,0.14996399220965495,0.5936449811717295,0.057556296657988754,0.04472013783388675,0.11646700786514864,0.03337148039598345,0.5041306357101133,0.7295730569407307,4.609468757831063,4.32778
3.363755627813908,0.15304963484935727,0.5884128337094662,0.05858260563965758,0.045341891976164894,0.11526553529762831,0.03368414059582615,0.5041306357101133,0.7295730569407307,4.609468757831063,4.32778
3.3689951225612806,0.15613527748905934,0.5831806862472034,0.05960891462132632,0.045963646118442975,0.11406406273010808,0.03399680079566882,0.5041306357101133,0.7295730569407307,4.609468757831063,4.32778
3.3742346173086544,0.1592209201287616,0.57794853878494,0.06063522360299513,0.04658540026072111,0.11286259016258775,0.03430946099551151,0.5041306357101133,0.7295730569407307,4.609468757831063,4.32778
3.379474112056028,0.16230656276846395,0.5727163913226767,0.06166153258466396,0.047207154402999246,0.11166111759506742,0.03462212119535421,0.5041306357101133,0.7295730569407307,4.609468757831063,4.32778
3.384713606803402,0.16539220540816627,0.5674842438604136,0.06268784156633278,0.04782890854527739,0.11045964502754707,0.034934781395196915,0.5041306357101133,0.7295730569407307,4.609468757831063,4.32778
3.389953101550776,0.16863617306645293,0.5625548071259237,0.0637874127519382,0.04847229556164687,0.10936689478297777,0.03526663770800653,0.5041306357101133,0.7295730569407307,4.609468757831063,4.32778
3.3951925962981493,0.17194582876436498,0.5577509631401909,0.06491737995832582,0.04912465791939469,0.10831925273622861,0.035606458365557744,0.5041306357101133,0.7295730569407307,4.609468757831063,4.32778
3.400432091045523,0.17525548446227704,0.5529471191544584,0.06604734716471342,0.049777020277142495,0.10727161068947941,0.03594627902310895,0.5041306357101133,0.7295730569407307,4.609468757831063,4.32778
3.4056715857928967,0.17856514016018912,0.5481432751687256,0.06717731437110104,0.05042938263489031,0.10622396864273023,0.03628609968066017,0.5041306357101133,0.7295730569407307,4.609468757831063,4.32778
3.4109110805402705,0.18187479585810118,0.543339431182993,0.06830728157748864,0.051081744992638116,0.10517632659598104,0.03662592033821138,0.5041306357101133,0.7295730569407307,4.609468757831063,4.32778
3.416150575287644,0.18518445155601326,0.5385355871972604,0.06943724878387625,0.05173410735038593,0.10412868454923187,0.036965740995762594,0.5041306357101133,0.7295730569407307,4.609468757831063,4.32778
3.421390070035018,0.18849410725392532,0.5337317432115275,0.07056721599026387,0.052386469708133744,0.10308104250248265,0.03730556165331381,0.5041306357101133,0.7295730569407307,4.609468757831063,4.32778
3.4266295647823912,0.1918037629518371,0.5289278992257953,0.07169718319665137,0.0530388320658815,0.10203340045573356,0.037645382310864985,0.5041306357101133,0.7295730569407307,4.609468757831063,4.32778
3.431869059529765,0.19511341864974915,0.5241240552400627,0.072827150403039,0.05369119442362931,0.10098575840898438,0.037985202968416204,0.5041306357101133,0.7295730569407307,4.609468757831063,4.32778
3.4371085542771387,0.19842307434766127,0.5193202112543299,0.07395711760942661,0.054343556781377124,0.0999381163622352,0.03832502362596741,0.5041306357101133,0.7295730569407307,4.609468757831063,4.32778
3.4423480490245124,0.20188609303492586,0.5146122230839815,0.07517764512707346,0.05500568710843775,0.09910245304363911,0.0386297278310093,0.5041306357101133,0.7295730569407307,4.609468757831063,4.32778
3.447587543771886,0.20541907658959582,0.5099479647564173,0.07643948665533132,0.0556722736258783,0.09836349534920048,0.03891841175662176,0.5041306357101133,0.7295730569407307,4.609468757831063,4.32778
3.45282703851926,0.2089520601442658,0.5052837064288533,0.07770132818358916,0.056338860143318854,0.09762453765476187,0.03920709568223421,0.5041306357101133,0.7295730569407307,4.609468757831063,4.32778
3.4580665332666336,0.21248504369893575,0.5006194481012893,0.078963169711847,0.057005446660759414,0.09688557996032324,0.03949577960784667,0.5041306357101133,0.7295730569407307,4.609468757831063,4.32778
3.4633060280140078,0.21601802725360572,0.4959551897737254,0.08022501124010481,0.05767203317819997,0.09614662226588461,0.03978446353345912,0.5041306357101133,0.7295730569407307,4.609468757831063,4.32778
3.468545522761381,0.2195510108082757,0.4912909314461614,0.08148685276836265,0.058338619695640526,0.09540766457144598,0.04007314745907158,0.5041306357101133,0.7295730569407307,4.609468757831063,4.32778
3.473785017508755,0.22308399436294565,0.4866266731185974,0.08274869429662049,0.059005206213081085,0.09466870687700736,0.040361831384684035,0.5041306357101133,0.7295730569407307,4.609468757831063,4.32778
3.479024512256128,0.2266169779176153,0.48196241479103374,0.08401053582487823,0.05967179273052158,0.0939297491825688,0.04065051531029647,0.5041306357101133,0.7295730569407307,4.609468757831063,4.32778
3.484264007003502,0.23014996147228525,0.47729815646346985,0.08527237735313607,0.060338379247962134,0.09319079148813017,0.04093919923590893,0.5041306357101133,0.7295730569407307,4.609468757831063,4.32778
3.4895035017508755,0.23368294502695527,0.47263389813590595,0.08653421888139391,0.061004965765402694,0.09245183379369155,0.04122788316152138,0.5041306357101133,0.7295730569407307,4.609468757831063,4.32778
3.4947429964982493,0.23730888187039526,0.4682777885816637,0.08782069888544682,0.0616828928295587,0.09165143543499606,0.04151856475531912,0.5041306357101133,0.7295730569407307,4.609468757831063,4.32778
3.499982491245623,0.24098129535822027,0.46407575341408236,0.08911949812739724,0.062366490167072436,0.09082031674417214,0.0418102451832095,0.5041306357101133,0.7295730569407307,4.609468757831063,4.32778
3.5052219859929967,0.24465370884604534,0.4598737182465009,0.09041829736934769,0.06305008750458617,0.08998919805334823,0.04210192561109987,0.5041306357101133,0.7295730569407307,4.609468757831063,4.32778
3.5104614807403705,0.24832612233387039,0.45567168307891953,0.09171709661129811,0.0637336848420999,0.08915807936252433,0.042393606038990256,0.5041306357101133,0.7295730569407307,4.609468757831063,4.32778
3.515700975487744,0.2519985358216954,0.4514696479113383,0.09301589585324854,0.06441728217961362,0.08832696067170041,0.042685286466880634,0.5041306357101133,0.7295730569407307,4.609468757831063,4.32778
3.520940470235118,0.25567094930952045,0.4472676127437569,0.09431469509519898,0.06510087951712736,0.08749584198087651,0.04297696689477102,0.5041306357101133,0.7295730569407307,4.609468757831063,4.32778
3.526179964982492,0.2593433627973455,0.4430655775761756,0.09561349433714941,0.06578447685464109,0.08666472329005259,0.0432686473226614,0.5041306357101133,0.7295730569407307,4.609468757831063,4.32778
3.531419459729865,0.26301577628517026,0.4388635424085946,0.09691229357909974,0.06646807419215475,0.08583360459922876,0.04356032775055175,0.5041306357101133,0.7295730569407307,4.609468757831063,4.32778
3.5366589544772387,0.2666881897729953,0.4346615072410132,0.09821109282105016,0.06715167152966849,0.08500248590840485,0.04385200817844213,0.5041306357101133,0.7295730569407307,4.609468757831063,4.32778
3.5418984492246124,0.2703606032608203,0.4304594720734318,0.09950989206300061,0.06783526886718222,0.08417136721758094,0.04414368860633251,0.5041306357101133,0.7295730569407307,4.609468757831063,4.32778
3.547137943971986,0.2740518889904792,0.426483128354051,0.10084635815821094,0.06851756780541354,0.0834893593707658,0.04442541176856512,0.5041306357101133,0.7295730569407307,4.609468757831063,4.32778
3.55237743871936,0.277753488619745,0.4226301276354308,0.10220340962671451,0.06919915715333941,0.08288884233404852,0.044701693169333596,0.5041306357101133,0.7295730569407307,4.609468757831063,4.32778
3.5576169334667336,0.28145508824901083,0.41877712691681057,0.10356046109521805,0.06988074650126523,0.08228832529733122,0.04497797457010206,0.5041306357101133,0.7295730569407307,4.609468757831063,4.32778
3.5628564282141078,0.28515668787827664,0.4149241261981904,0.1049175125637216,0.07056233584919108,0.08168780826061395,0.045254255970870544,0.5041306357101133,0.7295730569407307,4.609468757831063,4.32778
3.568095922961481,0.28885828750754244,0.4110711254795702,0.10627456403222517,0.0712439251971169,0.08108729122389666,0.04553053737163902,0.5041306357101133,0.7295730569407307,4.609468757831063,4.32778
3.5733354177088548,0.2925598871368082,0.40721812476095004,0.10763161550072871,0.07192551454504276,0.08048677418717937,0.0458068187724075,0.5041306357101133,0.7295730569407307,4.609468757831063,4.32778
3.5785749124562285,0.296261486766074,0.4033651240423298,0.10898866696923225,0.07260710389296858,0.07988625715046208,0.04608310017317597,0.5041306357101133,0.7295730569407307,4.609468757831063,4.32778
3.5838144072036022,0.2999630863953398,0.39951212332370967,0.11034571843773582,0.07328869324089443,0.07928574011374478,0.04635938157394445,0.5041306357101133,0.7295730569407307,4.609468757831063,4.32778
3.5890539019509755,0.3036646860246053,0.3956591226050898,0.11170276990623924,0.07397028258882021,0.07868522307702755,0.0466356629747129,0.5041306357101133,0.7295730569407307,4.609468757831063,4.32778
3.594293396698349,0.3073662856538711,0.3918061218864696,0.11305982137474281,0.07465187193674605,0.07808470604031026,0.04691194437548137,0.5041306357101133,0.7295730569407307,4.609468757831063,4.32778
3.599532891445723,0.31109945257030286,0.38804164127379415,0.11441261014244394,0.07532053922495213,0.07745959348642834,0.047168452475486566,0.5041306357101133,0.7295730569407307,4.609468757831063,4.32778
3.6047723861930967,0.31485143358988554,0.3843299186442617,0.11576285834046685,0.07598150496556522,0.07681982200431632,0.04741317568823684,0.5041306357101133,0.7295730569407307,4.609468757831063,4.32778
3.6100118809404704,0.3186034146094683,0.38061819601472924,0.11711310653848976,0.07664247070617829,0.07618005052220429,0.04765789890098711,0.5041306357101133,0.7295730569407307,4.609468757831063,4.32778
3.615251375687844,0.322355395629051,0.3769064733851969,0.11846335473651266,0.0773034364467914,0.07554027904009226,0.04790262211373738,0.5041306357101133,0.7295730569407307,4.609468757831063,4.32778
3.620490870435218,0.32610737664863365,0.3731947507556644,0.11981360293453557,0.0779644021874045,0.07490050755798024,0.04814734532648765,0.5041306357101133,0.7295730569407307,4.609468757831063,4.32778
3.625730365182592,0.3298593576682165,0.36948302812613193,0.12116385113255847,0.0786253679280176,0.07426073607586821,0.04839206853923792,0.5041306357101133,0.7295730569407307,4.609468757831063,4.32778
3.630969859929965,0.33361133868779913,0.3657713054965995,0.12251409933058138,0.07928633366863068,0.0736209645937562,0.04863679175198819,0.5041306357101133,0.7295730569407307,4.609468757831063,4.32778
3.636209354677339,0.33736331970738187,0.3620595828670671,0.12386434752860427,0.07994729940924378,0.07298119311164415,0.048881514964738464,0.5041306357101133,0.7295730569407307,4.609468757831063,4.32778
3.641448849424712,0.34111530072696433,0.35834786023753495,0.12521459572662708,0.0806082651498568,0.07234142162953218,0.049126238177488714,0.5041306357101133,0.7295730569407307,4.609468757831063,4.32778
3.646688344172086,0.34486728174654696,0.3546361376080025,0.12656484392464998,0.0812692308904699,0.07170165014742015,0.049370961390238985,0.5041306357101133,0.7295730569407307,4.609468757831063,4.32778
3.65192783891946,0.34857847347665216,0.35114418720453533,0.12794065025439463,0.08192158667470867,0.0711190381134116,0.04960287606303702,0.5041306357101133,0.7295730569407307,4.609468757831063,4.32778
3.6571673336668336,0.3522632027338319,0.3477948163031021,0.12933303768612409,0.08256835666080377,0.07057350886185032,0.049826481063221406,0.5041306357101133,0.7295730569407307,4.609468757831063,4.32778
3.6624068284142073,0.3559479319910116,0.344445445401669,0.13072542511785357,0.08321512664689887,0.07002797961028905,0.050050086063405774,0.5041306357101133,0.7295730569407307,4.609468757831063,4.32778
3.667646323161581,0.35963266124819127,0.3410960745002358,0.13211781254958302,0.08386189663299395,0.06948245035872777,0.05027369106359017,0.5041306357101133,0.7295730569407307,4.609468757831063,4.32778
3.6728858179089543,0.363317390505371,0.33774670359880266,0.13351019998131247,0.08450866661908903,0.0689369211071665,0.05049729606377456,0.5041306357101133,0.7295730569407307,4.609468757831063,4.32778
3.678125312656329,0.36700211976255065,0.33439733269736954,0.13490258741304195,0.08515543660518415,0.06839139185560522,0.050720901063958934,0.5041306357101133,0.7295730569407307,4.609468757831063,4.32778
3.683364807403702,0.37068684901973037,0.3310479617959363,0.1362949748447714,0.08580220659127924,0.06784586260404396,0.05094450606414332,0.5041306357101133,0.7295730569407307,4.609468757831063,4.32778
3.688604302151076,0.3743715782769101,0.3276985908945032,0.13768736227650086,0.08644897657737435,0.06730033335248267,0.0511681110643277,0.5041306357101133,0.7295730569407307,4.609468757831063,4.32778
3.6938437968984497,0.3780563075340897,0.32434921999307,0.1390797497082303,0.08709574656346944,0.0667548041009214,0.05139171606451209,0.5041306357101133,0.7295730569407307,4.609468757831063,4.32778
3.699083291645823,0.3817410367912691,0.3209998490916371,0.14047213713995965,0.08774251654956448,0.06620927484936018,0.05161532106469645,0.5041306357101133,0.7295730569407307,4.609468757831063,4.32778
3.7043227863931967,0.385351016205239,0.31790886174789196,0.1418831275279668,0.08837183366987711,0.06574967229732379,0.05180532208169178,0.5041306357101133,0.7295730569407307,4.609468757831063,4.32778
3.7095622811405695,0.3889082873964327,0.3150000679384139,0.14330723538514412,0.0889888442822662,0.06535065908469596,0.051971627982335865,0.5041306357101133,0.7295730569407307,4.609468757831063,4.32778
3.714801775887944,0.39246555858762633,0.31209127412893584,0.14473134324232143,0.08960585489465529,0.06495164587206814,0.05213793388297995,0.5041306357101133,0.7295730569407307,4.609468757831063,4.32778
3.720041270635318,0.3960228297788201,0.3091824803194578,0.14615545109949873,0.09022286550704439,0.06455263265944032,0.05230423978362402,0.5041306357101133,0.7295730569407307,4.609468757831063,4.32778
3.725280765382692,0.3995801009700136,0.3062736865099797,0.14757955895667607,0.09083987611943346,0.06415361944681251,0.0524705456842681,0.5041306357101133,0.7295730569407307,4.609468757831063,4.32778
3.730520260130065,0.40313737216120726,0.30336489270050165,0.14900366681385335,0.09145688673182256,0.06375460623418469,0.05263685158491218,0.5041306357101133,0.7295730569407307,4.609468757831063,4.32778
3.735759754877439,0.40669464335240096,0.3004560988910236,0.15042777467103066,0.09207389734421166,0.06335559302155687,0.052803157485556265,0.5041306357101133,0.7295730569407307,4.609468757831063,4.32778
3.740999249624813,0.41025191454359466,0.29754730508154553,0.15185188252820797,0.09269090795660075,0.06295657980892905,0.05296946338620035,0.5041306357101133,0.7295730569407307,4.609468757831063,4.32778
3.7462387443721865,0.4138091857347883,0.29463851127206747,0.15327599038538528,0.09330791856898984,0.06255756659630123,0.05313576928684442,0.5041306357101133,0.7295730569407307,4.609468757831063,4.32778
3.75147823911956,0.4173664569259817,0.29172971746258963,0.1547000982425625,0.09392492918137889,0.06215855338367344,0.05330207518748849,0.5041306357101133,0.7295730569407307,4.609468757831063,4.32778
3.7567177338669335,0.4208041151036658,0.2890525533163824,0.15609652282418135,0.09451488948442544,0.06180270782828181,0.05345418727874685,0.5041306357101133,0.7295730569407307,4.609468757831063,4.32778
3.7619572286143073,0.4241502111072918,0.286552698602679,0.1574717562258373,0.0950841431347452,0.06147990654148249,0.05359543419733384,0.5041306357101133,0.7295730569407307,4.609468757831063,4.32778
3.767196723361681,0.4274963071109176,0.2840528438889756,0.15884698962749327,0.09565339678506493,0.06115710525468318,0.05373668111592084,0.5041306357101133,0.7295730569407307,4.609468757831063,4.32778
3.772436218109055,0.4308424031145434,0.28155298917527216,0.16022222302914924,0.09622265043538468,0.06083430396788386,0.05387792803450783,0.5041306357101133,0.7295730569407307,4.609468757831063,4.32778
3.777675712856429,0.43418849911816926,0.2790531344615688,0.1615974564308052,0.09679190408570443,0.06051150268108454,0.05401917495309482,0.5041306357101133,0.7295730569407307,4.609468757831063,4.32778
3.782915207603802,0.4375345951217951,0.27655327974786537,0.1629726898324612,0.09736115773602418,0.06018870139428523,0.05416042187168182,0.5041306357101133,0.7295730569407307,4.609468757831063,4.32778
3.788154702351176,0.440880691125421,0.2740534250341619,0.16434792323411715,0.09793041138634394,0.05986590010748591,0.054301668790268806,0.5041306357101133,0.7295730569407307,4.609468757831063,4.32778
3.7933941970985496,0.44422678712904684,0.27155357032045857,0.16572315663577314,0.09849966503666366,0.059543098820686584,0.0544429157088558,0.5041306357101133,0.7295730569407307,4.609468757831063,4.32778
3.7986336918459234,0.4475728831326728,0.2690537156067552,0.16709839003742907,0.0990689186869834,0.05922029753388728,0.0545841626274428,0.5041306357101133,0.7295730569407307,4.609468757831063,4.32778
3.803873186593297,0.45091897913629864,0.2665538608930517,0.16847362343908506,0.09963817233730315,0.058897496247087955,0.054725409546029787,0.5041306357101133,0.7295730569407307,4.609468757831063,4.32778
3.8091126813406704,0.4541168825485191,0.2642763664988605,0.1698586638047362,0.10018475976776214,0.058597661403435995,0.054843397842030336,0.5041306357101133,0.7295730569407307,4.609468757831063,4.32778
3.814352176088044,0.4571917453229219,0.26218349236995175,0.1712518466496679,0.10071252799732766,0.05831689502863569,0.05494207507982841,0.5041306357101133,0.7295730569407307,4.609468757831063,4.32778
3.819591670835418,0.4602666080973248,0.260090618241043,0.17264502949459964,0.10124029622689319,0.05803612865383539,0.05504075231762648,0.5041306357101133,0.7295730569407307,4.609468757831063,4.32778
3.824831165582792,0.4633414708717274,0.2579977441121344,0.17403821233953137,0.1017680644564587,0.057755362279035084,0.05513942955542454,0.5041306357101133,0.7295730569407307,4.609468757831063,4.32778
3.830070660330165,0.46641633364613017,0.2559048699832257,0.1754313951844631,0.10229583268602423,0.05747459590423478,0.05523810679322262,0.5041306357101133,0.7295730569407307,4.609468757831063,4.32778
3.835310155077539,0.46949119642053294,0.25381199585431685,0.1768245780293948,0.10282360091558974,0.05719382952943448,0.05533678403102068,0.5041306357101133,0.7295730569407307,4.609468757831063,4.32778
3.8405496498249128,0.4725660591949358,0.2517191217254082,0.17821776087432653,0.10335136914515528,0.056913063154634166,0.055435461268818764,0.5041306357101133,0.7295730569407307,4.609468757831063,4.32778
3.8457891445722874,0.4756409219693385,0.2496262475964995,0.1796109437192583,0.10387913737472079,0.05663229677983386,0.05553413850661683,0.5041306357101133,0.7295730569407307,4.609468757831063,4.32778
3.85102863931966,0.47871578474374127,0.24753337346759083,0.18100412656419002,0.1044069056042863,0.05635153040503356,0.05563281574441489,0.5041306357101133,0.7295730569407307,4.609468757831063,4.32778
3.856268134067034,0.48179064751814404,0.24544049933868212,0.18239730940912174,0.10493467383385183,0.056070764030233256,0.05573149298221297,0.5041306357101133,0.7295730569407307,4.609468757831063,4.32778
3.8615076288144072,0.4847268430462344,0.24343045613951833,0.1837829194951814,0.10542266999760165,0.05584579961635967,0.05581938455102787,0.5041306357101133,0.7295730569407307,4.609468757831063,4.32778
3.866747123561781,0.4875382380526441,0.24149496077712462,0.18516171409825644,0.10587487130211747,0.055671056967320096,0.05589756901775795,0.5041306357101133,0.7295730569407307,4.609468757831063,4.32778
3.8719866183091542,0.49034963305905377,0.239559465414731,0.18654050870133154,0.10632707260663332,0.05549631431828052,0.05597575348448801,0.5041306357101133,0.7295730569407307,4.609468757831063,4.32778
3.877226113056528,0.49316102806546347,0.23762397005233732,0.18791930330440662,0.10677927391114914,0.05532157166924094,0.056053937951218075,0.5041306357101133,0.7295730569407307,4.609468757831063,4.32778
3.882465607803902,0.49597242307187317,0.23568847468994367,0.1892980979074817,0.10723147521566496,0.05514682902020137,0.056132122417948155,0.5041306357101133,0.7295730569407307,4.609468757831063,4.32778
3.887705102551276,0.4987838180782828,0.23375297932755001,0.19067689251055675,0.1076836765201808,0.05497208637116179,0.05621030688467822,0.5041306357101133,0.7295730569407307,4.609468757831063,4.32778
3.8929445972986496,0.5015952130846926,0.23181748396515633,0.1920556871136318,0.10813587782469662,0.054797343722122215,0.05628849135140829,0.5041306357101133,0.7295730569407307,4.609468757831063,4.32778
3.8981840920460233,0.5044066080911023,0.2298819886027627,0.19343448171670688,0.10858807912921245,0.05462260107308265,0.056366675818138354,0.5041306357101133,0.7295730569407307,4.609468757831063,4.32778
3.903423586793397,0.507218003097512,0.227946493240369,0.19481327631978199,0.10904028043372826,0.05444785842404307,0.05644486028486843,0.5041306357101133,0.7295730569407307,4.609468757831063,4.32778
3.908663081540771,0.5100293981039216,0.22601099787797532,0.19619207092285704,0.10949248173824411,0.054273115775003496,0.05652304475159849,0.5041306357101133,0.7295730569407307,4.609468757831063,4.32778
3.913902576288145,0.5126724830835073,0.22419615411354696,0.19753389401918867,0.1099234919690562,0.05408843632333833,0.056592888727508735,0.5041306357101133,0.7295730569407307,4.609468757831063,4.32778
3.919142071035518,0.5151514241260418,0.2224989755213918,0.19883966074508236,0.11033383565769186,0.053894066029508636,0.05665459866039172,0.5041306357101133,0.7295730569407307,4.609468757831063,4.32778
3.924381565782892,0.5176303651685765,0.2208017969292365,0.2001454274709762,0.11074417934632758,0.053699695735678926,0.056716308593274714,0.5041306357101133,0.7295730569407307,4.609468757831063,4.32778
3.929621060530265,0.5201093062111112,0.21910461833708117,0.20145119419687002,0.11115452303496329,0.05350532544184921,0.05677801852615771,0.5041306357101133,0.7295730569407307,4.609468757831063,4.32778
3.934860555277639,0.5225882472536458,0.21740743974492585,0.2027569609227639,0.11156486672359897,0.0533109551480195,0.0568397284590407,0.5041306357101133,0.7295730569407307,4.609468757831063,4.32778
3.9401000500250127,0.5250671882961805,0.21571026115277053,0.20406272764865765,0.1119752104122347,0.05311658485418979,0.05690143839192369,0.5041306357101133,0.7295730569407307,4.609468757831063,4.32778
3.9453395447723865,0.5275461293387153,0.2140130825606152,0.2053684943745515,0.1123855541008704,0.05292221456036008,0.05696314832480667,0.5041306357101133,0.7295730569407307,4.609468757831063,4.32778
3.95057903951976,0.5300250703812499,0.21231590396845987,0.20667426110044532,0.1127958977895061,0.05272784426653036,0.05702485825768966,0.5041306357101133,0.7295730569407307,4.609468757831063,4.32778
3.955818534267134,0.5325040114237846,0.21061872537630455,0.20798002782633912,0.11320624147814179,0.052533473972700646,0.05708656819057265,0.5041306357101133,0.7295730569407307,4.609468757831063,4.32778
3.961058029014508,0.5349829524663192,0.20892154678414923,0.2092857945522329,0.11361658516677751,0.052339103678870944,0.057148278123455645,0.5041306357101133,0.7295730569407307,4.609468757831063,4.32778
3.9662975237618814,0.5372698210336159,0.20733402520803534,0.21052874211677156,0.11398354228823196,0.05216266016459076,0.057189472328577934,0.5041306357101133,0.7295730569407307,4.609468757831063,4.32778
3.971537018509255,0.5393537264183155,0.205862378313821,0.21170530860874393,0.11430465277941748,0.05200515989674179,0.05720898754302528,0.5041306357101133,0.7295730569407307,4.609468757831063,4.32778
3.976776513256629,0.5414376318030152,0.20439073141960654,0.21288187510071635,0.11462576327060306,0.05184765962889281,0.057228502757472606,0.5041306357101133,0.7295730569407307,4.609468757831063,4.32778
3.982016008004002,0.543521537187715,0.20291908452539206,0.2140584415926889,0.11494687376178862,0.05169015936104383,0.057248017971919946,0.5041306357101133,0.7295730569407307,4.609468757831063,4.32778
3.987255502751376,0.5456054425724147,0.20144743763117762,0.21523500808466137,0.11526798425297417,0.051532659093194856,0.05726753318636728,0.5041306357101133,0.7295730569407307,4.609468757831063,4.32778
3.9924949974987496,0.5476893479571145,0.19997579073696314,0.2164115745766339,0.11558909474415975,0.05137515882534588,0.05728704840081461,0.5041306357101133,0.7295730569407307,4.609468757831063,4.32778
3.9977344922461233,0.5497732533418143,0.19850414384274867,0.21758814106860633,0.11591020523534531,0.051217658557496895,0.05730656361526194,0.5041306357101133,0.7295730569407307,4.609468757831063,4.32778
4.002973986993497,0.551857158726514,0.19703249694853436,0.2187647075605787,0.11623131572653086,0.05106015828964793,0.05732607882970929,0.5041306357101133,0.7295730569407307,4.609468757831063,4.32778
4.008213481740871,0.5539410641112139,0.19556085005431978,0.21994127405255132,0.11655242621771646,0.05090265802179893,0.057345594044156616,0.5041306357101133,0.7295730569407307,4.609468757831063,4.32778
4.013452976488244,0.5560249694959136,0.19408920316010542,0.2211178405445237,0.11687353670890199,0.05074515775394997,0.057365109258603955,0.5041306357101133,0.7295730569407307,4.609468757831063,4.32778
4.018692471235618,0.5579262902064372,0.1927391014594472,0.2222741614666801,0.11716114870336258,0.05061695824338438,0.05735131932974485,0.5041306357101133,0.7295730569407307,4.609468757831063,4.32778
4.023931965982992,0.5596185220158881,0.19152818860947474,0.22340729794598235,0.1174103995160897,0.050522312825836906,0.057299389640002585,0.5041306357101133,0.7295730569407307,4.609468757831063,4.32778
4.029171460730366,0.561310753825339,0.19031727575950202,0.22454043442528476,0.11765965032881683,0.05042766740828941,0.0572474599502603,0.5041306357101133,0.7295730569407307,4.609468757831063,4.32778
4.034410955477739,0.5630029856347899,0.18910636290952956,0.225673570904587,0.11790890114154393,0.05033302199074194,0.05719553026051803,0.5041306357101133,0.7295730569407307,4.609468757831063,4.32778
4.039650450225113,0.5646952174442408,0.18789545005955688,0.22680670738388942,0.11815815195427107,0.050238376573194445,0.057143600570775756,0.5041306357101133,0.7295730569407307,4.609468757831063,4.32778
4.044889944972486,0.5663874492536917,0.1866845372095844,0.22793984386319166,0.11840740276699815,0.050143731155646964,0.05709167088103348,0.5041306357101133,0.7295730569407307,4.609468757831063,4.32778
4.050129439719861,0.5680796810631428,0.1854736243596117,0.22907298034249404,0.11865665357972531,0.050049085738099464,0.057039741191291196,0.5041306357101133,0.7295730569407307,4.609468757831063,4.32778
4.055368934467234,0.5697719128725934,0.18426271150963922,0.23020611682179626,0.1189059043924524,0.049954440320552,0.056987811501548934,0.5041306357101133,0.7295730569407307,4.609468757831063,4.32778
4.060608429214607,0.5714641446820442,0.18305179865966675,0.2313392533010985,0.1191551552051795,0.04985979490300452,0.05693588181180666,0.5041306357101133,0.7295730569407307,4.609468757831063,4.32778
4.065847923961981,0.5731563764914953,0.18184088580969404,0.2324723897804009,0.11940440601790663,0.04976514948545702,0.05688395212206439,0.5041306357101133,0.7295730569407307,4.609468757831063,4.32778
4.071087418709355,0.5746840346391039,0.18070696861012636,0.23354048127103064,0.11962565117119707,0.04967405880890268,0.05682760267135659,0.5041306357101133,0.7295730569407307,4.609468757831063,4.32778
4.076326913456729,0.5760073625661112,0.17966864713381384,0.23452781465774675,0.11981212525293979,0.049587381602907196,0.05676576576461857,0.5041306357101133,0.7295730569407307,4.609468757831063,4.32778
4.081566408204102,0.577330690493118,0.17863032565750148,0.23551514804446275,0.11999859933468247,0.04950070439691173,0.05670392885788057,0.5041306357101133,0.7295730569407307,4.609468757831063,4.32778
4.086805902951476,0.5786540184201252,0.17759200418118892,0.2365024814311789,0.12018507341642518,0.049414027190916254,0.05664209195114255,0.5041306357101133,0.7295730569407307,4.609468757831063,4.32778
4.09204539769885,0.5799773463471322,0.17655368270487656,0.2374898148178949,0.12037154749816785,0.04932734998492079,0.056580255044404545,0.5041306357101133,0.7295730569407307,4.609468757831063,4.32778
4.097284892446224,0.5813006742741393,0.175515361228564,0.23847714820461108,0.12055802157991058,0.049240672778925305,0.05651841813766653,0.5041306357101133,0.7295730569407307,4.609468757831063,4.32778
4.102524387193597,0.5826240022011462,0.17447703975225168,0.23946448159132708,0.12074449566165325,0.04915399557292984,0.056456581230928525,0.5041306357101133,0.7295730569407307,4.609468757831063,4.32778
4.10776388194097,0.583947330128153,0.17343871827593932,0.24045181497804308,0.12093096974339596,0.04906731836693438,0.05639474432419052,0.5041306357101133,0.7295730569407307,4.609468757831063,4.32778
4.1130033766883445,0.5852706580551603,0.17240039679962676,0.2414391483647592,0.12111744382513864,0.0489806411609389,0.056332907417452505,0.5041306357101133,0.7295730569407307,4.609468757831063,4.32778
4.118242871435718,0.5865939859821673,0.17136207532331438,0.24242648175147521,0.12130391790688135,0.048893963954943435,0.05627107051071449,0.5041306357101133,0.7295730569407307,4.609468757831063,4.32778
4.123482366183092,0.5877593326094582,0.1703674408913332,0.24337321704193327,0.12145985673200806,0.048825388573874764,0.05620638269691425,0.5041306357101133,0.7295730569407307,4.609468757831063,4.32778
4.128721860930465,0.5887118691330137,0.1694316554778926,0.24426526430860826,0.12157466277028146,0.04878119741579572,0.05613785454360078,0.5041306357101133,0.7295730569407307,4.609468757831063,4.32778
4.133961355677839,0.5896644056565693,0.16849587006445185,0.2451573115752833,0.12168946880855487,0.04873700625771668,0.056069326390287305,0.5041306357101133,0.7295730569407307,4.609468757831063,4.32778
4.139200850425213,0.5906169421801247,0.16756008465101127,0.2460493588419583,0.12180427484682826,0.048692815099637646,0.056000798236973834,0.5041306357101133,0.7295730569407307,4.609468757831063,4.32778
4.144440345172587,0.5915694787036804,0.1666242992375705,0.24694140610863333,0.12191908088510167,0.048648623941558604,0.05593227008366036,0.5041306357101133,0.7295730569407307,4.609468757831063,4.32778
4.14967983991996,0.5925220152272358,0.1656885138241299,0.24783345337530832,0.12203388692337508,0.048604432783479576,0.05586374193034689,0.5041306357101133,0.7295730569407307,4.609468757831063,4.32778
4.154919334667334,0.5934745517507914,0.16475272841068914,0.2487255006419834,0.12214869296164847,0.048560241625400534,0.05579521377703341,0.5041306357101133,0.7295730569407307,4.609468757831063,4.32778
4.160158829414708,0.5944270882743468,0.16381694299724855,0.24961754790865837,0.12226349899992188,0.048516050467321485,0.05572668562371994,0.5041306357101133,0.7295730569407307,4.609468757831063,4.32778
4.165398324162081,0.5953796247979023,0.16288115758380795,0.25050959517533333,0.12237830503819529,0.04847185930924246,0.05565815747040648,0.5041306357101133,0.7295730569407307,4.609468757831063,4.32778
4.170637818909455,0.5963321613214579,0.1619453721703672,0.2514016424420084,0.12249311107646868,0.048427668151163415,0.055589629317093,0.5041306357101133,0.7295730569407307,4.609468757831063,4.32778
4.175877313656828,0.5971214245549423,0.16110051175084586,0.252247169544481,0.12258606227958657,0.04838136445656266,0.055501060476077974,0.5041306357101133,0.7295730569407307,4.609468757831063,4.32778
4.1811168084042025,0.5976718250122117,0.16038867122983586,0.25302463936969477,0.12264704066831031,0.048331970199272725,0.05538317285120326,0.5041306357101133,0.7295730569407307,4.609468757831063,4.32778
4.186356303151576,0.5982222254694812,0.15967683070882596,0.2538021091949083,0.12270801905703402,0.04828257594198279,0.05526528522632856,0.5041306357101133,0.7295730569407307,4.609468757831063,4.32778
4.19159579789895,0.5987726259267506,0.15896499018781599,0.254579579020122,0.12276899744575775,0.048233181684692844,0.055147397601453846,0.5041306357101133,0.7295730569407307,4.609468757831063,4.32778
4.196835292646323,0.5993230263840199,0.15825314966680612,0.25535704884533567,0.12282997583448145,0.04818378742740292,0.05502950997657915,0.5041306357101133,0.7295730569407307,4.609468757831063,4.32778
4.202074787393697,0.5998734268412893,0.15754130914579612,0.25613451867054937,0.12289095422320516,0.048134393170112984,0.05491162235170443,0.5041306357101133,0.7295730569407307,4.609468757831063,4.32778
4.207314282141071,0.6004238272985587,0.15682946862478625,0.25691198849576297,0.12295193261192891,0.04808499891282305,0.054793734726829725,0.5041306357101133,0.7295730569407307,4.609468757831063,4.32778
4.212553776888445,0.6009742277558282,0.15611762810377625,0.2576894583209766,0.12301291100065265,0.04803560465553311,0.054675847101955014,0.5041306357101133,0.7295730569407307,4.609468757831063,4.32778
4.217793271635818,0.6015246282130975,0.15540578758276635,0.25846692814619027,0.12307388938937634,0.047986210398243176,0.054557959477080316,0.5041306357101133,0.7295730569407307,4.609468757831063,4.32778
4.223032766383192,0.6020750286703669,0.15469394706175651,0.25924439797140386,0.12313486777810005,0.04793681614095324,0.05444007185220562,0.5041306357101133,0.7295730569407307,4.609468757831063,4.32778
4.228272261130566,0.6024977821163887,0.15401918829490913,0.25997586193655864,0.12317362818636436,0.0479087136369593,0.05432087333926667,0.5041306357101133,0.7295730569407307,4.609468757831063,4.32778
4.233511755877939,0.6027174607717893,0.15340342322786601,0.26063413476071046,0.12317704180753415,0.04791448437684538,0.0541995893225892,0.5041306357101133,0.7295730569407307,4.609468757831063,4.32778
4.238751250625313,0.6029371394271902,0.15278765816082282,0.2612924075848624,0.12318045542870394,0.04792025511673145,0.054078305305911706,0.5041306357101133,0.7295730569407307,4.609468757831063,4.32778
4.243990745372686,0.6031568180825908,0.15217189309377974,0.2619506804090142,0.12318386904987373,0.047926025856617524,0.05395702128923423,0.5041306357101133,0.7295730569407307,4.609468757831063,4.32778
4.249230240120061,0.6033764967379915,0.15155612802673654,0.26260895323316613,0.12318728267104352,0.0479317965965036,0.053835737272556736,0.5041306357101133,0.7295730569407307,4.609468757831063,4.32778
4.254469734867434,0.6035961753933923,0.15094036295969343,0.2632672260573179,0.12319069629221333,0.04793756733638967,0.053714453255879265,0.5041306357101133,0.7295730569407307,4.609468757831063,4.32778
4.259709229614808,0.603815854048793,0.15032459789265024,0.2639254988814698,0.12319410991338309,0.04794333807627574,0.05359316923920177,0.5041306357101133,0.7295730569407307,4.609468757831063,4.32778
4.264948724362181,0.6040355327041937,0.14970883282560715,0.26458377170562164,0.12319752353455289,0.047949108816161816,0.053471885222524294,0.5041306357101133,0.7295730569407307,4.609468757831063,4.32778
4.270188219109556,0.6042552113595945,0.14909306775856396,0.2652420445297736,0.12320093715572268,0.04795487955604789,0.0533506012058468,0.5041306357101133,0.7295730569407307,4.609468757831063,4.32778
4.275427713856929,0.6044748900149951,0.14847730269152087,0.26590031735392533,0.12320435077689247,0.04796065029593395,0.05322931718916933,0.5041306357101133,0.7295730569407307,4.609468757831063,4.32778
4.280667208604302,0.6045708926305692,0.14785573440721364,0.266511070846814,0.12318739938903901,0.04798308987148979,0.0531099212199558,0.5041306357101133,0.7295730569407307,4.609468757831063,4.32778
4.285906703351676,0.6044525799168547,0.14722410986285278,0.2670394791971715,0.12313515795130278,0.04803441448419937,0.0529937970042243,0.5041306357101133,0.7295730569407307,4.609468757831063,4.32778
4.2911461980990495,0.6043342672031404,0.14659248531849203,0.26756788754752886,0.12308291651356656,0.04808573909690895,0.052877672788492806,0.5041306357101133,0.7295730569407307,4.609468757831063,4.32778
4.296385692846424,0.604215954489426,0.14596086077413117,0.26809629589788636,0.12303067507583033,0.04813706370961853,0.0527615485727613,0.5041306357101133,0.7295730569407307,4.609468757831063,4.32778
4.301625187593797,0.6040976417757116,0.1453292362297704,0.2686247042482437,0.12297843363809413,0.048188388322328114,0.05264542435702981,0.5041306357101133,0.7295730569407307,4.609468757831063,4.32778
4.306864682341171,0.6039793290619971,0.14469761168540954,0.26915311259860114,0.12292619220035791,0.0482397129350377,0.05252930014129831,0.5041306357101133,0.7295730569407307,4.609468757831063,4.32778
4.312104177088544,0.6038610163482828,0.1440659871410488,0.26968152094895853,0.12287395076262171,0.04829103754774726,0.05241317592556681,0.5041306357101133,0.7295730569407307,4.609468757831063,4.32778
4.317343671835919,0.6037427036345683,0.14343436259668793,0.270209929299316,0.12282170932488548,0.04834236216045684,0.05229705170983532,0.5041306357101133,0.7295730569407307,4.609468757831063,4.32778
4.322583166583292,0.603624390920854,0.14280273805232718,0.27073833764967337,0.12276946788714928,0.048393686773166425,0.052180927494103836,0.5041306357101133,0.7295730569407307,4.609468757831063,4.32778
4.327822661330665,0.6035060782071395,0.1421711135079664,0.27126674600003076,0.12271722644941305,0.04844501138587601,0.05206480327837234,0.5041306357101133,0.7295730569407307,4.609468757831063,4.32778
4.333062156078039,0.6033132240091371,0.14158602985639634,0.2717488510337558,0.12263646064665926,0.04849004962619048,0.05194299061073515,0.5041306357101133,0.7295730569407307,4.609468757831063,4.32778
4.338301650825413,0.6029793891778071,0.14108896919771335,0.27214338240341507,0.12250174658832876,0.04852319842306204,0.05181041934927638,0.5041306357101133,0.7295730569407307,4.609468757831063,4.32778
4.343541145572787,0.6026455543464772,0.14059190853903028,0.2725379137730744,0.12236703252999825,0.048556347219933585,0.0516778480878176,0.5041306357101133,0.7295730569407307,4.609468757831063,4.32778
4.34878064032016,0.6023117195151474,0.1400948478803473,0.2729324451427336,0.12223231847166775,0.04858949601680514,0.05154527682635884,0.5041306357101133,0.7295730569407307,4.609468757831063,4.32778
4.354020135067534,0.6019778846838174,0.1395977872216642,0.27332697651239296,0.12209760441333722,0.048622644813676695,0.051412705564900046,0.5041306357101133,0.7295730569407307,4.609468757831063,4.32778
4.359259629814908,0.6016440498524877,0.13910072656298123,0.2737215078820523,0.12196289035500674,0.048655793610548254,0.05128013430344128,0.5041306357101133,0.7295730569407307,4.609468757831063,4.32778
4.364499124562282,0.6013102150211576,0.13860366590429812,0.27411603925171163,0.12182817629667622,0.04868894240741981,0.05114756304198249,0.5041306357101133,0.7295730569407307,4.609468757831063,4.32778
4.369738619309655,0.6009763801898277,0.13810660524561513,0.2745105706213709,0.12169346223834575,0.04872209120429136,0.05101499178052372,0.5041306357101133,0.7295730569407307,4.609468757831063,4.32778
4.374978114057029,0.6006425453584977,0.13760954458693203,0.27490510199103024,0.12155874818001523,0.04875524000116292,0.050882420519064935,0.5041306357101133,0.7295730569407307,4.609468757831063,4.32778
4.3802176088044025,0.6003087105271678,0.13711248392824907,0.2752996333606896,0.12142403412168472,0.04878838879803447,0.050749849257606165,0.5041306357101133,0.7295730569407307,4.609468757831063,4.32778
4.385457103551776,0.5998878624751441,0.13664341712240372,0.27564110275414516,0.1212803424895958,0.048832993898787605,0.05061324121074118,0.5041306357101133,0.7295730569407307,4.609468757831063,4.32778
4.39069659829915,0.5992869639895306,0.13623227605819938,0.2758727746737643,0.12111807418565286,0.0489013047360342,0.0504682801233048,0.5041306357101133,0.7295730569407307,4.609468757831063,4.32778
4.395936093046523,0.5986860655039172,0.13582113499399512,0.27610444659338335,0.12095580588170995,0.04896961557328077,0.050323319035868466,0.5041306357101133,0.7295730569407307,4.609468757831063,4.32778
4.401175587793897,0.5980851670183036,0.13540999392979078,0.2763361185130025,0.12079353757776704,0.04903792641052736,0.0501783579484321,0.5041306357101133,0.7295730569407307,4.609468757831063,4.32778
4.406415082541271,0.5974842685326902,0.1349988528655865,0.2765677904326216,0.1206312692738241,0.04910623724777393,0.05003339686099575,0.5041306357101133,0.7295730569407307,4.609468757831063,4.32778
4.411654577288645,0.5968833700470767,0.13458771180138215,0.27679946235224073,0.12046900096988117,0.04917454808502051,0.049888435773559385,0.5041306357101133,0.7295730569407307,4.609468757831063,4.32778
4.416894072036018,0.5962824715614633,0.1341765707371779,0.27703113427185977,0.12030673266593828,0.04924285892226709,0.04974347468612304,0.5041306357101133,0.7295730569407307,4.609468757831063,4.32778
4.422133566783392,0.5956815730758497,0.13376542967297356,0.2772628061914789,0.12014446436199536,0.04931116975951368,0.04959851359868668,0.5041306357101133,0.7295730569407307,4.609468757831063,4.32778
4.427373061530766,0.5950806745902363,0.13335428860876927,0.27749447811109795,0.11998219605805242,0.049379480596760256,0.04945355251125033,0.5041306357101133,0.7295730569407307,4.609468757831063,4.32778
4.43261255627814,0.5944797761046228,0.13294314754456493,0.2777261500307171,0.11981992775410949,0.049447791434006835,0.04930859142381396,0.5041306357101133,0.7295730569407307,4.609468757831063,4.32778
4.437852051025513,0.5937974629407717,0.13258945657302673,0.2779294430854793,0.11964802325646137,0.04953040208769262,0.049159192758648204,0.5041306357101133,0.7295730569407307,4.609468757831063,4.32778
4.443091545772886,0.5929302984173154,0.13236620556598447,0.2780683021601974,0.11945423985999087,0.04964548035739197,0.04899971860962139,0.5041306357101133,0.7295730569407307,4.609468757831063,4.32778
4.4483310405202605,0.5920631338938591,0.13214295455894212,0.27820716123491557,0.11926045646352032,0.04976055862709135,0.04884024446059455,0.5041306357101133,0.7295730569407307,4.609468757831063,4.32778
4.453570535267634,0.5911959693704029,0.13191970355189986,0.27834602030963373,0.11906667306704978,0.04987563689679071,0.048680770311567735,0.5041306357101133,0.7295730569407307,4.609468757831063,4.32778
4.458810030015008,0.5903288048469465,0.13169645254485754,0.27848487938435196,0.11887288967057923,0.04999071516649009,0.04852129616254089,0.5041306357101133,0.7295730569407307,4.609468757831063,4.32778
4.464049524762381,0.5894616403234904,0.13147320153781522,0.2786237384590701,0.11867910627410871,0.05010579343618945,0.04836182201351408,0.5041306357101133,0.7295730569407307,4.609468757831063,4.32778
4.469289019509755,0.588594475800034,0.1312499505307729,0.27876259753378824,0.11848532287763813,0.05022087170588883,0.04820234786448724,0.5041306357101133,0.7295730569407307,4.609468757831063,4.32778
4.474528514257129,0.5877273112765776,0.13102669952373064,0.2789014566085064,0.1182915394811676,0.05033594997558819,0.04804287371546041,0.5041306357101133,0.7295730569407307,4.609468757831063,4.32778
4.479768009004503,0.5868601467531214,0.1308034485166883,0.2790403156832246,0.11809775608469705,0.05045102824528756,0.04788339956643358,0.5041306357101133,0.7295730569407307,4.609468757831063,4.32778
4.485007503751876,0.5859929822296651,0.13058019750964603,0.27917917475794274,0.11790397268822651,0.05056610651498693,0.047723925417406755,0.5041306357101133,0.7295730569407307,4.609468757831063,4.32778
4.4902469984992495,0.5850908541823042,0.13038965791935644,0.27927738173382105,0.11769370307824735,0.05066339870552535,0.04756923529928448,0.5041306357101133,0.7295730569407307,4.609468757831063,4.32778
4.495486493246624,0.5841013173251814,0.13028089687094854,0.2792739584625995,0.11744221793449658,0.050716225698161456,0.04742650525842351,0.5041306357101133,0.7295730569407307,4.609468757831063,4.32778
4.500725987993997,0.583111780468059,0.13017213582254067,0.27927053519137796,0.11719073279074584,0.05076905269079755,0.04728377521756255,0.5041306357101133,0.7295730569407307,4.609468757831063,4.32778
4.505965482741371,0.5821222436109363,0.13006337477413277,0.27926711192015646,0.11693924764699506,0.05082187968343365,0.04714104517670158,0.5041306357101133,0.7295730569407307,4.609468757831063,4.32778
4.511204977488744,0.5811327067538138,0.12995461372572492,0.27926368864893497,0.11668776250324432,0.05087470667606976,0.04699831513584063,0.5041306357101133,0.7295730569407307,4.609468757831063,4.32778
4.516444472236119,0.580143169896691,0.12984585267731702,0.2792602653777134,0.11643627735949355,0.050927533668705866,0.046855585094979654,0.5041306357101133,0.7295730569407307,4.609468757831063,4.32778
4.521683966983492,0.5791536330395686,0.12973709162890915,0.2792568421064919,0.11618479221574281,0.05098036066134196,0.04671285505411871,0.5041306357101133,0.7295730569407307,4.609468757831063,4.32778
4.526923461730866,0.5781640961824458,0.12962833058050124,0.27925341883527033,0.11593330707199202,0.05103318765397807,0.04657012501325773,0.5041306357101133,0.7295730569407307,4.609468757831063,4.32778
4.532162956478239,0.5771745593253234,0.1295195695320934,0.27924999556404884,0.11568182192824128,0.05108601464661417,0.046427394972396785,0.5041306357101133,0.7295730569407307,4.609468757831063,4.32778
4.5374024512256135,0.5761850224682007,0.12941080848368552,0.2792465722928273,0.1154303367844905,0.051138841639250275,0.04628466493153581,0.5041306357101133,0.7295730569407307,4.609468757831063,4.32778
4.542641945972987,0.5751494695357688,0.12932233651226155,0.279218819652936,0.11517692296248544,0.05119412900209708,0.04614802626717698,0.5041306357101133,0.7295730569407307,4.609468757831063,4.32778
4.54788144072036,0.5739867212253597,0.1292899466121233,0.2791238169656838,0.11491817798266417,0.051256217199582906,0.046028225086923044,0.5041306357101133,0.7295730569407307,4.609468757831063,4.32778
4.553120935467734,0.5728239729149502,0.12925755671198508,0.2790288142784316,0.11465943300284288,0.051318305397068754,0.0459084239066691,0.5041306357101133,0.7295730569407307,4.609468757831063,4.32778
4.558360430215108,0.571661224604541,0.12922516681184684,0.2789338115911794,0.1144006880230216,0.05138039359455459,0.04578862272641516,0.5041306357101133,0.7295730569407307,4.609468757831063,4.32778
4.563599924962482,0.5704984762941315,0.1291927769117086,0.27883880890392726,0.11414194304320029,0.05144248179204044,0.04566882154616121,0.5041306357101133,0.7295730569407307,4.609468757831063,4.32778
4.568839419709855,0.5693357279837225,0.12916038701157037,0.278743806216675,0.11388319806337902,0.05150456998952627,0.045549020365907286,0.5041306357101133,0.7295730569407307,4.609468757831063,4.32778
4.574078914457229,0.568172979673313,0.12912799711143214,0.2786488035294229,0.11362445308355772,0.051566658187012115,0.04542921918565333,0.5041306357101133,0.7295730569407307,4.609468757831063,4.32778
4.579318409204602,0.5670102313629038,0.1290956072112939,0.27855380084217074,0.11336570810373646,0.05162874638449795,0.04530941800539941,0.5041306357101133,0.7295730569407307,4.609468757831063,4.32778
4.584557903951977,0.5658474830524945,0.12906321731115564,0.27845879815491853,0.11310696312391513,0.051690834581983806,0.045189616825145454,0.5041306357101133,0.7295730569407307,4.609468757831063,4.32778
4.58979739869935,0.5646847347420852,0.1290308274110174,0.2783637954676664,0.11284821814409386,0.05175292277946963,0.04506981564489152,0.5041306357101133,0.7295730569407307,4.609468757831063,4.32778
4.595036893446724,0.5634890413129159,0.12898892921897392,0.2782348225594451,0.11258261817620925,0.05182857549771049,0.044942941567593396,0.5041306357101133,0.7295730569407307,4.609468757831063,4.32778
4.600276388194097,0.5621921593046982,0.1289178269875071,0.2780015125439618,0.11229596360213019,0.051945890672555964,0.04479434359223105,0.5041306357101133,0.7295730569407307,4.609468757831063,4.32778
4.605515882941471,0.5608952772964807,0.12884672475604025,0.27776820252847845,0.1120093090280511,0.05206320584740145,0.044645745616868696,0.5041306357101133,0.7295730569407307,4.609468757831063,4.32778
4.610755377688845,0.5595983952882628,0.12877562252457345,0.27753489251299507,0.11172265445397198,0.05218052102224694,0.04449714764150632,0.5041306357101133,0.7295730569407307,4.609468757831063,4.32778
4.615994872436218,0.5583015132800452,0.1287045202931066,0.2773015824975118,0.11143599987989289,0.052297836197092426,0.04434854966614397,0.5041306357101133,0.7295730569407307,4.609468757831063,4.32778
4.621234367183592,0.5570046312718274,0.12863341806163978,0.2770682724820284,0.11114934530581376,0.05241515137193792,0.04419995169078159,0.5041306357101133,0.7295730569407307,4.609468757831063,4.32778
4.6264738619309655,0.5557077492636099,0.12856231583017297,0.27683496246654504,0.1108626907317347,0.0525324665467834,0.04405135371541924,0.5041306357101133,0.7295730569407307,4.609468757831063,4.32778
4.63171335667834,0.554410867255392,0.12849121359870613,0.2766016524510617,0.11057603615765557,0.0526497817216289,0.043902755740056865,0.5041306357101133,0.7295730569407307,4.609468757831063,4.32778
4.636952851425713,0.5531139852471743,0.1284201113672393,0.2763683424355784,0.1102893815835765,0.05276709689647438,0.04375415776469452,0.5041306357101133,0.7295730569407307,4.609468757831063,4.32778
4.642192346173087,0.5518171032389565,0.12834900913577246,0.276135032420095,0.11000272700949737,0.05288441207131987,0.04360555978933214,0.5041306357101133,0.7295730569407307,4.609468757831063,4.32778
4.6474318409204605,0.5505019423251571,0.12828662705797975,0.2758834848540112,0.10971606363192962,0.05300867479632292,0.043465863186294494,0.5041306357101133,0.7295730569407307,4.609468757831063,4.32778
4.652671335667835,0.5491240238355266,0.1282541841744681,0.27556932169753234,0.10942937002905062,0.053156790776866976,0.043356727961571674,0.5041306357101133,0.7295730569407307,4.609468757831063,4.32778
4.657910830415208,0.5477461053458962,0.12822174129095645,0.2752551585410536,0.10914267642617166,0.053304906757410994,0.043247592736848875,0.5041306357101133,0.7295730569407307,4.609468757831063,4.32778
4.663150325162581,0.5463681868562658,0.1281892984074448,0.2749409953845748,0.10885598282329272,0.05345302273795502,0.043138457512126076,0.5041306357101133,0.7295730569407307,4.609468757831063,4.32778
4.668389819909955,0.5449902683666352,0.12815685552393316,0.27462683222809586,0.10856928922041373,0.053601138718499065,0.043029322287403256,0.5041306357101133,0.7295730569407307,4.609468757831063,4.32778
4.673629314657329,0.5436123498770049,0.12812441264042151,0.2743126690716171,0.10828259561753478,0.05374925469904309,0.042920187062680464,0.5041306357101133,0.7295730569407307,4.609468757831063,4.32778
4.678868809404703,0.5422344313873744,0.12809196975690987,0.2739985059151382,0.10799590201465578,0.053897370679587144,0.042811051837957644,0.5041306357101133,0.7295730569407307,4.609468757831063,4.32778
4.684108304152076,0.5408565128977441,0.12805952687339822,0.27368434275865944,0.10770920841177682,0.05404548666013117,0.04270191661323484,0.5041306357101133,0.7295730569407307,4.609468757831063,4.32778
4.68934779889945,0.5394785944081134,0.12802708398988658,0.2733701796021806,0.10742251480889783,0.05419360264067521,0.042592781388512024,0.5041306357101133,0.7295730569407307,4.609468757831063,4.32778
4.694587293646824,0.5381006759184831,0.12799464110637496,0.27305601644570177,0.10713582120601889,0.05434171862121923,0.04248364616378922,0.5041306357101133,0.7295730569407307,4.609468757831063,4.32778
4.699826788394198,0.5367138858955814,0.1279635326214876,0.27272061690266997,0.10684999512703167,0.05449976569659641,0.042375574519960095,0.5041306357101133,0.7295730569407307,4.609468757831063,4.32778
4.705066283141571,0.5352927998233269,0.12793758272640401,0.2723031205969883,0.10656752276845538,0.054696204931267506,0.04227161452422001,0.5041306357101133,0.7295730569407307,4.609468757831063,4.32778
4.710305777888944,0.5338717137510723,0.12791163283132043,0.27188562429130664,0.10628505040987911,0.054892644165938594,0.04216765452847993,0.5041306357101133,0.7295730569407307,4.609468757831063,4.32778
4.715545272636319,0.5324506276788176,0.12788568293623687,0.271468127985625,0.1060025780513028,0.055089083400609716,0.042063694532739844,0.5041306357101133,0.7295730569407307,4.609468757831063,4.32778
4.720784767383692,0.531029541606563,0.12785973304115328,0.2710506316799433,0.10572010569272652,0.055285522635280804,0.04195973453699977,0.5041306357101133,0.7295730569407307,4.609468757831063,4.32778
4.726024262131066,0.5296084555343081,0.1278337831460697,0.27063313537426165,0.10543763333415018,0.05548196186995192,0.04185577454125967,0.5041306357101133,0.7295730569407307,4.609468757831063,4.32778
4.731263756878439,0.5281873694620537,0.1278078332509861,0.27021563906858,0.1051551609755739,0.05567840110462301,0.04175181454551959,0.5041306357101133,0.7295730569407307,4.609468757831063,4.32778
4.736503251625813,0.5267662833897989,0.12778188335590251,0.26979814276289826,0.10487268861699757,0.055874840339294116,0.04164785454977949,0.5041306357101133,0.7295730569407307,4.609468757831063,4.32778
4.741742746373187,0.5253451973175444,0.12775593346081895,0.2693806464572166,0.1045902162584213,0.05607127957396521,0.041543894554039416,0.5041306357101133,0.7295730569407307,4.609468757831063,4.32778
4.746982241120561,0.5239241112452896,0.1277299835657354,0.2689631501515348,0.10430774389984497,0.05626771880863632,0.04143993455829932,0.5041306357101133,0.7295730569407307,4.609468757831063,4.32778
4.752221735867934,0.5224914782046182,0.12771351035592773,0.26853881514548256,0.10402624191314022,0.05647371509317132,0.04133569948556086,0.5041306357101133,0.7295730569407307,4.609468757831063,4.32778
4.757461230615308,0.5210081321269806,0.12773865772334558,0.26808444530672115,0.10374900169479011,0.05672168490751399,0.04123025630438351,0.5041306357101133,0.7295730569407307,4.609468757831063,4.32778
4.762700725362682,0.5195247860493434,0.12776380509076338,0.2676300754679598,0.10347176147644001,0.056969654721856625,0.0411248131232062,0.5041306357101133,0.7295730569407307,4.609468757831063,4.32778
4.767940220110055,0.5180414399717062,0.12778895245818123,0.26717570562919846,0.10319452125808994,0.05721762453619927,0.04101936994202887,0.5041306357101133,0.7295730569407307,4.609468757831063,4.32778
4.773179714857429,0.5165580938940686,0.12781409982559905,0.2667213357904371,0.10291728103973981,0.05746559435054194,0.04091392676085153,0.5041306357101133,0.7295730569407307,4.609468757831063,4.32778
4.778419209604802,0.5150747478164314,0.12783924719301684,0.2662669659516757,0.10264004082138972,0.05771356416488457,0.04080848357967421,0.5041306357101133,0.7295730569407307,4.609468757831063,4.32778
4.7836587043521765,0.5135914017387939,0.1278643945604347,0.26581259611291436,0.1023628006030396,0.057961533979227264,0.04070304039849686,0.5041306357101133,0.7295730569407307,4.609468757831063,4.32778
4.78889819909955,0.5121080556611567,0.12788954192785248,0.265358226274153,0.10208556038468952,0.058209503793569886,0.040597597217319537,0.5041306357101133,0.7295730569407307,4.609468757831063,4.32778
4.794137693846924,0.5106247095835191,0.1279146892952703,0.2649038564353916,0.1018083201663394,0.05845747360791257,0.040492154036142196,0.5041306357101133,0.7295730569407307,4.609468757831063,4.32778
4.799377188594297,0.5091413635058819,0.12793983666268816,0.26444948659663026,0.10153107994798931,0.05870544342225521,0.04038671085496487,0.5041306357101133,0.7295730569407307,4.609468757831063,4.32778
4.804616683341672,0.5076558036690717,0.1279723363120534,0.2639836847992017,0.1012550194156734,0.05895087366696668,0.040282660776190825,0.5041306357101133,0.7295730569407307,4.609468757831063,4.32778
4.809856178089045,0.5061590744109815,0.12804193156578975,0.2634602035739528,0.10098491093562101,0.05918349062853884,0.04018563953226978,0.5041306357101133,0.7295730569407307,4.609468757831063,4.32778
4.815095672836419,0.5046623451528911,0.12811152681952612,0.2629367223487038,0.10071480245556858,0.05941610759011104,0.040088618288348726,0.5041306357101133,0.7295730569407307,4.609468757831063,4.32778
4.820335167583792,0.5031656158948009,0.12818112207326246,0.26241324112345493,0.10044469397551618,0.05964872455168321,0.03999159704442768,0.5041306357101133,0.7295730569407307,4.609468757831063,4.32778
4.8255746623311655,0.5016688866367106,0.1282507173269988,0.261889759898206,0.10017458549546379,0.05988134151325538,0.03989457580050665,0.5041306357101133,0.7295730569407307,4.609468757831063,4.32778
4.83081415707854,0.5001721573786202,0.12832031258073517,0.26136627867295703,0.09990447701541136,0.060113958474827575,0.03979755455658559,0.5041306357101133,0.7295730569407307,4.609468757831063,4.32778
4.836053651825913,0.49867542812052984,0.12838990783447152,0.2608427974477081,0.09963436853535895,0.06034657543639974,0.03970053331266455,0.5041306357101133,0.7295730569407307,4.609468757831063,4.32778
4.841293146573287,0.49717869886243954,0.12845950308820786,0.26031931622245913,0.09936426005530653,0.06057919239797195,0.03960351206874349,0.5041306357101133,0.7295730569407307,4.609468757831063,4.32778
4.84653264132066,0.4956819696043493,0.12852909834194423,0.25979583499721026,0.09909415157525416,0.06081180935954412,0.039506490824822445,0.5041306357101133,0.7295730569407307,4.609468757831063,4.32778
4.851772136068035,0.4941852403462588,0.1285986935956806,0.2592723537719613,0.09882404309520172,0.06104442632111631,0.03940946958090139,0.5041306357101133,0.7295730569407307,4.609468757831063,4.32778
4.857011630815408,0.4926849846718701,0.12867341575797603,0.2587457987254247,0.09855711791494258,0.061276311575144994,0.039311851100703905,0.5041306357101133,0.7295730569407307,4.609468757831063,4.32778
4.862251125562782,0.49116399610165684,0.1287782806067999,0.2582011717295931,0.09830890834208866,0.061503894893443954,0.03921072128308801,0.5041306357101133,0.7295730569407307,4.609468757831063,4.32778
4.867490620310155,0.4896430075314438,0.12888314545562382,0.2576565447337617,0.09806069876923477,0.061731478211742866,0.039109591465472125,0.5041306357101133,0.7295730569407307,4.609468757831063,4.32778
4.872730115057529,0.4881220189612308,0.12898801030444768,0.25711191773793024,0.09781248919638089,0.06195906153004179,0.03900846164785625,0.5041306357101133,0.7295730569407307,4.609468757831063,4.32778
4.877969609804903,0.48660103039101754,0.12909287515327159,0.2565672907420987,0.09756427962352696,0.06218664484834074,0.03890733183024035,0.5041306357101133,0.7295730569407307,4.609468757831063,4.32778
4.883209104552276,0.48508004182080455,0.12919774000209547,0.2560226637462673,0.09731607005067307,0.06241422816663966,0.03880620201262447,0.5041306357101133,0.7295730569407307,4.609468757831063,4.32778
4.88844859929965,0.48355905325059123,0.12930260485091938,0.2554780367504358,0.09706786047781914,0.06264181148493861,0.03870507219500857,0.5041306357101133,0.7295730569407307,4.609468757831063,4.32778
4.893688094047024,0.48203806468037824,0.12940746969974323,0.2549334097546044,0.09681965090496525,0.06286939480323754,0.038603942377392696,0.5041306357101133,0.7295730569407307,4.609468757831063,4.32778
4.898927588794398,0.480517076110165,0.12951233454856717,0.25438878275877286,0.09657144133211129,0.06309697812153649,0.03850281255977679,0.5041306357101133,0.7295730569407307,4.609468757831063,4.32778
4.904167083541771,0.47899608753995193,0.12961719939739103,0.2538441557629414,0.09632323175925743,0.0633245614398354,0.038401682742160916,0.5041306357101133,0.7295730569407307,4.609468757831063,4.32778
4.909406578289145,0.4774818037735029,0.12974102669323892,0.25329472355152843,0.09607711682278236,0.0635598868542208,0.03830440302763804,0.5041306357101133,0.7295730569407307,4.609468757831063,4.32778
4.914646073036519,0.47601431953732787,0.12999721186931426,0.25271175093535764,0.09584562244823189,0.06384925209928956,0.038233997032704456,0.5041306357101133,0.7295730569407307,4.609468757831063,4.32778
4.919885567783893,0.47454683530115266,0.13025339704538957,0.25212877831918684,0.09561412807368137,0.06413861734435836,0.03816359103777087,0.5041306357101133,0.7295730569407307,4.609468757831063,4.32778
4.925125062531266,0.4730793510649777,0.13050958222146491,0.25154580570301605,0.0953826336991309,0.06442798258942711,0.03809318504283729,0.5041306357101133,0.7295730569407307,4.609468757831063,4.32778
4.930364557278639,0.47161186682880263,0.1307657673975402,0.2509628330868453,0.09515113932458043,0.06471734783449586,0.03802277904790372,0.5041306357101133,0.7295730569407307,4.609468757831063,4.32778
4.935604052026013,0.4701443825926274,0.13102195257361557,0.2503798604706744,0.0949196449500299,0.06500671307956467,0.03795237305297013,0.5041306357101133,0.7295730569407307,4.609468757831063,4.32778
4.940843546773387,0.4686768983564524,0.13127813774969088,0.24979688785450363,0.09468815057547941,0.06529607832463342,0.03788196705803656,0.5041306357101133,0.7295730569407307,4.609468757831063,4.32778
4.946083041520761,0.46720941412027717,0.13153432292576622,0.24921391523833275,0.09445665620092891,0.06558544356970222,0.03781156106310297,0.5041306357101133,0.7295730569407307,4.609468757831063,4.32778
4.951322536268134,0.4657419298841021,0.13179050810184154,0.24863094262216198,0.09422516182637845,0.06587480881477098,0.03774115506816939,0.5041306357101133,0.7295730569407307,4.609468757831063,4.32778
4.956562031015508,0.46427444564792686,0.13204669327791688,0.2480479700059911,0.09399366745182793,0.06616417405983978,0.0376707490732358,0.5041306357101133,0.7295730569407307,4.609468757831063,4.32778
4.961801525762882,0.46281646864699355,0.13231638088766587,0.24745969793164727,0.09376268541482655,0.06645651399031575,0.03760300763072023,0.5041306357101133,0.7295730569407307,4.609468757831063,4.32778
4.967041020510256,0.461439303145614,0.13270083918364103,0.2468263804628321,0.09353605824699272,0.06677413874675314,0.03755791488375769,0.5041306357101133,0.7295730569407307,4.609468757831063,4.32778
4.972280515257629,0.46006213764423465,0.13308529747961614,0.24619306299401705,0.09330943107915891,0.06709176350319046,0.037512822136795146,0.5041306357101133,0.7295730569407307,4.609468757831063,4.32778
4.977520010005003,0.4586849721428551,0.1334697557755913,0.2455597455252019,0.09308280391132508,0.06740938825962785,0.03746772938983261,0.5041306357101133,0.7295730569407307,4.609468757831063,4.32778
4.9827595047523765,0.4573078066414758,0.1338542140715664,0.2449264280563869,0.0928561767434913,0.0677270130160652,0.03742263664287008,0.5041306357101133,0.7295730569407307,4.609468757831063,4.32778
4.98799899949975,0.45593064114009646,0.1342386723675415,0.24429311058757186,0.09262954957565746,0.06804463777250253,0.037377543895907535,0.5041306357101133,0.7295730569407307,4.609468757831063,4.32778
4.993238494247124,0.4545534756387168,0.13462313066351667,0.2436597931187567,0.09240292240782363,0.06836226252893991,0.03733245114894499,0.5041306357101133,0.7295730569407307,4.609468757831063,4.32778
4.998477988994497,0.45317631013733756,0.13500758895949175,0.24302647564994168,0.09217629523998981,0.06867988728537724,0.03728735840198245,0.5041306357101133,0.7295730569407307,4.609468757831063,4.32778
5.003717483741871,0.451799144635958,0.1353920472554669,0.2423931581811265,0.09194966807215597,0.06899751204181463,0.03724226565501991,0.5041306357101133,0.7295730569407307,4.609468757831063,4.32778
5.008956978489245,0.4504219791345786,0.13577650555144202,0.2417598407123115,0.09172304090432218,0.06931513679825196,0.037197172908057366,0.5041306357101133,0.7295730569407307,4.609468757831063,4.32778
5.014196473236619,0.4490481292421438,0.13615649912053762,0.2411264276149319,0.09149878993451038,0.06963047718938074,0.03715019511261298,0.5041306357101133,0.7295730569407307,4.609468757831063,4.32778
5.019435967983992,0.4477098733869097,0.13648856253342603,0.24049198791678697,0.0913000481493471,0.06992129424704933,0.03708298076728997,0.5041306357101133,0.7295730569407307,4.609468757831063,4.32778
5.024675462731366,0.4463716175316752,0.13682062594631444,0.23985754821864197,0.09110130636418377,0.07021211130471798,0.03701576642196696,0.5041306357101133,0.7295730569407307,4.609468757831063,4.32778
5.02991495747874,0.445033361676441,0.13715268935920286,0.23922310852049702,0.09090256457902046,0.07050292836238657,0.03694855207664395,0.5041306357101133,0.7295730569407307,4.609468757831063,4.32778
5.035154452226114,0.4436951058212065,0.13748475277209132,0.238588668822352,0.09070382279385715,0.0707937454200552,0.03688133773132093,0.5041306357101133,0.7295730569407307,4.609468757831063,4.32778
5.040393946973487,0.44235684996597224,0.1378168161849797,0.23795422912420708,0.09050508100869388,0.07108456247772381,0.036814123385997925,0.5041306357101133,0.7295730569407307,4.609468757831063,4.32778
5.04563344172086,0.44101859411073807,0.13814887959786812,0.2373197894260622,0.09030633922353058,0.0713753795353924,0.036746909040674916,0.5041306357101133,0.7295730569407307,4.609468757831063,4.32778
5.0508729364682345,0.4396803382555036,0.13848094301075656,0.23668534972791716,0.09010759743836728,0.07166619659306105,0.0366796946953519,0.5041306357101133,0.7295730569407307,4.609468757831063,4.32778
5.056112431215608,0.4383420824002694,0.13881300642364497,0.23605091002977222,0.08990885565320397,0.07195701365072964,0.0366124803500289,0.5041306357101133,0.7295730569407307,4.609468757831063,4.32778
5.061351925962982,0.43700382654503495,0.13914506983653344,0.23541647033162721,0.08971011386804065,0.07224783070839828,0.03654526600470587,0.5041306357101133,0.7295730569407307,4.609468757831063,4.32778
5.066591420710355,0.4356688359499831,0.1394784833023651,0.23478182729629635,0.08951202014438325,0.07253725626465053,0.036478695180354466,0.5041306357101133,0.7295730569407307,4.609468757831063,4.32778
5.0718309154577295,0.4343806892798552,0.1398312648354215,0.23414426715441272,0.08932322361079108,0.07280671912750672,0.03642135640686461,0.5041306357101133,0.7295730569407307,4.609468757831063,4.32778
5.077070410205103,0.43309254260972746,0.1401840463684778,0.23350670701252924,0.08913442707719894,0.07307618199036285,0.036364017633374796,0.5041306357101133,0.7295730569407307,4.609468757831063,4.32778
5.082309904952477,0.4318043959395995,0.1405368279015342,0.2328691468706456,0.08894563054360678,0.07334564485321904,0.03630667885988496,0.5041306357101133,0.7295730569407307,4.609468757831063,4.32778
5.08754939969985,0.43051624926947185,0.14088960943459056,0.23223158672876207,0.08875683401001463,0.07361510771607517,0.03624934008639513,0.5041306357101133,0.7295730569407307,4.609468757831063,4.32778
5.092788894447224,0.4292281025993441,0.14124239096764687,0.23159402658687858,0.08856803747642251,0.0738845705789313,0.036192001312905314,0.5041306357101133,0.7295730569407307,4.609468757831063,4.32778
5.098028389194598,0.4279399559292162,0.14159517250070328,0.23095646644499493,0.08837924094283034,0.07415403344178749,0.036134662539415476,0.5041306357101133,0.7295730569407307,4.609468757831063,4.32778
5.103267883941971,0.42665180925908847,0.14194795403375962,0.23031890630311147,0.0881904444092382,0.07442349630464364,0.036077323765925644,0.5041306357101133,0.7295730569407307,4.609468757831063,4.32778
5.108507378689345,0.4253636625889605,0.142300735566816,0.22968134616122787,0.08800164787564604,0.07469295916749981,0.036019984992435805,0.5041306357101133,0.7295730569407307,4.609468757831063,4.32778
5.113746873436718,0.42407551591883286,0.1426535170998723,0.22904378601934436,0.08781285134205392,0.07496242203035595,0.03596264621894599,0.5041306357101133,0.7295730569407307,4.609468757831063,4.32778
5.118986368184093,0.42279213057068216,0.14300931662000146,0.22840835423266573,0.08762444997608976,0.07523559153676433,0.03590439805723094,0.5041306357101133,0.7295730569407307,4.609468757831063,4.32778
5.124225862931466,0.42160952653771716,0.14342899686650296,0.22781797263115874,0.0874444129915852,0.07558721833169403,0.03582690117808233,0.5041306357101133,0.7295730569407307,4.609468757831063,4.32778
5.12946535767884,0.4204269225047519,0.14384867711300456,0.2272275910296517,0.08726437600708062,0.0759388451266238,0.0357494042989337,0.5041306357101133,0.7295730569407307,4.609468757831063,4.32778
5.134704852426213,0.4192443184717869,0.14426835735950608,0.22663720942814475,0.08708433902257606,0.0762904719215535,0.03567190741978509,0.5041306357101133,0.7295730569407307,4.609468757831063,4.32778
5.139944347173588,0.4180617144388217,0.14468803760600768,0.22604682782663763,0.08690430203807148,0.07664209871648325,0.03559441054063646,0.5041306357101133,0.7295730569407307,4.609468757831063,4.32778
5.145183841920961,0.4168791104058566,0.1451077178525092,0.22545644622513067,0.08672426505356692,0.07699372551141295,0.03551691366148785,0.5041306357101133,0.7295730569407307,4.609468757831063,4.32778
5.150423336668334,0.4156965063728916,0.14552739809901072,0.22486606462362368,0.08654422806906237,0.07734535230634265,0.03543941678233924,0.5041306357101133,0.7295730569407307,4.609468757831063,4.32778
5.155662831415708,0.4145139023399264,0.1459470783455123,0.22427568302211662,0.08636419108455778,0.07769697910127242,0.035361919903190604,0.5041306357101133,0.7295730569407307,4.609468757831063,4.32778
5.1609023261630815,0.41333129830696147,0.1463667585920138,0.22368530142060966,0.08618415410005323,0.07804860589620212,0.035284423024041986,0.5041306357101133,0.7295730569407307,4.609468757831063,4.32778
5.166141820910456,0.4121486942739962,0.14678643883851542,0.22309491981910257,0.08600411711554865,0.07840023269113187,0.03520692614489337,0.5041306357101133,0.7295730569407307,4.609468757831063,4.32778
5.171381315657829,0.41096783832257694,0.14720662816134014,0.22250605748388516,0.08582471562762038,0.07875146426183655,0.035129120677331836,0.5041306357101133,0.7295730569407307,4.609468757831063,4.32778
5.176620810405203,0.4098549827432844,0.14764662055313807,0.22197629460733034,0.08567003495650963,0.0790873216101882,0.03503931112050769,0.5041306357101133,0.7295730569407307,4.609468757831063,4.32778
5.1818603051525765,0.4087421271639921,0.14808661294493594,0.22144653173077566,0.0855153542853989,0.07942317895853976,0.03494950156368356,0.5041306357101133,0.7295730569407307,4.609468757831063,4.32778
5.187099799899951,0.4076292715846996,0.14852660533673384,0.22091676885422087,0.08536067361428815,0.07975903630689138,0.03485969200685942,0.5041306357101133,0.7295730569407307,4.609468757831063,4.32778
5.192339294647324,0.4065164160054074,0.14896659772853169,0.22038700597766622,0.0852059929431774,0.08009489365524294,0.03476988245003529,0.5041306357101133,0.7295730569407307,4.609468757831063,4.32778
5.197578789394698,0.40540356042611486,0.1494065901203296,0.21985724310111143,0.08505131227206666,0.08043075100359458,0.03468007289321114,0.5041306357101133,0.7295730569407307,4.609468757831063,4.32778
5.202818284142071,0.40429070484682267,0.14984658251212749,0.21932748022455675,0.08489663160095592,0.08076660835194614,0.034590263336387025,0.5041306357101133,0.7295730569407307,4.609468757831063,4.32778
5.208057778889445,0.40317784926753036,0.15028657490392533,0.21879771734800205,0.08474195092984523,0.08110246570029771,0.0345004537795629,0.5041306357101133,0.7295730569407307,4.609468757831063,4.32778
5.213297273636819,0.40206499368823795,0.15072656729572326,0.2182679544714473,0.08458727025873444,0.08143832304864934,0.03441064422273876,0.5041306357101133,0.7295730569407307,4.609468757831063,4.32778
5.218536768384192,0.40095213810894564,0.15116655968752113,0.21773819159489255,0.0844325895876237,0.08177418039700092,0.03432083466591463,0.5041306357101133,0.7295730569407307,4.609468757831063,4.32778
5.223776263131566,0.3998399330878993,0.1516065384825505,0.2172084530650467,0.08427798440040526,0.08211044140712455,0.034231167104882644,0.5041306357101133,0.7295730569407307,4.609468757831063,4.32778
5.22901575787894,0.3988568638786976,0.1520438183190295,0.21668354735691742,0.08413836276581055,0.08252682927899055,0.034169685708591586,0.5041306357101133,0.7295730569407307,4.609468757831063,4.32778
5.234255252626314,0.3978737946694958,0.15248109815550856,0.21615864164878804,0.08399874113121578,0.08294321715085663,0.034108204312300515,0.5041306357101133,0.7295730569407307,4.609468757831063,4.32778
5.239494747373687,0.3968907254602942,0.15291837799198751,0.21563373594065874,0.08385911949662105,0.08335960502272265,0.03404672291600946,0.5041306357101133,0.7295730569407307,4.609468757831063,4.32778
5.244734242121061,0.3959076562510924,0.15335565782846655,0.21510883023252936,0.08371949786202629,0.08377599289458872,0.03398524151971839,0.5041306357101133,0.7295730569407307,4.609468757831063,4.32778
5.2499737368684345,0.3949245870418908,0.15379293766494553,0.21458392452440006,0.08357987622743157,0.08419238076645473,0.03392376012342734,0.5041306357101133,0.7295730569407307,4.609468757831063,4.32778
5.255213231615809,0.39394151783268894,0.15423021750142457,0.21405901881627068,0.08344025459283681,0.0846087686383208,0.03386227872713627,0.5041306357101133,0.7295730569407307,4.609468757831063,4.32778
5.260452726363182,0.39295844862348733,0.15466749733790355,0.21353411310814144,0.08330063295824207,0.08502515651018681,0.03380079733084521,0.5041306357101133,0.7295730569407307,4.609468757831063,4.32778
5.265692221110555,0.39197537941428573,0.15510477717438254,0.21300920740001214,0.08316101132364734,0.08544154438205281,0.03373931593455415,0.5041306357101133,0.7295730569407307,4.609468757831063,4.32778
5.270931715857929,0.390992310205084,0.15554205701086155,0.21248430169188276,0.08302138968905258,0.0858579322539189,0.03367783453826309,0.5041306357101133,0.7295730569407307,4.609468757831063,4.32778
5.276171210605303,0.39000924099588224,0.15597933684734053,0.21195939598375346,0.08288176805445785,0.0862743201257849,0.033616353141972026,0.5041306357101133,0.7295730569407307,4.609468757831063,4.32778
5.281410705352677,0.38913009630628714,0.15636539699801952,0.21151390415184154,0.08277137070083111,0.0866513304002117,0.03353315700226852,0.5041306357101133,0.7295730569407307,4.609468757831063,4.32778
5.28665020010005,0.38825253825057937,0.15675067516876257,0.21106962474552096,0.08266141951943291,0.08702773948994472,0.033449629339764836,0.5041306357101133,0.7295730569407307,4.609468757831063,4.32778
5.291889694847424,0.38737498019487127,0.1571359533395057,0.21062534533920022,0.08255146833803471,0.08740414857967778,0.03336610167726114,0.5041306357101133,0.7295730569407307,4.609468757831063,4.32778
5.297129189594798,0.3864974221391635,0.15752123151024874,0.21018106593287952,0.08244151715663652,0.0877805576694108,0.03328257401475745,0.5041306357101133,0.7295730569407307,4.609468757831063,4.32778
5.302368684342172,0.3856198640834555,0.15790650968099182,0.20973678652655878,0.08233156597523829,0.08815696675914386,0.03319904635225376,0.5041306357101133,6.590937811981975e-07,4.609468757831063,4.32778
5.307608179089545,0.38474230602774756,0.1582917878517349,0.20929250712023817,0.08222161479384012,0.08853337584887687,0.033115518689750066,0.5041306357101133,6.590937811981975e-07,4.609468757831063,4.32778
5.312847673836918,0.3838647479720398,0.15867706602247794,0.20884822771391748,0.08211166361244189,0.08890978493860989,0.03303199102724638,0.5041306357101133,6.590937811981975e-07,4.609468757831063,4.32778
5.3180871685842925,0.3829871899163318,0.15906234419322104,0.20840394830759673,0.08200171243104369,0.08928619402834295,0.032948463364742685,0.5041306357101133,6.590937811981975e-07,4.609468757831063,4.32778
5.323326663331666,0.38210963186062397,0.1594476223639641,0.20795966890127607,0.0818917612496455,0.08966260311807597,0.032864935702239,0.5041306357101133,6.590937811981975e-07,4.609468757831063,4.32778
5.32856615807904,0.3812320738049159,0.1598329005347072,0.20751538949495535,0.0817818100682473,0.09003901220780904,0.0327814080397353,0.5041306357101133,6.590937811981975e-07,4.609468757831063,4.32778
5.333805652826413,0.38042548104914514,0.1604423794906995,0.2070816880299235,0.08166721296962158,0.09038002327590577,0.032706678471215146,0.5041306357101133,6.590937811981975e-07,4.609468757831063,4.32778
5.339045147573788,0.37962146884973536,0.16106001120251914,0.2066483712173021,0.08155244692855121,0.09071974714321582,0.032632268833385276,0.5041306357101133,6.590937811981975e-07,4.609468757831063,4.32778
5.344284642321161,0.37881745665032585,0.16167764291433867,0.20621505440468074,0.08143768088748082,0.09105947101052579,0.032557859195555434,0.5041306357101133,6.590937811981975e-07,4.609468757831063,4.32778
5.349524137068535,0.37801344445091617,0.1622952746261583,0.20578173759205934,0.08132291484641047,0.09139919487783583,0.03248344955772557,0.5041306357101133,6.590937811981975e-07,4.609468757831063,4.32778
5.354763631815908,0.37720943225150666,0.1629129063379779,0.205348420779438,0.0812081488053401,0.09173891874514581,0.03240903991989573,0.5041306357101133,6.590937811981975e-07,4.609468757831063,4.32778
5.360003126563282,0.3764054200520971,0.16353053804979753,0.2049151039668166,0.08109338276426972,0.09207864261245584,0.03233463028206586,0.5041306357101133,6.590937811981975e-07,4.609468757831063,4.32778
5.365242621310656,0.3756014078526874,0.16414816976161706,0.2044817871541953,0.08097861672319938,0.09241836647976583,0.03226022064423602,0.5041306357101133,6.590937811981975e-07,4.609468757831063,4.32778
5.370482116058029,0.3747973956532779,0.16476580147343659,0.20404847034157392,0.08086385068212901,0.0927580903470758,0.03218581100640617,0.5041306357101133,6.590937811981975e-07,4.609468757831063,4.32778
5.375721610805403,0.37399338345386834,0.16538343318525622,0.2036151535289525,0.08074908464105862,0.09309781421438583,0.03211140136857631,0.5041306357101133,6.590937811981975e-07,4.609468757831063,4.32778
5.380961105552776,0.37318937125445883,0.16600106489707578,0.20318183671633117,0.08063431859998826,0.0934375380816958,0.032036991730746464,0.5041306357101133,6.590937811981975e-07,4.609468757831063,4.32778
5.386200600300151,0.3724769414857727,0.16666718310383916,0.20275205046516792,0.08053509113462319,0.09375878236925693,0.03196509292956777,0.5041306357101133,6.590937811981975e-07,4.609468757831063,4.32778
5.391440095047524,0.37176985604991414,0.16733613076123574,0.20232247024146388,0.08043677042964413,0.09407894827285386,0.031893340649360766,0.5041306357101133,6.590937811981975e-07,4.609468757831063,4.32778
5.396679589794898,0.3710627706140553,0.16800507841863244,0.20189289001775976,0.08033844972466503,0.09439911417645085,0.031821588369153754,0.5041306357101133,6.590937811981975e-07,4.609468757831063,4.32778
5.401919084542271,0.37035568517819667,0.16867402607602902,0.2014633097940557,0.08024012901968597,0.09471928008004779,0.03174983608894676,0.5041306357101133,6.590937811981975e-07,4.609468757831063,4.32778
5.4071585792896455,0.369648599742338,0.1693429737334257,0.20103372957035157,0.08014180831470687,0.09503944598364478,0.03167808380873976,0.5041306357101133,6.590937811981975e-07,4.609468757831063,4.32778
5.412398074037019,0.3689415143064794,0.17001192139082227,0.20060414934664753,0.08004348760972779,0.0953596118872417,0.03160633152853276,0.5041306357101133,6.590937811981975e-07,4.609468757831063,4.32778
5.417637568784393,0.3682344288706207,0.170680869048219,0.2001745691229434,0.0799451669047487,0.09567977779083868,0.03153457924832575,0.5041306357101133,6.590937811981975e-07,4.609468757831063,4.32778
5.422877063531766,0.36752734343476195,0.17134981670561558,0.1997449888992393,0.07984684619976963,0.09599994369443562,0.031462826968118744,0.5041306357101133,6.590937811981975e-07,4.609468757831063,4.32778
5.42811655827914,0.36682025799890344,0.17201876436301217,0.19931540867553524,0.07974852549479057,0.09632010959803256,0.03139107468791175,0.5041306357101133,6.590937811981975e-07,4.609468757831063,4.32778
5.433356053026514,0.36611317256304465,0.17268771202040883,0.19888582845183111,0.07965020478981147,0.09664027550162954,0.03131932240770475,0.5041306357101133,6.590937811981975e-07,4.609468757831063,4.32778
5.438595547773887,0.36548007846000735,0.1733360749226346,0.198519473479497,0.07954698767971584,0.09706272962030175,0.03123965050941908,0.5041306357101133,6.590937811981975e-07,4.609468757831063,4.32778
5.443835042521261,0.3648529999124837,0.17398276426752946,0.1981582587715018,0.07944337248790337,0.09749349985402081,0.0311593347397449,0.5041306357101133,6.590937811981975e-07,4.609468757831063,4.32778
5.449074537268634,0.36422592136496035,0.17462945361242427,0.1977970440635067,0.07933975729609091,0.09792427008773977,0.03107901897007073,0.5041306357101133,6.590937811981975e-07,4.609468757831063,4.32778
5.454314032016009,0.3635988428174369,0.17527614295731914,0.19743582935551152,0.07923614210427847,0.09835504032145884,0.030998703200396542,0.5041306357101133,6.590937811981975e-07,4.609468757831063,4.32778
5.459553526763382,0.3629717642699134,0.1759228323022139,0.1970746146475164,0.07913252691246599,0.09878581055517782,0.030918387430722376,0.5041306357101133,6.590937811981975e-07,4.609468757831063,4.32778
5.464793021510756,0.3623446857223899,0.17656952164710882,0.19671339993952117,0.07902891172065356,0.09921658078889686,0.03083807166104819,0.5041306357101133,6.590937811981975e-07,4.609468757831063,4.32778
5.470032516258129,0.36171760717486645,0.17721621099200358,0.19635218523152612,0.0789252965288411,0.09964735102261586,0.030757755891374024,0.5041306357101133,6.590937811981975e-07,4.609468757831063,4.32778
5.475272011005503,0.36109052862734303,0.17786290033689836,0.19599097052353096,0.07882168133702866,0.10007812125633482,0.030677440121699852,0.5041306357101133,6.590937811981975e-07,4.609468757831063,4.32778
5.480511505752877,0.3604634500798195,0.17850958968179326,0.1956297558155358,0.07871806614521619,0.10050889149005389,0.030597124352025665,0.5041306357101133,6.590937811981975e-07,4.609468757831063,4.32778
5.48575100050025,0.3598363715322961,0.17915627902668801,0.19526854110754072,0.07861445095340375,0.10093966172377285,0.030516808582351496,0.5041306357101133,6.590937811981975e-07,4.609468757831063,4.32778
5.490990495247624,0.3592598204793057,0.1798283305183351,0.19496658569646622,0.07852053208520095,0.10128923590372127,0.03042704233329778,0.5041306357101133,6.590937811981975e-07,4.609468757831063,4.32778
5.496229989994998,0.35868858810995036,0.18050305170964023,0.19467086810612028,0.07842763388264128,0.10163026313064115,0.030336281296940968,0.5041306357101133,6.590937811981975e-07,4.609468757831063,4.32778
5.501469484742372,0.35811735574059506,0.18117777290094547,0.19437515051577428,0.07833473568008159,0.10197129035756111,0.030245520260584143,0.5041306357101133,6.590937811981975e-07,4.609468757831063,4.32778
5.506708979489745,0.35754612337123987,0.18185249409225057,0.1940794329254284,0.0782418374775219,0.10231231758448098,0.030154759224227334,0.5041306357101133,6.590937811981975e-07,4.609468757831063,4.32778
5.511948474237119,0.35697489100188445,0.1825272152835558,0.1937837153350824,0.07814893927496222,0.10265334481140093,0.030063998187870516,0.5041306357101133,6.590937811981975e-07,4.609468757831063,4.32778
5.5171879689844925,0.35640365863252915,0.1832019364748609,0.19348799774473652,0.07805604107240256,0.1029943720383208,0.0299732371515137,0.5041306357101133,6.590937811981975e-07,4.609468757831063,4.32778
5.522427463731867,0.35583242626317385,0.18387665766616615,0.19319228015439052,0.07796314286984288,0.10333539926524074,0.029882476115156875,0.5041306357101133,6.590937811981975e-07,4.609468757831063,4.32778
5.52766695847924,0.3552611938938186,0.18455137885747125,0.19289656256404464,0.0778702446672832,0.10367642649216063,0.029791715078800064,0.5041306357101133,6.590937811981975e-07,4.609468757831063,4.32778
5.532906453226613,0.35468996152446336,0.18522610004877638,0.19260084497369867,0.07777734646472352,0.1040174537190805,0.029700954042443255,0.5041306357101133,6.590937811981975e-07,4.609468757831063,4.32778
5.538145947973987,0.35411872915510795,0.1859008212400816,0.19230512738335268,0.07768444826216384,0.10435848094600045,0.02961019300608643,0.5041306357101133,6.590937811981975e-07,4.609468757831063,4.32778
5.543385442721361,0.3536234096701222,0.18662404200129712,0.1920181971775597,0.07757612602435293,0.10478362476041148,0.02953500678130244,0.5041306357101133,6.590937811981975e-07,4.609468757831063,4.32778
5.548624937468735,0.3531379825156772,0.18735358281978154,0.19173241207003697,0.0774657938556028,0.10521972994316416,0.029461850135363614,0.5041306357101133,6.590937811981975e-07,4.609468757831063,4.32778
5.553864432216108,0.3526525553612324,0.18808312363826585,0.1914466269625143,0.07735546168685266,0.10565583512591681,0.0293886934894248,0.5041306357101133,6.590937811981975e-07,4.609468757831063,4.32778
5.559103926963482,0.3521671282067874,0.18881266445675027,0.19116084185499155,0.07724512951810251,0.10609194030866954,0.029315536843485975,0.5041306357101133,6.590937811981975e-07,4.609468757831063,4.32778
5.564343421710856,0.35168170105234264,0.18954220527523458,0.1908750567474689,0.07713479734935239,0.10652804549142215,0.02924238019754716,0.5041306357101133,6.590937811981975e-07,4.609468757831063,4.32778
5.56958291645823,0.35119627389789776,0.190271746093719,0.19058927163994616,0.07702446518060223,0.10696415067417488,0.029169223551608336,0.5041306357101133,6.590937811981975e-07,4.609468757831063,4.32778
5.574822411205603,0.3507108467434529,0.19100128691220328,0.19030348653242352,0.0769141330118521,0.10740025585692752,0.029096066905669522,0.5041306357101133,6.590937811981975e-07,4.609468757831063,4.32778
5.580061905952977,0.350225419589008,0.1917308277306877,0.19001770142490074,0.07680380084310194,0.10783636103968022,0.0290229102597307,0.5041306357101133,6.590937811981975e-07,4.609468757831063,4.32778
5.585301400700351,0.34973999243456316,0.192460368549172,0.1897319163173781,0.0766934686743518,0.10827246622243286,0.028949753613791887,0.5041306357101133,6.590937811981975e-07,4.609468757831063,4.32778
5.590540895447724,0.3492545652801183,0.19318990936765632,0.18944613120985546,0.07658313650560167,0.10870857140518549,0.028876596967853073,0.5041306357101133,6.590937811981975e-07,4.609468757831063,4.32778
5.595780390195098,0.34884177569990077,0.1939655608268513,0.1892015702924298,0.07646930971106944,0.1090754035737429,0.02879383303183603,0.5041306357101133,6.590937811981975e-07,4.609468757831063,4.32778
5.601019884942471,0.34844035547912744,0.19474842960372254,0.18896346185693239,0.07635493593163219,0.10943139300964365,0.02870956534606763,0.5041306357101133,6.590937811981975e-07,4.609468757831063,4.32778
5.606259379689845,0.3480389352583542,0.19553129838059394,0.18872535342143495,0.07624056215219492,0.10978738244554441,0.028625297660299212,0.5041306357101133,6.590937811981975e-07,4.609468757831063,4.32778
5.611498874437219,0.34763751503758095,0.1963141671574652,0.18848724498593755,0.07612618837275768,0.11014337188144514,0.02854102997453081,0.5041306357101133,6.590937811981975e-07,4.609468757831063,4.32778
5.616738369184593,0.34723609481680767,0.19709703593433658,0.18824913655044007,0.07601181459332043,0.1104993613173459,0.028456762288762392,0.5041306357101133,6.590937811981975e-07,4.609468757831063,4.32778
5.621977863931966,0.3468346745960344,0.19787990471120784,0.18801102811494272,0.07589744081388318,0.11085535075324662,0.028372494602993993,0.5041306357101133,6.590937811981975e-07,4.609468757831063,4.32778
5.62721735867934,0.34643325437526107,0.19866277348807926,0.1877729196794453,0.07578306703444593,0.1112113401891474,0.028288226917225576,0.5041306357101133,6.590937811981975e-07,4.609468757831063,4.32778
5.632456853426714,0.34603183415448785,0.1994456422649505,0.1875348112439479,0.07566869325500869,0.11156732962504812,0.028203959231457174,0.5041306357101133,6.590937811981975e-07,4.609468757831063,4.32778
5.637696348174088,0.3456304139337145,0.20022851104182193,0.18729670280845045,0.07555431947557144,0.1119233190609489,0.028119691545688757,0.5041306357101133,6.590937811981975e-07,4.609468757831063,4.32778
5.642935842921461,0.34522899371294136,0.2010113798186932,0.18705859437295302,0.0754399456961342,0.11227930849684964,0.028035423859920354,0.5041306357101133,6.590937811981975e-07,4.609468757831063,4.32778
5.648175337668834,0.34483854177723516,0.20182156800163817,0.18683737736344921,0.07532796981290338,0.11269690139493074,0.02795600587350817,0.5041306357101133,6.590937811981975e-07,4.609468757831063,4.32778
5.653414832416209,0.3444501077456066,0.202636782306769,0.1866192679753448,0.07521643508565115,0.11312582786765636,0.02787748011665113,0.5041306357101133,6.590937811981975e-07,4.609468757831063,4.32778
5.658654327163582,0.34406167371397806,0.20345199661189967,0.18640115858724035,0.07510490035839895,0.11355475434038197,0.027798954359794095,0.5041306357101133,6.590937811981975e-07,4.609468757831063,4.32778
5.663893821910956,0.34367323968234953,0.20426721091703046,0.186183049199136,0.07499336563114672,0.11398368081310763,0.027720428602937046,0.5041306357101133,6.590937811981975e-07,4.609468757831063,4.32778
5.669133316658329,0.34328480565072095,0.20508242522216114,0.18596493981103157,0.07488183090389453,0.1144126072858332,0.027641902846080018,0.5041306357101133,6.590937811981975e-07,4.609468757831063,4.32778
5.674372811405704,0.3428963716190923,0.20589763952729193,0.18574683042292714,0.07477029617664231,0.11484153375855885,0.02756337708922297,0.5041306357101133,6.590937811981975e-07,4.609468757831063,4.32778
5.679612306153077,0.3425079375874638,0.2067128538324226,0.18552872103482276,0.07465876144939011,0.11527046023128443,0.027484851332365935,0.5041306357101133,6.590937811981975e-07,4.609468757831063,4.32778
5.684851800900451,0.34211950355583526,0.2075280681375534,0.1853106116467183,0.0745472267221379,0.11569938670401009,0.02740632557550889,0.5041306357101133,6.590937811981975e-07,4.609468757831063,4.32778
5.690091295647824,0.34173106952420673,0.20834328244268407,0.18509250225861387,0.07443569199488569,0.11612831317673566,0.027327799818651858,0.5041306357101133,6.590937811981975e-07,4.609468757831063,4.32778
5.6953307903951975,0.3413426354925782,0.20915849674781473,0.1848743928705095,0.0743241572676335,0.11655723964946124,0.027249274061794823,0.5041306357101133,6.590937811981975e-07,4.609468757831063,4.32778
5.700570285142572,0.3409984090535977,0.21002812104065582,0.184686028802863,0.07420270655356544,0.11696946538616478,0.027180541043355797,0.5041306357101133,6.590937811981975e-07,4.609468757831063,4.32778
5.705809779889945,0.3406635884853935,0.2109093219266266,0.18450399352680333,0.07407914605506852,0.11737813777477839,0.027113891586282315,0.5041306357101133,6.590937811981975e-07,4.609468757831063,4.32778
5.711049274637319,0.34032876791718925,0.21179052281259753,0.18432195825074357,0.07395558555657154,0.1177868101633921,0.027047242129208823,0.5041306357101133,6.590937811981975e-07,4.609468757831063,4.32778
5.716288769384692,0.3399939473489851,0.2126717236985683,0.1841399229746839,0.07383202505807461,0.11819548255200571,0.026980592672135345,0.5041306357101133,6.590937811981975e-07,4.609468757831063,4.32778
5.721528264132067,0.33965912678078075,0.21355292458453923,0.18395788769862415,0.07370846455957766,0.11860415494061942,0.02691394321506185,0.5041306357101133,6.590937811981975e-07,4.609468757831063,4.32778
5.72676775887944,0.33932430621257664,0.21443412547051,0.18377585242256447,0.07358490406108072,0.11901282732923303,0.026847293757988368,0.5041306357101133,6.590937811981975e-07,4.609468757831063,4.32778
5.732007253626814,0.3389894856443723,0.21531532635648093,0.18359381714650475,0.07346134356258376,0.11942149971784674,0.026780644300914876,0.5041306357101133,6.590937811981975e-07,4.609468757831063,4.32778
5.737246748374187,0.33865466507616815,0.2161965272424517,0.18341178187044507,0.07333778306408684,0.11983017210646035,0.026713994843841394,0.5041306357101133,6.590937811981975e-07,4.609468757831063,4.32778
5.7424862431215615,0.3383198445079639,0.21707772812842263,0.18322974659438532,0.07321422256558986,0.12023884449507406,0.026647345386767902,0.5041306357101133,6.590937811981975e-07,4.609468757831063,4.32778
5.747725737868935,0.3379850239397597,0.2179589290143934,0.18304771131832565,0.07309066206709293,0.12064751688368767,0.02658069592969442,0.5041306357101133,6.590937811981975e-07,4.609468757831063,4.32778
5.752965232616308,0.3376729410772618,0.2188720145439168,0.182848876830727,0.07296987401343694,0.12102742620390845,0.026513257587625624,0.5041306357101133,6.590937811981975e-07,4.609468757831063,4.32778
5.758204727363682,0.33736638326474866,0.21979284774383634,0.18264596029172642,0.07284975963796658,0.12140034636732353,0.026445627553875715,0.5041306357101133,6.590937811981975e-07,4.609468757831063,4.32778
5.763444222111056,0.33705982545223556,0.22071368094375574,0.18244304375272577,0.07272964526249624,0.12177326653073854,0.026377997520125818,0.5041306357101133,6.590937811981975e-07,4.609468757831063,4.32778
5.76868371685843,0.3367532676397223,0.22163451414367527,0.18224012721372512,0.07260953088702589,0.12214618669415364,0.026310367486375906,0.5041306357101133,6.590937811981975e-07,4.609468757831063,4.32778
5.773923211605803,0.33644670982720914,0.22255534734359467,0.18203721067472453,0.07248941651155554,0.12251910685756863,0.026242737452626005,0.5041306357101133,6.590937811981975e-07,4.609468757831063,4.32778
5.779162706353177,0.33614015201469605,0.2234761805435142,0.18183429413572388,0.07236930213608517,0.12289202702098373,0.026175107418876097,0.5041306357101133,6.590937811981975e-07,4.609468757831063,4.32778
5.784402201100551,0.3358335942021829,0.2243970137434336,0.1816313775967233,0.07224918776061483,0.12326494718439873,0.0261074773851262,0.5041306357101133,6.590937811981975e-07,4.609468757831063,4.32778
5.789641695847925,0.3355270363896697,0.22531784694335313,0.18142846105772265,0.07212907338514447,0.12363786734781385,0.02603984735137629,0.5041306357101133,6.590937811981975e-07,4.609468757831063,4.32778
5.794881190595298,0.33522047857715653,0.22623868014327256,0.18122554451872205,0.07200895900967413,0.12401078751122885,0.02597221731762639,0.5041306357101133,6.590937811981975e-07,4.609468757831063,4.32778
5.800120685342672,0.3349139207646434,0.2271595133431921,0.18102262797972143,0.07188884463420375,0.12438370767464389,0.025904587283876478,0.5041306357101133,6.590937811981975e-07,4.609468757831063,4.32778
5.805360180090045,0.3346143228517286,0.22808477124395127,0.1808437428228805,0.07177079241107016,0.12475031058275822,0.025846788266647186,0.5041306357101133,6.590937811981975e-07,4.609468757831063,4.32778
5.810599674837419,0.3343166372434959,0.22901124487720967,0.18067146053781508,0.07165330678570322,0.12511517775938413,0.025791690423286166,0.5041306357101133,6.590937811981975e-07,4.609468757831063,4.32778
5.815839169584793,0.3340189516352631,0.22993771851046826,0.18049917825274964,0.07153582116033626,0.1254800449360101,0.025736592579925142,0.5041306357101133,6.590937811981975e-07,4.609468757831063,4.32778
5.821078664332166,0.33372126602703023,0.23086419214372667,0.18032689596768417,0.07141833553496932,0.12584491211263604,0.02568149473656413,0.5041306357101133,6.590937811981975e-07,4.609468757831063,4.32778
5.82631815907954,0.3334235804187975,0.23179066577698515,0.1801546136826187,0.07130084990960235,0.12620977928926203,0.0256263968932031,0.5041306357101133,6.590937811981975e-07,4.609468757831063,4.32778
5.831557653826914,0.33312589481056476,0.23271713941024355,0.1799823313975533,0.0711833642842354,0.12657464646588795,0.025571299049842084,0.5041306357101133,6.590937811981975e-07,4.609468757831063,4.32778
5.836797148574288,0.3328282092023319,0.23364361304350215,0.17981004911248785,0.07106587865886843,0.1269395136425139,0.025516201206481057,0.5041306357101133,6.590937811981975e-07,4.609468757831063,4.32778
5.842036643321661,0.33253052359409907,0.23457008667676055,0.1796377668274224,0.07094839303350148,0.12730438081913983,0.025461103363120043,0.5041306357101133,6.590937811981975e-07,4.609468757831063,4.32778
5.847276138069035,0.3322328379858662,0.23549656031001903,0.17946548454235697,0.07083090740813451,0.1276692479957658,0.025406005519759016,0.5041306357101133,6.590937811981975e-07,4.609468757831063,4.32778
5.8525156328164085,0.33193515237763355,0.23642303394327743,0.1792932022572915,0.07071342178276757,0.12803411517239172,0.025350907676398002,0.5041306357101133,6.590937811981975e-07,4.609468757831063,4.32778
5.857755127563783,0.3316354575246573,0.23737548965526406,0.17909343329352528,0.07058005826389743,0.12833573777408686,0.025285396670947563,0.5041306357101133,6.590937811981975e-07,4.609468757831063,4.32778
5.862994622311156,0.33133514342903886,0.2383359529587274,0.1788851930255037,0.07044180123030834,0.12861786860514754,0.025216676363082696,0.5041306357101133,6.590937811981975e-07,4.609468757831063,4.32778
5.868234117058529,0.33103482933342043,0.23929641626219073,0.17867695275748224,0.07030354419671925,0.1288999994362082,0.025147956055217833,0.5041306357101133,6.590937811981975e-07,4.609468757831063,4.32778
5.873473611805903,0.330734515237802,0.24025687956565417,0.17846871248946072,0.07016528716313011,0.1291821302672689,0.025079235747352956,0.5041306357101133,6.590937811981975e-07,4.609468757831063,4.32778
5.878713106553277,0.3304342011421835,0.24121734286911753,0.17826047222143918,0.07002703012954103,0.1294642610983296,0.02501051543948809,0.5041306357101133,6.590937811981975e-07,4.609468757831063,4.32778
5.883952601300651,0.33013388704656504,0.24217780617258103,0.17805223195341763,0.0698887730959519,0.12974639192939028,0.02494179513162321,0.5041306357101133,6.590937811981975e-07,4.609468757831063,4.32778
5.889192096048024,0.3298335729509467,0.2431382694760443,0.17784399168539608,0.06975051606236281,0.13002852276045096,0.024873074823758348,0.5041306357101133,6.590937811981975e-07,4.609468757831063,4.32778
5.894431590795398,0.3295332588553282,0.24409873277950783,0.17763575141737453,0.06961225902877367,0.13031065359151167,0.02480435451589347,0.5041306357101133,6.590937811981975e-07,4.609468757831063,4.32778
5.899671085542772,0.3292329447597098,0.2450591960829711,0.17742751114935307,0.06947400199518457,0.13059278442257236,0.024735634208028604,0.5041306357101133,6.590937811981975e-07,4.609468757831063,4.32778
5.904910580290146,0.32893263066409134,0.2460196593864346,0.1772192708813315,0.06933574496159545,0.13087491525363307,0.024666913900163727,0.5041306357101133,6.590937811981975e-07,4.609468757831063,4.32778
5.910150075037519,0.3286502960669763,0.24689214870040316,0.17703156354811453,0.06920394265450085,0.13112716372896518,0.02460333028359374,0.5041306357101133,6.590937811981975e-07,4.609468757831063,4.32778
5.915389569784892,0.3283741362471251,0.2477344247250503,0.17685090792988095,0.06907435712216195,0.13136914957707738,0.024541510783226028,0.5041306357101133,6.590937811981975e-07,4.609468757831063,4.32778
5.920629064532267,0.32809797642727384,0.2485767007496976,0.17667025231164735,0.06894477158982301,0.13161113542518962,0.02447969128285831,0.5041306357101133,6.590937811981975e-07,4.609468757831063,4.32778
5.92586855927964,0.32782181660742266,0.24941897677434477,0.17648959669341377,0.06881518605748412,0.13185312127330184,0.024417871782490597,0.5041306357101133,6.590937811981975e-07,4.609468757831063,4.32778
5.931108054027014,0.32754565678757147,0.25026125279899203,0.17630894107518014,0.06868560052514516,0.1320951071214141,0.02435605228212288,0.5041306357101133,6.590937811981975e-07,4.609468757831063,4.32778
5.936347548774387,0.3272694969677201,0.25110352882363923,0.17612828545694653,0.06855601499280625,0.13233709296952628,0.02429423278175517,0.5041306357101133,6.590937811981975e-07,4.609468757831063,4.32778
5.9415870435217615,0.32699333714786893,0.2519458048482865,0.17594762983871304,0.06842642946046733,0.13257907881763856,0.02423241328138745,0.5041306357101133,6.590937811981975e-07,4.609468757831063,4.32778
5.946826538269135,0.32671717732801775,0.25278808087293364,0.17576697422047938,0.06829684392812843,0.13282106466575075,0.02417059378101974,0.5041306357101133,6.590937811981975e-07,4.609468757831063,4.32778
5.952066033016509,0.32644101750816645,0.2536303568975809,0.1755863186022458,0.06816725839578949,0.133063050513863,0.02410877428065202,0.5041306357101133,6.590937811981975e-07,4.609468757831063,4.32778
5.957305527763882,0.32616485768831527,0.2544726329222281,0.17540566298401222,0.06803767286345057,0.1333050363619752,0.02404695478028431,0.5041306357101133,6.590937811981975e-07,4.609468757831063,4.32778
5.962545022511256,0.32588342228635025,0.25530787590760784,0.17522038328429437,0.06790294830371542,0.13356910109679013,0.023998104707985246,0.5041306357101133,6.590937811981975e-07,4.609468757831063,4.32778
5.96778451725863,0.32559997887735226,0.2561404419576261,0.17503334355356187,0.06776626771279143,0.13384156956010781,0.023954191096196745,0.5041306357101133,6.590937811981975e-07,4.609468757831063,4.32778
5.973024012006003,0.32531653546835426,0.25697300800764433,0.17484630382282934,0.06762958712186742,0.13411403802342545,0.023910277484408247,0.5041306357101133,6.590937811981975e-07,4.609468757831063,4.32778
5.978263506753377,0.3250330920593562,0.25780557405766275,0.17465926409209676,0.06749290653094339,0.13438650648674316,0.023866363872619742,0.5041306357101133,6.590937811981975e-07,4.609468757831063,4.32778
5.98350300150075,0.32474964865035827,0.258638140107681,0.17447222436136425,0.06735622594001939,0.13465897495006085,0.02382245026083124,0.5041306357101133,6.590937811981975e-07,4.609468757831063,4.32778
5.988742496248125,0.3244662052413602,0.2594707061576994,0.17428518463063164,0.06721954534909537,0.13493144341337854,0.023778536649042736,0.5041306357101133,6.590937811981975e-07,4.609468757831063,4.32778
5.993981990995498,0.3241827618323623,0.26030327220771765,0.1740981448998991,0.06708286475817136,0.1352039118766962,0.023734623037254238,0.5041306357101133,6.590937811981975e-07,4.609468757831063,4.32778
5.999221485742872,0.32389931842336417,0.2611358382577361,0.17391110516916655,0.06694618416724733,0.13547638034001386,0.02369070942546573,0.5041306357101133,6.590937811981975e-07,4.609468757831063,4.32778
6.004460980490245,0.32361587501436617,0.26196840430775437,0.17372406543843402,0.06680950357632333,0.13574884880333155,0.023646795813677235,0.5041306357101133,6.590937811981975e-07,4.609468757831063,4.32778
6.00970047523762,0.3233324316053682,0.2628009703577728,0.1735370257077015,0.0666728229853993,0.1360213172666493,0.023602882201888727,0.5041306357101133,6.590937811981975e-07,4.609468757831063,4.32778
6.014939969984993,0.3230413606369947,0.2636496945241124,0.17335594189819187,0.06654592102020243,0.13624586733042793,0.02356996204036497,0.5041306357101133,6.590937811981975e-07,4.609468757831063,4.32778
6.020179464732367,0.3227470866365703,0.2645052039492633,0.1731773591516869,0.06642312538182332,0.13645029507696252,0.023541658345500423,0.5041306357101133,6.590937811981975e-07,4.609468757831063,4.32778
6.02541895947974,0.32245281263614595,0.26536071337441414,0.17299877640518188,0.06630032974344426,0.13665472282349708,0.023513354650635882,0.5041306357101133,6.590937811981975e-07,4.609468757831063,4.32778
6.0306584542271136,0.3221585386357215,0.26621622279956486,0.17282019365867696,0.06617753410506517,0.1368591505700316,0.02348505095577134,0.5041306357101133,6.590937811981975e-07,4.609468757831063,4.32778
6.035897948974488,0.3218642646352971,0.26707173222471575,0.17264161091217195,0.06605473846668608,0.13706357831656618,0.023456747260906793,0.5041306357101133,6.590937811981975e-07,4.609468757831063,4.32778
6.041137443721861,0.32156999063487274,0.2679272416498666,0.17246302816566703,0.065931942828307,0.13726800606310072,0.023428443566042255,0.5041306357101133,6.590937811981975e-07,4.609468757831063,4.32778
6.046376938469235,0.3212757166344483,0.2687827510750174,0.17228444541916202,0.06580914718992789,0.1374724338096353,0.02340013987117771,0.5041306357101133,6.590937811981975e-07,4.609468757831063,4.32778
6.0516164332166085,0.32098144263402395,0.2696382605001683,0.17210586267265707,0.06568635155154882,0.13767686155616984,0.023371836176313165,0.5041306357101133,6.590937811981975e-07,4.609468757831063,4.32778
6.056855927963983,0.32068716863359953,0.27049376992531915,0.1719272799261521,0.06556355591316972,0.1378812893027044,0.02334353248144862,0.5041306357101133,6.590937811981975e-07,4.609468757831063,4.32778
6.062095422711356,0.32039289463317516,0.27134927935047004,0.17174869717964708,0.06544076027479065,0.13808571704923894,0.02331522878658408,0.5041306357101133,6.590937811981975e-07,4.609468757831063,4.32778
6.06733491745873,0.32011449294207206,0.2721642175864787,0.17154432221969335,0.06531302083002147,0.13826159872975666,0.02329523293627849,0.5041306357101133,6.590937811981975e-07,4.609468757831063,4.32778
6.072574412206103,0.31984341693219426,0.27296043065826786,0.17132804316122482,0.06518299962845692,0.1384243053028819,0.023279071475769346,0.5041306357101133,6.590937811981975e-07,4.609468757831063,4.32778
6.077813906953477,0.3195723409223165,0.27375664373005704,0.17111176410275633,0.06505297842689235,0.1385870118760072,0.0232629100152602,0.5041306357101133,6.590937811981975e-07,4.609468757831063,4.32778
6.083053401700851,0.3193012649124387,0.2745528568018463,0.1708954850442878,0.06492295722532777,0.13874971844913245,0.023246748554751055,0.5041306357101133,6.590937811981975e-07,4.609468757831063,4.32778
6.088292896448224,0.3190301889025609,0.2753490698736355,0.17067920598581923,0.06479293602376321,0.13891242502225773,0.023230587094241906,0.5041306357101133,6.590937811981975e-07,4.609468757831063,4.32778
6.093532391195598,0.3187591128926831,0.27614528294542484,0.1704629269273507,0.06466291482219862,0.13907513159538304,0.02321442563373276,0.5041306357101133,6.590937811981975e-07,4.609468757831063,4.32778
6.098771885942972,0.3184880368828053,0.27694149601721396,0.1702466478688822,0.06453289362063407,0.1392378381685083,0.023198264173223616,0.5041306357101133,6.590937811981975e-07,4.609468757831063,4.32778
6.104011380690346,0.3182169608729275,0.2777377090890033,0.17003036881041364,0.06440287241906947,0.13940054474163358,0.02318210271271447,0.5041306357101133,6.590937811981975e-07,4.609468757831063,4.32778
6.109250875437719,0.3179458848630497,0.2785339221607925,0.16981408975194512,0.06427285121750491,0.13956325131475883,0.023165941252205325,0.5041306357101133,6.590937811981975e-07,4.609468757831063,4.32778
6.114490370185093,0.31767480885317184,0.27933013523258177,0.1695978106934766,0.06414283001594033,0.1397259578878841,0.02314977979169618,0.5041306357101133,6.590937811981975e-07,4.609468757831063,4.32778
6.1197298649324665,0.3173786093366359,0.28014744515795414,0.1693809537851829,0.06401569458012532,0.13989843082374145,0.023130027407603823,0.5041306357101133,6.590937811981975e-07,4.609468757831063,4.32778
6.124969359679841,0.31706970585824257,0.2809754229262706,0.1691638046811285,0.06389001836170817,0.1400758422222633,0.023108459235737313,0.5041306357101133,6.590937811981975e-07,4.609468757831063,4.32778
6.130208854427214,0.31676080237984927,0.2818034006945869,0.16894665557707414,0.06376434214329103,0.14025325362078514,0.023086891063870803,0.5041306357101133,6.590937811981975e-07,4.609468757831063,4.32778
6.135448349174587,0.31645189890145603,0.2826313784629032,0.16872950647301982,0.06363866592487391,0.14043066501930695,0.023065322892004296,0.5041306357101133,6.590937811981975e-07,4.609468757831063,4.32778
6.140687843921961,0.31614299542306273,0.28345935623121965,0.16851235736896542,0.06351298970645676,0.1406080764178288,0.02304375472013779,0.0005138013633588955,6.590937811981975e-07,4.609468757831063,4.32778
6.145927338669335,0.31583409194466944,0.284287333999536,0.16829520826491107,0.06338731348803962,0.14078548781635064,0.023022186548271283,0.0005138013633588955,6.590937811981975e-07,4.609468757831063,4.32778
6.151166833416709,0.3155251884662761,0.2851153117678525,0.1680780591608567,0.06326163726962247,0.14096289921487248,0.023000618376404772,0.0005138013633588955,6.590937811981975e-07,4.609468757831063,4.32778
6.156406328164082,0.3152162849878828,0.28594328953616877,0.16786091005680234,0.06313596105120534,0.14114031061339433,0.022979050204538266,0.0005138013633588955,6.590937811981975e-07,4.609468757831063,4.32778
6.161645822911456,0.31490738150948944,0.2867712673044852,0.167643760952748,0.06301028483278819,0.14131772201191617,0.02295748203267176,0.0005138013633588955,6.590937811981975e-07,4.609468757831063,4.32778
6.16688531765883,0.3145984780310962,0.28759924507280155,0.16742661184869365,0.06288460861437106,0.141495133410438,0.02293591386080525,0.0005138013633588955,6.590937811981975e-07,4.609468757831063,4.32778
6.172124812406204,0.31427279331864216,0.2883563803241763,0.16721083670319048,0.06276811237271658,0.14161928691157544,0.022918137658724243,0.0005138013633588955,6.590937811981975e-07,4.609468757831063,4.32778
6.177364307153577,0.3139378364846449,0.2890743730175521,0.166995820709883,0.06265668833612163,0.14171401387018914,0.02290245663061033,0.0005138013633588955,6.590937811981975e-07,4.609468757831063,4.32778
6.182603801900951,0.3136028796506476,0.28979236571092803,0.1667808047165755,0.06254526429952668,0.14180874082880285,0.022886775602496412,0.0005138013633588955,6.590937811981975e-07,4.609468757831063,4.32778
6.1878432966483246,0.31326792281665033,0.2905103584043038,0.16656578872326805,0.06243384026293174,0.1419034677874166,0.022871094574382498,0.0005138013633588955,6.590937811981975e-07,4.609468757831063,4.32778
6.193082791395698,0.3129329659826531,0.29122835109767964,0.16635077272996057,0.06232241622633681,0.14199819474603026,0.02285541354626858,0.0005138013633588955,6.590937811981975e-07,4.609468757831063,4.32778
6.198322286143072,0.31259800914865576,0.2919463437910556,0.16613575673665307,0.062210992189741854,0.142092921704644,0.022839732518154666,0.0005138013633588955,6.590937811981975e-07,4.609468757831063,4.32778
6.203561780890445,0.31226305231465856,0.2926643364844314,0.1659207407433456,0.06209956815314692,0.14218764866325773,0.022824051490040752,0.0005138013633588955,6.590937811981975e-07,4.609468757831063,4.32778
6.20880127563782,0.3119280954806612,0.29338232917780727,0.16570572475003809,0.06198814411655196,0.14228237562187143,0.022808370461926835,0.0005138013633588955,6.590937811981975e-07,4.609468757831063,4.32778
6.214040770385193,0.311593138646664,0.29410032187118307,0.16549070875673064,0.061876720079957016,0.14237710258048514,0.022792689433812918,0.0005138013633588955,6.590937811981975e-07,4.609468757831063,4.32778
6.219280265132567,0.3112581818126666,0.294818314564559,0.1652756927634231,0.06176529604336207,0.14247182953909887,0.022777008405699,0.0005138013633588955,6.590937811981975e-07,4.609468757831063,4.32778
6.22451975987994,0.31094982548213435,0.29553571420740327,0.16505462494257944,0.06165417999560852,0.14257163145269391,0.022771349114804527,0.0005138013633588955,6.590937811981975e-07,4.609468757831063,4.32778
6.229759254627314,0.31065749355127975,0.29625275659089145,0.16482991144249712,0.061543249483301594,0.14267449056808496,0.0227717270150061,0.0005138013633588955,6.590937811981975e-07,4.609468757831063,4.32778
6.234998749374688,0.31036516162042516,0.2969697989743795,0.16460519794241485,0.06143231897099468,0.142777349683476,0.02277210491520767,0.0005138013633588955,6.590937811981975e-07,4.609468757831063,4.32778
6.240238244122062,0.31007282968957045,0.29768684135786766,0.1643804844423325,0.061321388458687745,0.142880208798867,0.022772482815409247,0.0005138013633588955,6.590937811981975e-07,4.609468757831063,4.32778
6.245477738869435,0.3097804977587159,0.2984038837413557,0.1641557709422502,0.06121045794638083,0.14298306791425805,0.02277286071561082,0.0005138013633588955,6.590937811981975e-07,4.609468757831063,4.32778
6.250717233616808,0.3094881658278613,0.2991209261248437,0.16393105744216793,0.061099527434073916,0.14308592702964906,0.022773238615812392,0.0005138013633588955,6.590937811981975e-07,4.609468757831063,4.32778
6.255956728364183,0.30919583389700667,0.29983796850833194,0.16370634394208558,0.06098859692176698,0.1431887861450401,0.022773616516013964,0.0005138013633588955,6.590937811981975e-07,4.609468757831063,4.32778
6.261196223111556,0.30890350196615207,0.30055501089181996,0.16348163044200328,0.06087766640946007,0.14329164526043112,0.022773994416215537,0.0005138013633588955,6.590937811981975e-07,4.609468757831063,4.32778
6.26643571785893,0.3086111700352974,0.30127205327530815,0.16325691694192093,0.06076673589715314,0.14339450437582218,0.02277437231641711,0.0005138013633588955,6.590937811981975e-07,4.609468757831063,4.32778
6.271675212606303,0.3083188381044428,0.30198909565879617,0.16303220344183864,0.060655805384846224,0.1434973634912132,0.022774750216618685,0.0005138013633588955,6.590937811981975e-07,4.609468757831063,4.32778
6.2769147073536775,0.3080202638931077,0.30265453641558254,0.1627994072570965,0.06055075156811819,0.143581096935183,0.02277704168402277,0.0005138013633588955,6.590937811981975e-07,4.609468757831063,4.32778
6.282154202101051,0.30771759723232894,0.3032861470602572,0.16256131205087607,0.060449550522765544,0.1436522915572252,0.022780587689260876,0.0005138013633588955,6.590937811981975e-07,4.609468757831063,4.32778
6.287393696848425,0.3074149305715501,0.30391775770493196,0.16232321684465562,0.06034834947741288,0.14372348617926742,0.022784133694498977,0.0005138013633588955,6.590937811981975e-07,4.609468757831063,4.32778
6.292633191595798,0.30711226391077134,0.30454936834960666,0.16208512163843525,0.06024714843206024,0.14379468080130964,0.02278767969973708,0.0005138013633588955,6.590937811981975e-07,4.609468757831063,4.32778
6.297872686343172,0.30680959724999257,0.3051809789942813,0.16184702643221482,0.060145947386707595,0.14386587542335183,0.022791225704975184,0.0005138013633588955,6.590937811981975e-07,4.609468757831063,4.32778
6.303112181090546,0.30650693058921374,0.30581258963895613,0.1616089312259944,0.06004474634135494,0.14393707004539402,0.022794771710213286,0.0005138013633588955,6.590937811981975e-07,4.609468757831063,4.32778
6.308351675837919,0.30620426392843497,0.30644420028363084,0.161370836019774,0.0599435452960023,0.14400826466743621,0.022798317715451388,0.0005138013633588955,6.590937811981975e-07,4.609468757831063,4.32778
6.313591170585293,0.3059015972676562,0.30707581092830566,0.16113274081355358,0.05984234425064963,0.14407945928947843,0.022801863720689493,0.0005138013633588955,6.590937811981975e-07,4.609468757831063,4.32778
6.3188306653326665,0.30559893060687743,0.3077074215729802,0.16089464560733316,0.05974114320529699,0.1441506539115206,0.022805409725927595,0.0005138013633588955,6.590937811981975e-07,4.609468757831063,4.32778
6.324070160080041,0.30529626394609855,0.308339032217655,0.16065655040111274,0.05963994215994433,0.14422184853356282,0.0228089557311657,0.0005138013633588955,6.590937811981975e-07,4.609468757831063,4.32778
6.329309654827414,0.30498356519674813,0.3088757875239812,0.16042307873525366,0.05953608493571652,0.14425843843817077,0.022815967438035916,0.0005138013633588955,6.590937811981975e-07,4.609468757831063,4.32778
6.334549149574788,0.30466371912249257,0.30934496349053986,0.16019290109385806,0.05943033532653902,0.1442703743380831,0.02282544827139081,0.0005138013633588955,6.590937811981975e-07,4.609468757831063,4.32778
6.339788644322161,0.304343873048237,0.3098141394570983,0.15996272345246249,0.05932458571736154,0.14428231023799543,0.022834929104745706,0.0005138013633588955,6.590937811981975e-07,4.609468757831063,4.32778
6.345028139069536,0.30402402697398145,0.3102833154236569,0.1597325458110668,0.05921883610818402,0.14429424613790778,0.022844409938100604,0.0005138013633588955,6.590937811981975e-07,4.609468757831063,4.32778
6.350267633816909,0.3037041808997259,0.3107524913902154,0.15950236816967125,0.05911308649900654,0.14430618203782006,0.0228538907714555,0.0005138013633588955,6.590937811981975e-07,4.609468757831063,4.32778
6.355507128564282,0.3033843348254704,0.31122166735677387,0.15927219052827565,0.059007336889829044,0.14431811793773242,0.022863371604810393,0.0005138013633588955,6.590937811981975e-07,4.609468757831063,4.32778
6.360746623311656,0.3030644887512148,0.3116908433233325,0.15904201288688002,0.05890158728065154,0.14433005383764472,0.02287285243816529,0.0005138013633588955,6.590937811981975e-07,4.609468757831063,4.32778
6.36598611805903,0.3027446426769592,0.312160019289891,0.15881183524548442,0.058795837671474054,0.14434198973755702,0.022882333271520186,0.0005138013633588955,6.590937811981975e-07,4.609468757831063,4.32778
6.371225612806404,0.30242479660270366,0.31262919525644955,0.1585816576040888,0.058690088062296544,0.14435392563746935,0.022891814104875084,0.0005138013633588955,6.590937811981975e-07,4.609468757831063,4.32778
6.376465107553777,0.3021049505284481,0.31309837122300804,0.15835147996269322,0.058584338453119056,0.14436586153738168,0.022901294938229982,0.0005138013633588955,6.590937811981975e-07,4.609468757831063,4.32778
6.381704602301151,0.3017919343292864,0.3135644652223856,0.15811797067027816,0.05849599041248027,0.1443595035936556,0.022922061622464386,0.0005138013633588955,6.590937811981975e-07,4.609468757831063,4.32778
6.3869440970485245,0.30148419990019737,0.3140281758338097,0.15788188490107483,0.058421099584844774,0.14433899841084913,0.022951556031378936,0.0005138013633588955,6.590937811981975e-07,4.609468757831063,4.32778
6.392183591795899,0.30117646547110827,0.3144918864452339,0.15764579913187146,0.05834620875720926,0.1443184932280427,0.0229810504402935,0.0005138013633588955,6.590937811981975e-07,4.609468757831063,4.32778
6.397423086543272,0.3008687310420192,0.31495559705665804,0.15740971336266812,0.05827131792957376,0.14429798804523622,0.02301054484920805,0.0005138013633588955,6.590937811981975e-07,4.609468757831063,4.32778
6.402662581290646,0.3005609966129301,0.3154193076680822,0.15717362759346476,0.058196427101938245,0.14427748286242978,0.023040039258122605,0.0005138013633588955,6.590937811981975e-07,4.609468757831063,4.32778
6.407902076038019,0.3002532621838411,0.3158830182795063,0.15693754182426142,0.05812153627430275,0.1442569776796233,0.023069533667037158,0.0005138013633588955,6.590937811981975e-07,4.609468757831063,4.32778
6.413141570785393,0.29994552775475203,0.3163467288909304,0.15670145605505809,0.058046645446667246,0.14423647249681684,0.02309902807595171,0.0005138013633588955,6.590937811981975e-07,4.609468757831063,4.32778
6.418381065532767,0.2996377933256629,0.31681043950235466,0.15646537028585472,0.057971754619031736,0.1442159673140104,0.02312852248486627,0.0005138013633588955,6.590937811981975e-07,4.609468757831063,4.32778
6.42362056028014,0.2993300588965739,0.3172741501137788,0.15622928451665136,0.05789686379139623,0.14419546213120393,0.023158016893780824,0.0005138013633588955,6.590937811981975e-07,4.609468757831063,4.32778
6.428860055027514,0.2990223244674848,0.317737860725203,0.155993198747448,0.05782197296376072,0.1441749569483975,0.02318751130269538,0.0005138013633588955,6.590937811981975e-07,4.609468757831063,4.32778
6.434099549774888,0.2987167320812158,0.31811708735285915,0.15577032866964644,0.05775287471072817,0.14410166695874316,0.02321318091793266,0.0005138013633588955,6.590937811981975e-07,4.609468757831063,4.32778
6.439339044522262,0.29841293624698934,0.3184254564457422,0.1555585427201173,0.05768863474607227,0.1439841058407648,0.02323564264169868,0.0005138013633588955,6.590937811981975e-07,4.609468757831063,4.32778
6.444578539269635,0.298109140412763,0.3187338255386252,0.1553467567705882,0.057624394781416385,0.14386654472278645,0.023258104365464702,0.0005138013633588955,6.590937811981975e-07,4.609468757831063,4.32778
6.449818034017009,0.2978053445785366,0.3190421946315083,0.15513497082105904,0.05756015481676049,0.14374898360480812,0.023280566089230723,0.0005138013633588955,6.590937811981975e-07,4.609468757831063,4.32778
6.455057528764383,0.29750154874431023,0.3193505637243913,0.15492318487152995,0.0574959148521046,0.14363142248682975,0.023303027812996743,0.0005138013633588955,6.590937811981975e-07,4.609468757831063,4.32778
6.460297023511756,0.2971977529100838,0.3196589328172743,0.15471139892200084,0.057431674887448714,0.14351386136885141,0.02332548953676276,0.0005138013633588955,6.590937811981975e-07,4.609468757831063,4.32778
6.46553651825913,0.2968939570758574,0.3199673019101574,0.15449961297247172,0.05736743492279281,0.14339630025087308,0.023347951260528785,0.0005138013633588955,6.590937811981975e-07,4.609468757831063,4.32778
6.470776013006503,0.296590161241631,0.3202756710030404,0.1542878270229426,0.057303194958136926,0.1432787391328947,0.023370412984294802,0.0005138013633588955,6.590937811981975e-07,4.609468757831063,4.32778
6.4760155077538775,0.2962863654074046,0.32058404009592345,0.15407604107341347,0.05723895499348103,0.14316117801491637,0.023392874708060826,0.0005138013633588955,6.590937811981975e-07,4.609468757831063,4.32778
6.481255002501251,0.29598256957317826,0.3208924091888065,0.15386425512388435,0.05717471502882514,0.14304361689693804,0.023415336431826844,0.0005138013633588955,6.590937811981975e-07,4.609468757831063,4.32778
6.486494497248625,0.29570606339375466,0.3211731036405458,0.1536475654899991,0.057121842635784015,0.1429000594714088,0.02345315702728984,0.0005138013633588955,6.590937811981975e-07,4.609468757831063,4.32778
6.491733991995998,0.29545436599142455,0.3214286393276089,0.1534264179612447,0.057079304398756324,0.1427328690390152,0.023504940233386434,0.0005138013633588955,6.590937811981975e-07,4.609468757831063,4.32778
6.496973486743372,0.29520266858909444,0.32168417501467206,0.15320527043249027,0.05703676616172863,0.1425656786066216,0.02355672343948303,0.0005138013633588955,6.590937811981975e-07,4.609468757831063,4.32778
6.502212981490746,0.29495097118676433,0.3219397107017352,0.15298412290373586,0.05699422792470094,0.14239848817422798,0.023608506645579622,0.0005138013633588955,6.590937811981975e-07,4.609468757831063,4.32778
6.50745247623812,0.2946992737844342,0.32219524638879843,0.15276297537498143,0.05695168968767325,0.14223129774183435,0.023660289851676227,0.0005138013633588955,6.590937811981975e-07,4.609468757831063,4.32778
6.512691970985493,0.29444757638210417,0.3224507820758615,0.15254182784622705,0.05690915145064556,0.14206410730944075,0.023712073057772818,0.0005138013633588955,6.590937811981975e-07,4.609468757831063,4.32778
6.517931465732866,0.29419587897977406,0.32270631776292463,0.15232068031747265,0.05686661321361788,0.14189691687704714,0.023763856263869405,0.0005138013633588955,6.590937811981975e-07,4.609468757831063,4.32778
6.523170960480241,0.29394418157744395,0.3229618534499878,0.1520995327887182,0.05682407497659018,0.1417297264446535,0.02381563946996601,0.0005138013633588955,6.590937811981975e-07,4.609468757831063,4.32778
6.528410455227614,0.29369248417511384,0.3232173891370509,0.1518783852599638,0.056781536739562495,0.14156253601225988,0.0238674226760626,0.0005138013633588955,6.590937811981975e-07,4.609468757831063,4.32778
6.533649949974988,0.29344078677278373,0.32347292482411405,0.15165723773120937,0.0567389985025348,0.1413953455798663,0.023919205882159202,0.0005138013633588955,6.590937811981975e-07,4.609468757831063,4.32778
6.538889444722361,0.2932092135555572,0.32372526092617615,0.15144572241413562,0.05670528207122379,0.141252577966751,0.02396085897006451,0.0005138013633588955,6.590937811981975e-07,4.609468757831063,4.32778
6.544128939469736,0.29299746416246236,0.32397444519823726,0.1512436955443891,0.05668025577688743,0.14113386865322325,0.02399253313557244,0.0005138013633588955,6.590937811981975e-07,4.609468757831063,4.32778
6.549368434217109,0.2927857147693676,0.32422362947029837,0.15104166867464258,0.056655229482551056,0.14101515933969552,0.024024207301080364,0.0005138013633588955,6.590937811981975e-07,4.609468757831063,4.32778
6.554607928964483,0.29257396537627284,0.3244728137423595,0.15083964180489604,0.05663020318821469,0.1408964500261678,0.0240558814665883,0.0005138013633588955,6.590937811981975e-07,4.609468757831063,4.32778
6.559847423711856,0.2923622159831781,0.32472199801442053,0.15063761493514952,0.056605176893878326,0.14077774071264007,0.024087555632096223,0.0005138013633588955,6.590937811981975e-07,4.609468757831063,4.32778
6.56508691845923,0.29215046659008326,0.3249711822864816,0.15043558806540297,0.056580150599541953,0.14065903139911232,0.024119229797604155,0.0005138013633588955,6.590937811981975e-07,4.609468757831063,4.32778
6.570326413206604,0.2919387171969885,0.3252203665585427,0.15023356119565645,0.056555124305205595,0.14054032208558462,0.02415090396311208,0.0005138013633588955,6.590937811981975e-07,4.609468757831063,4.32778
6.575565907953977,0.2917269678038938,0.32546955083060375,0.15003153432590996,0.05653009801086923,0.14042161277205686,0.02418257812862001,0.0005138013633588955,6.590937811981975e-07,4.609468757831063,4.32778
6.580805402701351,0.29151521841079897,0.32571873510266486,0.14982950745616339,0.05650507171653286,0.14030290345852914,0.02421425229412794,0.0005138013633588955,6.590937811981975e-07,4.609468757831063,4.32778
6.5860448974487245,0.2913034690177042,0.3259679193747259,0.1496274805864169,0.05648004542219649,0.14018419414500138,0.024245926459635865,0.0005138013633588955,6.590937811981975e-07,4.609468757831063,4.32778
6.591284392196099,0.2911167135591894,0.3261619514364131,0.14943130098609256,0.056467123630551765,0.14006231467680214,0.024283872549055664,0.0005138013633588955,6.590937811981975e-07,4.609468757831063,4.32778
6.596523886943472,0.2909566355645267,0.3262971163720016,0.1492413625127163,0.05646712167079553,0.13993705152019695,0.024328513023583454,0.0005138013633588955,6.590937811981975e-07,4.609468757831063,4.32778
6.601763381690846,0.290796557569864,0.3264322813075901,0.14905142403934002,0.056467119711039286,0.13981178836359176,0.024373153498111255,0.0005138013633588955,6.590937811981975e-07,4.609468757831063,4.32778
6.607002876438219,0.2906364795752014,0.3265674462431786,0.14886148556596376,0.05646711775128305,0.13968652520698657,0.02441779397263905,0.0005138013633588955,6.590937811981975e-07,4.609468757831063,4.32778
6.6122423711855935,0.29047640158053867,0.32670261117876714,0.1486715470925875,0.05646711579152681,0.13956126205038138,0.024462434447166847,0.0005138013633588955,6.590937811981975e-07,4.609468757831063,4.32778
6.617481865932967,0.290316323585876,0.32683777611435566,0.14848160861921125,0.05646711383177056,0.1394359988937762,0.02450707492169464,0.0005138013633588955,6.590937811981975e-07,4.609468757831063,4.32778
6.622721360680341,0.29015624559121334,0.32697294104994423,0.14829167014583497,0.05646711187201432,0.139310735737171,0.024551715396222442,0.0005138013633588955,6.590937811981975e-07,4.609468757831063,4.32778
6.627960855427714,0.2899961675965506,0.3271081059855327,0.14810173167245874,0.056467109912258076,0.13918547258056585,0.024596355870750236,0.0005138013633588955,6.590937811981975e-07,4.609468757831063,4.32778
6.633200350175088,0.289836089601888,0.3272432709211212,0.1479117931990825,0.056467107952501844,0.1390602094239606,0.024640996345278027,0.0005138013633588955,6.590937811981975e-07,4.609468757831063,4.32778
6.638439844922462,0.2896760116072253,0.3273784358567098,0.1477218547257062,0.0564671059927456,0.13893494626735545,0.024685636819805828,0.0005138013633588955,6.590937811981975e-07,4.609468757831063,4.32778
6.643679339669835,0.2895436354377278,0.3274818554614299,0.1475504948926141,0.05646965004071751,0.13878600360527812,0.024734147442505478,0.0005138013633588955,6.590937811981975e-07,4.609468757831063,4.32778
6.648918834417209,0.2894433035416646,0.3275485534401724,0.147400626027202,0.05647513920033173,0.13860966951524922,0.024787134885252592,0.0005138013633588955,6.590937811981975e-07,4.609468757831063,4.32778
6.654158329164583,0.2893429716456014,0.32761525141891495,0.14725075716178992,0.056480628359945946,0.13843333542522038,0.024840122327999703,0.0005138013633588955,6.590937811981975e-07,4.609468757831063,4.32778
6.659397823911957,0.2892426397495382,0.32768194939765743,0.14710088829637782,0.05648611751956016,0.13825700133519148,0.024893109770746814,0.0005138013633588955,6.590937811981975e-07,4.609468757831063,4.32778
6.66463731865933,0.289142307853475,0.3277486473764,0.14695101943096575,0.056491606679174376,0.1380806672451626,0.024946097213493924,0.0005138013633588955,6.590937811981975e-07,4.609468757831063,4.32778
6.669876813406704,0.2890419759574119,0.3278153453551426,0.14680115056555365,0.05649709583878859,0.13790433315513367,0.02499908465624104,0.0005138013633588955,6.590937811981975e-07,4.609468757831063,4.32778
6.675116308154077,0.28894164406134865,0.3278820433338851,0.14665128170014158,0.056502584998402806,0.1377279990651048,0.025052072098988142,0.0005138013633588955,6.590937811981975e-07,4.609468757831063,4.32778
6.680355802901451,0.28884131216528547,0.3279487413126277,0.1465014128347295,0.05650807415801703,0.13755166497507593,0.02510505954173525,0.0005138013633588955,6.590937811981975e-07,4.609468757831063,4.32778
6.685595297648825,0.2887409802692223,0.32801543929137017,0.1463515439693174,0.056513563317631244,0.13737533088504703,0.025158046984482364,0.0005138013633588955,6.590937811981975e-07,4.609468757831063,4.32778
6.690834792396198,0.2886406483731591,0.32808213727011276,0.14620167510390533,0.05651905247724546,0.13719899679501818,0.02521103442722947,0.0005138013633588955,6.590937811981975e-07,4.609468757831063,4.32778
6.696074287143572,0.288558956522544,0.3280922380765089,0.14604949389654587,0.056533922521514644,0.13701012381142572,0.025265696265882112,0.0005138013633588955,6.590937811981975e-07,4.609468757831063,4.32778
6.701313781890946,0.2885006437119825,0.3280313525989453,0.14589441246369309,0.056560558421113794,0.13680552407997398,0.025322458194314557,0.0005138013633588955,6.590937811981975e-07,4.609468757831063,4.32778
6.70655327663832,0.28844233090142096,0.32797046712138167,0.1457393310308403,0.05658719432071295,0.13660092434852222,0.025379220122747008,0.0005138013633588955,6.590937811981975e-07,4.609468757831063,4.32778
6.711792771385693,0.2883840180908594,0.327909581643818,0.14558424959798755,0.05661383022031209,0.1363963246170705,0.025435982051179452,0.0005138013633588955,6.590937811981975e-07,4.609468757831063,4.32778
6.717032266133067,0.28832570528029783,0.32784869616625434,0.14542916816513476,0.05664046611991125,0.13619172488561873,0.025492743979611904,0.0005138013633588955,6.590937811981975e-07,4.609468757831063,4.32778
6.7222717608804405,0.2882673924697363,0.32778781068869073,0.145274086732282,0.056667102019510404,0.13598712515416697,0.025549505908044345,0.0005138013633588955,6.590937811981975e-07,4.609468757831063,4.32778
6.727511255627815,0.28820907965917475,0.32772692521112706,0.14511900529942923,0.05669373791910955,0.1357825254227152,0.0256062678364768,0.0005138013633588955,6.590937811981975e-07,4.609468757831063,4.32778
6.732750750375188,0.2881507668486132,0.3276660397335634,0.14496392386657644,0.0567203738187087,0.13557792569126348,0.025663029764909244,0.0005138013633588955,6.590937811981975e-07,4.609468757831063,4.32778
6.737990245122561,0.28809245403805167,0.32760515425599984,0.1448088424337237,0.056747009718307845,0.13537332595981175,0.02571979169334169,0.0005138013633588955,6.590937811981975e-07,4.609468757831063,4.32778
6.743229739869936,0.2880341412274901,0.3275442687784362,0.1446537610008709,0.056773645617906994,0.13516872622836,0.02577655362177414,0.0005138013633588955,6.590937811981975e-07,4.609468757831063,4.32778
6.748469234617309,0.2879920455277929,0.32747557080827244,0.14450144613415505,0.05680164175860754,0.13497632940559373,0.02582667717320737,0.0005138013633588955,6.590937811981975e-07,4.609468757831063,4.32778
6.753708729364683,0.2879720204523488,0.32739624045172966,0.1443528964166196,0.05683148911500819,0.1348005400916895,0.025867766247067728,0.0005138013633588955,6.590937811981975e-07,4.609468757831063,4.32778
6.758948224112056,0.2879519953769048,0.32731691009518693,0.1442043466990842,0.05686133647140884,0.13462475077778524,0.025908855320928077,0.0005138013633588955,6.590937811981975e-07,4.609468757831063,4.32778
6.76418771885943,0.2879319703014608,0.3272375797386442,0.14405579698154874,0.05689118382780949,0.13444896146388097,0.025949944394788434,0.0005138013633588955,6.590937811981975e-07,4.609468757831063,4.32778
6.769427213606804,0.2879119452260167,0.3271582493821015,0.14390724726401333,0.056921031184210144,0.13427317214997672,0.025991033468648783,0.0005138013633588955,6.590937811981975e-07,4.609468757831063,4.32778
6.774666708354178,0.2878919201505727,0.32707891902555875,0.14375869754647788,0.0569508785406108,0.13409738283607242,0.02603212254250914,0.0005138013633588955,6.590937811981975e-07,4.609468757831063,4.32778
6.779906203101551,0.28787189507512867,0.32699958866901596,0.14361014782894246,0.056980725897011454,0.13392159352216815,0.026073211616369486,0.0005138013633588955,6.590937811981975e-07,4.609468757831063,4.32778
6.785145697848925,0.2878518699996846,0.3269202583124733,0.143461598111407,0.057010573253412106,0.1337458042082639,0.026114300690229842,0.0005138013633588955,6.590937811981975e-07,4.609468757831063,4.32778
6.790385192596299,0.2878318449242406,0.32684092795593056,0.14331304839387157,0.05704042060981276,0.13357001489435966,0.02615538976409019,0.0005138013633588955,6.590937811981975e-07,4.609468757831063,4.32778
6.795624687343672,0.2878118198487965,0.3267615975993879,0.14316449867633615,0.05707026796621341,0.13339422558045544,0.02619647883795054,0.0005138013633588955,6.590937811981975e-07,4.609468757831063,4.32778
6.800864182091046,0.28780693312529215,0.32665051303905757,0.14303214470936748,0.057107010337763914,0.1331816950087807,0.026248144785922148,0.0005138013633588955,6.590937811981975e-07,4.609468757831063,4.32778
6.806103676838419,0.2878244248350899,0.32649248748182397,0.14292373228671498,0.05715394534040548,0.13291485127344527,0.026315446113014722,0.0005138013633588955,6.590937811981975e-07,4.609468757831063,4.32778
6.8113431715857935,0.28784191654488767,0.3263344619245902,0.14281531986406246,0.05720088034304705,0.13264800753810982,0.026382747440107303,0.0005138013633588955,6.590937811981975e-07,4.609468757831063,4.32778
6.816582666333167,0.2878594082546854,0.3261764363673566,0.14270690744140993,0.05724781534568862,0.13238116380277445,0.026450048767199873,0.0005138013633588955,6.590937811981975e-07,4.609468757831063,4.32778
6.821822161080541,0.2878768999644832,0.32601841081012295,0.1425984950187574,0.057294750348330196,0.132114320067439,0.026517350094292458,0.0005138013633588955,6.590937811981975e-07,4.609468757831063,4.32778
6.827061655827914,0.287894391674281,0.3258603852528894,0.14249008259610488,0.05734168535097176,0.13184747633210364,0.026584651421385032,0.0005138013633588955,6.590937811981975e-07,4.609468757831063,4.32778
6.832301150575288,0.28791188338407875,0.3257023596956557,0.14238167017345235,0.057388620353613334,0.1315806325967682,0.026651952748477613,0.0005138013633588955,6.590937811981975e-07,4.609468757831063,4.32778
6.837540645322662,0.2879293750938765,0.32554433413842204,0.14227325775079985,0.0574355553562549,0.1313137888614328,0.026719254075570187,0.0005138013633588955,6.590937811981975e-07,4.609468757831063,4.32778
6.842780140070036,0.28794686680367426,0.3253863085811884,0.14216484532814733,0.05748249035889647,0.13104694512609735,0.026786555402662768,0.0005138013633588955,6.590937811981975e-07,4.609468757831063,4.32778
6.848019634817409,0.287964358513472,0.3252282830239548,0.1420564329054948,0.05752942536153804,0.13078010139076196,0.02685385672975534,0.0005138013633588955,6.590937811981975e-07,4.609468757831063,4.32778
6.8532591295647824,0.2880222501655391,0.3250325241290919,0.14195450428096532,0.05758255505856102,0.13050806736574255,0.02691934297513258,0.0005138013633588955,6.590937811981975e-07,4.609468757831063,4.32778
6.858498624312157,0.28814509858752957,0.32477609594627616,0.14186300058675128,0.057645644852432565,0.13022768816907432,0.026981910853830282,0.0005138013633588955,6.590937811981975e-07,4.609468757831063,4.32778
6.86373811905953,0.28826794700951996,0.3245196677634604,0.14177149689253724,0.057708734646304084,0.1299473089724061,0.02704447873252797,0.0005138013633588955,6.590937811981975e-07,4.609468757831063,4.32778
6.868977613806904,0.2883907954315104,0.3242632395806446,0.1416799931983232,0.05777182444017563,0.12966692977573785,0.02710704661122567,0.0005138013633588955,6.590937811981975e-07,4.609468757831063,4.32778
6.874217108554277,0.2885136438535008,0.3240068113978289,0.14158848950410918,0.05783491423404715,0.12938655057906964,0.02716961448992336,0.0005138013633588955,6.590937811981975e-07,4.609468757831063,4.32778
6.879456603301652,0.28863649227549126,0.3237503832150131,0.14149698580989514,0.05789800402791869,0.1291061713824014,0.027232182368621058,0.0005138013633588955,6.590937811981975e-07,4.609468757831063,4.32778
6.884696098049025,0.2887593406974817,0.3234939550321974,0.1414054821156811,0.05796109382179022,0.12882579218573317,0.02729475024731875,0.0005138013633588955,6.590937811981975e-07,4.609468757831063,4.32778
6.889935592796399,0.2888821891194721,0.3232375268493817,0.14131397842146706,0.05802418361566175,0.1285454129890649,0.027357318126016446,0.0005138013633588955,6.590937811981975e-07,4.609468757831063,4.32778
6.895175087543772,0.2890050375414625,0.3229810986665659,0.14122247472725305,0.058087273409533284,0.12826503379239673,0.027419886004714136,0.0005138013633588955,6.590937811981975e-07,4.609468757831063,4.32778
6.900414582291146,0.28912788596345296,0.32272467048375025,0.141130971033039,0.05815036320340481,0.1279846545957285,0.027482453883411823,0.0005138013633588955,6.590937811981975e-07,4.609468757831063,4.32778
6.90565407703852,0.2892576537422345,0.32249243676131356,0.14106217047994868,0.05821246905395552,0.1277036034645587,0.02754250445871213,0.0005138013633588955,6.590937811981975e-07,4.609468757831063,4.32778
6.910893571785893,0.28939954232532594,0.32230258505912734,0.14103313956717156,0.05827285130724079,0.12742137528950345,0.027598145412888724,0.0005138013633588955,6.590937811981975e-07,4.609468757831063,4.32778
6.916133066533267,0.28954143090841733,0.3221127333569411,0.14100410865439444,0.058333233560526054,0.12713914711444818,0.027653786367065326,0.0005138013633588955,6.590937811981975e-07,4.609468757831063,4.32778
6.9213725612806405,0.2896833194915088,0.32192288165475486,0.14097507774161733,0.05839361581381131,0.1268569189393929,0.02770942732124192,0.0005138013633588955,6.590937811981975e-07,4.609468757831063,4.32778
6.926612056028015,0.28982520807460027,0.32173302995256864,0.14094604682884018,0.058453998067096585,0.12657469076433764,0.027765068275418518,0.0005138013633588955,6.590937811981975e-07,4.609468757831063,4.32778
6.931851550775388,0.2899670966576917,0.3215431782503824,0.1409170159160631,0.058514380320381844,0.12629246258928237,0.027820709229595113,0.0005138013633588955,6.590937811981975e-07,4.609468757831063,4.32778
6.937091045522762,0.29010898524078316,0.32135332654819626,0.14088798500328595,0.05857476257366712,0.1260102344142271,0.027876350183771714,0.0005138013633588955,6.590937811981975e-07,4.609468757831063,4.32778
6.942330540270135,0.29025087382387454,0.32116347484601,0.14085895409050883,0.05863514482695238,0.12572800623917182,0.02793199113794831,0.0005138013633588955,6.590937811981975e-07,4.609468757831063,4.32778
6.94757003501751,0.29039276240696604,0.32097362314382377,0.1408299231777317,0.05869552708023765,0.12544577806411655,0.02798763209212491,0.0005138013633588955,6.590937811981975e-07,4.609468757831063,4.32778
6.952809529764883,0.2905346509900575,0.32078377144163756,0.1408008922649546,0.058755909333522906,0.12516354988906128,0.028043273046301505,0.0005138013633588955,6.590937811981975e-07,4.609468757831063,4.32778
6.958049024512256,0.2907105516460582,0.3205855146446752,0.1407743464164866,0.0588258557645809,0.12489186729013513,0.028101072510680482,0.0005138013633588955,6.590937811981975e-07,4.609468757831063,4.32778
6.96328851925963,0.2909514972882065,0.3203711838708417,0.14075255302677028,0.058914092812985284,0.12464035214336816,0.028162999928877174,0.0005138013633588955,6.590937811981975e-07,4.609468757831063,4.32778
6.968528014007004,0.2911924429303548,0.32015685309700825,0.14073075963705398,0.05900232986138965,0.12438883699660126,0.028224927347073853,0.0005138013633588955,6.590937811981975e-07,4.609468757831063,4.32778
6.973767508754378,0.2914333885725031,0.31994252232317466,0.1407089662473377,0.05909056690979404,0.12413732184983431,0.02828685476527054,0.0005138013633588955,6.590937811981975e-07,4.609468757831063,4.32778
6.979007003501751,0.29167433421465144,0.3197281915493413,0.1406871728576214,0.05917880395819841,0.12388580670306738,0.02834878218346722,0.0005138013633588955,6.590937811981975e-07,4.609468757831063,4.32778
6.984246498249125,0.29191527985679977,0.31951386077550775,0.14066537946790508,0.0592670410066028,0.12363429155630047,0.028410709601663912,0.0005138013633588955,6.590937811981975e-07,4.609468757831063,4.32778
6.9894859929964985,0.2921562254989481,0.31929953000167427,0.1406435860781888,0.05935527805500718,0.12338277640953353,0.028472637019860594,0.0005138013633588955,6.590937811981975e-07,4.609468757831063,4.32778
6.994725487743873,0.29239717114109637,0.31908519922784084,0.1406217926884725,0.059443515103411566,0.12313126126276658,0.028534564438057283,0.0005138013633588955,6.590937811981975e-07,4.609468757831063,4.32778
6.999964982491246,0.2926381167832447,0.31887086845400736,0.14059999929875622,0.059531752151815935,0.12287974611599967,0.028596491856253962,0.0005138013633588955,6.590937811981975e-07,4.609468757831063,4.32778
7.00520447723862,0.2928790624253931,0.3186565376801739,0.1405782059090399,0.059619989200220325,0.12262823096923273,0.028658419274450654,0.0005138013633588955,6.590937811981975e-07,4.609468757831063,4.32778
7.0104439719859934,0.2931279724315437,0.318393369421455,0.14056586282869085,0.059708735007486045,0.12239512068068217,0.028719552012354942,0.0005138013633588955,6.590937811981975e-07,4.609468757831063,4.32778
7.015683466733367,0.293393552036769,0.31802798317111586,0.14057329946562203,0.05979854565888017,0.12220053218839841,0.02877902146592632,0.0005138013633588955,6.590937811981975e-07,4.609468757831063,4.32778
7.020922961480741,0.2936591316419943,0.3176625969207766,0.14058073610255317,0.05988835631027431,0.1220059436961146,0.028838490919497712,0.0005138013633588955,6.590937811981975e-07,4.609468757831063,4.32778
7.026162456228114,0.2939247112472196,0.31729721067043737,0.14058817273948435,0.05997816696166844,0.12181135520383087,0.028897960373069093,0.0005138013633588955,6.590937811981975e-07,4.609468757831063,4.32778
7.031401950975488,0.2941902908524449,0.3169318244200981,0.14059560937641552,0.060067977613062574,0.12161676671154706,0.028957429826640485,0.0005138013633588955,6.590937811981975e-07,4.609468757831063,4.32778
7.036641445722862,0.29445587045767024,0.3165664381697589,0.1406030460133467,0.0601577882644567,0.1214221782192633,0.029016899280211866,0.0005138013633588955,6.590937811981975e-07,4.609468757831063,4.32778
7.041880940470236,0.2947214500628956,0.31620105191941955,0.14061048265027784,0.060247598915850846,0.12122758972697949,0.02907636873378325,0.0005138013633588955,6.590937811981975e-07,4.609468757831063,4.32778
7.047120435217609,0.2949870296681209,0.3158356656690804,0.14061791928720901,0.060337409567244975,0.12103300123469575,0.029135838187354633,0.0005138013633588955,6.590937811981975e-07,4.609468757831063,4.32778
7.052359929964983,0.2952526092733462,0.3154702794187411,0.1406253559241402,0.06042722021863911,0.12083841274241194,0.029195307640926028,0.0005138013633588955,6.590937811981975e-07,4.609468757831063,4.32778
7.057599424712357,0.2955181888785715,0.3151048931684019,0.14063279256107133,0.06051703087003324,0.1206438242501282,0.029254777094497406,0.0005138013633588955,6.590937811981975e-07,4.609468757831063,4.32778
7.06283891945973,0.29579998202606966,0.3147189423250911,0.1406456228396814,0.060614094633810865,0.12047876469330805,0.029316812316016343,0.0005138013633588955,6.590937811981975e-07,4.609468757831063,4.32778
7.068078414207104,0.2961190261219303,0.31428574390454,0.14067084512148767,0.06072782257314728,0.1203815484758176,0.02938474244240654,0.0005138013633588955,6.590937811981975e-07,4.609468757831063,4.32778
7.073317908954477,0.2964380702177909,0.3138525454839889,0.14069606740329388,0.06084155051248369,0.12028433225832713,0.029452672568796735,0.0005138013633588955,6.590937811981975e-07,4.609468757831063,4.32778
7.078557403701852,0.29675711431365154,0.31341934706343777,0.14072128968510011,0.06095527845182011,0.12018711604083665,0.029520602695186925,0.0005138013633588955,6.590937811981975e-07,4.609468757831063,4.32778
7.083796898449225,0.29707615840951207,0.31298614864288665,0.14074651196690635,0.06106900639115651,0.12008989982334618,0.029588532821577123,0.0005138013633588955,6.590937811981975e-07,4.609468757831063,4.32778
7.089036393196599,0.29739520250537277,0.31255295022233553,0.14077173424871262,0.06118273433049294,0.11999268360585573,0.02965646294796732,0.0005138013633588955,6.590937811981975e-07,4.609468757831063,4.32778
7.094275887943972,0.2977142466012333,0.3121197518017845,0.14079695653051882,0.06129646226982934,0.11989546738836526,0.029724393074357508,0.0005138013633588955,6.590937811981975e-07,4.609468757831063,4.32778
7.099515382691346,0.29803329069709394,0.3116865533812333,0.14082217881232506,0.06141019020916576,0.11979825117087478,0.02979232320074771,0.0005138013633588955,6.590937811981975e-07,4.609468757831063,4.32778
7.10475487743872,0.29835233479295453,0.3112533549606823,0.1408474010941313,0.061523918148502166,0.11970103495338433,0.029860253327137893,0.0005138013633588955,6.590937811981975e-07,4.609468757831063,4.32778
7.109994372186094,0.2986713788888152,0.31082015654013107,0.14087262337593756,0.06163764608783859,0.11960381873589386,0.029928183453528098,0.0005138013633588955,6.590937811981975e-07,4.609468757831063,4.32778
7.115233866933467,0.29900449039246324,0.3103777752820748,0.14090846273531066,0.06175286513237953,0.11948655105626166,0.02999730722327871,0.0005138013633588955,6.590937811981975e-07,4.609468757831063,4.32778
7.12047336168084,0.2993732061317503,0.3099121525060852,0.14097117363613618,0.0618718581246063,0.1193185336582885,0.03006945207268489,0.0005138013633588955,6.590937811981975e-07,4.609468757831063,4.32778
7.125712856428215,0.2997419218710374,0.30944652973009557,0.14103388453696172,0.06199085111683308,0.1191505162603153,0.030141596922091084,0.0005138013633588955,6.590937811981975e-07,4.609468757831063,4.32778
7.130952351175588,0.3001106376103244,0.3089809069541059,0.14109659543778724,0.06210984410905984,0.11898249886234215,0.030213741771497264,0.0005138013633588955,6.590937811981975e-07,4.609468757831063,4.32778
7.136191845922962,0.3004793533496115,0.3085152841781162,0.14115930633861276,0.06222883710128663,0.11881448146436892,0.03028588662090346,0.0005138013633588955,6.590937811981975e-07,4.609468757831063,4.32778
7.141431340670335,0.30084806908889855,0.30804966140212664,0.14122201723943828,0.06234783009351339,0.11864646406639577,0.030358031470309643,0.0005138013633588955,6.590937811981975e-07,4.609468757831063,4.32778
7.1466708354177095,0.3012167848281857,0.3075840386261369,0.14128472814026383,0.06246682308574018,0.11847844666842257,0.030430176319715844,0.0005138013633588955,6.590937811981975e-07,4.609468757831063,4.32778
7.151910330165083,0.30158550056747274,0.30711841585014726,0.14134743904108935,0.06258581607796694,0.1183104292704494,0.030502321169122024,0.0005138013633588955,6.590937811981975e-07,4.609468757831063,4.32778
7.157149824912457,0.30195421630675984,0.3066527930741576,0.14141014994191486,0.06270480907019373,0.1181424118724762,0.03057446601852822,0.0005138013633588955,6.590937811981975e-07,4.609468757831063,4.32778
7.16238931965983,0.3023229320460469,0.306187170298168,0.14147286084274038,0.06282380206242048,0.11797439447450303,0.0306466108679344,0.0005138013633588955,6.590937811981975e-07,4.609468757831063,4.32778
7.1676288144072045,0.30269930067959305,0.3057145782321569,0.14154551537256296,0.06294390343140993,0.11778915327981965,0.03071930974492592,0.0005138013633588955,6.590937811981975e-07,4.609468757831063,4.32778
7.172868309154578,0.3030970974170647,0.30522247215408616,0.14164601206357721,0.0630671082553348,0.11755568545434776,0.030793559899156324,0.0005138013633588955,6.590937811981975e-07,4.609468757831063,4.32778
7.178107803901951,0.30349489415453634,0.3047303660760154,0.14174650875459144,0.06319031307925968,0.11732221762887593,0.03086781005338672,0.0005138013633588955,6.590937811981975e-07,4.609468757831063,4.32778
7.183347298649325,0.303892690892008,0.30423825999794457,0.1418470054456057,0.06331351790318458,0.11708874980340402,0.030942060207617143,0.0005138013633588955,6.590937811981975e-07,4.609468757831063,4.32778
7.1885867933966985,0.30429048762947963,0.3037461539198738,0.14194750213661994,0.06343672272710947,0.11685528197793218,0.031016310361847547,0.0005138013633588955,6.590937811981975e-07,4.609468757831063,4.32778
7.193826288144073,0.30468828436695133,0.303254047841803,0.1420479988276342,0.06355992755103437,0.11662181415246027,0.03109056051607796,0.0005138013633588955,6.590937811981975e-07,4.609468757831063,4.32778
7.199065782891446,0.3050860811044229,0.3027619417637322,0.14214849551864842,0.06368313237495925,0.11638834632698841,0.031164810670308365,0.0005138013633588955,6.590937811981975e-07,4.609468757831063,4.32778
7.20430527763882,0.3054838778418947,0.3022698356856614,0.14224899220966267,0.06380633719888414,0.11615487850151651,0.031239060824538787,0.0005138013633588955,6.590937811981975e-07,4.609468757831063,4.32778
7.209544772386193,0.30588167457936627,0.3017777296075906,0.1423494889006769,0.06392954202280901,0.11592141067604468,0.03131331097876919,0.0005138013633588955,6.590937811981975e-07,4.609468757831063,4.32778
7.214784267133568,0.30627947131683797,0.30128562352951976,0.14244998559169114,0.06405274684673391,0.11568794285057277,0.031387561132999606,0.0005138013633588955,6.590937811981975e-07,4.609468757831063,4.32778
7.220023761880941,0.3066895562026791,0.30079013160330825,0.14255776664407765,0.0641754486526305,0.11545092079172847,0.03146155127771037,0.0005138013633588955,6.590937811981975e-07,4.609468757831063,4.32778
7.225263256628315,0.3071378990349906,0.30028409817051405,0.1426882268421798,0.06429658436116066,0.115202832975374,0.03153473190824662,0.0005138013633588955,6.590937811981975e-07,4.609468757831063,4.32778
7.230502751375688,0.30758624186730193,0.29977806473772006,0.14281868704028192,0.06441772006969079,0.11495474515901966,0.03160791253878285,0.0005138013633588955,6.590937811981975e-07,4.609468757831063,4.32778
7.235742246123062,0.3080345846996133,0.29927203130492597,0.14294914723838406,0.06453885577822092,0.11470665734266523,0.03168109316931907,0.0005138013633588955,6.590937811981975e-07,4.609468757831063,4.32778
7.240981740870436,0.30848292753192474,0.29876599787213176,0.1430796074364862,0.0646599914867511,0.11445856952631084,0.03175427379985531,0.0005138013633588955,6.590937811981975e-07,4.609468757831063,4.32778
7.246221235617809,0.3089312703642361,0.2982599644393377,0.14321006763458835,0.06478112719528123,0.11421048170995642,0.03182745443039155,0.0005138013633588955,6.590937811981975e-07,4.609468757831063,4.32778
7.251460730365183,0.30937961319654755,0.2977539310065435,0.1433405278326905,0.06490226290381139,0.11396239389360198,0.03190063506092779,0.0005138013633588955,6.590937811981975e-07,4.609468757831063,4.32778
7.2567002251125565,0.3098279560288589,0.2972478975737494,0.1434709880307926,0.06502339861234152,0.11371430607724757,0.031973815691464014,0.0005138013633588955,6.590937811981975e-07,4.609468757831063,4.32778
7.261939719859931,0.31027629886117036,0.2967418641409553,0.14360144822889478,0.0651445343208717,0.11346621826089316,0.032046996322000254,0.0005138013633588955,6.590937811981975e-07,4.609468757831063,4.32778
7.267179214607304,0.31072464169348174,0.29623583070816123,0.1437319084269969,0.06526567002940183,0.11321813044453874,0.03212017695253649,0.0005138013633588955,6.590937811981975e-07,4.609468757831063,4.32778
7.272418709354678,0.311187015495217,0.2957401417136914,0.14386534296231293,0.06538970083549547,0.11297588665631333,0.032190700731178856,0.0005138013633588955,6.590937811981975e-07,4.609468757831063,4.32778
7.277658204102051,0.311698261212923,0.29528048390889056,0.14400913754859854,0.06552381568928217,0.11275399847168337,0.03225197030659538,0.0005138013633588955,6.590937811981975e-07,4.609468757831063,4.32778
7.282897698849425,0.312209506930629,0.2948208261040897,0.14415293213488417,0.06565793054306887,0.11253211028705346,0.0323132398820119,0.0005138013633588955,6.590937811981975e-07,4.609468757831063,4.32778
7.288137193596799,0.31272075264833504,0.29436116829928877,0.14429672672116983,0.0657920453968556,0.11231022210242349,0.03237450945742844,0.0005138013633588955,6.590937811981975e-07,4.609468757831063,4.32778
7.293376688344172,0.313231998366041,0.29390151049448787,0.14444052130745547,0.06592616025064228,0.11208833391779358,0.03243577903284497,0.0005138013633588955,6.590937811981975e-07,4.609468757831063,4.32778
7.298616183091546,0.31374324408374704,0.293441852689687,0.14458431589374113,0.06606027510442901,0.1118664457331636,0.0324970486082615,0.0005138013633588955,6.590937811981975e-07,4.609468757831063,4.32778
7.30385567783892,0.31425448980145304,0.29298219488488614,0.14472811048002676,0.06619438995821571,0.11164455754853368,0.03255831818367802,0.0005138013633588955,6.590937811981975e-07,4.609468757831063,4.32778
7.309095172586294,0.3147657355191591,0.29252253708008513,0.14487190506631242,0.06632850481200242,0.11142266936390369,0.03261958775909455,0.0005138013633588955,6.590937811981975e-07,4.609468757831063,4.32778
7.314334667333667,0.3152769812368651,0.29206287927528435,0.14501569965259806,0.06646261966578913,0.11120078117927377,0.03268085733451108,0.0005138013633588955,6.590937811981975e-07,4.609468757831063,4.32778
7.319574162081041,0.31578822695457115,0.2916032214704834,0.1451594942388837,0.06659673451957585,0.11097889299464381,0.03274212690992761,0.0005138013633588955,6.590937811981975e-07,4.609468757831063,4.32778
7.324813656828415,0.3163103203790393,0.291138605439656,0.14530706842888055,0.06673218138855552,0.11075764142023141,0.032804732721257744,0.0005138013633588955,6.590937811981975e-07,4.609468757831063,4.32778
7.330053151575789,0.31687500109672195,0.2906545237807245,0.14546948106307703,0.06687285765051501,0.11053888913037682,0.03287258449580428,0.0005138013633588955,6.590937811981975e-07,4.609468757831063,4.32778
7.335292646323162,0.3174396818144046,0.29017044212179305,0.14563189369727347,0.06701353391247448,0.11032013684052219,0.03294043627035081,0.0005138013633588955,6.590937811981975e-07,4.609468757831063,4.32778
7.340532141070535,0.3180043625320872,0.28968636046286156,0.14579430633146992,0.06715421017443396,0.1101013845506676,0.03300828804489734,0.0005138013633588955,6.590937811981975e-07,4.609468757831063,4.32778
7.345771635817909,0.31856904324976987,0.2892022788039301,0.1459567189656664,0.06729488643639346,0.10988263226081299,0.03307613981944387,0.0005138013633588955,6.590937811981975e-07,4.609468757831063,4.32778
7.351011130565283,0.31913372396745243,0.28871819714499874,0.14611913159986287,0.06743556269835294,0.10966387997095838,0.0331439915939904,0.0005138013633588955,6.590937811981975e-07,4.609468757831063,4.32778
7.356250625312657,0.31969840468513516,0.2882341154860672,0.14628154423405934,0.06757623896031244,0.10944512768110375,0.03321184336853693,0.0005138013633588955,6.590937811981975e-07,4.609468757831063,4.32778
7.36149012006003,0.3202630854028177,0.28775003382713576,0.14644395686825576,0.06771691522227191,0.10922637539124916,0.03327969514308345,0.0005138013633588955,6.590937811981975e-07,4.609468757831063,4.32778
7.366729614807404,0.32082776612050046,0.2872659521682042,0.14660636950245226,0.0678575914842314,0.10900762310139452,0.03334754691763,0.0005138013633588955,6.590937811981975e-07,4.609468757831063,4.32778
7.371969109554778,0.3213924468381831,0.2867818705092729,0.1467687821366487,0.06799826774619089,0.10878887081153994,0.033415398692176516,0.0005138013633588955,6.590937811981975e-07,4.609468757831063,4.32778
7.377208604302152,0.3219515071918834,0.2862964511913285,0.1469338699743139,0.06813946464135393,0.10857633024521476,0.03348325000465403,0.0005138013633588955,6.590937811981975e-07,4.609468757831063,4.32778
7.382448099049525,0.3224854683858819,0.28580505821806695,0.1471109046110312,0.06828298655602853,0.1083915297045143,0.03355109925364521,0.0005138013633588955,6.590937811981975e-07,4.609468757831063,4.32778
7.387687593796899,0.3230194295798805,0.2853136652448053,0.14728793924774852,0.0684265084707032,0.10820672916381387,0.0336189485026364,0.0005138013633588955,6.590937811981975e-07,4.609468757831063,4.32778
7.392927088544273,0.323553390773879,0.2848222722715437,0.1474649738844658,0.06857003038537783,0.10802192862311341,0.03368679775162758,0.0005138013633588955,6.590937811981975e-07,4.609468757831063,4.32778
7.398166583291646,0.3240873519678774,0.2843308792982821,0.1476420085211831,0.06871355230005247,0.10783712808241297,0.033754647000618754,0.0005138013633588955,6.590937811981975e-07,4.609468757831063,4.32778
7.40340607803902,0.324621313161876,0.28383948632502043,0.14781904315790043,0.06885707421472712,0.10765232754171251,0.033822496249609944,0.0005138013633588955,6.590937811981975e-07,4.609468757831063,4.32778
7.408645572786393,0.3251552743558745,0.2833480933517588,0.1479960777946177,0.06900059612940175,0.10746752700101209,0.03389034549860113,0.0005138013633588955,6.590937811981975e-07,4.609468757831063,4.32778
7.413885067533767,0.3256892355498731,0.28285670037849714,0.14817311243133502,0.06914411804407641,0.1072827264603116,0.03395819474759231,0.0005138013633588955,6.590937811981975e-07,4.609468757831063,4.32778
7.419124562281141,0.3262231967438715,0.2823653074052355,0.14835014706805233,0.06928763995875102,0.10709792591961115,0.034026043996583495,0.0005138013633588955,6.590937811981975e-07,4.609468757831063,4.32778
7.424364057028515,0.3267571579378701,0.28187391443197385,0.14852718170476964,0.0694311618734257,0.10691312537891068,0.03409389324557469,0.0005138013633588955,6.590937811981975e-07,4.609468757831063,4.32778
7.429603551775888,0.3273004218003082,0.28137339781785264,0.14870878989616299,0.06957474999429515,0.10672935218921935,0.03416189515025797,0.0005138013633588955,6.590937811981975e-07,4.609468757831063,4.32778
7.4348430465232624,0.32789148706672866,0.28082599972608446,0.14891389912235325,0.06971867831315041,0.1065508580031747,0.034230681470343756,0.0005138013633588955,6.590937811981975e-07,4.609468757831063,4.32778
7.440082541270636,0.32848255233314894,0.2802786016343162,0.1491190083485435,0.06986260663200566,0.10637236381713006,0.03429946779042953,0.0005138013633588955,6.590937811981975e-07,4.609468757831063,4.32778
7.44532203601801,0.3290736175995693,0.2797312035425479,0.1493241175747338,0.07000653495086091,0.1061938696310854,0.0343682541105153,0.0005138013633588955,6.590937811981975e-07,4.609468757831063,4.32778
7.450561530765383,0.32966468286598966,0.27918380545077964,0.14952922680092404,0.07015046326971616,0.10601537544504079,0.034437040430601085,0.0005138013633588955,6.590937811981975e-07,4.609468757831063,4.32778
7.455801025512756,0.33025574813240993,0.2786364073590114,0.14973433602711428,0.07029439158857137,0.10583688125899617,0.034505826750686856,0.0005138013633588955,6.590937811981975e-07,4.609468757831063,4.32778
7.461040520260131,0.3308468133988304,0.2780890092672431,0.14993944525330458,0.07043831990742665,0.10565838707295153,0.03457461307077264,0.0005138013633588955,6.590937811981975e-07,4.609468757831063,4.32778
7.466280015007504,0.3314378786652507,0.2775416111754749,0.1501445544794948,0.07058224822628187,0.10547989288690691,0.03464339939085841,0.0005138013633588955,6.590937811981975e-07,4.609468757831063,4.32778
7.471519509754878,0.3320289439316711,0.2769942130837066,0.1503496637056851,0.07072617654513715,0.10530139870086225,0.0347121857109442,0.0005138013633588955,6.590937811981975e-07,4.609468757831063,4.32778
7.476759004502251,0.33262000919809137,0.27644681499193835,0.15055477293187533,0.07087010486399238,0.10512290451481762,0.03478097203102997,0.0005138013633588955,6.590937811981975e-07,4.609468757831063,4.32778
7.481998499249626,0.3332120941542819,0.2759032384523122,0.1507640929292618,0.07101474250225512,0.10494427460711414,0.03484872514713352,0.0005138013633588955,6.590937811981975e-07,4.609468757831063,4.32778
7.487237993996999,0.333810297249093,0.27538259122553904,0.15099867755382534,0.0711636360569627,0.1047648303694577,0.03491027903934364,0.0005138013633588955,6.590937811981975e-07,4.609468757831063,4.32778
7.492477488744373,0.3344085003439042,0.2748619439987658,0.15123326217838892,0.07131252961167031,0.1045853861318012,0.03497183293155378,0.0005138013633588955,6.590937811981975e-07,4.609468757831063,4.32778
7.497716983491746,0.33500670343871525,0.2743412967719926,0.15146784680295242,0.07146142316637791,0.10440594189414476,0.0350333868237639,0.0005138013633588955,6.590937811981975e-07,4.609468757831063,4.32778
7.50295647823912,0.3356049065335263,0.2738206495452194,0.15170243142751597,0.07161031672108549,0.10422649765648831,0.03509494071597403,0.0005138013633588955,6.590937811981975e-07,4.609468757831063,4.32778
7.508195972986494,0.3362031096283375,0.2733000023184462,0.15193701605207954,0.0717592102757931,0.10404705341883183,0.03515649460818416,0.0005138013633588955,6.590937811981975e-07,4.609468757831063,4.32778
7.513435467733867,0.3368013127231485,0.272779355091673,0.15217160067664307,0.0719081038305007,0.10386760918117538,0.03521804850039429,0.0005138013633588955,6.590937811981975e-07,4.609468757831063,4.32778
7.518674962481241,0.3373995158179597,0.2722587078648998,0.15240618530120661,0.07205699738520831,0.10368816494351892,0.035279602392604414,0.0005138013633588955,6.590937811981975e-07,4.609468757831063,4.32778
7.5239144572286145,0.3379977189127708,0.2717380606381266,0.15264076992577016,0.07220589093991589,0.10350872070586244,0.035341156284814546,0.0005138013633588955,6.590937811981975e-07,4.609468757831063,4.32778
7.529153951975989,0.33859592200758193,0.2712174134113534,0.15287535455033374,0.07235478449462351,0.10332927646820597,0.035402710177024684,0.0005138013633588955,6.590937811981975e-07,4.609468757831063,4.32778
7.534393446723362,0.33919314283837476,0.2706974246216118,0.15310906032493055,0.07250350227063967,0.10314866824849578,0.03546369695814335,0.0005138013633588955,6.590937811981975e-07,4.609468757831063,4.32778
7.539632941470736,0.339783347497608,0.27018213895352433,0.1533364885997652,0.07265096448457439,0.10295974587125874,0.035520632945751675,0.0005138013633588955,6.590937811981975e-07,4.609468757831063,4.32778
7.544872436218109,0.3403735521568411,0.269666853285437,0.15356391687459983,0.07279842669850908,0.10277082349402175,0.03557756893335998,0.0005138013633588955,6.590937811981975e-07,4.609468757831063,4.32778
7.550111930965484,0.3409637568160743,0.26915156761734954,0.1537913451494345,0.07294588891244377,0.10258190111678471,0.03563450492096832,0.0005138013633588955,6.590937811981975e-07,4.609468757831063,4.32778
7.555351425712857,0.34155396147530753,0.2686362819492622,0.1540187734242691,0.07309335112637848,0.10239297873954772,0.035691440908576635,0.0005138013633588955,6.590937811981975e-07,4.609468757831063,4.32778
7.56059092046023,0.34214416613454063,0.26812099628117486,0.15424620169910372,0.07324081334031315,0.10220405636231074,0.035748376896184944,0.0005138013633588955,6.590937811981975e-07,4.609468757831063,4.32778
7.565830415207604,0.3427343707937739,0.2676057106130874,0.15447362997393838,0.07338827555424786,0.10201513398507371,0.035805312883793274,0.0005138013633588955,6.590937811981975e-07,4.609468757831063,4.32778
7.571069909954978,0.34332457545300704,0.26709042494500007,0.154701058248773,0.07353573776818255,0.10182621160783673,0.03586224887140159,0.0005138013633588955,6.590937811981975e-07,4.609468757831063,4.32778
7.576309404702352,0.3439147801122403,0.2665751392769126,0.15492848652360763,0.07368319998211724,0.10163728923059971,0.035919184859009926,0.0005138013633588955,6.590937811981975e-07,4.609468757831063,4.32778
7.581548899449725,0.3445049847714734,0.2660598536088252,0.15515591479844226,0.07383066219605193,0.10144836685336273,0.035976120846618234,0.0005138013633588955,6.590937811981975e-07,4.609468757831063,4.32778
7.586788394197099,0.34509896107635435,0.26554402274096545,0.15538759060130752,0.07397633204935168,0.1012617002390904,0.036032528408114536,0.0005138013633588955,6.590937811981975e-07,4.609468757831063,4.32778
7.592027888944473,0.34572587028713425,0.26502343134826356,0.155656354575757,0.07410635153418034,0.10109473028680244,0.03608432190746204,0.0005138013633588955,6.590937811981975e-07,4.609468757831063,4.32778
7.597267383691847,0.34635277949791426,0.2645028399555617,0.15592511855020652,0.07423637101900903,0.10092776033451444,0.03613611540680955,0.0005138013633588955,6.590937811981975e-07,4.609468757831063,4.32778
7.60250687843922,0.3469796887086942,0.2639822485628598,0.156193882524656,0.0743663905038377,0.10076079038222648,0.036187908906157036,0.0005138013633588955,6.590937811981975e-07,4.609468757831063,4.32778
7.607746373186594,0.34760659791947424,0.26346165717015785,0.1564626464991055,0.07449640998866637,0.10059382042993849,0.036239702405504545,0.0005138013633588955,6.590937811981975e-07,4.609468757831063,4.32778
7.612985867933967,0.3482335071302541,0.26294106577745596,0.15673141047355496,0.07462642947349504,0.10042685047765053,0.036291495904852034,0.0005138013633588955,6.590937811981975e-07,4.609468757831063,4.32778
7.618225362681341,0.34886041634103404,0.26242047438475413,0.1570001744480044,0.0747564489583237,0.10025988052536257,0.03634328940419953,0.0005138013633588955,6.590937811981975e-07,4.609468757831063,4.32778
7.623464857428715,0.34948732555181405,0.2618998829920522,0.15726893842245393,0.07488646844315237,0.10009291057307457,0.03639508290354703,0.0005138013633588955,6.590937811981975e-07,4.609468757831063,4.32778
7.628704352176088,0.35011423476259396,0.26137929159935036,0.15753770239690337,0.07501648792798106,0.09992594062078664,0.03644687640289453,0.0005138013633588955,6.590937811981975e-07,4.609468757831063,4.32778
7.633943846923462,0.3507411439733739,0.2608587002066484,0.1578064663713529,0.07514650741280973,0.09975897066849863,0.036498669902242036,0.0005138013633588955,6.590937811981975e-07,4.609468757831063,4.32778
7.639183341670836,0.35136500822984734,0.26034588214957494,0.15807438719598715,0.07527658174460043,0.09959607398011991,0.03655080424993631,0.0005138013633588955,6.590937811981975e-07,4.609468757831063,4.32778
7.64442283641821,0.35195510117492085,0.259919277451289,0.15833295672267117,0.07540726437906094,0.09947835349146157,0.03660671891565844,0.0005138013633588955,6.590937811981975e-07,4.609468757831063,4.32778
7.649662331165583,0.3525451941199943,0.25949267275300314,0.15859152624935513,0.07553794701352143,0.09936063300280328,0.03666263358138056,0.0005138013633588955,6.590937811981975e-07,4.609468757831063,4.32778
7.654901825912957,0.3531352870650678,0.25906606805471716,0.15885009577603915,0.07566862964798193,0.09924291251414497,0.03671854824710271,0.0005138013633588955,6.590937811981975e-07,4.609468757831063,4.32778
7.660141320660331,0.3537253800101412,0.25863946335643123,0.15910866530272305,0.0757993122824424,0.09912519202548666,0.03677446291282483,0.0005138013633588955,6.590937811981975e-07,4.609468757831063,4.32778
7.665380815407704,0.3543154729552146,0.2582128586581453,0.15936723482940704,0.07592999491690287,0.09900747153682837,0.03683037757854696,0.0005138013633588955,6.590937811981975e-07,4.609468757831063,4.32778
7.670620310155078,0.35490556590028816,0.2577862539598594,0.15962580435609103,0.07606067755136339,0.09888975104817006,0.03688629224426909,0.0005138013633588955,6.590937811981975e-07,4.609468757831063,4.32778
7.675859804902451,0.35549565884536155,0.2573596492615735,0.159884373882775,0.07619136018582386,0.09877203055951175,0.036942206909991226,0.0005138013633588955,6.590937811981975e-07,4.609468757831063,4.32778
7.6810992996498255,0.35608575179043506,0.25693304456328747,0.160142943409459,0.07632204282028435,0.09865431007085346,0.036998121575713354,0.0005138013633588955,6.590937811981975e-07,4.609468757831063,4.32778
7.686338794397199,0.35667584473550845,0.25650643986500155,0.16040151293614294,0.07645272545474485,0.09853658958219513,0.03705403624143549,0.0005138013633588955,6.590937811981975e-07,4.609468757831063,4.32778
7.691578289144573,0.3572668303411283,0.2560825183022038,0.16066114282823854,0.07658307131980382,0.0984198365256976,0.03710901684868178,0.0005138013633588955,6.590937811981975e-07,4.609468757831063,4.32778
7.696817783891946,0.35787117014852143,0.2556987364463084,0.16093663578689144,0.07670837911461605,0.09831755625432537,0.03715002394112947,0.0005138013633588955,6.590937811981975e-07,4.609468757831063,4.32778
7.70205727863932,0.35847550995591454,0.25531495459041303,0.1612121287455444,0.0768336869094283,0.0982152759829531,0.037191031033577154,0.0005138013633588955,6.590937811981975e-07,4.609468757831063,4.32778
7.707296773386694,0.3590798497633075,0.2549311727345177,0.16148762170419728,0.07695899470424052,0.09811299571158089,0.03723203812602485,0.0005138013633588955,6.590937811981975e-07,4.609468757831063,4.32778
7.712536268134068,0.35968418957070075,0.25454739087862227,0.1617631146628503,0.07708430249905276,0.09801071544020863,0.037273045218472564,0.0005138013633588955,6.590937811981975e-07,4.609468757831063,4.32778
7.717775762881441,0.36028852937809375,0.254163609022727,0.16203860762150318,0.07720961029386499,0.09790843516883636,0.03731405231092025,0.0005138013633588955,6.590937811981975e-07,4.609468757831063,4.32778
7.7230152576288145,0.3608928691854869,0.25377982716683156,0.16231410058015608,0.07733491808867721,0.09780615489746416,0.03735505940336794,0.0005138013633588955,6.590937811981975e-07,4.609468757831063,4.32778
7.728254752376189,0.36149720899288007,0.2533960453109363,0.16258959353880909,0.07746022588348946,0.09770387462609188,0.03739606649581564,0.0005138013633588955,6.590937811981975e-07,4.609468757831063,4.32778
7.733494247123562,0.3621015488002731,0.2530122634550409,0.16286508649746198,0.07758553367830168,0.09760159435471966,0.037437073588263335,0.0005138013633588955,6.590937811981975e-07,4.609468757831063,4.32778
7.738733741870936,0.3627058886076662,0.2526284815991455,0.16314057945611496,0.07771084147311393,0.09749931408334739,0.03747808068071103,0.0005138013633588955,6.590937811981975e-07,4.609468757831063,4.32778
7.743973236618309,0.3633094615747574,0.2522425065431846,0.16341671500508276,0.07783653029689759,0.09739817510024601,0.03751939558875692,0.0005138013633588955,6.590937811981975e-07,4.609468757831063,4.32778
7.749212731365684,0.36389580318918313,0.2518072489916318,0.16370728993642097,0.07797078106580431,0.09732268153593698,0.03756762729436218,0.0005138013633588955,6.590937811981975e-07,4.609468757831063,4.32778
7.754452226113057,0.36448214480360874,0.2513719914400791,0.16399786486775914,0.07810503183471103,0.09724718797162794,0.03761585899996743,0.0005138013633588955,6.590937811981975e-07,4.609468757831063,4.32778
7.759691720860431,0.36506848641803435,0.25093673388852633,0.16428843979909735,0.07823928260361776,0.09717169440731892,0.0376640907055727,0.0005138013633588955,6.590937811981975e-07,4.609468757831063,4.32778
7.764931215607804,0.36565482803246,0.2505014763369736,0.16457901473043554,0.07837353337252446,0.09709620084300989,0.037712322411177945,0.0005138013633588955,6.590937811981975e-07,4.609468757831063,4.32778
7.770170710355178,0.3662411696468857,0.2500662187854208,0.16486958966177373,0.0785077841414312,0.09702070727870084,0.03776055411678321,0.0005138013633588955,6.590937811981975e-07,4.609468757831063,4.32778
7.775410205102552,0.36682751126131136,0.2496309612338681,0.16516016459311195,0.0786420349103379,0.09694521371439181,0.03780878582238846,0.0005138013633588955,6.590937811981975e-07,4.609468757831063,4.32778
7.780649699849925,0.36741385287573686,0.24919570368231536,0.1654507395244501,0.07877628567924463,0.09686972015008279,0.03785701752799372,0.0005138013633588955,6.590937811981975e-07,4.609468757831063,4.32778
7.785889194597299,0.36800019449016275,0.24876044613076262,0.16574131445578832,0.07891053644815135,0.09679422658577373,0.03790524923359898,0.0005138013633588955,6.590937811981975e-07,4.609468757831063,4.32778
7.791128689344672,0.3685865361045883,0.24832518857920985,0.16603188938712649,0.07904478721705806,0.09671873302146469,0.037953480939204226,0.0005138013633588955,6.590937811981975e-07,4.609468757831063,4.32778
7.796368184092047,0.3691723001526612,0.24789155972527813,0.16632283506763082,0.07917873990070809,0.09664312966878219,0.03800134604141081,0.0005138013633588955,6.590937811981975e-07,4.609468757831063,4.32778
7.80160767883942,0.36973303632545057,0.24752850776825863,0.16662984654533264,0.07929977555656778,0.09656276881991692,0.03803332499634107,0.0005138013633588955,6.590937811981975e-07,4.609468757831063,4.32778
7.806847173586794,0.37029377249823997,0.247165455811239,0.1669368580230345,0.07942081121242749,0.09648240797105162,0.038065303951271355,0.0005138013633588955,6.590937811981975e-07,4.609468757831063,4.32778
7.812086668334167,0.3708545086710294,0.2468024038542195,0.16724386950073633,0.07954184686828716,0.09640204712218634,0.03809728290620161,0.0005138013633588955,6.590937811981975e-07,4.609468757831063,4.32778
7.817326163081542,0.37141524484381877,0.24643935189719987,0.16755088097843823,0.0796628825241469,0.09632168627332102,0.038129261861131886,0.0005138013633588955,6.590937811981975e-07,4.609468757831063,4.32778
7.822565657828915,0.3719759810166081,0.24607629994018038,0.16785789245614005,0.07978391818000657,0.09624132542445574,0.038161240816062154,0.0005138013633588955,6.590937811981975e-07,4.609468757831063,4.32778
7.827805152576289,0.3725367171893975,0.24571324798316077,0.16816490393384195,0.07990495383586628,0.09616096457559044,0.03819321977099242,0.0005138013633588955,6.590937811981975e-07,4.609468757831063,4.32778
7.833044647323662,0.37309745336218686,0.24535019602614125,0.16847191541154377,0.08002598949172599,0.09608060372672515,0.038225198725922685,0.0005138013633588955,6.590937811981975e-07,4.609468757831063,4.32778
7.838284142071036,0.3736581895349762,0.2449871440691217,0.1687789268892456,0.08014702514758568,0.09600024287785985,0.038257177680852954,0.0005138013633588955,6.590937811981975e-07,4.609468757831063,4.32778
7.84352363681841,0.37421892570776555,0.24462409211210212,0.16908593836694746,0.08026806080344538,0.09591988202899455,0.03828915663578323,0.0005138013633588955,6.590937811981975e-07,4.609468757831063,4.32778
7.848763131565783,0.37477957974135334,0.24426111004832723,0.1693929024828794,0.0803890815208625,0.09583937479433012,0.03832112807750122,0.0005138013633588955,6.590937811981975e-07,4.609468757831063,4.32778
7.854002626313157,0.37530754237272657,0.24392594549592556,0.16968101661439988,0.08050415673813503,0.09570060601160542,0.03835010926073324,0.0005138013633588955,6.590937811981975e-07,4.609468757831063,4.32778
7.85924212106053,0.3758355050040997,0.24359078094352388,0.1699691307459203,0.08061923195540754,0.09556183722888073,0.03837909044396524,0.0005138013633588955,6.590937811981975e-07,4.609468757831063,4.32778
7.864481615807905,0.3763634676354729,0.2432556163911222,0.17025724487744073,0.08073430717268007,0.09542306844615603,0.03840807162719725,0.0005138013633588955,6.590937811981975e-07,4.609468757831063,4.32778
7.869721110555278,0.376891430266846,0.24292045183872063,0.17054535900896117,0.0808493823899526,0.09528429966343134,0.03843705281042925,0.0005138013633588955,6.590937811981975e-07,4.609468757831063,4.32778
7.874960605302652,0.37741939289821924,0.24258528728631895,0.17083347314048164,0.08096445760722512,0.09514553088070664,0.03846603399366127,0.0005138013633588955,6.590937811981975e-07,4.609468757831063,4.32778
7.8802001000500255,0.37794735552959235,0.2422501227339173,0.17112158727200202,0.08107953282449762,0.09500676209798195,0.03849501517689327,0.0005138013633588955,6.590937811981975e-07,4.609468757831063,4.32778
7.885439594797399,0.3784753181609654,0.2419149581815157,0.17140970140352244,0.08119460804177014,0.09486799331525726,0.038523996360125275,0.0005138013633588955,6.590937811981975e-07,4.609468757831063,4.32778
7.890679089544773,0.3790032807923387,0.24157979362911403,0.1716978155350429,0.08130968325904267,0.09472922453253256,0.03855297754335729,0.0005138013633588955,6.590937811981975e-07,4.609468757831063,4.32778
7.895918584292146,0.3795312434237118,0.24124462907671232,0.17198592966656334,0.08142475847631518,0.09459045574980787,0.038581958726589295,0.0005138013633588955,6.590937811981975e-07,4.609468757831063,4.32778
7.90115807903952,0.38005920605508503,0.24090946452431067,0.17227404379808378,0.08153983369358771,0.09445168696708317,0.03861093990982132,0.0005138013633588955,6.590937811981975e-07,4.609468757831063,4.32778
7.906397573786894,0.3805798781009806,0.24056325593840977,0.17257854707204567,0.08165333308089527,0.0943353010200057,0.03862578994688612,0.0005138013633588955,6.590937811981975e-07,4.609468757831063,4.32778
7.911637068534268,0.3811004199578499,0.24021685013762487,0.17288334300926553,0.08176680432838208,0.0942193147664219,0.038640387642055095,0.0005138013633588955,6.590937811981975e-07,4.609468757831063,4.32778
7.916876563281641,0.381620961814719,0.23987044433684,0.1731881389464853,0.08188027557586884,0.09410332851283813,0.038654985337224064,0.0005138013633588955,6.590937811981975e-07,4.609468757831063,4.32778
7.922116058029015,0.3821415036715883,0.2395240385360551,0.17349293488370515,0.08199374682335565,0.09398734225925433,0.03866958303239305,0.0005138013633588955,6.590937811981975e-07,4.609468757831063,4.32778
7.927355552776389,0.3826620455284573,0.23917763273527023,0.17379773082092495,0.08210721807084242,0.09387135600567056,0.03868418072756201,0.0005138013633588955,6.590937811981975e-07,4.609468757831063,4.32778
7.932595047523763,0.3831825873853267,0.23883122693448533,0.17410252675814478,0.08222068931832921,0.09375536975208677,0.03869877842273099,0.0005138013633588955,6.590937811981975e-07,4.609468757831063,4.32778
7.937834542271136,0.38370312924219585,0.23848482113370045,0.17440732269536455,0.08233416056581598,0.093639383498503,0.03871337611789996,0.0005138013633588955,6.590937811981975e-07,4.609468757831063,4.32778
7.943074037018509,0.3842236710990649,0.23813841533291558,0.17471211863258435,0.08244763181330275,0.09352339724491922,0.038727973813068924,0.0005138013633588955,6.590937811981975e-07,4.609468757831063,4.32778
7.9483135317658835,0.3847442129559342,0.2377920095321307,0.17501691456980417,0.08256110306078955,0.09340741099133543,0.03874257150823791,0.0005138013633588955,6.590937811981975e-07,4.609468757831063,4.32778
7.953553026513257,0.3852647548128035,0.2374456037313458,0.17532171050702397,0.08267457430827634,0.09329142473775165,0.038757169203406876,0.0005138013633588955,6.590937811981975e-07,4.609468757831063,4.32778
7.958792521260631,0.3857293501188568,0.23713040142266864,0.17562115497667288,0.08277804668170986,0.09322881520386413,0.038780592134239324,0.0005138013633588955,1.5450191256960313e-08,4.609468757831063,4.32778
7.964032016008004,0.38619176001276884,0.23681641800040198,0.17592039040461985,0.08288112847412567,0.09316829069808974,0.03880435980083988,0.0005138013633588955,1.5450191256960313e-08,4.609468757831063,4.32778
7.969271510755378,0.38665416990668094,0.2365024345781353,0.1762196258325668,0.0829842102665415,0.09310776619231534,0.038828127467440424,0.0005138013633588955,1.5450191256960313e-08,4.609468757831063,4.32778
7.974511005502752,0.387116579800593,0.23618845115586862,0.1765188612605137,0.0830872920589573,0.09304724168654095,0.03885189513404098,0.0005138013633588955,1.5450191256960313e-08,4.609468757831063,4.32778
7.979750500250126,0.3875789896945051,0.23587446773360188,0.17681809668846066,0.08319037385137311,0.09298671718076656,0.03887566280064153,0.0005138013633588955,1.5450191256960313e-08,4.609468757831063,4.32778
7.984989994997499,0.38804139958841716,0.23556048431133522,0.17711733211640754,0.08329345564378891,0.09292619267499218,0.038899430467242084,0.0005138013633588955,1.5450191256960313e-08,4.609468757831063,4.32778
7.990229489744873,0.38850380948232927,0.2352465008890685,0.1774165675443545,0.08339653743620475,0.09286566816921778,0.03892319813384264,0.0005138013633588955,1.5450191256960313e-08,4.609468757831063,4.32778
7.995468984492247,0.3889662193762413,0.23493251746680188,0.17771580297230144,0.08349961922862056,0.09280514366344338,0.038946965800443184,0.0005138013633588955,1.5450191256960313e-08,4.609468757831063,4.32778
8.00070847923962,0.3894286292701534,0.23461853404453523,0.17801503840024832,0.08360270102103635,0.09274461915766899,0.03897073346704373,0.0005138013633588955,1.5450191256960313e-08,4.609468757831063,4.32778
8.005947973986993,0.3898910391640655,0.23430455062226854,0.17831427382819526,0.08370578281345216,0.0926840946518946,0.038994501133644284,0.0005138013633588955,1.5450191256960313e-08,4.609468757831063,4.32778
8.011187468734368,0.39032517195932054,0.23398818946907698,0.17858982163769446,0.08379566835882236,0.09263286163473189,0.039001715945368026,0.0005138013633588955,1.5450191256960313e-08,4.609468757831063,4.32778
8.016426963481742,0.3907575750384344,0.233671682869579,0.17886392047053323,0.08388474668695303,0.09258219697990448,0.03900791821543707,0.0005138013633588955,1.5450191256960313e-08,4.609468757831063,4.32778
8.021666458229115,0.39118997811754813,0.233355176270081,0.17913801930337198,0.0839738250150837,0.09253153232507706,0.039014120485506114,0.0005138013633588955,1.5450191256960313e-08,4.609468757831063,4.32778
8.026905952976488,0.391622381196662,0.23303866967058298,0.17941211813621075,0.0840629033432144,0.09248086767024966,0.03902032275557516,0.0005138013633588955,1.5450191256960313e-08,4.609468757831063,4.32778
8.032145447723863,0.39205478427577595,0.23272216307108493,0.1796862169690496,0.08415198167134508,0.09243020301542224,0.0390265250256442,0.0005138013633588955,1.5450191256960313e-08,4.609468757831063,4.32778
8.037384942471236,0.3924871873548897,0.23240565647158692,0.17996031580188834,0.08424105999947577,0.09237953836059483,0.03903272729571325,0.0005138013633588955,1.5450191256960313e-08,4.609468757831063,4.32778
8.04262443721861,0.39291959043400343,0.23208914987208892,0.1802344146347271,0.08433013832760644,0.09232887370576741,0.039038929565782296,0.0005138013633588955,1.5450191256960313e-08,4.609468757831063,4.32778
8.047863931965983,0.3933519935131172,0.23177264327259092,0.18050851346756586,0.08441921665573712,0.09227820905094,0.03904513183585134,0.0005138013633588955,1.5450191256960313e-08,4.609468757831063,4.32778
8.053103426713356,0.39378439659223113,0.23145613667309295,0.18078261230040463,0.0845082949838678,0.09222754439611258,0.03905133410592039,0.0005138013633588955,1.5450191256960313e-08,4.609468757831063,4.32778
8.058342921460731,0.39421679967134493,0.23113963007359484,0.18105671113324348,0.08459737331199851,0.09217687974128516,0.03905753637598943,0.0005138013633588955,1.5450191256960313e-08,4.609468757831063,4.32778
8.063582416208105,0.39462916430371836,0.23092467410056247,0.18132132165872286,0.08468126144757937,0.09218582319595028,0.039063214578306624,0.0005138013633588955,1.5450191256960313e-08,4.609468757831063,4.32778
8.068821910955478,0.39503984091476313,0.23071827266399864,0.181585132897441,0.08476471236585306,0.09219978798592593,0.039068848633612124,0.0005138013633588955,1.5450191256960313e-08,4.609468757831063,4.32778
8.074061405702851,0.3954505175258079,0.2305118712274348,0.18184894413615912,0.08484816328412674,0.09221375277590156,0.03907448268891761,0.0005138013633588955,1.5450191256960313e-08,4.609468757831063,4.32778
8.079300900450226,0.3958611941368527,0.2303054697908709,0.18211275537487737,0.08493161420240046,0.09222771756587719,0.03908011674422311,0.0005138013633588955,1.5450191256960313e-08,4.609468757831063,4.32778
8.0845403951976,0.39627187074789755,0.2300990683543071,0.1823765666135955,0.08501506512067414,0.09224168235585282,0.0390857507995286,0.0005138013633588955,1.5450191256960313e-08,4.609468757831063,4.32778
8.089779889944973,0.3966825473589423,0.22989266691774332,0.1826403778523136,0.08509851603894786,0.09225564714582847,0.03909138485483409,0.0005138013633588955,1.5450191256960313e-08,4.609468757831063,4.32778
8.095019384692346,0.3970932239699871,0.22968626548117946,0.18290418909103176,0.08518196695722152,0.09226961193580409,0.039097018910139586,0.0005138013633588955,1.5450191256960313e-08,4.609468757831063,4.32778
8.100258879439721,0.3975039005810319,0.22947986404461557,0.18316800032974997,0.08526541787549523,0.09228357672577973,0.03910265296544508,0.0005138013633588955,1.5450191256960313e-08,4.609468757831063,4.32778
8.105498374187095,0.3979145771920767,0.22927346260805173,0.18343181156846813,0.0853488687937689,0.09229754151575537,0.03910828702075057,0.0005138013633588955,1.5450191256960313e-08,4.609468757831063,4.32778
8.110737868934468,0.39832525380312145,0.22906706117148792,0.18369562280718624,0.08543231971204261,0.092311506305731,0.03911392107605607,0.0005138013633588955,1.5450191256960313e-08,4.609468757831063,4.32778
8.115977363681841,0.3986648548585662,0.22882929553434875,0.18395124932417722,0.08549899082839976,0.09231019578892882,0.03911872098398733,0.0005138013633588955,1.5450191256960313e-08,4.609468757831063,4.32778
8.121216858429214,0.3989967560621541,0.22858813210881387,0.18420598916298106,0.08556384413288264,0.0923072304472257,0.039123430525953046,0.0005138013633588955,1.5450191256960313e-08,4.609468757831063,4.32778
8.12645635317659,0.39932865726574235,0.228346968683279,0.18446072900178498,0.08562869743736551,0.0923042651055226,0.039128140067918774,0.0005138013633588955,1.5450191256960313e-08,4.609468757831063,4.32778
8.131695847923963,0.3996605584693303,0.22810580525774415,0.18471546884058881,0.08569355074184838,0.09230129976381948,0.039132849609884494,0.0005138013633588955,1.5450191256960313e-08,4.609468757831063,4.32778
8.136935342671336,0.3999924596729183,0.2278646418322093,0.18497020867939262,0.08575840404633123,0.09229833442211637,0.03913755915185022,0.0005138013633588955,1.5450191256960313e-08,4.609468757831063,4.32778
8.14217483741871,0.40032436087650636,0.2276234784066745,0.18522494851819649,0.0858232573508141,0.09229536908041326,0.03914226869381594,0.0005138013633588955,1.5450191256960313e-08,4.609468757831063,4.32778
8.147414332166084,0.40065626208009447,0.2273823149811396,0.1854796883570004,0.08588811065529699,0.09229240373871016,0.03914697823578168,0.0005138013633588955,1.5450191256960313e-08,4.609468757831063,4.32778
8.152653826913458,0.4009881632836824,0.22714115155560477,0.18573442819580424,0.08595296395977985,0.09228943839700704,0.03915168777774739,0.0005138013633588955,1.5450191256960313e-08,4.609468757831063,4.32778
8.157893321660831,0.40132006448727053,0.2268999881300699,0.18598916803460805,0.08601781726426272,0.09228647305530392,0.03915639731971312,0.0005138013633588955,1.5450191256960313e-08,4.609468757831063,4.32778
8.163132816408204,0.4016519656908585,0.22665882470453508,0.18624390787341194,0.08608267056874558,0.09228350771360082,0.03916110686167884,0.0005138013633588955,1.5450191256960313e-08,4.609468757831063,4.32778
8.168372311155577,0.40195899530526175,0.22639389434616705,0.18650159589684803,0.0861424765047365,0.09220760013119211,0.03915864699982216,0.0005138013633588955,1.5450191256960313e-08,4.609468757831063,4.32778
8.173611805902953,0.40226270399724556,0.22612579056210808,0.18675967756993683,0.08620160850232082,0.09212195310187098,0.03915522985961418,0.0005138013633588955,1.5450191256960313e-08,4.609468757831063,4.32778
8.178851300650326,0.40256641268922927,0.22585768677804927,0.18701775924302552,0.08626074049990513,0.09203630607254988,0.0391518127194062,0.0005138013633588955,1.5450191256960313e-08,4.609468757831063,4.32778
8.1840907953977,0.4028701213812129,0.2255895829939904,0.1872758409161142,0.08631987249748944,0.09195065904322877,0.03914839557919824,0.0005138013633588955,1.5450191256960313e-08,4.609468757831063,4.32778
8.189330290145072,0.40317383007319657,0.2253214792099316,0.18753392258920293,0.08637900449507377,0.09186501201390766,0.03914497843899027,0.0005138013633588955,1.5450191256960313e-08,4.609468757831063,4.32778
8.194569784892447,0.4034775387651804,0.22505337542587264,0.1877920042622917,0.0864381364926581,0.09177936498458654,0.03914156129878229,0.0005138013633588955,1.5450191256960313e-08,4.609468757831063,4.32778
8.19980927963982,0.40378124745716404,0.22478527164181378,0.1880500859353804,0.0864972684902424,0.09169371795526543,0.03913814415857432,0.0005138013633588955,1.5450191256960313e-08,4.609468757831063,4.32778
8.205048774387194,0.40408495614914786,0.22451716785775497,0.18830816760846908,0.0865564004878267,0.09160807092594433,0.03913472701836635,0.0005138013633588955,1.5450191256960313e-08,4.609468757831063,4.32778
8.210288269134567,0.4043886648411314,0.2242490640736961,0.1885662492815578,0.08661553248541101,0.09152242389662321,0.03913130987815837,0.0005138013633588955,1.5450191256960313e-08,4.609468757831063,4.32778
8.21552776388194,0.40469237353311505,0.22398096028963727,0.18882433095464649,0.08667466448299531,0.09143677686730212,0.03912789273795041,0.0005138013633588955,1.5450191256960313e-08,4.609468757831063,4.32778
8.220767258629316,0.40496185459602596,0.22372752509194277,0.18906556975448938,0.0867249164622286,0.0913638245218411,0.03912136186824599,0.0005138013633588955,1.5450191256960313e-08,4.609468757831063,4.32778
8.226006753376689,0.40522586321824194,0.2234764351624171,0.1893041156530864,0.08677374867108592,0.09129290184967168,0.039114333163883706,0.0005138013633588955,1.5450191256960313e-08,4.609468757831063,4.32778
8.231246248124062,0.4054898718404579,0.22322534523289142,0.18954266155168348,0.08682258087994327,0.09122197917750226,0.03910730445952143,0.0005138013633588955,1.5450191256960313e-08,4.609468757831063,4.32778
8.236485742871436,0.40575388046267385,0.22297425530336576,0.18978120745028057,0.08687141308880061,0.09115105650533285,0.03910027575515915,0.0005138013633588955,1.5450191256960313e-08,4.609468757831063,4.32778
8.24172523761881,0.4060178890848899,0.22272316537384002,0.19001975334887772,0.08692024529765796,0.09108013383316342,0.03909324705079687,0.0005138013633588955,1.5450191256960313e-08,4.609468757831063,4.32778
8.246964732366184,0.4062818977071059,0.22247207544431435,0.1902582992474748,0.08696907750651531,0.091009211160994,0.039086218346434595,0.0005138013633588955,1.5450191256960313e-08,4.609468757831063,4.32778
8.252204227113557,0.40654590632932186,0.22222098551478867,0.1904968451460719,0.08701790971537265,0.0909382884888246,0.039079189642072326,0.0005138013633588955,1.5450191256960313e-08,4.609468757831063,4.32778
8.25744372186093,0.4068099149515378,0.22196989558526298,0.19073539104466894,0.08706674192422999,0.09086736581665518,0.039072160937710036,0.0005138013633588955,1.5450191256960313e-08,4.609468757831063,4.32778
8.262683216608306,0.4070739235737538,0.22171880565573723,0.1909739369432661,0.08711557413308733,0.09079644314448575,0.03906513223334776,0.0005138013633588955,1.5450191256960313e-08,4.609468757831063,4.32778
8.267922711355679,0.4073379321959698,0.22146771572621154,0.19121248284186318,0.08716440634194471,0.09072552047231634,0.03905810352898548,0.0005138013633588955,1.5450191256960313e-08,4.609468757831063,4.32778
8.273162206103052,0.4075258410683018,0.22126966707939957,0.19143525361506833,0.08720216668939898,0.09067694982088847,0.03905254926369631,0.0005138013633588955,1.5450191256960313e-08,4.609468757831063,4.32778
8.278401700850425,0.40769948123753047,0.2210815636730964,0.19165506655226258,0.08723785106284021,0.09063257017334966,0.039047271455733355,0.0005138013633588955,1.5450191256960313e-08,4.609468757831063,4.32778
8.283641195597799,0.4078731214067592,0.2208934602667932,0.1918748794894568,0.08727353543628141,0.09058819052581084,0.0390419936477704,0.0005138013633588955,1.5450191256960313e-08,4.609468757831063,4.32778
8.288880690345174,0.408046761575988,0.22070535686048998,0.1920946924266511,0.08730921980972266,0.090543810878272,0.039036715839807445,0.0005138013633588955,1.5450191256960313e-08,4.609468757831063,4.32778
8.294120185092547,0.4082204017452167,0.2205172534541868,0.1923145053638453,0.08734490418316386,0.09049943123073319,0.03903143803184448,0.0005138013633588955,1.5450191256960313e-08,4.609468757831063,4.32778
8.29935967983992,0.40839404191444545,0.22032915004788364,0.19253431830103954,0.08738058855660509,0.09045505158319436,0.03902616022388153,0.0005138013633588955,1.5450191256960313e-08,4.609468757831063,4.32778
8.304599174587294,0.40856768208367417,0.22014104664158046,0.19275413123823373,0.08741627293004632,0.09041067193565554,0.03902088241591857,0.0005138013633588955,1.5450191256960313e-08,4.609468757831063,4.32778
8.309838669334669,0.40874132225290294,0.21995294323527723,0.19297394417542799,0.08745195730348752,0.0903662922881167,0.03901560460795561,0.0005138013633588955,1.5450191256960313e-08,4.609468757831063,4.32778
8.315078164082042,0.40891496242213166,0.21976483982897405,0.19319375711262224,0.08748764167692875,0.09032191264057789,0.03901032679999265,0.0005138013633588955,1.5450191256960313e-08,4.609468757831063,4.32778
8.320317658829415,0.40908860259136043,0.21957673642267087,0.19341357004981646,0.08752332605036997,0.09027753299303905,0.03900504899202969,0.0005138013633588955,1.5450191256960313e-08,4.609468757831063,4.32778
8.325557153576788,0.4092552889464305,0.21937628520842659,0.1936101480296346,0.08754628358491254,0.09025974317378868,0.038994521808295865,0.0005138013633588955,1.5450191256960313e-08,4.609468757831063,4.32778
8.330796648324162,0.4094204700551431,0.2191731611455121,0.1938016964912402,0.08756648622444957,0.09024770907956414,0.03898285832675797,0.0005138013633588955,1.5450191256960313e-08,4.609468757831063,4.32778
8.336036143071537,0.40958565116385576,0.21897003708259757,0.19399324495284592,0.08758668886398661,0.09023567498533962,0.038971194845220075,0.0005138013633588955,1.5450191256960313e-08,4.609468757831063,4.32778
8.34127563781891,0.4097508322725683,0.21876691301968312,0.19418479341445155,0.08760689150352363,0.09022364089111508,0.03895953136368218,0.0005138013633588955,1.5450191256960313e-08,4.609468757831063,4.32778
8.346515132566283,0.409916013381281,0.21856378895676867,0.1943763418760572,0.08762709414306069,0.09021160679689055,0.038947867882144285,0.0005138013633588955,1.5450191256960313e-08,4.609468757831063,4.32778
8.351754627313657,0.41008119448999353,0.21836066489385417,0.1945678903376628,0.08764729678259772,0.09019957270266603,0.03893620440060639,0.0005138013633588955,1.5450191256960313e-08,4.609468757831063,4.32778
8.356994122061032,0.41024637559870625,0.21815754083093966,0.19475943879926852,0.08766749942213477,0.09018753860844149,0.0389245409190685,0.0005138013633588955,1.5450191256960313e-08,4.609468757831063,4.32778
8.362233616808405,0.41041155670741875,0.2179544167680252,0.19495098726087415,0.08768770206167181,0.09017550451421696,0.0389128774375306,0.0005138013633588955,1.5450191256960313e-08,4.609468757831063,4.32778
8.367473111555778,0.41057673781613135,0.21775129270511073,0.19514253572247978,0.08770790470120884,0.09016347041999244,0.03890121395599271,0.0005138013633588955,1.5450191256960313e-08,4.609468757831063,4.32778
8.372712606303152,0.41074191892484385,0.21754816864219625,0.19533408418408543,0.08772810734074589,0.0901514363257679,0.038889550474454825,0.0005138013633588955,1.5450191256960313e-08,4.609468757831063,4.32778
8.377952101050525,0.41084325713547776,0.21741033605304086,0.19552495508807807,0.08774144356659244,0.0901823464952779,0.03887100534733196,0.0005138013633588955,1.5450191256960313e-08,4.609468757831063,4.32778
8.3831915957979,0.41092883413064846,0.2172886222964696,0.19571565872003502,0.0877530846465591,0.09022385852989737,0.03885076131395532,0.0005138013633588955,1.5450191256960313e-08,4.609468757831063,4.32778
8.388431090545273,0.411014411125819,0.21716690853989848,0.1959063623519919,0.08776472572652579,0.09026537056451682,0.038830517280578666,0.0005138013633588955,1.5450191256960313e-08,4.609468757831063,4.32778
8.393670585292647,0.41109998812098963,0.2170451947833273,0.19609706598394883,0.08777636680649248,0.09030688259913627,0.03881027324720202,0.0005138013633588955,1.5450191256960313e-08,4.609468757831063,4.32778
8.39891008004002,0.4111855651161603,0.2169234810267561,0.19628776961590572,0.08778800788645917,0.09034839463375574,0.03879002921382537,0.0005138013633588955,1.5450191256960313e-08,4.609468757831063,4.32778
8.404149574787395,0.41127114211133087,0.2168017672701849,0.1964784732478627,0.08779964896642585,0.0903899066683752,0.03876978518044872,0.0005138013633588955,1.5450191256960313e-08,4.609468757831063,4.32778
8.409389069534768,0.41135671910650157,0.21668005351361372,0.1966691768798196,0.08781129004639254,0.09043141870299466,0.038749541147072075,0.0005138013633588955,1.5450191256960313e-08,4.609468757831063,4.32778
8.414628564282141,0.4114422961016722,0.21655833975704256,0.1968598805117765,0.08782293112635922,0.09047293073761412,0.03872929711369544,0.0005138013633588955,1.5450191256960313e-08,4.609468757831063,4.32778
8.419868059029515,0.4115278730968428,0.2164366260004714,0.1970505841437334,0.08783457220632591,0.09051444277223356,0.03870905308031879,0.0005138013633588955,1.5450191256960313e-08,4.609468757831063,4.32778
8.42510755377689,0.41161345009201344,0.21631491224390018,0.19724128777569033,0.0878462132862926,0.09055595480685304,0.03868880904694214,0.0005138013633588955,1.5450191256960313e-08,4.609468757831063,4.32778
8.430347048524263,0.41168398580500387,0.21619851560934392,0.1973935408906359,0.08785728476301752,0.09063342088543765,0.03865672926454564,0.0005138013633588955,1.5450191256960313e-08,4.609468757831063,4.32778
8.435586543271636,0.41175032731430933,0.21608360163381102,0.19753507222679947,0.08786819740806925,0.09072091261089715,0.03862134912905707,0.0005138013633588955,1.5450191256960313e-08,4.609468757831063,4.32778
8.44082603801901,0.41181666882361484,0.21596868765827812,0.19767660356296302,0.08787911005312099,0.09080840433635665,0.0385859689935685,0.0005138013633588955,1.5450191256960313e-08,4.609468757831063,4.32778
8.446065532766383,0.41188301033292024,0.21585377368274522,0.19781813489912653,0.08789002269817271,0.09089589606181615,0.03855058885807994,0.0005138013633588955,1.5450191256960313e-08,4.609468757831063,4.32778
8.451305027513758,0.411949351842226,0.2157388597072123,0.19795966623529015,0.08790093534322446,0.09098338778727567,0.03851520872259135,0.0005138013633588955,1.5450191256960313e-08,4.609468757831063,4.32778
8.456544522261131,0.41201569335153143,0.2156239457316794,0.19810119757145372,0.08791184798827618,0.09107087951273518,0.03847982858710279,0.0005138013633588955,1.5450191256960313e-08,4.609468757831063,4.32778
8.461784017008505,0.4120820348608369,0.21550903175614652,0.19824272890761727,0.08792276063332792,0.09115837123819467,0.03844444845161422,0.0005138013633588955,1.5450191256960313e-08,4.609468757831063,4.32778
8.467023511755878,0.41214837637014234,0.21539411778061365,0.19838426024378086,0.08793367327837966,0.09124586296365417,0.038409068316125644,0.0005138013633588955,1.5450191256960313e-08,4.609468757831063,4.32778
8.472263006503253,0.4122147178794479,0.2152792038050807,0.1985257915799444,0.0879445859234314,0.0913333546891137,0.03837368818063707,0.0005138013633588955,1.5450191256960313e-08,4.609468757831063,4.32778
8.477502501250626,0.4122810593887534,0.2151642898295478,0.19866732291610797,0.08795549856848314,0.0914208464145732,0.0383383080451485,0.0005138013633588955,1.5450191256960313e-08,4.609468757831063,4.32778
8.482741995998,0.41231547370725086,0.21510571621594132,0.19879570921537734,0.08795560820332685,0.09144869927718087,0.03830914951386568,0.0005138013633588955,1.5450191256960313e-08,4.609468757831063,4.32778
8.487981490745373,0.4123399107786208,0.21506474896543679,0.1989199876906173,0.08795234189748051,0.0914579149951474,0.03828193523389716,0.0005138013633588955,1.5450191256960313e-08,4.609468757831063,4.32778
8.493220985492746,0.4123643478499906,0.21502378171493228,0.19904426616585727,0.08794907559163422,0.09146713071311391,0.038254720953928636,0.0005138013633588955,1.5450191256960313e-08,4.609468757831063,4.32778
8.498460480240121,0.41238878492136055,0.21498281446442777,0.1991685446410973,0.0879458092857879,0.09147634643108041,0.038227506673960104,0.0005138013633588955,1.5450191256960313e-08,4.609468757831063,4.32778
8.503699974987494,0.41241322199273045,0.2149418472139232,0.19929282311633725,0.08794254297994157,0.09148556214904692,0.03820029239399158,0.0005138013633588955,1.5450191256960313e-08,4.609468757831063,4.32778
8.508939469734868,0.4124376590641004,0.2149008799634187,0.19941710159157727,0.08793927667409526,0.09149477786701342,0.038173078114023054,0.0005138013633588955,1.5450191256960313e-08,4.609468757831063,4.32778
8.514178964482241,0.4124620961354702,0.2148599127129142,0.19954138006681718,0.08793601036824893,0.09150399358497995,0.03814586383405452,0.0005138013633588955,1.5450191256960313e-08,4.609468757831063,4.32778
8.519418459229616,0.41248653320684014,0.21481894546240965,0.1996656585420572,0.08793274406240263,0.09151320930294646,0.038118649554086,0.0005138013633588955,1.5450191256960313e-08,4.609468757831063,4.32778
8.52465795397699,0.4125109702782102,0.21477797821190514,0.19978993701729716,0.08792947775655631,0.09152242502091296,0.03809143527411748,0.0005138013633588955,1.5450191256960313e-08,4.609468757831063,4.32778
8.529897448724363,0.41253540734958,0.2147370109614006,0.1999142154925371,0.08792621145070999,0.09153164073887947,0.038064220994148946,0.0005138013633588955,1.5450191256960313e-08,4.609468757831063,4.32778
8.535136943471736,0.4125187920357265,0.21468180019996932,0.2000270381973269,0.08791495947515411,0.0916026976139427,0.03803729672670542,0.0005138013633588955,1.5450191256960313e-08,4.609468757831063,4.32778
8.540376438219111,0.4124878916013393,0.2146216330816953,0.2001358746036155,0.08790092870236822,0.091695273540293,0.038010473375782415,0.0005138013633588955,1.5450191256960313e-08,4.609468757831063,4.32778
8.545615932966484,0.41245699116695206,0.21456146596342127,0.20024471100990404,0.08788689792958233,0.09178784946664326,0.03798365002485941,0.0005138013633588955,1.5450191256960313e-08,4.609468757831063,4.32778
8.550855427713858,0.4124260907325647,0.21450129884514724,0.20035354741619257,0.08787286715679643,0.09188042539299353,0.0379568266739364,0.0005138013633588955,1.5450191256960313e-08,4.609468757831063,4.32778
8.55609492246123,0.4123951902981775,0.2144411317268732,0.2004623838224811,0.08785883638401057,0.0919730013193438,0.037930003323013405,0.0005138013633588955,1.5450191256960313e-08,4.609468757831063,4.32778
8.561334417208604,0.4123642898637902,0.21438096460859918,0.20057122022876964,0.08784480561122467,0.09206557724569406,0.037903179972090396,0.0005138013633588955,1.5450191256960313e-08,4.609468757831063,4.32778
8.56657391195598,0.41233338942940295,0.21432079749032515,0.20068005663505822,0.08783077483843879,0.09215815317204436,0.03787635662116738,0.0005138013633588955,1.5450191256960313e-08,4.609468757831063,4.32778
8.571813406703352,0.4123024889950156,0.21426063037205112,0.20078889304134676,0.08781674406565292,0.09225072909839462,0.03784953327024437,0.0005138013633588955,1.5450191256960313e-08,4.609468757831063,4.32778
8.577052901450726,0.41227158856062857,0.2142004632537771,0.2008977294476353,0.08780271329286701,0.09234330502474489,0.03782270991932137,0.0005138013633588955,1.5450191256960313e-08,4.609468757831063,4.32778
8.582292396198099,0.4122406881262412,0.21414029613550306,0.20100656585392382,0.08778868252008111,0.09243588095109515,0.03779588656839837,0.0005138013633588955,1.5450191256960313e-08,4.609468757831063,4.32778
8.587531890945474,0.41218051591433114,0.21409192494968204,0.2010962119190653,0.08776580315960562,0.09250498092970197,0.03776428303631541,0.0005138013633588955,1.5450191256960313e-08,4.609468757831063,4.32778
8.592771385692847,0.41210906187150104,0.21404810011282732,0.2011784617068896,0.08773951340595806,0.09256503288678267,0.03773083714274372,0.0005138013633588955,1.5450191256960313e-08,4.609468757831063,4.32778
8.59801088044022,0.41203760782867094,0.21400427527597263,0.2012607114947139,0.08771322365231053,0.09262508484386335,0.03769739124917205,0.0005138013633588955,1.5450191256960313e-08,4.609468757831063,4.32778
8.603250375187594,0.41196615378584084,0.2139604504391179,0.20134296128253817,0.08768693389866299,0.09268513680094403,0.03766394535560037,0.0005138013633588955,1.5450191256960313e-08,4.609468757831063,4.32778
8.608489869934967,0.4118946997430108,0.21391662560226316,0.20142521107036243,0.08766064414501545,0.09274518875802472,0.0376304994620287,0.0005138013633588955,1.5450191256960313e-08,4.609468757831063,4.32778
8.613729364682342,0.4118232457001807,0.21387280076540843,0.2015074608581868,0.08763435439136791,0.09280524071510542,0.03759705356845701,0.0005138013633588955,1.5450191256960313e-08,4.609468757831063,4.32778
8.618968859429716,0.41175179165735054,0.2138289759285537,0.20158971064601106,0.08760806463772038,0.09286529267218611,0.037563607674885334,0.0005138013633588955,1.5450191256960313e-08,4.609468757831063,4.32778
8.624208354177089,0.41168033761452044,0.213785151091699,0.2016719604338354,0.08758177488407283,0.0929253446292668,0.037530161781313645,0.0005138013633588955,1.5450191256960313e-08,4.609468757831063,4.32778
8.629447848924462,0.41160888357169034,0.21374132625484427,0.20175421022165965,0.08755548513042528,0.09298539658634748,0.03749671588774197,0.0005138013633588955,1.5450191256960313e-08,4.609468757831063,4.32778
8.634687343671837,0.41153742952886024,0.21369750141798952,0.20183646000948402,0.08752919537677772,0.0930454485434282,0.03746326999417028,0.0005138013633588955,1.5450191256960313e-08,4.609468757831063,4.32778
8.63992683841921,0.4114404988416036,0.2136986035305767,0.20190740632847368,0.08750483080640753,0.09307979573809182,0.03742334473081554,0.0005138013633588955,1.5450191256960313e-08,4.609468757831063,4.32778
8.645166333166584,0.41133274058046587,0.21371879959667675,0.20197354867320869,0.08748128443893019,0.0931032184087282,0.03738066573530299,0.0005138013633588955,1.5450191256960313e-08,4.609468757831063,4.32778
8.650405827913957,0.4112249823193282,0.21373899566277677,0.20203969101794364,0.08745773807145285,0.09312664107936461,0.03733798673979045,0.0005138013633588955,1.5450191256960313e-08,4.609468757831063,4.32778
8.65564532266133,0.4111172240581904,0.21375919172887675,0.20210583336267862,0.08743419170397553,0.093150063750001,0.037295307744277896,0.0005138013633588955,1.5450191256960313e-08,4.609468757831063,4.32778
8.660884817408705,0.41100946579705266,0.21377938779497677,0.20217197570741366,0.08741064533649817,0.0931734864206374,0.037252628748765344,0.0005138013633588955,1.5450191256960313e-08,4.609468757831063,4.32778
8.666124312156079,0.41090170753591493,0.21379958386107678,0.2022381180521486,0.08738709896902082,0.09319690909127379,0.037209949753252786,0.0005138013633588955,1.5450191256960313e-08,4.609468757831063,4.32778
8.671363806903452,0.41079394927477725,0.2138197799271768,0.20230426039688362,0.0873635526015435,0.09322033176191018,0.037167270757740234,0.0005138013633588955,1.5450191256960313e-08,4.609468757831063,4.32778
8.676603301650825,0.41068619101363946,0.2138399759932768,0.2023704027416186,0.08734000623406615,0.09324375443254658,0.03712459176222769,0.0005138013633588955,1.5450191256960313e-08,4.609468757831063,4.32778
8.6818427963982,0.4105784327525017,0.2138601720593768,0.20243654508635356,0.08731645986658883,0.09326717710318298,0.037081912766715124,0.0005138013633588955,1.5450191256960313e-08,4.609468757831063,4.32778
8.687082291145574,0.41047067449136404,0.21388036812547684,0.2025026874310886,0.08729291349911147,0.09329059977381936,0.03703923377120258,0.0005138013633588955,1.5450191256960313e-08,4.609468757831063,4.32778
8.692321785892947,0.4103458678371812,0.21395024599015616,0.20253996878066222,0.08726254258371018,0.09332207275188291,0.03699691171496479,0.0005138013633588955,1.5450191256960313e-08,4.609468757831063,4.32778
8.69756128064032,0.41021310108771636,0.21404332087108388,0.20256377459205382,0.08722898520659435,0.09335730451319366,0.036954756317873684,0.0005138013633588955,1.5450191256960313e-08,4.609468757831063,4.32778
8.702800775387695,0.4100803343382514,0.21413639575201168,0.20258758040344546,0.08719542782947855,0.09339253627450443,0.036912600920782565,0.0005138013633588955,1.5450191256960313e-08,4.609468757831063,4.32778
8.708040270135069,0.40994756758878664,0.21422947063293943,0.20261138621483712,0.0871618704523627,0.09342776803581519,0.03687044552369146,0.0005138013633588955,1.5450191256960313e-08,4.609468757831063,4.32778
8.713279764882442,0.4098148008393218,0.2143225455138672,0.2026351920262287,0.08712831307524689,0.09346299979712595,0.03682829012660035,0.0005138013633588955,1.5450191256960313e-08,4.609468757831063,4.32778
8.718519259629815,0.409682034089857,0.21441562039479492,0.20265899783762037,0.08709475569813108,0.09349823155843671,0.03678613472950924,0.0005138013633588955,1.5450191256960313e-08,4.609468757831063,4.32778
8.723758754377188,0.40954926734039215,0.21450869527572267,0.202682803649012,0.08706119832101528,0.09353346331974748,0.03674397933241813,0.0005138013633588955,1.5450191256960313e-08,4.609468757831063,4.32778
8.728998249124563,0.40941650059092727,0.21460177015665047,0.20270660946040364,0.08702764094389946,0.09356869508105825,0.036701823935327005,0.0005138013633588955,1.5450191256960313e-08,4.609468757831063,4.32778
8.734237743871937,0.4092837338414625,0.2146948450375782,0.2027304152717953,0.08699408356678363,0.09360392684236901,0.0366596685382359,0.0005138013633588955,1.5450191256960313e-08,4.609468757831063,4.32778
8.73947723861931,0.4091509670919976,0.21478791991850596,0.20275422108318691,0.08696052618966782,0.09363915860367977,0.036617513141144795,0.0005138013633588955,1.5450191256960313e-08,4.609468757831063,4.32778
8.744716733366683,0.40898258896876455,0.2148544566342938,0.20276669952430987,0.08692380125275145,0.09370745808856044,0.03658168846233055,0.0005138013633588955,1.5450191256960313e-08,4.609468757831063,4.32778
8.749956228114058,0.4087960004839453,0.21490742269745328,0.2027733855601819,0.08688545654093704,0.09379266720481214,0.036549101082635156,0.0005138013633588955,1.5450191256960313e-08,4.609468757831063,4.32778
8.755195722861432,0.40860941199912615,0.21496038876061274,0.20278007159605382,0.08684711182912264,0.09387787632106381,0.03651651370293977,0.0005138013633588955,1.5450191256960313e-08,4.609468757831063,4.32778
8.760435217608805,0.40842282351430687,0.21501335482377223,0.2027867576319258,0.08680876711730824,0.09396308543731548,0.03648392632324439,0.0005138013633588955,1.5450191256960313e-08,4.609468757831063,4.32778
8.765674712356178,0.4082362350294877,0.2150663208869317,0.20279344366779772,0.08677042240549385,0.09404829455356714,0.036451338943548996,0.0005138013633588955,1.5450191256960313e-08,4.609468757831063,4.32778
8.770914207103552,0.4080496465446686,0.21511928695009114,0.20280012970366976,0.08673207769367944,0.09413350366981882,0.036418751563853616,0.0005138013633588955,1.5450191256960313e-08,4.609468757831063,4.32778
8.776153701850927,0.4078630580598493,0.21517225301325063,0.20280681573954168,0.08669373298186503,0.09421871278607052,0.03638616418415821,0.0005138013633588955,1.5450191256960313e-08,4.609468757831063,4.32778
8.7813931965983,0.4076764695750301,0.21522521907641012,0.20281350177541366,0.08665538827005065,0.09430392190232219,0.03635357680446283,0.0005138013633588955,1.5450191256960313e-08,4.609468757831063,4.32778
8.786632691345673,0.40748988109021095,0.2152781851395696,0.2028201878112856,0.08661704355823624,0.09438913101857385,0.03632098942476744,0.0005138013633588955,1.5450191256960313e-08,4.609468757831063,4.32778
8.791872186093046,0.4073032926053918,0.21533115120272903,0.20282687384715758,0.08657869884642183,0.09447434013482553,0.03628840204507205,0.0005138013633588955,1.5450191256960313e-08,4.609468757831063,4.32778
8.797111680840421,0.4071316533802201,0.21540351832252416,0.20281284269546396,0.08653607031134912,0.09451651929993163,0.03625134848698303,0.0005138013633588955,1.5450191256960313e-08,4.609468757831063,4.32778
8.802351175587795,0.4069683647180545,0.2154867227512993,0.2027872390522787,0.08649104885937822,0.09453466220326502,0.03621180014955697,0.0005138013633588955,1.5450191256960313e-08,4.609468757831063,4.32778
8.807590670335168,0.406805076055889,0.21556992718007445,0.20276163540909337,0.08644602740740732,0.09455280510659841,0.036172251812130886,0.0005138013633588955,1.5450191256960313e-08,4.609468757831063,4.32778
8.812830165082541,0.40664178739372353,0.2156531316088496,0.20273603176590807,0.08640100595543641,0.0945709480099318,0.03613270347470481,0.0005138013633588955,1.5450191256960313e-08,4.609468757831063,4.32778
8.818069659829915,0.40647849873155806,0.21573633603762477,0.20271042812272283,0.08635598450346552,0.09458909091326519,0.036093155137278746,0.0005138013633588955,1.5450191256960313e-08,4.609468757831063,4.32778
8.82330915457729,0.40631521006939253,0.21581954046639995,0.2026848244795375,0.08631096305149459,0.09460723381659858,0.03605360679985266,0.0005138013633588955,1.5450191256960313e-08,4.609468757831063,4.32778
8.828548649324663,0.406151921407227,0.21590274489517508,0.20265922083635216,0.0862659415995237,0.09462537671993196,0.03601405846242658,0.0005138013633588955,1.5450191256960313e-08,4.609468757831063,4.32778
8.833788144072036,0.4059886327450615,0.21598594932395024,0.20263361719316686,0.0862209201475528,0.09464351962326535,0.03597451012500051,0.0005138013633588955,1.5450191256960313e-08,4.609468757831063,4.32778
8.83902763881941,0.405825344082896,0.21606915375272537,0.20260801354998156,0.08617589869558188,0.09466166252659874,0.03593496178757444,0.0005138013633588955,1.5450191256960313e-08,4.609468757831063,4.32778
8.844267133566785,0.40566205542073047,0.21615235818150055,0.20258240990679624,0.08613087724361097,0.09467980542993212,0.03589541345014836,0.0005138013633588955,1.5450191256960313e-08,4.609468757831063,4.32778
8.849506628314158,0.4054652772735585,0.21623829831408722,0.20254784086049188,0.08607594128229343,0.09474552683775588,0.03586292022620947,0.0005138013633588955,1.5450191256960313e-08,4.609468757831063,4.32778
8.854746123061531,0.40524810835124153,0.21632590413730104,0.2025078130405143,0.08601496866407535,0.09484021741565234,0.03583472265604703,0.0005138013633588955,1.5450191256960313e-08,4.609468757831063,4.32778
8.859985617808904,0.4050309394289246,0.21641350996051484,0.20246778522053666,0.08595399604585724,0.09493490799354881,0.035806525085884604,0.0005138013633588955,1.5450191256960313e-08,4.609468757831063,4.32778
8.86522511255628,0.40481377050660744,0.2165011157837287,0.20242775740055902,0.08589302342763912,0.09502959857144531,0.035778327515722165,0.0005138013633588955,1.5450191256960313e-08,4.609468757831063,4.32778
8.870464607303653,0.40459660158429045,0.2165887216069425,0.2023877295805814,0.08583205080942101,0.09512428914934178,0.03575012994555975,0.0005138013633588955,1.5450191256960313e-08,4.609468757831063,4.32778
8.875704102051026,0.40437943266197346,0.21667632743015633,0.20234770176060377,0.08577107819120293,0.09521897972723825,0.03572193237539731,0.0005138013633588955,1.5450191256960313e-08,4.609468757831063,4.32778
8.8809435967984,0.4041622637396565,0.21676393325337012,0.20230767394062618,0.08571010557298482,0.09531367030513473,0.035693734805234884,0.0005138013633588955,1.5450191256960313e-08,4.609468757831063,4.32778
8.886183091545773,0.4039450948173395,0.21685153907658397,0.20226764612064854,0.08564913295476673,0.09540836088303119,0.03566553723507246,0.0005138013633588955,1.5450191256960313e-08,4.609468757831063,4.32778
8.891422586293148,0.40372792589502254,0.21693914489979782,0.2022276183006709,0.08558816033654862,0.09550305146092768,0.03563733966491002,0.0005138013633588955,1.5450191256960313e-08,4.609468757831063,4.32778
8.896662081040521,0.40351075697270544,0.21702675072301164,0.20218759048069326,0.08552718771833051,0.09559774203882415,0.03560914209474759,0.0005138013633588955,1.5450191256960313e-08,4.609468757831063,4.32778
8.901901575787894,0.4032815069575453,0.21715542070828367,0.20215133988722897,0.08546335525866877,0.09568734184798755,0.03557131489059446,0.0005138013633588955,1.5450191256960313e-08,4.609468757831063,4.32778
8.907141070535268,0.4030442532183765,0.21731129570091925,0.20211759170632979,0.08539762815405058,0.09577356902286531,0.03552710805392247,0.0005138013633588955,1.5450191256960313e-08,4.609468757831063,4.32778
8.912380565282643,0.40280699947920745,0.21746717069355492,0.20208384352543055,0.0853319010494324,0.0958597961977431,0.03548290121725048,0.0005138013633588955,1.5450191256960313e-08,4.609468757831063,4.32778
8.917620060030016,0.4025697457400387,0.2176230456861905,0.20205009534453136,0.08526617394481426,0.09594602337262084,0.0354386943805785,0.0005138013633588955,1.5450191256960313e-08,4.609468757831063,4.32778
8.92285955477739,0.4023324920008698,0.21777892067882612,0.20201634716363212,0.08520044684019609,0.0960322505474986,0.035394487543906526,0.0005138013633588955,1.5450191256960313e-08,4.609468757831063,4.32778
8.928099049524763,0.4020952382617009,0.2179347956714617,0.2019825989827329,0.08513471973557793,0.09611847772237635,0.035350280707234547,0.0005138013633588955,1.5450191256960313e-08,4.609468757831063,4.32778
8.933338544272136,0.401857984522532,0.21809067066409732,0.2019488508018337,0.08506899263095977,0.0962047048972541,0.03530607387056257,0.0005138013633588955,1.5450191256960313e-08,4.609468757831063,4.32778
8.93857803901951,0.40162073078336313,0.21824654565673296,0.20191510262093448,0.08500326552634159,0.0962909320721319,0.03526186703389057,0.0005138013633588955,1.5450191256960313e-08,4.609468757831063,4.32778
8.943817533766884,0.40138347704419436,0.21840242064936857,0.20188135444003527,0.08493753842172343,0.09637715924700964,0.035217660197218593,0.0005138013633588955,1.5450191256960313e-08,4.609468757831063,4.32778
8.949057028514257,0.4011462233050255,0.21855829564200419,0.201847606259136,0.08487181131710528,0.0964633864218874,0.03517345336054662,0.0005138013633588955,1.5450191256960313e-08,4.609468757831063,4.32778
8.95429652326163,0.40091345501500103,0.21870484015626707,0.20179200474798156,0.08480061144181168,0.09654764239719711,0.0351308016630836,0.0005138013633588955,1.5450191256960313e-08,4.609468757831063,4.32778
8.959536018009006,0.400683915475007,0.21884466833480493,0.20172067260685875,0.08472547211521292,0.09663047944867986,0.03508926939772356,0.0005138013633588955,1.5450191256960313e-08,4.609468757831063,4.32778
8.964775512756379,0.40045437593501315,0.21898449651334267,0.201649340465736,0.0846503327886142,0.0967133165001626,0.035047737132363525,0.0005138013633588955,1.5450191256960313e-08,4.609468757831063,4.32778
8.970015007503752,0.40022483639501927,0.21912432469188048,0.2015780083246132,0.08457519346201545,0.09679615355164531,0.0350062048670035,0.0005138013633588955,1.5450191256960313e-08,4.609468757831063,4.32778
8.975254502251126,0.3999952968550254,0.21926415287041826,0.20150667618349044,0.08450005413541672,0.09687899060312803,0.03496467260164349,0.0005138013633588955,1.5450191256960313e-08,4.609468757831063,4.32778
8.980493996998499,0.39976575731503144,0.219403981048956,0.2014353440423677,0.084424914808818,0.09696182765461074,0.03492314033628346,0.0005138013633588955,1.5450191256960313e-08,4.609468757831063,4.32778
8.985733491745874,0.3995362177750375,0.21954380922749386,0.20136401190124492,0.08434977548221924,0.09704466470609352,0.034881608070923414,0.0005138013633588955,1.5450191256960313e-08,4.609468757831063,4.32778
8.990972986493247,0.39930667823504357,0.2196836374060316,0.20129267976012216,0.08427463615562049,0.09712750175757624,0.03484007580556339,0.0005138013633588955,1.5450191256960313e-08,4.609468757831063,4.32778
8.99621248124062,0.39907713869504974,0.21982346558456942,0.20122134761899943,0.08419949682902175,0.09721033880905895,0.03479854354020337,0.0005138013633588955,1.5450191256960313e-08,4.609468757831063,4.32778
9.001451975987994,0.3988475991550558,0.21996329376310716,0.2011500154778767,0.08412435750242302,0.09729317586054169,0.03475701127484334,0.0005138013633588955,1.5450191256960313e-08,4.609468757831063,4.32778
9.006691470735369,0.39860240218999893,0.22011826863120137,0.20106793380910362,0.08405073680247027,0.09738235509358117,0.03471584991941513,0.0005138013633588955,1.5450191256960313e-08,4.609468757831063,4.32778
9.011930965482742,0.39834497286161163,0.2202850768505114,0.20097745407185388,0.08397830252958476,0.09747648915596181,0.03467497833737117,0.0005138013633588955,1.5450191256960313e-08,4.609468757831063,4.32778
9.017170460230115,0.39808754353322434,0.22045188506982144,0.20088697433460415,0.08390586825669923,0.09757062321834244,0.034634106755327194,0.0005138013633588955,1.5450191256960313e-08,4.609468757831063,4.32778
9.022409954977489,0.3978301142048372,0.22061869328913145,0.20079649459735438,0.08383343398381371,0.0976647572807231,0.034593235173283235,0.0005138013633588955,1.5450191256960313e-08,4.609468757831063,4.32778
9.027649449724864,0.3975726848764498,0.22078550150844153,0.2007060148601046,0.08376099971092817,0.09775889134310377,0.03455236359123926,0.0005138013633588955,1.5450191256960313e-08,4.609468757831063,4.32778
9.032888944472235,0.3973152555480626,0.22095230972775157,0.2006155351228548,0.08368856543804264,0.09785302540548442,0.0345114920091953,0.0005138013633588955,1.5450191256960313e-08,4.609468757831063,4.32778
9.03812843921961,0.3970578262196753,0.2211191179470616,0.20052505538560506,0.08361613116515709,0.09794715946786506,0.03447062042715133,0.0005138013633588955,1.5450191256960313e-08,4.609468757831063,4.32778
9.043367933966984,0.396800396891288,0.22128592616637163,0.20043457564835532,0.08354369689227159,0.09804129353024571,0.03442974884510736,0.0005138013633588955,1.5450191256960313e-08,4.609468757831063,4.32778
9.048607428714355,0.39654296756290086,0.22145273438568167,0.20034409591110555,0.08347126261938605,0.09813542759262636,0.0343888772630634,0.0005138013633588955,1.5450191256960313e-08,4.609468757831063,4.32778
9.053846923461732,0.39628553823451346,0.22161954260499175,0.20025361617385576,0.0833988283465005,0.09822956165500704,0.034348005681019436,0.0005138013633588955,1.5450191256960313e-08,4.609468757831063,4.32778
9.059086418209104,0.39601735601203747,0.22179492050415636,0.2001662522967075,0.08332405361499011,0.09836525747033788,0.03430498894244874,0.0005138013633588955,1.5450191256960313e-08,4.609468757831063,4.32778
9.06432591295648,0.39574006369873593,0.22197755882653114,0.20008152824547873,0.08324729599492255,0.09853616532636267,0.034260154779598456,0.0005138013633588955,1.5450191256960313e-08,4.609468757831063,4.32778
9.069565407703852,0.3954627713854346,0.2221601971489059,0.19999680419424987,0.08317053837485498,0.09870707318238743,0.03421532061674817,0.0005138013633588955,1.5450191256960313e-08,4.609468757831063,4.32778
9.074804902451229,0.3951854790721331,0.22234283547128073,0.19991208014302098,0.08309378075478739,0.09887798103841229,0.03417048645389787,0.0005138013633588955,1.5450191256960313e-08,4.609468757831063,4.32778
9.0800443971986,0.39490818675883166,0.22252547379365548,0.19982735609179214,0.08301702313471983,0.09904888889443704,0.03412565229104758,0.0005138013633588955,1.5450191256960313e-08,4.609468757831063,4.32778
9.085283891945974,0.39463089444553023,0.22270811211603023,0.19974263204056328,0.08294026551465228,0.09921979675046182,0.034080818128197306,0.0005138013633588955,1.5450191256960313e-08,4.609468757831063,4.32778
9.090523386693349,0.394353602132229,0.22289075043840498,0.19965790798933447,0.08286350789458471,0.0993907046064866,0.034035983965347016,0.0005138013633588955,1.5450191256960313e-08,4.609468757831063,4.32778
9.09576288144072,0.39407630981892744,0.22307338876077973,0.1995731839381056,0.08278675027451715,0.09956161246251134,0.03399114980249672,0.0005138013633588955,1.5450191256960313e-08,4.609468757831063,4.32778
9.101002376188095,0.3937990175056259,0.22325602708315456,0.19948845988687672,0.08270999265444956,0.0997325203185362,0.033946315639646424,0.0005138013633588955,1.5450191256960313e-08,4.609468757831063,4.32778
9.106241870935468,0.3935217251923246,0.22343866540552934,0.19940373583564786,0.082633235034382,0.09990342817456097,0.03390148147679614,0.0005138013633588955,1.5450191256960313e-08,4.609468757831063,4.32778
9.111481365682842,0.3932466494107449,0.22360331865820188,0.19930893164723004,0.08255672654612319,0.10005552698911672,0.03386113628300085,0.0005138013633588955,1.5450191256960313e-08,4.609468757831063,4.32778
9.116720860430217,0.3929736090020446,0.2237514567747536,0.19920487117898972,0.08248044682793876,0.10019035403963121,0.033824913171366634,0.0005138013633588955,1.5450191256960313e-08,4.609468757831063,4.32778
9.12196035517759,0.39270056859334407,0.2238995948913054,0.19910081071074928,0.0824041671097543,0.10032518109014575,0.03378869005973241,0.0005138013633588955,1.5450191256960313e-08,4.609468757831063,4.32778
9.127199849924963,0.39242752818464366,0.22404773300785716,0.1989967502425089,0.08232788739156986,0.10046000814066024,0.03375246694809819,0.0005138013633588955,1.5450191256960313e-08,4.609468757831063,4.32778
9.132439344672337,0.3921544877759434,0.22419587112440892,0.19889268977426855,0.08225160767338545,0.10059483519117474,0.03371624383646398,0.0005138013633588955,1.5450191256960313e-08,4.609468757831063,4.32778
9.13767883941971,0.39188144736724284,0.22434400924096065,0.19878862930602814,0.08217532795520102,0.10072966224168924,0.03368002072482977,0.0005138013633588955,1.5450191256960313e-08,4.609468757831063,4.32778
9.142918334167083,0.3916084069585425,0.2244921473575124,0.19868456883778782,0.08209904823701658,0.10086448929220372,0.033643797613195546,0.0005138013633588955,1.5450191256960313e-08,4.609468757831063,4.32778
9.148157828914458,0.39133536654984197,0.2246402854740642,0.19858050836954738,0.08202276851883213,0.10099931634271828,0.03360757450156132,0.0005138013633588955,1.5450191256960313e-08,4.609468757831063,4.32778
9.153397323661832,0.39106232614114156,0.22478842359061593,0.19847644790130706,0.08194648880064771,0.10113414339323276,0.03357135138992711,0.0005138013633588955,1.5450191256960313e-08,4.609468757831063,4.32778
9.158636818409205,0.39078928573244115,0.22493656170716772,0.19837238743306668,0.08187020908246329,0.10126897044374726,0.03353512827829289,0.0005138013633588955,1.5450191256960313e-08,4.609468757831063,4.32778
9.163876313156578,0.3905027152858672,0.22507055226416797,0.19826724610259375,0.0817889648517618,0.10138695254055091,0.033496515406042045,0.0005138013633588955,1.5450191256960313e-08,4.609468757831063,4.32778
9.169115807903951,0.39020268245160894,0.22519046599941459,0.19816102931419938,0.08170278093110585,0.10148817390841229,0.033455524721977624,0.0005138013633588955,1.5450191256960313e-08,4.609468757831063,4.32778
9.174355302651326,0.3899026496173508,0.22531037973466117,0.19805481252580504,0.08161659701044992,0.10158939527627364,0.03341453403791323,0.0005138013633588955,1.5450191256960313e-08,4.609468757831063,4.32778
9.1795947973987,0.3896026167830927,0.22543029346990773,0.1979485957374107,0.08153041308979399,0.10169061664413498,0.03337354335384883,0.0005138013633588955,1.5450191256960313e-08,4.609468757831063,4.32778
9.184834292146071,0.3893025839488346,0.2255502072051543,0.19784237894901635,0.08144422916913806,0.10179183801199633,0.033332552669784424,0.0005138013633588955,1.5450191256960313e-08,4.609468757831063,4.32778
9.190073786893448,0.3890025511145764,0.22567012094040093,0.19773616216062198,0.08135804524848209,0.10189305937985771,0.03329156198572001,0.0005138013633588955,1.5450191256960313e-08,4.609468757831063,4.32778
9.19531328164082,0.38870251828031827,0.2257900346756475,0.19762994537222767,0.08127186132782617,0.10199428074771905,0.03325057130165562,0.0005138013633588955,1.5450191256960313e-08,4.609468757831063,4.32778
9.200552776388196,0.38840248544606015,0.22590994841089404,0.1975237285838333,0.08118567740717023,0.1020955021155804,0.03320958061759122,0.0005138013633588955,1.5450191256960313e-08,4.609468757831063,4.32778
9.205792271135568,0.388102452611802,0.22602986214614063,0.19741751179543895,0.08109949348651428,0.10219672348344173,0.03316858993352682,0.0005138013633588955,1.5450191256960313e-08,4.609468757831063,4.32778
9.21103176588294,0.38780241977754387,0.22614977588138718,0.19731129500704464,0.08101330956585835,0.10229794485130309,0.03312759924946242,0.0005138013633588955,1.5450191256960313e-08,4.609468757831063,4.32778
9.216271260630316,0.38751276663127987,0.22628299649764033,0.1971990498489172,0.08092798815028869,0.10239457948266258,0.03308830828769354,6.661328151748598e-06,1.5450191256960313e-08,4.609468757831063,4.32778
9.22151075537769,0.3872343040861347,0.22643056359497846,0.19708030535467144,0.08084359662301518,0.10248626903873091,0.03305084983902453,6.661328151748598e-06,1.5450191256960313e-08,4.609468757831063,4.32778
9.226750250125065,0.3869558415409895,0.22657813069231658,0.19696156086042563,0.08075920509574169,0.10257795859479925,0.03301339139035553,6.661328151748598e-06,1.5450191256960313e-08,4.609468757831063,4.32778
9.231989744872436,0.3866773789958443,0.2267256977896548,0.19684281636617987,0.08067481356846819,0.1026696481508676,0.03297593294168653,6.661328151748598e-06,1.5450191256960313e-08,4.609468757831063,4.32778
9.237229239619811,0.3863989164506991,0.22687326488699297,0.196724071871934,0.08059042204119467,0.10276133770693598,0.03293847449301751,6.661328151748598e-06,1.5450191256960313e-08,4.609468757831063,4.32778
9.242468734367185,0.3861204539055538,0.2270208319843312,0.1966053273776882,0.08050603051392116,0.10285302726300433,0.032901016044348516,6.661328151748598e-06,1.5450191256960313e-08,4.609468757831063,4.32778
9.247708229114558,0.3858419913604087,0.22716839908166936,0.19648658288344248,0.08042163898664768,0.10294471681907268,0.032863557595679514,6.661328151748598e-06,1.5450191256960313e-08,4.609468757831063,4.32778
9.252947723861933,0.3855635288152635,0.22731596617900746,0.19636783838919666,0.08033724745937418,0.10303640637514104,0.032826099147010505,6.661328151748598e-06,1.5450191256960313e-08,4.609468757831063,4.32778
9.258187218609304,0.3852850662701183,0.22746353327634566,0.19624909389495085,0.08025285593210069,0.1031280959312094,0.03278864069834151,6.661328151748598e-06,1.5450191256960313e-08,4.609468757831063,4.32778
9.26342671335668,0.38500660372497314,0.22761110037368384,0.196130349400705,0.08016846440482714,0.10321978548727778,0.032751182249672495,6.661328151748598e-06,1.5450191256960313e-08,4.609468757831063,4.32778
9.268666208104053,0.3847317350023188,0.22776397584929722,0.1960119930606961,0.08009103934525989,0.10330842973885057,0.032711685532481216,6.661328151748598e-06,1.5450191256960313e-08,4.609468757831063,4.32778
9.273905702851426,0.3844610655831184,0.22792305404952554,0.19589409027047494,0.08002175445176242,0.10339351561832252,0.03266980714283183,6.661328151748598e-06,1.5450191256960313e-08,4.609468757831063,4.32778
9.2791451975988,0.38419039616391804,0.22808213224975385,0.19577618748025383,0.07995246955826493,0.10347860149779453,0.032627928753182454,6.661328151748598e-06,1.5450191256960313e-08,4.609468757831063,4.32778
9.284384692346174,0.3839197267447176,0.2282412104499822,0.1956582846900326,0.07988318466476742,0.10356368737726654,0.03258605036353306,6.661328151748598e-06,1.5450191256960313e-08,4.609468757831063,4.32778
9.289624187093548,0.3836490573255171,0.22840028865021053,0.19554038189981138,0.07981389977126993,0.10364877325673853,0.032544171973883686,6.661328151748598e-06,1.5450191256960313e-08,4.609468757831063,4.32778
9.29486368184092,0.3833783879063167,0.22855936685043887,0.1954224791095902,0.07974461487777244,0.10373385913621053,0.0325022935842343,6.661328151748598e-06,1.5450191256960313e-08,4.609468757831063,4.32778
9.300103176588294,0.38310771848711633,0.22871844505066716,0.195304576319369,0.07967532998427496,0.10381894501568248,0.032460415194584924,6.661328151748598e-06,1.5450191256960313e-08,4.609468757831063,4.32778
9.30534267133567,0.3828370490679159,0.22887752325089555,0.19518667352914779,0.07960604509077746,0.10390403089515453,0.032418536804935526,6.661328151748598e-06,1.5450191256960313e-08,4.609468757831063,4.32778
9.310582166083044,0.3825663796487155,0.22903660145112387,0.19506877073892662,0.07953676019727995,0.10398911677462648,0.03237665841528615,6.661328151748598e-06,1.5450191256960313e-08,4.609468757831063,4.32778
9.315821660830416,0.38229571022951514,0.2291956796513522,0.1949508679487054,0.07946747530378247,0.10407420265409849,0.03233478002563677,6.661328151748598e-06,1.5450191256960313e-08,4.609468757831063,4.32778
9.32106115557779,0.382025819440867,0.22938710076306013,0.19483523883641674,0.07939452452510777,0.10415506711439186,0.032296186996620665,6.661328151748598e-06,1.5450191256960313e-08,4.609468757831063,4.32778
9.326300650325162,0.3817569152125212,0.22961950181374513,0.19472249057741745,0.07931692890328239,0.10423058284470325,0.03226175666886148,6.661328151748598e-06,1.5450191256960313e-08,4.609468757831063,4.32778
9.331540145072536,0.381488010984175,0.2298519028644302,0.19460974231841818,0.07923933328145698,0.10430609857501466,0.0322273263411023,6.661328151748598e-06,1.5450191256960313e-08,4.609468757831063,4.32778
9.33677963981991,0.3812191067558291,0.2300843039151152,0.1944969940594189,0.0791617376596316,0.10438161430532605,0.032192896013343124,6.661328151748598e-06,1.5450191256960313e-08,4.609468757831063,4.32778
9.342019134567284,0.3809502025274831,0.23031670496580015,0.19438424580041963,0.07908414203780621,0.10445713003563743,0.03215846568558394,6.661328151748598e-06,1.5450191256960313e-08,4.609468757831063,4.32778
9.347258629314656,0.3806812982991371,0.23054910601648515,0.1942714975414204,0.0790065464159808,0.1045326457659488,0.032124035357824765,6.661328151748598e-06,1.5450191256960313e-08,4.609468757831063,4.32778
9.352498124062032,0.3804123940707911,0.2307815070671702,0.19415874928242108,0.0789289507941554,0.10460816149626025,0.032089605030065575,6.661328151748598e-06,1.5450191256960313e-08,4.609468757831063,4.32778
9.357737618809406,0.380143489842445,0.23101390811785522,0.19404600102342184,0.07885135517233001,0.10468367722657163,0.0320551747023064,6.661328151748598e-06,1.5450191256960313e-08,4.609468757831063,4.32778
9.36297711355678,0.37987458561409915,0.23124630916854022,0.19393325276442255,0.07877375955050463,0.10475919295688299,0.03202074437454722,6.661328151748598e-06,1.5450191256960313e-08,4.609468757831063,4.32778
9.368216608304152,0.3796056813857531,0.2314787102192252,0.1938205045054233,0.07869616392867924,0.1048347086871944,0.03198631404678805,6.661328151748598e-06,1.5450191256960313e-08,4.609468757831063,4.32778
9.373456103051526,0.3793290055220983,0.2316992043388167,0.1937065354602836,0.07862064027060184,0.10492688882153575,0.031951513257644455,6.661328151748598e-06,1.5450191256960313e-08,4.609468757831063,4.32778
9.3786955977989,0.3790416436598937,0.23190332642815487,0.19359088783420073,0.0785479655626779,0.10504198251141836,0.031916203084097296,6.661328151748598e-06,1.5450191256960313e-08,4.609468757831063,4.32778
9.383935092546274,0.37875428179768916,0.23210744851749296,0.19347524020811793,0.07847529085475397,0.10515707620130094,0.03188089291055015,6.661328151748598e-06,1.5450191256960313e-08,4.609468757831063,4.32778
9.389174587293647,0.3784669199354846,0.23231157060683097,0.1933595925820351,0.07840261614683004,0.10527216989118349,0.031845582737003,6.661328151748598e-06,1.5450191256960313e-08,4.609468757831063,4.32778
9.39441408204102,0.3781795580732802,0.2325156926961691,0.19324394495595232,0.07832994143890612,0.10538726358106605,0.031810272563455845,6.661328151748598e-06,1.5450191256960313e-08,4.609468757831063,4.32778
9.399653576788396,0.3778921962110755,0.2327198147855072,0.19312829732986941,0.07825726673098217,0.10550235727094867,0.03177496238990869,6.661328151748598e-06,1.5450191256960313e-08,4.609468757831063,4.32778
9.404893071535769,0.37760483434887093,0.23292393687484522,0.19301264970378668,0.07818459202305825,0.10561745096083124,0.03173965221636153,6.661328151748598e-06,1.5450191256960313e-08,4.609468757831063,4.32778
9.410132566283142,0.3773174724866665,0.23312805896418334,0.19289700207770383,0.07811191731513431,0.1057325446507138,0.03170434204281439,6.661328151748598e-06,1.5450191256960313e-08,4.609468757831063,4.32778
9.415372061030515,0.37703011062446196,0.2333321810535214,0.19278135445162103,0.07803924260721039,0.10584763834059638,0.03166903186926724,6.661328151748598e-06,1.5450191256960313e-08,4.609468757831063,4.32778
9.420611555777889,0.37674274876225744,0.2335363031428595,0.1926657068255382,0.07796656789928647,0.10596273203047896,0.031633721695720096,6.661328151748598e-06,1.5450191256960313e-08,4.609468757831063,4.32778
9.425851050525264,0.3764687653369525,0.233771884047779,0.19254714741909873,0.07789703045937114,0.10608533873831444,0.03159729989712539,6.661328151748598e-06,1.5450191256960313e-08,4.609468757831063,4.32778
9.431090545272635,0.3762147659517666,0.23405445655847304,0.19242423854075158,0.07783217931354369,0.10621916801671709,0.03155921760861592,6.661328151748598e-06,1.5450191256960313e-08,4.609468757831063,4.32778
9.43633004002001,0.3759607665665806,0.2343370290691671,0.19230132966240443,0.07776732816771627,0.10635299729511972,0.031521135320106454,6.661328151748598e-06,1.5450191256960313e-08,4.609468757831063,4.32778
9.441569534767384,0.3757067671813948,0.23461960157986117,0.19217842078405725,0.07770247702188884,0.10648682657352235,0.03148305303159698,6.661328151748598e-06,1.5450191256960313e-08,4.609468757831063,4.32778
9.44680902951476,0.3754527677962088,0.2349021740905554,0.1920555119057101,0.07763762587606138,0.10662065585192503,0.0314449707430875,6.661328151748598e-06,1.5450191256960313e-08,4.609468757831063,4.32778
9.452048524262132,0.3751987684110228,0.23518474660124944,0.19193260302736295,0.07757277473023395,0.10675448513032765,0.03140688845457803,6.661328151748598e-06,1.5450191256960313e-08,4.609468757831063,4.32778
9.457288019009503,0.37494476902583684,0.23546731911194346,0.19180969414901575,0.07750792358440652,0.10688831440873027,0.03136880616606856,6.661328151748598e-06,1.5450191256960313e-08,4.609468757831063,4.32778
9.46252751375688,0.37469076964065096,0.23574989162263757,0.1916867852706686,0.07744307243857909,0.10702214368713293,0.03133072387755909,6.661328151748598e-06,1.5450191256960313e-08,4.609468757831063,4.32778
9.467767008504254,0.37443677025546496,0.2360324641333317,0.19156387639232134,0.07737822129275161,0.1071559729655356,0.03129264158904961,6.661328151748598e-06,1.5450191256960313e-08,4.609468757831063,4.32778
9.473006503251629,0.37418277087027896,0.23631503664402578,0.1914409675139742,0.07731337014692419,0.10728980224393823,0.03125455930054014,6.661328151748598e-06,1.5450191256960313e-08,4.609468757831063,4.32778
9.478245997999,0.37391395839680325,0.23659987257815096,0.19130966367586208,0.0772469606754607,0.10741534841826962,0.03122037815320563,6.661328151748598e-06,1.5450191256960313e-08,4.609468757831063,4.32778
9.483485492746372,0.3736210746548565,0.23688838657535152,0.19116471802813187,0.07717801892483868,0.10752743454848526,0.031192536360280413,6.661328151748598e-06,1.5450191256960313e-08,4.609468757831063,4.32778
9.488724987493748,0.37332819091290975,0.2371769005725521,0.19101977238040166,0.07710907717421665,0.1076395206787009,0.031164694567355204,6.661328151748598e-06,1.5450191256960313e-08,4.609468757831063,4.32778
9.493964482241122,0.37303530717096284,0.23746541456975284,0.19087482673267148,0.07704013542359461,0.10775160680891657,0.03113685277442999,6.661328151748598e-06,1.5450191256960313e-08,4.609468757831063,4.32778
9.499203976988497,0.37274242342901615,0.2377539285669534,0.19072988108494127,0.07697119367297259,0.10786369293913219,0.031109010981504773,6.661328151748598e-06,1.5450191256960313e-08,4.609468757831063,4.32778
9.504443471735868,0.3724495396870694,0.238042442564154,0.19058493543721106,0.07690225192235056,0.10797577906934784,0.03108116918857956,6.661328151748598e-06,1.5450191256960313e-08,4.609468757831063,4.32778
9.509682966483242,0.3721566559451226,0.2383309565613546,0.19043998978948085,0.07683331017172856,0.10808786519956348,0.031053327395654348,6.661328151748598e-06,1.5450191256960313e-08,4.609468757831063,4.32778
9.514922461230617,0.37186377220317574,0.23861947055855529,0.1902950441417506,0.0767643684211065,0.10819995132977915,0.031025485602729122,6.661328151748598e-06,1.5450191256960313e-08,4.609468757831063,4.32778
9.52016195597799,0.371570888461229,0.23890798455575588,0.19015009849402045,0.07669542667048447,0.10831203745999478,0.030997643809803906,6.661328151748598e-06,1.5450191256960313e-08,4.609468757831063,4.32778
9.525401450725363,0.37127800471928235,0.2391964985529565,0.19000515284629022,0.07662648491986246,0.10842412359021042,0.030969802016878697,6.661328151748598e-06,1.5450191256960313e-08,4.609468757831063,4.32778
9.530640945472737,0.3709888850043299,0.2394847254443363,0.18985892853154962,0.07655689692895395,0.10852671870653198,0.030941215958842375,6.661328151748598e-06,1.5450191256960313e-08,4.609468757831063,4.32778
9.53588044022011,0.3707064307538466,0.23977244391915864,0.1897104399106448,0.0764861645542048,0.10861250681908291,0.030911311931338437,6.661328151748598e-06,1.5450191256960313e-08,4.609468757831063,4.32778
9.541119934967483,0.3704239765033632,0.24006016239398092,0.1895619512897399,0.07641543217945566,0.10869829493163384,0.0308814079038345,6.661328151748598e-06,1.5450191256960313e-08,4.609468757831063,4.32778
9.546359429714858,0.3701415222528799,0.24034788086880324,0.1894134626688351,0.07634469980470653,0.1087840830441847,0.030851503876330566,6.661328151748598e-06,1.5450191256960313e-08,4.609468757831063,4.32778
9.551598924462231,0.36985906800239665,0.2406355993436255,0.18926497404793027,0.07627396742995737,0.10886987115673562,0.030821599848826643,6.661328151748598e-06,1.5450191256960313e-08,4.609468757831063,4.32778
9.556838419209605,0.36957661375191336,0.24092331781844775,0.1891164854270255,0.07620323505520825,0.1089556592692865,0.03079169582132271,6.661328151748598e-06,1.5450191256960313e-08,4.609468757831063,4.32778
9.56207791395698,0.36929415950142996,0.24121103629327015,0.18896799680612061,0.07613250268045908,0.10904144738183746,0.030761791793818768,6.661328151748598e-06,1.5450191256960313e-08,4.609468757831063,4.32778
9.567317408704351,0.3690117052509467,0.24149875476809238,0.18881950818521578,0.07606177030570996,0.10912723549438832,0.03073188776631484,6.661328151748598e-06,1.5450191256960313e-08,4.609468757831063,4.32778
9.572556903451726,0.36872925100046333,0.24178647324291466,0.18867101956431095,0.07599103793096083,0.10921302360693921,0.0307019837388109,6.661328151748598e-06,1.5450191256960313e-08,4.609468757831063,4.32778
9.5777963981991,0.36844679674998015,0.24207419171773692,0.18852253094340618,0.07592030555621168,0.10929881171949012,0.030672079711306973,6.661328151748598e-06,1.5450191256960313e-08,4.609468757831063,4.32778
9.583035892946471,0.36815802474367637,0.24234471665938986,0.18837503822971755,0.07584980908203294,0.10939559495270423,0.03064187070719156,6.661328151748598e-06,1.5450191256960313e-08,4.609468757831063,4.32778
9.588275387693848,0.36785703531251385,0.24258199234204636,0.18822947142483681,0.07577976879792775,0.10951364080896574,0.03061107193212891,6.661328151748598e-06,1.5450191256960313e-08,4.609468757831063,4.32778
9.59351488244122,0.36755604588135143,0.24281926802470277,0.1880839046199561,0.07570972851382259,0.1096316866652272,0.030580273157066275,6.661328151748598e-06,1.5450191256960313e-08,4.609468757831063,4.32778
9.598754377188596,0.36725505645018897,0.24305654370735916,0.18793833781507543,0.07563968822971744,0.10974973252148865,0.030549474382003637,6.661328151748598e-06,1.5450191256960313e-08,4.609468757831063,4.32778
9.603993871935968,0.36695406701902655,0.24329381939001554,0.18779277101019468,0.07556964794561229,0.10986777837775014,0.030518675606941006,6.661328151748598e-06,1.5450191256960313e-08,4.609468757831063,4.32778
9.609233366683345,0.3666530775878639,0.2435310950726721,0.18764720420531394,0.07549960766150712,0.10998582423401161,0.030487876831878362,6.661328151748598e-06,1.5450191256960313e-08,4.609468757831063,4.32778
9.614472861430716,0.36635208815670145,0.24376837075532845,0.18750163740043324,0.07542956737740196,0.11010387009027306,0.03045707805681573,6.661328151748598e-06,1.5450191256960313e-08,4.609468757831063,4.32778
9.61971235617809,0.3660510987255391,0.2440056464379849,0.18735607059555248,0.07535952709329681,0.11022191594653455,0.030426279281753087,6.661328151748598e-06,1.5450191256960313e-08,4.609468757831063,4.32778
9.624951850925465,0.36575010929437657,0.2442429221206413,0.18721050379067178,0.07528948680919166,0.110339961802796,0.03039548050669045,6.661328151748598e-06,1.5450191256960313e-08,4.609468757831063,4.32778
9.630191345672838,0.365449119863214,0.2444801978032978,0.18706493698579102,0.07521944652508648,0.1104580076590575,0.030364681731627804,6.661328151748598e-06,1.5450191256960313e-08,4.609468757831063,4.32778
9.635430840420211,0.365136781982395,0.24472192569587142,0.1869128800491452,0.07514758914077821,0.1105704395494625,0.030337482377908384,6.661328151748598e-06,1.5450191256960313e-08,4.609468757831063,4.32778
9.640670335167584,0.3648004173058189,0.24497307975162935,0.1867470822866528,0.07507188461463365,0.11067098562153076,0.030317903674064044,6.661328151748598e-06,1.5450191256960313e-08,4.609468757831063,4.32778
9.645909829914958,0.36446405262924286,0.24522423380738725,0.18658128452416042,0.07499618008848911,0.11077153169359905,0.03029832497021969,6.661328151748598e-06,1.5450191256960313e-08,4.609468757831063,4.32778
9.651149324662333,0.36412768795266665,0.24547538786314513,0.18641548676166803,0.07492047556234457,0.11087207776566733,0.030278746266375348,6.661328151748598e-06,1.5450191256960313e-08,4.609468757831063,4.32778
9.656388819409706,0.3637913232760905,0.24572654191890314,0.1862496889991756,0.07484477103619999,0.11097262383773564,0.030259167562530994,6.661328151748598e-06,1.5450191256960313e-08,4.609468757831063,4.32778
9.66162831415708,0.3634549585995144,0.24597769597466107,0.18608389123668323,0.07476906651005545,0.11107316990980395,0.03023958885868665,6.661328151748598e-06,1.5450191256960313e-08,4.609468757831063,4.32778
9.666867808904453,0.3631185939229382,0.24622885003041892,0.18591809347419083,0.0746933619839109,0.11117371598187219,0.030220010154842304,6.661328151748598e-06,1.5450191256960313e-08,4.609468757831063,4.32778
9.672107303651826,0.36278222924636216,0.24648000408617685,0.1857522957116985,0.07461765745776636,0.1112742620539405,0.03020043145099796,6.661328151748598e-06,1.5450191256960313e-08,4.609468757831063,4.32778
9.6773467983992,0.36244586456978595,0.24673115814193486,0.18558649794920604,0.07454195293162177,0.11137480812600879,0.030180852747153604,6.661328151748598e-06,1.5450191256960313e-08,4.609468757831063,4.32778
9.682586293146574,0.3621094998932098,0.2469823121976927,0.1854207001867137,0.07446624840547723,0.11147535419807711,0.030161274043309257,6.661328151748598e-06,1.5450191256960313e-08,4.609468757831063,4.32778
9.687825787893948,0.36177281065080774,0.2472167779235248,0.185244894430352,0.07438793143442009,0.11157275562301384,0.030140245291591445,6.661328151748598e-06,1.5450191256960313e-08,4.609468757831063,4.32778
9.69306528264132,0.36143536679286037,0.24741244328227946,0.1850458200882443,0.07430354052894111,0.11166284574336971,0.03011584517856782,6.661328151748598e-06,1.5450191256960313e-08,4.609468757831063,4.32778
9.698304777388694,0.36109792293491305,0.24760810864103408,0.1848467457461366,0.07421914962346216,0.11175293586372559,0.030091445065544207,6.661328151748598e-06,1.5450191256960313e-08,4.609468757831063,4.32778
9.70354427213607,0.3607604790769656,0.24780377399978876,0.18464767140402882,0.07413475871798315,0.11184302598408147,0.030067044952520574,6.661328151748598e-06,1.5450191256960313e-08,4.609468757831063,4.32778
9.708783766883442,0.3604230352190182,0.2479994393585434,0.18444859706192113,0.07405036781250421,0.11193311610443735,0.030042644839496955,6.661328151748598e-06,1.5450191256960313e-08,4.609468757831063,4.32778
9.714023261630816,0.3600855913610708,0.24819510471729805,0.18424952271981343,0.07396597690702525,0.11202320622479321,0.03001824472647333,6.661328151748598e-06,1.5450191256960313e-08,4.609468757831063,4.32778
9.719262756378187,0.3597481475031234,0.24839077007605265,0.18405044837770568,0.07388158600154628,0.11211329634514912,0.029993844613449713,6.661328151748598e-06,1.5450191256960313e-08,4.609468757831063,4.32778
9.724502251125564,0.359410703645176,0.24858643543480735,0.18385137403559795,0.07379719509606729,0.11220338646550497,0.029969444500426084,6.661328151748598e-06,1.5450191256960313e-08,4.609468757831063,4.32778
9.729741745872936,0.3590732597872286,0.24878210079356197,0.18365229969349026,0.07371280419058833,0.11229347658586086,0.029945044387402465,6.661328151748598e-06,1.5450191256960313e-08,4.609468757831063,4.32778
9.73498124062031,0.3587358159292813,0.24897776615231662,0.18345322535138248,0.07362841328510937,0.11238356670621671,0.029920644274378842,6.661328151748598e-06,1.5450191256960313e-08,4.609468757831063,4.32778
9.740220735367684,0.35839596702855764,0.2491765981810751,0.183242785434057,0.0735438841847198,0.11246143385659298,0.029894642193276658,6.661328151748598e-06,1.5450191256960313e-08,4.609468757831063,4.32778
9.745460230115055,0.35804995520571986,0.24938354480171837,0.18300322123023613,0.07345900095987185,0.11250797964639649,0.02986453506897313,6.661328151748598e-06,1.5450191256960313e-08,4.609468757831063,4.32778
9.750699724862432,0.35770394338288186,0.2495904914223618,0.18276365702641512,0.07337411773502386,0.11255452543619998,0.0298344279446696,6.661328151748598e-06,1.5450191256960313e-08,4.609468757831063,4.32778
9.755939219609806,0.3573579315600441,0.24979743804300514,0.18252409282259424,0.07328923451017588,0.11260107122600349,0.02980432082036608,6.661328151748598e-06,1.5450191256960313e-08,4.609468757831063,4.32778
9.76117871435718,0.3570119197372063,0.2500043846636484,0.1822845286187733,0.07320435128532791,0.112647617015807,0.029774213696062552,6.661328151748598e-06,1.5450191256960313e-08,4.609468757831063,4.32778
9.766418209104552,0.3566659079143685,0.25021133128429174,0.18204496441495244,0.07311946806047996,0.11269416280561051,0.029744106571759032,6.661328151748598e-06,1.5450191256960313e-08,4.609468757831063,4.32778
9.771657703851927,0.3563198960915305,0.2504182779049351,0.18180540021113142,0.07303458483563198,0.112740708595414,0.029713999447455494,6.661328151748598e-06,1.5450191256960313e-08,4.609468757831063,4.32778
9.7768971985993,0.35597388426869275,0.25062522452557845,0.18156583600731055,0.07294970161078401,0.11278725438521751,0.029683892323151974,6.661328151748598e-06,1.5450191256960313e-08,4.609468757831063,4.32778
9.782136693346674,0.3556278724458549,0.25083217114622175,0.18132627180348956,0.07286481838593604,0.11283380017502102,0.02965378519884845,6.661328151748598e-06,1.5450191256960313e-08,4.609468757831063,4.32778
9.787376188094049,0.35528186062301703,0.25103911776686505,0.18108670759966872,0.07277993516108808,0.11288034596482452,0.02962367807454493,6.661328151748598e-06,1.5450191256960313e-08,4.609468757831063,4.32778
9.792615682841422,0.3549203591316068,0.2512488372459003,0.1808437317644273,0.07269399922804588,0.11293093157586993,0.02959468904110867,6.661328151748598e-06,1.5450191256960313e-08,4.609468757831063,4.32778
9.797855177588795,0.35451492059953477,0.2514664220444123,0.18059107870544538,0.07260507724772211,0.11299297629524575,0.029568871515420928,6.661328151748598e-06,1.5450191256960313e-08,4.609468757831063,4.32778
9.803094672336169,0.3541094820674628,0.25168400684292425,0.18033842564646338,0.07251615526739831,0.11305502101462159,0.0295430539897332,6.661328151748598e-06,1.5450191256960313e-08,4.609468757831063,4.32778
9.808334167083542,0.35370404353539076,0.2519015916414362,0.1800857725874815,0.07242723328707452,0.11311706573399737,0.029517236464045457,6.661328151748598e-06,1.5450191256960313e-08,4.609468757831063,4.32778
9.813573661830915,0.3532986050033187,0.2521191764399482,0.17983311952849954,0.07233831130675075,0.1131791104533732,0.029491418938357723,6.661328151748598e-06,1.5450191256960313e-08,4.609468757831063,4.32778
9.81881315657829,0.3528931664712466,0.25233676123846027,0.1795804664695175,0.07224938932642691,0.11324115517274903,0.029465601412669972,6.661328151748598e-06,1.5450191256960313e-08,4.609468757831063,4.32778
9.824052651325664,0.3524877279391746,0.25255434603697213,0.17932781341053558,0.07216046734610314,0.11330319989212484,0.02943978388698224,6.661328151748598e-06,1.5450191256960313e-08,4.609468757831063,4.32778
9.829292146073035,0.35208228940710257,0.2527719308354842,0.17907516035155363,0.07207154536577934,0.11336524461150063,0.0294139663612945,6.661328151748598e-06,1.5450191256960313e-08,4.609468757831063,4.32778
9.83453164082041,0.35167685087503053,0.25298951563399624,0.17882250729257168,0.07198262338545557,0.11342728933087647,0.02938814883560677,6.661328151748598e-06,1.5450191256960313e-08,4.609468757831063,4.32778
9.839771135567783,0.3512714123429584,0.2532071004325082,0.17856985423358968,0.07189370140513175,0.1134893340502523,0.029362331309919016,6.661328151748598e-06,1.5450191256960313e-08,4.609468757831063,4.32778
9.84501063031516,0.3508545568063894,0.2534265401385065,0.1783154082618054,0.07180343258946222,0.11356283933308957,0.029336507988899238,6.661328151748598e-06,1.5450191256960313e-08,4.609468757831063,4.32778
9.850250125062532,0.35040166634937686,0.25365183439625855,0.17805530340898862,0.0717089128247327,0.11367251701935205,0.02931066637636268,6.661328151748598e-06,1.5450191256960313e-08,4.609468757831063,4.32778
9.855489619809903,0.3499487758923643,0.2538771286540105,0.17779519855617185,0.07161439306000317,0.11378219470561451,0.029284824763826114,6.661328151748598e-06,1.5450191256960313e-08,4.609468757831063,4.32778
9.860729114557278,0.34949588543535176,0.2541024229117626,0.17753509370335513,0.07151987329527365,0.113891872391877,0.02925898315128956,6.661328151748598e-06,1.5450191256960313e-08,4.609468757831063,4.32778
9.865968609304652,0.34904299497833907,0.25432771716951463,0.1772749888505383,0.07142535353054409,0.1140015500781395,0.029233141538752994,6.661328151748598e-06,1.5450191256960313e-08,4.609468757831063,4.32778
9.871208104052029,0.34859010452132644,0.25455301142726666,0.17701488399772158,0.07133083376581457,0.11411122776440198,0.029207299926216426,6.661328151748598e-06,1.5450191256960313e-08,4.609468757831063,4.32778
9.8764475987994,0.3481372140643139,0.25477830568501875,0.1767547791449048,0.07123631400108503,0.11422090545066448,0.029181458313679867,6.661328151748598e-06,1.5450191256960313e-08,4.609468757831063,4.32778
9.881687093546772,0.34768432360730134,0.2550035999427707,0.17649467429208804,0.07114179423635553,0.11433058313692696,0.02915561670114331,6.661328151748598e-06,1.5450191256960313e-08,4.609468757831063,4.32778
9.886926588294148,0.3472314331502886,0.25522889420052286,0.17623456943927124,0.07104727447162595,0.11444026082318944,0.02912977508860674,6.661328151748598e-06,1.5450191256960313e-08,4.609468757831063,4.32778
9.892166083041522,0.3467785426932761,0.25545418845827483,0.1759744645864545,0.07095275470689645,0.11454993850945194,0.029103933476070182,6.661328151748598e-06,1.5450191256960313e-08,4.609468757831063,4.32778
9.897405577788897,0.34631477536086624,0.25566105256659133,0.17570952613092872,0.07085729990954383,0.11465106200522439,0.029077450007418463,6.661328151748598e-06,1.5450191256960313e-08,4.609468757831063,4.32778
9.902645072536268,0.34581256816199557,0.2558027828513345,0.17542750528401077,0.07075854062189826,0.11472195421415142,0.029048698160905235,6.661328151748598e-06,1.5450191256960313e-08,4.609468757831063,4.32778
9.907884567283643,0.34531036096312473,0.25594451313607774,0.17514548443709274,0.07065978133425264,0.11479284642307847,0.029019946314392003,6.661328151748598e-06,1.5450191256960313e-08,4.609468757831063,4.32778
9.913124062031017,0.34480815376425394,0.25608624342082104,0.1748634635901748,0.0705610220466071,0.11486373863200551,0.02899119446787878,6.661328151748598e-06,1.5450191256960313e-08,4.609468757831063,4.32778
9.91836355677839,0.34430594656538327,0.25622797370556416,0.17458144274325688,0.07046226275896152,0.11493463084093256,0.02896244262136555,6.661328151748598e-06,1.5450191256960313e-08,4.609468757831063,4.32778
9.923603051525763,0.34380373936651254,0.2563697039903074,0.1742994218963389,0.07036350347131594,0.1150055230498596,0.028933690774852326,6.661328151748598e-06,1.5450191256960313e-08,4.609468757831063,4.32778
9.928842546273136,0.34330153216764187,0.2565114342750506,0.17401740104942098,0.07026474418367037,0.11507641525878663,0.0289049389283391,6.661328151748598e-06,1.5450191256960313e-08,4.609468757831063,4.32778
9.934082041020512,0.342799324968771,0.2566531645597939,0.17373538020250295,0.07016598489602476,0.11514730746771369,0.028876187081825863,6.661328151748598e-06,1.5450191256960313e-08,4.609468757831063,4.32778
9.939321535767885,0.34229711776990035,0.2567948948445371,0.17345335935558498,0.07006722560837919,0.11521819967664074,0.02884743523531264,6.661328151748598e-06,1.5450191256960313e-08,4.609468757831063,4.32778
9.944561030515258,0.3417949105710296,0.2569366251292803,0.17317133850866706,0.06996846632073363,0.11528909188556777,0.02881868338879941,6.661328151748598e-06,1.5450191256960313e-08,4.609468757831063,4.32778
9.949800525262631,0.3412894737768836,0.2570605850847186,0.17288748421635397,0.06986872230395307,0.11534886566164808,0.028789802070589808,6.661328151748598e-06,1.5450191256960313e-08,4.609468757831063,4.32778
9.955040020010006,0.3407711589715775,0.25711368585205324,0.17259631906052755,0.06976505167974681,0.11536430468675204,0.028760404483990892,6.661328151748598e-06,1.5450191256960313e-08,4.609468757831063,4.32778
9.96027951475738,0.3402528441662714,0.25716678661938785,0.17230515390470127,0.06966138105554055,0.11537974371185597,0.028731006897391984,6.661328151748598e-06,1.5450191256960313e-08,4.609468757831063,4.32778
9.965519009504751,0.3397345293609653,0.25721988738672247,0.17201398874887497,0.06955771043133432,0.11539518273695994,0.028701609310793078,6.661328151748598e-06,1.5450191256960313e-08,4.609468757831063,4.32778
9.970758504252126,0.33921621455565937,0.2572729881540571,0.1717228235930487,0.0694540398071281,0.11541062176206385,0.02867221172419417,6.661328151748598e-06,1.5450191256960313e-08,4.609468757831063,4.32778
9.9759979989995,0.33869789975035325,0.25732608892139175,0.1714316584372224,0.06935036918292184,0.11542606078716783,0.028642814137595264,6.661328151748598e-06,1.5450191256960313e-08,4.609468757831063,4.32778
9.981237493746876,0.338179584945047,0.25737918968872636,0.171140493281396,0.06924669855871558,0.11544149981227177,0.02861341655099635,6.661328151748598e-06,1.5450191256960313e-08,4.609468757831063,4.32778
9.986476988494248,0.33766127013974095,0.257432290456061,0.17084932812556972,0.06914302793450933,0.11545693883737573,0.02858401896439744,6.661328151748598e-06,1.5450191256960313e-08,4.609468757831063,4.32778
9.99171648324162,0.33714295533443495,0.2574853912233956,0.1705581629697434,0.0690393573103031,0.11547237786247967,0.028554621377798534,6.661328151748598e-06,1.5450191256960313e-08,4.609468757831063,4.32778
9.996955977988994,0.3366246405291289,0.2575384919907302,0.17026699781391708,0.06893568668609687,0.11548781688758365,0.028525223791199626,6.661328151748598e-06,1.5450191256960313e-08,4.609468757831063,4.32778
10.00219547273637,0.33610488754793577,0.25756735637690253,0.169974197906269,0.06883300457137217,0.11548333137594916,0.028496047933419838,6.661328151748598e-06,1.5450191256960313e-08,4.609468757831063,4.32778
10.007434967483745,0.3355786028512568,0.2574861471986299,0.1696739735007641,0.06873481193720972,0.11538835525996108,0.02846787909402693,6.661328151748598e-06,1.5450191256960313e-08,4.609468757831063,4.32778
10.012674462231116,0.3350523181545777,0.25740493802035713,0.16937374909525918,0.06863661930304726,0.11529337914397292,0.028439710254634026,6.661328151748598e-06,1.5450191256960313e-08,4.609468757831063,4.32778
10.01791395697849,0.33452603345789866,0.25732372884208443,0.16907352468975428,0.06853842666888482,0.11519840302798487,0.028411541415241118,6.661328151748598e-06,1.5450191256960313e-08,4.609468757831063,4.32778
10.023153451725864,0.33399974876121963,0.25724251966381156,0.16877330028424942,0.06844023403472237,0.11510342691199676,0.028383372575848213,6.661328151748598e-06,1.5450191256960313e-08,4.609468757831063,4.32778
10.028392946473238,0.3334734640645403,0.2571613104855389,0.1684730758787444,0.06834204140055987,0.11500845079600863,0.0283552037364553,6.661328151748598e-06,1.5450191256960313e-08,4.609468757831063,4.32778
10.033632441220613,0.3329471793678613,0.25708010130726616,0.16817285147323952,0.06824384876639743,0.11491347468002056,0.028327034897062394,6.661328151748598e-06,1.5450191256960313e-08,4.609468757831063,4.32778
10.038871935967984,0.3324208946711823,0.25699889212899335,0.16787262706773462,0.06814565613223496,0.11481849856403245,0.02829886605766949,6.661328151748598e-06,1.5450191256960313e-08,4.609468757831063,4.32778
10.044111430715358,0.3318946099745032,0.25691768295072065,0.1675724026622297,0.0680474634980725,0.11472352244804437,0.02827069721827658,6.661328151748598e-06,1.5450191256960313e-08,4.609468757831063,4.32778
10.049350925462733,0.331368325277824,0.2568364737724479,0.16727217825672472,0.06794927086391002,0.11462854633205626,0.028242528378883667,6.661328151748598e-06,1.5450191256960313e-08,4.609468757831063,4.32778
10.054590420210106,0.33084229361546696,0.25673881117470343,0.16697277590829193,0.0678504335438986,0.11451555761218299,0.028212839146842424,6.661328151748598e-06,1.5450191256960313e-08,4.609468757831063,4.32778
10.05982991495748,0.33031758642963904,0.25655502520941137,0.16667767651484597,0.06774822169639642,0.11430828416884845,0.028175191609532538,6.661328151748598e-06,1.5450191256960313e-08,4.609468757831063,4.32778
10.065069409704853,0.3297928792438112,0.25637123924411936,0.16638257712140006,0.06764600984889427,0.11410101072551387,0.02813754407222265,6.661328151748598e-06,1.5450191256960313e-08,4.609468757831063,4.32778
10.070308904452228,0.3292681720579831,0.2561874532788273,0.166087477727954,0.06754379800139206,0.11389373728217925,0.02809989653491275,6.661328151748598e-06,1.5450191256960313e-08,4.609468757831063,4.32778
10.0755483991996,0.32874346487215517,0.25600366731353524,0.1657923783345081,0.06744158615388988,0.11368646383884468,0.02806224899760286,6.661328151748598e-06,1.5450191256960313e-08,4.609468757831063,4.32778
10.080787893946974,0.3282187576863273,0.25581988134824324,0.16549727894106217,0.06733937430638771,0.11347919039551013,0.028024601460292977,6.661328151748598e-06,1.5450191256960313e-08,4.609468757831063,4.32778
10.086027388694347,0.3276940505004994,0.25563609538295123,0.16520217954761626,0.06723716245888554,0.11327191695217556,0.02798695392298309,6.661328151748598e-06,1.5450191256960313e-08,4.609468757831063,4.32778
10.09126688344172,0.32716934331467157,0.25545230941765923,0.1649070801541703,0.06713495061138339,0.11306464350884102,0.027949306385673202,6.661328151748598e-06,1.5450191256960313e-08,4.609468757831063,4.32778
10.096506378189096,0.3266446361288435,0.25526852345236717,0.1646119807607243,0.06703273876388118,0.11285737006550635,0.027911658848363302,6.661328151748598e-06,1.5450191256960313e-08,4.609468757831063,4.32778
10.101745872936467,0.32611992894301556,0.2550847374870751,0.16431688136727834,0.066930526916379,0.11265009662217179,0.027874011311053413,6.661328151748598e-06,1.5450191256960313e-08,4.609468757831063,4.32778
10.106985367683842,0.3255936813994473,0.2548835870739243,0.1640233039164465,0.06682827701349386,0.1124427072280303,0.027837438675908776,6.661328151748598e-06,1.5450191256960313e-08,4.609468757831063,4.32778
10.112224862431216,0.32505799916471945,0.25457607941763855,0.16373904836412603,0.06672579402138806,0.11223460763519624,0.027807449816526286,6.661328151748598e-06,1.5450191256960313e-08,4.609468757831063,4.32778
10.11746435717859,0.32452231692999123,0.2542685717613526,0.1634547928118055,0.06662331102928223,0.11202650804236218,0.02777746095714378,6.661328151748598e-06,1.5450191256960313e-08,4.609468757831063,4.32778
10.122703851925964,0.32398663469526334,0.2539610641050669,0.16317053725948502,0.06652082803717642,0.11181840844952813,0.027747472097761287,6.661328151748598e-06,1.5450191256960313e-08,4.609468757831063,4.32778
10.127943346673336,0.3234509524605354,0.2536535564487811,0.16288628170716452,0.06641834504507062,0.1116103088566941,0.027717483238378793,6.661328151748598e-06,1.5450191256960313e-08,4.609468757831063,4.32778
10.13318284142071,0.32291527022580746,0.2533460487924953,0.1626020261548441,0.06631586205296482,0.11140220926386006,0.027687494378996303,6.661328151748598e-06,1.5450191256960313e-08,4.609468757831063,4.32778
10.138422336168084,0.3223795879910796,0.2530385411362096,0.16231777060252361,0.06621337906085902,0.11119410967102601,0.02765750551961381,6.661328151748598e-06,1.5450191256960313e-08,4.609468757831063,4.32778
10.14366183091546,0.3218439057563514,0.25273103347992376,0.16203351505020305,0.06611089606875317,0.11098601007819192,0.02762751666023131,6.661328151748598e-06,1.5450191256960313e-08,4.609468757831063,4.32778
10.148901325662832,0.3213082235216235,0.252423525823638,0.1617492594978826,0.06600841307664738,0.11077791048535789,0.02759752780084881,6.661328151748598e-06,1.5450191256960313e-08,4.609468757831063,4.32778
10.154140820410204,0.3207725412868956,0.25211601816735224,0.16146500394556212,0.06590593008454158,0.11056981089252385,0.027567538941466317,6.661328151748598e-06,1.5450191256960313e-08,4.609468757831063,4.32778
10.15938031515758,0.3202393965839221,0.2518082683929399,0.16117980083965056,0.06580349125956088,0.11036823041079682,0.027537713020493446,6.661328151748598e-06,1.5450191256960313e-08,4.609468757831063,4.32778
10.164619809904954,0.31972480758190225,0.25149874812972745,0.1608876687481037,0.06570137540668256,0.1102143209290398,0.027509078586640888,6.661328151748598e-06,1.5450191256960313e-08,4.609468757831063,4.32778
10.169859304652327,0.31921021857988263,0.2511892278665151,0.16059553665655696,0.06559925955380427,0.1100604114472828,0.027480444152788337,6.661328151748598e-06,1.5450191256960313e-08,4.609468757831063,4.32778
10.1750987993997,0.318695629577863,0.25087970760330264,0.16030340456501016,0.06549714370092599,0.10990650196552579,0.02745180971893579,6.661328151748598e-06,1.5450191256960313e-08,4.609468757831063,4.32778
10.180338294147074,0.3181810405758434,0.2505701873400903,0.1600112724734634,0.06539502784804771,0.1097525924837688,0.027423175285083243,6.661328151748598e-06,1.5450191256960313e-08,4.609468757831063,4.32778
10.185577788894449,0.3176664515738238,0.2502606670768779,0.15971914038191665,0.06529291199516941,0.10959868300201182,0.027394540851230696,6.661328151748598e-06,1.5450191256960313e-08,4.609468757831063,4.32778
10.190817283641822,0.31715186257180394,0.2499511468136654,0.1594270082903698,0.06519079614229109,0.10944477352025477,0.027365906417378138,6.661328151748598e-06,1.5450191256960313e-08,4.609468757831063,4.32778
10.196056778389195,0.3166372735697843,0.24964162655045297,0.15913487619882305,0.06508868028941281,0.10929086403849778,0.02733727198352559,6.661328151748598e-06,1.5450191256960313e-08,4.609468757831063,4.32778
10.201296273136569,0.3161226845677647,0.2493321062872406,0.1588427441072763,0.06498656443653451,0.10913695455674079,0.027308637549673043,6.661328151748598e-06,1.5450191256960313e-08,4.609468757831063,4.32778
10.206535767883942,0.3156080955657451,0.24902258602402821,0.15855061201572954,0.06488444858365623,0.10898304507498377,0.027280003115820493,6.661328151748598e-06,1.5450191256960313e-08,4.609468757831063,4.32778
10.211775262631315,0.31509425895093796,0.24871624060947606,0.15826095234131993,0.06478269211256274,0.10882818802814874,0.02725101604332443,6.661328151748598e-06,1.5450191256960313e-08,4.609468757831063,4.32778
10.21701475737869,0.3145871750113652,0.24843838946165067,0.15799348261071688,0.06468416109298807,0.10866482658473889,0.027218864039002918,6.661328151748598e-06,1.5450191256960313e-08,4.609468757831063,4.32778
10.222254252126064,0.3140800910717923,0.24816053831382523,0.15772601288011387,0.06458563007341339,0.10850146514132901,0.027186712034681405,6.661328151748598e-06,1.5450191256960313e-08,4.609468757831063,4.32778
10.227493746873437,0.3135730071322194,0.2478826871659998,0.15745854314951085,0.06448709905383873,0.10833810369791916,0.027154560030359893,6.661328151748598e-06,1.5450191256960313e-08,4.609468757831063,4.32778
10.232733241620812,0.3130659231926464,0.2476048360181743,0.15719107341890773,0.06438856803426403,0.10817474225450924,0.02712240802603837,6.661328151748598e-06,1.5450191256960313e-08,4.609468757831063,4.32778
10.237972736368183,0.31255883925307354,0.24732698487034882,0.1569236036883047,0.06429003701468936,0.10801138081109936,0.027090256021716858,6.661328151748598e-06,1.5450191256960313e-08,4.609468757831063,4.32778
10.243212231115558,0.3120517553135007,0.24704913372252338,0.15665613395770167,0.0641915059951147,0.10784801936768951,0.027058104017395345,6.661328151748598e-06,1.5450191256960313e-08,4.609468757831063,4.32778
10.248451725862932,0.31154467137392783,0.24677128257469794,0.15638866422709866,0.06409297497554002,0.10768465792427964,0.027025952013073833,6.661328151748598e-06,1.5450191256960313e-08,4.609468757831063,4.32778
10.253691220610303,0.311037587434355,0.2464934314268725,0.15612119449649564,0.06399444395596535,0.10752129648086978,0.02699380000875232,6.661328151748598e-06,1.5450191256960313e-08,4.609468757831063,4.32778
10.25893071535768,0.31053050349478195,0.24621558027904694,0.15585372476589252,0.06389591293639064,0.10735793503745987,0.026961648004430797,6.661328151748598e-06,1.5450191256960313e-08,4.609468757831063,4.32778
10.264170210105052,0.3100267859376244,0.24593360036219925,0.15558680729565186,0.0637980804642181,0.10719535683068623,0.02692980257120449,6.661328151748598e-06,1.5450191256960313e-08,4.609468757831063,4.32778
10.269409704852428,0.30956167657879247,0.24560426862562718,0.15532622356144196,0.06370825945756366,0.10704176136908448,0.026901473125226314,6.661328151748598e-06,1.5450191256960313e-08,4.609468757831063,4.32778
10.2746491995998,0.30909656721996054,0.24527493688905508,0.1550656398272321,0.06361843845090923,0.10688816590748272,0.026873143679248136,6.661328151748598e-06,1.5450191256960313e-08,4.609468757831063,4.32778
10.279888694347177,0.30863145786112844,0.24494560515248293,0.15480505609302211,0.06352861744425475,0.10673457044588092,0.02684481423326995,6.661328151748598e-06,1.5450191256960313e-08,4.609468757831063,4.32778
10.285128189094548,0.3081663485022965,0.24461627341591086,0.15454447235881225,0.06343879643760031,0.10658097498427917,0.026816484787291775,6.661328151748598e-06,1.5450191256960313e-08,4.609468757831063,4.32778
10.290367683841922,0.30770123914346453,0.2442869416793388,0.15428388862460238,0.06334897543094588,0.1064273795226774,0.0267881553413136,6.661328151748598e-06,1.5450191256960313e-08,4.609468757831063,4.32778
10.295607178589297,0.3072361297846326,0.2439576099427667,0.15402330489039248,0.06325915442429143,0.10627378406107565,0.026759825895335425,6.661328151748598e-06,1.5450191256960313e-08,4.609468757831063,4.32778
10.300846673336668,0.3067710204258007,0.24362827820619462,0.1537627211561826,0.06316933341763699,0.10612018859947388,0.02673149644935725,6.661328151748598e-06,1.5450191256960313e-08,4.609468757831063,4.32778
10.306086168084043,0.3063059110669686,0.24329894646962247,0.15350213742197263,0.06307951241098252,0.10596659313787207,0.02670316700337906,6.661328151748598e-06,1.5450191256960313e-08,4.609468757831063,4.32778
10.311325662831416,0.3058408017081366,0.2429696147330504,0.15324155368776277,0.06298969140432809,0.10581299767627031,0.026674837557400886,6.661328151748598e-06,1.5450191256960313e-08,4.609468757831063,4.32778
10.31656515757879,0.3053769820798289,0.24264015510021342,0.152982429849684,0.06290019266367185,0.10565654183246517,0.02664661176220398,6.661328151748598e-06,1.5450191256960313e-08,4.609468757831063,4.32778
10.321804652326165,0.3049333144909622,0.24230869708823824,0.1527461168886539,0.0628157293292376,0.10545539251673205,0.02662000551046444,6.661328151748598e-06,1.5450191256960313e-08,4.609468757831063,4.32778
10.327044147073538,0.3044896469020953,0.241977239076263,0.15250980392762364,0.06273126599480333,0.10525424320099888,0.02659339925872489,6.661328151748598e-06,1.5450191256960313e-08,4.609468757831063,4.32778
10.332283641820911,0.30404597931322863,0.24164578106428786,0.1522734909665935,0.06264680266036908,0.10505309388526575,0.026566793006985348,6.661328151748598e-06,1.5450191256960313e-08,4.609468757831063,4.32778
10.337523136568285,0.3036023117243619,0.24131432305231265,0.15203717800556338,0.06256233932593484,0.10485194456953263,0.026540186755245807,6.661328151748598e-06,1.5450191256960313e-08,4.609468757831063,4.32778
10.342762631315658,0.3031586441354952,0.2409828650403375,0.15180086504453325,0.062477875991500606,0.10465079525379951,0.026513580503506266,6.661328151748598e-06,1.5450191256960313e-08,4.609468757831063,4.32778
10.348002126063031,0.3027149765466285,0.24065140702836238,0.15156455208350308,0.062393412657066355,0.1044496459380664,0.026486974251766725,6.661328151748598e-06,1.5450191256960313e-08,4.609468757831063,4.32778
10.353241620810406,0.3022713089577616,0.24031994901638706,0.15132823912247287,0.06230894932263209,0.10424849662233321,0.026460368000027174,6.661328151748598e-06,1.5450191256960313e-08,4.609468757831063,4.32778
10.35848111555778,0.3018276413688949,0.23998849100441186,0.15109192616144274,0.06222448598819784,0.10404734730660008,0.026433761748287633,6.661328151748598e-06,1.5450191256960313e-08,4.609468757831063,4.32778
10.363720610305151,0.3013839737800282,0.23965703299243674,0.1508556132004126,0.0621400226537636,0.10384619799086699,0.026407155496548092,6.661328151748598e-06,1.5450191256960313e-08,4.609468757831063,4.32778
10.368960105052526,0.30094184561703946,0.23932805434364046,0.1506200200160299,0.062055870741649276,0.10364648535273532,0.026380709250212013,6.661328151748598e-06,1.5450191256960313e-08,4.609468757831063,4.32778
10.3741995997999,0.300536567461004,0.23905842545093975,0.15040165648514547,0.06197917350131798,0.10348116318468889,0.026358093133221325,6.661328151748598e-06,1.5450191256960313e-08,4.609468757831063,4.32778
10.379439094547276,0.3001312893049687,0.23878879655823912,0.15018329295426114,0.06190247626098671,0.10331584101664253,0.02633547701623064,6.661328151748598e-06,1.5450191256960313e-08,4.609468757831063,4.32778
10.384678589294648,0.2997260111489333,0.23851916766553843,0.1499649294233768,0.06182577902065543,0.10315051884859615,0.02631286089923996,6.661328151748598e-06,1.5450191256960313e-08,4.609468757831063,4.32778
10.38991808404202,0.2993207329928981,0.23824953877283778,0.14974656589249244,0.06174908178032416,0.10298519668054977,0.02629024478224928,6.661328151748598e-06,1.5450191256960313e-08,4.609468757831063,4.32778
10.395157578789396,0.2989154548368626,0.23797990988013704,0.14952820236160802,0.06167238453999286,0.10281987451250335,0.02626762866525859,6.661328151748598e-06,1.5450191256960313e-08,4.609468757831063,4.32778
10.40039707353677,0.2985101766808273,0.23771028098743643,0.14930983883072366,0.06159568729966158,0.10265455234445697,0.02624501254826791,6.661328151748598e-06,1.5450191256960313e-08,4.609468757831063,4.32778
10.405636568284145,0.298104898524792,0.23744065209473575,0.14909147529983932,0.061518990059330314,0.10248923017641057,0.026222396431277228,6.661328151748598e-06,1.5450191256960313e-08,4.609468757831063,4.32778
10.410876063031516,0.29769962036875663,0.2371710232020351,0.14887311176895499,0.06144229281899904,0.1023239080083642,0.026199780314286544,6.661328151748598e-06,1.5450191256960313e-08,4.609468757831063,4.32778
10.41611555777889,0.29729434221272133,0.23690139430933446,0.14865474823807065,0.06136559557866777,0.10215858584031784,0.026177164197295866,6.661328151748598e-06,1.5450191256960313e-08,4.609468757831063,4.32778
10.421355052526264,0.29688983867508867,0.23663327796923242,0.14843668522856557,0.061289060051026266,0.10199399039328678,0.026154537295101633,6.661328151748598e-06,1.5450191256960313e-08,4.609468757831063,4.32778
10.426594547273638,0.2965231946118897,0.23643908763739008,0.1482333102014766,0.06122042823109824,0.10186491343588339,0.026131383266084322,6.661328151748598e-06,1.5450191256960313e-08,4.609468757831063,4.32778
10.431834042021013,0.29615655054869083,0.23624489730554774,0.1480299351743876,0.06115179641117022,0.10173583647847995,0.026108229237067012,6.661328151748598e-06,1.5450191256960313e-08,4.609468757831063,4.32778
10.437073536768384,0.29578990648549186,0.2360507069737054,0.14782656014729859,0.061083164591242196,0.10160675952107655,0.0260850752080497,6.661328151748598e-06,1.5450191256960313e-08,4.609468757831063,4.32778
10.44231303151576,0.29542326242229283,0.23585651664186297,0.14762318512020953,0.06101453277131415,0.10147768256367305,0.02606192117903238,6.661328151748598e-06,1.5450191256960313e-08,4.609468757831063,4.32778
10.447552526263133,0.2950566183590939,0.23566232631002063,0.14741981009312055,0.06094590095138613,0.10134860560626964,0.02603876715001507,6.661328151748598e-06,1.5450191256960313e-08,4.609468757831063,4.32778
10.452792021010506,0.294689974295895,0.23546813597817828,0.14721643506603158,0.0608772691314581,0.10121952864886623,0.026015613120997757,6.661328151748598e-06,1.5450191256960313e-08,4.609468757831063,4.32778
10.45803151575788,0.2943233302326961,0.23527394564633594,0.14701306003894257,0.060808637311530085,0.10109045169146279,0.025992459091980447,6.661328151748598e-06,1.5450191256960313e-08,4.609468757831063,4.32778
10.463271010505252,0.29395668616949716,0.2350797553144936,0.1468096850118536,0.060740005491602064,0.10096137473405939,0.025969305062963136,6.661328151748598e-06,1.5450191256960313e-08,4.609468757831063,4.32778
10.468510505252627,0.2935900421062981,0.23488556498265117,0.14660630998476454,0.060671373671674016,0.1008322977766559,0.025946151033945816,6.661328151748598e-06,1.5450191256960313e-08,4.609468757831063,4.32778
10.47375,0.2932233980430992,0.23469137465080883,0.14640293495767553,0.060602741851745995,0.10070322081925248,0.025922997004928505,6.661328151748598e-06,1.5450191256960313e-08,4.609468757831063,4.32778
