r (A),g(r)_weighted_Cl-Cl,g(r)_weighted_K-Cl,g(r)_weighted_K-K,g(r)_weighted_K-Mg,g(r)_weighted_Mg-Cl,g(r)_weighted_Mg-Mg,S_i_K-Cl,S_i_Mg-Cl,Average_SCL,SCL_BC
0.0,0.0,0.0,0.0,0.0,0.0,0.0,1.0,1.0,2.9437194209603414,0
0.0052394947473736,0.0,0.0,0.0,0.0,0.0,0.0,1.0,1.0,2.9437194209603414,0
0.0104789894947473,0.0,0.0,0.0,0.0,0.0,0.0,1.0,1.0,2.9437194209603414,0
0.015718484242121,0.0,0.0,0.0,0.0,0.0,0.0,1.0,1.0,2.9437194209603414,0
0.0209579789894947,0.0,0.0,0.0,0.0,0.0,0.0,1.0,1.0,2.9437194209603414,0
0.0261974737368684,0.0,0.0,0.0,0.0,0.0,0.0,1.0,1.0,2.9437194209603414,0
0.0314369684842421,0.0,0.0,0.0,0.0,0.0,0.0,1.0,1.0,2.9437194209603414,0
0.0366764632316158,0.0,0.0,0.0,0.0,0.0,0.0,1.0,1.0,2.9437194209603414,0
0.0419159579789895,0.0,0.0,0.0,0.0,0.0,0.0,1.0,1.0,2.9437194209603414,0
0.0471554527263631,0.0,0.0,0.0,0.0,0.0,0.0,1.0,1.0,2.9437194209603414,0
0.0523949474737368,0.0,0.0,0.0,0.0,0.0,0.0,1.0,1.0,2.9437194209603414,0
0.0576344422211105,0.0,0.0,0.0,0.0,0.0,0.0,1.0,1.0,2.9437194209603414,0
0.0628739369684842,0.0,0.0,0.0,0.0,0.0,0.0,1.0,1.0,2.9437194209603414,0
0.0681134317158579,0.0,0.0,0.0,0.0,0.0,0.0,1.0,1.0,2.9437194209603414,0
0.0733529264632316,0.0,0.0,0.0,0.0,0.0,0.0,1.0,1.0,2.9437194209603414,0
0.0785924212106053,0.0,0.0,0.0,0.0,0.0,0.0,1.0,1.0,2.9437194209603414,0
0.083831915957979,0.0,0.0,0.0,0.0,0.0,0.0,1.0,1.0,2.9437194209603414,0
0.0890714107053526,0.0,0.0,0.0,0.0,0.0,0.0,1.0,1.0,2.9437194209603414,0
0.0943109054527263,0.0,0.0,0.0,0.0,0.0,0.0,1.0,1.0,2.9437194209603414,0
0.0995504002001,0.0,0.0,0.0,0.0,0.0,0.0,1.0,1.0,2.9437194209603414,0
0.1047898949474737,0.0,0.0,0.0,0.0,0.0,0.0,1.0,1.0,2.9437194209603414,0
0.1100293896948474,0.0,0.0,0.0,0.0,0.0,0.0,1.0,1.0,2.9437194209603414,0
0.1152688844422211,0.0,0.0,0.0,0.0,0.0,0.0,1.0,1.0,2.9437194209603414,0
0.1205083791895948,0.0,0.0,0.0,0.0,0.0,0.0,1.0,1.0,2.9437194209603414,0
0.1257478739369684,0.0,0.0,0.0,0.0,0.0,0.0,1.0,1.0,2.9437194209603414,0
0.1309873686843422,0.0,0.0,0.0,0.0,0.0,0.0,1.0,1.0,2.9437194209603414,0
0.1362268634317158,0.0,0.0,0.0,0.0,0.0,0.0,1.0,1.0,2.9437194209603414,0
0.1414663581790895,0.0,0.0,0.0,0.0,0.0,0.0,1.0,1.0,2.9437194209603414,0
0.1467058529264632,0.0,0.0,0.0,0.0,0.0,0.0,1.0,1.0,2.9437194209603414,0
0.1519453476738369,0.0,0.0,0.0,0.0,0.0,0.0,1.0,1.0,2.9437194209603414,0
0.1571848424212106,0.0,0.0,0.0,0.0,0.0,0.0,1.0,1.0,2.9437194209603414,0
0.1624243371685843,0.0,0.0,0.0,0.0,0.0,0.0,1.0,1.0,2.9437194209603414,0
0.167663831915958,0.0,0.0,0.0,0.0,0.0,0.0,1.0,1.0,2.9437194209603414,0
0.1729033266633316,0.0,0.0,0.0,0.0,0.0,0.0,1.0,1.0,2.9437194209603414,0
0.1781428214107053,0.0,0.0,0.0,0.0,0.0,0.0,1.0,1.0,2.9437194209603414,0
0.183382316158079,0.0,0.0,0.0,0.0,0.0,0.0,1.0,1.0,2.9437194209603414,0
0.1886218109054527,0.0,0.0,0.0,0.0,0.0,0.0,1.0,1.0,2.9437194209603414,0
0.1938613056528264,0.0,0.0,0.0,0.0,0.0,0.0,1.0,1.0,2.9437194209603414,0
0.1991008004002001,0.0,0.0,0.0,0.0,0.0,0.0,1.0,1.0,2.9437194209603414,0
0.2043402951475738,0.0,0.0,0.0,0.0,0.0,0.0,1.0,1.0,2.9437194209603414,0
0.2095797898949475,0.0,0.0,0.0,0.0,0.0,0.0,1.0,1.0,2.9437194209603414,0
0.2148192846423211,0.0,0.0,0.0,0.0,0.0,0.0,1.0,1.0,2.9437194209603414,0
0.2200587793896948,0.0,0.0,0.0,0.0,0.0,0.0,1.0,1.0,2.9437194209603414,0
0.2252982741370685,0.0,0.0,0.0,0.0,0.0,0.0,1.0,1.0,2.9437194209603414,0
0.2305377688844422,0.0,0.0,0.0,0.0,0.0,0.0,1.0,1.0,2.9437194209603414,0
0.2357772636318159,0.0,0.0,0.0,0.0,0.0,0.0,1.0,1.0,2.9437194209603414,0
0.2410167583791896,0.0,0.0,0.0,0.0,0.0,0.0,1.0,1.0,2.9437194209603414,0
0.2462562531265633,0.0,0.0,0.0,0.0,0.0,0.0,1.0,1.0,2.9437194209603414,0
0.2514957478739369,0.0,0.0,0.0,0.0,0.0,0.0,1.0,1.0,2.9437194209603414,0
0.2567352426213106,0.0,0.0,0.0,0.0,0.0,0.0,1.0,1.0,2.9437194209603414,0
0.2619747373686844,0.0,0.0,0.0,0.0,0.0,0.0,1.0,1.0,2.9437194209603414,0
0.267214232116058,0.0,0.0,0.0,0.0,0.0,0.0,1.0,1.0,2.9437194209603414,0
0.2724537268634317,0.0,0.0,0.0,0.0,0.0,0.0,1.0,1.0,2.9437194209603414,0
0.2776932216108054,0.0,0.0,0.0,0.0,0.0,0.0,1.0,1.0,2.9437194209603414,0
0.2829327163581791,0.0,0.0,0.0,0.0,0.0,0.0,1.0,1.0,2.9437194209603414,0
0.2881722111055528,0.0,0.0,0.0,0.0,0.0,0.0,1.0,1.0,2.9437194209603414,0
0.2934117058529265,0.0,0.0,0.0,0.0,0.0,0.0,1.0,1.0,2.9437194209603414,0
0.2986512006003001,0.0,0.0,0.0,0.0,0.0,0.0,1.0,1.0,2.9437194209603414,0
0.3038906953476739,0.0,0.0,0.0,0.0,0.0,0.0,1.0,1.0,2.9437194209603414,0
0.3091301900950475,0.0,0.0,0.0,0.0,0.0,0.0,1.0,1.0,2.9437194209603414,0
0.3143696848424212,0.0,0.0,0.0,0.0,0.0,0.0,1.0,1.0,2.9437194209603414,0
0.3196091795897949,0.0,0.0,0.0,0.0,0.0,0.0,1.0,1.0,2.9437194209603414,0
0.3248486743371686,0.0,0.0,0.0,0.0,0.0,0.0,1.0,1.0,2.9437194209603414,0
0.3300881690845423,0.0,0.0,0.0,0.0,0.0,0.0,1.0,1.0,2.9437194209603414,0
0.335327663831916,0.0,0.0,0.0,0.0,0.0,0.0,1.0,1.0,2.9437194209603414,0
0.3405671585792896,0.0,0.0,0.0,0.0,0.0,0.0,1.0,1.0,2.9437194209603414,0
0.3458066533266633,0.0,0.0,0.0,0.0,0.0,0.0,1.0,1.0,2.9437194209603414,0
0.351046148074037,0.0,0.0,0.0,0.0,0.0,0.0,1.0,1.0,2.9437194209603414,0
0.3562856428214107,0.0,0.0,0.0,0.0,0.0,0.0,1.0,1.0,2.9437194209603414,0
0.3615251375687844,0.0,0.0,0.0,0.0,0.0,0.0,1.0,1.0,2.9437194209603414,0
0.3667646323161581,0.0,0.0,0.0,0.0,0.0,0.0,1.0,1.0,2.9437194209603414,0
0.3720041270635318,0.0,0.0,0.0,0.0,0.0,0.0,1.0,1.0,2.9437194209603414,0
0.3772436218109055,0.0,0.0,0.0,0.0,0.0,0.0,1.0,1.0,2.9437194209603414,0
0.3824831165582791,0.0,0.0,0.0,0.0,0.0,0.0,1.0,1.0,2.9437194209603414,0
0.3877226113056528,0.0,0.0,0.0,0.0,0.0,0.0,1.0,1.0,2.9437194209603414,0
0.3929621060530265,0.0,0.0,0.0,0.0,0.0,0.0,1.0,1.0,2.9437194209603414,0
0.3982016008004002,0.0,0.0,0.0,0.0,0.0,0.0,1.0,1.0,2.9437194209603414,0
0.4034410955477739,0.0,0.0,0.0,0.0,0.0,0.0,1.0,1.0,2.9437194209603414,0
0.4086805902951476,0.0,0.0,0.0,0.0,0.0,0.0,1.0,1.0,2.9437194209603414,0
0.4139200850425213,0.0,0.0,0.0,0.0,0.0,0.0,1.0,1.0,2.9437194209603414,0
0.419159579789895,0.0,0.0,0.0,0.0,0.0,0.0,1.0,1.0,2.9437194209603414,0
0.4243990745372686,0.0,0.0,0.0,0.0,0.0,0.0,1.0,1.0,2.9437194209603414,0
0.4296385692846423,0.0,0.0,0.0,0.0,0.0,0.0,1.0,1.0,2.9437194209603414,0
0.434878064032016,0.0,0.0,0.0,0.0,0.0,0.0,1.0,1.0,2.9437194209603414,0
0.4401175587793897,0.0,0.0,0.0,0.0,0.0,0.0,1.0,1.0,2.9437194209603414,0
0.4453570535267634,0.0,0.0,0.0,0.0,0.0,0.0,1.0,1.0,2.9437194209603414,0
0.4505965482741371,0.0,0.0,0.0,0.0,0.0,0.0,1.0,1.0,2.9437194209603414,0
0.4558360430215107,0.0,0.0,0.0,0.0,0.0,0.0,1.0,1.0,2.9437194209603414,0
0.4610755377688845,0.0,0.0,0.0,0.0,0.0,0.0,1.0,1.0,2.9437194209603414,0
0.4663150325162581,0.0,0.0,0.0,0.0,0.0,0.0,1.0,1.0,2.9437194209603414,0
0.4715545272636318,0.0,0.0,0.0,0.0,0.0,0.0,1.0,1.0,2.9437194209603414,0
0.4767940220110055,0.0,0.0,0.0,0.0,0.0,0.0,1.0,1.0,2.9437194209603414,0
0.4820335167583792,0.0,0.0,0.0,0.0,0.0,0.0,1.0,1.0,2.9437194209603414,0
0.4872730115057529,0.0,0.0,0.0,0.0,0.0,0.0,1.0,1.0,2.9437194209603414,0
0.4925125062531266,0.0,0.0,0.0,0.0,0.0,0.0,1.0,1.0,2.9437194209603414,0
0.4977520010005002,0.0,0.0,0.0,0.0,0.0,0.0,1.0,1.0,2.9437194209603414,0
0.5029914957478739,0.0,0.0,0.0,0.0,0.0,0.0,1.0,1.0,2.9437194209603414,0
0.5082309904952477,0.0,0.0,0.0,0.0,0.0,0.0,1.0,1.0,2.9437194209603414,0
0.5134704852426213,0.0,0.0,0.0,0.0,0.0,0.0,1.0,1.0,2.9437194209603414,0
0.518709979989995,0.0,0.0,0.0,0.0,0.0,0.0,1.0,1.0,2.9437194209603414,0
0.5239494747373687,0.0,0.0,0.0,0.0,0.0,0.0,1.0,1.0,2.9437194209603414,0
0.5291889694847424,0.0,0.0,0.0,0.0,0.0,0.0,1.0,1.0,2.9437194209603414,0
0.5344284642321161,0.0,0.0,0.0,0.0,0.0,0.0,1.0,1.0,2.9437194209603414,0
0.5396679589794898,0.0,0.0,0.0,0.0,0.0,0.0,1.0,1.0,2.9437194209603414,0
0.5449074537268634,0.0,0.0,0.0,0.0,0.0,0.0,1.0,1.0,2.9437194209603414,0
0.5501469484742372,0.0,0.0,0.0,0.0,0.0,0.0,1.0,1.0,2.9437194209603414,0
0.5553864432216108,0.0,0.0,0.0,0.0,0.0,0.0,1.0,1.0,2.9437194209603414,0
0.5606259379689845,0.0,0.0,0.0,0.0,0.0,0.0,1.0,1.0,2.9437194209603414,0
0.5658654327163583,0.0,0.0,0.0,0.0,0.0,0.0,1.0,1.0,2.9437194209603414,0
0.5711049274637319,0.0,0.0,0.0,0.0,0.0,0.0,1.0,1.0,2.9437194209603414,0
0.5763444222111056,0.0,0.0,0.0,0.0,0.0,0.0,1.0,1.0,2.9437194209603414,0
0.5815839169584793,0.0,0.0,0.0,0.0,0.0,0.0,1.0,1.0,2.9437194209603414,0
0.586823411705853,0.0,0.0,0.0,0.0,0.0,0.0,1.0,1.0,2.9437194209603414,0
0.5920629064532267,0.0,0.0,0.0,0.0,0.0,0.0,1.0,1.0,2.9437194209603414,0
0.5973024012006003,0.0,0.0,0.0,0.0,0.0,0.0,1.0,1.0,2.9437194209603414,0
0.602541895947974,0.0,0.0,0.0,0.0,0.0,0.0,1.0,1.0,2.9437194209603414,0
0.6077813906953478,0.0,0.0,0.0,0.0,0.0,0.0,1.0,1.0,2.9437194209603414,0
0.6130208854427214,0.0,0.0,0.0,0.0,0.0,0.0,1.0,1.0,2.9437194209603414,0
0.6182603801900951,0.0,0.0,0.0,0.0,0.0,0.0,1.0,1.0,2.9437194209603414,0
0.6234998749374687,0.0,0.0,0.0,0.0,0.0,0.0,1.0,1.0,2.9437194209603414,0
0.6287393696848425,0.0,0.0,0.0,0.0,0.0,0.0,1.0,1.0,2.9437194209603414,0
0.6339788644322162,0.0,0.0,0.0,0.0,0.0,0.0,1.0,1.0,2.9437194209603414,0
0.6392183591795898,0.0,0.0,0.0,0.0,0.0,0.0,1.0,1.0,2.9437194209603414,0
0.6444578539269635,0.0,0.0,0.0,0.0,0.0,0.0,1.0,1.0,2.9437194209603414,0
0.6496973486743373,0.0,0.0,0.0,0.0,0.0,0.0,1.0,1.0,2.9437194209603414,0
0.6549368434217109,0.0,0.0,0.0,0.0,0.0,0.0,1.0,1.0,2.9437194209603414,0
0.6601763381690846,0.0,0.0,0.0,0.0,0.0,0.0,1.0,1.0,2.9437194209603414,0
0.6654158329164582,0.0,0.0,0.0,0.0,0.0,0.0,1.0,1.0,2.9437194209603414,0
0.670655327663832,0.0,0.0,0.0,0.0,0.0,0.0,1.0,1.0,2.9437194209603414,0
0.6758948224112057,0.0,0.0,0.0,0.0,0.0,0.0,1.0,1.0,2.9437194209603414,0
0.6811343171585793,0.0,0.0,0.0,0.0,0.0,0.0,1.0,1.0,2.9437194209603414,0
0.686373811905953,0.0,0.0,0.0,0.0,0.0,0.0,1.0,1.0,2.9437194209603414,0
0.6916133066533267,0.0,0.0,0.0,0.0,0.0,0.0,1.0,1.0,2.9437194209603414,0
0.6968528014007004,0.0,0.0,0.0,0.0,0.0,0.0,1.0,1.0,2.9437194209603414,0
0.7020922961480741,0.0,0.0,0.0,0.0,0.0,0.0,1.0,1.0,2.9437194209603414,0
0.7073317908954477,0.0,0.0,0.0,0.0,0.0,0.0,1.0,1.0,2.9437194209603414,0
0.7125712856428215,0.0,0.0,0.0,0.0,0.0,0.0,1.0,1.0,2.9437194209603414,0
0.7178107803901952,0.0,0.0,0.0,0.0,0.0,0.0,1.0,1.0,2.9437194209603414,0
0.7230502751375688,0.0,0.0,0.0,0.0,0.0,0.0,1.0,1.0,2.9437194209603414,0
0.7282897698849425,0.0,0.0,0.0,0.0,0.0,0.0,1.0,1.0,2.9437194209603414,0
0.7335292646323162,0.0,0.0,0.0,0.0,0.0,0.0,1.0,1.0,2.9437194209603414,0
0.7387687593796899,0.0,0.0,0.0,0.0,0.0,0.0,1.0,1.0,2.9437194209603414,0
0.7440082541270636,0.0,0.0,0.0,0.0,0.0,0.0,1.0,1.0,2.9437194209603414,0
0.7492477488744372,0.0,0.0,0.0,0.0,0.0,0.0,1.0,1.0,2.9437194209603414,0
0.754487243621811,0.0,0.0,0.0,0.0,0.0,0.0,1.0,1.0,2.9437194209603414,0
0.7597267383691846,0.0,0.0,0.0,0.0,0.0,0.0,1.0,1.0,2.9437194209603414,0
0.7649662331165583,0.0,0.0,0.0,0.0,0.0,0.0,1.0,1.0,2.9437194209603414,0
0.770205727863932,0.0,0.0,0.0,0.0,0.0,0.0,1.0,1.0,2.9437194209603414,0
0.7754452226113057,0.0,0.0,0.0,0.0,0.0,0.0,1.0,1.0,2.9437194209603414,0
0.7806847173586794,0.0,0.0,0.0,0.0,0.0,0.0,1.0,1.0,2.9437194209603414,0
0.7859242121060531,0.0,0.0,0.0,0.0,0.0,0.0,1.0,1.0,2.9437194209603414,0
0.7911637068534267,0.0,0.0,0.0,0.0,0.0,0.0,1.0,1.0,2.9437194209603414,0
0.7964032016008005,0.0,0.0,0.0,0.0,0.0,0.0,1.0,1.0,2.9437194209603414,0
0.8016426963481741,0.0,0.0,0.0,0.0,0.0,0.0,1.0,1.0,2.9437194209603414,0
0.8068821910955478,0.0,0.0,0.0,0.0,0.0,0.0,1.0,1.0,2.9437194209603414,0
0.8121216858429215,0.0,0.0,0.0,0.0,0.0,0.0,1.0,1.0,2.9437194209603414,0
0.8173611805902952,0.0,0.0,0.0,0.0,0.0,0.0,1.0,1.0,2.9437194209603414,0
0.8226006753376689,0.0,0.0,0.0,0.0,0.0,0.0,1.0,1.0,2.9437194209603414,0
0.8278401700850426,0.0,0.0,0.0,0.0,0.0,0.0,1.0,1.0,2.9437194209603414,0
0.8330796648324162,0.0,0.0,0.0,0.0,0.0,0.0,1.0,1.0,2.9437194209603414,0
0.83831915957979,0.0,0.0,0.0,0.0,0.0,0.0,1.0,1.0,2.9437194209603414,0
0.8435586543271636,0.0,0.0,0.0,0.0,0.0,0.0,1.0,1.0,2.9437194209603414,0
0.8487981490745373,0.0,0.0,0.0,0.0,0.0,0.0,1.0,1.0,2.9437194209603414,0
0.854037643821911,0.0,0.0,0.0,0.0,0.0,0.0,1.0,1.0,2.9437194209603414,0
0.8592771385692847,0.0,0.0,0.0,0.0,0.0,0.0,1.0,1.0,2.9437194209603414,0
0.8645166333166584,0.0,0.0,0.0,0.0,0.0,0.0,1.0,1.0,2.9437194209603414,0
0.869756128064032,0.0,0.0,0.0,0.0,0.0,0.0,1.0,1.0,2.9437194209603414,0
0.8749956228114057,0.0,0.0,0.0,0.0,0.0,0.0,1.0,1.0,2.9437194209603414,0
0.8802351175587795,0.0,0.0,0.0,0.0,0.0,0.0,1.0,1.0,2.9437194209603414,0
0.8854746123061531,0.0,0.0,0.0,0.0,0.0,0.0,1.0,1.0,2.9437194209603414,0
0.8907141070535268,0.0,0.0,0.0,0.0,0.0,0.0,1.0,1.0,2.9437194209603414,0
0.8959536018009006,0.0,0.0,0.0,0.0,0.0,0.0,1.0,1.0,2.9437194209603414,0
0.9011930965482742,0.0,0.0,0.0,0.0,0.0,0.0,1.0,1.0,2.9437194209603414,0
0.906432591295648,0.0,0.0,0.0,0.0,0.0,0.0,1.0,1.0,2.9437194209603414,0
0.9116720860430216,0.0,0.0,0.0,0.0,0.0,0.0,1.0,1.0,2.9437194209603414,0
0.9169115807903953,0.0,0.0,0.0,0.0,0.0,0.0,1.0,1.0,2.9437194209603414,0
0.922151075537769,0.0,0.0,0.0,0.0,0.0,0.0,1.0,1.0,2.9437194209603414,0
0.9273905702851426,0.0,0.0,0.0,0.0,0.0,0.0,1.0,1.0,2.9437194209603414,0
0.9326300650325164,0.0,0.0,0.0,0.0,0.0,0.0,1.0,1.0,2.9437194209603414,0
0.93786955977989,0.0,0.0,0.0,0.0,0.0,0.0,1.0,1.0,2.9437194209603414,0
0.9431090545272636,0.0,0.0,0.0,0.0,0.0,0.0,1.0,1.0,2.9437194209603414,0
0.9483485492746374,0.0,0.0,0.0,0.0,0.0,0.0,1.0,1.0,2.9437194209603414,0
0.953588044022011,0.0,0.0,0.0,0.0,0.0,0.0,1.0,1.0,2.9437194209603414,0
0.9588275387693848,0.0,0.0,0.0,0.0,0.0,0.0,1.0,1.0,2.9437194209603414,0
0.9640670335167584,0.0,0.0,0.0,0.0,0.0,0.0,1.0,1.0,2.9437194209603414,0
0.969306528264132,0.0,0.0,0.0,0.0,0.0,0.0,1.0,1.0,2.9437194209603414,0
0.9745460230115058,0.0,0.0,0.0,0.0,0.0,0.0,1.0,1.0,2.9437194209603414,0
0.9797855177588796,0.0,0.0,0.0,0.0,0.0,0.0,1.0,1.0,2.9437194209603414,0
0.9850250125062532,0.0,0.0,0.0,0.0,0.0,0.0,1.0,1.0,2.9437194209603414,0
0.9902645072536268,0.0,0.0,0.0,0.0,0.0,0.0,1.0,1.0,2.9437194209603414,0
0.9955040020010004,0.0,0.0,0.0,0.0,0.0,0.0,1.0,1.0,2.9437194209603414,0
1.0007434967483742,0.0,0.0,0.0,0.0,0.0,0.0,1.0,1.0,2.9437194209603414,0
1.005982991495748,0.0,0.0,0.0,0.0,0.0,0.0,1.0,1.0,2.9437194209603414,0
1.0112224862431216,0.0,0.0,0.0,0.0,0.0,0.0,1.0,1.0,2.9437194209603414,0
1.0164619809904951,0.0,0.0,0.0,0.0,0.0,0.0,1.0,1.0,2.9437194209603414,0
1.021701475737869,0.0,0.0,0.0,0.0,0.0,0.0,1.0,1.0,2.9437194209603414,0
1.0269409704852426,0.0,0.0,0.0,0.0,0.0,0.0,1.0,1.0,2.9437194209603414,0
1.0321804652326163,0.0,0.0,0.0,0.0,0.0,0.0,1.0,1.0,2.9437194209603414,0
1.03741995997999,0.0,0.0,0.0,0.0,0.0,0.0,1.0,1.0,2.9437194209603414,0
1.0426594547273638,0.0,0.0,0.0,0.0,0.0,0.0,1.0,1.0,2.9437194209603414,0
1.0478989494747375,0.0,0.0,0.0,0.0,0.0,0.0,1.0,1.0,2.9437194209603414,0
1.0531384442221112,0.0,0.0,0.0,0.0,0.0,0.0,1.0,1.0,2.9437194209603414,0
1.0583779389694847,0.0,0.0,0.0,0.0,0.0,0.0,1.0,1.0,2.9437194209603414,0
1.0636174337168585,0.0,0.0,0.0,0.0,0.0,0.0,1.0,1.0,2.9437194209603414,0
1.0688569284642322,0.0,0.0,0.0,0.0,0.0,0.0,1.0,1.0,2.9437194209603414,0
1.074096423211606,0.0,0.0,0.0,0.0,0.0,0.0,1.0,1.0,2.9437194209603414,0
1.0793359179589797,0.0,0.0,0.0,0.0,0.0,0.0,1.0,1.0,2.9437194209603414,0
1.0845754127063532,0.0,0.0,0.0,0.0,0.0,0.0,1.0,1.0,2.9437194209603414,0
1.0898149074537269,0.0,0.0,0.0,0.0,0.0,0.0,1.0,1.0,2.9437194209603414,0
1.0950544022011006,0.0,0.0,0.0,0.0,0.0,0.0,1.0,1.0,2.9437194209603414,0
1.1002938969484743,0.0,0.0,0.0,0.0,0.0,0.0,1.0,1.0,2.9437194209603414,0
1.105533391695848,0.0,0.0,0.0,0.0,0.0,0.0,1.0,1.0,2.9437194209603414,0
1.1107728864432216,0.0,0.0,0.0,0.0,0.0,0.0,1.0,1.0,2.9437194209603414,0
1.116012381190595,0.0,0.0,0.0,0.0,0.0,0.0,1.0,1.0,2.9437194209603414,0
1.121251875937969,0.0,0.0,0.0,0.0,0.0,0.0,1.0,1.0,2.9437194209603414,0
1.1264913706853428,0.0,0.0,0.0,0.0,0.0,0.0,1.0,1.0,2.9437194209603414,0
1.1317308654327165,0.0,0.0,0.0,0.0,0.0,0.0,1.0,1.0,2.9437194209603414,0
1.13697036018009,0.0,0.0,0.0,0.0,0.0,0.0,1.0,1.0,2.9437194209603414,0
1.1422098549274635,0.0,0.0,0.0,0.0,0.0,0.0,1.0,1.0,2.9437194209603414,0
1.1474493496748377,0.0,0.0,0.0,0.0,0.0,0.0,1.0,1.0,2.9437194209603414,0
1.1526888444222112,0.0,0.0,0.0,0.0,0.0,0.0,1.0,1.0,2.9437194209603414,0
1.157928339169585,0.0,0.0,0.0,0.0,0.0,0.0,1.0,1.0,2.9437194209603414,0
1.1631678339169589,0.0,0.0,0.0,0.0,0.0,0.0,1.0,1.0,2.9437194209603414,0
1.1684073286643322,0.0,0.0,0.0,0.0,0.0,0.0,1.0,1.0,2.9437194209603414,0
1.173646823411706,0.0,0.0,0.0,0.0,0.0,0.0,1.0,1.0,2.9437194209603414,0
1.1788863181590796,0.0,0.0,0.0,0.0,0.0,0.0,1.0,1.0,2.9437194209603414,0
1.1841258129064534,0.0,0.0,0.0,0.0,0.0,0.0,1.0,1.0,2.9437194209603414,0
1.189365307653827,0.0,0.0,0.0,0.0,0.0,0.0,1.0,1.0,2.9437194209603414,0
1.1946048024012006,0.0,0.0,0.0,0.0,0.0,0.0,1.0,1.0,2.9437194209603414,0
1.1998442971485743,0.0,0.0,0.0,0.0,0.0,0.0,1.0,1.0,2.9437194209603414,0
1.205083791895948,0.0,0.0,0.0,0.0,0.0,0.0,1.0,1.0,2.9437194209603414,0
1.2103232866433218,0.0,0.0,0.0,0.0,0.0,0.0,1.0,1.0,2.9437194209603414,0
1.2155627813906955,0.0,0.0,0.0,0.0,0.0,0.0,1.0,1.0,2.9437194209603414,0
1.220802276138069,0.0,0.0,0.0,0.0,0.0,0.0,1.0,1.0,2.9437194209603414,0
1.2260417708854427,0.0,0.0,0.0,0.0,0.0,0.0,1.0,1.0,2.9437194209603414,0
1.2312812656328165,0.0,0.0,0.0,0.0,0.0,0.0,1.0,1.0,2.9437194209603414,0
1.2365207603801902,0.0,0.0,0.0,0.0,0.0,0.0,1.0,1.0,2.9437194209603414,0
1.241760255127564,0.0,0.0,0.0,0.0,0.0,0.0,1.0,1.0,2.9437194209603414,0
1.2469997498749374,0.0,0.0,0.0,0.0,0.0,0.0,1.0,1.0,2.9437194209603414,0
1.2522392446223112,0.0,0.0,0.0,0.0,0.0,0.0,1.0,1.0,2.9437194209603414,0
1.257478739369685,0.0,0.0,0.0,0.0,0.0,0.0,1.0,1.0,2.9437194209603414,0
1.2627182341170586,0.0,0.0,0.0,0.0,0.0,0.0,1.0,1.0,2.9437194209603414,0
1.2679577288644324,0.0,0.0,0.0,0.0,0.0,0.0,1.0,1.0,2.9437194209603414,0
1.273197223611806,0.0,0.0,0.0,0.0,0.0,0.0,1.0,1.0,2.9437194209603414,0
1.2784367183591796,0.0,0.0,0.0,0.0,0.0,0.0,1.0,1.0,2.9437194209603414,0
1.283676213106553,0.0,0.0,0.0,0.0,0.0,0.0,1.0,1.0,2.9437194209603414,0
1.288915707853927,0.0,0.0,0.0,0.0,0.0,0.0,1.0,1.0,2.9437194209603414,0
1.2941552026013008,0.0,0.0,0.0,0.0,0.0,0.0,1.0,1.0,2.9437194209603414,0
1.2993946973486743,0.0,0.0,0.0,0.0,0.0,0.0,1.0,1.0,2.9437194209603414,0
1.304634192096048,0.0,0.0,0.0,0.0,0.0,0.0,1.0,1.0,2.9437194209603414,0
1.3098736868434218,0.0,0.0,0.0,0.0,0.0,0.0,1.0,1.0,2.9437194209603414,0
1.3151131815907957,0.0,0.0,0.0,0.0,0.0,0.0,1.0,1.0,2.9437194209603414,0
1.3203526763381692,0.0,0.0,0.0,0.0,0.0,0.0,1.0,1.0,2.9437194209603414,0
1.325592171085543,0.0,0.0,0.0,0.0,0.0,0.0,1.0,1.0,2.9437194209603414,0
1.3308316658329165,0.0,0.0,0.0,0.0,0.0,0.0,1.0,1.0,2.9437194209603414,0
1.3360711605802902,0.0,0.0,0.0,0.0,0.0,0.0,1.0,1.0,2.9437194209603414,0
1.341310655327664,0.0,0.0,0.0,0.0,0.0,0.0,1.0,1.0,2.9437194209603414,0
1.3465501500750376,0.0,0.0,0.0,0.0,0.0,0.0,1.0,1.0,2.9437194209603414,0
1.3517896448224114,0.0,0.0,0.0,0.0,0.0,0.0,1.0,1.0,2.9437194209603414,0
1.3570291395697849,0.0,0.0,0.0,0.0,0.0,0.0,1.0,1.0,2.9437194209603414,0
1.3622686343171586,0.0,0.0,0.0,0.0,0.0,0.0,1.0,1.0,2.9437194209603414,0
1.3675081290645323,0.0,0.0,0.0,0.0,0.0,0.0,1.0,1.0,2.9437194209603414,0
1.372747623811906,0.0,0.0,0.0,0.0,0.0,0.0,1.0,1.0,2.9437194209603414,0
1.3779871185592798,0.0,0.0,0.0,0.0,0.0,0.0,1.0,1.0,2.9437194209603414,0
1.3832266133066533,0.0,0.0,0.0,0.0,0.0,0.0,1.0,1.0,2.9437194209603414,0
1.388466108054027,0.0,0.0,0.0,0.0,0.0,0.0,1.0,1.0,2.9437194209603414,0
1.3937056028014008,0.0,0.0,0.0,0.0,0.0,0.0,1.0,1.0,2.9437194209603414,0
1.3989450975487745,0.0,0.0,0.0,0.0,0.0,0.0,1.0,1.0,2.9437194209603414,0
1.4041845922961482,0.0,0.0,0.0,0.0,0.0,0.0,1.0,1.0,2.9437194209603414,0
1.409424087043522,0.0,0.0,0.0,0.0,0.0,0.0,1.0,1.0,2.9437194209603414,0
1.4146635817908957,0.0,0.0,0.0,0.0,0.0,0.0,1.0,1.0,2.9437194209603414,0
1.4199030765382692,0.0,0.0,0.0,0.0,0.0,0.0,1.0,1.0,2.9437194209603414,0
1.425142571285643,0.0,0.0,0.0,0.0,0.0,0.0,1.0,1.0,2.9437194209603414,0
1.4303820660330169,0.0,0.0,0.0,0.0,0.0,0.0,1.0,1.0,2.9437194209603414,0
1.4356215607803904,0.0,0.0,0.0,0.0,0.0,0.0,1.0,1.0,2.9437194209603414,0
1.440861055527764,0.0,0.0,0.0,0.0,0.0,0.0,1.0,1.0,2.9437194209603414,0
1.4461005502751376,0.0,0.0,0.0,0.0,0.0,0.0,1.0,1.0,2.9437194209603414,0
1.4513400450225111,0.0,0.0,0.0,0.0,0.0,0.0,1.0,1.0,2.9437194209603414,0
1.456579539769885,0.0,0.0,0.0,0.0,0.0,0.0,1.0,1.0,2.9437194209603414,0
1.4618190345172588,0.0,0.0,0.0,0.0,0.0,0.0,1.0,1.0,2.9437194209603414,0
1.4670585292646323,0.0,0.0,0.0,0.0,0.0,0.0,1.0,1.0,2.9437194209603414,0
1.472298024012006,0.0,0.0,0.0,0.0,0.0,0.0,1.0,1.0,2.9437194209603414,0
1.4775375187593798,0.0,0.0,0.0,0.0,0.0,0.0,1.0,1.0,2.9437194209603414,0
1.4827770135067535,0.0,0.0,0.0,0.0,0.0,0.0,1.0,1.0,2.9437194209603414,0
1.4880165082541272,0.0,0.0,0.0,0.0,0.0,0.0,1.0,1.0,2.9437194209603414,0
1.4932560030015007,0.0,0.0,0.0,0.0,0.0,0.0,1.0,1.0,2.9437194209603414,0
1.4984954977488745,0.0,0.0,0.0,0.0,0.0,0.0,1.0,1.0,2.9437194209603414,0
1.5037349924962482,0.0,0.0,0.0,0.0,0.0,0.0,1.0,1.0,2.9437194209603414,0
1.508974487243622,0.0,0.0,0.0,0.0,0.0,0.0,1.0,1.0,2.9437194209603414,0
1.5142139819909957,0.0,0.0,0.0,0.0,0.0,0.0,1.0,1.0,2.9437194209603414,0
1.5194534767383692,0.0,0.0,0.0,0.0,0.0,0.0,1.0,1.0,2.9437194209603414,0
1.524692971485743,0.0,0.0,0.0,0.0,0.0,0.0,1.0,1.0,2.9437194209603414,0
1.5299324662331166,0.0,0.0,0.0,0.0,0.0,0.0,1.0,1.0,2.9437194209603414,0
1.5351719609804904,0.0,0.0,0.0,0.0,0.0,0.0,1.0,1.0,2.9437194209603414,0
1.540411455727864,0.0,0.0,0.0,0.0,0.0,0.0,1.0,1.0,2.9437194209603414,0
1.5456509504752378,0.0,0.0,0.0,0.0,0.0,0.0,1.0,1.0,2.9437194209603414,0
1.550890445222611,0.0,0.0,0.0,0.0,0.0,0.0,1.0,1.0,2.9437194209603414,0
1.556129939969985,0.0,0.0,0.0,0.0,0.0,0.0,1.0,1.0,2.9437194209603414,0
1.5613694347173588,0.0,0.0,0.0,0.0,0.0,0.0,1.0,1.0,2.9437194209603414,0
1.5666089294647323,0.0,0.0,0.0,0.0,0.0,0.0,1.0,1.0,2.9437194209603414,0
1.5718484242121062,0.0,0.0,0.0,0.0,0.0,0.0,1.0,1.0,2.9437194209603414,0
1.5770879189594798,0.0,0.0,0.0,0.0,0.0,0.0,1.0,1.0,2.9437194209603414,0
1.5823274137068537,0.0,0.0,0.0,0.0,0.0,0.0,1.0,1.0,2.9437194209603414,0
1.5875669084542272,0.0,0.0,0.0,0.0,0.0,0.0,1.0,1.0,2.9437194209603414,0
1.592806403201601,0.0,0.0,0.0,0.0,0.0,0.0,1.0,1.0,2.9437194209603414,0
1.598045897948975,0.0,0.0,0.0,0.0,0.0,0.0,1.0,1.0,2.9437194209603414,0
1.6032853926963482,0.0,0.0,0.0,0.0,0.0,0.0,1.0,1.0,2.9437194209603414,0
1.608524887443722,0.0,0.0,0.0,0.0,0.0,0.0,1.0,1.0,2.9437194209603414,0
1.6137643821910956,0.0,0.0,0.0,0.0,0.0,0.0,1.0,1.0,2.9437194209603414,0
1.6190038769384694,0.0,0.0,0.0,0.0,0.0,0.0,1.0,1.0,2.9437194209603414,0
1.624243371685843,0.0,0.0,0.0,0.0,0.0,0.0,1.0,1.0,2.9437194209603414,0
1.6294828664332166,0.0,0.0,0.0,0.0,0.0,0.0,1.0,1.0,2.9437194209603414,0
1.6347223611805903,0.0,0.0,0.0,0.0,0.0,0.0,1.0,1.0,2.9437194209603414,0
1.639961855927964,0.0,0.0,0.0,0.0,0.0,0.0,1.0,1.0,2.9437194209603414,0
1.6452013506753378,0.0,0.0,0.0,0.0,0.0,0.0,1.0,1.0,2.9437194209603414,0
1.6504408454227115,0.0,0.0,0.0,0.0,0.0,0.0,1.0,1.0,2.9437194209603414,0
1.6556803401700853,0.0,0.0,0.0,0.0,0.0,0.0,1.0,1.0,2.9437194209603414,0
1.6609198349174588,0.0,0.0,0.0,0.0,0.0,0.0,1.0,1.0,2.9437194209603414,0
1.6661593296648325,0.0,0.0,0.0,0.0,0.0,0.0,1.0,1.0,2.9437194209603414,0
1.6713988244122062,0.0,0.0,0.0,0.0,0.0,0.0,1.0,1.0,2.9437194209603414,0
1.67663831915958,0.0,0.0,0.0,0.0,0.0,0.0,1.0,1.0,2.9437194209603414,0
1.6818778139069537,0.0,0.0,0.0,0.0,0.0,0.0,1.0,1.0,2.9437194209603414,0
1.6871173086543272,0.0,0.0,0.0,0.0,0.0,0.0,1.0,1.0,2.9437194209603414,0
1.692356803401701,0.0,0.0,0.0,0.0,0.0,0.0,1.0,1.0,2.9437194209603414,0
1.6975962981490746,0.0,0.0,0.0,0.0,0.0,0.0,1.0,1.0,2.9437194209603414,0
1.7028357928964484,0.0,0.0,0.0,0.0,0.0,0.0,1.0,1.0,2.9437194209603414,0
1.708075287643822,0.0,0.0,0.0,0.0,0.0,0.0,1.0,1.0,2.9437194209603414,0
1.7133147823911956,0.0,0.0,0.0,0.0,0.0,0.0,1.0,1.0,2.9437194209603414,0
1.7185542771385691,0.0,0.0,0.0,0.0,0.0,0.0,1.0,1.0,2.9437194209603414,0
1.723793771885943,0.0,0.0,0.0,0.0,0.0,0.0,1.0,1.0,2.9437194209603414,0
1.7290332666333168,0.0,0.0,0.0,0.0,0.0,0.0,1.0,1.0,2.9437194209603414,0
1.7342727613806903,0.0,0.0,0.0,0.0,0.0,0.0,1.0,1.0,2.9437194209603414,0
1.739512256128064,0.0,0.0,0.0,0.0,0.0,0.0,1.0,1.0,2.9437194209603414,0
1.7447517508754378,0.0,0.0,0.0,0.0,0.0,0.0,1.0,1.0,2.9437194209603414,0
1.7499912456228115,0.0,0.0,0.0,0.0,0.0,0.0,1.0,1.0,2.9437194209603414,0
1.7552307403701852,0.0,0.0,0.0,0.0,0.0,0.0,1.0,1.0,2.9437194209603414,0
1.760470235117559,0.0,0.0,0.0,0.0,0.0,0.0,1.0,1.0,2.9437194209603414,0
1.7657097298649325,0.0,0.0,0.0,0.0,0.0,0.0,1.0,1.0,2.9437194209603414,0
1.7709492246123062,0.0,0.0,0.0,0.0,0.0,0.0,1.0,1.0,2.9437194209603414,0
1.77618871935968,0.0,0.0,0.0,0.0,0.0,0.0,1.0,1.0,2.9437194209603414,0
1.7814282141070537,0.0,0.0,0.0,0.0,0.0,0.0,1.0,1.0,2.9437194209603414,0
1.7866677088544274,0.0,0.0,0.0,0.0,0.0,0.0,1.0,1.0,2.9437194209603414,0
1.7919072036018011,0.0,0.0,0.0,0.0,0.0,0.0,1.0,1.0,2.9437194209603414,0
1.7971466983491746,0.0,0.0,0.0,0.0,0.0,0.0,1.0,1.0,2.9437194209603414,0
1.8023861930965484,0.0,0.0,0.0,0.0,0.0,0.0,1.0,1.0,2.9437194209603414,0
1.807625687843922,0.0,0.0,0.0,0.0,0.0,0.0,1.0,1.0,2.9437194209603414,0
1.812865182591296,0.0,0.0,0.0,0.0,0.0,0.0,1.0,1.0,2.9437194209603414,0
1.818104677338669,0.0,0.0,0.0,0.0,0.0,0.0,1.0,1.0,2.9437194209603414,0
1.823344172086043,0.0,0.0,0.0,0.0,0.0,0.0,1.0,1.0,2.9437194209603414,0
1.8285836668334168,0.0,0.0,0.0,0.0,0.0,0.0,1.0,1.0,2.9437194209603414,0
1.8338231615807905,0.0,0.0,0.0,0.0,0.0,0.0,1.0,1.0,2.9437194209603414,0
1.839062656328164,0.0,0.0,0.0,0.0,0.0,0.0,1.0,1.0,2.9437194209603414,0
1.844302151075538,0.0,0.0,0.0,0.0,0.0,0.0,1.0,1.0,2.9437194209603414,0
1.8495416458229117,0.0,0.0,0.0,0.0,0.0,0.0,1.0,1.0,2.9437194209603414,0
1.8547811405702848,0.0,0.0,0.0,0.0,0.0,0.0,1.0,1.0,2.9437194209603414,0
1.860020635317659,0.0,0.0,0.0,0.0,0.0,0.0,1.0,1.0,2.9437194209603414,0
1.8652601300650329,0.0,0.0,0.0,0.0,2.4349151910337512e-06,0.0,1.0,1.0,2.9437194209603414,0
1.8704996248124064,0.0,0.0,0.0,0.0,1.0883012245141508e-05,0.0,1.0,1.0,2.9437194209603414,0
1.87573911955978,0.0,0.0,0.0,0.0,1.9331109299233406e-05,0.0,1.0,1.0,2.9437194209603414,0
1.8809786143071536,0.0,0.0,0.0,0.0,2.7779206353340963e-05,0.0,1.0,1.0,2.9437194209603414,0
1.8862181090545276,0.0,0.0,0.0,0.0,3.622730340744853e-05,0.0,1.0,1.0,2.9437194209603414,0
1.891457603801901,0.0,0.0,0.0,0.0,4.467540046155608e-05,0.0,1.0,1.0,2.9437194209603414,0
1.8966970985492748,0.0,0.0,0.0,0.0,5.312349751566364e-05,0.0,1.0,1.0,2.9437194209603414,0
1.9019365932966483,0.0,0.0,0.0,0.0,6.15715945697712e-05,0.0,1.0,1.0,2.9437194209603414,0
1.907176088044022,0.0,0.0,0.0,0.0,7.001969162387877e-05,0.0,1.0,1.0,2.9437194209603414,0
1.912415582791396,0.0,0.0,0.0,0.0,7.846778867798633e-05,0.0,1.0,1.0,2.9437194209603414,0
1.9176550775387693,0.0,0.0,0.0,0.0,8.238482615921728e-05,0.0,1.0,1.0,2.9437194209603414,0
1.9228945722861432,0.0,0.0,0.0,0.0,7.393672910510972e-05,0.0,1.0,1.0,2.9437194209603414,0
1.928134067033517,0.0,0.0,0.0,0.0,6.548863205100215e-05,0.0,1.0,1.0,2.9437194209603414,0
1.9333735617808905,0.0,0.0,0.0,0.0,5.7040534996894594e-05,0.0,1.0,1.0,2.9437194209603414,0
1.938613056528264,0.0,0.0,0.0,0.0,4.8592437942787034e-05,0.0,1.0,1.0,2.9437194209603414,0
1.943852551275638,0.0,0.0,0.0,0.0,4.014434088867948e-05,0.0,1.0,1.0,2.9437194209603414,0
1.949092046023012,0.0,0.0,0.0,0.0,3.1696243834571914e-05,0.0,1.0,1.0,2.9437194209603414,0
1.9543315407703852,0.0,0.0,0.0,0.0,2.3248146780464358e-05,0.0,1.0,1.0,2.9437194209603414,0
1.959571035517759,0.0,0.0,0.0,0.0,1.4800049726369053e-05,0.0,1.0,1.0,2.9437194209603414,0
1.9648105302651329,0.0,0.0,0.0,0.0,6.3519526722612925e-06,0.0,1.0,1.0,2.9437194209603414,0
1.9700500250125064,0.0,0.0,0.0,0.0,0.0,0.0,1.0,1.0,2.9437194209603414,0
1.97528951975988,0.0,0.0,0.0,0.0,0.0,0.0,1.0,1.0,2.9437194209603414,0
1.9805290145072536,0.0,0.0,0.0,0.0,0.0,0.0,1.0,1.0,2.9437194209603414,0
1.9857685092546276,0.0,0.0,0.0,0.0,0.0,0.0,1.0,1.0,2.9437194209603414,0
1.991008004002001,0.0,0.0,0.0,0.0,0.0,0.0,1.0,1.0,2.9437194209603414,0
1.9962474987493748,0.0,0.0,0.0,0.0,0.0,0.0,1.0,1.0,2.9437194209603414,0
2.0014869934967483,0.0,0.0,0.0,0.0,0.0,0.0,1.0,1.0,2.9437194209603414,0
2.006726488244122,0.0,0.0,0.0,0.0,0.0,0.0,1.0,1.0,2.9437194209603414,0
2.011965982991496,0.0,0.0,0.0,0.0,0.0,0.0,1.0,1.0,2.9437194209603414,0
2.017205477738869,0.0,0.0,0.0,0.0,0.0,0.0,1.0,1.0,2.9437194209603414,0
2.022444972486243,0.0,0.0,0.0,0.0,0.0003503768210238659,0.0,1.0,1.0,2.9437194209603414,0
2.027684467233617,0.0,0.0,0.0,0.0,0.0018866444208979496,0.0,1.0,1.0,2.9437194209603414,0
2.0329239619809907,0.0,0.0,0.0,0.0,0.003422912020772033,0.0,1.0,1.0,2.9437194209603414,0
2.0381634567283644,0.0,0.0,0.0,0.0,0.004959179620646135,0.0,1.0,1.0,2.9437194209603414,0
2.043402951475738,0.0,0.0,0.0,0.0,0.00649544722052022,0.0,1.0,1.0,2.9437194209603414,0
2.048642446223112,0.0,0.0,0.0,0.0,0.008031714820394303,0.0,1.0,1.0,2.9437194209603414,0
2.053881940970485,0.0,0.0,0.0,0.0,0.009567982420268255,0.0,1.0,1.0,2.9437194209603414,0
2.059121435717859,0.0,0.0,0.0,0.0,0.011104250020142339,0.0,1.0,1.0,2.9437194209603414,0
2.0643609304652326,0.0,0.0,0.0,0.0,0.012640517620016424,0.0,1.0,1.0,2.9437194209603414,0
2.0696004252126063,0.0,0.0,0.0,0.0,0.014176785219890525,0.0,1.0,1.0,2.9437194209603414,0
2.07483991995998,0.0,0.0,0.0,0.0,0.01717247099059675,0.0,1.0,1.0,2.9437194209603414,0
2.080079414707354,0.0,0.0,0.0,0.0,0.02572449582133802,0.0,1.0,1.0,2.9437194209603414,0
2.0853189094547275,0.0,0.0,0.0,0.0,0.034276520652079305,0.0,1.0,1.0,2.9437194209603414,0
2.0905584042021013,0.0,0.0,0.0,0.0,0.04282854548282058,0.0,1.0,1.0,2.9437194209603414,0
2.095797898949475,0.0,0.0,0.0,0.0,0.051380570313561844,0.0,1.0,1.0,2.9437194209603414,0
2.1010373936968487,0.0,0.0,0.0,0.0,0.05993259514430314,0.0,1.0,1.0,2.9437194209603414,0
2.1062768884442225,0.0,0.0,0.0,0.0,0.06848461997504442,0.0,1.0,1.0,2.9437194209603414,0
2.111516383191596,0.0,0.0,0.0,0.0,0.07703664480578495,0.0,1.0,1.0,2.9437194209603414,0
2.116755877938969,0.0,0.0,0.0,0.0,0.08558866963652623,0.0,1.0,1.0,2.9437194209603414,0
2.121995372686343,0.0,0.0,0.0,0.0,0.09414069446726753,0.0,1.0,1.0,2.9437194209603414,0
2.127234867433717,0.0,0.0,0.0,0.0,0.10544011404751298,0.0,1.0,1.0,2.9437194209603414,0
2.1324743621810907,0.0,0.0,0.0,0.0,0.12860827894561858,0.0,1.0,1.0,2.9437194209603414,0
2.1377138569284644,0.0,0.0,0.0,0.0,0.15177644384372418,0.0,1.0,1.0,2.9437194209603414,0
2.142953351675838,0.0,0.0,0.0,0.0,0.17494460874182977,0.0,1.0,1.0,2.9437194209603414,0
2.148192846423212,0.0,0.0,0.0,0.0,0.19811277363993537,0.0,1.0,1.0,2.9437194209603414,0
2.1534323411705856,0.0,0.0,0.0,0.0,0.22128093853804096,0.0,1.0,1.0,2.9437194209603414,0
2.1586718359179597,0.0,0.0,0.0,0.0,0.24444910343614656,0.0,1.0,1.0,2.9437194209603414,0
2.1639113306653326,0.0,0.0,0.0,0.0,0.2676172683342502,0.0,1.0,1.0,2.9437194209603414,0
2.1691508254127063,0.0,0.0,0.0,0.0,0.29078543323235584,0.0,1.0,1.0,2.9437194209603414,0
2.17439032016008,0.0,0.0,0.0,0.0,0.31395359813046136,0.0,1.0,1.0,2.9437194209603414,0
2.1796298149074538,0.0,0.0,0.0,0.0,0.33985148800153175,0.0,1.0,1.0,2.9437194209603414,0
2.1848693096548275,0.0,0.0,0.0,0.0,0.37927577624609815,0.0,1.0,1.0,2.9437194209603414,0
2.190108804402201,0.0,0.0,0.0,0.0,0.4187000644906643,0.0,1.0,1.0,2.9437194209603414,0
2.195348299149575,0.0,0.0,0.0,0.0,0.4581243527352306,0.0,1.0,1.0,2.9437194209603414,0
2.2005877938969487,0.0,0.0,0.0,0.0,0.4975486409797969,0.0,1.0,1.0,2.9437194209603414,0
2.2058272886443224,0.0,0.0,0.0,0.0,0.5369729292243631,0.0,1.0,1.0,2.9437194209603414,0
2.211066783391696,0.0,0.0,0.0,0.0,0.5763972174689295,0.0,1.0,1.0,2.9437194209603414,0
2.21630627813907,0.0,0.0,0.0,0.0,0.6158215057134957,0.0,1.0,1.0,2.9437194209603414,0
2.221545772886443,0.0,0.0,0.0,0.0,0.6552457939580586,0.0,1.0,1.0,2.9437194209603414,0
2.226785267633817,0.0,0.0,0.0,0.0,0.6946700822026248,0.0,1.0,1.0,2.9437194209603414,0
2.23202476238119,0.0,0.0,0.0,0.0,0.7345600476700966,0.0,1.0,1.0,2.9437194209603414,0
2.2372642571285644,0.0,0.0,0.0,0.0,0.77713357679499,0.0,1.0,1.0,2.9437194209603414,0
2.242503751875938,0.0,0.0,0.0,0.0,0.8197071059198833,0.0,1.0,1.0,2.9437194209603414,0
2.247743246623312,0.0,0.0,0.0,0.0,0.8622806350447767,0.0,1.0,1.0,2.9437194209603414,0
2.252982741370685,0.0,0.0,0.0,0.0,0.90485416416967,0.0,1.0,1.0,2.9437194209603414,0
2.2582222361180597,0.0,0.0,0.0,0.0,0.9474276932945634,0.0,1.0,1.0,2.9437194209603414,0
2.263461730865433,0.0,0.0,0.0,0.0,0.9900012224194568,0.0,1.0,1.0,2.9437194209603414,0
2.2687012256128067,0.0,0.0,0.0,0.0,1.03257475154435,0.0,1.0,1.0,2.9437194209603414,0
2.27394072036018,0.0,0.0,0.0,0.0,1.0751482806692398,0.0,1.0,1.0,2.9437194209603414,0
2.2791802151075538,0.0,0.0,0.0,0.0,1.1177218097941333,0.0,1.0,1.0,2.9437194209603414,0
2.2844197098549275,0.0,0.0,0.0,0.0,1.158578778713302,0.0,1.0,1.0,2.9437194209603414,0
2.289659204602301,0.0,0.0,0.0,0.0,1.1877227485816446,0.0,1.0,1.0,2.9437194209603414,0
2.294898699349675,0.0,0.0,0.0,0.0,1.216866718449987,0.0,1.0,1.0,2.9437194209603414,0
2.3001381940970487,0.0,0.0,0.0,0.0,1.2460106883183295,0.0,1.0,1.0,2.9437194209603414,0
2.3053776888444224,0.0,0.0,0.0,0.0,1.2751546581866722,0.0,1.0,1.0,2.9437194209603414,0
2.310617183591796,0.0,0.0,0.0,0.0,1.3042986280550148,0.0,1.0,1.0,2.9437194209603414,0
2.31585667833917,0.0,0.0,0.0,0.0,1.3334425979233573,0.0,1.0,1.0,2.9437194209603414,0
2.321096173086544,0.0,0.0,0.0,0.0,1.3625865677917,0.0,1.0,1.0,2.9437194209603414,0
2.3263356678339173,0.0,0.0,0.0,0.0,1.3917305376600424,0.0,1.0,1.0,2.9437194209603414,0
2.3315751625812906,0.0,0.0,0.0,0.0,1.4208745075283826,0.0,1.0,1.0,2.9437194209603414,0
2.3368146573286643,0.0,4.435370828446124e-07,0.0,0.0,1.4475359327591235,0.0,1.0,1.0,2.9437194209603414,0
2.342054152076038,0.0,4.559148619008588e-06,0.0,0.0,1.453644197734366,0.0,1.0,1.0,2.9437194209603414,0
2.347293646823412,0.0,8.674760155172564e-06,0.0,0.0,1.4597524627096081,0.0,1.0,1.0,2.9437194209603414,0
2.352533141570785,0.0,1.2790371691336543e-05,0.0,0.0,1.46586072768485,0.0,1.0,1.0,2.9437194209603414,0
2.3577726363181597,0.0,1.690598322749736e-05,0.0,0.0,1.4719689926600927,0.0,1.0,1.0,2.9437194209603414,0
2.363012131065533,0.0,2.1021594763652354e-05,0.0,0.0,1.478077257635335,0.0,1.0,1.0,2.9437194209603414,0
2.3682516258129067,0.0,2.5137206299821437e-05,0.0,0.0,1.4841855226105773,0.0,1.0,1.0,2.9437194209603414,0
2.3734911205602804,0.0,2.9252817835990523e-05,0.0,0.0,1.4902937875858195,0.0,1.0,1.0,2.9437194209603414,0
2.378730615307654,0.0,3.3368429372145514e-05,0.0,0.0,1.4964020525610615,0.0,1.0,1.0,2.9437194209603414,0
2.3839701100550275,0.0,3.74840409083146e-05,0.0,0.0,1.5025103175363037,0.0,1.0,1.0,2.9437194209603414,0
2.389209604802401,0.0,4.156893355169381e-05,0.0,0.0,1.5068795144240208,0.0,1.0,0.1531245029152293,2.9437194209603414,0
2.394449099549775,0.0,4.533434971007239e-05,0.0,0.0,1.4931624032014792,0.0,1.0,0.1531245029152293,2.9437194209603414,0
2.3996885942971486,0.0,4.909976586845098e-05,0.0,0.0,1.4794452919789378,0.0,1.0,0.1531245029152293,2.9437194209603414,0
2.4049280890445224,0.0,5.2865182026829566e-05,0.0,0.0,1.4657281807563962,0.0,1.0,0.1531245029152293,2.9437194209603414,0
2.410167583791896,0.0,5.6630598185208166e-05,0.0,0.0,1.4520110695338546,0.0,1.0,0.1531245029152293,2.9437194209603414,0
2.41540707853927,0.0,6.039601434358675e-05,0.0,0.0,1.4382939583113132,0.0,1.0,0.1531245029152293,2.9437194209603414,0
2.420646573286644,0.0,6.416143050196533e-05,0.0,0.0,1.4245768470887716,0.0,1.0,0.1531245029152293,2.9437194209603414,0
2.4258860680340173,0.0,6.792684666034393e-05,0.0,0.0,1.41085973586623,0.0,1.0,0.1531245029152293,2.9437194209603414,0
2.431125562781391,0.0,7.16922628187225e-05,0.0,0.0,1.3971426246436884,0.0,1.0,0.1531245029152293,2.9437194209603414,0
2.4363650575287643,0.0,7.54576789771011e-05,0.0,0.0,1.3834255134211484,0.0,1.0,0.1531245029152293,2.9437194209603414,0
2.441604552276138,0.0,7.843498991235538e-05,0.0,0.0,1.3689389518926474,0.0,1.0,0.1531245029152293,2.9437194209603414,0
2.446844047023512,0.0,7.055396221780771e-05,0.0,0.0,1.3438510750375887,0.0,1.0,0.1531245029152293,2.9437194209603414,0
2.452083541770885,0.0,6.267293452327413e-05,0.0,0.0,1.31876319818253,0.0,1.0,0.1531245029152293,2.9437194209603414,0
2.4573230365182592,0.0,5.4791906828726454e-05,0.0,0.0,1.2936753213274714,0.0,1.0,0.1531245029152293,2.9437194209603414,0
2.462562531265633,0.0,4.691087913417878e-05,0.0,0.0,1.2685874444724128,0.0,1.0,0.1531245029152293,2.9437194209603414,0
2.4678020260130067,0.0,3.902985143963111e-05,0.0,0.0,1.2434995676173541,0.0,1.0,0.1531245029152293,2.9437194209603414,0
2.4730415207603804,0.0,3.114882374509753e-05,0.0,0.0,1.2184116907622955,0.0,1.0,0.1531245029152293,2.9437194209603414,0
2.478281015507754,0.0,2.326779605054986e-05,0.0,0.0,1.1933238139072369,0.0,1.0,0.1531245029152293,2.9437194209603414,0
2.483520510255128,0.0,1.5386768356002183e-05,0.0,0.0,1.1682359370521782,0.0,1.0,0.1531245029152293,2.9437194209603414,0
2.4887600050025016,0.0,7.5057406614696035e-06,0.0,0.0,1.1431480601971196,0.0,1.0,0.1531245029152293,2.9437194209603414,0
2.493999499749875,3.428373158405343e-07,1.7154037582298413e-06,0.0,0.0,1.1180154576927053,0.0,1.0,0.1531245029152293,2.9437194209603414,0
2.4992389944972486,7.542420948490535e-06,3.7738882681044234e-05,0.0,0.0,1.0919883422011367,0.0,1.0,0.1531245029152293,2.9437194209603414,0
2.5044784892446224,1.4742004581140533e-05,7.376236160386368e-05,0.0,0.0,1.0659612267095684,0.0,1.0,0.1531245029152293,2.9437194209603414,0
2.509717983991996,2.1941588213790537e-05,0.0001097858405266831,0.0,0.0,1.039934111218,0.0,1.0,0.1531245029152293,2.9437194209603414,0
2.51495747873937,2.9141171846440535e-05,0.00014580931944950255,0.0,0.0,1.0139069957264317,0.0,1.0,0.1531245029152293,2.9437194209603414,0
2.5201969734867435,3.6340755479090535e-05,0.00018183279837232196,0.0,0.0,0.9878798802348632,0.0,1.0,0.1531245029152293,2.9437194209603414,0
2.5254364682341173,4.354033911174053e-05,0.0002178562772951414,0.0,0.0,0.9618527647432948,0.0,1.0,0.1531245029152293,2.9437194209603414,0
2.530675962981491,5.073992274439054e-05,0.00025387975621796085,0.0,0.0,0.9358256492517263,0.0,1.0,0.1531245029152293,2.9437194209603414,0
2.5359154577288647,5.7939506377001984e-05,0.00028990323514078027,0.0,0.0,0.909798533760158,0.0,1.0,0.1531245029152293,2.9437194209603414,0
2.5411549524762385,6.513909000965847e-05,0.00032592671406361383,0.0,0.0,0.8837714182685895,0.0,1.0,0.1531245029152293,2.9437194209603414,0
2.546394447223612,7.194170411870919e-05,0.0003783436809450197,0.0,0.0,0.857847878979087,0.0,1.0,0.1531245029152293,2.9437194209603414,0
2.551633941970985,6.47421204860527e-05,0.0010090036776393121,0.0,0.0,0.8355777548169203,0.0,1.0,0.1531245029152293,2.9437194209603414,0
2.556873436718359,5.7542536853396216e-05,0.0016396636743335905,0.0,0.0,0.8133076306547536,0.0,1.0,0.1531245029152293,2.9437194209603414,0
2.562112931465733,5.034295322078549e-05,0.002270323671027883,0.0,0.0,0.7910375064925869,0.0,1.0,0.1531245029152293,2.9437194209603414,0
2.5673524262131067,4.314336958813542e-05,0.0029009836677221755,0.0,0.0,0.7687673823304204,0.0,1.0,0.1531245029152293,2.9437194209603414,0
2.5725919209604804,3.5943785955485364e-05,0.0035316436644164677,0.0,0.0,0.7464972581682536,0.0,1.0,0.1531245029152293,2.9437194209603414,0
2.577831415707854,2.8744202322835306e-05,0.00416230366111076,0.0,0.0,0.724227134006087,0.0,1.0,0.1531245029152293,2.9437194209603414,0
2.583070910455228,2.1544618690185244e-05,0.004792963657805039,0.0,0.0,0.7019570098439203,0.0,1.0,0.1531245029152293,2.9437194209603414,0
2.5883104052026016,1.4345035057535182e-05,0.00542362365449933,0.0,0.0,0.6796868856817536,0.0,1.0,0.1531245029152293,2.9437194209603414,0
2.5935498999499758,7.145451424885122e-06,0.006054283651193623,0.0,0.0,0.6574167615195871,0.0,1.0,0.1531245029152293,2.9437194209603414,0
2.598789394697349,4.9929695212731825e-08,0.006690030005131589,0.0,0.0,0.6351835982031462,0.0,1.0,0.1531245029152293,2.9437194209603414,0
2.6040288894447223,6.690579158425576e-06,0.007997175515227113,0.0,0.0,0.6178292665224631,0.0,1.0,0.1531245029152293,2.9437194209603414,0
2.609268384192096,1.3331228621638983e-05,0.00930432102532275,0.0,0.0,0.6004749348417785,0.0,1.0,0.1531245029152293,2.9437194209603414,0
2.61450787893947,1.997187808485239e-05,0.010611466535418387,0.0,0.0,0.5831206031610939,0.0,1.0,0.1531245029152293,2.9437194209603414,0
2.6197473736868435,2.6612527548065798e-05,0.011918612045514025,0.0,0.0,0.5657662714804094,0.0,1.0,0.1531245029152293,2.9437194209603414,0
2.624986868434217,3.3253177011279205e-05,0.013225757555609662,0.0,0.0,0.5484119397997246,0.0,1.0,0.1531245029152293,2.9437194209603414,0
2.630226363181591,3.9893826474492616e-05,0.014532903065705299,0.0,0.0,0.5310576081190401,0.0,1.0,0.1531245029152293,2.9437194209603414,0
2.6354658579289647,4.653447593770601e-05,0.015840048575800937,0.0,0.0,0.5137032764383554,0.0,1.0,0.1531245029152293,2.9437194209603414,0
2.6407053526763384,5.3175125400914016e-05,0.017147194085896558,0.0,0.0,0.49634894475767083,0.0,1.0,0.1531245029152293,2.9437194209603414,0
2.645944847423712,5.981577486411105e-05,0.01845433959599221,0.0,0.0,0.4789946130769863,0.0,1.0,0.1531245029152293,2.9437194209603414,0
2.651184342171086,6.645642432730807e-05,0.019761485106087832,0.0,0.0,0.4616402813963017,0.0,1.0,0.1531245029152293,2.9437194209603414,0
2.656423836918459,8.520322154089357e-05,0.02227828675742272,0.0,0.0,0.4487685817134937,6.313460878503727e-06,1.0,0.1531245029152293,2.9437194209603414,0
2.661663331665833,0.00010410365007111632,0.024810439375017125,0.0,0.0,0.43595376822355075,1.2707041818916572e-05,1.0,0.1531245029152293,2.9437194209603414,0
2.666902826413206,0.00012300407860133908,0.027342591992611534,0.0,0.0,0.4231389547336078,1.9100622759326777e-05,1.0,0.1531245029152293,2.9437194209603414,0
2.6721423211605804,0.0001419045071315618,0.029874744610205946,0.0,0.0,0.41032414124366484,2.549420369974376e-05,1.0,0.1531245029152293,2.9437194209603414,0
2.677381815907954,0.00016080493566178456,0.032406897227800366,0.0,0.0,0.39750932775372194,3.1887784640153965e-05,1.0,0.1531245029152293,2.9437194209603414,0
2.682621310655328,0.00017970536419200734,0.034939049845394775,0.0,0.0,0.384694514263779,3.8281365580570944e-05,1.0,0.1531245029152293,2.9437194209603414,0
2.6878608054027016,0.00019860579272223006,0.037471202462989184,0.0,0.0,0.37187970077383603,4.467494652098115e-05,1.0,0.1531245029152293,2.9437194209603414,0
2.6931003001500757,0.00021750622125245282,0.0400033550805836,0.0,0.0,0.3590648872838931,5.106852746139814e-05,1.0,0.1531245029152293,2.9437194209603414,0
2.698339794897449,0.00023640664978267557,0.042535507698178016,0.0,0.0,0.34625007379395023,5.746210840180834e-05,1.0,0.1531245029152293,2.9437194209603414,0
2.7035792896448227,0.00025530707831284685,0.045067660315772425,0.0,0.0,0.3334352603040072,6.385568934222533e-05,1.0,0.1531245029152293,2.9437194209603414,0
2.7088187843921965,0.00023121396920364377,0.048889224288705416,0.0,0.0,0.324647582594493,5.7878732723739475e-05,1.0,0.1531245029152293,2.9437194209603414,0
2.7140582791395698,0.00020567289121022398,0.05275421403267269,0.0,0.0,0.3159955338102267,5.148515178332927e-05,1.0,0.1531245029152293,2.9437194209603414,0
2.7192977738869435,0.0001801318132168042,0.05661920377664029,0.0,0.0,0.30734348502595976,4.509157084291229e-05,1.0,0.1531245029152293,2.9437194209603414,0
2.724537268634317,0.00015459073522338442,0.06048419352060789,0.0,0.0,0.29869143624169275,3.869798990250209e-05,1.0,0.1531245029152293,2.9437194209603414,0
2.729776763381691,0.00012904965722996463,0.06434918326457549,0.0,0.0,0.2900393874574258,3.23044089620851e-05,1.0,0.1531245029152293,2.9437194209603414,0
2.7350162581290647,0.0001035085792364934,0.06821417300854309,0.0,0.0,0.2813873386731588,2.5910828021674895e-05,1.0,0.1531245029152293,2.9437194209603414,0
2.7402557528764384,7.796750124307363e-05,0.0720791627525107,0.0,0.0,0.2727352898888918,1.9517247081257912e-05,1.0,0.1531245029152293,2.9437194209603414,0
2.745495247623812,5.242642324965385e-05,0.07594415249647828,0.0,0.0,0.26408324110462483,1.3123666140847706e-05,1.0,0.1531245029152293,2.9437194209603414,0
2.750734742371186,2.688534525624226e-05,0.07980914224044589,0.0,0.0,0.2554311923203578,6.730085200435361e-06,1.0,0.1531245029152293,2.9437194209603414,0
2.75597423711856,1.3442672628110404e-06,0.08367413198441348,0.0,0.0,0.24677914353609084,3.3650426002150296e-07,1.0,0.1531245029152293,2.9437194209603414,0
2.7612137318659333,0.0,0.08865362347362346,0.0,0.0,0.24039654768123242,0.0,1.0,0.1531245029152293,2.9437194209603414,0
2.7664532266133066,0.0,0.09369503172645753,0.0,0.0,0.23414003254467483,0.0,1.0,0.1531245029152293,2.9437194209603414,0
2.7716927213606803,0.0,0.09873643997929202,0.0,0.0,0.2278835174081167,0.0,1.0,0.1531245029152293,2.9437194209603414,0
2.776932216108054,0.0,0.10377784823212652,0.0,0.0,0.22162700227155857,0.0,1.0,0.1531245029152293,2.9437194209603414,0
2.782171710855428,0.0,0.108819256484961,0.0,0.0,0.21537048713500045,0.0,1.0,0.1531245029152293,2.9437194209603414,0
2.787411205602801,0.0,0.11386066473779549,0.0,0.0,0.20911397199844237,0.0,1.0,0.1531245029152293,2.9437194209603414,0
2.7926507003501757,0.0,0.11890207299062998,0.0,0.0,0.20285745686188422,0.0,1.0,0.1531245029152293,2.9437194209603414,0
2.797890195097549,0.0,0.12394348124346447,0.0,0.0,0.1966009417253261,0.0,1.0,0.1531245029152293,2.9437194209603414,0
2.8031296898449227,0.0,0.12898488949629897,0.0,0.0,0.19034442658876807,0.0,1.0,0.1531245029152293,2.9437194209603414,0
2.8083691845922965,0.0,0.1340262977491335,0.0,0.0,0.1840879114522099,0.0,1.0,0.1531245029152293,2.9437194209603414,0
2.81360867933967,0.00045013862338211556,0.1397220909159227,0.0,0.0,0.17966052457669202,4.283630458800402e-05,1.0,0.1531245029152293,2.9437194209603414,0
2.818848174087044,0.0009355583821103717,0.14546917371110296,0.0,0.0,0.17537650180812028,8.90300492653411e-05,1.0,0.1531245029152293,2.9437194209603414,0
2.824087668834417,0.001420978140838628,0.15121625650628268,0.0,0.0,0.17109247903954894,0.0001352237939426714,1.0,0.1531245029152293,2.9437194209603414,0
2.829327163581791,0.001906397899566884,0.15696333930146292,0.0,0.0,0.16680845627097726,0.00018141753862000845,1.0,0.1531245029152293,2.9437194209603414,0
2.8345666583291647,0.0023918176582951403,0.16271042209664313,0.0,0.0,0.16252443350240556,0.0002276112832973455,1.0,0.1531245029152293,2.9437194209603414,0
2.8398061530765384,0.002877237417023448,0.16845750489182337,0.0,0.0,0.15824041073383385,0.0002738050279746826,1.0,0.1531245029152293,2.9437194209603414,0
2.845045647823912,0.0033626571757517047,0.1742045876870036,0.0,0.0,0.15395638796526218,0.0003199987726520129,1.0,0.1531245029152293,2.9437194209603414,0
2.850285142571286,0.0038480769344799606,0.17995167048218383,0.0,0.0,0.14967236519669047,0.0003661925173293499,1.0,0.1531245029152293,2.9437194209603414,0
2.85552463731866,0.004333496693208217,0.18569875327736407,0.0,0.0,0.14538834242811877,0.00041238626200668706,1.0,0.1531245029152293,2.9437194209603414,0
2.8607641320660333,0.004818916451936524,0.19144583607254426,0.0,0.0,0.14110431965954706,0.0004585800066840241,1.0,0.1531245029152293,2.9437194209603414,0
2.866003626813407,0.006000055016101585,0.1971841342153486,0.0,0.0,0.1378631650654366,0.000535981985097433,1.0,0.1531245029152293,2.9437194209603414,0
2.8712431215607808,0.00725230296093279,0.20292153447931893,0.0,0.0,0.13472860196982075,0.0006165737553567916,1.0,0.1531245029152293,2.9437194209603414,0
2.876482616308154,0.008504550905763892,0.20865893474328878,0.0,0.0,0.13159403887420518,0.0006971655256161432,1.0,0.1531245029152293,2.9437194209603414,0
2.881722111055528,0.009756798850595098,0.2143963350072591,0.0,0.0,0.12845947577858932,0.0007777572958755017,1.0,0.1531245029152293,2.9437194209603414,0
2.886961605802901,0.011009046795426304,0.22013373527122942,0.0,0.0,0.1253249126829735,0.0008583490661348602,1.0,0.1531245029152293,2.9437194209603414,0
2.8922011005502752,0.012261294740257509,0.22587113553519977,0.0,0.0,0.12219034958735762,0.0009389408363942186,1.0,0.1531245029152293,2.9437194209603414,0
2.897440595297649,0.013513542685088713,0.23160853579917012,0.0,0.0,0.11905578649174177,0.001019532606653577,1.0,0.1531245029152293,2.9437194209603414,0
2.9026800900450227,0.014765790629919971,0.23734593606314044,0.0,0.0,0.11592122339612594,0.0011001243769129356,1.0,0.1531245029152293,2.9437194209603414,0
2.9079195847923964,0.016018038574751176,0.24308333632711074,0.0,0.0,0.11278666030051007,0.001180716147172294,1.0,0.1531245029152293,2.9437194209603414,0
2.91315907953977,0.017270286519582383,0.24882073659108106,0.0,0.0,0.10965209720489422,0.0012613079174316527,1.0,0.1531245029152293,2.9437194209603414,0
2.918398574287144,0.019677755548814176,0.2541361231892728,3.454662042083625e-07,0.0,0.10759242235613461,0.0014350052483913175,1.0,0.1531245029152293,2.9437194209603414,0
2.9236380690345176,0.022232074715893366,0.2593978639824926,7.34847603866904e-07,0.0,0.10566938584383964,0.0016205380319823655,1.0,0.1531245029152293,2.9437194209603414,0
2.928877563781892,0.024786393882972612,0.2646596047757125,1.1242290035254453e-06,0.0,0.10374634933154467,0.0018060708155734132,1.0,0.1531245029152293,2.9437194209603414,0
2.9341170585292646,0.027340713050051597,0.2699213455689319,1.5136104031839541e-06,0.0,0.10182331281924986,0.0019916035991644474,1.0,0.1531245029152293,2.9437194209603414,0
2.9393565532766384,0.02989503221713084,0.2751830863621518,1.902991802842495e-06,0.0,0.0999002763069549,0.002177136382755496,1.0,0.1531245029152293,2.9437194209603414,0
2.944596048024012,0.03244935138421003,0.2804448271553716,2.2923732025010368e-06,0.0,0.09797723979465993,0.0023626691663465433,1.0,0.1531245029152293,2.9437194209603414,0
2.949835542771386,0.03500367055128922,0.2857065679485916,2.6817546021595778e-06,0.0,0.09605420328236498,0.002548201949937598,1.0,0.1531245029152293,2.9437194209603414,0
2.95507503751876,0.03755798971836847,0.2909683087418114,3.0711360018181192e-06,0.0,0.09413116677007001,0.0027337347335286456,1.0,0.1531245029152293,2.9437194209603414,0
2.9603145322661333,0.04011230888544766,0.29623004953503124,3.460517401476661e-06,0.0,0.09220813025777504,0.0029192675171196935,1.0,0.1531245029152293,2.9437194209603414,0
2.965554027013507,0.042666628052526905,0.3014917903282511,3.849898801135202e-06,0.0,0.09028509374548006,0.0031048003007107415,1.0,0.1531245029152293,2.9437194209603414,0
2.9707935217608807,0.046845260319812704,0.3059239058493663,4.2938822426437106e-06,0.0,0.08873190221378381,0.003358577601719727,1.0,0.1531245029152293,2.9437194209603414,0
2.9760330165082545,0.05127270355331502,0.3102289400426736,4.746229580736304e-06,0.0,0.08723536323691913,0.003622808542680015,1.0,0.1531245029152293,2.9437194209603414,0
2.981272511255628,0.0557001467868174,0.3145339742359809,5.198576918832757e-06,0.0,0.08573882426005447,0.0038870394836403037,1.0,0.1531245029152293,2.9437194209603414,0
2.986512006003001,0.06012759002031936,0.3188390084292878,5.65092425692535e-06,0.0,0.08424228528318992,0.004151270424600565,1.0,0.1531245029152293,2.9437194209603414,0
2.991751500750375,0.06455503325382174,0.32314404262259505,6.103271595021802e-06,0.0,0.08274574630632525,0.004415501365560846,1.0,0.1531245029152293,2.9437194209603414,0
2.996990995497749,0.06898247648732406,0.32744907681590235,6.555618933114395e-06,0.0,0.08124920732946057,0.004679732306521135,1.0,0.1531245029152293,2.9437194209603414,0
3.0022304902451227,0.07340991972082643,0.33175411100920965,7.0079662712108475e-06,0.0,0.0797526683525959,0.0049439632474814225,1.0,0.1531245029152293,2.9437194209603414,0
3.0074699849924964,0.07783736295432876,0.33605914520251684,7.46031360930344e-06,0.0,0.07825612937573123,0.005208194188441704,1.0,0.1531245029152293,2.9437194209603414,0
3.01270947973987,0.08226480618783114,0.34036417939582414,7.912660947396033e-06,0.0,0.07675959039886655,0.005472425129401992,1.0,0.1531245029152293,2.9437194209603414,0
3.017948974487244,0.08669224942133351,0.34466921358913144,8.365008285492488e-06,0.0,0.07526305142200188,0.005736656070362274,1.0,0.1531245029152293,2.9437194209603414,0
3.0231884692346176,0.09299438524125034,0.34765943343912076,1.00156341132435e-05,0.0,0.07418635734453409,0.006106137965282711,1.0,0.1531245029152293,2.9437194209603414,0
3.0284279639819918,0.09963485315516489,0.3504123643099907,1.1882517301553734e-05,0.0,0.07318543409210533,0.006494614854852741,1.0,0.1531245029152293,2.9437194209603414,0
3.033667458729365,0.10627532106907939,0.35316529518086054,1.374940048986397e-05,0.0,0.07218451083967659,0.006883091744422771,1.0,0.1531245029152293,2.9437194209603414,0
3.0389069534767383,0.11291578898299337,0.35591822605173024,1.5616283678174204e-05,0.0,0.07118358758724791,0.007271568633992774,1.0,0.1531245029152293,2.9437194209603414,0
3.044146448224112,0.11955625689690788,0.35867115692260015,1.7483166866484438e-05,0.0,0.07018266433481916,0.007660045523562804,1.0,0.1531245029152293,2.9437194209603414,0
3.049385942971486,0.1261967248108224,0.36142408779347013,1.9350050054798535e-05,0.0,0.0691817410823904,0.008048522413132834,1.0,0.1531245029152293,2.9437194209603414,0
3.0546254377188595,0.13283719272473693,0.36417701866434,2.121693324310877e-05,0.0,0.06818081782996166,0.008436999302702865,1.0,0.1531245029152293,2.9437194209603414,0
3.0598649324662333,0.13947766063865144,0.3669299495352099,2.3083816431419004e-05,0.0,0.06717989457753289,0.008825476192272901,1.0,0.1531245029152293,2.9437194209603414,0
3.065104427213607,0.146118128552566,0.3696828804060799,2.4950699619729235e-05,0.0,0.06617897132510414,0.00921395308184293,1.0,0.1531245029152293,2.9437194209603414,0
3.0703439219609807,0.15275859646648052,0.3724358112769498,2.6817582808039473e-05,0.0,0.06517804807267538,0.009602429971412961,1.0,0.1531245029152293,2.9437194209603414,0
3.0755834167083544,0.16136990237339383,0.3741261973288771,2.7479055483516408e-05,5.781823763555682e-06,0.06446817384476278,0.010145712932665103,1.0,0.1531245029152293,2.9437194209603414,0
3.080822911455728,0.170393292587934,0.375594414918662,2.788848777903792e-05,1.2772574314036643e-05,0.06381915532197628,0.01072136443617804,1.0,0.1531245029152293,2.9437194209603414,0
3.086062406203102,0.1794166828024742,0.37706263250844685,2.8297920074555576e-05,1.976332486452272e-05,0.06317013679918977,0.011297015939690977,1.0,0.1531245029152293,2.9437194209603414,0
3.091301900950476,0.18844007301701438,0.37853085009823173,2.8707352370077085e-05,2.6754075415003684e-05,0.06252111827640328,0.011872667443203921,1.0,0.1531245029152293,2.9437194209603414,0
3.096541395697849,0.19746346323155384,0.3799990676880165,2.9116784665598597e-05,3.374482596548464e-05,0.061872099753616815,0.012448318946716809,1.0,0.1531245029152293,2.9437194209603414,0
3.101780890445222,0.20648685344609402,0.3814672852778013,2.9526216961116253e-05,4.073557651597072e-05,0.061223081230830326,0.013023970450229745,1.0,0.1531245029152293,2.9437194209603414,0
3.1070203851925964,0.2155102436606342,0.38293550286758626,2.9935649256637762e-05,4.7726327066451684e-05,0.06057406270804381,0.01359962195374269,1.0,0.1531245029152293,2.9437194209603414,0
3.11225987993997,0.2245336338751744,0.3844037204573711,3.0345081552159277e-05,5.471707761693776e-05,0.05992504418525731,0.014175273457255628,1.0,0.1531245029152293,2.9437194209603414,0
3.117499374687344,0.23355702408971457,0.38587193804715586,3.075451384767693e-05,6.170782816741873e-05,0.0592760256624708,0.014750924960768564,1.0,0.1531245029152293,2.9437194209603414,0
3.1227388694347176,0.2425804143042548,0.38734015563694085,3.116394614319844e-05,6.86985787179048e-05,0.05862700713968431,0.015326576464281498,1.0,0.1531245029152293,2.9437194209603414,0
3.1279783641820917,0.2535699785105559,0.387978818840072,3.246363105882697e-05,8.88407069961564e-05,0.05802454881317717,0.01603601569991886,1.0,0.1531245029152293,2.9437194209603414,0
3.133217858929465,0.26502971475836484,0.3884191103420469,3.3976202470565366e-05,0.00011212772994843964,0.05743322444664989,0.01677744765410769,1.0,0.1531245029152293,2.9437194209603414,0
3.1384573536768388,0.2764894510061738,0.38885940184402185,3.548877388230762e-05,0.00013541475290072802,0.05684190008012261,0.017518879608296525,1.0,0.1531245029152293,2.9437194209603414,0
3.1436968484242125,0.2879491872539827,0.38929969334599684,3.7001345294046015e-05,0.00015870177585301126,0.05625057571359533,0.01826031156248536,1.0,0.1531245029152293,2.9437194209603414,0
3.1489363431715858,0.2994089235017907,0.3897399848479716,3.851391670578827e-05,0.00018198879880529451,0.05565925134706809,0.019001743516674136,1.0,0.1531245029152293,2.9437194209603414,0
3.1541758379189595,0.31086865974959965,0.39018027634994656,4.002648811752666e-05,0.00020527582175757777,0.05506792698054081,0.019743175470862965,1.0,0.1531245029152293,2.9437194209603414,0
3.159415332666333,0.3223283959974086,0.3906205678519215,4.153905952926892e-05,0.00022856284470986615,0.05447660261401352,0.0204846074250518,1.0,0.1531245029152293,2.9437194209603414,0
3.164654827413707,0.33378813224521753,0.3910608593538964,4.305163094100732e-05,0.0002518498676621494,0.05388527824748624,0.021226039379240634,1.0,0.1531245029152293,2.9437194209603414,0
3.1698943221610807,0.3452478684930265,0.39150115085587134,4.4564202352745714e-05,0.00027513689061443777,0.053293953880958964,0.02196747133342947,1.0,0.1531245029152293,2.9437194209603414,0
3.1751338169084544,0.35670760474083546,0.3919414423578463,4.6076773764487966e-05,0.000298423913566721,0.052702629514431665,0.022708903287618303,0.00588123431290415,0.1531245029152293,2.9437194209603414,0
3.180373311655828,0.3695425640310489,0.39158014967145427,5.453851927384232e-05,0.0003433598485039869,0.05224019210579955,0.02358342160455097,0.00588123431290415,0.1531245029152293,2.9437194209603414,0
3.185612806403202,0.3827497970747795,0.39100186763470823,6.488141063764985e-05,0.00039415615770470216,0.051812644478763215,0.024493966484646766,0.00588123431290415,0.1531245029152293,2.9437194209603414,0
3.190852301150576,0.3959570301185101,0.3904235855979622,7.52243020014574e-05,0.00044495246690541746,0.051385096851726896,0.02540451136474256,0.00588123431290415,0.1531245029152293,2.9437194209603414,0
3.1960917958979493,0.4091642631622407,0.38984530356121616,8.556719336526108e-05,0.0004957487761061378,0.05095754922469056,0.026315056244838358,0.00588123431290415,0.1531245029152293,2.9437194209603414,0
3.201331290645323,0.42237149620597125,0.3892670215244701,9.591008472906859e-05,0.000546545085306853,0.05053000159765423,0.02722560112493416,0.00588123431290415,0.1531245029152293,2.9437194209603414,0
3.2065707853926964,0.4355787292497007,0.38868873948772414,0.00010625297609287613,0.0005973413945075632,0.05010245397061794,0.02813614600502988,0.00588123431290415,0.1531245029152293,2.9437194209603414,0
3.21181028014007,0.44878596229343126,0.3881104574509781,0.00011659586745667982,0.0006481377037082785,0.04967490634358162,0.029046690885125674,0.00588123431290415,0.1531245029152293,2.9437194209603414,0
3.217049774887444,0.4619931953371618,0.38753217541423207,0.00012693875882048734,0.0006989340129089989,0.049247358716545286,0.029957235765221475,0.00588123431290415,0.1531245029152293,2.9437194209603414,0
3.222289269634817,0.4752004283808924,0.38695389337748604,0.0001372816501842949,0.0007497303221097141,0.04881981108950897,0.030867780645317276,0.00588123431290415,0.1531245029152293,2.9437194209603414,0
3.2275287643821917,0.48840766142462294,0.38637561134074,0.00014762454154809856,0.0008005266313104293,0.048392263462472634,0.03177832552541307,0.00588123431290415,0.1531245029152293,2.9437194209603414,0
3.232768259129565,0.502393147240717,0.38530703401571403,0.00016012622765986903,0.0008694336528444816,0.04812564359753557,0.032747449101442054,0.00588123431290415,0.1531245029152293,2.9437194209603414,0
3.2380077538769387,0.5166151608601761,0.38408944537758366,0.00017328401805778718,0.0009438449104798447,0.04790793315049141,0.03373437600662719,0.00588123431290415,0.1531245029152293,2.9437194209603414,0
3.2432472486243125,0.5308371744796354,0.3828718567394531,0.0001864418084557015,0.0010182561681152079,0.04769022270344724,0.03472130291181232,0.00588123431290415,0.1531245029152293,2.9437194209603414,0
3.248486743371686,0.5450591880990946,0.3816542681013226,0.00019959959885361965,0.0010926674257505662,0.04747251225640306,0.03570822981699746,0.00588123431290415,0.1531245029152293,2.9437194209603414,0
3.25372623811906,0.5592812017185539,0.38043667946319215,0.00021275738925153397,0.0011670786833859292,0.04725480180935889,0.03669515672218259,0.00588123431290415,0.1531245029152293,2.9437194209603414,0
3.258965732866433,0.5735032153380119,0.3792190908250618,0.00022591517964944827,0.001241489941021282,0.04703709136231473,0.03768208362736765,0.00588123431290415,0.1531245029152293,2.9437194209603414,0
3.264205227613807,0.587725228957471,0.37800150218693124,0.0002390729700473664,0.0013159011986566454,0.04681938091527057,0.038669010532552776,0.00588123431290415,0.1531245029152293,2.9437194209603414,0
3.2694447223611807,0.6019472425769303,0.3767839135488008,0.00025223076044528074,0.0013903124562920034,0.04660167046822639,0.03965593743773792,0.00588123431290415,0.1531245029152293,2.9437194209603414,0
3.2746842171085544,0.6161692561963895,0.37556632491067027,0.00026538855084319894,0.0014647237139273667,0.04638396002118222,0.040642864342923045,0.00588123431290415,0.1531245029152293,2.9437194209603414,0
3.279923711855928,0.6303912698158488,0.37434873627253984,0.00027854634124111323,0.0015391349715627245,0.04616624957413804,0.041629791248108186,0.00588123431290415,0.1531245029152293,2.9437194209603414,0
3.285163206603302,0.6446940740127446,0.37270609492948564,0.00029456932289501005,0.0016448278259049468,0.04621974354998125,0.04275395743166511,0.00588123431290415,0.1531245029152293,2.9437194209603414,0
3.290402701350676,0.6590242602509863,0.3709193920991922,0.000311563392860495,0.0017611228321511654,0.046365155803380215,0.04392463759883125,0.00588123431290415,0.1531245029152293,2.9437194209603414,0
3.2956421960980493,0.6733544464892278,0.36913268926889886,0.0003285574628259799,0.0018774178383973894,0.04651056805677919,0.04509531776599739,0.00588123431290415,0.1531245029152293,2.9437194209603414,0
3.300881690845423,0.6876846327274696,0.3673459864386055,0.0003455515327914687,0.0019937128446436084,0.04665598031017818,0.046265997933163536,0.00588123431290415,0.1531245029152293,2.9437194209603414,0
3.3061211855927968,0.7020148189657114,0.3655592836083121,0.0003625456027569537,0.002110007850889827,0.04680139256357716,0.047436678100329685,0.00588123431290415,0.1531245029152293,2.9437194209603414,0
3.3113606803401705,0.7163450052039532,0.3637725807780187,0.0003795396727224386,0.002226302857136051,0.046946804816976134,0.048607358267495834,0.00588123431290415,0.1531245029152293,2.9437194209603414,0
3.316600175087544,0.7306751914421937,0.36198587794772547,0.00039653374268792355,0.002342597863382259,0.04709221707037508,0.04977803843466188,0.00588123431290415,0.1531245029152293,2.9437194209603414,0
3.321839669834917,0.7450053776804353,0.36019917511743205,0.00041352781265340856,0.002458892869628478,0.04723762932377405,0.05094871860182802,0.00588123431290415,0.1531245029152293,2.9437194209603414,0
3.3270791645822912,0.7593355639186771,0.3584124722871387,0.00043052188261889345,0.002575187875874702,0.047383041577173046,0.052119398768994164,0.00588123431290415,0.1531245029152293,2.9437194209603414,0
3.332318659329665,0.7736657501569187,0.35662576945684527,0.00044751595258438225,0.0026914828821209204,0.04752845383057202,0.05329007893616031,0.00588123431290415,0.1531245029152293,2.9437194209603414,0
3.3375581540770387,0.7872433926398995,0.35465340228797365,0.00046995932446396,0.0028495793712325183,0.04742768455781118,0.05439990430308569,0.00588123431290415,0.1531245029152293,2.9437194209603414,0
3.3427976488244124,0.8005381824700409,0.35261125093667095,0.0004944508822353875,0.0030233874521797253,0.04723438498728681,0.05548685665888609,0.00588123431290415,0.1531245029152293,2.9437194209603414,0
3.348037143571786,0.8138329723001823,0.3505690995853682,0.0005189424400068109,0.003197195533126927,0.04704108541676243,0.0565738090146865,0.00588123431290415,0.1531245029152293,2.9437194209603414,0
3.35327663831916,0.8271277621303237,0.34852694823406544,0.0005434339977782385,0.003371003614074134,0.04684778584623807,0.05766076137048691,0.00588123431290415,0.1531245029152293,2.9437194209603414,0
3.3585161330665336,0.840422551960465,0.3464847968827627,0.0005679255555496659,0.003544811695021341,0.04665448627571369,0.058747713726287315,0.00588123431290415,0.1531245029152293,2.9437194209603414,0
3.363755627813908,0.8537173417906063,0.34444264553146,0.0005924171133210933,0.0037186197759685423,0.04646118670518933,0.05983466608208772,0.00588123431290415,0.1531245029152293,2.9437194209603414,0
3.3689951225612806,0.8670121316207465,0.3424004941801574,0.000616908671092517,0.0038924278569157336,0.04626788713466499,0.06092161843788803,0.00588123431290415,0.1531245029152293,2.9437194209603414,0
3.3742346173086544,0.8803069214508878,0.34035834282885463,0.0006414002288639443,0.004066235937862941,0.04607458756414061,0.06200857079368845,0.00588123431290415,0.1531245029152293,2.9437194209603414,0
3.379474112056028,0.8936017112810293,0.3383161914775519,0.0006658917866353717,0.004240044018810143,0.045881287993616245,0.06309552314948884,0.00588123431290415,0.1531245029152293,2.9437194209603414,0
3.384713606803402,0.9068965011111707,0.3362740401262492,0.0006903833444067992,0.004413852099757349,0.04568798842309189,0.06418247550528926,0.00588123431290415,0.1531245029152293,2.9437194209603414,0
3.389953101550776,0.9190381528522087,0.3341730072979914,0.0007226666388036791,0.0046307337288787696,0.04561162452999171,0.06526373919358239,0.00588123431290415,0.1531245029152293,2.9437194209603414,0
3.3951925962981493,0.9307013749605335,0.3320475449207842,0.000758182674991974,0.004865486298200124,0.0455837765030569,0.06634264269003741,0.00588123431290415,0.1531245029152293,2.9437194209603414,0
3.400432091045523,0.9423645970688586,0.329922082543577,0.0007936987111802651,0.005100238867521479,0.045555928476122075,0.06742154618649245,0.00588123431290415,0.1531245029152293,2.9437194209603414,0
3.4056715857928967,0.9540278191771834,0.3277966201663698,0.0008292147473685599,0.005334991436842839,0.04552808044918725,0.06850044968294747,0.00588123431290415,0.1531245029152293,2.9437194209603414,0
3.4109110805402705,0.9656910412855086,0.3256711577891626,0.0008647307835568549,0.005569744006164193,0.04550023242225242,0.06957935317940249,0.00588123431290415,0.1531245029152293,2.9437194209603414,0
3.416150575287644,0.9773542633938331,0.32354569541195544,0.0009002468197451461,0.005804496575485547,0.045472384395317596,0.07065825667585751,0.00588123431290415,0.1531245029152293,2.9437194209603414,0
3.421390070035018,0.9890174855021583,0.32142023303474826,0.0009357628559334409,0.006039249144806903,0.04544453636838279,0.07173716017231253,0.00588123431290415,0.1531245029152293,2.9437194209603414,0
3.4266295647823912,1.0006807076104824,0.31929477065754125,0.000971278892121732,0.006274001714128242,0.04541668834144797,0.07281606366876747,0.00588123431290415,0.1531245029152293,2.9437194209603414,0
3.431869059529765,1.0123439297188073,0.3171693082803341,0.001006794928310027,0.006508754283449597,0.04538884031451314,0.0738949671652225,0.00588123431290415,0.1531245029152293,2.9437194209603414,0
3.4371085542771387,1.0240071518271323,0.3150438459031269,0.001042310964498318,0.006743506852770952,0.04536099228757831,0.07497387066167752,0.00588123431290415,0.1531245029152293,2.9437194209603414,0
3.4423480490245124,1.0340525029228818,0.31276592779023615,0.0010835390890686822,0.007038731605558632,0.0453513769091458,0.0760220135717936,0.00588123431290415,0.1531245029152293,2.9437194209603414,0
3.447587543771886,1.043359774177128,0.31041845870303714,0.0011273730933753898,0.007361544033285329,0.045350079344811056,0.07705612336770395,0.00588123431290415,0.1531245029152293,2.9437194209603414,0
3.45282703851926,1.0526670454313745,0.3080709896158381,0.0011712070976820975,0.007684356461012019,0.0453487817804763,0.07809023316361431,0.00588123431290415,0.1531245029152293,2.9437194209603414,0
3.4580665332666336,1.061974316685621,0.30572352052863916,0.0012150411019888091,0.008007168888738717,0.04534748421614155,0.07912434295952465,0.00588123431290415,0.1531245029152293,2.9437194209603414,0
3.4633060280140078,1.0712815879398674,0.30337605144144014,0.0012588751062955169,0.008329981316465413,0.045346186651806786,0.08015845275543501,0.00588123431290415,0.1531245029152293,2.9437194209603414,0
3.468545522761381,1.0805888591941137,0.3010285823542411,0.0013027091106022246,0.008652793744192108,0.04534488908747205,0.08119256255134537,0.00588123431290415,0.1531245029152293,2.9437194209603414,0
3.473785017508755,1.08989613044836,0.29868111326704216,0.0013465431149089322,0.008975606171918804,0.0453435915231373,0.08222667234725574,0.00588123431290415,0.1531245029152293,2.9437194209603414,0
3.479024512256128,1.0992034017026056,0.2963336441798433,0.0013903771192156401,0.009298418599645475,0.045342293958802536,0.083260782143166,0.00588123431290415,0.1531245029152293,2.9437194209603414,0
3.484264007003502,1.1085106729568517,0.29398617509264435,0.0014342111235223476,0.009621231027372164,0.045340996394467786,0.08429489193907636,0.00588123431290415,0.1531245029152293,2.9437194209603414,0
3.4895035017508755,1.1178179442110983,0.2916387060054454,0.0014780451278290556,0.009944043455098866,0.04533969883013305,0.08532900173498671,0.00588123431290415,0.1531245029152293,2.9437194209603414,0
3.4947429964982493,1.1253783052742325,0.2892902196011578,0.0015277262048934924,0.010327103123607713,0.04550846875916979,0.08628540910534638,0.00588123431290415,0.1531245029152293,2.9437194209603414,0
3.499982491245623,1.13206521124181,0.286941224538326,0.0015803308183367942,0.010740286412507644,0.045762272434892275,0.08720296526293071,0.00588123431290415,0.1531245029152293,2.9437194209603414,0
3.5052219859929967,1.138752117209388,0.2845922294754942,0.0016329354317800961,0.01115346970140757,0.04601607611061477,0.088120521420515,0.00588123431290415,0.1531245029152293,2.9437194209603414,0
3.5104614807403705,1.1454390231769656,0.28224323441266236,0.0016855400452233976,0.011566652990307496,0.04626987978633727,0.08903807757809934,0.00588123431290415,0.1531245029152293,2.9437194209603414,0
3.515700975487744,1.1521259291445436,0.27989423934983054,0.0017381446586666994,0.011979836279207422,0.046523683462059755,0.08995563373568365,0.00588123431290415,0.1531245029152293,2.9437194209603414,0
3.520940470235118,1.1588128351121212,0.2775452442869987,0.0017907492721099972,0.012393019568107346,0.04677748713778226,0.09087318989326797,0.00588123431290415,0.1531245029152293,2.9437194209603414,0
3.526179964982492,1.1654997410796992,0.27519624922416686,0.0018433538855532991,0.012806202857007273,0.04703129081350475,0.0917907460508523,0.00588123431290415,0.1531245029152293,2.9437194209603414,0
3.531419459729865,1.1721866470472764,0.2728472541613353,0.0018959584989965972,0.013219386145907168,0.04728509448922722,0.09270830220843654,0.00588123431290415,0.1531245029152293,2.9437194209603414,0
3.5366589544772387,1.178873553014854,0.2704982590985035,0.0019485631124398987,0.013632569434807094,0.04753889816494972,0.09362585836602084,0.00588123431290415,0.1531245029152293,2.9437194209603414,0
3.5418984492246124,1.185560458982432,0.26814926403567163,0.0020011677258832006,0.01404575272370702,0.047792701840672205,0.09454341452360517,0.00588123431290415,0.1531245029152293,2.9437194209603414,0
3.547137943971986,1.1903513647304778,0.26596876395212266,0.0020654740183539957,0.01453930311923276,0.04800826619153515,0.09534998137042837,0.00588123431290415,0.1531245029152293,2.9437194209603414,0
3.55237743871936,1.1941060843120352,0.2638803483339957,0.002136175414479356,0.01507677507303075,0.04820293230671906,0.09609589126834725,0.00588123431290415,0.1531245029152293,2.9437194209603414,0
3.5576169334667336,1.1978608038935925,0.26179193271586876,0.0022068768106047122,0.015614247026828745,0.04839759842190296,0.09684180116626609,0.00588123431290415,0.1531245029152293,2.9437194209603414,0
3.5628564282141078,1.20161552347515,0.25970351709774186,0.0022775782067300725,0.016151718980626742,0.04859226453708687,0.09758771106418497,0.00588123431290415,0.1531245029152293,2.9437194209603414,0
3.568095922961481,1.2053702430567077,0.2576151014796149,0.0023482796028554327,0.016689190934424735,0.04878693065227077,0.09833362096210384,0.00588123431290415,0.1531245029152293,2.9437194209603414,0
3.5733354177088548,1.209124962638265,0.2555266858614879,0.0024189809989807894,0.017226662888222728,0.04898159676745466,0.0990795308600227,0.00588123431290415,0.1531245029152293,2.9437194209603414,0
3.5785749124562285,1.2128796822198225,0.253438270243361,0.0024896823951061496,0.017764134842020718,0.04917626288263856,0.09982544075794156,0.00588123431290415,0.1531245029152293,2.9437194209603414,0
3.5838144072036022,1.21663440180138,0.25134985462523407,0.0025603837912315094,0.018301606795818715,0.049370928997822465,0.10057135065586043,0.00588123431290415,0.1531245029152293,2.9437194209603414,0
3.5890539019509755,1.220389121382937,0.24926143900710732,0.0026310851873568623,0.018839078749616656,0.049565595113006344,0.10131726055377924,0.00588123431290415,0.1531245029152293,2.9437194209603414,0
3.594293396698349,1.2241438409644945,0.24717302338898037,0.0027017865834822225,0.019376550703414652,0.04976026122819024,0.1020631704516981,0.00588123431290415,0.1531245029152293,2.9437194209603414,0
3.599532891445723,1.2261201758828162,0.24508713641495974,0.002786835562648008,0.019950558776694015,0.050039223851801776,0.10267798512033616,0.00588123431290415,0.1531245029152293,2.9437194209603414,0
3.6047723861930967,1.2270365935418501,0.2430027565128265,0.0028804357013058855,0.020546342377184276,0.05036842719443614,0.10321466703232283,0.00588123431290415,0.1531245029152293,2.9437194209603414,0
3.6100118809404704,1.2279530112008838,0.24091837661069326,0.002974035839963763,0.021142125977674536,0.05069763053707052,0.10375134894430954,0.00588123431290415,0.1531245029152293,2.9437194209603414,0
3.615251375687844,1.2288694288599176,0.23883399670855998,0.003067635978621644,0.0217379095781648,0.051026833879704886,0.10428803085629619,0.00588123431290415,0.1531245029152293,2.9437194209603414,0
3.620490870435218,1.2297858465189515,0.23674961680642678,0.0031612361172795225,0.02233369317865506,0.051356037222339265,0.10482471276828288,0.00588123431290415,0.1531245029152293,2.9437194209603414,0
3.625730365182592,1.2307022641779852,0.2346652369042935,0.0032548362559374,0.02292947677914532,0.05168524056497365,0.10536139468026956,0.00588123431290415,0.1531245029152293,2.9437194209603414,0
3.630969859929965,1.2316186818370192,0.23258085700216025,0.0033484363945952772,0.023525260379635583,0.05201444390760803,0.10589807659225622,0.00588123431290415,0.1531245029152293,2.9437194209603414,0
3.636209354677339,1.232535099496053,0.23049647710002696,0.0034420365332531585,0.024121043980125843,0.052343647250242396,0.10643475850424294,0.00588123431290415,0.1531245029152293,2.9437194209603414,0
3.641448849424712,1.2334515171550866,0.2284120971978939,0.0035356366719110285,0.024716827580616052,0.05267285059287675,0.10697144041622957,0.00588123431290415,0.1531245029152293,2.9437194209603414,0
3.646688344172086,1.2343679348141203,0.22632771729576068,0.003629236810568906,0.02531261118110631,0.05300205393551112,0.10750812232821626,0.00588123431290415,0.1531245029152293,2.9437194209603414,0
3.65192783891946,1.2341561645340708,0.2243604625306638,0.003730108712881602,0.025968182514312328,0.05325134893063399,0.10796612776280952,0.00588123431290415,0.1531245029152293,2.9437194209603414,0
3.6571673336668336,1.2332124706737067,0.22246919390818976,0.003835698246986886,0.02666254175675957,0.05344880255980929,0.10837309101992024,0.00588123431290415,0.1531245029152293,2.9437194209603414,0
3.6624068284142073,1.2322687768133422,0.2205779252857157,0.0039412877810921735,0.027356900999206804,0.05364625618898461,0.10878005427703095,0.00588123431290415,0.1531245029152293,2.9437194209603414,0
3.667646323161581,1.2313250829529778,0.21868665666324164,0.0040468773151974575,0.028051260241654042,0.05384370981815991,0.10918701753414169,0.00588123431290415,0.1531245029152293,2.9437194209603414,0
3.6728858179089543,1.230381389092614,0.2167953880407676,0.0041524668493027415,0.028745619484101283,0.05404116344733524,0.10959398079125242,0.00588123431290415,0.1531245029152293,2.9437194209603414,0
3.678125312656329,1.2294376952322497,0.21490411941829354,0.0042580563834080255,0.029439978726548514,0.054238617076510544,0.11000094404836314,0.00588123431290415,0.1531245029152293,2.9437194209603414,0
3.683364807403702,1.2284940013718855,0.21301285079581947,0.0043636459175133094,0.030134337968995756,0.05443607070568587,0.11040790730547387,0.00588123431290415,0.1531245029152293,2.9437194209603414,0
3.688604302151076,1.227550307511521,0.21112158217334542,0.004469235451618593,0.03082869721144299,0.05463352433486117,0.1108148705625846,0.00588123431290415,0.1531245029152293,2.9437194209603414,0
3.6938437968984497,1.2266066136511569,0.20923031355087138,0.0045748249857238766,0.03152305645389023,0.05483097796403648,0.11122183381969536,0.00588123431290415,0.1531245029152293,2.9437194209603414,0
3.699083291645823,1.225662919790793,0.20733904492839747,0.004680414519829153,0.03221741569633741,0.05502843159321178,0.11162879707680601,0.00588123431290415,0.1531245029152293,2.9437194209603414,0
3.7043227863931967,1.2233556228378915,0.2055371681580801,0.004805201691299428,0.03297058439052825,0.055174825897293236,0.11194874645972772,0.00588123431290415,0.1531245029152293,2.9437194209603414,0
3.7095622811405695,1.2200868108838419,0.20379832410402704,0.004943525658347576,0.03376522128787164,0.055285216831116236,0.11220733990572121,0.00588123431290415,0.1531245029152293,2.9437194209603414,0
3.714801775887944,1.2168179989297925,0.20205948004997398,0.005081849625395725,0.03455985818521504,0.05539560776493922,0.11246593335171473,0.00588123431290415,0.1531245029152293,2.9437194209603414,0
3.720041270635318,1.2135491869757429,0.20032063599592093,0.005220173592443869,0.035354495082558425,0.055505998698762216,0.11272452679770822,0.00588123431290415,0.1531245029152293,2.9437194209603414,0
3.725280765382692,1.2102803750216937,0.19858179194186784,0.005358497559492018,0.036149131979901813,0.0556163896325852,0.11298312024370175,0.00588123431290415,0.1531245029152293,2.9437194209603414,0
3.730520260130065,1.2070115630676441,0.19684294788781478,0.005496821526540167,0.0369437688772452,0.055726780566408195,0.11324171368969525,0.00588123431290415,0.1531245029152293,2.9437194209603414,0
3.735759754877439,1.2037427511135947,0.19510410383376173,0.005635145493588316,0.0377384057745886,0.05583717150023118,0.11350030713568876,0.00588123431290415,0.1531245029152293,2.9437194209603414,0
3.740999249624813,1.2004739391595456,0.19336525977970867,0.005773469460636461,0.038533042671931986,0.055947562434054174,0.11375890058168228,0.00588123431290415,0.1531245029152293,2.9437194209603414,0
3.7462387443721865,1.1972051272054958,0.1916264157256556,0.005911793427684613,0.039327679569275374,0.05605795336787716,0.11401749402767579,0.00588123431290415,0.1531245029152293,2.9437194209603414,0
3.75147823911956,1.1939363152514466,0.18988757167160272,0.006050117394732747,0.0401223164666187,0.05616834430170014,0.11427608747366928,0.00588123431290415,0.1531245029152293,2.9437194209603414,0
3.7567177338669335,1.1897564124376139,0.18826341440993113,0.006192721618342351,0.040952969078106666,0.05638365626494879,0.11448301952690866,0.00588123431290415,0.1531245029152293,2.9437194209603414,0
3.7619572286143073,1.1848790816647434,0.18672704836543652,0.006338602321532185,0.04181119124068761,0.05667928388346579,0.11465040546976549,0.00588123431290415,0.1531245029152293,2.9437194209603414,0
3.767196723361681,1.180001750891873,0.18519068232094194,0.006484483024722017,0.04266941340326856,0.05697491150198278,0.1148177914126223,0.00588123431290415,0.1531245029152293,2.9437194209603414,0
3.772436218109055,1.1751244201190025,0.18365431627644735,0.006630363727911851,0.043527635565849515,0.057270539120499744,0.11498517735547911,0.00588123431290415,0.1531245029152293,2.9437194209603414,0
3.777675712856429,1.170247089346132,0.18211795023195274,0.006776244431101687,0.04438585772843046,0.057566166739016746,0.11515256329833592,0.00588123431290415,0.1531245029152293,2.9437194209603414,0
3.782915207603802,1.1653697585732614,0.18058158418745818,0.00692212513429152,0.04524407989101142,0.05786179435753373,0.11531994924119274,0.00588123431290415,0.1531245029152293,2.9437194209603414,0
3.788154702351176,1.160492427800391,0.17904521814296356,0.007068005837481354,0.04610230205359236,0.05815742197605071,0.11548733518404956,0.00588123431290415,0.1531245029152293,2.9437194209603414,0
3.7933941970985496,1.1556150970275207,0.177508852098469,0.007213886540671186,0.046960524216173305,0.0584530495945677,0.11565472112690638,0.00588123431290415,0.1531245029152293,2.9437194209603414,0
3.7986336918459234,1.15073776625465,0.1759724860539744,0.00735976724386102,0.04781874637875425,0.05874867721308468,0.1158221070697632,0.00588123431290415,0.1531245029152293,2.9437194209603414,0
3.803873186593297,1.1458604354817794,0.1744361200094798,0.007505647947050856,0.04867696854133521,0.05904430483160167,0.11598949301262,0.00588123431290415,0.1531245029152293,2.9437194209603414,0
3.8091126813406704,1.1405274108908485,0.17295881832463972,0.007662616489527764,0.04957373563154675,0.059362446160831694,0.11605968160063783,0.00588123431290415,0.1531245029152293,2.9437194209603414,0
3.814352176088044,1.1348160350106093,0.17153055631455846,0.007828790990311862,0.05050250562038749,0.05969928006638776,0.11604916963257374,0.00588123431290415,0.1531245029152293,2.9437194209603414,0
3.819591670835418,1.1291046591303702,0.17010229430447715,0.007994965491095954,0.05143127560922825,0.0600361139719438,0.11603865766450967,0.00588123431290415,0.1531245029152293,2.9437194209603414,0
3.824831165582792,1.123393283250131,0.1686740322943959,0.008161139991880048,0.05236004559806898,0.060372947877499854,0.11602814569644558,0.00588123431290415,0.1531245029152293,2.9437194209603414,0
3.830070660330165,1.1176819073698918,0.16724577028431462,0.008327314492664141,0.053288815586909725,0.060709781783055895,0.11601763372838149,0.00588123431290415,0.1531245029152293,2.9437194209603414,0
3.835310155077539,1.1119705314896526,0.16581750827423333,0.008493488993448234,0.05421758557575048,0.06104661568861196,0.11600712176031742,0.00588123431290415,0.1531245029152293,2.9437194209603414,0
3.8405496498249128,1.1062591556094135,0.16438924626415205,0.008659663494232327,0.05514635556459122,0.061383449594167985,0.11599660979225332,0.00588123431290415,0.1531245029152293,2.9437194209603414,0
3.8457891445722874,1.100547779729174,0.16296098425407077,0.00882583799501642,0.05607512555343197,0.06172028349972405,0.11598609782418927,0.00588123431290415,0.1531245029152293,2.9437194209603414,0
3.85102863931966,1.0948364038489353,0.16153272224398948,0.008992012495800516,0.05700389554227271,0.0620571174052801,0.11597558585612519,0.00588123431290415,0.1531245029152293,2.9437194209603414,0
3.856268134067034,1.089125027968696,0.16010446023390826,0.009158186996584609,0.057932665531113474,0.062393951310836145,0.1159650738880611,0.00588123431290415,0.1531245029152293,2.9437194209603414,0
3.8615076288144072,1.0829091260530765,0.15876680505005597,0.009341863209863532,0.0588666922089617,0.06275062008765013,0.11590817631224369,0.00588123431290415,0.1531245029152293,2.9437194209603414,0
3.866747123561781,1.0762391507056144,0.15751069600980958,0.009541290964387833,0.05980544990691683,0.06312514024859633,0.11580953168944826,0.00588123431290415,0.1531245029152293,2.9437194209603414,0
3.8719866183091542,1.0695691753581522,0.1562545869695632,0.009740718718912135,0.060744207604871966,0.06349966040954251,0.11571088706665286,0.00588123431290415,0.1531245029152293,2.9437194209603414,0
3.877226113056528,1.06289920001069,0.1549984779293168,0.009940146473436435,0.061682965302827096,0.06387418057048871,0.11561224244385744,0.00588123431290415,0.1531245029152293,2.9437194209603414,0
3.882465607803902,1.0562292246632279,0.15374236888907047,0.010139574227960736,0.06262172300078224,0.06424870073143492,0.11551359782106203,0.00588123431290415,0.1531245029152293,2.9437194209603414,0
3.887705102551276,1.0495592493157657,0.1524862598488241,0.010339001982485033,0.06356048069873736,0.06462322089238112,0.11541495319826664,0.00588123431290415,0.1531245029152293,2.9437194209603414,0
3.8929445972986496,1.0428892739683036,0.1512301508085777,0.010538429737009336,0.06449923839669248,0.06499774105332731,0.11531630857547122,0.00588123431290415,0.1531245029152293,2.9437194209603414,0
3.8981840920460233,1.0362192986208416,0.14997404176833135,0.010737857491533637,0.06543799609464762,0.0653722612142735,0.11521766395267581,0.00588123431290415,0.1531245029152293,2.9437194209603414,0
3.903423586793397,1.0295493232733792,0.148717932728085,0.010937285246057934,0.06637675379260276,0.06574678137521969,0.11511901932988038,0.00588123431290415,0.1531245029152293,2.9437194209603414,0
3.908663081540771,1.022879347925917,0.14746182368783864,0.011136713000582237,0.0673155114905579,0.0661213015361659,0.11502037470708497,0.00588123431290415,0.1531245029152293,2.9437194209603414,0
3.913902576288145,1.0162169531808307,0.14629649686475835,0.011347584171202124,0.06824685540556913,0.06652518978145079,0.11490263436302289,0.00588123431290415,0.1531245029152293,2.9437194209603414,0
3.919142071035518,1.0095619513994483,0.1452197051742609,0.011569615505043917,0.06917096904711519,0.06695771917829368,0.11476627096406218,0.00588123431290415,0.1531245029152293,2.9437194209603414,0
3.924381565782892,1.0029069496180651,0.14414291348376332,0.011791646838885736,0.07009508268866131,0.0673902485751366,0.11462990756510145,0.00588123431290415,0.1531245029152293,2.9437194209603414,0
3.929621060530265,0.996251947836682,0.14306612179326578,0.012013678172727547,0.07101919633020747,0.06782277797197953,0.11449354416614073,0.00588123431290415,0.1531245029152293,2.9437194209603414,0
3.934860555277639,0.9895969460552986,0.14198933010276824,0.012235709506569362,0.0719433099717536,0.06825530736882247,0.11435718076718,0.00588123431290415,0.1531245029152293,2.9437194209603414,0
3.9401000500250127,0.9829419442739156,0.14091253841227067,0.01245774084041118,0.07286742361329974,0.0686878367656654,0.11422081736821928,0.00588123431290415,0.1531245029152293,2.9437194209603414,0
3.9453395447723865,0.9762869424925325,0.13983574672177315,0.012679772174252993,0.07379153725484588,0.06912036616250831,0.11408445396925855,0.00588123431290415,0.1531245029152293,2.9437194209603414,0
3.95057903951976,0.969631940711149,0.13875895503127558,0.012901803508094807,0.07471565089639202,0.06955289555935124,0.11394809057029781,0.00588123431290415,0.1531245029152293,2.9437194209603414,0
3.955818534267134,0.9629769389297659,0.137682163340778,0.013123834841936625,0.07563976453793816,0.06998542495619418,0.11381172717133708,0.00588123431290415,0.1531245029152293,2.9437194209603414,0
3.961058029014508,0.9563219371483829,0.13660537165028047,0.01334586617577844,0.0765638781794843,0.0704179543530371,0.11367536377237636,0.00588123431290415,0.1531245029152293,2.9437194209603414,0
3.9662975237618814,0.9495565870843434,0.13565351008441953,0.013579786458544935,0.07746899385109189,0.07091292279020546,0.11346976537293747,0.00588123431290415,0.1531245029152293,2.9437194209603414,0
3.971537018509255,0.9426746318762607,0.13483366231005606,0.013826269805896761,0.07835403434827985,0.07147387062565583,0.11319100627711708,0.00588123431290415,0.1531245029152293,2.9437194209603414,0
3.976776513256629,0.9357926766681771,0.13401381453569255,0.01407275315324861,0.07923907484546787,0.07203481846110622,0.11291224718129667,0.00588123431290415,0.1531245029152293,2.9437194209603414,0
3.982016008004002,0.928910721460094,0.133193966761329,0.014319236500600458,0.08012411534265589,0.0725957662965566,0.11263348808547623,0.00588123431290415,0.1531245029152293,2.9437194209603414,0
3.987255502751376,0.9220287662520104,0.1323741189869655,0.014565719847952309,0.08100915583984392,0.073156714132007,0.11235472898965583,0.00588123431290415,0.1531245029152293,2.9437194209603414,0
3.9924949974987496,0.915146811043927,0.13155427121260196,0.014812203195304154,0.08189419633703192,0.0737176619674574,0.11207596989383539,0.00588123431290415,0.1531245029152293,2.9437194209603414,0
3.9977344922461233,0.9082648558358436,0.1307344234382384,0.015058686542656005,0.08277923683421995,0.07427860980290779,0.11179721079801497,0.00588123431290415,0.1531245029152293,2.9437194209603414,0
4.002973986993497,0.9013829006277608,0.12991457566387493,0.015305169890007832,0.08366427733140788,0.07483955763835813,0.11151845170219457,0.00588123431290415,0.1531245029152293,2.9437194209603414,0
4.008213481740871,0.8945009454196767,0.12909472788951135,0.015551653237359702,0.08454931782859598,0.07540050547380858,0.11123969260637413,0.00588123431290415,0.1531245029152293,2.9437194209603414,0
4.013452976488244,0.887618990211594,0.12827488011514787,0.01579813658471153,0.08543435832578393,0.07596145330925891,0.11096093351055372,0.00588123431290415,0.1531245029152293,2.9437194209603414,0
4.018692471235618,0.8808236915233715,0.1274624943721765,0.016055085918077996,0.08628269234400081,0.07646608781942159,0.1106883723499553,0.00588123431290415,0.1531245029152293,2.9437194209603414,0
4.023931965982992,0.8741276285272499,0.1266586538587028,0.016324020493493397,0.08708899152339569,0.07690623448933527,0.11042290882485305,0.00588123431290415,0.1531245029152293,2.9437194209603414,0
4.029171460730366,0.8674315655311269,0.125854813345229,0.01659295506890884,0.08789529070279072,0.07734638115924904,0.11015744529975076,0.00588123431290415,0.1531245029152293,2.9437194209603414,0
4.034410955477739,0.8607355025350053,0.1250509728317553,0.016861889644324238,0.0887015898821856,0.07778652782916272,0.10989198177464853,0.00588123431290415,0.1531245029152293,2.9437194209603414,0
4.039650450225113,0.8540394395388825,0.12424713231828148,0.01713082421973968,0.08950788906158062,0.07822667449907648,0.10962651824954622,0.00588123431290415,0.1531245029152293,2.9437194209603414,0
4.044889944972486,0.8473433765427607,0.1234432918048078,0.017399758795155082,0.09031418824097551,0.07866682116899018,0.10936105472444398,0.00588123431290415,0.1531245029152293,2.9437194209603414,0
4.050129439719861,0.8406473135466379,0.12263945129133397,0.01766869337057053,0.09112048742037053,0.07910696783890395,0.10909559119934169,0.00588123431290415,0.1531245029152293,2.9437194209603414,0
4.055368934467234,0.8339512505505161,0.12183561077786027,0.017937627945985926,0.0919267865997654,0.07954711450881763,0.10883012767423945,0.00588123431290415,0.1531245029152293,2.9437194209603414,0
4.060608429214607,0.8272551875543944,0.12103177026438659,0.018206562521401324,0.09273308577916027,0.07998726117873133,0.10856466414913721,0.00588123431290415,0.1531245029152293,2.9437194209603414,0
4.065847923961981,0.8205591245582716,0.12022792975091277,0.018475497096816767,0.09353938495855531,0.08042740784864508,0.1082992006240349,0.00588123431290415,0.1531245029152293,2.9437194209603414,0
4.071087418709355,0.813932534873868,0.11945788664418307,0.018743886478918836,0.09428752835833407,0.08087259315038507,0.10803513336919619,0.00588123431290415,0.1531245029152293,2.9437194209603414,0
4.076326913456729,0.807392201379855,0.11872980548627583,0.01901159896370496,0.09496346711038733,0.08132403428152743,0.1077727996858644,0.00588123431290415,0.1531245029152293,2.9437194209603414,0
4.081566408204102,0.8008518678858432,0.11800172432836874,0.019279311448491043,0.09563940586244048,0.08177547541266972,0.10751046600253265,0.00588123431290415,0.1531245029152293,2.9437194209603414,0
4.086805902951476,0.7943115343918303,0.1172736431704615,0.019547023933277168,0.09631534461449373,0.08222691654381209,0.10724813231920086,0.00588123431290415,0.1531245029152293,2.9437194209603414,0
4.09204539769885,0.7877712008978183,0.1165455620125544,0.01981473641806325,0.09699128336654689,0.08267835767495438,0.1069857986358691,0.00588123431290415,0.1531245029152293,2.9437194209603414,0
4.097284892446224,0.7812308674038053,0.11581748085464715,0.020082448902849374,0.09766722211860016,0.08312979880609675,0.1067234649525373,0.00588123431290415,0.1531245029152293,2.9437194209603414,0
4.102524387193597,0.7746905339097934,0.11508939969674005,0.020350161387635454,0.09834316087065331,0.08358123993723902,0.10646113126920556,0.00588123431290415,0.1531245029152293,2.9437194209603414,0
4.10776388194097,0.7681502004157814,0.11436131853883294,0.02061787387242154,0.09901909962270646,0.08403268106838133,0.10619879758587382,0.00588123431290415,0.1531245029152293,2.9437194209603414,0
4.1130033766883445,0.7616098669217684,0.1136332373809257,0.02088558635720766,0.09969503837475974,0.08448412219952368,0.105936463902542,0.00588123431290415,0.1531245029152293,2.9437194209603414,0
4.118242871435718,0.7550695334277565,0.1129051562230186,0.02115329884199374,0.10037097712681288,0.08493556333066599,0.10567413021921024,0.00588123431290415,0.1531245029152293,2.9437194209603414,0
4.123482366183092,0.7487626551787961,0.11223963756537184,0.021434282595493896,0.10100815431097097,0.08538828089989045,0.10540617267896027,0.00588123431290415,0.1531245029152293,2.9437194209603414,0
4.128721860930465,0.742770254877584,0.11165839427572312,0.02173314352861466,0.10159311738308198,0.08584271790629605,0.10513063947262645,0.00588123431290415,0.1531245029152293,2.9437194209603414,0
4.133961355677839,0.7367778545763709,0.11107715098607429,0.02203200446173547,0.10217808045519305,0.0862971549127017,0.10485510626629257,0.00588123431290415,0.1531245029152293,2.9437194209603414,0
4.139200850425213,0.7307854542751586,0.11049590769642556,0.02233086539485623,0.10276304352730407,0.08675159191910731,0.10457957305995876,0.00588123431290415,0.1531245029152293,2.9437194209603414,0
4.144440345172587,0.7247930539739457,0.10991466440677673,0.02262972632797704,0.10334800659941518,0.08720602892551296,0.10430403985362488,0.00588123431290415,0.1531245029152293,2.9437194209603414,0
4.14967983991996,0.7188006536727335,0.109333421117128,0.0229285872610978,0.1039329696715262,0.08766046593191856,0.10402850664729107,0.00588123431290415,0.1531245029152293,2.9437194209603414,0
4.154919334667334,0.7128082533715204,0.10875217782747916,0.02322744819421861,0.10451793274363728,0.08811490293832423,0.10375297344095721,0.00588123431290415,0.1531245029152293,2.9437194209603414,0
4.160158829414708,0.7068158530703083,0.10817093453783044,0.02352630912733937,0.10510289581574829,0.08856933994472982,0.10347744023462338,0.00588123431290415,0.1531245029152293,2.9437194209603414,0
4.165398324162081,0.7008234527690962,0.1075896912481817,0.023825170060460137,0.1056878588878593,0.08902377695113542,0.10320190702828957,0.00588123431290415,0.1531245029152293,2.9437194209603414,0
4.170637818909455,0.6948310524678831,0.10700844795853288,0.024124030993580948,0.1062728219599704,0.08947821395754108,0.1029263738219557,0.00588123431290415,0.1531245029152293,2.9437194209603414,0
4.175877313656828,0.689142510481217,0.10647481511808272,0.024423411619926675,0.10680480493856069,0.09000777136192753,0.10263350618827259,0.00588123431290415,0.1531245029152293,2.9437194209603414,0
4.1811168084042025,0.6838985019547192,0.10601083460146002,0.024723552538212686,0.10725928000255595,0.09064722712632306,0.10231527892939328,0.00588123431290415,0.1531245029152293,2.9437194209603414,0
4.186356303151576,0.6786544934282224,0.10554685408483738,0.02502369345649864,0.10771375506655112,0.09128668289071852,0.101997051670514,0.00588123431290415,0.1531245029152293,2.9437194209603414,0
4.19159579789895,0.6734104849017246,0.10508287356821468,0.02532383437478465,0.10816823013054638,0.09192613865511406,0.10167882441163466,0.00588123431290415,0.1531245029152293,2.9437194209603414,0
4.196835292646323,0.6681664763752276,0.10461889305159205,0.025623975293070606,0.10862270519454158,0.09256559441950951,0.10136059715275539,0.00588123431290415,0.1531245029152293,2.9437194209603414,0
4.202074787393697,0.66292246784873,0.10415491253496935,0.025924116211356617,0.10907718025853683,0.09320505018390506,0.10104236989387606,0.00588123431290415,0.1531245029152293,2.9437194209603414,0
4.207314282141071,0.657678459322233,0.10369093201834671,0.02622425712964258,0.109531655322532,0.0938445059483005,0.10072414263499678,0.00588123431290415,0.1531245029152293,2.9437194209603414,0
4.212553776888445,0.6524344507957353,0.103226951501724,0.026524398047928586,0.10998613038652726,0.09448396171269605,0.10040591537611747,0.00588123431290415,0.1531245029152293,2.9437194209603414,0
4.217793271635818,0.6471904422692384,0.10276297098510138,0.026824538966214544,0.11044060545052248,0.09512341747709148,0.10008768811723819,0.00588123431290415,0.1531245029152293,2.9437194209603414,0
4.223032766383192,0.6419464337427415,0.10229899046847876,0.027124679884500503,0.11089508051451762,0.09576287324148691,0.09976946085835889,0.00588123431290415,0.1531245029152293,2.9437194209603414,0
4.228272261130566,0.6367997800732857,0.10184547362867405,0.0274380437825178,0.11130329426554997,0.09634972852997269,0.09944600643291875,0.00588123431290415,0.1531245029152293,2.9437194209603414,0
4.233511755877939,0.6318080091309431,0.10140860354744352,0.027772444239198456,0.11163791047323221,0.09685290124314734,0.09911423606067737,0.00588123431290415,0.1531245029152293,2.9437194209603414,0
4.238751250625313,0.6268162381885998,0.1009717334662129,0.02810684469587917,0.11197252668091448,0.09735607395632209,0.09878246568843593,0.00588123431290415,0.1531245029152293,2.9437194209603414,0
4.243990745372686,0.6218244672462574,0.10053486338498237,0.028441245152559826,0.11230714288859672,0.09785924666949676,0.09845069531619455,0.00588123431290415,0.1531245029152293,2.9437194209603414,0
4.249230240120061,0.616832696303914,0.10009799330375176,0.02877564560924054,0.11264175909627899,0.09836241938267151,0.09811892494395312,0.00588123431290415,0.1531245029152293,2.9437194209603414,0
4.254469734867434,0.6118409253615714,0.09966112322252121,0.029110046065921196,0.11297637530396121,0.09886559209584615,0.09778715457171172,0.00588123431290415,0.1531245029152293,2.9437194209603414,0
4.259709229614808,0.606849154419228,0.0992242531412906,0.02944444652260191,0.1133109915116435,0.0993687648090209,0.09745538419947028,0.00588123431290415,0.1531245029152293,2.9437194209603414,0
4.264948724362181,0.6018573834768856,0.09878738306006007,0.029778846979282566,0.11364560771932575,0.09987193752219557,0.09712361382722891,0.00588123431290415,0.1531245029152293,2.9437194209603414,0
4.270188219109556,0.5968656125345422,0.09835051297882945,0.03011324743596328,0.11398022392700802,0.10037511023537031,0.09679184345498747,0.00588123431290415,0.1531245029152293,2.9437194209603414,0
4.275427713856929,0.5918738415921995,0.09791364289759892,0.030447647892643936,0.11431484013469027,0.10087828294854496,0.09646007308274608,0.00588123431290415,0.1531245029152293,2.9437194209603414,0
4.280667208604302,0.587120066561148,0.09751791941629943,0.03078239555897559,0.11460799280348845,0.10144460170117499,0.09611888820178169,0.00588123431290415,0.1531245029152293,2.9437194209603414,0
4.285906703351676,0.582778709102401,0.09719349791981188,0.031117744896825814,0.11482929427134385,0.10212034475505304,0.09576138913789306,0.00588123431290415,0.1531245029152293,2.9437194209603414,0
4.2911461980990495,0.5784373516436548,0.09686907642332439,0.031453094234675974,0.1150505957391992,0.10279608780893099,0.09540389007400452,0.00588123431290415,0.1531245029152293,2.9437194209603414,0
4.296385692846424,0.574095994184908,0.09654465492683684,0.0317884435725262,0.1152718972070546,0.10347183086280905,0.0950463910101159,0.00588123431290415,0.1531245029152293,2.9437194209603414,0
4.301625187593797,0.5697546367261619,0.09622023343034934,0.03212379291037636,0.11549319867490994,0.104147573916687,0.09468889194622736,0.00588123431290415,0.1531245029152293,2.9437194209603414,0
4.306864682341171,0.5654132792674149,0.09589581193386179,0.03245914224822658,0.11571450014276533,0.10482331697056504,0.09433139288233874,0.00588123431290415,0.1531245029152293,2.9437194209603414,0
4.312104177088544,0.5610719218086687,0.09557139043737431,0.032794491586076745,0.11593580161062068,0.105499060024443,0.0939738938184502,0.00588123431290415,0.1531245029152293,2.9437194209603414,0
4.317343671835919,0.5567305643499219,0.09524696894088677,0.03312984092392697,0.11615710307847604,0.10617480307832107,0.09361639475456157,0.00588123431290415,0.1531245029152293,2.9437194209603414,0
4.322583166583292,0.5523892068911758,0.09492254744439926,0.033465190261777134,0.11637840454633143,0.106850546132199,0.09325889569067305,0.00588123431290415,0.1531245029152293,2.9437194209603414,0
4.327822661330665,0.5480478494324296,0.09459812594791177,0.0338005395996273,0.11659970601418677,0.10752628918607696,0.09290139662678451,0.00588123431290415,0.1531245029152293,2.9437194209603414,0
4.333062156078039,0.5439771351637107,0.09430047976539928,0.03413571193959449,0.11677830581806964,0.1082117615968506,0.09253360492085932,0.00588123431290415,0.1531245029152293,2.9437194209603414,0
4.338301650825413,0.5404182895370023,0.09405347385062221,0.0344705495226959,0.1168761437792219,0.10891563518262229,0.09214634669629987,0.00588123431290415,0.1531245029152293,2.9437194209603414,0
4.343541145572787,0.5368594439102933,0.09380646793584511,0.034805387105797364,0.11697398174037416,0.1096195087683941,0.09175908847174036,0.00588123431290415,0.1531245029152293,2.9437194209603414,0
4.34878064032016,0.5333005982835848,0.09355946202106803,0.03514022468889877,0.1170718197015264,0.11032338235416579,0.0913718302471809,0.00588123431290415,0.1531245029152293,2.9437194209603414,0
4.354020135067534,0.5297417526568756,0.09331245610629094,0.03547506227200023,0.11716965766267866,0.1110272559399376,0.09098457202262136,0.00588123431290415,0.1531245029152293,2.9437194209603414,0
4.359259629814908,0.5261829070301672,0.09306545019151387,0.03580989985510164,0.11726749562383092,0.1117311295257093,0.09059731379806191,0.00588123431290415,0.1531245029152293,2.9437194209603414,0
4.364499124562282,0.5226240614034583,0.09281844427673677,0.03614473743820311,0.11736533358498319,0.11243500311148111,0.0902100555735024,0.00588123431290415,0.1531245029152293,2.9437194209603414,0
4.369738619309655,0.5190652157767498,0.09257143836195972,0.03647957502130452,0.11746317154613542,0.1131388766972528,0.08982279734894293,0.00588123431290415,0.1531245029152293,2.9437194209603414,0
4.374978114057029,0.5155063701500407,0.0923244324471826,0.03681441260440599,0.11756100950728769,0.11384275028302461,0.08943553912438341,0.00588123431290415,0.1531245029152293,2.9437194209603414,0
4.3802176088044025,0.5119475245233321,0.09207742653240554,0.03714925018750739,0.11765884746843995,0.1145466238687963,0.08904828089982396,0.00588123431290415,0.1531245029152293,2.9437194209603414,0
4.385457103551776,0.5085396298403819,0.09187429960236264,0.0374834176027504,0.11772415856847586,0.11528371010400133,0.08866239333459719,0.00588123431290415,0.1531245029152293,2.9437194209603414,0
4.39069659829915,0.5054440874948994,0.09176196841765426,0.037816198286040305,0.1177221640866634,0.11608952097534159,0.08827934197983568,0.00588123431290415,0.1531245029152293,2.9437194209603414,0
4.395936093046523,0.5023485451494176,0.09164963723294588,0.038148978969330165,0.11772016960485096,0.1168953318466817,0.08789629062507426,0.00588123431290415,0.1531245029152293,2.9437194209603414,0
4.401175587793897,0.49925300280393525,0.09153730604823748,0.03848175965262007,0.11771817512303853,0.11770114271802198,0.08751323927031276,0.00588123431290415,0.1531245029152293,2.9437194209603414,0
4.406415082541271,0.49615746045845344,0.09142497486352912,0.038814540335909926,0.11771618064122605,0.1185069535893621,0.08713018791555134,0.00588123431290415,0.1531245029152293,2.9437194209603414,0
4.411654577288645,0.4930619181129712,0.09131264367882072,0.03914732101919984,0.11771418615941358,0.11931276446070235,0.08674713656078983,0.00588123431290415,0.1531245029152293,2.9437194209603414,0
4.416894072036018,0.4899663757674893,0.09120031249411234,0.03948010170248969,0.11771219167760112,0.12011857533204248,0.08636408520602841,0.00588123431290415,0.1531245029152293,2.9437194209603414,0
4.422133566783392,0.48687083342200693,0.09108798130940396,0.039812882385779604,0.11771019719578867,0.12092438620338275,0.0859810338512669,0.00588123431290415,0.1531245029152293,2.9437194209603414,0
4.427373061530766,0.4837752910765251,0.09097565012469558,0.040145663069069464,0.1177082027139762,0.12173019707472287,0.08559798249650549,0.00588123431290415,0.1531245029152293,2.9437194209603414,0
4.43261255627814,0.48067974873104274,0.09086331893998718,0.04047844375235937,0.11770620823216377,0.12253600794606312,0.08521493114174399,0.00588123431290415,0.1531245029152293,2.9437194209603414,0
4.437852051025513,0.47775566359060967,0.09074804884841187,0.040801856194037894,0.11766846324641488,0.12326546976623305,0.08479990812037017,0.00588123431290415,0.1531245029152293,2.9437194209603414,0
4.443091545772886,0.4752208706288529,0.0906261059928845,0.04110399811992675,0.11754954703451526,0.123821581691533,0.08431229369201577,0.00588123431290415,0.1531245029152293,2.9437194209603414,0
4.4483310405202605,0.4726860776670957,0.09050416313735711,0.041406140045815665,0.11743063082261561,0.12437769361683301,0.0838246792636613,0.00588123431290415,0.1531245029152293,2.9437194209603414,0
4.453570535267634,0.4701512847053388,0.09038222028182977,0.041708281971704536,0.117311714610716,0.12493380554213293,0.08333706483530688,0.00588123431290415,0.1531245029152293,2.9437194209603414,0
4.458810030015008,0.4676164917435815,0.09026027742630238,0.042010423897593435,0.11719279839881636,0.12548991746743296,0.08284945040695241,0.00588123431290415,0.1531245029152293,2.9437194209603414,0
4.464049524762381,0.46508169878182476,0.09013833457077502,0.042312565823482286,0.11707388218691675,0.12604602939273288,0.08236183597859802,0.00588123431290415,0.1531245029152293,2.9437194209603414,0
4.469289019509755,0.4625469058200675,0.09001639171524764,0.042614707749371206,0.1169549659750171,0.1266021413180329,0.08187422155024351,0.00588123431290415,0.1531245029152293,2.9437194209603414,0
4.474528514257129,0.4600121128583107,0.08989444885972028,0.04291684967526006,0.1168360497631175,0.12715825324333285,0.08138660712188912,0.00588123431290415,0.1531245029152293,2.9437194209603414,0
4.479768009004503,0.4574773198965534,0.0897725060041929,0.04321899160114898,0.11671713355121785,0.12771436516863288,0.08089899269353464,0.00588123431290415,0.1531245029152293,2.9437194209603414,0
4.485007503751876,0.45494252693479664,0.08965056314866554,0.04352113352703784,0.11659821733931824,0.1282704770939328,0.08041137826518024,0.00588123431290415,0.1531245029152293,2.9437194209603414,0
4.4902469984992495,0.45255512618752314,0.08954251058632409,0.04382519426986645,0.1164615612121158,0.12885934995772402,0.07992833855945546,0.00588123431290415,0.1531245029152293,2.9437194209603414,0
4.495486493246624,0.45053620597645766,0.08946918375694737,0.0441340520550445,0.11628055529665632,0.12953012516774362,0.0794567356603045,0.00588123431290415,0.1531245029152293,2.9437194209603414,0
4.500725987993997,0.44851728576539246,0.08939585692757065,0.0444429098402225,0.11609954938119686,0.13020090037776308,0.07898513276115365,0.00588123431290415,0.1531245029152293,2.9437194209603414,0
4.505965482741371,0.4464983655543269,0.08932253009819394,0.04475176762540055,0.11591854346573739,0.13087167558778268,0.07851352986200272,0.00588123431290415,0.1531245029152293,2.9437194209603414,0
4.511204977488744,0.4444794453432617,0.08924920326881723,0.04506062541057854,0.11573753755027794,0.13154245079780214,0.07804192696285188,0.00588123431290415,0.1531245029152293,2.9437194209603414,0
4.516444472236119,0.44246052513219625,0.08917587643944051,0.0453694831957566,0.11555653163481845,0.13221322600782173,0.07757032406370094,0.00588123431290415,0.1531245029152293,2.9437194209603414,0
4.521683966983492,0.44044160492113105,0.0891025496100638,0.0456783409809346,0.11537552571935902,0.1328840012178412,0.0770987211645501,0.00588123431290415,0.1531245029152293,2.9437194209603414,0
4.526923461730866,0.4384226847100655,0.08902922278068708,0.04598719876611265,0.11519451980389953,0.1335547764278608,0.07662711826539918,0.00588123431290415,0.1531245029152293,2.9437194209603414,0
4.532162956478239,0.4364037644990003,0.08895589595131037,0.04629605655129065,0.11501351388844007,0.13422555163788025,0.07615551536624832,0.00588123431290415,0.1531245029152293,2.9437194209603414,0
4.5374024512256135,0.43438484428793483,0.08888256912193365,0.0466049143364687,0.11483250797298059,0.13489632684789982,0.07568391246709738,0.00588123431290415,0.1531245029152293,2.9437194209603414,0
4.542641945972987,0.43247545275415783,0.0888240139097037,0.04690650903017839,0.11464068415114236,0.13557789590839853,0.07519595044403045,0.00588123431290415,0.1531245029152293,2.9437194209603414,0
4.54788144072036,0.4308688150170359,0.08880628967694537,0.04718802744275401,0.11441895800318158,0.13628930080088217,0.07466276933315781,0.00588123431290415,0.1531245029152293,2.9437194209603414,0
4.553120935467734,0.42926217727991367,0.08878856544418706,0.04746954585532966,0.1141972318552208,0.13700070569336592,0.07412958822228505,0.00588123431290415,0.1531245029152293,2.9437194209603414,0
4.558360430215108,0.4276555395427917,0.08877084121142875,0.04775106426790529,0.11397550570726002,0.13771211058584956,0.07359640711141238,0.00588123431290415,0.1531245029152293,2.9437194209603414,0
4.563599924962482,0.4260489018056695,0.08875311697867044,0.04803258268048095,0.11375377955929923,0.13842351547833331,0.07306322600053965,0.00588123431290415,0.1531245029152293,2.9437194209603414,0
4.568839419709855,0.42444226406854757,0.08873539274591213,0.04831410109305656,0.11353205341133847,0.13913492037081698,0.07253004488966698,0.00588123431290415,0.1531245029152293,2.9437194209603414,0
4.574078914457229,0.4228356263314253,0.08871766851315382,0.04859561950563223,0.11331032726337766,0.13984632526330074,0.07199686377879425,0.00588123431290415,0.1531245029152293,2.9437194209603414,0
4.579318409204602,0.4212289885943034,0.08869994428039552,0.04887713791820784,0.11308860111541691,0.14055773015578438,0.07146368266792158,0.00588123431290415,0.1531245029152293,2.9437194209603414,0
4.584557903951977,0.41962235085718114,0.08868222004763718,0.0491586563307835,0.1128668749674561,0.14126913504826813,0.0709305015570488,0.00588123431290415,0.1531245029152293,2.9437194209603414,0
4.58979739869935,0.41801571312005925,0.08866449581487887,0.049440174743359114,0.11264514881949535,0.1419805399407518,0.07039732044617616,0.00588123431290415,0.1531245029152293,2.9437194209603414,0
4.595036893446724,0.4165263640762875,0.08864620240036608,0.04971465388760348,0.11241228527973378,0.1426869738396031,0.06987477761955162,0.00588123431290415,0.1531245029152293,2.9437194209603414,0
4.600276388194097,0.4153972588763782,0.0886261607847503,0.049967512421973115,0.11214521403658421,0.14337813968658322,0.06938490952311799,0.00588123431290415,0.1531245029152293,2.9437194209603414,0
4.605515882941471,0.41426815367646885,0.08860611916913451,0.050220370956342755,0.11187814279343467,0.1440693055335633,0.06889504142668436,0.00588123431290415,0.1531245029152293,2.9437194209603414,0
4.610755377688845,0.41313904847655936,0.0885860775535187,0.05047322949071243,0.11161107155028505,0.14476047138054354,0.06840517333025065,0.00588123431290415,0.1531245029152293,2.9437194209603414,0
4.615994872436218,0.41200994327664997,0.08856603593790291,0.05072608802508208,0.1113440003071355,0.14545163722752363,0.06791530523381704,0.00588123431290415,0.1531245029152293,2.9437194209603414,0
4.621234367183592,0.4108808380767404,0.08854599432228712,0.05097894655945177,0.1110769290639859,0.14614280307450386,0.06742543713738333,0.00588123431290415,0.1531245029152293,2.9437194209603414,0
4.6264738619309655,0.40975173287683114,0.08852595270667132,0.05123180509382141,0.11080985782083633,0.14683396892148398,0.0669355690409497,0.00588123431290415,0.1531245029152293,2.9437194209603414,0
4.63171335667834,0.4086226276769216,0.08850591109105552,0.05148466362819108,0.11054278657768674,0.14752513476846418,0.066445700944516,0.00588123431290415,0.1531245029152293,2.9437194209603414,0
4.636952851425713,0.4074935224770122,0.08848586947543972,0.05173752216256073,0.11027571533453717,0.1482163006154443,0.06595583284808237,0.00588123431290415,0.1531245029152293,2.9437194209603414,0
4.642192346173087,0.4063644172771027,0.08846582785982392,0.05199038069693041,0.11000864409138755,0.14890746646242453,0.06546596475164866,0.00588123431290415,0.1531245029152293,2.9437194209603414,0
4.6474318409204605,0.4053016789740956,0.08844838003970817,0.05223631818820372,0.10974248363181618,0.14957490116677594,0.06497128527674248,0.00588123431290415,0.1531245029152293,2.9437194209603414,0
4.652671335667835,0.4044668003504527,0.08843983758414256,0.05245849343151299,0.10947945019586315,0.1501608589481023,0.06446008673574707,0.00588123431290415,0.1531245029152293,2.9437194209603414,0
4.657910830415208,0.4036319217268099,0.08843129512857695,0.05268066867482221,0.10921641675991017,0.15074681672942855,0.06394888819475175,0.00588123431290415,0.1531245029152293,2.9437194209603414,0
4.663150325162581,0.40279704310316716,0.08842275267301132,0.052902843918131444,0.10895338332395718,0.15133277451075478,0.06343768965375643,0.00588123431290415,0.1531245029152293,2.9437194209603414,0
4.668389819909955,0.40196216447952426,0.08841421021744571,0.053125019161440724,0.10869034988800415,0.15191873229208114,0.06292649111276102,0.00588123431290415,0.1531245029152293,2.9437194209603414,0
4.673629314657329,0.4011272858558815,0.08840566776188011,0.05334719440474995,0.10842731645205117,0.1525046900734074,0.062415292571765695,0.00588123431290415,0.1531245029152293,2.9437194209603414,0
4.678868809404703,0.4002924072322386,0.0883971253063145,0.05356936964805923,0.10816428301609815,0.15309064785473375,0.06190409403077028,0.00588123431290415,0.1531245029152293,2.9437194209603414,0
4.684108304152076,0.39945752860859585,0.08838858285074888,0.053791544891368455,0.10790124958014516,0.15367660563606,0.06139289548977497,0.00588123431290415,0.1531245029152293,2.9437194209603414,0
4.68934779889945,0.3986226499849529,0.08838004039518325,0.05401372013467772,0.10763821614419213,0.15426256341738634,0.06088169694877956,0.00588123431290415,0.1531245029152293,2.9437194209603414,0
4.694587293646824,0.39778777136131016,0.08837149793961764,0.054235895377986953,0.10737518270823916,0.1548485211987126,0.06037049840778424,0.00588123431290415,0.1531245029152293,2.9437194209603414,0
4.699826788394198,0.39699674019118947,0.08837106224891127,0.05445312909941982,0.10710588912457313,0.15545178592100375,0.05986876666538643,0.00588123431290415,0.1531245029152293,2.9437194209603414,0
4.705066283141571,0.39637521685968524,0.08840196612479483,0.05465125962042809,0.10681239472596786,0.15612195674434165,0.059403632180981804,0.00588123431290415,0.1531245029152293,2.9437194209603414,0
4.710305777888944,0.39575369352818107,0.0884328700006784,0.054849390141436354,0.1065189003273626,0.15679212756767955,0.05893849769657719,0.00588123431290415,0.1531245029152293,2.9437194209603414,0
4.715545272636319,0.3951321701966768,0.08846377387656196,0.05504752066244465,0.10622540592875725,0.15746229839101755,0.05847336321217249,0.00588123431290415,0.1531245029152293,2.9437194209603414,0
4.720784767383692,0.39451064686517257,0.0884946777524455,0.05524565118345291,0.105931911530152,0.15813246921435545,0.058008228727767876,0.00588123431290415,0.1531245029152293,2.9437194209603414,0
4.726024262131066,0.3938891235336683,0.08852558162832908,0.05544378170446121,0.1056384171315467,0.15880264003769345,0.05754309424336318,0.00588123431290415,0.1531245029152293,2.9437194209603414,0
4.731263756878439,0.3932676002021641,0.08855648550421263,0.055641912225469464,0.10534492273294141,0.15947281086103135,0.05707795975895856,0.00588123431290415,0.1531245029152293,2.9437194209603414,0
4.736503251625813,0.3926460768706598,0.08858738938009621,0.055840042746477754,0.1050514283343361,0.16014298168436938,0.056612825274553864,0.00588123431290415,0.1531245029152293,2.9437194209603414,0
4.741742746373187,0.39202455353915555,0.08861829325597977,0.05603817326748602,0.10475793393573082,0.16081315250770725,0.056147690790149245,0.00588123431290415,0.1531245029152293,2.9437194209603414,0
4.746982241120561,0.39140303020765127,0.08864919713186332,0.05623630378849432,0.10446443953712549,0.1614833233310453,0.05568255630574455,0.00588123431290415,0.1531245029152293,2.9437194209603414,0
4.752221735867934,0.39080033156933563,0.0886785695592306,0.056429465862162236,0.1041715763542161,0.16214297117455306,0.05522260162566727,0.00588123431290415,0.1531245029152293,2.9437194209603414,0
4.757461230615308,0.39028030894840177,0.08870121603027634,0.056600807052240826,0.10388148540240325,0.16275640322826665,0.05478539608621678,0.00588123431290415,0.1531245029152293,2.9437194209603414,0
4.762700725362682,0.38976028632746806,0.08872386250132207,0.05677214824231941,0.10359139445059043,0.16336983528198015,0.054348190546766345,0.00588123431290415,0.1531245029152293,2.9437194209603414,0
4.767940220110055,0.38924026370653436,0.08874650897236781,0.05694348943239798,0.10330130349877761,0.16398326733569363,0.05391098500731592,0.00588123431290415,0.1531245029152293,2.9437194209603414,0
4.773179714857429,0.38872024108560055,0.08876915544341354,0.05711483062247658,0.10301121254696476,0.16459669938940721,0.05347377946786542,0.00588123431290415,0.1531245029152293,2.9437194209603414,0
4.778419209604802,0.3882002184646668,0.08879180191445928,0.057286171812555145,0.10272112159515194,0.1652101314431207,0.05303657392841499,0.00588123431290415,1.3434348160283006e-07,2.9437194209603414,0
4.7836587043521765,0.387680195843733,0.08881444838550501,0.05745751300263375,0.10243103064333908,0.1658235634968343,0.05259936838896449,0.00588123431290415,1.3434348160283006e-07,2.9437194209603414,0
4.78889819909955,0.3871601732227993,0.08883709485655075,0.05762885419271232,0.1021409396915263,0.16643699555054778,0.05216216284951406,0.00588123431290415,1.3434348160283006e-07,2.9437194209603414,0
4.794137693846924,0.38664015060186546,0.0888597413275965,0.057800195382790916,0.10185084873971344,0.16705042760426136,0.05172495731006356,0.00588123431290415,1.3434348160283006e-07,2.9437194209603414,0
4.799377188594297,0.38612012798093176,0.08888238779864223,0.05797153657286949,0.10156075778790062,0.16766385965797484,0.05128775177061313,0.00588123431290415,1.3434348160283006e-07,2.9437194209603414,0
4.804616683341672,0.3856012506559748,0.08891535146006348,0.058134655517692195,0.10127054192088497,0.16827509785666153,0.050859610838971336,0.00588123431290415,1.3434348160283006e-07,2.9437194209603414,0
4.809856178089045,0.3850881518698101,0.0890003700365611,0.0582562894978147,0.1009796957998916,0.16887526705953057,0.05047720497400074,0.00588123431290415,1.3434348160283006e-07,2.9437194209603414,0
4.815095672836419,0.3845750530836454,0.08908538861305874,0.05837792347793723,0.10068884967889818,0.16947543626239966,0.050094799109030086,0.00588123431290415,1.3434348160283006e-07,2.9437194209603414,0
4.820335167583792,0.38406195429748075,0.08917040718955636,0.05849955745805973,0.10039800355790483,0.1700756054652687,0.0497123932440595,0.00588123431290415,1.3434348160283006e-07,2.9437194209603414,0
4.8255746623311655,0.3835488555113161,0.089255425766054,0.05862119143818224,0.10010715743691144,0.17067577466813771,0.049329987379088905,0.00588123431290415,1.3434348160283006e-07,2.9437194209603414,0
4.83081415707854,0.3830357567251514,0.08934044434255164,0.058742825418304764,0.09981631131591805,0.17127594387100684,0.04894758151411825,0.00588123431290415,1.3434348160283006e-07,2.9437194209603414,0
4.836053651825913,0.3825226579389867,0.08942546291904926,0.058864459398427264,0.0995254651949247,0.17187611307387585,0.048565175649147654,0.00588123431290415,1.3434348160283006e-07,2.9437194209603414,0
4.841293146573287,0.382009559152822,0.0895104814955469,0.05898609337854979,0.09923461907393127,0.17247628227674502,0.048182769784177,0.00588123431290415,1.3434348160283006e-07,2.9437194209603414,0
4.84653264132066,0.38149646036665735,0.08959550007204455,0.0591077273586723,0.09894377295293792,0.173076451479614,0.047800363919206404,0.00588123431290415,1.3434348160283006e-07,2.9437194209603414,0
4.851772136068035,0.38098336158049256,0.08968051864854218,0.059229361338794834,0.0986529268319445,0.17367662068248313,0.04741795805423576,0.00588123431290415,1.3434348160283006e-07,2.9437194209603414,0
4.857011630815408,0.3804709496349955,0.08977318080600019,0.05934774658479352,0.09835667074055557,0.17428713555534484,0.047042148993211304,0.00588123431290415,1.3434348160283006e-07,2.9437194209603414,0
4.862251125562782,0.3799625758389403,0.08991078194807019,0.059447031514650375,0.0980286077542546,0.17495847583281868,0.04670512458987019,0.00588123431290415,1.3434348160283006e-07,2.9437194209603414,0
4.867490620310155,0.37945420204288505,0.09004838309014015,0.05954631644450721,0.0977005447679537,0.17562981611029244,0.04636810018652912,0.00588123431290415,1.3434348160283006e-07,2.9437194209603414,0
4.872730115057529,0.3789458282468299,0.09018598423221012,0.05964560137436406,0.0973724817816528,0.17630115638776622,0.04603107578318806,0.00588123431290415,1.3434348160283006e-07,2.9437194209603414,0
4.877969609804903,0.37843745445077465,0.09032358537428012,0.059744886304220916,0.09704441879535183,0.17697249666524006,0.04569405137984694,0.00588123431290415,1.3434348160283006e-07,2.9437194209603414,0
4.883209104552276,0.37792908065471953,0.09046118651635009,0.059844171234077766,0.09671635580905093,0.17764383694271385,0.04535702697650587,0.00588123431290415,1.3434348160283006e-07,2.9437194209603414,0
4.88844859929965,0.37742070685866425,0.09059878765842007,0.05994345616393463,0.09638829282274997,0.1783151772201877,0.045020002573164755,0.00588123431290415,1.3434348160283006e-07,2.9437194209603414,0
4.893688094047024,0.3769123330626091,0.09073638880049004,0.06004274109379147,0.09606022983644906,0.17898651749766148,0.04468297816982369,0.00588123431290415,1.3434348160283006e-07,2.9437194209603414,0
4.898927588794398,0.37640395926655384,0.09087398994256003,0.060142026023648334,0.0957321668501481,0.17965785777513532,0.044345953766482565,0.00588123431290415,1.3434348160283006e-07,2.9437194209603414,0
4.904167083541771,0.37589558547049867,0.09101159108462999,0.060241310953505184,0.0954041038638472,0.18032919805260908,0.0440089293631415,0.00588123431290415,1.3434348160283006e-07,2.9437194209603414,0
4.909406578289145,0.3753936164251487,0.09115601853519618,0.06033398513101554,0.09507666025322643,0.18098562668704254,0.04367478805729992,0.00588123431290415,1.3434348160283006e-07,2.9437194209603414,0
4.914646073036519,0.3749363525397213,0.09134809361906585,0.06038051625714723,0.09475353988485341,0.181537972053054,0.043360770772005175,0.00588123431290415,1.3434348160283006e-07,2.9437194209603414,0
4.919885567783893,0.3744790886542939,0.09154016870293553,0.060427047383278934,0.09443041951648036,0.18209031741906562,0.043046753486710373,0.00588123431290415,1.3434348160283006e-07,2.9437194209603414,0
4.925125062531266,0.3740218247688666,0.0917322437868052,0.060473578509410625,0.09410729914810734,0.1826426627850771,0.042732736201415635,0.00588123431290415,1.3434348160283006e-07,2.9437194209603414,0
4.930364557278639,0.37356456088343926,0.09192431887067486,0.060520109635542316,0.09378417877973434,0.18319500815108858,0.04241871891612088,0.00588123431290415,1.3434348160283006e-07,2.9437194209603414,0
4.935604052026013,0.3731072969980118,0.09211639395454455,0.06056664076167402,0.09346105841136126,0.18374735351710014,0.04210470163082609,0.00588123431290415,1.3434348160283006e-07,2.9437194209603414,0
4.940843546773387,0.37265003311258443,0.0923084690384142,0.06061317188780571,0.09313793804298826,0.1842996988831116,0.04179068434553135,0.00588123431290415,1.3434348160283006e-07,2.9437194209603414,0
4.946083041520761,0.3721927692271571,0.0925005441222839,0.06065970301393741,0.09281481767461518,0.18485204424912322,0.04147666706023655,0.00588123431290415,1.3434348160283006e-07,2.9437194209603414,0
4.951322536268134,0.3717355053417297,0.09269261920615354,0.06070623414006911,0.09249169730624218,0.18540438961513467,0.04116264977494181,0.00588123431290415,1.3434348160283006e-07,2.9437194209603414,0
4.956562031015508,0.3712782414563023,0.09288469429002325,0.060752765266200805,0.0921685769378691,0.18595673498114626,0.04084863248964701,0.00588123431290415,1.3434348160283006e-07,2.9437194209603414,0
4.961801525762882,0.37080420650401735,0.0930805934773227,0.060796353364605024,0.09184879450523051,0.1865093440191967,0.040543067027654714,0.00588123431290415,1.3434348160283006e-07,2.9437194209603414,0
4.967041020510256,0.3701876174834424,0.09330899754377549,0.06081492572732567,0.09155738452633432,0.1870641942695785,0.04030934206373313,0.00588123431290415,1.3434348160283006e-07,2.9437194209603414,0
4.972280515257629,0.3695710284628677,0.09353740161022822,0.06083349809004632,0.09126597454743818,0.18761904451996017,0.04007561709981157,0.00588123431290415,1.3434348160283006e-07,2.9437194209603414,0
4.977520010005003,0.3689544394422928,0.09376580567668101,0.06085207045276698,0.090974564568542,0.188173894770342,0.039841892135889984,0.00588123431290415,1.3434348160283006e-07,2.9437194209603414,0
4.9827595047523765,0.36833785042171807,0.09399420974313376,0.060870642815487624,0.09068315458964586,0.1887287450207237,0.039608167171968425,0.00588123431290415,1.3434348160283006e-07,2.9437194209603414,0
4.98799899949975,0.3677212614011433,0.0942226138095865,0.06088921517820827,0.09039174461074972,0.18928359527110536,0.03937444220804688,0.00588123431290415,1.3434348160283006e-07,2.9437194209603414,0
4.993238494247124,0.36710467238056843,0.09445101787603928,0.060907787540928945,0.09010033463185355,0.18983844552148713,0.039140717244125295,0.00588123431290415,1.3434348160283006e-07,2.9437194209603414,0
4.998477988994497,0.36648808335999367,0.09467942194249203,0.060926359903649585,0.08980892465295741,0.1903932957718688,0.03890699228020374,0.00588123431290415,1.3434348160283006e-07,2.9437194209603414,0
5.003717483741871,0.36587149433941885,0.09490782600894482,0.06094493226637024,0.08951751467406122,0.1909481460222506,0.03867326731628215,0.00588123431290415,1.3434348160283006e-07,2.9437194209603414,0
5.008956978489245,0.365254905318844,0.09513623007539757,0.060963504629090885,0.08922610469516509,0.19150299627263231,0.038439542352360606,0.00588123431290415,1.3434348160283006e-07,2.9437194209603414,0
5.014196473236619,0.36464751388775013,0.09536219609884573,0.06098072161226634,0.08893397486160348,0.1920692496472402,0.03821005152087431,0.00588123431290415,1.3434348160283006e-07,2.9437194209603414,0
5.019435967983992,0.3641388612849077,0.09556198901356783,0.060983388197383144,0.08863411717648653,0.19275791891427546,0.038026015346414005,0.00588123431290415,1.3434348160283006e-07,2.9437194209603414,0
5.024675462731366,0.3636302086820652,0.09576178192828995,0.060986054782499924,0.08833425949136954,0.19344658818131086,0.03784197917195366,0.00588123431290415,1.3434348160283006e-07,2.9437194209603414,0
5.02991495747874,0.36312155607922275,0.09596157484301203,0.060988721367616704,0.08803440180625258,0.19413525744834612,0.037657942997493345,0.00588123431290415,1.3434348160283006e-07,2.9437194209603414,0
5.035154452226114,0.36261290347638025,0.09616136775773416,0.060991387952733504,0.0877345441211356,0.19482392671538157,0.03747390682303301,0.00588123431290415,1.3434348160283006e-07,2.9437194209603414,0
5.040393946973487,0.3621042508735378,0.09636116067245626,0.060994054537850284,0.08743468643601865,0.19551259598241677,0.0372898706485727,0.00588123431290415,1.3434348160283006e-07,2.9437194209603414,0
5.04563344172086,0.36159559827069543,0.09656095358717835,0.060996721122967064,0.08713482875090171,0.19620126524945208,0.03710583447411239,0.00588123431290415,1.3434348160283006e-07,2.9437194209603414,0
5.0508729364682345,0.361086945667853,0.09676074650190049,0.06099938770808386,0.08683497106578472,0.19688993451648745,0.036921798299652045,0.00588123431290415,1.3434348160283006e-07,2.9437194209603414,0
5.056112431215608,0.36057829306501055,0.09696053941662257,0.06100205429320065,0.08653511338066777,0.19757860378352274,0.03673776212519173,0.00588123431290415,1.3434348160283006e-07,2.9437194209603414,0
5.061351925962982,0.36006964046216805,0.09716033233134469,0.06100472087831744,0.08623525569555078,0.1982672730505581,0.03655372595073139,0.00588123431290415,1.3434348160283006e-07,2.9437194209603414,0
5.066591420710355,0.359563277513373,0.09736087249675959,0.06100509720506347,0.0859355073591201,0.1989674644429135,0.036372730731219764,0.00588123431290415,1.3434348160283006e-07,2.9437194209603414,0
5.0718309154577295,0.359089762293797,0.09757213283557511,0.06097261713287532,0.08563732775576521,0.19983295401774473,0.036235361519241144,0.00588123431290415,1.3434348160283006e-07,2.9437194209603414,0
5.077070410205103,0.3586162470742211,0.0977833931743906,0.06094013706068718,0.08533914815241037,0.20069844359257588,0.03609799230726254,0.00588123431290415,1.3434348160283006e-07,2.9437194209603414,0
5.082309904952477,0.358142731854645,0.09799465351320612,0.06090765698849903,0.08504096854905549,0.20156393316740714,0.03596062309528392,0.00588123431290415,1.3434348160283006e-07,2.9437194209603414,0
5.08754939969985,0.3576692166350691,0.09820591385202161,0.060875176916310884,0.08474278894570066,0.2024294227422383,0.03582325388330531,0.00588123431290415,1.3434348160283006e-07,2.9437194209603414,0
5.092788894447224,0.35719570141549317,0.09841717419083708,0.060842696844122746,0.08444460934234582,0.20329491231706945,0.03568588467132671,0.00588123431290415,1.3434348160283006e-07,2.9437194209603414,0
5.098028389194598,0.3567221861959171,0.09862843452965261,0.060810216771934586,0.08414642973899093,0.2041604018919007,0.03554851545934808,0.00588123431290415,1.3434348160283006e-07,2.9437194209603414,0
5.103267883941971,0.3562486709763412,0.0988396948684681,0.06077773669974645,0.0838482501356361,0.2050258914667318,0.035411146247369484,0.00588123431290415,1.3434348160283006e-07,2.9437194209603414,0
5.108507378689345,0.3557751557567652,0.09905095520728362,0.06074525662755831,0.08355007053228121,0.2058913810415631,0.035273777035390856,0.00588123431290415,1.3434348160283006e-07,2.9437194209603414,0
5.113746873436718,0.3553016405371892,0.0992622155460991,0.06071277655537015,0.08325189092892638,0.20675687061639425,0.035136407823412256,0.00588123431290415,1.3434348160283006e-07,2.9437194209603414,0
5.118986368184093,0.35483615073069513,0.09947747926786935,0.06067967289635157,0.08295408101812742,0.20760672693415996,0.03500101056279698,0.00588123431290415,1.3434348160283006e-07,2.9437194209603414,0
5.124225862931466,0.3545405321677676,0.09977748126218101,0.060633369982755675,0.08266409626642889,0.20812567931070455,0.03490735293937259,0.00588123431290415,1.3434348160283006e-07,2.9437194209603414,0
5.12946535767884,0.35424491360484,0.10007748325649272,0.06058706706915976,0.0823741115147303,0.20864463168724925,0.03481369531594818,0.00588123431290415,1.3434348160283006e-07,2.9437194209603414,0
5.134704852426213,0.35394929504191247,0.10037748525080438,0.060540764155563864,0.08208412676303177,0.20916358406379384,0.03472003769252379,0.00588123431290415,1.3434348160283006e-07,2.9437194209603414,0
5.139944347173588,0.3536536764789848,0.1006774872451161,0.060494461241967966,0.0817941420113332,0.20968253644033855,0.03462638006909939,0.00588123431290415,1.3434348160283006e-07,2.9437194209603414,0
5.145183841920961,0.35335805791605734,0.10097748923942777,0.06044815832837205,0.08150415725963467,0.21020148881688314,0.03453272244567499,0.00588123431290415,1.3434348160283006e-07,2.9437194209603414,0
5.150423336668334,0.35306243935312975,0.10127749123373943,0.060401855414776155,0.08121417250793612,0.21072044119342773,0.034439064822250606,0.00588123431290415,1.3434348160283006e-07,2.9437194209603414,0
5.155662831415708,0.35276682079020216,0.10157749322805114,0.06035555250118024,0.08092418775623754,0.2112393935699724,0.03434540719882619,0.00588123431290415,1.3434348160283006e-07,2.9437194209603414,0
5.1609023261630815,0.35247120222727457,0.10187749522236281,0.060309249587584345,0.08063420300453902,0.21175834594651705,0.03425174957540181,0.00588123431290415,1.3434348160283006e-07,2.9437194209603414,0
5.166141820910456,0.35217558366434704,0.10217749721667453,0.06026294667398844,0.08034421825284044,0.21227729832306172,0.0341580919519774,0.00588123431290415,1.3434348160283006e-07,2.9437194209603414,0
5.171381315657829,0.35187963174669035,0.10247661673467068,0.060215635175861607,0.0800540075409206,0.2127954285643483,0.0340653531334769,0.00588123431290415,1.3434348160283006e-07,2.9437194209603414,0
5.176620810405203,0.35157071233007103,0.10274140792399353,0.0601290897394816,0.07975500697639187,0.2132815777440976,0.03400835582651594,0.00588123431290415,1.3434348160283006e-07,2.9437194209603414,0
5.1818603051525765,0.3512617929134518,0.10300619911331632,0.060042544303101616,0.0794560064118632,0.21376772692384685,0.03395135851955498,0.00588123431290415,1.3434348160283006e-07,2.9437194209603414,0
5.187099799899951,0.35095287349683246,0.10327099030263918,0.05995599886672161,0.07915700584733448,0.21425387610359614,0.03389436121259402,0.00588123431290415,1.3434348160283006e-07,2.9437194209603414,0
5.192339294647324,0.3506439540802132,0.10353578149196198,0.059869453430341626,0.07885800528280582,0.2147400252833454,0.03383736390563306,0.00588123431290415,1.3434348160283006e-07,2.9437194209603414,0
5.197578789394698,0.3503350346635939,0.10380057268128483,0.059782907993961625,0.07855900471827708,0.2152261744630947,0.03378036659867209,0.00588123431290415,1.3434348160283006e-07,2.9437194209603414,0
5.202818284142071,0.35002611524697463,0.10406536387060762,0.05969636255758163,0.07826000415374838,0.2157123236428439,0.03372336929171113,0.00588123431290415,1.3434348160283006e-07,2.9437194209603414,0
5.208057778889445,0.3497171958303554,0.10433015505993042,0.05960981712120165,0.07796100358921972,0.21619847282259316,0.03366637198475018,0.00588123431290415,1.3434348160283006e-07,2.9437194209603414,0
5.213297273636819,0.3494082764137361,0.10459494624925328,0.05952327168482165,0.077662003024691,0.21668462200234245,0.03360937467778922,0.00588123431290415,1.3434348160283006e-07,2.9437194209603414,0
5.218536768384192,0.34909935699711686,0.10485973743857607,0.059436726248441665,0.07736300246016233,0.2171707711820917,0.03355237737082826,0.00588123431290415,1.3434348160283006e-07,2.9437194209603414,0
5.223776263131566,0.3487915747143326,0.10512450780584187,0.05935009668332343,0.07706399007216617,0.2176574428609085,0.03349563297939298,0.00588123431290415,1.3434348160283006e-07,2.9437194209603414,0
5.22901575787894,0.3487095134977993,0.10538514499478428,0.05924676756366628,0.07676263072588572,0.21824783060460418,0.03348909231980713,0.00588123431290415,1.3434348160283006e-07,2.9437194209603414,0
5.234255252626314,0.34862745228126596,0.10564578218372675,0.0591434384440091,0.07646127137960522,0.2188382183483,0.033482551660221266,0.00588123431290415,1.3434348160283006e-07,2.9437194209603414,0
5.239494747373687,0.34854539106473265,0.10590641937266915,0.05904010932435194,0.07615991203332478,0.21942860609199574,0.033476011000635415,0.00588123431290415,1.3434348160283006e-07,2.9437194209603414,0
5.244734242121061,0.34846332984819933,0.10616705656161161,0.05893678020469477,0.07585855268704429,0.22001899383569165,0.03346947034104956,0.00588123431290415,1.3434348160283006e-07,2.9437194209603414,0
5.2499737368684345,0.3483812686316661,0.10642769375055401,0.05883345108503761,0.07555719334076384,0.22060938157938736,0.0334629296814637,0.00588123431290415,1.3434348160283006e-07,2.9437194209603414,0
5.255213231615809,0.34829920741513276,0.10668833093949648,0.058730121965380445,0.07525583399448334,0.2211997693230832,0.03345638902187784,0.00588123431290415,1.3434348160283006e-07,2.9437194209603414,0
5.260452726363182,0.34821714619859945,0.10694896812843888,0.05862679284572328,0.0749544746482029,0.22179015706677896,0.033449848362291985,0.00588123431290415,1.3434348160283006e-07,2.9437194209603414,0
5.265692221110555,0.3481350849820662,0.10720960531738129,0.05852346372606613,0.07465311530192245,0.2223805448104747,0.03344330770270613,0.00588123431290415,1.3434348160283006e-07,2.9437194209603414,0
5.270931715857929,0.3480530237655329,0.10747024250632374,0.058420134606408956,0.07435175595564195,0.22297093255417053,0.03343676704312028,0.00588123431290415,1.3434348160283006e-07,2.9437194209603414,0
5.276171210605303,0.34797096254899956,0.10773087969526615,0.0583168054867518,0.0740503966093615,0.2235613202978663,0.03343022638353441,0.00588123431290415,1.3434348160283006e-07,2.9437194209603414,0
5.281410705352677,0.3478658078468834,0.10803711256396926,0.05821195636726692,0.07374314552938283,0.22431838187915235,0.03343186525307449,0.00588123431290415,1.3434348160283006e-07,2.9437194209603414,0
5.28665020010005,0.3477603005724683,0.10834404154992057,0.05810708404167782,0.07343580449927138,0.2250779880991802,0.03343362900092183,0.00588123431290415,1.3434348160283006e-07,2.9437194209603414,0
5.291889694847424,0.3476547932980532,0.10865097053587192,0.0580022117160887,0.0731284634691599,0.2258375943192081,0.033435392748769166,0.00588123431290415,1.3434348160283006e-07,2.9437194209603414,0
5.297129189594798,0.34754928602363816,0.10895789952182323,0.0578973393904996,0.07282112243904847,0.22659720053923593,0.0334371564966165,0.00588123431290415,1.3434348160283006e-07,2.9437194209603414,0
5.302368684342172,0.347443778749223,0.10926482850777458,0.05779246706491048,0.07251378140893697,0.22735680675926384,0.033438920244463835,0.00588123431290415,1.3434348160283006e-07,2.9437194209603414,0
5.307608179089545,0.3473382714748079,0.10957175749372589,0.057687594739321384,0.07220644037882555,0.22811641297929167,0.03344068399231118,0.00588123431290415,1.3434348160283006e-07,2.9437194209603414,0
5.312847673836918,0.3472327642003928,0.10987868647967718,0.05758272241373228,0.07189909934871412,0.22887601919931946,0.03344244774015852,0.00588123431290415,1.3434348160283006e-07,2.9437194209603414,0
5.3180871685842925,0.34712725692597773,0.11018561546562855,0.05747785008814316,0.07159175831860262,0.2296356254193474,0.03344421148800585,0.00588123431290415,1.3434348160283006e-07,2.9437194209603414,0
5.323326663331666,0.34702174965156257,0.11049254445157984,0.05737297776255406,0.07128441728849119,0.23039523163937525,0.033445975235853194,0.00588123431290415,1.3434348160283006e-07,2.9437194209603414,0
5.32856615807904,0.34691624237714747,0.1107994734375312,0.057268105436964936,0.0709770762583797,0.23115483785940316,0.03344773898370053,0.00588123431290415,1.3434348160283006e-07,2.9437194209603414,0
5.333805652826413,0.3470224814106512,0.1111308958346571,0.057156058270400975,0.07065542243925431,0.23170142051632092,0.033482027084991005,0.00588123431290415,1.3434348160283006e-07,2.9437194209603414,0
5.339045147573788,0.3471364203098974,0.1114632089012803,0.05704375020052882,0.07033324815507382,0.23224025686185298,0.03351749789004306,0.00588123431290415,1.3434348160283006e-07,2.9437194209603414,0
5.344284642321161,0.34725035920914354,0.11179552196790343,0.05693144213065668,0.07001107387089336,0.232779093207385,0.03355296869509511,0.00588123431290415,1.3434348160283006e-07,2.9437194209603414,0
5.349524137068535,0.34736429810838976,0.11212783503452664,0.056819134060784524,0.06968889958671287,0.23331792955291705,0.033588439500147164,0.00588123431290415,1.3434348160283006e-07,2.9437194209603414,0
5.354763631815908,0.34747823700763597,0.11246014810114978,0.05670682599091238,0.06936672530253245,0.23385676589844903,0.03362391030519921,0.00588123431290415,1.3434348160283006e-07,2.9437194209603414,0
5.360003126563282,0.34759217590688213,0.11279246116777297,0.05659451792104023,0.06904455101835194,0.2343956022439811,0.03365938111025126,0.00588123431290415,1.3434348160283006e-07,2.9437194209603414,0
5.365242621310656,0.34770611480612834,0.11312477423439612,0.05648220985116808,0.06872237673417148,0.23493443858951304,0.03369485191530331,0.00588123431290415,1.3434348160283006e-07,2.9437194209603414,0
5.370482116058029,0.3478200537053745,0.11345708730101928,0.05636990178129595,0.06840020244999104,0.23547327493504505,0.03373032272035536,0.00588123431290415,1.3434348160283006e-07,2.9437194209603414,0
5.375721610805403,0.3479339926046207,0.11378940036764248,0.05625759371142379,0.06807802816581053,0.23601211128057703,0.033765793525407414,0.00588123431290415,1.3434348160283006e-07,2.9437194209603414,0
5.380961105552776,0.34804793150386687,0.11412171343426561,0.056145285641551655,0.0677558538816301,0.2365509476261091,0.03380126433045946,0.00588123431290415,1.3434348160283006e-07,2.9437194209603414,0
5.386200600300151,0.3483133617378226,0.11445903474154899,0.05603706224427095,0.06745471463252181,0.23702186075302914,0.03384971806813541,0.00588123431290415,1.3434348160283006e-07,2.9437194209603414,0
5.391440095047524,0.34858763231491785,0.11479664830690799,0.05592907720984707,0.06715480289209153,0.23748881019079937,0.033898929430526796,0.00588123431290415,1.3434348160283006e-07,2.9437194209603414,0
5.396679589794898,0.3488619028920131,0.11513426187226701,0.05582109217542317,0.06685489115166121,0.23795575962856969,0.03394814079291819,0.00588123431290415,1.3434348160283006e-07,2.9437194209603414,0
5.401919084542271,0.34913617346910836,0.115471875437626,0.05571310714099928,0.06655497941123094,0.23842270906633992,0.03399735215530958,0.00588123431290415,1.3434348160283006e-07,2.9437194209603414,0
5.4071585792896455,0.3494104440462036,0.11580948900298504,0.05560512210657537,0.06625506767080061,0.23888965850411023,0.034046563517700974,0.00588123431290415,1.3434348160283006e-07,2.9437194209603414,0
5.412398074037019,0.34968471462329875,0.11614710256834403,0.05549713707215149,0.06595515593037035,0.23935660794188052,0.034095774880092355,0.00588123431290415,1.3434348160283006e-07,2.9437194209603414,0
5.417637568784393,0.34995898520039403,0.11648471613370306,0.05538915203772759,0.06565524418994002,0.23982355737965078,0.03414498624248375,0.00588123431290415,1.3434348160283006e-07,2.9437194209603414,0
5.422877063531766,0.35023325577748926,0.11682232969906206,0.05528116700330371,0.06535533244950975,0.24029050681742106,0.03419419760487514,0.00588123431290415,1.3434348160283006e-07,2.9437194209603414,0
5.42811655827914,0.3505075263545845,0.11715994326442103,0.055173181968879825,0.06505542070907948,0.2407574562551913,0.03424340896726653,0.00588123431290415,1.3434348160283006e-07,2.9437194209603414,0
5.433356053026514,0.3507817969316797,0.11749755682978007,0.05506519693445592,0.06475550896864916,0.2412244056929616,0.03429262032965793,0.00588123431290415,1.3434348160283006e-07,2.9437194209603414,0
5.438595547773887,0.3511494337560609,0.11783547931201335,0.054934649631058124,0.06446274622439856,0.24157622990841496,0.03437635120122803,0.00588123431290415,1.3434348160283006e-07,2.9437194209603414,0
5.443835042521261,0.3515246613322539,0.11817342690943973,0.05480226799684943,0.06417056469934952,0.24191869434969632,0.03446288853695901,0.00588123431290415,1.3434348160283006e-07,2.9437194209603414,0
5.449074537268634,0.3518998889084469,0.11851137450686604,0.054669886362640766,0.0638783831743005,0.24226115879097762,0.03454942587268998,0.00588123431290415,1.3434348160283006e-07,2.9437194209603414,0
5.454314032016009,0.35227511648464,0.11884932210429242,0.054537504728432065,0.06358620164925147,0.24260362323225895,0.03463596320842097,0.00588123431290415,1.3434348160283006e-07,2.9437194209603414,0
5.459553526763382,0.352650344060833,0.11918726970171872,0.054405123094223386,0.06329402012420245,0.24294608767354023,0.034722500544151935,0.00588123431290415,1.3434348160283006e-07,2.9437194209603414,0
5.464793021510756,0.3530255716370261,0.1195252172991451,0.05427274146001469,0.06300183859915341,0.24328855211482153,0.03480903787988292,0.00588123431290415,1.3434348160283006e-07,2.9437194209603414,0
5.470032516258129,0.3534007992132191,0.11986316489657141,0.05414035982580602,0.06270965707410442,0.24363101655610286,0.034895575215613886,0.00588123431290415,1.3434348160283006e-07,2.9437194209603414,0
5.475272011005503,0.3537760267894121,0.12020111249399773,0.05400797819159735,0.06241747554905541,0.24397348099738414,0.034982112551344854,0.00588123431290415,1.3434348160283006e-07,2.9437194209603414,0
5.480511505752877,0.3541512543656052,0.12053906009142411,0.05387559655738865,0.062125294024006364,0.24431594543866544,0.03506864988707584,0.00588123431290415,1.3434348160283006e-07,2.9437194209603414,0
5.48575100050025,0.3545264819417982,0.12087700768885042,0.05374321492317998,0.061833112498957364,0.24465840987994678,0.035155187222806805,0.00588123431290415,1.3434348160283006e-07,2.9437194209603414,0
5.490990495247624,0.3550907783134527,0.1212979514214502,0.0536107886894432,0.06155525055900123,0.2449682803921318,0.035243645963383446,0.00588123431290415,1.3434348160283006e-07,2.9437194209603414,0
5.496229989994998,0.3556749766635769,0.12172763158933135,0.05347835776101928,0.061278895943791746,0.24527471996441194,0.03533230695710172,0.00588123431290415,1.3434348160283006e-07,2.9437194209603414,0
5.501469484742372,0.3562591750137011,0.12215731175721256,0.05334592683259534,0.06100254132858224,0.24558115953669205,0.03542096795082001,0.00588123431290415,1.3434348160283006e-07,2.9437194209603414,0
5.506708979489745,0.35684337336382516,0.1225869919250937,0.05321349590417142,0.06072618671337278,0.24588759910897215,0.03550962894453829,0.00588123431290415,1.3434348160283006e-07,2.9437194209603414,0
5.511948474237119,0.35742757171394934,0.12301667209297491,0.053081064975747466,0.06044983209816326,0.24619403868125225,0.035598289938256575,0.00588123431290415,1.3434348160283006e-07,2.9437194209603414,0
5.5171879689844925,0.3580117700640735,0.12344635226085604,0.05294863404732354,0.0601734774829538,0.2465004782535324,0.03568695093197485,0.00588123431290415,1.3434348160283006e-07,2.9437194209603414,0
5.522427463731867,0.35859596841419766,0.12387603242873726,0.05281620311889959,0.059897122867744276,0.2468069178258126,0.035775611925693146,0.00588123431290415,1.3434348160283006e-07,2.9437194209603414,0
5.52766695847924,0.35918016676432174,0.12430571259661839,0.052683772190475674,0.0596207682525348,0.2471133573980927,0.03586427291941141,0.00588123431290415,1.3434348160283006e-07,2.9437194209603414,0
5.532906453226613,0.3597643651144458,0.12473539276449953,0.05255134126205177,0.059344413637325344,0.2474197969703728,0.03595293391312969,0.00588123431290415,1.3434348160283006e-07,2.9437194209603414,0
5.538145947973987,0.36034856346457,0.12516507293238077,0.05241891033362781,0.059068059022115836,0.24772623654265297,0.03604159490684798,0.00588123431290415,1.3434348160283006e-07,2.9437194209603414,0
5.543385442721361,0.36094850258461986,0.12562379234160734,0.05229077022188409,0.0587959431636969,0.24793587952582274,0.03613358101301137,0.00588123431290415,1.3434348160283006e-07,2.9437194209603414,0
5.548624937468735,0.3615504929098159,0.1260862959012643,0.052163189253390446,0.058524379664519774,0.2481329087891652,0.03622600041994665,0.00588123431290415,1.3434348160283006e-07,2.9437194209603414,0
5.553864432216108,0.3621524832350118,0.12654879946092118,0.05203560828489683,0.05825281616534267,0.24832993805250755,0.03631841982688192,0.00588123431290415,1.3434348160283006e-07,2.9437194209603414,0
5.559103926963482,0.36275447356020785,0.1270113030205781,0.051908027316403205,0.05798125266616554,0.24852696731585,0.0364108392338172,0.00588123431290415,1.3434348160283006e-07,2.9437194209603414,0
5.564343421710856,0.36335646388540377,0.127473806580235,0.0517804463479096,0.057709689166988445,0.24872399657919236,0.03650325864075247,0.00588123431290415,1.3434348160283006e-07,2.9437194209603414,0
5.56958291645823,0.3639584542105998,0.12793631013989193,0.051652865379415956,0.05743812566781132,0.24892102584253484,0.036595678047687756,0.00588123431290415,1.3434348160283006e-07,2.9437194209603414,0
5.574822411205603,0.3645604445357957,0.12839881369954884,0.05152528441092233,0.05716656216863422,0.24911805510587717,0.03668809745462302,0.00588123431290415,1.3434348160283006e-07,2.9437194209603414,0
5.580061905952977,0.36516243486099176,0.12886131725920574,0.05139770344242871,0.05689499866945708,0.24931508436921962,0.03678051686155831,0.00588123431290415,1.3434348160283006e-07,2.9437194209603414,0
5.585301400700351,0.3657644251861877,0.12932382081886262,0.051270122473935094,0.05662343517027999,0.24951211363256204,0.03687293626849358,0.00588123431290415,1.3434348160283006e-07,2.9437194209603414,0
5.590540895447724,0.3663664155113836,0.1297863243785195,0.05114254150544148,0.05635187167110291,0.2497091428959044,0.03696535567542884,0.00588123431290415,1.3434348160283006e-07,2.9437194209603414,0
5.595780390195098,0.3672180447607464,0.13025905343470864,0.05101038485620284,0.05609168795377485,0.24994991043997825,0.03705494632693707,0.00588123431290415,1.3434348160283006e-07,2.9437194209603414,0
5.601019884942471,0.3681087479286741,0.13073338300339846,0.0508775120134563,0.055833285419692805,0.25019752397581874,0.037144094216726264,0.00588123431290415,1.3434348160283006e-07,2.9437194209603414,0
5.606259379689845,0.36899945109660204,0.1312077125720883,0.05074463917070976,0.0555748828856107,0.2504451375116592,0.03723324210651548,0.00588123431290415,1.3434348160283006e-07,2.9437194209603414,0
5.611498874437219,0.36989015426452976,0.13168204214077808,0.050611766327963235,0.05531648035152864,0.2506927510474997,0.037322389996304675,0.00588123431290415,1.3434348160283006e-07,2.9437194209603414,0
5.616738369184593,0.3707808574324577,0.13215637170946795,0.05047889348521669,0.05505807781744653,0.25094036458334024,0.03741153788609389,0.00588123431290415,1.3434348160283006e-07,2.9437194209603414,0
5.621977863931966,0.3716715606003855,0.13263070127815768,0.05034602064247016,0.05479967528336448,0.2511879781191807,0.03750068577588308,0.00588123431290415,1.3434348160283006e-07,2.9437194209603414,0
5.62721735867934,0.3725622637683134,0.13310503084684755,0.05021314779972361,0.05454127274928237,0.2514355916550212,0.03758983366567229,0.00588123431290415,1.3434348160283006e-07,2.9437194209603414,0
5.632456853426714,0.3734529669362412,0.13357936041553733,0.05008027495697708,0.05428287021520031,0.2516832051908617,0.03767898155546149,0.00588123431290415,1.3434348160283006e-07,2.9437194209603414,0
5.637696348174088,0.3743436701041691,0.1340536899842272,0.04994740211423054,0.05402446768111823,0.2519308187267022,0.0377681294452507,0.00588123431290415,1.3434348160283006e-07,2.9437194209603414,0
5.642935842921461,0.37523437327209685,0.134528019552917,0.04981452927148401,0.053766065147036156,0.25217843226254266,0.0378572773350399,0.00588123431290415,1.3434348160283006e-07,2.9437194209603414,0
5.648175337668834,0.3762182007388024,0.1350156734075287,0.04969636742988824,0.05350589628160886,0.2522026462772265,0.03796507510280622,0.00588123431290415,1.3434348160283006e-07,2.9437194209603414,0
5.653414832416209,0.3772191608658173,0.13550577861444663,0.049580912063281614,0.05324540245314472,0.25218576008327026,0.03807630400539329,0.00588123431290415,1.3434348160283006e-07,2.9437194209603414,0
5.658654327163582,0.378220120992832,0.1359958838213645,0.049465456696675,0.0529849086246806,0.25216887388931397,0.03818753290798033,0.00588123431290415,1.3434348160283006e-07,2.9437194209603414,0
5.663893821910956,0.3792210811198469,0.1364859890282824,0.049350001330068366,0.052724414796216465,0.25215198769535774,0.03829876181056739,0.00588123431290415,1.3434348160283006e-07,2.9437194209603414,0
5.669133316658329,0.38022204124686165,0.13697609423520024,0.04923454596346176,0.05246392096775236,0.2521351015014015,0.038409990713154436,0.00588123431290415,1.3434348160283006e-07,2.9437194209603414,0
5.674372811405704,0.3812230013738766,0.1374661994421182,0.04911909059685513,0.05220342713928821,0.2521182153074452,0.0385212196157415,0.00588123431290415,1.3434348160283006e-07,2.9437194209603414,0
5.679612306153077,0.38222396150089133,0.13795630464903602,0.04900363523024852,0.05194293331082411,0.252101329113489,0.03863244851832854,0.00588123431290415,1.3434348160283006e-07,2.9437194209603414,0
5.684851800900451,0.3832249216279063,0.13844640985595394,0.04888817986364189,0.05168243948235997,0.2520844429195327,0.0387436774209156,0.00588123431290415,1.3434348160283006e-07,2.9437194209603414,0
5.690091295647824,0.38422588175492095,0.13893651506287177,0.04877272449703527,0.05142194565389586,0.25206755672557646,0.03885490632350264,0.00588123431290415,1.3434348160283006e-07,2.9437194209603414,0
5.6953307903951975,0.38522684188193573,0.1394266202697896,0.048657269130428664,0.051161451825431754,0.25205067053162017,0.03896613522608969,0.00588123431290415,1.3434348160283006e-07,2.9437194209603414,0
5.700570285142572,0.3863125527032827,0.13993502531528604,0.048527299180186355,0.05091560426883913,0.251823527172515,0.03909536130376601,0.00588123431290415,1.3434348160283006e-07,2.9437194209603414,0
5.705809779889945,0.3874162955872532,0.14044732394345866,0.04839424102065987,0.05067287294030431,0.2515516482463568,0.039228416567631506,0.00588123431290415,1.3434348160283006e-07,2.9437194209603414,0
5.711049274637319,0.38852003847122396,0.14095962257163136,0.04826118286113336,0.05043014161176945,0.2512797693201985,0.03936147183149703,0.00588123431290415,1.3434348160283006e-07,2.9437194209603414,0
5.716288769384692,0.38962378135519454,0.141471921199804,0.048128124701606885,0.05018741028323464,0.25100789039404037,0.03949452709536254,0.00588123431290415,1.3434348160283006e-07,2.9437194209603414,0
5.721528264132067,0.39072752423916535,0.14198421982797668,0.047995066542080383,0.04994467895469978,0.25073601146788216,0.039627582359228065,0.00588123431290415,1.3434348160283006e-07,2.9437194209603414,0
5.72676775887944,0.39183126712313593,0.1424965184561493,0.0478620083825539,0.04970194762616496,0.250464132541724,0.039760637623093564,0.00588123431290415,1.3434348160283006e-07,2.9437194209603414,0
5.732007253626814,0.3929350100071067,0.14300881708432206,0.047728950223027394,0.0494592162976301,0.25019225361556574,0.039893692886959084,0.00588123431290415,1.3434348160283006e-07,2.9437194209603414,0
5.737246748374187,0.3940387528910773,0.14352111571249465,0.047595892063500914,0.04921648496909529,0.24992037468940753,0.04002674815082459,0.00588123431290415,1.3434348160283006e-07,2.9437194209603414,0
5.7424862431215615,0.39514249577504806,0.14403341434066735,0.047462833903974405,0.04897375364056042,0.24964849576324935,0.040159803414690116,0.00588123431290415,1.3434348160283006e-07,2.9437194209603414,0
5.747725737868935,0.3962462386590186,0.14454571296884,0.04732977574444793,0.048731022312025606,0.24937661683709114,0.040292858678555615,0.00588123431290415,1.3434348160283006e-07,2.9437194209603414,0
5.752965232616308,0.39739989453001473,0.14505877073478082,0.04720281284109795,0.04851425412157515,0.24896247189602935,0.04042604516430047,0.00588123431290415,1.3434348160283006e-07,2.9437194209603414,0
5.758204727363682,0.39856567879038174,0.1455720129641048,0.04707733102803383,0.048303794731032995,0.24851375764293485,0.04055926353573565,0.00588123431290415,1.3434348160283006e-07,2.9437194209603414,0
5.763444222111056,0.3997314630507486,0.14608525519342863,0.04695184921496973,0.04809333534049087,0.24806504338984042,0.04069248190717081,0.00588123431290415,1.3434348160283006e-07,2.9437194209603414,0
5.76868371685843,0.4008972473111156,0.14659849742275252,0.04682636740190561,0.04788287594994872,0.24761632913674592,0.04082570027860599,0.00588123431290415,1.3434348160283006e-07,2.9437194209603414,0
5.773923211605803,0.4020630315714824,0.14711173965207638,0.04670088558884151,0.04767241655940661,0.24716761488365152,0.04095891865004115,0.00588123431290415,1.3434348160283006e-07,2.9437194209603414,0
5.779162706353177,0.40322881583184944,0.14762498188140027,0.04657540377577738,0.04746195716886446,0.24671890063055696,0.041092137021476335,0.00588123431290415,1.3434348160283006e-07,2.9437194209603414,0
5.784402201100551,0.40439460009221617,0.14813822411072414,0.04644992196271328,0.04725149777832234,0.24627018637746254,0.04122535539291149,0.00588123431290415,1.3434348160283006e-07,2.9437194209603414,0
5.789641695847925,0.4055603843525832,0.14865146634004803,0.04632444014964916,0.04704103838778018,0.24582147212436803,0.04135857376434668,0.00588123431290415,1.3434348160283006e-07,2.9437194209603414,0
5.794881190595298,0.40672616861295,0.1491647085693719,0.046198958336585064,0.046830578997238075,0.24537275787127358,0.04149179213578184,0.00588123431290415,1.3434348160283006e-07,2.9437194209603414,0
5.800120685342672,0.40789195287331703,0.14967795079869578,0.04607347652352094,0.04662011960669592,0.24492404361817907,0.041625010507217015,0.00588123431290415,1.3434348160283006e-07,2.9437194209603414,0
5.805360180090045,0.40917521066350515,0.1502020027857538,0.045951895568468126,0.04641185489919682,0.24450354672656535,0.041766211991790037,0.00588123431290415,1.3434348160283006e-07,2.9437194209603414,0
5.810599674837419,0.4104907455257846,0.15072902486599118,0.045831386414658046,0.04620419320365202,0.24409080284801019,0.041909606919589434,0.00588123431290415,1.3434348160283006e-07,2.9437194209603414,0
5.815839169584793,0.4118062803880643,0.15125604694622866,0.04571087726084794,0.04599653150810718,0.243678058969455,0.04205300184738887,0.00588123431290415,1.3434348160283006e-07,2.9437194209603414,0
5.821078664332166,0.41312181525034375,0.15178306902646607,0.04559036810703785,0.04578886981256239,0.24326531509089985,0.04219639677518826,0.00588123431290415,1.3434348160283006e-07,2.9437194209603414,0
5.82631815907954,0.4144373501126235,0.15231009110670354,0.04546985895322774,0.04558120811701755,0.24285257121234463,0.042339791702987684,0.00588123431290415,1.3434348160283006e-07,2.9437194209603414,0
5.831557653826914,0.4157528849749029,0.15283711318694096,0.04534934979941765,0.04537354642147276,0.24243982733378946,0.04248318663078708,0.00588123431290415,1.3434348160283006e-07,2.9437194209603414,0
5.836797148574288,0.4170684198371827,0.1533641352671785,0.04522884064560754,0.04516588472592793,0.2420270834552343,0.0426265815585865,0.00588123431290415,1.3434348160283006e-07,2.9437194209603414,0
5.842036643321661,0.41838395469946216,0.15389115734741585,0.04510833149179746,0.04495822303038313,0.2416143395766791,0.0427699764863859,0.00588123431290415,1.3434348160283006e-07,2.9437194209603414,0
5.847276138069035,0.41969948956174186,0.15441817942765335,0.04498782233798734,0.044750561334838304,0.2412015956981239,0.04291337141418532,0.00588123431290415,1.3434348160283006e-07,2.9437194209603414,0
5.8525156328164085,0.42101502442402133,0.1549452015078907,0.04486731318417726,0.044542899639293504,0.2407888518195687,0.043056766341984715,0.00588123431290415,1.3434348160283006e-07,2.9437194209603414,0
5.857755127563783,0.42240804656580255,0.15542432899835432,0.04474809841618347,0.04434885191602823,0.24028436263614658,0.04321475325218437,0.00588123431290415,1.3434348160283006e-07,2.9437194209603414,0
5.862994622311156,0.4238249500330692,0.15588869553328097,0.044629282573654415,0.044158999974383564,0.23975159785056882,0.04337723736351718,0.00588123431290415,1.3434348160283006e-07,2.9437194209603414,0
5.868234117058529,0.42524185350033583,0.15635306206820762,0.04451046673112536,0.0439691480327389,0.239218833064991,0.043539721474849996,0.00588123431290415,1.3434348160283006e-07,2.9437194209603414,0
5.873473611805903,0.42665875696760275,0.15681742860313433,0.044391650888596285,0.043779296091094204,0.23868606827941316,0.04370220558618283,0.00588123431290415,1.3434348160283006e-07,2.9437194209603414,0
5.878713106553277,0.4280756604348694,0.15728179513806098,0.04427283504606722,0.04358944414944955,0.2381533034938354,0.04386468969751564,0.00588123431290415,1.3434348160283006e-07,2.9437194209603414,0
5.883952601300651,0.4294925639021363,0.1577461616729877,0.04415401920353815,0.043399592207804844,0.23762053870825756,0.04402717380884848,0.00588123431290415,1.3434348160283006e-07,2.9437194209603414,0
5.889192096048024,0.430909467369403,0.15821052820791434,0.04403520336100909,0.04320974026616019,0.23708777392267977,0.044189657920181286,0.00588123431290415,1.3434348160283006e-07,2.9437194209603414,0
5.894431590795398,0.43232637083666986,0.15867489474284105,0.04391638751848001,0.04301988832451549,0.23655500913710192,0.04435214203151413,0.00588123431290415,1.3434348160283006e-07,2.9437194209603414,0
5.899671085542772,0.43374327430393655,0.1591392612777677,0.04379757167595095,0.04283003638287083,0.23602224435152416,0.04451462614284694,0.00588123431290415,1.3434348160283006e-07,2.9437194209603414,0
5.904910580290146,0.4351601777712034,0.1596036278126944,0.04367875583342187,0.04264018444122613,0.23548947956594626,0.04467711025417978,0.00588123431290415,1.3434348160283006e-07,2.9437194209603414,0
5.910150075037519,0.43658068510523457,0.16013004783369097,0.0435603460513247,0.04245754729873389,0.23489005964232706,0.04481678381936647,0.00588123431290415,1.3434348160283006e-07,2.9437194209603414,0
5.915389569784892,0.4380024301308817,0.16067777915293383,0.043442075724325346,0.04227738796605157,0.23426774805513806,0.04494862345961408,0.00588123431290415,1.3434348160283006e-07,2.9437194209603414,0
5.920629064532267,0.4394241751565291,0.16122551047217673,0.04332380539732598,0.04209722863336921,0.23364543646794894,0.045080463099861724,0.00588123431290415,1.3434348160283006e-07,2.9437194209603414,0
5.92586855927964,0.4408459201821763,0.16177324179141953,0.04320553507032662,0.04191706930068689,0.2330231248807599,0.045212302740109345,0.00588123431290415,1.3434348160283006e-07,2.9437194209603414,0
5.931108054027014,0.4422676652078237,0.16232097311066246,0.04308726474332726,0.04173690996800454,0.2324008132935708,0.045344142380356986,0.00588123431290415,1.3434348160283006e-07,2.9437194209603414,0
5.936347548774387,0.4436894102334708,0.16286870442990528,0.042968994416327906,0.041556750635322215,0.2317785017063818,0.0454759820206046,0.00588123431290415,1.3434348160283006e-07,2.9437194209603414,0
5.9415870435217615,0.4451111552591182,0.16341643574914816,0.04285072408932854,0.04137659130263987,0.2311561901191927,0.04560782166085225,0.00588123431290415,1.3434348160283006e-07,2.9437194209603414,0
5.946826538269135,0.4465329002847654,0.16396416706839095,0.04273245376232918,0.041196431969957543,0.2305338785320037,0.04573966130109986,0.00588123431290415,1.3434348160283006e-07,2.9437194209603414,0
5.952066033016509,0.4479546453104128,0.16451189838763391,0.042614183435329814,0.0410162726372752,0.22991156694481457,0.04587150094134751,0.00588123431290415,1.3434348160283006e-07,2.9437194209603414,0
5.957305527763882,0.4493763903360599,0.16505962970687674,0.042495913108330466,0.04083611330459287,0.22928925535762562,0.04600334058159512,0.00588123431290415,1.3434348160283006e-07,2.9437194209603414,0
5.962545022511256,0.4508230781098424,0.16552010730149322,0.042387799766237605,0.04068011239000921,0.22857917471824413,0.046163679306614795,0.00588123431290415,1.3434348160283006e-07,2.9437194209603414,0
5.96778451725863,0.4522792596631916,0.16594737413587113,0.042283552404559,0.040533306721068675,0.2278356871731841,0.046334865434142815,0.00588123431290415,1.3434348160283006e-07,2.9437194209603414,0
5.973024012006003,0.4537354412165409,0.16637464097024907,0.0421793050428804,0.04038650105212814,0.22709219962812402,0.046506051561670834,0.00588123431290415,1.3434348160283006e-07,2.9437194209603414,0
5.978263506753377,0.45519162276989034,0.16680190780462714,0.04207505768120177,0.04023969538318758,0.22634871208306384,0.046677237689198896,0.00588123431290415,1.3434348160283006e-07,2.9437194209603414,0
5.98350300150075,0.4566478043232396,0.16722917463900505,0.04197081031952317,0.04009288971424704,0.22560522453800377,0.046848423816726915,0.00588123431290415,1.3434348160283006e-07,2.9437194209603414,0
5.988742496248125,0.458103985876589,0.16765644147338304,0.04186656295784455,0.03994608404530648,0.2248617369929436,0.04701960994425497,0.00588123431290415,1.3434348160283006e-07,2.9437194209603414,0
5.993981990995498,0.45956016742993827,0.16808370830776098,0.041762315596165944,0.039799278376365946,0.22411824944788356,0.04719079607178299,0.00588123431290415,1.3434348160283006e-07,2.9437194209603414,0
5.999221485742872,0.4610163489832878,0.16851097514213903,0.041658068234487325,0.03965247270742538,0.22337476190282335,0.047361982199311044,0.00588123431290415,1.3434348160283006e-07,2.9437194209603414,0
6.004460980490245,0.462472530536637,0.16893824197651697,0.04155382087280872,0.03950566703848485,0.2226312743577633,0.04753316832683907,0.00588123431290415,1.3434348160283006e-07,2.9437194209603414,0
6.00970047523762,0.46392871208998643,0.16936550881089496,0.0414495735111301,0.039358861369544286,0.22188778681270316,0.04770435445436712,0.00588123431290415,1.3434348160283006e-07,2.9437194209603414,0
6.014939969984993,0.4654628236709124,0.16979914233371945,0.04134745251627536,0.03921523018745845,0.2212827871844192,0.047905431972574755,0.00588123431290415,1.3434348160283006e-07,2.9437194209603414,0
6.020179464732367,0.4670296603167996,0.17023544941254645,0.041246224444143796,0.039072932063909424,0.22073594262438992,0.04811906174736675,0.00588123431290415,1.3434348160283006e-07,2.9437194209603414,0
6.02541895947974,0.4685964969626866,0.1706717564913734,0.04114499637201225,0.038930633940360435,0.22018909806436074,0.0483326915221587,0.00588123431290415,1.3434348160283006e-07,2.9437194209603414,0
6.0306584542271136,0.4701633336085737,0.17110806357020034,0.0410437682998807,0.03878833581681144,0.21964225350433153,0.048546321296950655,0.00588123431290415,1.3434348160283006e-07,2.9437194209603414,0
6.035897948974488,0.47173017025446085,0.17154437064902736,0.04094254022774913,0.03864603769326242,0.21909540894430227,0.048759951071742656,0.00588123431290415,1.3434348160283006e-07,2.9437194209603414,0
6.041137443721861,0.4732970069003478,0.17198067772785428,0.04084131215561759,0.03850373956971342,0.2185485643842731,0.04897358084653461,0.00588123431290415,1.3434348160283006e-07,2.9437194209603414,0
6.046376938469235,0.4748638435462352,0.17241698480668133,0.040740084083486026,0.0383614414461644,0.2180017198242438,0.0491872106213266,0.00588123431290415,1.3434348160283006e-07,2.9437194209603414,0
6.0516164332166085,0.47643068019212215,0.17285329188550824,0.04063885601135449,0.03821914332261541,0.21745487526421461,0.049400840396118556,0.00588123431290415,1.3434348160283006e-07,2.9437194209603414,0
6.056855927963983,0.4779975168380093,0.1732895989643353,0.04053762793922291,0.038076845199066386,0.21690803070418532,0.04961447017091055,0.00588123431290415,1.3434348160283006e-07,2.9437194209603414,0
6.062095422711356,0.4795643534838962,0.1737259060431622,0.04043639986709136,0.03793454707551739,0.21636118614415617,0.04982809994570251,0.00588123431290415,1.3434348160283006e-07,2.9437194209603414,0
6.06733491745873,0.4810154863798549,0.17410183644385435,0.040333366279505754,0.037805013700295785,0.215718380704746,0.05001596945666536,0.00588123431290415,1.3434348160283006e-07,2.9437194209603414,0
6.072574412206103,0.48241321754507716,0.17444990068540728,0.0402294993770952,0.03768137174737916,0.21503128562869872,0.05019194961509166,0.00588123431290415,1.3434348160283006e-07,2.9437194209603414,0
6.077813906953477,0.4838109487102993,0.17479796492696018,0.04012563247468465,0.03755772979446253,0.21434419055265136,0.05036792977351796,0.00588123431290415,1.3434348160283006e-07,2.9437194209603414,0
6.083053401700851,0.4852086798755217,0.17514602916851318,0.04002176557227409,0.037434087841545886,0.21365709547660391,0.05054390993194429,0.00588123431290415,1.3434348160283006e-07,2.9437194209603414,0
6.088292896448224,0.4866064110407439,0.17549409341006608,0.03991789866986355,0.03731044588862926,0.21297000040055658,0.0507198900903706,0.00588123431290415,1.3434348160283006e-07,2.9437194209603414,0
6.093532391195598,0.4880041422059664,0.1758421576516191,0.03981403176745298,0.037186803935712616,0.21228290532450914,0.05089587024879693,0.00588123431290415,1.3434348160283006e-07,2.9437194209603414,0
6.098771885942972,0.4894018733711885,0.17619022189317202,0.03971016486504243,0.03706316198279599,0.2115958102484618,0.05107185040722323,0.00588123431290415,1.3434348160283006e-07,2.9437194209603414,0
6.104011380690346,0.490799604536411,0.176538286134725,0.039606297962631876,0.03693952002987933,0.21090871517241436,0.051247830565649556,0.00588123431290415,1.3434348160283006e-07,2.9437194209603414,0
6.109250875437719,0.49219733570163315,0.17688635037627792,0.039502431060221325,0.03681587807696271,0.21022162009636702,0.051423810724075855,0.00588123431290415,1.3434348160283006e-07,2.9437194209603414,0
6.114490370185093,0.49359506686685556,0.1772344146178309,0.03939856415781076,0.03669223612404606,0.20953452502031958,0.05159979088250219,0.00588123431290415,1.3434348160283006e-07,2.9437194209603414,0
6.1197298649324665,0.4950670968634134,0.1775251322810662,0.03929912440489762,0.036579886306777186,0.2088663483530384,0.05178038661514545,0.00588123431290415,1.3434348160283006e-07,2.9437194209603414,0
6.124969359679841,0.49657669683506217,0.1777868520518692,0.039201923286069945,0.036473246475081114,0.20820773797547285,0.05196331626078902,0.00588123431290415,1.3434348160283006e-07,2.9437194209603414,0
6.130208854427214,0.4980862968067105,0.1780485718226722,0.039104722167242284,0.036366606643385056,0.20754912759790733,0.052146245906432555,0.00588123431290415,1.3434348160283006e-07,2.9437194209603414,0
6.135448349174587,0.49959589677835886,0.17831029159347514,0.03900752104841464,0.036259966811689005,0.20689051722034182,0.05232917555207609,0.00588123431290415,1.3434348160283006e-07,2.9437194209603414,0
6.140687843921961,0.5011054967500076,0.17857201136427817,0.03891031992958696,0.03615332697999293,0.20623190684277629,0.05251210519771966,0.00588123431290415,1.3434348160283006e-07,2.9437194209603414,0
6.145927338669335,0.502615096721656,0.17883373113508114,0.03881311881075931,0.036046687148296876,0.20557329646521078,0.0526950348433632,0.00588123431290415,1.3434348160283006e-07,2.9437194209603414,0
6.151166833416709,0.5041246966933045,0.17909545090588416,0.03871591769193163,0.035940047316600804,0.20491468608764524,0.052877964489006765,0.00588123431290415,1.3434348160283006e-07,2.9437194209603414,0
6.156406328164082,0.505634296664953,0.17935717067668713,0.03861871657310398,0.035833407484904746,0.20425607571007973,0.0530608941346503,0.00588123431290415,1.3434348160283006e-07,2.9437194209603414,0
6.161645822911456,0.5071438966366016,0.17961889044749016,0.038521515454276296,0.035726767653208674,0.20359746533251413,0.05324382378029387,0.00588123431290415,1.3434348160283006e-07,2.9437194209603414,0
6.16688531765883,0.50865349660825,0.1798806102182931,0.03842431433544864,0.03562012782151262,0.20293885495494868,0.053426753425937404,0.00588123431290415,1.3434348160283006e-07,2.9437194209603414,0
6.172124812406204,0.5101068333141385,0.1800953739248991,0.038336643674222355,0.03552681866540867,0.20222497174320805,0.05363188830930659,0.00588123431290415,1.3434348160283006e-07,2.9437194209603414,0
6.177364307153577,0.5115290829237702,0.18028419303572307,0.03825423886894704,0.03544087509659687,0.20148054867756546,0.053849292234531915,0.00588123431290415,1.3434348160283006e-07,2.9437194209603414,0
6.182603801900951,0.5129513325334022,0.18047301214654704,0.038171834063671715,0.03535493152778506,0.20073612561192267,0.054066696159757274,0.00588123431290415,1.3434348160283006e-07,2.9437194209603414,0
6.1878432966483246,0.514373582143034,0.180661831257371,0.0380894292583964,0.035268987958973264,0.19999170254628007,0.05428410008498259,0.00588123431290415,1.3434348160283006e-07,2.9437194209603414,0
6.193082791395698,0.5157958317526657,0.18085065036819495,0.0380070244531211,0.03518304439016147,0.19924727948063745,0.05450150401020792,0.00588123431290415,1.3434348160283006e-07,2.9437194209603414,0
6.198322286143072,0.5172180813622977,0.18103946947901892,0.03792461964784577,0.035097100821349654,0.1985028564149947,0.05471890793543328,0.00588123431290415,1.3434348160283006e-07,2.9437194209603414,0
6.203561780890445,0.5186403309719294,0.18122828858984288,0.03784221484257046,0.03501115725253786,0.19775843334935206,0.0549363118606586,0.00588123431290415,1.3434348160283006e-07,2.9437194209603414,0
6.20880127563782,0.5200625805815613,0.18141710770066685,0.03775981003729513,0.03492521368372605,0.19701401028370932,0.05515371578588396,0.00588123431290415,1.3434348160283006e-07,2.9437194209603414,0
6.214040770385193,0.5214848301911932,0.18160592681149082,0.03767740523201982,0.03483927011491425,0.1962695872180667,0.05537111971110928,0.00588123431290415,1.3434348160283006e-07,2.9437194209603414,0
6.219280265132567,0.5229070798008251,0.18179474592231482,0.03759500042674449,0.03475332654610244,0.19552516415242394,0.05558852363633464,0.00588123431290415,1.3434348160283006e-07,2.9437194209603414,0
6.22451975987994,0.5242896041935414,0.1819451443546937,0.03751343513376714,0.0346748259392612,0.19490499883489068,0.055791039236912816,0.00588123431290415,1.3434348160283006e-07,2.9437194209603414,0
6.229759254627314,0.5256481977326944,0.18207239780005757,0.03743237557108976,0.03460080904445041,0.1943596875824834,0.05598458596722165,0.00588123431290415,1.3434348160283006e-07,2.9437194209603414,0
6.234998749374688,0.5270067912718474,0.18219965124542142,0.03735131600841239,0.034526792149639635,0.19381437633007628,0.05617813269753046,0.00588123431290415,1.3434348160283006e-07,2.9437194209603414,0
6.240238244122062,0.5283653848110005,0.1823269046907853,0.037270256445735006,0.03445277525482884,0.193269065077669,0.0563716794278393,0.00588123431290415,1.3434348160283006e-07,2.9437194209603414,0
6.245477738869435,0.5297239783501533,0.18245415813614912,0.037189196883057635,0.03437875836001806,0.19272375382526183,0.05656522615814811,0.00588123431290415,1.3434348160283006e-07,2.9437194209603414,0
6.250717233616808,0.5310825718893062,0.18258141158151298,0.03710813732038027,0.034304741465207275,0.19217844257285469,0.05675877288845691,0.00588123431290415,1.3434348160283006e-07,2.9437194209603414,0
6.255956728364183,0.5324411654284593,0.18270866502687683,0.037027077757702885,0.034230724570396484,0.1916331313204474,0.05695231961876575,0.00588123431290415,1.3434348160283006e-07,2.9437194209603414,0
6.261196223111556,0.5337997589676121,0.18283591847224068,0.036946018195025514,0.0341567076755857,0.19108782006804023,0.05714586634907456,0.00588123431290415,1.3434348160283006e-07,2.9437194209603414,0
6.26643571785893,0.5351583525067654,0.18296317191760456,0.036864958632348135,0.03408269078077491,0.190542508815633,0.0573394130793834,0.00588123431290415,1.3434348160283006e-07,2.9437194209603414,0
6.271675212606303,0.5365169460459183,0.18309042536296838,0.036783899069670764,0.03400867388596413,0.18999719756322583,0.05753295980969221,0.00588123431290415,1.3434348160283006e-07,2.9437194209603414,0
6.2769147073536775,0.5378015511139898,0.18315302153318017,0.03670612473116763,0.033944503160600284,0.1893844184479039,0.05774044019396647,0.00588123431290415,1.3434348160283006e-07,2.9437194209603414,0
6.282154202101051,0.5390376492176178,0.18317322828648727,0.036630504191085815,0.03388678760026805,0.18872740728967538,0.05795705550490681,0.00588123431290415,1.3434348160283006e-07,2.9437194209603414,0
6.287393696848425,0.5402737473212459,0.18319343503979443,0.036554883651003976,0.033829072039935806,0.18807039613144677,0.05817367081584719,0.00588123431290415,1.3434348160283006e-07,2.9437194209603414,0
6.292633191595798,0.5415098454248739,0.18321364179310154,0.036479263110922165,0.03377135647960358,0.18741338497321824,0.05839028612678753,0.00588123431290415,1.3434348160283006e-07,2.9437194209603414,0
6.297872686343172,0.5427459435285019,0.18323384854640865,0.03640364257084034,0.03371364091927135,0.18675637381498972,0.058606901437727885,0.00588123431290415,1.3434348160283006e-07,2.9437194209603414,0
6.303112181090546,0.5439820416321302,0.18325405529971578,0.03632802203075851,0.033655925358939104,0.1860993626567611,0.058823516748668266,0.00588123431290415,1.3434348160283006e-07,2.9437194209603414,0
6.308351675837919,0.5452181397357581,0.18327426205302288,0.036252401490676676,0.03359820979860687,0.18544235149853258,0.059040132059608605,0.00588123431290415,1.3434348160283006e-07,2.9437194209603414,0
6.313591170585293,0.5464542378393864,0.18329446880633002,0.03617678095059485,0.03354049423827463,0.18478534034030397,0.059256747370548986,0.00588123431290415,1.3434348160283006e-07,2.9437194209603414,0
6.3188306653326665,0.5476903359430143,0.18331467555963715,0.036101160410513033,0.0334827786779424,0.18412832918207542,0.05947336268148933,0.00588123431290415,1.3434348160283006e-07,2.9437194209603414,0
6.324070160080041,0.5489264340466425,0.18333488231294426,0.0360255398704312,0.033425063117610156,0.18347131802384678,0.05968997799242971,0.00588123431290415,1.3434348160283006e-07,2.9437194209603414,0
6.329309654827414,0.5501368616814389,0.18335064673513227,0.035938701231031066,0.03337200430201667,0.18289954507391895,0.05989900722929047,0.00588123431290415,1.3434348160283006e-07,2.9437194209603414,0
6.334549149574788,0.5513290004843641,0.1833632462347203,0.035843870297695986,0.03332226316722417,0.18238849977454002,0.060102631795347784,0.00588123431290415,1.3434348160283006e-07,2.9437194209603414,0
6.339788644322161,0.552521139287289,0.1833758457343084,0.03574903936436093,0.03327252203243167,0.18187745447516113,0.06030625636140507,0.00588123431290415,1.3434348160283006e-07,2.9437194209603414,0
6.345028139069536,0.5537132780902143,0.18338844523389644,0.03565420843102584,0.033222780897639165,0.1813664091757822,0.06050988092746238,0.00588123431290415,1.3434348160283006e-07,2.9437194209603414,0
6.350267633816909,0.5549054168931391,0.18340104473348454,0.03555937749769079,0.03317303976284667,0.18085536387640333,0.06071350549351966,1.3858233307206087e-13,1.3434348160283006e-07,2.9437194209603414,0
6.355507128564282,0.5560975556960641,0.18341364423307258,0.03546454656435572,0.03312329862805418,0.18034431857702446,0.06091713005957694,1.3858233307206087e-13,1.3434348160283006e-07,2.9437194209603414,0
6.360746623311656,0.5572896944989894,0.1834262437326607,0.03536971563102065,0.03307355749326167,0.1798332732776455,0.06112075462563426,1.3858233307206087e-13,1.3434348160283006e-07,2.9437194209603414,0
6.36598611805903,0.5584818333019143,0.1834388432322487,0.03527488469768559,0.03302381635846918,0.17932222797826666,0.06132437919169153,1.3858233307206087e-13,1.3434348160283006e-07,2.9437194209603414,0
6.371225612806404,0.5596739721048394,0.1834514427318368,0.03518005376435051,0.03297407522367667,0.17881118267888768,0.061528003757748854,1.3858233307206087e-13,1.3434348160283006e-07,2.9437194209603414,0
6.376465107553777,0.5608661109077643,0.18346404223142487,0.03508522283101544,0.03292433408888418,0.17830013737950884,0.06173162832380614,1.3858233307206087e-13,1.3434348160283006e-07,2.9437194209603414,0
6.381704602301151,0.5619520121488354,0.18341132689767242,0.03499988972276375,0.032883741499751866,0.17789685999820595,0.06192726431553471,1.3858233307206087e-13,1.3434348160283006e-07,2.9437194209603414,0
6.3869440970485245,0.5629557563420722,0.18330810142613668,0.03492190159924321,0.03285022378593011,0.17757692314021523,0.06211672247644903,1.3858233307206087e-13,1.3434348160283006e-07,2.9437194209603414,0
6.392183591795899,0.5639595005353093,0.18320487595460094,0.03484391347572267,0.03281670607210834,0.1772569862822245,0.06230618063736339,1.3858233307206087e-13,1.3434348160283006e-07,2.9437194209603414,0
6.397423086543272,0.5649632447285461,0.18310165048306518,0.034765925352202125,0.03278318835828658,0.17693704942423377,0.06249563879827771,1.3858233307206087e-13,1.3434348160283006e-07,2.9437194209603414,0
6.402662581290646,0.5659669889217832,0.18299842501152944,0.034687937228681576,0.032749670644464816,0.17661711256624302,0.06268509695919207,1.3858233307206087e-13,1.3434348160283006e-07,2.9437194209603414,0
6.407902076038019,0.5669707331150201,0.18289519953999372,0.03460994910516104,0.03271615293064306,0.17629717570825235,0.06287455512010638,1.3858233307206087e-13,1.3434348160283006e-07,2.9437194209603414,0
6.413141570785393,0.567974477308257,0.18279197406845799,0.034531960981640505,0.0326826352168213,0.17597723885026165,0.06306401328102071,1.3858233307206087e-13,1.3434348160283006e-07,2.9437194209603414,0
6.418381065532767,0.568978221501494,0.18268874859692222,0.034453972858119956,0.032649117502999536,0.17565730199227092,0.06325347144193506,1.3858233307206087e-13,1.3434348160283006e-07,2.9437194209603414,0
6.42362056028014,0.5699819656947309,0.18258552312538648,0.03437598473459942,0.032615599789177774,0.1753373651342802,0.06344292960284939,1.3858233307206087e-13,1.3434348160283006e-07,2.9437194209603414,0
6.428860055027514,0.5709857098879679,0.18248229765385077,0.03429799661107887,0.03258208207535601,0.17501742827628947,0.06363238776376373,1.3858233307206087e-13,1.3434348160283006e-07,2.9437194209603414,0
6.434099549774888,0.5719258983114486,0.18237989351119185,0.03422419319766259,0.03255718649797989,0.17468646930035261,0.06381634920814387,1.3858233307206087e-13,1.3434348160283006e-07,2.9437194209603414,0
6.439339044522262,0.5728127818957788,0.18227817822501027,0.03415389954110793,0.03253952238988075,0.17434626596742867,0.0639957005031728,1.3858233307206087e-13,1.3434348160283006e-07,2.9437194209603414,0
6.444578539269635,0.573699665480109,0.18217646293882872,0.03408360588455328,0.032521858281781606,0.17400606263450477,0.06417505179820167,1.3858233307206087e-13,1.3434348160283006e-07,2.9437194209603414,0
6.449818034017009,0.5745865490644393,0.1820747476526472,0.034013312227998624,0.032504194173682464,0.17366585930158082,0.06435440309323058,1.3858233307206087e-13,1.3434348160283006e-07,2.9437194209603414,0
6.455057528764383,0.5754734326487696,0.18197303236646561,0.033943018571443974,0.03248653006558332,0.17332565596865696,0.06453375438825948,1.3858233307206087e-13,1.3434348160283006e-07,2.9437194209603414,0
6.460297023511756,0.5763603162330996,0.1818713170802841,0.03387272491488932,0.03246886595748418,0.17298545263573303,0.06471310568328836,1.3858233307206087e-13,1.3434348160283006e-07,2.9437194209603414,0
6.46553651825913,0.5772471998174299,0.18176960179410254,0.03380243125833466,0.03245120184938505,0.17264524930280908,0.06489245697831726,1.3858233307206087e-13,1.3434348160283006e-07,2.9437194209603414,0
6.470776013006503,0.5781340834017599,0.18166788650792098,0.03373213760178001,0.032433537741285906,0.17230504596988516,0.06507180827334615,1.3858233307206087e-13,1.3434348160283006e-07,2.9437194209603414,0
6.4760155077538775,0.5790209669860904,0.1815661712217394,0.03366184394522535,0.032415873633186765,0.1719648426369612,0.06525115956837507,1.3858233307206087e-13,1.3434348160283006e-07,2.9437194209603414,0
6.481255002501251,0.5799078505704206,0.18146445593555785,0.0335915502886707,0.03239820952508762,0.17162463930403732,0.06543051086340394,1.3858233307206087e-13,1.3434348160283006e-07,2.9437194209603414,0
6.486494497248625,0.5808050703498114,0.1813322260789223,0.033529913328265076,0.03238772662028795,0.17123404874814296,0.06562730186371678,1.3858233307206087e-13,1.3434348160283006e-07,2.9437194209603414,0
6.491733991995998,0.5817116866701664,0.18117225570369225,0.03347614609163131,0.03238377208212417,0.1707976516259119,0.0658399471415604,1.3858233307206087e-13,1.3434348160283006e-07,2.9437194209603414,0
6.496973486743372,0.5826183029905213,0.1810122853284621,0.033422378854997534,0.03237981754396038,0.17036125450368075,0.06605259241940403,1.3858233307206087e-13,1.3434348160283006e-07,2.9437194209603414,0
6.502212981490746,0.5835249193108764,0.18085231495323206,0.03336861161836376,0.0323758630057966,0.16992485738144975,0.06626523769724765,1.3858233307206087e-13,1.3434348160283006e-07,2.9437194209603414,0
6.50745247623812,0.5844315356312313,0.18069234457800193,0.033314844381729984,0.032371908467632805,0.16948846025921865,0.0664778829750913,1.3858233307206087e-13,1.3434348160283006e-07,2.9437194209603414,0
6.512691970985493,0.5853381519515862,0.18053237420277185,0.03326107714509622,0.03236795392946902,0.1690520631369876,0.06669052825293492,1.3858233307206087e-13,1.3434348160283006e-07,2.9437194209603414,0
6.517931465732866,0.5862447682719412,0.1803724038275418,0.03320730990846245,0.032363999391305236,0.16861566601475658,0.06690317353077854,1.3858233307206087e-13,1.3434348160283006e-07,2.9437194209603414,0
6.523170960480241,0.5871513845922962,0.1802124334523117,0.03315354267182868,0.03236004485314145,0.16817926889252544,0.06711581880862219,1.3858233307206087e-13,1.3434348160283006e-07,2.9437194209603414,0
6.528410455227614,0.588058000912651,0.1800524630770816,0.033099775435194906,0.03235609031497766,0.16774287177029443,0.06732846408646581,1.3858233307206087e-13,1.3434348160283006e-07,2.9437194209603414,0
6.533649949974988,0.5889646172330061,0.1798924927018515,0.03304600819856113,0.032352135776813874,0.1673064746480633,0.06754110936430946,1.3858233307206087e-13,1.3434348160283006e-07,2.9437194209603414,0
6.538889444722361,0.5898220770428307,0.17970237728121244,0.03298383749494571,0.032359400941757474,0.16695162247247677,0.06774889534378137,1.3858233307206087e-13,1.3434348160283006e-07,2.9437194209603414,0
6.544128939469736,0.5906311140213869,0.17948256674121524,0.032913388749228965,0.03237771835155312,0.1666770981547788,0.06795189455172299,1.3858233307206087e-13,1.3434348160283006e-07,2.9437194209603414,0
6.549368434217109,0.591440150999943,0.1792627562012181,0.03284294000351223,0.032396035761348765,0.16640257383708087,0.06815489375966459,1.3858233307206087e-13,1.3434348160283006e-07,2.9437194209603414,0
6.554607928964483,0.5922491879784991,0.1790429456612209,0.03277249125779549,0.03241435317114442,0.1661280495193829,0.06835789296760619,1.3858233307206087e-13,1.3434348160283006e-07,2.9437194209603414,0
6.559847423711856,0.5930582249570552,0.17882313512122375,0.03270204251207875,0.032432670580940064,0.16585352520168498,0.06856089217554777,1.3858233307206087e-13,1.3434348160283006e-07,2.9437194209603414,0
6.56508691845923,0.5938672619356113,0.17860332458122655,0.03263159376636201,0.03245098799073571,0.16557900088398703,0.06876389138348937,1.3858233307206087e-13,1.3434348160283006e-07,2.9437194209603414,0
6.570326413206604,0.5946762989141674,0.17838351404122935,0.03256114502064527,0.03246930540053136,0.16530447656628908,0.06896689059143095,1.3858233307206087e-13,1.3434348160283006e-07,2.9437194209603414,0
6.575565907953977,0.5954853358927233,0.17816370350123226,0.03249069627492854,0.032487622810327,0.16502995224859116,0.06916988979937255,1.3858233307206087e-13,1.3434348160283006e-07,2.9437194209603414,0
6.580805402701351,0.5962943728712796,0.17794389296123503,0.03242024752921179,0.03250594022012265,0.16475542793089318,0.06937288900731416,1.3858233307206087e-13,1.3434348160283006e-07,2.9437194209603414,0
6.5860448974487245,0.5971034098498356,0.17772408242123788,0.03234979878349505,0.0325242576299183,0.16448090361319526,0.06957588821525575,1.3858233307206087e-13,1.3434348160283006e-07,2.9437194209603414,0
6.591284392196099,0.5978533982960497,0.1774983830424232,0.03228554897821828,0.03254368539492687,0.16426823797359738,0.06977566326708287,1.3858233307206087e-13,1.3434348160283006e-07,2.9437194209603414,0
6.596523886943472,0.5985403608476398,0.17726639816725417,0.032227915658592475,0.03256429830591401,0.16412159765881107,0.06997199699165825,1.3858233307206087e-13,1.3434348160283006e-07,2.9437194209603414,0
6.601763381690846,0.5992273233992297,0.17703441329208505,0.032170282338966655,0.032584911216901144,0.16397495734402473,0.07016833071623364,1.3858233307206087e-13,1.3434348160283006e-07,2.9437194209603414,0
6.607002876438219,0.5999142859508196,0.176802428416916,0.03211264901934084,0.03260552412788828,0.1638283170292384,0.07036466444080901,1.3858233307206087e-13,1.3434348160283006e-07,2.9437194209603414,0
6.6122423711855935,0.6006012485024097,0.17657044354174695,0.03205501569971502,0.032626137038875416,0.16368167671445208,0.07056099816538441,1.3858233307206087e-13,1.3434348160283006e-07,2.9437194209603414,0
6.617481865932967,0.6012882110539997,0.17633845866657788,0.031997382380089215,0.03264674994986255,0.16353503639966574,0.07075733188995978,1.3858233307206087e-13,1.3434348160283006e-07,2.9437194209603414,0
6.622721360680341,0.6019751736055896,0.1761064737914088,0.031939749060463395,0.03266736286084969,0.16338839608487937,0.07095366561453516,1.3858233307206087e-13,1.3434348160283006e-07,2.9437194209603414,0
6.627960855427714,0.6026621361571795,0.17587448891623977,0.03188211574083758,0.032687975771836825,0.16324175577009306,0.07114999933911055,1.3858233307206087e-13,1.3434348160283006e-07,2.9437194209603414,0
6.633200350175088,0.6033490987087695,0.1756425040410707,0.031824482421211775,0.03270858868282396,0.16309511545530675,0.07134633306368592,1.3858233307206087e-13,1.3434348160283006e-07,2.9437194209603414,0
6.638439844922462,0.6040360612603595,0.1754105191659016,0.03176684910158596,0.0327292015938111,0.1629484751405204,0.07154266678826132,1.3858233307206087e-13,1.3434348160283006e-07,2.9437194209603414,0
6.643679339669835,0.6046880367518265,0.1751487509403184,0.03171132521664021,0.03274945045079211,0.16283336673412646,0.07174477690320931,1.3858233307206087e-13,1.3434348160283006e-07,2.9437194209603414,0
6.648918834417209,0.6052995407250967,0.17485253062290465,0.03165824143451355,0.03276927818584174,0.16275473307581884,0.07195356889675057,1.3858233307206087e-13,1.3434348160283006e-07,2.9437194209603414,0
6.654158329164583,0.605911044698367,0.17455631030549096,0.03160515765238689,0.03278910592089135,0.1626760994175112,0.07216236089029177,1.3858233307206087e-13,1.3434348160283006e-07,2.9437194209603414,0
6.659397823911957,0.6065225486716374,0.1742600899880772,0.03155207387026023,0.032808933655940974,0.16259746575920359,0.07237115288383304,1.3858233307206087e-13,1.3434348160283006e-07,2.9437194209603414,0
6.66463731865933,0.6071340526449076,0.17396386967066352,0.03149899008813358,0.032828761390990585,0.16251883210089596,0.07257994487737424,1.3858233307206087e-13,1.3434348160283006e-07,2.9437194209603414,0
6.669876813406704,0.607745556618178,0.17366764935324974,0.03144590630600692,0.03284858912604021,0.1624401984425883,0.07278873687091547,1.3858233307206087e-13,1.3434348160283006e-07,2.9437194209603414,0
6.675116308154077,0.6083570605914485,0.17337142903583605,0.031392822523880266,0.03286841686108982,0.16236156478428068,0.0729975288644567,1.3858233307206087e-13,1.3434348160283006e-07,2.9437194209603414,0
6.680355802901451,0.6089685645647186,0.17307520871842233,0.03133973874175361,0.03288824459613944,0.16228293112597308,0.07320632085799791,1.3858233307206087e-13,1.3434348160283006e-07,2.9437194209603414,0
6.685595297648825,0.609580068537989,0.17277898840100858,0.03128665495962695,0.03290807233118906,0.16220429746766546,0.07341511285153916,1.3858233307206087e-13,1.3434348160283006e-07,2.9437194209603414,0
6.690834792396198,0.6101915725112592,0.1724827680835949,0.031233571177500297,0.03292790006623868,0.16212566380935783,0.07362390484508037,1.3858233307206087e-13,1.3434348160283006e-07,2.9437194209603414,0
6.696074287143572,0.6107519541758296,0.17216950727483668,0.031186896374354428,0.03295822028061374,0.1619894899383562,0.07381141527845583,1.3858233307206087e-13,1.3434348160283006e-07,2.9437194209603414,0
6.701313781890946,0.6112482163345728,0.1718348736464261,0.031148259951625137,0.03300170055380374,0.16178114698702672,0.07397223358552162,1.3858233307206087e-13,1.3434348160283006e-07,2.9437194209603414,0
6.70655327663832,0.6117444784933161,0.1715002400180155,0.03110962352889584,0.03304518082699376,0.16157280403569713,0.07413305189258744,1.3858233307206087e-13,1.3434348160283006e-07,2.9437194209603414,0
6.711792771385693,0.6122407406520592,0.17116560638960496,0.031070987106166556,0.033088661100183756,0.1613644610843676,0.07429387019965324,1.3858233307206087e-13,1.3434348160283006e-07,2.9437194209603414,0
6.717032266133067,0.6127370028108026,0.17083097276119436,0.03103235068343726,0.03313214137337377,0.16115611813303807,0.07445468850671906,1.3858233307206087e-13,1.3434348160283006e-07,2.9437194209603414,0
6.7222717608804405,0.6132332649695458,0.17049633913278378,0.030993714260707975,0.03317562164656377,0.16094777518170852,0.07461550681378483,1.3858233307206087e-13,1.3434348160283006e-07,2.9437194209603414,0
6.727511255627815,0.613729527128289,0.1701617055043732,0.030955077837978677,0.03321910191975379,0.16073943223037895,0.07477632512085067,1.3858233307206087e-13,1.3434348160283006e-07,2.9437194209603414,0
6.732750750375188,0.6142257892870322,0.1698270718759627,0.030916441415249386,0.03326258219294379,0.16053108927904944,0.07493714342791645,1.3858233307206087e-13,1.3434348160283006e-07,2.9437194209603414,0
6.737990245122561,0.6147220514457755,0.16949243824755209,0.030877804992520103,0.033306062466133796,0.1603227463277199,0.07509796173498225,1.3858233307206087e-13,1.3434348160283006e-07,2.9437194209603414,0
6.743229739869936,0.6152183136045187,0.1691578046191415,0.030839168569790805,0.033349542739323806,0.16011440337639032,0.07525878004204806,1.3858233307206087e-13,1.3434348160283006e-07,2.9437194209603414,0
6.748469234617309,0.6156700713018702,0.16882107829017276,0.030801102134536486,0.033396369995031955,0.15996717326181323,0.0754258052597532,1.3858233307206087e-13,1.3434348160283006e-07,2.9437194209603414,0
6.753708729364683,0.6160612607973277,0.16848150390718983,0.030763811421881233,0.03344775231570563,0.1599031144635263,0.07560127775229299,1.3858233307206087e-13,1.3434348160283006e-07,2.9437194209603414,0
6.758948224112056,0.6164524502927853,0.16814192952420695,0.030726520709225984,0.0334991346363793,0.15983905566523945,0.07577675024483278,1.3858233307206087e-13,1.3434348160283006e-07,2.9437194209603414,0
6.76418771885943,0.6168436397882429,0.16780235514122405,0.030689229996570727,0.03355051695705298,0.15977499686695257,0.07595222273737255,1.3858233307206087e-13,1.3434348160283006e-07,2.9437194209603414,0
6.769427213606804,0.6172348292837004,0.16746278075824117,0.030651939283915478,0.033601899277726645,0.15971093806866568,0.0761276952299123,1.3858233307206087e-13,1.3434348160283006e-07,2.9437194209603414,0
6.774666708354178,0.617626018779158,0.1671232063752582,0.03061464857126022,0.03365328159840032,0.1596468792703788,0.0763031677224521,1.3858233307206087e-13,1.3434348160283006e-07,2.9437194209603414,0
6.779906203101551,0.6180172082746155,0.16678363199227533,0.03057735785860497,0.033704663919073986,0.1595828204720919,0.07647864021499186,1.3858233307206087e-13,1.3434348160283006e-07,2.9437194209603414,0
6.785145697848925,0.6184083977700731,0.16644405760929243,0.030540067145949715,0.033756046239747664,0.15951876167380502,0.07665411270753165,1.3858233307206087e-13,1.3434348160283006e-07,2.9437194209603414,0
6.790385192596299,0.6187995872655306,0.16610448322630958,0.030502776433294465,0.033807428560421335,0.15945470287551813,0.07682958520007142,1.3858233307206087e-13,1.3434348160283006e-07,2.9437194209603414,0
6.795624687343672,0.6191907767609881,0.16576490884332667,0.030465485720639215,0.033858810881095006,0.15939064407723127,0.07700505769261116,1.3858233307206087e-13,1.3434348160283006e-07,2.9437194209603414,0
6.800864182091046,0.6195233282939996,0.16540448133734226,0.030424325079656794,0.03391606394379679,0.1593318473559882,0.07717477475833012,1.3858233307206087e-13,1.3434348160283006e-07,2.9437194209603414,0
6.806103676838419,0.6197691976216559,0.16501322747561661,0.030377443675060303,0.033981995494714,0.1592808293573317,0.0773359838017921,1.3858233307206087e-13,1.3434348160283006e-07,2.9437194209603414,0
6.8113431715857935,0.6200150669493122,0.1646219736138909,0.030330562270463806,0.034047927045631234,0.1592298113586752,0.07749719284525414,1.3858233307206087e-13,1.3434348160283006e-07,2.9437194209603414,0
6.816582666333167,0.6202609362769684,0.16423071975216522,0.03028368086586732,0.03411385859654845,0.1591787933600187,0.07765840188871614,1.3858233307206087e-13,1.3434348160283006e-07,2.9437194209603414,0
6.821822161080541,0.6205068056046247,0.16383946589043952,0.03023679946127082,0.03417979014746568,0.1591277753613622,0.07781961093217818,1.3858233307206087e-13,1.3434348160283006e-07,2.9437194209603414,0
6.827061655827914,0.6207526749322809,0.16344821202871385,0.03018991805667433,0.03424572169838291,0.15907675736270568,0.07798081997564019,1.3858233307206087e-13,1.3434348160283006e-07,2.9437194209603414,0
6.832301150575288,0.6209985442599373,0.1630569581669881,0.030143036652077834,0.03431165324930014,0.15902573936404915,0.07814202901910222,1.3858233307206087e-13,1.3434348160283006e-07,2.9437194209603414,0
6.837540645322662,0.6212444135875935,0.16266570430526245,0.030096155247481344,0.03437758480021735,0.15897472136539265,0.07830323806256423,1.3858233307206087e-13,1.3434348160283006e-07,2.9437194209603414,0
6.842780140070036,0.6214902829152498,0.16227445044353672,0.030049273842884847,0.03444351635113459,0.15892370336673617,0.07846444710602624,1.3858233307206087e-13,1.3434348160283006e-07,2.9437194209603414,0
6.848019634817409,0.621736152242906,0.16188319658181105,0.030002392438288356,0.03450944790205181,0.15887268536807966,0.07862565614948824,1.3858233307206087e-13,1.3434348160283006e-07,2.9437194209603414,0
6.8532591295647824,0.621907272845934,0.161503384513392,0.029959295984948484,0.034578540612023895,0.15886833862502067,0.078776941562563,1.3858233307206087e-13,1.3434348160283006e-07,2.9437194209603414,0
6.858498624312157,0.6219582092250495,0.16114196905381872,0.0299222851395114,0.03465271596988813,0.1589390319399813,0.07891227133462297,1.3858233307206087e-13,1.3434348160283006e-07,2.9437194209603414,0
6.86373811905953,0.6220091456041649,0.1607805535942455,0.02988527429407432,0.034726891327752356,0.15900972525494192,0.07904760110668294,1.3858233307206087e-13,1.3434348160283006e-07,2.9437194209603414,0
6.868977613806904,0.6220600819832804,0.16041913813467226,0.029848263448637235,0.03480106668561659,0.15908041856990252,0.07918293087874292,1.3858233307206087e-13,1.3434348160283006e-07,2.9437194209603414,0
6.874217108554277,0.6221110183623961,0.16005772267509905,0.02981125260320016,0.03487524204348081,0.1591511118848631,0.07931826065080287,1.3858233307206087e-13,1.3434348160283006e-07,2.9437194209603414,0
6.879456603301652,0.6221619547415116,0.1596963072155258,0.029774241757763074,0.034949417401345044,0.15922180519982373,0.07945359042286285,1.3858233307206087e-13,1.3434348160283006e-07,2.9437194209603414,0
6.884696098049025,0.622212891120627,0.15933489175595258,0.029737230912325996,0.03502359275920927,0.15929249851478436,0.07958892019492281,1.3858233307206087e-13,1.3434348160283006e-07,2.9437194209603414,0
6.889935592796399,0.6222638274997426,0.15897347629637934,0.02970022006688891,0.035097768117073505,0.15936319182974495,0.0797242499669828,1.3858233307206087e-13,1.3434348160283006e-07,2.9437194209603414,0
6.895175087543772,0.6223147638788582,0.15861206083680615,0.02966320922145183,0.03517194347493773,0.15943388514470555,0.07985957973904274,1.3858233307206087e-13,1.3434348160283006e-07,2.9437194209603414,0
6.900414582291146,0.6223657002579738,0.1582506453772329,0.029626198376014753,0.03524611883280195,0.15950457845966615,0.07999490951110272,1.3858233307206087e-13,1.3434348160283006e-07,2.9437194209603414,0
6.90565407703852,0.6223492579414422,0.15789743304364615,0.029594441914636463,0.03532563896600424,0.15956731788259634,0.08012266328229198,1.3858233307206087e-13,1.3434348160283006e-07,2.9437194209603414,0
6.910893571785893,0.6222147867373633,0.15755859032385655,0.02957188968464391,0.035414521671177986,0.15961612428086638,0.08023714598988703,1.3858233307206087e-13,1.3434348160283006e-07,2.9437194209603414,0
6.916133066533267,0.6220803155332846,0.1572197476040669,0.02954933745465136,0.035503404376351744,0.15966493067913642,0.08035162869748208,1.3858233307206087e-13,1.3434348160283006e-07,2.9437194209603414,0
6.9213725612806405,0.621945844329206,0.15688090488427725,0.029526785224658816,0.03559228708152548,0.15971373707740646,0.08046611140507712,1.3858233307206087e-13,1.3434348160283006e-07,2.9437194209603414,0
6.926612056028015,0.621811373125127,0.1565420621644876,0.02950423299466626,0.035681169786699246,0.15976254347567648,0.08058059411267218,1.3858233307206087e-13,1.3434348160283006e-07,2.9437194209603414,0
6.931851550775388,0.6216769019210482,0.15620321944469795,0.029481680764673713,0.03577005249187299,0.1598113498739465,0.08069507682026722,1.3858233307206087e-13,1.3434348160283006e-07,2.9437194209603414,0
6.937091045522762,0.6215424307169694,0.15586437672490833,0.02945912853468116,0.03585893519704674,0.15986015627221653,0.08080955952786228,1.3858233307206087e-13,1.3434348160283006e-07,2.9437194209603414,0
6.942330540270135,0.6214079595128906,0.15552553400511865,0.029436576304688614,0.035947817902220486,0.15990896267048657,0.08092404223545731,1.3858233307206087e-13,1.3434348160283006e-07,2.9437194209603414,0
6.94757003501751,0.6212734883088119,0.15518669128532903,0.02941402407469606,0.036036700607394244,0.1599577690687566,0.0810385249430524,1.3858233307206087e-13,1.3434348160283006e-07,2.9437194209603414,0
6.952809529764883,0.6211390171047331,0.15484784856553938,0.029391471844703514,0.03612558331256799,0.16000657546702662,0.08115300765064742,1.3858233307206087e-13,1.3434348160283006e-07,2.9437194209603414,0
6.958049024512256,0.6209528849485525,0.15451425327141152,0.029370074776175804,0.03621625766197265,0.1600560149062669,0.08125698498005149,1.3858233307206087e-13,1.3434348160283006e-07,2.9437194209603414,0
6.96328851925963,0.6206679559350678,0.15419069320008205,0.029350886848551642,0.036310358367497776,0.16010666497860354,0.08134087173218524,1.3858233307206087e-13,1.3434348160283006e-07,2.9437194209603414,0
6.968528014007004,0.6203830269215832,0.15386713312875264,0.029331698920927483,0.036404459073022886,0.16015731505094016,0.08142475848431896,1.3858233307206087e-13,1.3434348160283006e-07,2.9437194209603414,0
6.973767508754378,0.6200980979080987,0.15354357305742314,0.02931251099330332,0.03649855977854801,0.1602079651232768,0.0815086452364527,1.3858233307206087e-13,1.3434348160283006e-07,2.9437194209603414,0
6.979007003501751,0.6198131688946141,0.15322001298609375,0.029293323065679163,0.03659266048407312,0.16025861519561344,0.08159253198858642,1.3858233307206087e-13,1.3434348160283006e-07,2.9437194209603414,0
6.984246498249125,0.6195282398811295,0.15289645291476422,0.029274135138055,0.03668676118959825,0.16030926526795009,0.08167641874072015,1.3858233307206087e-13,1.3434348160283006e-07,2.9437194209603414,0
6.9894859929964985,0.619243310867645,0.1525728928434348,0.029254947210430843,0.036780861895123355,0.1603599153402867,0.08176030549285387,1.3858233307206087e-13,1.3434348160283006e-07,2.9437194209603414,0
6.994725487743873,0.6189583818541601,0.15224933277210537,0.029235759282806688,0.03687496260064848,0.16041056541262336,0.08184419224498761,1.3858233307206087e-13,1.3434348160283006e-07,2.9437194209603414,0
6.999964982491246,0.6186734528406757,0.15192577270077592,0.02921657135518253,0.0369690633061736,0.16046121548496,0.08192807899712133,1.3858233307206087e-13,1.3434348160283006e-07,2.9437194209603414,0
7.00520447723862,0.6183885238271909,0.15160221262944643,0.029197383427558368,0.03706316401169872,0.16051186555729663,0.08201196574925507,1.3858233307206087e-13,1.3434348160283006e-07,2.9437194209603414,0
7.0104439719859934,0.6180760302117263,0.1512860613325275,0.02918069207714496,0.03715596497981256,0.1605510701098846,0.08209336207737422,1.3858233307206087e-13,1.3434348160283006e-07,2.9437194209603414,0
7.015683466733367,0.6177058432432804,0.15098541677274666,0.029169226120893586,0.03724604556729813,0.1605663189234637,0.08216954589011406,1.3858233307206087e-13,1.3434348160283006e-07,2.9437194209603414,0
7.020922961480741,0.6173356562748342,0.15068477221296578,0.02915776016464221,0.03733612615478372,0.1605815677370428,0.08224572970285392,1.3858233307206087e-13,1.3434348160283006e-07,2.9437194209603414,0
7.026162456228114,0.6169654693063883,0.15038412765318493,0.02914629420839084,0.0374262067422693,0.1605968165506219,0.08232191351559377,1.3858233307206087e-13,1.3434348160283006e-07,2.9437194209603414,0
7.031401950975488,0.6165952823379419,0.15008348309340402,0.029134828252139464,0.037516287329754885,0.160612065364201,0.08239809732833361,1.3858233307206087e-13,1.3434348160283006e-07,2.9437194209603414,0
7.036641445722862,0.616225095369496,0.14978283853362323,0.029123362295888088,0.03760636791724046,0.16062731417778012,0.08247428114107345,1.3858233307206087e-13,1.3434348160283006e-07,2.9437194209603414,0
7.041880940470236,0.6158549084010498,0.14948219397384233,0.029111896339636713,0.03769644850472605,0.1606425629913592,0.08255046495381331,1.3858233307206087e-13,1.3434348160283006e-07,2.9437194209603414,0
7.047120435217609,0.6154847214326039,0.14918154941406153,0.029100430383385344,0.037786529092211626,0.16065781180493832,0.08262664876655315,1.3858233307206087e-13,1.3434348160283006e-07,2.9437194209603414,0
7.052359929964983,0.6151145344641578,0.1488809048542806,0.02908896442713397,0.037876609679697214,0.1606730606185174,0.082702832579293,1.3858233307206087e-13,1.3434348160283006e-07,2.9437194209603414,0
7.057599424712357,0.6147443474957116,0.1485802602944998,0.029077498470882594,0.037966690267182794,0.16068830943209653,0.08277901639203285,1.3858233307206087e-13,1.3434348160283006e-07,2.9437194209603414,0
7.06283891945973,0.6143411529275101,0.14826562904453908,0.029069591607434157,0.03806093499343755,0.16072820022480983,0.08285094796641561,1.3858233307206087e-13,1.3434348160283006e-07,2.9437194209603414,0
7.068078414207104,0.6138621227168952,0.14791886308490876,0.029069861833235434,0.03816474691455046,0.16082470647371575,0.08291310993531686,1.3858233307206087e-13,1.3434348160283006e-07,2.9437194209603414,0
7.073317908954477,0.6133830925062804,0.14757209712527847,0.029070132059036715,0.03826855883566336,0.16092121272262166,0.08297527190421809,1.3858233307206087e-13,1.3434348160283006e-07,2.9437194209603414,0
7.078557403701852,0.6129040622956656,0.14722533116564826,0.029070402284837992,0.03837237075677627,0.16101771897152758,0.08303743387311932,1.3858233307206087e-13,1.3434348160283006e-07,2.9437194209603414,0
7.083796898449225,0.6124250320850505,0.14687856520601797,0.029070672510639276,0.038476182677889166,0.1611142252204335,0.08309959584202055,1.3858233307206087e-13,1.3434348160283006e-07,2.9437194209603414,0
7.089036393196599,0.6119460018744356,0.14653179924638765,0.029070942736440553,0.038579994599002077,0.16121073146933942,0.08316175781092179,1.3858233307206087e-13,1.3434348160283006e-07,2.9437194209603414,0
7.094275887943972,0.6114669716638207,0.14618503328675747,0.029071212962241834,0.038683806520114966,0.16130723771824534,0.08322391977982302,1.3858233307206087e-13,1.3434348160283006e-07,2.9437194209603414,0
7.099515382691346,0.6109879414532058,0.14583826732712712,0.029071483188043114,0.038787618441227883,0.16140374396715126,0.08328608174872426,1.3858233307206087e-13,1.3434348160283006e-07,2.9437194209603414,0
7.10475487743872,0.610508911242591,0.1454915013674969,0.029071753413844395,0.03889143036234078,0.16150025021605716,0.08334824371762549,1.3858233307206087e-13,1.3434348160283006e-07,2.9437194209603414,0
7.109994372186094,0.610029881031976,0.14514473540786657,0.029072023639645676,0.03899524228345369,0.1615967564649631,0.08341040568652675,1.3858233307206087e-13,1.3434348160283006e-07,2.9437194209603414,0
7.115233866933467,0.6095080611927761,0.14481734344941002,0.02907670048004334,0.03910248761188307,0.16173593126048139,0.08347867276924302,1.3858233307206087e-13,1.3434348160283006e-07,2.9437194209603414,0
7.12047336168084,0.6088779419396353,0.14453898657356995,0.029092530344994677,0.039218422803078086,0.1619830990146822,0.08356239173294254,1.3858233307206087e-13,1.3434348160283006e-07,2.9437194209603414,0
7.125712856428215,0.6082478226864946,0.14426062969772985,0.02910836020994602,0.03933435799427312,0.16223026676888302,0.08364611069664209,1.3858233307206087e-13,1.3434348160283006e-07,2.9437194209603414,0
7.130952351175588,0.6076177034333538,0.14398227282188977,0.029124190074897357,0.03945029318546814,0.16247743452308383,0.08372982966034159,1.3858233307206087e-13,1.3434348160283006e-07,2.9437194209603414,0
7.136191845922962,0.606987584180213,0.14370391594604967,0.0291400199398487,0.03956622837666317,0.16272460227728466,0.08381354862404114,1.3858233307206087e-13,1.3434348160283006e-07,2.9437194209603414,0
7.141431340670335,0.6063574649270722,0.1434255590702096,0.029155849804800037,0.039682163567858184,0.16297177003148547,0.08389726758774067,1.3858233307206087e-13,1.3434348160283006e-07,2.9437194209603414,0
7.1466708354177095,0.6057273456739315,0.1431472021943695,0.029171679669751375,0.03979809875905321,0.16321893778568633,0.08398098655144019,1.3858233307206087e-13,1.3434348160283006e-07,2.9437194209603414,0
7.151910330165083,0.6050972264207907,0.1428688453185294,0.029187509534702717,0.03991403395024823,0.1634661055398871,0.08406470551513973,1.3858233307206087e-13,1.3434348160283006e-07,2.9437194209603414,0
7.157149824912457,0.60446710716765,0.1425904884426893,0.029203339399654058,0.04002996914144326,0.16371327329408797,0.08414842447883925,1.3858233307206087e-13,1.3434348160283006e-07,2.9437194209603414,0
7.16238931965983,0.6038369879145091,0.14231213156684921,0.029219169264605396,0.040145904332638274,0.16396044104828877,0.08423214344253878,1.3858233307206087e-13,1.3434348160283006e-07,2.9437194209603414,0
7.1676288144072045,0.603186318068644,0.14204145828491496,0.029230893037006968,0.040261972557829734,0.16419844368546335,0.08431241020379468,1.3858233307206087e-13,3.3576652100752007e-09,2.9437194209603414,0
7.172868309154578,0.602478106563151,0.1417922990659171,0.029231119750269197,0.04037841327821117,0.16441078399496445,0.08438301079820831,1.3858233307206087e-13,3.3576652100752007e-09,2.9437194209603414,0
7.178107803901951,0.6017698950576582,0.14154313984691919,0.02923134646353143,0.0404948539985926,0.16462312430446555,0.08445361139262197,1.3858233307206087e-13,3.3576652100752007e-09,2.9437194209603414,0
7.183347298649325,0.601061683552165,0.14129398062792126,0.029231573176793663,0.04061129471897406,0.16483546461396667,0.08452421198703562,1.3858233307206087e-13,3.3576652100752007e-09,2.9437194209603414,0
7.1885867933966985,0.600353472046672,0.14104482140892338,0.0292317998900559,0.040727735439355484,0.16504780492346777,0.08459481258144928,1.3858233307206087e-13,3.3576652100752007e-09,2.9437194209603414,0
7.193826288144073,0.599645260541179,0.1407956621899254,0.02923202660331813,0.040844176159736935,0.1652601452329689,0.08466541317586294,1.3858233307206087e-13,3.3576652100752007e-09,2.9437194209603414,0
7.199065782891446,0.598937049035686,0.14054650297092755,0.029232253316580362,0.04096061688011837,0.16547248554247,0.08473601377027659,1.3858233307206087e-13,3.3576652100752007e-09,2.9437194209603414,0
7.20430527763882,0.5982288375301928,0.1402973437519296,0.029232480029842595,0.041077057600499824,0.1656848258519711,0.08480661436469027,1.3858233307206087e-13,3.3576652100752007e-09,2.9437194209603414,0
7.209544772386193,0.5975206260247,0.14004818453293172,0.02923270674310483,0.04119349832088126,0.1658971661614722,0.08487721495910391,1.3858233307206087e-13,3.3576652100752007e-09,2.9437194209603414,0
7.214784267133568,0.5968124145192067,0.1397990253139338,0.029232933456367058,0.04130993904126271,0.1661095064709733,0.08494781555351756,1.3858233307206087e-13,3.3576652100752007e-09,2.9437194209603414,0
7.220023761880941,0.5960872273877177,0.13954540688013248,0.029236359373368586,0.04142821230897367,0.16628594609927802,0.08500933034754898,1.3858233307206087e-13,3.3576652100752007e-09,2.9437194209603414,0
7.225263256628315,0.5953091883072505,0.13927790511776783,0.02924974569788833,0.04155219103331883,0.1663506124727239,0.08504255739193675,1.3858233307206087e-13,3.3576652100752007e-09,2.9437194209603414,0
7.230502751375688,0.5945311492267834,0.13901040335540332,0.029263132022408066,0.041676169757663965,0.16641527884616977,0.0850757844363245,1.3858233307206087e-13,3.3576652100752007e-09,2.9437194209603414,0
7.235742246123062,0.5937531101463165,0.13874290159303873,0.029276518346927804,0.0418001484820091,0.16647994521961565,0.08510901148071225,1.3858233307206087e-13,3.3576652100752007e-09,2.9437194209603414,0
7.240981740870436,0.5929750710658492,0.13847539983067417,0.029289904671447545,0.041924127206354266,0.16654461159306155,0.08514223852510001,1.3858233307206087e-13,3.3576652100752007e-09,2.9437194209603414,0
7.246221235617809,0.5921970319853822,0.1382078980683096,0.029303290995967287,0.0420481059306994,0.16660927796650743,0.08517546556948775,1.3858233307206087e-13,3.3576652100752007e-09,2.9437194209603414,0
7.251460730365183,0.5914189929049152,0.137940396305945,0.029316677320487025,0.04217208465504456,0.1666739443399533,0.08520869261387552,1.3858233307206087e-13,3.3576652100752007e-09,2.9437194209603414,0
7.2567002251125565,0.590640953824448,0.13767289454358045,0.029330063645006767,0.0422960633793897,0.16673861071339918,0.08524191965826328,1.3858233307206087e-13,3.3576652100752007e-09,2.9437194209603414,0
7.261939719859931,0.5898629147439809,0.13740539278121586,0.029343449969526505,0.04242004210373485,0.16680327708684506,0.08527514670265104,1.3858233307206087e-13,3.3576652100752007e-09,2.9437194209603414,0
7.267179214607304,0.5890848756635139,0.13713789101885132,0.029356836294046246,0.042544020828079995,0.16686794346029096,0.08530837374703878,1.3858233307206087e-13,3.3576652100752007e-09,2.9437194209603414,0
7.272418709354678,0.5883006450278189,0.13688498127701654,0.029372023879894186,0.042667486959140175,0.16695117454453268,0.08534108706895815,1.3858233307206087e-13,3.3576652100752007e-09,2.9437194209603414,0
7.277658204102051,0.5874948483008806,0.136682897674106,0.02939348552205381,0.042789167652915586,0.16709906922817552,0.08537201102048199,1.3858233307206087e-13,3.3576652100752007e-09,2.9437194209603414,0
7.282897698849425,0.5866890515739425,0.1364808140711954,0.02941494716421344,0.04291084834669099,0.16724696391181837,0.08540293497200584,1.3858233307206087e-13,3.3576652100752007e-09,2.9437194209603414,0
7.288137193596799,0.5858832548470041,0.1362787304682848,0.029436408806373066,0.04303252904046642,0.16739485859546127,0.08543385892352966,1.3858233307206087e-13,3.3576652100752007e-09,2.9437194209603414,0
7.293376688344172,0.585077458120066,0.13607664686537418,0.029457870448532694,0.04315420973424183,0.16754275327910412,0.08546478287505349,1.3858233307206087e-13,3.3576652100752007e-09,2.9437194209603414,0
7.298616183091546,0.5842716613931277,0.13587456326246355,0.029479332090692322,0.043275890428017265,0.16769064796274702,0.08549570682657733,1.3858233307206087e-13,3.3576652100752007e-09,2.9437194209603414,0
7.30385567783892,0.5834658646661894,0.13567247965955295,0.029500793732851947,0.043397571121792676,0.1678385426463899,0.08552663077810117,1.3858233307206087e-13,3.3576652100752007e-09,2.9437194209603414,0
7.309095172586294,0.5826600679392512,0.13547039605664235,0.02952225537501158,0.0435192518155681,0.16798643733003277,0.08555755472962501,1.3858233307206087e-13,3.3576652100752007e-09,2.9437194209603414,0
7.314334667333667,0.5818542712123133,0.13526831245373175,0.029543717017171206,0.04364093250934351,0.16813433201367564,0.08558847868114886,1.3858233307206087e-13,3.3576652100752007e-09,2.9437194209603414,0
7.319574162081041,0.5810484744853748,0.13506622885082115,0.029565178659330837,0.04376261320311894,0.16828222669731852,0.08561940263267268,1.3858233307206087e-13,3.3576652100752007e-09,2.9437194209603414,0
7.324813656828415,0.5802159917918678,0.13487146212049902,0.0295886373662637,0.04388415631284047,0.16843742955948163,0.08565040568426847,1.3858233307206087e-13,3.3576652100752007e-09,2.9437194209603414,0
7.330053151575789,0.5792787419703491,0.13470542088996865,0.029619936401565582,0.044005159277757895,0.1686213237891689,0.08568171927688763,1.3858233307206087e-13,3.3576652100752007e-09,2.9437194209603414,0
7.335292646323162,0.5783414921488307,0.13453937965943832,0.029651235436867457,0.04412616224267529,0.16880521801885603,0.08571303286950677,1.3858233307206087e-13,3.3576652100752007e-09,2.9437194209603414,0
7.340532141070535,0.5774042423273122,0.13437333842890797,0.029682534472169335,0.0442471652075927,0.16898911224854324,0.0857443464621259,1.3858233307206087e-13,3.3576652100752007e-09,2.9437194209603414,0
7.345771635817909,0.5764669925057936,0.13420729719837765,0.029713833507471213,0.044368168172510124,0.16917300647823044,0.08577566005474506,1.3858233307206087e-13,3.3576652100752007e-09,2.9437194209603414,0
7.351011130565283,0.5755297426842751,0.13404125596784733,0.02974513254277309,0.044489171137427536,0.16935690070791762,0.08580697364736418,1.3858233307206087e-13,3.3576652100752007e-09,2.9437194209603414,0
7.356250625312657,0.5745924928627565,0.13387521473731695,0.029776431578074972,0.04461017410234496,0.16954079493760482,0.08583828723998332,1.3858233307206087e-13,3.3576652100752007e-09,2.9437194209603414,0
7.36149012006003,0.5736552430412379,0.1337091735067866,0.029807730613376847,0.04473117706726236,0.16972468916729205,0.08586960083260246,1.3858233307206087e-13,3.3576652100752007e-09,2.9437194209603414,0
7.366729614807404,0.5727179932197193,0.13354313227625625,0.02983902964867873,0.044852180032179785,0.16990858339697923,0.08590091442522162,1.3858233307206087e-13,3.3576652100752007e-09,2.9437194209603414,0
7.371969109554778,0.571780743398201,0.1333770910457259,0.029870328683980603,0.04497318299709719,0.17009247762666643,0.08593222801784076,1.3858233307206087e-13,3.3576652100752007e-09,2.9437194209603414,0
7.377208604302152,0.5708510402663454,0.13321215470076472,0.029902946739780494,0.0450939377749656,0.17026097663651552,0.08595913848947954,1.3858233307206087e-13,3.3576652100752007e-09,2.9437194209603414,0
7.382448099049525,0.5699550387896983,0.1330521525023179,0.029941455215886554,0.045213584210669885,0.17036072439064934,0.08596638570852112,1.3858233307206087e-13,3.3576652100752007e-09,2.9437194209603414,0
7.387687593796899,0.5690590373130512,0.132892150303871,0.029979963691992625,0.04533323064637419,0.17046047214478313,0.08597363292756272,1.3858233307206087e-13,3.3576652100752007e-09,2.9437194209603414,0
7.392927088544273,0.5681630358364039,0.13273214810542416,0.030018472168098685,0.04545287708207848,0.17056021989891695,0.08598088014660428,1.3858233307206087e-13,3.3576652100752007e-09,2.9437194209603414,0
7.398166583291646,0.5672670343597568,0.13257214590697736,0.030056980644204746,0.04557252351778276,0.17065996765305075,0.0859881273656459,1.3858233307206087e-13,3.3576652100752007e-09,2.9437194209603414,0
7.40340607803902,0.5663710328831094,0.1324121437085305,0.03009548912031081,0.045692169953487065,0.1707597154071846,0.08599537458468746,1.3858233307206087e-13,3.3576652100752007e-09,2.9437194209603414,0
7.408645572786393,0.5654750314064623,0.1322521415100837,0.03013399759641687,0.04581181638919135,0.17085946316131836,0.08600262180372906,1.3858233307206087e-13,3.3576652100752007e-09,2.9437194209603414,0
7.413885067533767,0.564579029929815,0.1320921393116368,0.03017250607252294,0.04593146282489566,0.1709592109154522,0.08600986902277064,1.3858233307206087e-13,3.3576652100752007e-09,2.9437194209603414,0
7.419124562281141,0.563683028453168,0.13193213711319,0.030211014548629,0.04605110926059994,0.171058958669586,0.08601711624181223,1.3858233307206087e-13,3.3576652100752007e-09,2.9437194209603414,0
7.424364057028515,0.5627870269765207,0.13177213491474313,0.030249523024735065,0.04617075569630425,0.17115870642371983,0.08602436346085382,1.3858233307206087e-13,3.3576652100752007e-09,2.9437194209603414,0
7.429603551775888,0.5618891546493826,0.13160748836765832,0.0302890274851877,0.04629063563675984,0.1712614202916405,0.08602890776062891,1.3858233307206087e-13,3.3576652100752007e-09,2.9437194209603414,0
7.4348430465232624,0.560981669028953,0.13141897701372596,0.030333649772898104,0.04641171543239907,0.17137937542117343,0.0860195632137116,1.3858233307206087e-13,3.3576652100752007e-09,2.9437194209603414,0
7.440082541270636,0.5600741834085233,0.13123046565979365,0.030378272060608506,0.04653279522803827,0.17149733055070635,0.08601021866679431,1.3858233307206087e-13,3.3576652100752007e-09,2.9437194209603414,0
7.44532203601801,0.5591666977880935,0.13104195430586138,0.03042289434831891,0.0466538750236775,0.1716152856802393,0.08600087411987702,1.3858233307206087e-13,3.3576652100752007e-09,2.9437194209603414,0
7.450561530765383,0.5582592121676639,0.13085344295192905,0.03046751663602931,0.04677495481931672,0.17173324080977226,0.0859915295729597,1.3858233307206087e-13,3.3576652100752007e-09,2.9437194209603414,0
7.455801025512756,0.5573517265472343,0.13066493159799675,0.030512138923739704,0.046896034614955937,0.17185119593930517,0.0859821850260424,1.3858233307206087e-13,3.3576652100752007e-09,2.9437194209603414,0
7.461040520260131,0.5564442409268046,0.13047642024406444,0.03055676121145011,0.04701711441059517,0.17196915106883812,0.08597284047912511,1.3858233307206087e-13,3.3576652100752007e-09,2.9437194209603414,0
7.466280015007504,0.5555367553063749,0.13028790889013211,0.03060138349916051,0.04713819420623437,0.17208710619837106,0.0859634959322078,1.3858233307206087e-13,3.3576652100752007e-09,2.9437194209603414,0
7.471519509754878,0.5546292696859452,0.13009939753619984,0.03064600578687092,0.0472592740018736,0.17220506132790403,0.0859541513852905,1.3858233307206087e-13,3.3576652100752007e-09,2.9437194209603414,0
7.476759004502251,0.5537217840655155,0.12991088618226754,0.030690628074581314,0.04738035379751281,0.172323016457437,0.08594480683837319,1.3858233307206087e-13,3.3576652100752007e-09,2.9437194209603414,0
7.481998499249626,0.5528171341138064,0.12972580839560433,0.030736429065285672,0.047499371973990547,0.1724509069997145,0.08593411334492054,1.3858233307206087e-13,3.3576652100752007e-09,2.9437194209603414,0
7.487237993996999,0.5519294981744212,0.12956133201255599,0.03078930227395372,0.04760602043549928,0.17263841001845925,0.08591532617225582,1.3858233307206087e-13,3.3576652100752007e-09,2.9437194209603414,0
7.492477488744373,0.5510418622350356,0.12939685562950767,0.030842175482621772,0.04771266889700802,0.17282591303720407,0.08589653899959108,1.3858233307206087e-13,3.3576652100752007e-09,2.9437194209603414,0
7.497716983491746,0.5501542262956503,0.12923237924645928,0.030895048691289822,0.04781931735851676,0.17301341605594878,0.08587775182692635,1.3858233307206087e-13,3.3576652100752007e-09,2.9437194209603414,0
7.50295647823912,0.5492665903562648,0.12906790286341097,0.030947921899957865,0.04792596582002549,0.17320091907469357,0.08585896465426164,1.3858233307206087e-13,3.3576652100752007e-09,2.9437194209603414,0
7.508195972986494,0.5483789544168792,0.12890342648036263,0.031000795108625922,0.04803261428153425,0.17338842209343838,0.0858401774815969,1.3858233307206087e-13,3.3576652100752007e-09,2.9437194209603414,0
7.513435467733867,0.5474913184774939,0.1287389500973143,0.03105366831729397,0.04813926274304298,0.17357592511218312,0.08582139030893218,1.3858233307206087e-13,3.3576652100752007e-09,2.9437194209603414,0
7.518674962481241,0.5466036825381084,0.12857447371426592,0.031106541525962025,0.048245911204551725,0.1737634281309279,0.08580260313626745,1.3858233307206087e-13,3.3576652100752007e-09,2.9437194209603414,0
7.5239144572286145,0.545716046598723,0.1284099973312176,0.03115941473463007,0.04835255966606046,0.17395093114967267,0.08578381596360274,1.3858233307206087e-13,3.3576652100752007e-09,2.9437194209603414,0
7.529153951975989,0.5448284106593374,0.12824552094816924,0.031212287943298125,0.04845920812756922,0.17413843416841746,0.085765028790938,1.3858233307206087e-13,3.3576652100752007e-09,2.9437194209603414,0
7.534393446723362,0.5439426766049312,0.12808664465370542,0.031267531101305236,0.04856720002409021,0.17433876316510255,0.08574518721612277,1.3858233307206087e-13,3.3576652100752007e-09,2.9437194209603414,0
7.539632941470736,0.5430705274432326,0.12796776899198797,0.03133970246887713,0.04868478788498443,0.17463070628993277,0.08571781419737547,1.3858233307206087e-13,3.3576652100752007e-09,2.9437194209603414,0
7.544872436218109,0.5421983782815343,0.12784889333027055,0.031411873836449,0.048802375745878646,0.17492264941476296,0.08569044117862816,1.3858233307206087e-13,3.3576652100752007e-09,2.9437194209603414,0
7.550111930965484,0.5413262291198356,0.12773001766855313,0.031484045204020886,0.04891996360677287,0.1752145925395932,0.08566306815988085,1.3858233307206087e-13,3.3576652100752007e-09,2.9437194209603414,0
7.555351425712857,0.5404540799581372,0.1276111420068357,0.031556216571592764,0.049037551467667084,0.17550653566442342,0.08563569514113356,1.3858233307206087e-13,3.3576652100752007e-09,2.9437194209603414,0
7.56059092046023,0.5395819307964388,0.12749226634511832,0.03162838793916464,0.04915513932856128,0.1757984787892536,0.08560832212238624,1.3858233307206087e-13,3.3576652100752007e-09,2.9437194209603414,0
7.565830415207604,0.5387097816347403,0.1273733906834009,0.03170055930673653,0.04927272718945551,0.17609042191408383,0.08558094910363893,1.3858233307206087e-13,3.3576652100752007e-09,2.9437194209603414,0
7.571069909954978,0.5378376324730418,0.12725451502168347,0.03177273067430841,0.04939031505034972,0.176382365038914,0.08555357608489166,1.3858233307206087e-13,3.3576652100752007e-09,2.9437194209603414,0
7.576309404702352,0.5369654833113433,0.12713563935996605,0.0318449020418803,0.04950790291124395,0.17667430816374424,0.08552620306614432,1.3858233307206087e-13,3.3576652100752007e-09,2.9437194209603414,0
7.581548899449725,0.5360933341496447,0.12701676369824863,0.03191707340945217,0.049625490772138146,0.1769662512885744,0.08549883004739701,1.3858233307206087e-13,3.3576652100752007e-09,2.9437194209603414,0
7.586788394197099,0.5352392608882278,0.12689777057259072,0.03199020632961348,0.04974293429941147,0.1772549967559028,0.08547075584398023,1.3858233307206087e-13,3.3576652100752007e-09,2.9437194209603414,0
7.592027888944473,0.5345430210975616,0.12677775178618428,0.03207173524555551,0.04985911754775101,0.17751582121382461,0.08543655910125433,1.3858233307206087e-13,3.3576652100752007e-09,2.9437194209603414,0
7.597267383691847,0.5338467813068954,0.1266577329997778,0.03215326416149755,0.049975300796090576,0.17777664567174645,0.08540236235852844,1.3858233307206087e-13,3.3576652100752007e-09,2.9437194209603414,0
7.60250687843922,0.5331505415162289,0.12653771421337134,0.03223479307743959,0.05009148404443012,0.1780374701296683,0.08536816561580257,1.3858233307206087e-13,3.3576652100752007e-09,2.9437194209603414,0
7.607746373186594,0.5324543017255627,0.12641769542696485,0.03231632199338163,0.05020766729276969,0.17829829458759014,0.08533396887307666,1.3858233307206087e-13,3.3576652100752007e-09,2.9437194209603414,0
7.612985867933967,0.5317580619348965,0.1262976766405584,0.03239785090932366,0.05032385054110924,0.178559119045512,0.08529977213035078,1.3858233307206087e-13,3.3576652100752007e-09,2.9437194209603414,0
7.618225362681341,0.5310618221442304,0.12617765785415194,0.03247937982526569,0.05044003378944878,0.1788199435034338,0.08526557538762489,1.3858233307206087e-13,3.3576652100752007e-09,2.9437194209603414,0
7.623464857428715,0.5303655823535638,0.12605763906774548,0.032560908741207734,0.05055621703778835,0.17908076796135566,0.085231378644899,1.3858233307206087e-13,3.3576652100752007e-09,2.9437194209603414,0
7.628704352176088,0.5296693425628978,0.125937620281339,0.03264243765714977,0.0506724002861279,0.17934159241927747,0.08519718190217312,1.3858233307206087e-13,3.3576652100752007e-09,2.9437194209603414,0
7.633943846923462,0.5289731027722314,0.12581760149493254,0.03272396657309181,0.05078858353446746,0.17960241687719936,0.0851629851594472,1.3858233307206087e-13,3.3576652100752007e-09,2.9437194209603414,0
7.639183341670836,0.5282784258921485,0.12570069960400057,0.03280532091580793,0.05090286324028008,0.1798644174852539,0.08512711859456726,1.3858233307206087e-13,3.3576652100752007e-09,2.9437194209603414,0
7.64442283641821,0.5276010831112625,0.12561836691742193,0.032884739082745786,0.05099603092897594,0.18013946266750758,0.0850727321839786,1.3858233307206087e-13,3.3576652100752007e-09,2.9437194209603414,0
7.649662331165583,0.5269237403303767,0.12553603423084328,0.032964157249683636,0.05108919861767179,0.18041450784976124,0.08501834577338997,1.3858233307206087e-13,3.3576652100752007e-09,2.9437194209603414,0
7.654901825912957,0.5262463975494908,0.12545370154426463,0.03304357541662149,0.05118236630636765,0.1806895530320149,0.0849639593628013,1.3858233307206087e-13,3.3576652100752007e-09,2.9437194209603414,0
7.660141320660331,0.5255690547686048,0.12537136885768602,0.03312299358355934,0.051275533995063495,0.18096459821426858,0.08490957295221264,1.3858233307206087e-13,3.3576652100752007e-09,2.9437194209603414,0
7.665380815407704,0.524891711987719,0.12528903617110737,0.033202411750497186,0.051368701683759344,0.18123964339652224,0.08485518654162401,1.3858233307206087e-13,3.3576652100752007e-09,2.9437194209603414,0
7.670620310155078,0.5242143692068331,0.12520670348452873,0.033281829917435043,0.05146186937245521,0.18151468857877595,0.08480080013103533,1.3858233307206087e-13,3.3576652100752007e-09,2.9437194209603414,0
7.675859804902451,0.5235370264259472,0.12512437079795008,0.03336124808437289,0.05155503706115105,0.18178973376102964,0.08474641372044667,1.3858233307206087e-13,3.3576652100752007e-09,2.9437194209603414,0
7.6810992996498255,0.5228596836450613,0.12504203811137143,0.03344066625131075,0.051648204749846924,0.1820647789432833,0.08469202730985802,1.3858233307206087e-13,3.3576652100752007e-09,2.9437194209603414,0
7.686338794397199,0.5221823408641754,0.12495970542479279,0.033520084418248594,0.051741372438542765,0.18233982412553695,0.08463764089926937,1.3858233307206087e-13,3.3576652100752007e-09,2.9437194209603414,0
7.691578289144573,0.521503695445091,0.12488020223858363,0.03359973867904805,0.05183433714256891,0.1826022566252066,0.08458273648799172,1.3858233307206087e-13,3.3576652100752007e-09,2.9437194209603414,0
7.696817783891946,0.5208055625585564,0.12484302837790191,0.03368292490401694,0.051924265195935855,0.18267600339341913,0.0845200827864071,1.3858233307206087e-13,3.3576652100752007e-09,2.9437194209603414,0
7.70205727863932,0.5201074296720217,0.12480585451722019,0.033766111128985844,0.05201419324930283,0.18274975016163164,0.08445742908482247,1.3858233307206087e-13,3.3576652100752007e-09,2.9437194209603414,0
7.707296773386694,0.5194092967854872,0.12476868065653847,0.03384929735395474,0.052104121302669774,0.1828234969298441,0.08439477538323784,1.3858233307206087e-13,3.3576652100752007e-09,2.9437194209603414,0
7.712536268134068,0.5187111638989526,0.12473150679585675,0.033932483578923645,0.05219404935603674,0.1828972436980566,0.0843321216816532,1.3858233307206087e-13,3.3576652100752007e-09,2.9437194209603414,0
7.717775762881441,0.518013031012418,0.12469433293517504,0.034015669803892534,0.0522839774094037,0.1829709904662691,0.08426946798006857,1.3858233307206087e-13,3.3576652100752007e-09,2.9437194209603414,0
7.7230152576288145,0.5173148981258835,0.12465715907449332,0.034098856028861424,0.05237390546277065,0.18304473723448164,0.08420681427848394,1.3858233307206087e-13,3.3576652100752007e-09,2.9437194209603414,0
7.728254752376189,0.5166167652393487,0.1246199852138116,0.034182042253830335,0.05246383351613762,0.18311848400269418,0.08414416057689929,1.3858233307206087e-13,3.3576652100752007e-09,2.9437194209603414,0
7.733494247123562,0.5159186323528143,0.12458281135312989,0.034265228478799224,0.05255376156950457,0.18319223077090663,0.08408150687531468,1.3858233307206087e-13,3.3576652100752007e-09,2.9437194209603414,0
7.738733741870936,0.5152204994662796,0.12454563749244817,0.03434841470376813,0.052643689622871546,0.18326597753911913,0.08401885317373003,1.3858233307206087e-13,3.3576652100752007e-09,2.9437194209603414,0
7.743973236618309,0.5145255311007729,0.12450970205846446,0.034432214840197414,0.052733560257524334,0.18334168755993274,0.08395575518655131,1.3858233307206087e-13,3.3576652100752007e-09,2.9437194209603414,0
7.749212731365684,0.5139016713842467,0.12450159480087158,0.03452980992826616,0.05282214065989414,0.18346151302154756,0.08388267384072834,1.3858233307206087e-13,3.3576652100752007e-09,2.9437194209603414,0
7.754452226113057,0.5132778116677207,0.12449348754327871,0.03462740501633489,0.05291072106226397,0.18358133848316238,0.08380959249490538,1.3858233307206087e-13,3.3576652100752007e-09,2.9437194209603414,0
7.759691720860431,0.5126539519511945,0.12448538028568584,0.03472500010440364,0.052999301464633795,0.18370116394477717,0.08373651114908243,1.3858233307206087e-13,3.3576652100752007e-09,2.9437194209603414,0
7.764931215607804,0.5120300922346682,0.12447727302809297,0.03482259519247237,0.05308788186700358,0.18382098940639197,0.08366342980325948,1.3858233307206087e-13,3.3576652100752007e-09,2.9437194209603414,0
7.770170710355178,0.5114062325181421,0.12446916577050007,0.034920190280541115,0.05317646226937341,0.18394081486800679,0.08359034845743651,1.3858233307206087e-13,3.3576652100752007e-09,2.9437194209603414,0
7.775410205102552,0.510782372801616,0.1244610585129072,0.03501778536860985,0.05326504267174323,0.18406064032962158,0.08351726711161357,1.3858233307206087e-13,3.3576652100752007e-09,2.9437194209603414,0
7.780649699849925,0.5101585130850899,0.12445295125531433,0.03511538045667857,0.05335362307411303,0.18418046579123634,0.0834441857657906,1.3858233307206087e-13,3.3576652100752007e-09,2.9437194209603414,0
7.785889194597299,0.5095346533685636,0.12444484399772146,0.03521297554474731,0.053442203476482854,0.1843002912528512,0.08337110441996766,1.3858233307206087e-13,3.3576652100752007e-09,2.9437194209603414,0
7.791128689344672,0.5089107936520375,0.12443673674012858,0.035310570632816056,0.05353078387885266,0.18442011671446598,0.08329802307414473,1.3858233307206087e-13,3.3576652100752007e-09,2.9437194209603414,0
7.796368184092047,0.5082878444465488,0.12442787395382547,0.03540823963543375,0.05361891945206914,0.18454213479351358,0.08322491671314852,1.3858233307206087e-13,3.3576652100752007e-09,2.9437194209603414,0
7.80160767883942,0.5077043507193539,0.12438627159007884,0.035509111601839644,0.053687779095307336,0.18475916629464817,0.08315072636131185,1.3858233307206087e-13,3.3576652100752007e-09,2.9437194209603414,0
7.806847173586794,0.5071208569921591,0.12434466922633224,0.03560998356824554,0.053756638738545574,0.18497619779578284,0.08307653600947518,1.3858233307206087e-13,3.3576652100752007e-09,2.9437194209603414,0
7.812086668334167,0.5065373632649643,0.12430306686258562,0.03571085553465144,0.0538254983817838,0.18519322929691742,0.08300234565763852,1.3858233307206087e-13,3.3576652100752007e-09,2.9437194209603414,0
7.817326163081542,0.5059538695377693,0.12426146449883899,0.035811727501057336,0.053894358025022036,0.1854102607980521,0.08292815530580185,1.3858233307206087e-13,3.3576652100752007e-09,2.9437194209603414,0
7.822565657828915,0.5053703758105745,0.12421986213509238,0.03591259946746323,0.05396321766826023,0.18562729229918673,0.08285396495396517,1.3858233307206087e-13,3.3576652100752007e-09,2.9437194209603414,0
7.827805152576289,0.5047868820833795,0.12417825977134575,0.03601347143386913,0.05403207731149846,0.1858443238003214,0.08277977460212849,1.3858233307206087e-13,3.3576652100752007e-09,2.9437194209603414,0
7.833044647323662,0.5042033883561847,0.12413665740759913,0.03611434340027502,0.054100936954736674,0.186061355301456,0.08270558425029183,1.3858233307206087e-13,3.3576652100752007e-09,2.9437194209603414,0
7.838284142071036,0.5036198946289899,0.12409505504385251,0.03621521536668091,0.0541697965979749,0.1862783868025906,0.08263139389845515,1.3858233307206087e-13,3.3576652100752007e-09,2.9437194209603414,0
7.84352363681841,0.503036400901795,0.1240534526801059,0.03631608733308682,0.05423865624121312,0.18649541830372526,0.08255720354661847,1.3858233307206087e-13,3.3576652100752007e-09,2.9437194209603414,0
7.848763131565783,0.5024528395771344,0.12401186166103895,0.03641697029462664,0.05430749094749241,0.1867124151950015,0.08248298266502885,1.3858233307206087e-13,3.3576652100752007e-09,2.9437194209603414,0
7.854002626313157,0.501842374461096,0.12397478582447756,0.03652222931947611,0.05436640074412136,0.1869156373626385,0.08239661094175825,1.3858233307206087e-13,3.3576652100752007e-09,2.9437194209603414,0
7.85924212106053,0.5012319093450578,0.12393770998791617,0.03662748834432557,0.05442531054075027,0.18711885953027546,0.08231023921848767,1.3858233307206087e-13,3.3576652100752007e-09,2.9437194209603414,0
7.864481615807905,0.5006214442290193,0.1239006341513548,0.03673274736917503,0.0544842203373792,0.18732208169791245,0.08222386749521707,1.3858233307206087e-13,3.3576652100752007e-09,2.9437194209603414,0
7.869721110555278,0.5000109791129811,0.12386355831479343,0.03683800639402448,0.05454313013400812,0.18752530386554941,0.0821374957719465,1.3858233307206087e-13,3.3576652100752007e-09,2.9437194209603414,0
7.874960605302652,0.4994005139969427,0.12382648247823204,0.03694326541887394,0.05460203993063705,0.18772852603318643,0.08205112404867589,1.3858233307206087e-13,3.3576652100752007e-09,2.9437194209603414,0
7.8802001000500255,0.4987900488809044,0.12378940664167067,0.037048524443723384,0.054660949727265984,0.1879317482008234,0.0819647523254053,1.3858233307206087e-13,3.3576652100752007e-09,2.9437194209603414,0
7.885439594797399,0.4981795837648661,0.12375233080510929,0.03715378346857284,0.05471985952389488,0.18813497036846036,0.08187838060213472,1.3858233307206087e-13,3.3576652100752007e-09,2.9437194209603414,0
7.890679089544773,0.4975691186488278,0.12371525496854789,0.0372590424934223,0.05477876932052382,0.18833819253609732,0.08179200887886412,1.3858233307206087e-13,3.3576652100752007e-09,2.9437194209603414,0
7.895918584292146,0.4969586535327895,0.12367817913198652,0.037364301518271754,0.05483767911715274,0.18854141470373423,0.08170563715559354,1.3858233307206087e-13,3.3576652100752007e-09,2.9437194209603414,0
7.90115807903952,0.49634818841675116,0.12364110329542514,0.037469560543121214,0.05489658891378167,0.18874463687137127,0.08161926543232294,1.3858233307206087e-13,3.3576652100752007e-09,2.9437194209603414,0
7.906397573786894,0.4958704730917241,0.12363179281093371,0.037567419227419144,0.05496211588356674,0.1889287853971541,0.0815232034238488,1.3858233307206087e-13,3.3576652100752007e-09,2.9437194209603414,0
7.911637068534268,0.49539512829867943,0.12362297813630067,0.03766514576277868,0.0550277610171582,0.18911259332218955,0.08142696837456742,1.3858233307206087e-13,3.3576652100752007e-09,2.9437194209603414,0
7.916876563281641,0.4949197835056347,0.12361416346166765,0.03776287229813819,0.05509340615074963,0.18929640124722494,0.08133073332528605,1.3858233307206087e-13,3.3576652100752007e-09,2.9437194209603414,0
7.922116058029015,0.49444443871259003,0.12360534878703461,0.037860598833497724,0.05515905128434107,0.1894802091722604,0.08123449827600468,1.3858233307206087e-13,3.3576652100752007e-09,2.9437194209603414,0
7.927355552776389,0.49396909391954535,0.12359653411240157,0.03795832536885723,0.05522469641793252,0.18966401709729583,0.08113826322672331,1.3858233307206087e-13,3.3576652100752007e-09,2.9437194209603414,0
7.932595047523763,0.4934937491265007,0.12358771943776854,0.038056051904216764,0.05529034155152396,0.18984782502233127,0.08104202817744192,1.3858233307206087e-13,3.3576652100752007e-09,2.9437194209603414,0
7.937834542271136,0.49301840433345606,0.1235789047631355,0.038153778439576284,0.05535598668511539,0.1900316329473667,0.08094579312816057,1.3858233307206087e-13,3.3576652100752007e-09,2.9437194209603414,0
7.943074037018509,0.49254305954041133,0.12357009008850249,0.0382515049749358,0.055421631818706824,0.19021544087240208,0.08084955807887921,1.3858233307206087e-13,3.3576652100752007e-09,2.9437194209603414,0
7.9483135317658835,0.49206771474736666,0.12356127541386944,0.03834923151029532,0.055487276952298256,0.1903992487974376,0.08075332302959783,1.3858233307206087e-13,3.3576652100752007e-09,2.9437194209603414,0
7.953553026513257,0.491592369954322,0.12355246073923642,0.03844695804565484,0.05555292208588971,0.19058305672247292,0.08065708798031647,1.3858233307206087e-13,3.3576652100752007e-09,2.9437194209603414,0
7.958792521260631,0.4911572363069912,0.1235473690034189,0.03853990540350669,0.05559989008639631,0.19073727934020676,0.0805527420459542,1.3858233307206087e-13,3.3576652100752007e-09,2.9437194209603414,0
7.964032016008004,0.4907236734075398,0.12354242269489885,0.038632666074737136,0.05564612851139179,0.19089034628187398,0.08044807928014343,1.3858233307206087e-13,3.3576652100752007e-09,2.9437194209603414,0
7.969271510755378,0.49029011050808835,0.12353747638637881,0.0387254267459676,0.05569236693638728,0.1910434132235413,0.08034341651433269,1.3858233307206087e-13,3.3576652100752007e-09,2.9437194209603414,0
7.974511005502752,0.48985654760863695,0.12353253007785876,0.03881818741719804,0.05573860536138276,0.19119648016520854,0.08023875374852196,1.3858233307206087e-13,3.3576652100752007e-09,2.9437194209603414,0
7.979750500250126,0.48942298470918555,0.12352758376933871,0.0389109480884285,0.055784843786378234,0.19134954710687585,0.0801340909827112,1.3858233307206087e-13,3.3576652100752007e-09,2.9437194209603414,0
7.984989994997499,0.4889894218097341,0.1235226374608187,0.03900370875965894,0.055831082211373714,0.19150261404854316,0.08002942821690047,1.3858233307206087e-13,3.3576652100752007e-09,2.9437194209603414,0
7.990229489744873,0.48855585891028286,0.12351769115229864,0.0390964694308894,0.05587732063636919,0.1916556809902104,0.0799247654510897,1.3858233307206087e-13,3.3576652100752007e-09,2.9437194209603414,0
7.995468984492247,0.4881222960108313,0.1235127448437786,0.039189230102119846,0.05592355906136467,0.1918087479318777,0.07982010268527898,1.3858233307206087e-13,3.3576652100752007e-09,2.9437194209603414,0
8.00070847923962,0.48768873311138,0.12350779853525856,0.039281990773350296,0.05596979748636015,0.19196181487354494,0.07971543991946824,1.3858233307206087e-13,3.3576652100752007e-09,2.9437194209603414,0
8.005947973986993,0.4872551702119286,0.12350285222673851,0.03937475144458074,0.05601603591135562,0.19211488181521225,0.0796107771536575,1.3858233307206087e-13,3.3576652100752007e-09,2.9437194209603414,0
8.011187468734368,0.4868288981100855,0.12348897130222113,0.03947815096934825,0.05605730953402548,0.19217921145780875,0.07949492634397673,1.3858233307206087e-13,3.3576652100752007e-09,2.9437194209603414,0
8.016426963481742,0.48640307198788335,0.12347454384534218,0.03958220127505016,0.05609827945868073,0.1922381130209408,0.07937839115927202,1.3858233307206087e-13,3.3576652100752007e-09,2.9437194209603414,0
8.021666458229115,0.48597724586568136,0.12346011638846326,0.03968625158075208,0.056139249383335955,0.1922970145840729,0.07926185597456734,1.3858233307206087e-13,3.3576652100752007e-09,2.9437194209603414,0
8.026905952976488,0.4855514197434792,0.12344568893158432,0.03979030188645401,0.056180219307991205,0.19235591614720496,0.07914532078986267,1.3858233307206087e-13,3.3576652100752007e-09,2.9437194209603414,0
8.032145447723863,0.48512559362127694,0.1234312614747054,0.03989435219215596,0.05622118923264646,0.19241481771033705,0.07902878560515791,1.3858233307206087e-13,3.3576652100752007e-09,2.9437194209603414,0
8.037384942471236,0.48469976749907484,0.12341683401782645,0.039998402497857875,0.056262159157301705,0.19247371927346912,0.07891225042045322,1.3858233307206087e-13,3.3576652100752007e-09,2.9437194209603414,0
8.04262443721861,0.48427394137687274,0.12340240656094753,0.0401024528035598,0.05630312908195695,0.19253262083660122,0.07879571523574853,1.3858233307206087e-13,3.3576652100752007e-09,2.9437194209603414,0
8.047863931965983,0.4838481152546707,0.1233879791040686,0.040206503109261715,0.05634409900661219,0.19259152239973326,0.07867918005104384,1.3858233307206087e-13,3.3576652100752007e-09,2.9437194209603414,0
8.053103426713356,0.4834222891324686,0.12337355164718966,0.04031055341496364,0.056385068931267435,0.19265042396286533,0.07856264486633914,1.3858233307206087e-13,3.3576652100752007e-09,2.9437194209603414,0
8.058342921460731,0.48299646301026633,0.12335912419031073,0.04041460372066559,0.056426038855922685,0.19270932552599743,0.0784461096816344,1.3858233307206087e-13,3.3576652100752007e-09,2.9437194209603414,0
8.063582416208105,0.48260735287748885,0.12338363374048503,0.04052294326668251,0.056452617026988776,0.19280337613531745,0.0783206398557575,1.3858233307206087e-13,3.3576652100752007e-09,2.9437194209603414,0
8.068821910955478,0.48222133566773356,0.12341142331027523,0.04063164413457379,0.05647798284924708,0.1929003876697239,0.0781944173834775,1.3858233307206087e-13,3.3576652100752007e-09,2.9437194209603414,0
8.074061405702851,0.4818353184579781,0.12343921288006542,0.04074034500246508,0.05650334867150539,0.19299739920413048,0.07806819491119749,1.3858233307206087e-13,3.3576652100752007e-09,2.9437194209603414,0
8.079300900450226,0.48144930124822266,0.12346700244985562,0.0408490458703564,0.056528714493763704,0.19309441073853703,0.07794197243891747,1.3858233307206087e-13,3.3576652100752007e-09,2.9437194209603414,0
8.0845403951976,0.4810632840384674,0.1234947920196458,0.040957746738247675,0.056554080316022014,0.19319142227294347,0.07781574996663745,1.3858233307206087e-13,3.3576652100752007e-09,2.9437194209603414,0
8.089779889944973,0.48067726682871204,0.123522581589436,0.04106644760613896,0.05657944613828032,0.19328843380734997,0.07768952749435748,1.3858233307206087e-13,3.3576652100752007e-09,2.9437194209603414,0
8.095019384692346,0.4802912496189567,0.1235503711592262,0.04117514847403024,0.056604811960538626,0.19338544534175647,0.07756330502207748,1.3858233307206087e-13,3.3576652100752007e-09,2.9437194209603414,0
8.100258879439721,0.47990523240920124,0.12357816072901641,0.04128384934192156,0.056630177782796935,0.19348245687616303,0.07743708254979742,1.3858233307206087e-13,3.3576652100752007e-09,2.9437194209603414,0
8.105498374187095,0.4795192151994459,0.1236059502988066,0.04139255020981284,0.056655543605055245,0.19357946841056953,0.07731086007751742,1.3858233307206087e-13,3.3576652100752007e-09,2.9437194209603414,0
8.110737868934468,0.4791331979896906,0.12363373986859678,0.041501251077704124,0.05668090942731355,0.19367647994497605,0.07718463760523743,1.3858233307206087e-13,3.3576652100752007e-09,2.9437194209603414,0
8.115977363681841,0.478896177031299,0.1236669450784709,0.0415915402018503,0.056689351609340376,0.1938775584018786,0.0770650543053434,1.3858233307206087e-13,3.3576652100752007e-09,2.9437194209603414,0
8.121216858429214,0.47867529733347175,0.12370073698268744,0.04167983472042408,0.0566959603970088,0.19408991077538487,0.0769461902491245,1.3858233307206087e-13,3.3576652100752007e-09,2.9437194209603414,0
8.12645635317659,0.4784544176356444,0.12373452888690398,0.04176812923899791,0.05670256918467721,0.19430226314889118,0.07682732619290557,1.3858233307206087e-13,3.3576652100752007e-09,2.9437194209603414,0
8.131695847923963,0.47823353793781714,0.12376832079112052,0.0418564237575717,0.05670917797234563,0.19451461552239746,0.07670846213668667,1.3858233307206087e-13,3.3576652100752007e-09,2.9437194209603414,0
8.136935342671336,0.4780126582399899,0.12380211269533706,0.04194471827614549,0.056715786760014035,0.19472696789590374,0.07658959808046778,1.3858233307206087e-13,3.3576652100752007e-09,2.9437194209603414,0
8.14217483741871,0.47779177854216254,0.12383590459955358,0.04203301279471928,0.05672239554768246,0.19493932026941002,0.07647073402424887,1.3858233307206087e-13,3.3576652100752007e-09,2.9437194209603414,0
8.147414332166084,0.4775708988443353,0.12386969650377014,0.042121307313293097,0.056729004335350865,0.19515167264291636,0.07635186996802995,1.3858233307206087e-13,3.3576652100752007e-09,2.9437194209603414,0
8.152653826913458,0.47735001914650804,0.12390348840798666,0.04220960183186689,0.0567356131230193,0.19536402501642264,0.07623300591181106,1.3858233307206087e-13,3.3576652100752007e-09,2.9437194209603414,0
8.157893321660831,0.4771291394486807,0.1239372803122032,0.04229789635044068,0.05674222191068769,0.19557637738992892,0.07611414185559216,1.3858233307206087e-13,3.3576652100752007e-09,2.9437194209603414,0
8.163132816408204,0.47690825975085344,0.12397107221641973,0.042386190869014476,0.056748830698356116,0.19578872976343517,0.07599527779937326,1.3858233307206087e-13,3.3576652100752007e-09,2.9437194209603414,0
8.168372311155577,0.4766628896106959,0.12401755133026196,0.04247522284198477,0.056767580609381016,0.1960375214282895,0.07585850841567746,1.3858233307206087e-13,3.3576652100752007e-09,2.9437194209603414,0
8.173611805902953,0.47641424943988625,0.12406572447493491,0.04256435328187739,0.056787951636308634,0.1962911785667045,0.07571934826382419,1.3858233307206087e-13,3.3576652100752007e-09,2.9437194209603414,0
8.178851300650326,0.4761656092690766,0.12411389761960782,0.04265348372176996,0.056808322663236245,0.19654483570511946,0.07558018811197097,1.3858233307206087e-13,3.3576652100752007e-09,2.9437194209603414,0
8.1840907953977,0.4759169690982669,0.12416207076428075,0.042742614161662536,0.05682869369016385,0.19679849284353437,0.07544102796011773,1.3858233307206087e-13,3.3576652100752007e-09,2.9437194209603414,0
8.189330290145072,0.4756683289274572,0.12421024390895366,0.04283174460155511,0.05684906471709146,0.19705214998194934,0.0753018678082645,1.3858233307206087e-13,3.3576652100752007e-09,2.9437194209603414,0
8.194569784892447,0.4754196887566475,0.1242584170536266,0.042920875041447704,0.05686943574401908,0.19730580712036433,0.07516270765641121,1.3858233307206087e-13,3.3576652100752007e-09,2.9437194209603414,0
8.19980927963982,0.4751710485858378,0.12430659019829954,0.043010005481340284,0.05688980677094669,0.1975594642587793,0.07502354750455799,1.3858233307206087e-13,3.3576652100752007e-09,2.9437194209603414,0
8.205048774387194,0.47492240841502814,0.12435476334297245,0.04309913592123286,0.0569101777978743,0.19781312139719426,0.07488438735270476,1.3858233307206087e-13,3.3576652100752007e-09,2.9437194209603414,0
8.210288269134567,0.4746737682442185,0.12440293648764537,0.04318826636112543,0.056930548824801905,0.19806677853560928,0.07474522720085153,1.3858233307206087e-13,3.3576652100752007e-09,2.9437194209603414,0
8.21552776388194,0.4744251280734089,0.1244511096323183,0.04327739680101801,0.05695091985172951,0.19832043567402421,0.07460606704899832,1.3858233307206087e-13,3.3576652100752007e-09,2.9437194209603414,0
8.220767258629316,0.47417636236788063,0.1244907613741086,0.04335889697103957,0.05695611155610645,0.19841403893484882,0.07449618138700335,1.3858233307206087e-13,3.3576652100752007e-09,2.9437194209603414,0
8.226006753376689,0.4739275765913944,0.12452905068229847,0.0434391771851224,0.05695887633391275,0.19848205218617496,0.07439097623937534,1.3858233307206087e-13,3.3576652100752007e-09,2.9437194209603414,0
8.231246248124062,0.47367879081490843,0.12456733999048832,0.04351945739920522,0.05696164111171907,0.19855006543750106,0.07428577109174732,1.3858233307206087e-13,3.3576652100752007e-09,2.9437194209603414,0
8.236485742871436,0.4734300050384223,0.12460562929867819,0.043599737613288066,0.05696440588952537,0.1986180786888272,0.0741805659441193,1.3858233307206087e-13,3.3576652100752007e-09,2.9437194209603414,0
8.24172523761881,0.4731812192619362,0.12464391860686806,0.04368001782737094,0.056967170667331694,0.19868609194015333,0.07407536079649124,1.3858233307206087e-13,3.3576652100752007e-09,2.9437194209603414,0
8.246964732366184,0.47293243348544994,0.12468220791505794,0.043760298041453774,0.05696993544513801,0.19875410519147949,0.07397015564886322,1.3858233307206087e-13,3.3576652100752007e-09,2.9437194209603414,0
8.252204227113557,0.4726836477089639,0.12472049722324778,0.04384057825553661,0.056972700222944324,0.19882211844280556,0.0738649505012352,1.3858233307206087e-13,3.3576652100752007e-09,2.9437194209603414,0
8.25744372186093,0.4724348619324778,0.12475878653143765,0.04392085846961945,0.056975465000750646,0.19889013169413175,0.07375974535360719,1.3858233307206087e-13,3.3576652100752007e-09,2.9437194209603414,0
8.262683216608306,0.4721860761559916,0.12479707583962753,0.04400113868370231,0.05697822977855695,0.19895814494545794,0.07365454020597914,1.3858233307206087e-13,3.3576652100752007e-09,2.9437194209603414,0
8.267922711355679,0.4719372903795055,0.1248353651478174,0.044081418897785156,0.05698099455636327,0.19902615819678401,0.07354933505835112,1.3858233307206087e-13,3.3576652100752007e-09,2.9437194209603414,0
8.273162206103052,0.4718209760527859,0.12488722647624823,0.04415390421096721,0.056982310252150184,0.19908938430101328,0.07344933288109427,1.3858233307206087e-13,3.3576652100752007e-09,2.9437194209603414,0
8.278401700850425,0.47172950012289755,0.12494163255847424,0.04422492798023037,0.05698335424505846,0.19915171281516184,0.07335030626078202,1.3858233307206087e-13,3.3576652100752007e-09,2.9437194209603414,0
8.283641195597799,0.4716380241930093,0.12499603864070025,0.04429595174949352,0.05698439823796673,0.1992140413293104,0.07325127964046976,1.3858233307206087e-13,3.3576652100752007e-09,2.9437194209603414,0
8.288880690345174,0.47154654826312103,0.12505044472292628,0.0443669755187567,0.05698544223087501,0.199276369843459,0.07315225302015747,1.3858233307206087e-13,3.3576652100752007e-09,2.9437194209603414,0
8.294120185092547,0.4714550723332327,0.1251048508051523,0.04443799928801987,0.05698648622378328,0.19933869835760756,0.07305322639984524,1.3858233307206087e-13,3.3576652100752007e-09,2.9437194209603414,0
8.29935967983992,0.47136359640334435,0.1251592568873783,0.04450902305728301,0.05698753021669154,0.19940102687175618,0.07295419977953298,1.3858233307206087e-13,3.3576652100752007e-09,2.9437194209603414,0
8.304599174587294,0.471272120473456,0.12521366296960432,0.04458004682654618,0.056988574209599824,0.19946335538590473,0.07285517315922073,1.3858233307206087e-13,3.3576652100752007e-09,2.9437194209603414,0
8.309838669334669,0.4711806445435676,0.12526806905183033,0.04465107059580936,0.056989618202508106,0.19952568390005335,0.07275614653890845,1.3858233307206087e-13,3.3576652100752007e-09,2.9437194209603414,0
8.315078164082042,0.4710891686136794,0.12532247513405634,0.044722094365072525,0.056990662195416375,0.1995880124142019,0.07265711991859619,1.3858233307206087e-13,3.3576652100752007e-09,2.9437194209603414,0
8.320317658829415,0.47099769268379105,0.12537688121628235,0.04479311813433568,0.05699170618832465,0.1996503409283505,0.07255809329828394,1.3858233307206087e-13,3.3576652100752007e-09,2.9437194209603414,0
8.325557153576788,0.47092361176555286,0.125433882855829,0.04485657429813519,0.05698821311519078,0.19971195743365633,0.07245440723032143,1.3858233307206087e-13,3.3576652100752007e-09,2.9437194209603414,0
8.330796648324162,0.47085329623093414,0.12549144633857615,0.04491839235221545,0.05698373793324901,0.1997734198150968,0.07234971256241018,1.3858233307206087e-13,3.3576652100752007e-09,2.9437194209603414,0
8.336036143071537,0.4707829806963154,0.12554900982132333,0.044980210406295726,0.05697926275130725,0.19983488219653742,0.07224501789449893,1.3858233307206087e-13,3.3576652100752007e-09,2.9437194209603414,0
8.34127563781891,0.47071266516169674,0.12560657330407046,0.045042028460375985,0.05697478756936548,0.19989634457797795,0.0721403232265877,1.3858233307206087e-13,3.3576652100752007e-09,2.9437194209603414,0
8.346515132566283,0.4706423496270779,0.12566413678681762,0.04510384651445624,0.05697031238742372,0.1999578069594185,0.07203562855867647,1.3858233307206087e-13,3.3576652100752007e-09,2.9437194209603414,0
8.351754627313657,0.4705720340924592,0.12572170026956478,0.04516566456853648,0.05696583720548195,0.20001926934085903,0.07193093389076524,1.3858233307206087e-13,3.3576652100752007e-09,2.9437194209603414,0
8.356994122061032,0.4705017185578404,0.12577926375231194,0.04522748262261676,0.05696136202354017,0.20008073172229962,0.07182623922285397,1.3858233307206087e-13,3.3576652100752007e-09,2.9437194209603414,0
8.362233616808405,0.4704314030232217,0.12583682723505907,0.04528930067669703,0.056956886841598414,0.20014219410374015,0.07172154455494277,1.3858233307206087e-13,3.3576652100752007e-09,2.9437194209603414,0
8.367473111555778,0.470361087488603,0.12589439071780623,0.04535111873077728,0.05695241165965664,0.20020365648518068,0.07161684988703153,1.3858233307206087e-13,3.3576652100752007e-09,2.9437194209603414,0
8.372712606303152,0.4702907719539843,0.12595195420055338,0.045412936784857534,0.05694793647771488,0.2002651188666212,0.0715121552191203,1.3858233307206087e-13,3.3576652100752007e-09,2.9437194209603414,0
8.377952101050525,0.47027684484710935,0.12604011945132695,0.045478108786636155,0.0569424219741207,0.2004235565393533,0.07141444053983817,1.3858233307206087e-13,3.3576652100752007e-09,2.9437194209603414,0
8.3831915957979,0.47027683863333375,0.1261358395135821,0.04554410879425283,0.05693665088799358,0.200605934987123,0.07131844904524882,1.3858233307206087e-13,3.3576652100752007e-09,2.9437194209603414,0
8.388431090545273,0.47027683241955803,0.12623155957583718,0.04561010880186949,0.056930879801866466,0.2007883134348927,0.07122245755065948,1.3858233307206087e-13,3.3576652100752007e-09,2.9437194209603414,0
8.393670585292647,0.4702768262057824,0.1263272796380923,0.04567610880948613,0.056925108715739345,0.20097069188266234,0.07112646605607013,1.3858233307206087e-13,3.3576652100752007e-09,2.9437194209603414,0
8.39891008004002,0.4702768199920067,0.1264229997003474,0.0457421088171028,0.056919337629612224,0.201153070330432,0.0710304745614808,1.3858233307206087e-13,3.3576652100752007e-09,2.9437194209603414,0
8.404149574787395,0.47027681377823105,0.12651871976260254,0.04580810882471947,0.05691356654348511,0.20133544877820178,0.07093448306689144,1.3858233307206087e-13,3.3576652100752007e-09,2.9437194209603414,0
8.409389069534768,0.4702768075644555,0.12661443982485762,0.045874108832336134,0.056907795457357975,0.20151782722597136,0.0708384915723021,1.3858233307206087e-13,3.3576652100752007e-09,2.9437194209603414,0
8.414628564282141,0.47027680135067984,0.12671015988711273,0.04594010883995278,0.05690202437123087,0.20170020567374106,0.07074250007771277,1.3858233307206087e-13,3.3576652100752007e-09,2.9437194209603414,0
8.419868059029515,0.4702767951369043,0.12680587994936782,0.04600610884756944,0.05689625328510374,0.2018825841215107,0.07064650858312344,1.3858233307206087e-13,3.3576652100752007e-09,2.9437194209603414,0
8.42510755377689,0.4702767889231286,0.12690160001162296,0.04607210885518612,0.05689048219897663,0.20206496256928042,0.07055051708853408,1.3858233307206087e-13,3.3576652100752007e-09,2.9437194209603414,0
8.430347048524263,0.47032829564048156,0.12698985146300493,0.04612927708560463,0.05687287883833449,0.20214589907076566,0.07047495724592806,1.3858233307206087e-13,3.3576652100752007e-09,2.9437194209603414,0
8.435586543271636,0.47039416654055305,0.12707602032097035,0.046183982608919816,0.056851976093452584,0.20219854887569083,0.07040509469089433,1.3858233307206087e-13,3.3576652100752007e-09,2.9437194209603414,0
8.44082603801901,0.47046003744062453,0.12716218917893576,0.046238688132235015,0.056831073348570675,0.20225119868061603,0.07033523213586056,1.3858233307206087e-13,3.3576652100752007e-09,2.9437194209603414,0
8.446065532766383,0.47052590834069596,0.12724835803690115,0.0462933936555502,0.05681017060368879,0.2023038484855412,0.0702653695808268,1.3858233307206087e-13,3.3576652100752007e-09,2.9437194209603414,0
8.451305027513758,0.4705917792407676,0.12733452689486663,0.04634809917886541,0.056789267858806856,0.20235649829046637,0.07019550702579302,1.3858233307206087e-13,3.3576652100752007e-09,2.9437194209603414,0
8.456544522261131,0.470657650140839,0.12742069575283202,0.046402804702180604,0.056768365113924954,0.2024091480953916,0.07012564447075927,1.3858233307206087e-13,3.3576652100752007e-09,2.9437194209603414,0
8.461784017008505,0.4707235210409105,0.12750686461079744,0.04645751022549579,0.05674746236904304,0.20246179790031676,0.07005578191572552,1.3858233307206087e-13,3.3576652100752007e-09,2.9437194209603414,0
8.467023511755878,0.47078939194098196,0.12759303346876286,0.046512215748810995,0.056726559624161135,0.202514447705242,0.06998591936069178,1.3858233307206087e-13,3.3576652100752007e-09,2.9437194209603414,0
8.472263006503253,0.4708552628410535,0.1276792023267283,0.046566921272126194,0.05670565687927922,0.2025670975101672,0.06991605680565799,1.3858233307206087e-13,3.3576652100752007e-09,2.9437194209603414,0
8.477502501250626,0.47092113374112493,0.12776537118469372,0.04662162679544138,0.05668475413439732,0.2026197473150924,0.06984619425062424,1.3858233307206087e-13,3.3576652100752007e-09,2.9437194209603414,0
8.482741995998,0.4710050042878311,0.12786324527007195,0.046670224323641415,0.056656632288606394,0.20268595792793062,0.06978485363238676,1.3858233307206087e-13,3.3576652100752007e-09,2.9437194209603414,0
8.487981490745373,0.47109449972411044,0.12796477723901672,0.04671691310336797,0.056626254473781404,0.20275640629324168,0.06972617611939812,1.3858233307206087e-13,3.3576652100752007e-09,2.9437194209603414,0
8.493220985492746,0.4711839951603898,0.12806630920796147,0.046763601883094516,0.05659587665895642,0.2028268546585527,0.06966749860640944,1.3858233307206087e-13,3.3576652100752007e-09,2.9437194209603414,0
8.498460480240121,0.4712734905966692,0.12816784117690624,0.04681029066282109,0.05656549884413141,0.20289730302386383,0.0696088210934208,1.3858233307206087e-13,3.3576652100752007e-09,2.9437194209603414,0
8.503699974987494,0.4713629860329486,0.128269373145851,0.04685697944254765,0.05653512102930644,0.2029677513891749,0.06955014358043214,1.3858233307206087e-13,3.3576652100752007e-09,2.9437194209603414,0
8.508939469734868,0.4714524814692279,0.12837090511479576,0.04690366822227419,0.05650474321448143,0.20303819975448595,0.0694914660674435,1.3858233307206087e-13,3.3576652100752007e-09,2.9437194209603414,0
8.514178964482241,0.4715419769055073,0.1284724370837405,0.04695035700200076,0.05647436539965643,0.20310864811979704,0.06943278855445484,1.3858233307206087e-13,3.3576652100752007e-09,2.9437194209603414,0
8.519418459229616,0.47163147234178676,0.1285739690526853,0.04699704578172732,0.05644398758483144,0.2031790964851081,0.06937411104146618,1.3858233307206087e-13,3.3576652100752007e-09,2.9437194209603414,0
8.52465795397699,0.4717209677780661,0.12867550102163008,0.047043734561453866,0.056413609770006444,0.2032495448504192,0.06931543352847752,1.3858233307206087e-13,3.3576652100752007e-09,2.9437194209603414,0
8.529897448724363,0.47181046321434544,0.12877703299057483,0.04709042334118043,0.05638323195518146,0.20331999321573024,0.06925675601548888,1.3858233307206087e-13,3.3576652100752007e-09,2.9437194209603414,0
8.535136943471736,0.4718986617714392,0.1288801520658827,0.04713150961879428,0.056353615259387216,0.2033343706204454,0.06920037152853394,1.3858233307206087e-13,3.3576652100752007e-09,2.9437194209603414,0
8.540376438219111,0.47198640904962735,0.1289838234113102,0.0471706463770919,0.05632426341244489,0.2033292368463045,0.069144784952665,1.3858233307206087e-13,3.3576652100752007e-09,2.9437194209603414,0
8.545615932966484,0.4720741563278154,0.1290874947567377,0.04720978313538951,0.05629491156550255,0.2033241030721636,0.06908919837679608,1.3858233307206087e-13,3.3576652100752007e-09,2.9437194209603414,0
8.550855427713858,0.4721619036060034,0.1291911661021652,0.04724891989368713,0.05626555971856024,0.20331896929802268,0.06903361180092717,1.3858233307206087e-13,3.3576652100752007e-09,2.9437194209603414,0
8.55609492246123,0.4722496508841914,0.12929483744759265,0.04728805665198473,0.05623620787161791,0.2033138355238818,0.06897802522505828,1.3858233307206087e-13,3.3576652100752007e-09,2.9437194209603414,0
8.561334417208604,0.4723373981623795,0.12939850879302014,0.04732719341028234,0.05620685602467559,0.20330870174974092,0.06892243864918936,1.3858233307206087e-13,3.3576652100752007e-09,2.9437194209603414,0
8.56657391195598,0.4724251454405676,0.12950218013844766,0.047366330168579954,0.05617750417773326,0.20330356797560004,0.06886685207332044,1.3858233307206087e-13,3.3576652100752007e-09,2.9437194209603414,0
8.571813406703352,0.4725128927187556,0.12960585148387513,0.047405466926877575,0.056148152330790936,0.20329843420145916,0.06881126549745153,1.3858233307206087e-13,3.3576652100752007e-09,2.9437194209603414,0
8.577052901450726,0.4726006399969436,0.12970952282930262,0.04744460368517518,0.05611880048384861,0.20329330042731825,0.06875567892158263,1.3858233307206087e-13,3.3576652100752007e-09,2.9437194209603414,0
8.582292396198099,0.47268838727513157,0.1298131941747301,0.0474837404434728,0.05608944863690628,0.20328816665317737,0.06870009234571371,1.3858233307206087e-13,3.3576652100752007e-09,2.9437194209603414,0
8.587531890945474,0.4728156127231543,0.12991688741525279,0.047523510439643785,0.0560588943215343,0.20331297930211303,0.06863602234607324,1.3858233307206087e-13,3.3576652100752007e-09,2.9437194209603414,0
8.592771385692847,0.4729580537158008,0.1300205890945101,0.04756352449624515,0.0560278765547884,0.20334933380160944,0.06856868269352084,1.3858233307206087e-13,3.3576652100752007e-09,2.9437194209603414,0
8.59801088044022,0.4731004947084471,0.13012429077376733,0.047603538552846505,0.0559968587880425,0.2033856883011059,0.06850134304096847,1.3858233307206087e-13,3.3576652100752007e-09,2.9437194209603414,0
8.603250375187594,0.4732429357010936,0.1302279924530246,0.04764355260944785,0.055965841021296606,0.20342204280060233,0.0684340033884161,1.3858233307206087e-13,3.3576652100752007e-09,2.9437194209603414,0
8.608489869934967,0.4733853766937399,0.13033169413228188,0.04768356666604921,0.055934823254550695,0.20345839730009876,0.06836666373586371,1.3858233307206087e-13,3.3576652100752007e-09,2.9437194209603414,0
8.613729364682342,0.4735278176863864,0.13043539581153918,0.04772358072265057,0.055903805487804784,0.20349475179959517,0.0682993240833113,1.3858233307206087e-13,3.3576652100752007e-09,2.9437194209603414,0
8.618968859429716,0.47367025867903295,0.13053909749079642,0.04776359477925193,0.055872787721058886,0.20353110629909163,0.06823198443075891,1.3858233307206087e-13,3.3576652100752007e-09,2.9437194209603414,0
8.624208354177089,0.47381269967167927,0.1306427991700537,0.04780360883585327,0.055841769954312975,0.20356746079858806,0.06816464477820652,1.3858233307206087e-13,3.3576652100752007e-09,2.9437194209603414,0
8.629447848924462,0.47395514066432565,0.13074650084931094,0.047843622892454626,0.05581075218756708,0.20360381529808452,0.06809730512565414,1.3858233307206087e-13,3.3576652100752007e-09,2.9437194209603414,0
8.634687343671837,0.4740975816569721,0.13085020252856824,0.047883636949056,0.05577973442082117,0.20364016979758096,0.06802996547310172,1.3858233307206087e-13,3.3576652100752007e-09,2.9437194209603414,0
8.63992683841921,0.474289250693374,0.1309567246398625,0.047910287731554625,0.05573565525379332,0.20360717385039326,0.06798018902761369,1.3858233307206087e-13,3.3576652100752007e-09,2.9437194209603414,0
8.645166333166584,0.474501841648372,0.1310644454347724,0.0479312591225596,0.05568602499164565,0.20354470396336496,0.06793787694512798,1.3858233307206087e-13,3.3576652100752007e-09,2.9437194209603414,0
8.650405827913957,0.47471443260337,0.13117216622968234,0.047952230513564564,0.055636394729498,0.20348223407633664,0.06789556486264228,1.3858233307206087e-13,3.3576652100752007e-09,2.9437194209603414,0
8.65564532266133,0.474927023558368,0.13127988702459226,0.04797320190456956,0.05558676446735035,0.2034197641893083,0.06785325278015661,1.3858233307206087e-13,3.3576652100752007e-09,2.9437194209603414,0
8.660884817408705,0.47513961451336595,0.13138760781950223,0.04799417329557452,0.05553713420520266,0.20335729430227997,0.06781094069767088,1.3858233307206087e-13,3.3576652100752007e-09,2.9437194209603414,0
8.666124312156079,0.475352205468364,0.13149532861441215,0.0480151446865795,0.05548750394305501,0.20329482441525157,0.06776862861518518,1.3858233307206087e-13,3.3576652100752007e-09,2.9437194209603414,0
8.671363806903452,0.47556479642336186,0.13160304940932208,0.04803611607758446,0.05543787368090735,0.20323235452822322,0.06772631653269949,1.3858233307206087e-13,3.3576652100752007e-09,2.9437194209603414,0
8.676603301650825,0.4757773873783599,0.13171077020423202,0.048057087468589436,0.05538824341875969,0.20316988464119481,0.06768400445021379,1.3858233307206087e-13,3.3576652100752007e-09,2.9437194209603414,0
8.6818427963982,0.4759899783333579,0.13181849099914195,0.04807805885959441,0.055338613156612,0.2031074147541665,0.06764169236772807,1.3858233307206087e-13,3.3576652100752007e-09,2.9437194209603414,0
8.687082291145574,0.47620256928835597,0.1319262117940519,0.04809903025059938,0.05528898289446435,0.20304494486713814,0.06759938028524237,1.3858233307206087e-13,3.3576652100752007e-09,2.9437194209603414,0
8.692321785892947,0.4764253025388449,0.13203547003648344,0.04811800380438878,0.05524964632751102,0.20306121135575908,0.0675528791711619,1.3858233307206087e-13,3.3576652100752007e-09,2.9437194209603414,0
8.69756128064032,0.4766527713464197,0.13214544613125045,0.04813604454447826,0.05521511600794623,0.2031142407844809,0.0675044221489471,1.3858233307206087e-13,3.3576652100752007e-09,2.9437194209603414,0
8.702800775387695,0.4768802401539946,0.13225542222601752,0.048154085284567744,0.055180585688381405,0.20316727021320274,0.06745596512673226,1.3858233307206087e-13,3.3576652100752007e-09,2.9437194209603414,0
8.708040270135069,0.4771077089615695,0.13236539832078456,0.048172126024657216,0.05514605536881663,0.20322029964192456,0.06740750810451744,1.3858233307206087e-13,3.3576652100752007e-09,2.9437194209603414,0
8.713279764882442,0.4773351777691443,0.13247537441555154,0.048190166764746696,0.05511152504925183,0.2032733290706464,0.06735905108230264,1.3858233307206087e-13,3.3576652100752007e-09,2.9437194209603414,0
8.718519259629815,0.4775626465767192,0.13258535051031858,0.04820820750483618,0.05507699472968703,0.20332635849936823,0.06731059406008781,1.3858233307206087e-13,3.3576652100752007e-09,2.9437194209603414,0
8.723758754377188,0.47779011538429406,0.1326953266050856,0.048226248244925655,0.05504246441012225,0.20337938792809002,0.06726213703787302,1.3858233307206087e-13,3.3576652100752007e-09,2.9437194209603414,0
8.728998249124563,0.47801758419186896,0.1328053026998527,0.04824428898501514,0.055007934090557424,0.20343241735681192,0.06721368001565818,1.3858233307206087e-13,3.3576652100752007e-09,2.9437194209603414,0
8.734237743871937,0.47824505299944386,0.13291527879461967,0.048262329725104615,0.054973403770992635,0.20348544678553368,0.06716522299344337,1.3858233307206087e-13,3.3576652100752007e-09,2.9437194209603414,0
8.73947723861931,0.47847252180701877,0.1330252548893867,0.0482803704651941,0.054938873451427846,0.2035384762142556,0.06711676597122855,1.3858233307206087e-13,3.3576652100752007e-09,2.9437194209603414,0
8.744716733366683,0.47873960804515914,0.13314038762754613,0.04829017590970956,0.054900404786143275,0.20351921264431067,0.06709192302223826,1.3858233307206087e-13,3.3576652100752007e-09,2.9437194209603414,0
8.749956228114058,0.479026953196657,0.13325815728562218,0.048295770123533775,0.054859922194070154,0.2034629810636839,0.06707915545160145,1.3858233307206087e-13,3.3576652100752007e-09,2.9437194209603414,0
8.755195722861432,0.47931429834815487,0.13337592694369818,0.048301364337357974,0.054819439601997054,0.20340674948305715,0.06706638788096464,1.3858233307206087e-13,3.3576652100752007e-09,2.9437194209603414,0
8.760435217608805,0.4796016434996526,0.13349369660177418,0.04830695855118219,0.054778957009923954,0.20335051790243042,0.06705362031032783,1.3858233307206087e-13,3.3576652100752007e-09,2.9437194209603414,0
8.765674712356178,0.4798889886511504,0.13361146625985018,0.04831255276500639,0.05473847441785085,0.20329428632180363,0.067040852739691,1.3858233307206087e-13,3.3576652100752007e-09,2.9437194209603414,0
8.770914207103552,0.4801763338026483,0.1337292359179262,0.04831814697883059,0.05469799182577774,0.20323805474117693,0.06702808516905417,1.3858233307206087e-13,3.3576652100752007e-09,2.9437194209603414,0
8.776153701850927,0.4804636789541461,0.13384700557600224,0.048323741192654805,0.05465750923370463,0.2031818231605501,0.06701531759841736,1.3858233307206087e-13,3.3576652100752007e-09,2.9437194209603414,0
8.7813931965983,0.480751024105644,0.1339647752340782,0.04832933540647901,0.05461702664163153,0.20312559157992333,0.06700255002778054,1.3858233307206087e-13,3.3576652100752007e-09,2.9437194209603414,0
8.786632691345673,0.48103836925714166,0.1340825448921542,0.04833492962030322,0.05457654404955843,0.2030693599992965,0.06698978245714371,1.3858233307206087e-13,3.3576652100752007e-09,2.9437194209603414,0
8.791872186093046,0.4813257144086395,0.13420031455023024,0.04834052383412743,0.05453606145748532,0.20301312841866984,0.0669770148865069,1.3858233307206087e-13,3.3576652100752007e-09,2.9437194209603414,0
8.797111680840421,0.48160014860403305,0.13434205431909238,0.04834027424679115,0.054490554069401995,0.2029214105970945,0.06694959108232433,1.3858233307206087e-13,3.3576652100752007e-09,2.9437194209603414,0
8.802351175587795,0.4818673708200404,0.13449718364202637,0.04833676034865036,0.05444223986167236,0.20280987038311438,0.0669139803976846,1.3858233307206087e-13,3.3576652100752007e-09,2.9437194209603414,0
8.807590670335168,0.4821345930360475,0.13465231296496039,0.04833324645050959,0.054393925653942715,0.20269833016913424,0.06687836971304487,1.3858233307206087e-13,3.3576652100752007e-09,2.9437194209603414,0
8.812830165082541,0.4824018152520546,0.13480744228789437,0.04832973255236882,0.05434561144621308,0.20258678995515414,0.06684275902840514,1.3858233307206087e-13,3.3576652100752007e-09,2.9437194209603414,0
8.818069659829915,0.48266903746806183,0.1349625716108284,0.048326218654228044,0.05429729723848343,0.20247524974117398,0.06680714834376542,1.3858233307206087e-13,3.3576652100752007e-09,2.9437194209603414,0
8.82330915457729,0.482936259684069,0.13511770093376246,0.04832270475608727,0.05424898303075379,0.2023637095271938,0.06677153765912565,1.3858233307206087e-13,3.3576652100752007e-09,2.9437194209603414,0
8.828548649324663,0.48320348190007617,0.13527283025669645,0.04831919085794649,0.054200668823024156,0.20225216931321366,0.06673592697448592,1.3858233307206087e-13,3.3576652100752007e-09,2.9437194209603414,0
8.833788144072036,0.4834707041160834,0.13542795957963047,0.04831567695980572,0.05415235461529452,0.20214062909923355,0.0667003162898462,1.3858233307206087e-13,3.3576652100752007e-09,2.9437194209603414,0
8.83902763881941,0.48373792633209056,0.13558308890256446,0.04831216306166495,0.05410404040756488,0.2020290888852534,0.06666470560520647,1.3858233307206087e-13,3.3576652100752007e-09,2.9437194209603414,0
8.844267133566785,0.48400514854809773,0.13573821822549853,0.04830864916352417,0.05405572619983522,0.20191754867127326,0.0666290949205667,1.3858233307206087e-13,3.3576652100752007e-09,2.9437194209603414,0
8.849506628314158,0.48431591231823773,0.1358966334362268,0.0483039324755576,0.0540097444378746,0.2018325169041696,0.06661273454055923,1.3858233307206087e-13,3.3576652100752007e-09,2.9437194209603414,0
8.854746123061531,0.4846531872765794,0.1360570493286362,0.04829848344378582,0.05396518283442658,0.2017636253607689,0.0666080951121625,1.3858233307206087e-13,3.3576652100752007e-09,2.9437194209603414,0
8.859985617808904,0.48499046223492115,0.1362174652210456,0.048293034412014026,0.05392062123097854,0.20169473381736824,0.06660345568376577,1.3858233307206087e-13,3.3576652100752007e-09,2.9437194209603414,0
8.86522511255628,0.48532773719326294,0.13637788111345509,0.048287585380242234,0.05387605962753048,0.2016258422739676,0.06659881625536905,1.3858233307206087e-13,3.3576652100752007e-09,2.9437194209603414,0
8.870464607303653,0.48566501215160457,0.13653829700586448,0.04828213634847045,0.05383149802408246,0.2015569507305669,0.06659417682697233,1.3858233307206087e-13,3.3576652100752007e-09,2.9437194209603414,0
8.875704102051026,0.48600228710994636,0.1366987128982739,0.04827668731669866,0.05378693642063442,0.20148805918716625,0.0665895373985756,1.3858233307206087e-13,3.3576652100752007e-09,2.9437194209603414,0
8.8809435967984,0.4863395620682881,0.1368591287906833,0.04827123828492687,0.053742374817186384,0.2014191676437656,0.06658489797017887,1.3858233307206087e-13,3.3576652100752007e-09,2.9437194209603414,0
8.886183091545773,0.4866768370266298,0.13701954468309271,0.048265789253155084,0.05369781321373835,0.20135027610036493,0.06658025854178214,1.3858233307206087e-13,3.3576652100752007e-09,2.9437194209603414,0
8.891422586293148,0.4870141119849715,0.13717996057550216,0.04826034022138328,0.0536532516102903,0.2012813845569643,0.0665756191133854,1.3858233307206087e-13,3.3576652100752007e-09,2.9437194209603414,0
8.896662081040521,0.48735138694331326,0.13734037646791158,0.048254891189611494,0.05360869000684226,0.2012124930135636,0.0665709796849887,1.3858233307206087e-13,3.3576652100752007e-09,2.9437194209603414,0
8.901901575787894,0.48772585450186934,0.13750201094439446,0.048249175331662786,0.05355832475998599,0.20117014057885854,0.06656741918742382,1.3858233307206087e-13,3.3576652100752007e-09,2.9437194209603414,0
8.907141070535268,0.48812496215806733,0.13766445273282593,0.048243282701371855,0.05350411459937176,0.20114537030366428,0.06656457348153505,1.3858233307206087e-13,3.3576652100752007e-09,2.9437194209603414,0
8.912380565282643,0.48852406981426555,0.1378268945212575,0.048237390071080924,0.053449904438757516,0.20112060002847007,0.06656172777564626,1.3858233307206087e-13,3.3576652100752007e-09,2.9437194209603414,0
8.917620060030016,0.48892317747046365,0.13798933630968896,0.04823149744078999,0.05339569427814328,0.2010958297532758,0.06655888206975748,1.3858233307206087e-13,3.3576652100752007e-09,2.9437194209603414,0
8.92285955477739,0.48932228512666176,0.13815177809812046,0.04822560481049906,0.05334148411752906,0.20107105947808163,0.06655603636386873,1.3858233307206087e-13,3.3576652100752007e-09,2.9437194209603414,0
8.928099049524763,0.48972139278285975,0.13831421988655196,0.048219712180208145,0.05328727395691483,0.20104628920288736,0.06655319065797993,1.3858233307206087e-13,3.3576652100752007e-09,2.9437194209603414,0
8.933338544272136,0.49012050043905775,0.13847666167498343,0.048213819549917214,0.05323306379630059,0.2010215189276931,0.06655034495209117,1.3858233307206087e-13,3.3576652100752007e-09,2.9437194209603414,0
8.93857803901951,0.4905196080952561,0.138639103463415,0.04820792691962627,0.05317885363568635,0.20099674865249892,0.0665474992462024,1.3858233307206087e-13,3.3576652100752007e-09,2.9437194209603414,0
8.943817533766884,0.490918715751454,0.1388015452518465,0.04820203428933535,0.0531246434750721,0.20097197837730466,0.06654465354031362,1.3858233307206087e-13,3.3576652100752007e-09,2.9437194209603414,0
8.949057028514257,0.4913178234076521,0.13896398704027796,0.04819614165904443,0.053070433314457884,0.2009472081021104,0.06654180783442484,1.3858233307206087e-13,3.3576652100752007e-09,2.9437194209603414,0
8.95429652326163,0.49172038483672237,0.1391148860694143,0.04818107658982668,0.05301897042324257,0.20088489073589433,0.06653049493794433,1.3858233307206087e-13,3.3576652100752007e-09,2.9437194209603414,0
8.959536018009006,0.49212543238678286,0.13925747630198906,0.04815940894603659,0.05296948509232734,0.20079554593777896,0.06651308712409817,1.3858233307206087e-13,3.3576652100752007e-09,2.9437194209603414,0
8.964775512756379,0.4925304799368432,0.1394000665345638,0.04813774130224652,0.05291999976141212,0.20070620113966364,0.06649567931025202,1.3858233307206087e-13,3.3576652100752007e-09,2.9437194209603414,0
8.970015007503752,0.4929355274869035,0.13954265676713853,0.04811607365845644,0.052870514430496875,0.20061685634154822,0.06647827149640587,1.3858233307206087e-13,3.3576652100752007e-09,2.9437194209603414,0
8.975254502251126,0.49334057503696377,0.13968524699971327,0.04809440601466636,0.05282102909958164,0.20052751154343287,0.06646086368255973,1.3858233307206087e-13,3.3576652100752007e-09,2.9437194209603414,0
8.980493996998499,0.49374562258702404,0.139827837232288,0.04807273837087629,0.052771543768666426,0.20043816674531748,0.06644345586871359,1.3858233307206087e-13,3.3576652100752007e-09,2.9437194209603414,0
8.985733491745874,0.49415067013708447,0.13997042746486274,0.048051070727086205,0.05272205843775119,0.20034882194720208,0.06642604805486745,1.3858233307206087e-13,3.3576652100752007e-09,2.9437194209603414,0
8.990972986493247,0.4945557176871447,0.14011301769743748,0.048029403083296125,0.05267257310683596,0.2002594771490868,0.0664086402410213,1.3858233307206087e-13,3.3576652100752007e-09,2.9437194209603414,0
8.99621248124062,0.49496076523720517,0.1402556079300122,0.04800773543950606,0.05262308777592073,0.2001701323509714,0.06639123242717515,1.3858233307206087e-13,3.3576652100752007e-09,2.9437194209603414,0
9.001451975987994,0.49536581278726544,0.14039819816258695,0.04798606779571598,0.05257360244500551,0.20008078755285605,0.06637382461332901,1.3858233307206087e-13,3.3576652100752007e-09,2.9437194209603414,0
9.006691470735369,0.495746060160549,0.14052079314215918,0.047965197334332556,0.052533487036421314,0.20000735257049765,0.06637384083658392,1.3858233307206087e-13,3.3576652100752007e-09,2.9437194209603414,0
9.011930965482742,0.49610693239572556,0.1406277668303231,0.04794494967170434,0.05250069187965827,0.19994634713169965,0.06638746958882404,1.3858233307206087e-13,3.3576652100752007e-09,2.9437194209603414,0
9.017170460230115,0.4964678046309022,0.14073474051848703,0.047924702009076114,0.052467896722895216,0.1998853416929016,0.06640109834106414,1.3858233307206087e-13,3.3576652100752007e-09,2.9437194209603414,0
9.022409954977489,0.49682867686607873,0.14084171420665098,0.0479044543464479,0.05243510156613217,0.19982433625410354,0.06641472709330426,1.3858233307206087e-13,3.3576652100752007e-09,2.9437194209603414,0
9.027649449724864,0.4971895491012555,0.14094868789481493,0.047884206683819666,0.052402306409369104,0.19976333081530545,0.06642835584554438,1.3858233307206087e-13,3.3576652100752007e-09,2.9437194209603414,0
9.032888944472235,0.497550421336432,0.1410556615829789,0.04786395902119145,0.05236951125260604,0.1997023253765074,0.06644198459778448,1.3858233307206087e-13,3.3576652100752007e-09,2.9437194209603414,0
9.03812843921961,0.4979112935716087,0.14116263527114284,0.04784371135856323,0.05233671609584301,0.19964131993770934,0.0664556133500246,1.3858233307206087e-13,3.3576652100752007e-09,2.9437194209603414,0
9.043367933966984,0.49827216580678524,0.14126960895930676,0.047823463695935,0.052303920939079956,0.1995803144989113,0.06646924210226474,1.3858233307206087e-13,3.3576652100752007e-09,2.9437194209603414,0
9.048607428714355,0.49863303804196185,0.1413765826474707,0.0478032160333068,0.05227112578231691,0.1995193090601132,0.06648287085450484,1.3858233307206087e-13,3.3576652100752007e-09,2.9437194209603414,0
9.053846923461732,0.4989939102771386,0.14148355633563467,0.04778296837067857,0.052238330625553844,0.19945830362131517,0.06649649960674495,1.3858233307206087e-13,3.3576652100752007e-09,2.9437194209603414,0
9.059086418209104,0.49937581560370686,0.1415955996957717,0.04775260039836888,0.0522015400549728,0.199394278316275,0.06650911281377643,1.3858233307206087e-13,3.3576652100752007e-09,2.9437194209603414,0
9.06432591295648,0.49977554063270424,0.14171193819466366,0.047713658274801264,0.052161364481018185,0.19932769451344642,0.06652086562833945,1.3858233307206087e-13,3.3576652100752007e-09,2.9437194209603414,0
9.069565407703852,0.5001752656617018,0.14182827669355563,0.04767471615123366,0.05212118890706357,0.1992611107106178,0.06653261844290247,1.3858233307206087e-13,3.3576652100752007e-09,2.9437194209603414,0
9.074804902451229,0.5005749906906993,0.1419446151924476,0.047635774027666035,0.052081013333108925,0.19919452690778922,0.06654437125746548,1.3858233307206087e-13,3.3576652100752007e-09,2.9437194209603414,0
9.0800443971986,0.5009747157196967,0.14206095369133961,0.04759683190409843,0.05204083775915431,0.1991279431049606,0.0665561240720285,1.3858233307206087e-13,3.3576652100752007e-09,2.9437194209603414,0
9.085283891945974,0.5013744407486941,0.1421772921902316,0.04755788978053082,0.05200066218519969,0.19906135930213203,0.06656787688659152,1.3858233307206087e-13,3.3576652100752007e-09,2.9437194209603414,0
9.090523386693349,0.5017741657776915,0.14229363068912354,0.04751894765696322,0.05196048661124506,0.19899477549930347,0.06657962970115455,1.3858233307206087e-13,3.3576652100752007e-09,2.9437194209603414,0
9.09576288144072,0.5021738908066891,0.14240996918801552,0.0474800055333956,0.051920311037290466,0.19892819169647488,0.06659138251571757,1.3858233307206087e-13,3.3576652100752007e-09,2.9437194209603414,0
9.101002376188095,0.5025736158356865,0.14252630768690752,0.047441063409827976,0.05188013546333582,0.19886160789364624,0.06660313533028057,1.3858233307206087e-13,3.3576652100752007e-09,2.9437194209603414,0
9.106241870935468,0.5029733408646839,0.1426426461857995,0.04740212128626037,0.051839959889381206,0.19879502409081765,0.0666148881448436,1.3858233307206087e-13,3.3576652100752007e-09,2.9437194209603414,0
9.111481365682842,0.5033673654640611,0.1427547864698616,0.0473611116077595,0.05180282100573619,0.19866674453509164,0.06662559382369158,1.3858233307206087e-13,3.3576652100752007e-09,2.9437194209603414,0
9.116720860430217,0.5037561555343161,0.14286307166242118,0.0473182033571805,0.05176847062136588,0.19848181166781093,0.06663533795003203,1.3858233307206087e-13,3.3576652100752007e-09,2.9437194209603414,0
9.12196035517759,0.504144945604571,0.14297135685498077,0.047275295106601486,0.05173412023699554,0.1982968788005301,0.06664508207637246,1.3858233307206087e-13,3.3576652100752007e-09,2.9437194209603414,0
9.127199849924963,0.5045337356748258,0.14307964204754042,0.04723238685602249,0.051699769852625234,0.19811194593324932,0.06665482620271289,1.3858233307206087e-13,3.3576652100752007e-09,2.9437194209603414,0
9.132439344672337,0.5049225257450808,0.14318792724010002,0.04718947860544349,0.05166541946825492,0.19792701306596858,0.0666645703290533,1.3858233307206087e-13,3.3576652100752007e-09,2.9437194209603414,0
9.13767883941971,0.5053113158153356,0.14329621243265958,0.04714657035486449,0.051631069083884595,0.19774208019868775,0.06667431445539375,1.3858233307206087e-13,3.3576652100752007e-09,2.9437194209603414,0
9.142918334167083,0.5057001058855904,0.14340449762521917,0.04710366210428549,0.051596718699514287,0.19755714733140706,0.06668405858173418,1.3858233307206087e-13,3.3576652100752007e-09,2.9437194209603414,0
9.148157828914458,0.5060888959558455,0.14351278281777882,0.04706075385370647,0.051562368315143936,0.19737221446412623,0.06669380270807461,1.3858233307206087e-13,3.3576652100752007e-09,2.9437194209603414,0
9.153397323661832,0.5064776860261003,0.14362106801033842,0.047017845603127474,0.05152801793077363,0.19718728159684543,0.06670354683441503,1.3858233307206087e-13,3.3576652100752007e-09,2.9437194209603414,0
9.158636818409205,0.5068664760963552,0.143729353202898,0.046974937352548485,0.05149366754640331,0.19700234872956465,0.06671329096075547,1.3858233307206087e-13,3.3576652100752007e-09,2.9437194209603414,0
9.163876313156578,0.507265155572046,0.1438359931848699,0.046932862280028485,0.05145911428589501,0.19680498288929607,0.0667161667813317,1.3858233307206087e-13,3.3576652100752007e-09,2.9437194209603414,0
9.169115807903951,0.5076736750061459,0.14394099618230702,0.04689161621967717,0.051424359163629405,0.19659524624090455,0.06671220863767258,1.3858233307206087e-13,3.3576652100752007e-09,2.9437194209603414,0
9.174355302651326,0.5080821944402455,0.14404599917974412,0.04685037015932588,0.051389604041363814,0.1963855095925131,0.06670825049401345,1.3858233307206087e-13,3.3576652100752007e-09,2.9437194209603414,0
9.1795947973987,0.508490713874345,0.14415100217718121,0.046809124098974586,0.051354848919098216,0.19617577294412164,0.06670429235035431,1.3858233307206087e-13,3.3576652100752007e-09,2.9437194209603414,0
9.184834292146071,0.5088992333084447,0.1442560051746183,0.04676787803862329,0.05132009379683261,0.1959660362957302,0.06670033420669519,1.3858233307206087e-13,3.3576652100752007e-09,2.9437194209603414,0
9.190073786893448,0.5093077527425443,0.14436100817205544,0.04672663197827199,0.051285338674567006,0.19575629964733865,0.06669637606303606,1.3858233307206087e-13,3.3576652100752007e-09,2.9437194209603414,0
9.19531328164082,0.509716272176644,0.14446601116949254,0.046685385917920694,0.051250583552301415,0.1955465629989472,0.06669241791937693,1.3858233307206087e-13,3.3576652100752007e-09,2.9437194209603414,0
9.200552776388196,0.5101247916107435,0.1445710141669296,0.04664413985756941,0.05121582843003582,0.19533682635055571,0.0666884597757178,1.3858233307206087e-13,3.3576652100752007e-09,2.9437194209603414,0
9.205792271135568,0.5105333110448431,0.1446760171643667,0.04660289379721812,0.051181073307770227,0.1951270897021643,0.06668450163205866,1.3858233307206087e-13,3.3576652100752007e-09,2.9437194209603414,0
9.21103176588294,0.5109418304789427,0.14478102016180383,0.04656164773686682,0.051146318185504636,0.1949173530537728,0.06668054348839954,1.3858233307206087e-13,3.3576652100752007e-09,2.9437194209603414,0
9.216271260630316,0.5113513098525736,0.1448802839682406,0.046516366502658675,0.05110849388558226,0.1947274805776894,0.06668137797807104,1.3858233307206087e-13,3.3576652100752007e-09,2.9437194209603414,0
9.22151075537769,0.5117618241610113,0.1449733602093802,0.046466734846636146,0.05106736062849871,0.19455902416237578,0.06668737952555212,1.3858233307206087e-13,3.3576652100752007e-09,2.9437194209603414,0
9.226750250125065,0.5121723384694491,0.14506643645051978,0.04641710319061362,0.051026227371415156,0.19439056774706212,0.06669338107303319,1.3858233307206087e-13,3.3576652100752007e-09,2.9437194209603414,0
9.231989744872436,0.5125828527778867,0.14515951269165933,0.04636747153459111,0.050985094114331615,0.19422211133174846,0.06669938262051428,1.3858233307206087e-13,3.3576652100752007e-09,2.9437194209603414,0
9.237229239619811,0.5129933670863248,0.14525258893279894,0.04631783987856855,0.05094396085724805,0.19405365491643475,0.06670538416799536,1.3858233307206087e-13,3.3576652100752007e-09,2.9437194209603414,0
9.242468734367185,0.5134038813947625,0.14534566517393852,0.046268208222546035,0.0509028276001645,0.19388519850112107,0.06671138571547644,1.3858233307206087e-13,3.3576652100752007e-09,2.9437194209603414,0
9.247708229114558,0.5138143957032002,0.1454387414150781,0.046218576566523506,0.05086169434308096,0.19371674208580744,0.06671738726295752,1.3858233307206087e-13,3.3576652100752007e-09,2.9437194209603414,0
9.252947723861933,0.514224910011638,0.1455318176562177,0.04616894491050098,0.050820561085997404,0.19354828567049379,0.0667233888104386,1.3858233307206087e-13,3.3576652100752007e-09,2.9437194209603414,0
9.258187218609304,0.5146354243200757,0.14562489389735725,0.04611931325447846,0.05077942782891386,0.19337982925518013,0.06672939035791968,1.3858233307206087e-13,3.3576652100752007e-09,2.9437194209603414,0
9.26342671335668,0.5150459386285137,0.14571797013849683,0.04606968159845591,0.0507382945718303,0.19321137283986642,0.06673539190540077,1.3858233307206087e-13,3.3576652100752007e-09,2.9437194209603414,0
9.268666208104053,0.5154116859407881,0.14581590026653923,0.0460118471665878,0.05069712125432887,0.19308251290718656,0.06675009988857289,1.3858233307206087e-13,3.3576652100752007e-09,2.9437194209603414,0
9.273905702851426,0.5157251239912417,0.14591950205590823,0.0459444279694653,0.05065590112710004,0.19299992060367116,0.06677498115257964,1.3858233307206087e-13,3.3576652100752007e-09,2.9437194209603414,0
9.2791451975988,0.5160385620416952,0.1460231038452773,0.045877008772342805,0.0506146809998712,0.19291732830015573,0.06679986241658639,1.3858233307206087e-13,3.3576652100752007e-09,2.9437194209603414,0
9.284384692346174,0.5163520000921487,0.14612670563464633,0.045809589575220314,0.05057346087264234,0.19283473599664028,0.06682474368059313,1.3858233307206087e-13,3.3576652100752007e-09,2.9437194209603414,0
9.289624187093548,0.516665438142602,0.14623030742401538,0.04574217037809782,0.050532240745413515,0.19275214369312488,0.0668496249445999,1.3858233307206087e-13,3.3576652100752007e-09,2.9437194209603414,0
9.29486368184092,0.5169788761930556,0.1463339092133844,0.04567475118097534,0.050491020618184675,0.19266955138960948,0.06687450620860663,1.3858233307206087e-13,3.3576652100752007e-09,2.9437194209603414,0
9.300103176588294,0.517292314243509,0.14643751100275343,0.045607331983852854,0.050449800490955835,0.19258695908609402,0.06689938747261338,1.3858233307206087e-13,3.3576652100752007e-09,2.9437194209603414,0
9.30534267133567,0.5176057522939624,0.14654111279212248,0.04553991278673034,0.05040858036372699,0.19250436678257857,0.06692426873662016,1.3858233307206087e-13,3.3576652100752007e-09,2.9437194209603414,0
9.310582166083044,0.517919190344416,0.14664471458149153,0.04547249358960786,0.050367360236498154,0.19242177447906317,0.0669491500006269,1.3858233307206087e-13,3.3576652100752007e-09,2.9437194209603414,0
9.315821660830416,0.5182326283948695,0.14674831637086058,0.04540507439248537,0.05032614010926931,0.1923391821755477,0.06697403126463365,1.3858233307206087e-13,3.3576652100752007e-09,2.9437194209603414,0
9.32106115557779,0.5185465895538296,0.14684869655622232,0.04534452385486086,0.050288692694159254,0.19221070676083707,0.06699010745300323,1.3858233307206087e-13,3.3576652100752007e-09,2.9437194209603414,0
9.326300650325162,0.5188612135150452,0.14694499482287043,0.045292676221032065,0.05025602547679059,0.19202409535864615,0.0669950272103098,1.3858233307206087e-13,3.3576652100752007e-09,2.9437194209603414,0
9.331540145072536,0.5191758374762611,0.14704129308951855,0.045240828587203255,0.05022335825942192,0.19183748395645514,0.06699994696761635,1.3858233307206087e-13,3.3576652100752007e-09,2.9437194209603414,0
9.33677963981991,0.5194904614374767,0.14713759135616664,0.04518898095337445,0.05019069104205326,0.19165087255426422,0.06700486672492292,1.3858233307206087e-13,3.3576652100752007e-09,2.9437194209603414,0
9.342019134567284,0.5198050853986923,0.1472338896228147,0.045137133319545664,0.0501580238246846,0.1914642611520733,0.0670097864822295,1.3858233307206087e-13,3.3576652100752007e-09,2.9437194209603414,0
9.347258629314656,0.5201197093599081,0.14733018788946275,0.045085285685716875,0.05012535660731593,0.19127764974988232,0.06701470623953605,1.3858233307206087e-13,3.3576652100752007e-09,2.9437194209603414,0
9.352498124062032,0.5204343333211238,0.14742648615611087,0.045033438051888065,0.050092689389947265,0.19109103834769134,0.06701962599684264,1.3858233307206087e-13,3.3576652100752007e-09,2.9437194209603414,0
9.357737618809406,0.5207489572823395,0.14752278442275893,0.04498159041805927,0.05006002217257861,0.19090442694550042,0.06702454575414919,1.3858233307206087e-13,3.3576652100752007e-09,2.9437194209603414,0
9.36297711355678,0.5210635812435552,0.14761908268940702,0.04492974278423047,0.05002735495520995,0.19071781554330947,0.06702946551145576,1.3858233307206087e-13,3.3576652100752007e-09,2.9437194209603414,0
9.368216608304152,0.5213782052047709,0.1477153809560551,0.04487789515040167,0.04999468773784129,0.19053120414111854,0.06703438526876233,1.3858233307206087e-13,3.3576652100752007e-09,2.9437194209603414,0
9.373456103051526,0.5217090300621221,0.14779586842962106,0.04482458743190801,0.049960810088710644,0.19038354574514393,0.06704116412174581,1.3858233307206087e-13,3.3576652100752007e-09,2.9437194209603414,0
9.3786955977989,0.5220621311516593,0.1478546160626992,0.0447692720970001,0.04992526809590726,0.19028944773271686,0.06705049923128503,1.3858233307206087e-13,3.3576652100752007e-09,2.9437194209603414,0
9.383935092546274,0.5224152322411965,0.14791336369577734,0.04471395676209221,0.049889726103103896,0.1901953497202898,0.06705983434082424,1.3858233307206087e-13,3.3576652100752007e-09,2.9437194209603414,0
9.389174587293647,0.5227683333307338,0.14797211132885546,0.04465864142718433,0.049854184110300535,0.19010125170786277,0.06706916945036347,1.3858233307206087e-13,3.3576652100752007e-09,2.9437194209603414,0
9.39441408204102,0.523121434420271,0.14803085896193355,0.04460332609227645,0.049818642117497175,0.1900071536954357,0.06707850455990268,1.3858233307206087e-13,3.3576652100752007e-09,2.9437194209603414,0
9.399653576788396,0.5234745355098083,0.1480896065950117,0.044548010757368535,0.04978310012469379,0.18991305568300862,0.0670878396694419,1.3858233307206087e-13,3.3576652100752007e-09,2.9437194209603414,0
9.404893071535769,0.5238276365993456,0.14814835422808983,0.044492695422460656,0.04974755813189042,0.18981895767058157,0.06709717477898113,1.3858233307206087e-13,3.3576652100752007e-09,2.9437194209603414,0
9.410132566283142,0.5241807376888827,0.14820710186116795,0.044437380087552776,0.04971201613908705,0.18972485965815453,0.06710650988852034,1.3858233307206087e-13,3.3576652100752007e-09,2.9437194209603414,0
9.415372061030515,0.52453383877842,0.14826584949424604,0.04438206475264488,0.04967647414628369,0.18963076164572748,0.06711584499805956,1.3858233307206087e-13,3.3576652100752007e-09,2.9437194209603414,0
9.420611555777889,0.5248869398679572,0.14832459712732418,0.044326749417737,0.049640932153480324,0.18953666363330043,0.06712518010759878,1.3858233307206087e-13,3.3576652100752007e-09,2.9437194209603414,0
9.425851050525264,0.5252443229936562,0.1483735700451786,0.04426988548523197,0.049608763209929276,0.18940960227664252,0.06712422446258404,1.3858233307206087e-13,3.3576652100752007e-09,2.9437194209603414,0
9.431090545272635,0.5256081024108717,0.14840794198216756,0.044210708335066226,0.04958163275869892,0.18923330192453977,0.0671078970029543,1.3858233307206087e-13,3.3576652100752007e-09,2.9437194209603414,0
9.43633004002001,0.5259718818280874,0.14844231391915655,0.04415153118490049,0.04955450230746855,0.1890570015724371,0.06709156954332458,1.3858233307206087e-13,3.3576652100752007e-09,2.9437194209603414,0
9.441569534767384,0.5263356612453027,0.1484766858561455,0.04409235403473475,0.04952737185623819,0.18888070122033437,0.06707524208369486,1.3858233307206087e-13,3.3576652100752007e-09,2.9437194209603414,0
9.44680902951476,0.5266994406625184,0.14851105779313445,0.044033176884569,0.049500241405007826,0.18870440086823162,0.06705891462406513,1.3858233307206087e-13,3.3576652100752007e-09,2.9437194209603414,0
9.452048524262132,0.5270632200797338,0.14854542973012347,0.04397399973440326,0.04947311095377746,0.18852810051612892,0.06704258716443541,1.3858233307206087e-13,3.3576652100752007e-09,2.9437194209603414,0
9.457288019009503,0.5274269994969495,0.14857980166711243,0.043914822584237526,0.049445980502547095,0.18835180016402622,0.06702625970480568,1.3858233307206087e-13,3.3576652100752007e-09,2.9437194209603414,0
9.46252751375688,0.527790778914165,0.14861417360410145,0.04385564543407179,0.04941885005131674,0.18817549981192355,0.06700993224517596,1.3858233307206087e-13,3.3576652100752007e-09,2.9437194209603414,0
9.467767008504254,0.5281545583313807,0.1486485455410904,0.043796468283906036,0.04939171960008637,0.18799919945982077,0.06699360478554622,1.3858233307206087e-13,3.3576652100752007e-09,2.9437194209603414,0
9.473006503251629,0.5285183377485961,0.14868291747807932,0.043737291133740294,0.04936458914885602,0.18782289910771807,0.0669772773259165,1.3858233307206087e-13,3.3576652100752007e-09,2.9437194209603414,0
9.478245997999,0.5288718050292759,0.14871261935149768,0.043679043383607605,0.049338542956497124,0.18766695464100083,0.06696403086380051,1.3858233307206087e-13,3.3576652100752007e-09,2.9437194209603414,0
9.483485492746372,0.5292085150880846,0.1487347323716136,0.04362230590852862,0.049314258684804366,0.187544088488035,0.06695579102264437,1.3858233307206087e-13,3.3576652100752007e-09,2.9437194209603414,0
9.488724987493748,0.5295452251468933,0.1487568453917296,0.04356556843344962,0.049289974413111615,0.1874212223350691,0.06694755118148824,1.3858233307206087e-13,3.3576652100752007e-09,2.9437194209603414,0
9.493964482241122,0.5298819352057024,0.14877895841184563,0.04350883095837061,0.049265690141418836,0.1872983561821032,0.06693931134033207,1.3858233307206087e-13,3.3576652100752007e-09,2.9437194209603414,0
9.499203976988497,0.5302186452645111,0.14880107143196158,0.04345209348329162,0.049241405869726085,0.1871754900291373,0.06693107149917593,1.3858233307206087e-13,3.3576652100752007e-09,2.9437194209603414,0
9.504443471735868,0.5305553553233199,0.14882318445207757,0.04339535600821263,0.04921712159803333,0.18705262387617147,0.0669228316580198,1.3858233307206087e-13,3.3576652100752007e-09,2.9437194209603414,0
9.509682966483242,0.5308920653821286,0.14884529747219355,0.04333861853313364,0.049192837326340576,0.18692975772320558,0.06691459181686364,1.3858233307206087e-13,3.3576652100752007e-09,2.9437194209603414,0
9.514922461230617,0.5312287754409376,0.14886741049230956,0.043281881058054625,0.04916855305464781,0.18680689157023966,0.06690635197570748,1.3858233307206087e-13,3.3576652100752007e-09,2.9437194209603414,0
9.52016195597799,0.5315654854997464,0.14888952351242551,0.04322514358297563,0.04914426878295506,0.18668402541727383,0.06689811213455134,1.3858233307206087e-13,3.3576652100752007e-09,2.9437194209603414,0
9.525401450725363,0.5319021955585551,0.1489116365325415,0.043168406107896636,0.049119984511262295,0.1865611592643079,0.0668898722933952,1.142311798407505e-16,3.3576652100752007e-09,2.9437194209603414,0
9.530640945472737,0.532228876623645,0.1489290360189133,0.04311229243951732,0.049098453959539816,0.18643370012091945,0.06688791988950185,1.142311798407505e-16,3.3576652100752007e-09,2.9437194209603414,0
9.53588044022011,0.5325377980123575,0.14893808862261315,0.04305728342883537,0.049081799786931356,0.18629810755699072,0.06689710148909472,1.142311798407505e-16,3.3576652100752007e-09,2.9437194209603414,0
9.541119934967483,0.5328467194010701,0.14894714122631303,0.043002274418153394,0.04906514561432288,0.186162514993062,0.06690628308868758,1.142311798407505e-16,3.3576652100752007e-09,2.9437194209603414,0
9.546359429714858,0.5331556407897824,0.14895619383001285,0.04294726540747144,0.049048491441714415,0.1860269224291333,0.06691546468828044,1.142311798407505e-16,3.3576652100752007e-09,2.9437194209603414,0
9.551598924462231,0.5334645621784951,0.14896524643371273,0.04289225639678949,0.049031837269105955,0.18589132986520462,0.0669246462878733,1.142311798407505e-16,3.3576652100752007e-09,2.9437194209603414,0
9.556838419209605,0.5337734835672073,0.14897429903741258,0.04283724738610752,0.04901518309649748,0.18575573730127595,0.06693382788746616,1.142311798407505e-16,1.179288233997122e-13,2.9437194209603414,0
9.56207791395698,0.53408240495592,0.1489833516411124,0.042782238375425545,0.048998528923889006,0.18562014473734723,0.06694300948705903,1.142311798407505e-16,1.179288233997122e-13,2.9437194209603414,0
9.567317408704351,0.5343913263446324,0.1489924042448123,0.04272722936474359,0.048981874751280546,0.1854845521734185,0.06695219108665189,1.142311798407505e-16,1.179288233997122e-13,2.9437194209603414,0
9.572556903451726,0.534700247733345,0.14900145684851213,0.04267222035406164,0.04896522057867208,0.18534895960948986,0.06696137268624476,1.142311798407505e-16,1.179288233997122e-13,2.9437194209603414,0
9.5777963981991,0.5350091691220573,0.14901050945221198,0.042617211343379674,0.04894856640606362,0.18521336704556118,0.06697055428583763,1.142311798407505e-16,1.179288233997122e-13,2.9437194209603414,0
9.583035892946471,0.5352938341913662,0.14902893899758132,0.04256239643661174,0.0489321088622111,0.18509171264566668,0.06698186413342753,1.142311798407505e-16,1.179288233997122e-13,2.9437194209603414,0
9.588275387693848,0.5355315918194752,0.14906550189338505,0.04250795689255989,0.04891603156367337,0.18499701219533835,0.06699728963707055,1.142311798407505e-16,1.179288233997122e-13,2.9437194209603414,0
9.59351488244122,0.5357693494475843,0.1491020647891888,0.04245351734850806,0.048899954265135645,0.18490231174501004,0.06701271514071358,1.142311798407505e-16,1.179288233997122e-13,2.9437194209603414,0
9.598754377188596,0.5360071070756932,0.1491386276849925,0.04239907780445622,0.04888387696659792,0.18480761129468176,0.0670281406443566,1.142311798407505e-16,1.179288233997122e-13,2.9437194209603414,0
9.603993871935968,0.5362448647038021,0.14917519058079623,0.04234463826040438,0.0488677996680602,0.18471291084435346,0.06704356614799961,1.142311798407505e-16,1.179288233997122e-13,2.9437194209603414,0
9.609233366683345,0.5364826223319111,0.14921175347659996,0.042290198716352534,0.04885172236952246,0.18461821039402512,0.06705899165164264,1.142311798407505e-16,1.179288233997122e-13,2.9437194209603414,0
9.614472861430716,0.5367203799600201,0.1492483163724037,0.0422357591723007,0.04883564507098474,0.18452350994369682,0.06707441715528566,1.142311798407505e-16,1.179288233997122e-13,2.9437194209603414,0
9.61971235617809,0.536958137588129,0.14928487926820738,0.04218131962824887,0.04881956777244702,0.1844288094933685,0.06708984265892869,1.142311798407505e-16,1.179288233997122e-13,2.9437194209603414,0
9.624951850925465,0.5371958952162381,0.14932144216401116,0.042126880084197044,0.0488034904739093,0.18433410904304023,0.0671052681625717,1.142311798407505e-16,1.179288233997122e-13,2.9437194209603414,0
9.630191345672838,0.5374336528443472,0.1493580050598149,0.04207244054014519,0.04878741317537156,0.18423940859271187,0.06712069366621473,1.142311798407505e-16,1.179288233997122e-13,2.9437194209603414,0
9.635430840420211,0.5376510766892997,0.14938150215941912,0.042016836266578886,0.04877279177873037,0.1841488546260836,0.06713771288489843,1.142311798407505e-16,1.179288233997122e-13,2.9437194209603414,0
9.640670335167584,0.5378254501027261,0.14937733651863216,0.041958766042243675,0.048761252799385715,0.18406707954291396,0.0671581062971448,1.142311798407505e-16,1.179288233997122e-13,2.9437194209603414,0
9.645909829914958,0.5379998235161523,0.14937317087784527,0.04190069581790846,0.04874971382004106,0.18398530445974431,0.06717849970939119,1.142311798407505e-16,1.179288233997122e-13,2.9437194209603414,0
9.651149324662333,0.5381741969295786,0.14936900523705834,0.04184262559357324,0.04873817484069641,0.18390352937657467,0.06719889312163754,1.142311798407505e-16,1.179288233997122e-13,2.9437194209603414,0
9.656388819409706,0.5383485703430049,0.1493648395962714,0.041784555369238016,0.04872663586135173,0.183821754293405,0.06721928653388391,1.142311798407505e-16,1.179288233997122e-13,2.9437194209603414,0
9.66162831415708,0.5385229437564311,0.1493606739554845,0.041726485144902806,0.048715096882007085,0.18373997921023533,0.06723967994613028,1.142311798407505e-16,1.179288233997122e-13,2.9437194209603414,0
9.666867808904453,0.5386973171698575,0.14935650831469752,0.041668414920567595,0.048703557902662425,0.1836582041270657,0.06726007335837667,1.142311798407505e-16,1.179288233997122e-13,2.9437194209603414,0
9.672107303651826,0.5388716905832838,0.14935234267391065,0.04161034469623238,0.04869201892331777,0.18357642904389607,0.06728046677062303,1.142311798407505e-16,1.179288233997122e-13,2.9437194209603414,0
9.6773467983992,0.5390460639967101,0.14934817703312367,0.041552274471897147,0.04868047994397312,0.18349465396072634,0.06730086018286942,1.142311798407505e-16,1.179288233997122e-13,2.9437194209603414,0
9.682586293146574,0.5392204374101364,0.14934401139233677,0.041494204247561936,0.04866894096462846,0.18341287887755672,0.06732125359511579,1.142311798407505e-16,1.179288233997122e-13,2.9437194209603414,0
9.687825787893948,0.5393892475929538,0.14933696005013133,0.041437688476009954,0.04865782413009917,0.18330645880706617,0.06733780267594597,1.142311798407505e-16,1.179288233997122e-13,2.9437194209603414,0
9.69306528264132,0.5395451232646057,0.1493231994521278,0.041384786807179,0.04864768878226559,0.18314273914105453,0.06734541368623352,1.142311798407505e-16,1.179288233997122e-13,2.9437194209603414,0
9.698304777388694,0.5397009989362574,0.14930943885412426,0.041331885138348005,0.04863755343443201,0.18297901947504286,0.06735302469652106,1.142311798407505e-16,1.179288233997122e-13,2.9437194209603414,0
9.70354427213607,0.5398568746079094,0.14929567825612072,0.04127898346951703,0.048627418086598435,0.1828152998090312,0.06736063570680861,1.142311798407505e-16,1.179288233997122e-13,2.9437194209603414,0
9.708783766883442,0.5400127502795612,0.14928191765811719,0.04122608180068607,0.04861728273876485,0.18265158014301955,0.06736824671709617,1.142311798407505e-16,1.179288233997122e-13,2.9437194209603414,0
9.714023261630816,0.540168625951213,0.14926815706011362,0.041173180131855086,0.048607147390931284,0.18248786047700788,0.0673758577273837,1.142311798407505e-16,1.179288233997122e-13,2.9437194209603414,0
9.719262756378187,0.5403245016228648,0.1492543964621101,0.04112027846302412,0.0485970120430977,0.18232414081099627,0.06738346873767126,1.142311798407505e-16,1.179288233997122e-13,2.9437194209603414,0
9.724502251125564,0.5404803772945168,0.14924063586410657,0.04106737679419313,0.04858687669526412,0.18216042114498454,0.06739107974795881,1.142311798407505e-16,1.179288233997122e-13,2.9437194209603414,0
9.729741745872936,0.5406362529661686,0.149226875266103,0.04101447512536217,0.04857674134743054,0.1819967014789729,0.06739869075824637,1.142311798407505e-16,1.179288233997122e-13,2.9437194209603414,0
9.73498124062031,0.5407921286378203,0.14921311466809947,0.040961573456531196,0.04856660599959696,0.1818329818129613,0.06740630176853393,1.142311798407505e-16,1.179288233997122e-13,2.9437194209603414,0
9.740220735367684,0.5409480414676205,0.14919952736758507,0.04090902299449829,0.04855773100631146,0.18168445490111507,0.06741909624842495,1.142311798407505e-16,1.179288233997122e-13,2.9437194209603414,0
9.745460230115055,0.541104049515176,0.14918638414188642,0.04085737249988544,0.0485520856715554,0.1815748594218178,0.06744517336917494,1.142311798407505e-16,1.179288233997122e-13,2.9437194209603414,0
9.750699724862432,0.5412600575627315,0.14917324091618783,0.0408057220052726,0.04854644033679935,0.1814652639425205,0.06747125048992492,1.142311798407505e-16,1.179288233997122e-13,2.9437194209603414,0
9.755939219609806,0.5414160656102869,0.14916009769048916,0.04075407151065975,0.0485407950020433,0.18135566846322318,0.0674973276106749,1.142311798407505e-16,1.179288233997122e-13,2.9437194209603414,0
9.76117871435718,0.5415720736578423,0.1491469544647905,0.04070242101604691,0.048535149667287246,0.18124607298392592,0.06752340473142486,1.142311798407505e-16,1.179288233997122e-13,2.9437194209603414,0
9.766418209104552,0.5417280817053977,0.14913381123909192,0.04065077052143406,0.04852950433253119,0.1811364775046286,0.06754948185217485,1.142311798407505e-16,1.179288233997122e-13,2.9437194209603414,0
9.771657703851927,0.5418840897529531,0.14912066801339327,0.04059912002682121,0.04852385899777512,0.1810268820253313,0.06757555897292482,1.142311798407505e-16,1.179288233997122e-13,2.9437194209603414,0
9.7768971985993,0.5420400978005085,0.14910752478769465,0.04054746953220837,0.048518213663019075,0.18091728654603403,0.0676016360936748,1.142311798407505e-16,1.179288233997122e-13,2.9437194209603414,0
9.782136693346674,0.542196105848064,0.149094381561996,0.04049581903759552,0.04851256832826301,0.18080769106673672,0.06762771321442476,1.142311798407505e-16,1.179288233997122e-13,2.9437194209603414,0
9.787376188094049,0.5423521138956193,0.14908123833629738,0.04044416854298269,0.04850692299350696,0.18069809558743946,0.06765379033517474,1.142311798407505e-16,1.179288233997122e-13,2.9437194209603414,0
9.792615682841422,0.5424837611034079,0.14906861031603372,0.04038990816978348,0.04850256690867571,0.18060385213182104,0.06767858367900811,1.142311798407505e-16,1.179288233997122e-13,2.9437194209603414,0
9.797855177588795,0.5425463078522429,0.1490574436958019,0.040328244775594185,0.04850186783084271,0.18055315528183047,0.06769973554024149,1.142311798407505e-16,1.179288233997122e-13,2.9437194209603414,0
9.803094672336169,0.542608854601078,0.1490462770755701,0.040266581381404896,0.04850116875300971,0.1805024584318398,0.06772088740147485,1.142311798407505e-16,1.179288233997122e-13,2.9437194209603414,0
9.808334167083542,0.542671401349913,0.14903511045533824,0.0402049179872156,0.0485004696751767,0.1804517615818492,0.06774203926270822,1.142311798407505e-16,1.179288233997122e-13,2.9437194209603414,0
9.813573661830915,0.5427339480987479,0.14902394383510645,0.04014325459302631,0.04849977059734371,0.18040106473185855,0.0677631911239416,1.142311798407505e-16,1.179288233997122e-13,2.9437194209603414,0
9.81881315657829,0.542796494847583,0.1490127772148747,0.040081591198837,0.048499071519510696,0.18035036788186787,0.06778434298517495,1.142311798407505e-16,1.179288233997122e-13,2.9437194209603414,0
9.824052651325664,0.542859041596418,0.14900161059464287,0.040019927804647706,0.04849837244167769,0.18029967103187727,0.06780549484640833,1.142311798407505e-16,1.179288233997122e-13,2.9437194209603414,0
9.829292146073035,0.5429215883452528,0.14899044397441105,0.03995826441045842,0.048497673363844696,0.1802489741818866,0.06782664670764169,1.142311798407505e-16,1.179288233997122e-13,2.9437194209603414,0
9.83453164082041,0.5429841350940879,0.14897927735417926,0.03989660101626912,0.04849697428601168,0.180198277331896,0.06784779856887506,1.142311798407505e-16,1.179288233997122e-13,2.9437194209603414,0
9.839771135567783,0.5430466818429228,0.14896811073394745,0.03983493762207982,0.04849627520817868,0.18014758048190535,0.06786895043010842,1.142311798407505e-16,1.179288233997122e-13,2.9437194209603414,0
9.84501063031516,0.543114542325317,0.14895557881674445,0.039776834612429646,0.0484961482549036,0.1801038946982355,0.0678928931332647,1.142311798407505e-16,1.179288233997122e-13,2.9437194209603414,0
9.850250125062532,0.543199174279257,0.148938737680976,0.03972996906648112,0.04849782706976453,0.18008233759264064,0.06792564443124009,1.142311798407505e-16,1.179288233997122e-13,2.9437194209603414,0
9.855489619809903,0.543283806233197,0.14892189654520763,0.03968310352053258,0.04849950588462544,0.1800607804870458,0.0679583957292155,1.142311798407505e-16,1.179288233997122e-13,2.9437194209603414,0
9.860729114557278,0.5433684381871371,0.1489050554094392,0.039636237974584064,0.048501184699486354,0.18003922338145092,0.06799114702719092,1.142311798407505e-16,1.179288233997122e-13,2.9437194209603414,0
9.865968609304652,0.5434530701410772,0.1488882142736708,0.039589372428635514,0.04850286351434727,0.1800176662758561,0.06802389832516634,1.142311798407505e-16,1.179288233997122e-13,2.9437194209603414,0
9.871208104052029,0.5435377020950174,0.14887137313790239,0.03954250688268698,0.04850454232920817,0.17999610917026126,0.06805664962314174,1.142311798407505e-16,1.179288233997122e-13,2.9437194209603414,0
9.8764475987994,0.5436223340489573,0.148854532002134,0.03949564133673844,0.0485062211440691,0.17997455206466642,0.06808940092111715,1.142311798407505e-16,1.179288233997122e-13,2.9437194209603414,0
9.881687093546772,0.5437069660028975,0.14883769086636556,0.03944877579078992,0.04850789995893001,0.17995299495907152,0.06812215221909255,1.142311798407505e-16,1.179288233997122e-13,2.9437194209603414,0
9.886926588294148,0.5437915979568376,0.14882084973059717,0.039401910244841375,0.048509578773790925,0.17993143785347668,0.06815490351706797,1.142311798407505e-16,1.179288233997122e-13,2.9437194209603414,0
9.892166083041522,0.5438762299107776,0.14880400859482878,0.039355044698892845,0.04851125758865184,0.17990988074788186,0.06818765481504338,1.142311798407505e-16,1.179288233997122e-13,2.9437194209603414,0
9.897405577788897,0.5439505722885186,0.14877786973775373,0.039306124032554415,0.04851471249048492,0.17987686196038802,0.06822071823794919,1.142311798407505e-16,1.179288233997122e-13,2.9437194209603414,0
9.902645072536268,0.5439885503685558,0.14871887188833371,0.03924994038392896,0.04852444424514008,0.1798033365470922,0.06825488473873395,1.142311798407505e-16,1.179288233997122e-13,2.9437194209603414,0
9.907884567283643,0.5440265284485929,0.1486598740389137,0.03919375673530349,0.04853417599979525,0.1797298111337964,0.06828905123951874,1.142311798407505e-16,1.179288233997122e-13,2.9437194209603414,0
9.913124062031017,0.5440645065286301,0.1486008761894937,0.03913757308667805,0.04854390775445042,0.17965628572050057,0.06832321774030352,1.142311798407505e-16,1.179288233997122e-13,2.9437194209603414,0
9.91836355677839,0.5441024846086675,0.14854187834007368,0.039081389438052595,0.04855363950910558,0.17958276030720477,0.06835738424108831,1.142311798407505e-16,1.179288233997122e-13,2.9437194209603414,0
9.923603051525763,0.5441404626887045,0.14848288049065367,0.039025205789427156,0.048563371263760736,0.1795092348939089,0.06839155074187307,1.142311798407505e-16,1.179288233997122e-13,2.9437194209603414,0
9.928842546273136,0.5441784407687419,0.14842388264123366,0.03896902214080169,0.0485731030184159,0.1794357094806131,0.06842571724265782,1.142311798407505e-16,1.179288233997122e-13,2.9437194209603414,0
9.934082041020512,0.544216418848779,0.14836488479181362,0.03891283849217622,0.04858283477307107,0.17936218406731724,0.06845988374344263,1.142311798407505e-16,1.179288233997122e-13,2.9437194209603414,0
9.939321535767885,0.5442543969288163,0.14830588694239363,0.03885665484355076,0.04859256652772624,0.17928865865402144,0.0684940502442274,1.142311798407505e-16,1.179288233997122e-13,2.9437194209603414,0
9.944561030515258,0.5442923750088534,0.14824688909297362,0.03880047119492532,0.0486022982823814,0.17921513324072563,0.06852821674501218,1.142311798407505e-16,1.179288233997122e-13,2.9437194209603414,0
9.949800525262631,0.5443309299940332,0.1481873405280542,0.0387443255554431,0.048611168376578896,0.17914885790643373,0.06855795403818651,1.142311798407505e-16,1.179288233997122e-13,2.9437194209603414,0
9.955040020010006,0.5443717853884686,0.1481255959850811,0.038688331477419485,0.048616602599701415,0.17911149226216996,0.06857002986601428,1.142311798407505e-16,1.179288233997122e-13,2.9437194209603414,0
9.96027951475738,0.5444126407829041,0.148063851442108,0.03863233739939588,0.048622036822823934,0.17907412661790625,0.06858210569384202,1.142311798407505e-16,1.179288233997122e-13,2.9437194209603414,0
9.965519009504751,0.5444534961773395,0.1480021068991349,0.038576343321372275,0.048627471045946453,0.1790367609736425,0.06859418152166978,1.142311798407505e-16,1.179288233997122e-13,2.9437194209603414,0
9.970758504252126,0.5444943515717748,0.14794036235616181,0.03852034924334868,0.04863290526906898,0.17899939532937875,0.06860625734949752,1.142311798407505e-16,1.179288233997122e-13,2.9437194209603414,0
9.9759979989995,0.5445352069662103,0.14787861781318873,0.03846435516532508,0.048638339492191505,0.17896202968511501,0.06861833317732528,1.142311798407505e-16,1.179288233997122e-13,2.9437194209603414,0
9.981237493746876,0.5445760623606456,0.1478168732702156,0.03840836108730146,0.048643773715314025,0.17892466404085125,0.06863040900515305,1.142311798407505e-16,1.179288233997122e-13,2.9437194209603414,0
9.986476988494248,0.544616917755081,0.1477551287272425,0.03835236700927786,0.04864920793843655,0.1788872983965875,0.06864248483298079,1.142311798407505e-16,1.179288233997122e-13,2.9437194209603414,0
9.99171648324162,0.5446577731495165,0.14769338418426942,0.038296372931254256,0.04865464216155907,0.1788499327523238,0.06865456066080852,1.142311798407505e-16,1.179288233997122e-13,2.9437194209603414,0
9.996955977988994,0.544698628543952,0.14763163964129633,0.03824037885323065,0.048660076384681596,0.17881256710806004,0.06866663648863629,1.142311798407505e-16,1.179288233997122e-13,2.9437194209603414,0
10.00219547273637,0.5447391251288141,0.14757056520914816,0.038185534237493456,0.048664504742180745,0.1787769831374118,0.06868045288540583,1.142311798407505e-16,1.179288233997122e-13,2.9437194209603414,0
10.007434967483745,0.5447779921201975,0.1475125341969968,0.038135910096307096,0.04866436479330706,0.17874949093443404,0.06870217436611935,1.142311798407505e-16,1.179288233997122e-13,2.9437194209603414,0
10.012674462231116,0.544816859111581,0.14745450318484546,0.03808628595512074,0.04866422484443339,0.17872199873145628,0.06872389584683285,1.142311798407505e-16,1.179288233997122e-13,2.9437194209603414,0
10.01791395697849,0.5448557261029646,0.1473964721726941,0.03803666181393438,0.04866408489555971,0.17869450652847851,0.06874561732754635,1.142311798407505e-16,1.179288233997122e-13,2.9437194209603414,0
10.023153451725864,0.544894593094348,0.1473384411605428,0.03798703767274802,0.04866394494668603,0.17866701432550075,0.06876733880825987,1.142311798407505e-16,1.179288233997122e-13,2.9437194209603414,0
10.028392946473238,0.5449334600857314,0.14728041014839138,0.037937413531561645,0.048663804997812345,0.17863952212252304,0.06878906028897337,1.142311798407505e-16,1.179288233997122e-13,2.9437194209603414,0
10.033632441220613,0.5449723270771148,0.14722237913624003,0.03788778939037528,0.048663665048938674,0.17861202991954525,0.06881078176968687,1.142311798407505e-16,1.179288233997122e-13,2.9437194209603414,0
10.038871935967984,0.5450111940684984,0.14716434812408868,0.03783816524918892,0.048663525100065,0.17858453771656752,0.06883250325040038,1.142311798407505e-16,1.179288233997122e-13,2.9437194209603414,0
10.044111430715358,0.5450500610598819,0.14710631711193736,0.03778854110800256,0.04866338515119133,0.17855704551358975,0.06885422473111388,1.142311798407505e-16,1.179288233997122e-13,2.9437194209603414,0
10.049350925462733,0.5450889280512654,0.14704828609978596,0.03773891696681618,0.04866324520231765,0.178529553310612,0.06887594621182741,1.142311798407505e-16,1.179288233997122e-13,2.9437194209603414,0
10.054590420210106,0.5451209273489869,0.14699032846261334,0.0376891714021182,0.048662482410212614,0.17849739196815437,0.0688941807300692,1.142311798407505e-16,1.179288233997122e-13,2.9437194209603414,0
10.05982991495748,0.5451169785626965,0.1469327548975951,0.03763879026122659,0.04865845942306843,0.17844079059873205,0.06889416317912314,1.142311798407505e-16,1.179288233997122e-13,2.9437194209603414,0
10.065069409704853,0.5451130297764062,0.1468751813325768,0.03758840912033497,0.04865443643592425,0.17838418922930976,0.06889414562817708,1.142311798407505e-16,1.179288233997122e-13,2.9437194209603414,0
10.070308904452228,0.5451090809901158,0.14681760776755848,0.037538027979443334,0.048650413448780065,0.17832758785988742,0.06889412807723103,1.142311798407505e-16,1.179288233997122e-13,2.9437194209603414,0
10.0755483991996,0.5451051322038255,0.14676003420254022,0.03748764683855172,0.04864639046163589,0.17827098649046505,0.06889411052628498,1.142311798407505e-16,1.179288233997122e-13,2.9437194209603414,0
10.080787893946974,0.545101183417535,0.14670246063752193,0.0374372656976601,0.0486423674744917,0.17821438512104276,0.06889409297533892,1.142311798407505e-16,1.179288233997122e-13,2.9437194209603414,0
10.086027388694347,0.5450972346312447,0.14664488707250367,0.03738688455676849,0.048638344487347523,0.17815778375162045,0.06889407542439287,1.142311798407505e-16,1.179288233997122e-13,2.9437194209603414,0
10.09126688344172,0.5450932858449544,0.14658731350748536,0.037336503415876875,0.048634321500203345,0.1781011823821981,0.06889405787344681,1.142311798407505e-16,1.179288233997122e-13,2.9437194209603414,0
10.096506378189096,0.5450893370586641,0.14652973994246704,0.03728612227498524,0.04863029851305917,0.17804458101277573,0.06889404032250077,1.142311798407505e-16,1.179288233997122e-13,2.9437194209603414,0
10.101745872936467,0.5450853882723737,0.1464721663774488,0.03723574113409363,0.04862627552591499,0.17798797964335344,0.0688940227715547,1.142311798407505e-16,1.179288233997122e-13,2.9437194209603414,0
10.106985367683842,0.5450585594202123,0.14641205933606813,0.03718454028142783,0.048621416678252365,0.17793254475623907,0.06889499648190002,1.142311798407505e-16,1.179288233997122e-13,2.9437194209603414,0
10.112224862431216,0.5448915901645912,0.1463364347519679,0.037128318694145256,0.04861143818491428,0.1778842545732612,0.068902041667655,1.142311798407505e-16,1.179288233997122e-13,2.9437194209603414,0
10.11746435717859,0.54472462090897,0.14626081016786768,0.03707209710686266,0.04860145969157619,0.17783596439028335,0.06890908685340999,1.142311798407505e-16,1.179288233997122e-13,2.9437194209603414,0
10.122703851925964,0.5445576516533488,0.1461851855837675,0.03701587551958009,0.04859148119823811,0.17778767420730548,0.06891613203916495,1.142311798407505e-16,1.179288233997122e-13,2.9437194209603414,0
10.127943346673336,0.5443906823977277,0.1461095609996673,0.036959653932297526,0.048581502704900026,0.17773938402432765,0.06892317722491992,1.142311798407505e-16,1.179288233997122e-13,2.9437194209603414,0
10.13318284142071,0.5442237131421066,0.14603393641556708,0.036903432345014954,0.048571524211561946,0.1776910938413498,0.06893022241067491,1.142311798407505e-16,1.179288233997122e-13,2.9437194209603414,0
10.138422336168084,0.5440567438864855,0.14595831183146687,0.036847210757732375,0.04856154571822387,0.17764280365837198,0.06893726759642987,1.142311798407505e-16,1.179288233997122e-13,2.9437194209603414,0
10.14366183091546,0.5438897746308643,0.14588268724736664,0.03679098917044979,0.048551567224885774,0.1775945134753941,0.06894431278218487,1.142311798407505e-16,1.179288233997122e-13,2.9437194209603414,0
10.148901325662832,0.5437228053752432,0.14580706266326643,0.03673476758316721,0.04854158873154769,0.17754622329241623,0.06895135796793983,1.142311798407505e-16,1.179288233997122e-13,2.9437194209603414,0
10.154140820410204,0.543555836119622,0.14573143807916622,0.03667854599588464,0.048531610238209615,0.1774979331094384,0.06895840315369482,1.142311798407505e-16,1.179288233997122e-13,2.9437194209603414,0
10.15938031515758,0.5433666914356798,0.14565400692781702,0.03662306559164597,0.04852159930082073,0.1774560435284874,0.06896149226539197,1.142311798407505e-16,1.179288233997122e-13,2.9437194209603414,0
10.164619809904954,0.5430153889321405,0.1455633652534596,0.03657300508841586,0.048511351116310414,0.17746095834985773,0.0689356525855411,1.142311798407505e-16,1.179288233997122e-13,2.9437194209603414,0
10.169859304652327,0.5426640864286012,0.14547272357910215,0.036522944585185756,0.04850110293180011,0.1774658731712281,0.06890981290569027,1.142311798407505e-16,1.179288233997122e-13,2.9437194209603414,0
10.1750987993997,0.542312783925062,0.14538208190474475,0.03647288408195566,0.048490854747289806,0.17747078799259844,0.06888397322583945,1.142311798407505e-16,1.179288233997122e-13,2.9437194209603414,0
10.180338294147074,0.5419614814215227,0.14529144023038731,0.03642282357872556,0.0484806065627795,0.1774757028139688,0.0688581335459886,1.142311798407505e-16,1.179288233997122e-13,2.9437194209603414,0
10.185577788894449,0.5416101789179834,0.14520079855602985,0.03637276307549546,0.048470358378269185,0.17748061763533915,0.06883229386613776,1.142311798407505e-16,1.179288233997122e-13,2.9437194209603414,0
10.190817283641822,0.541258876414444,0.14511015688167242,0.03632270257226534,0.048460110193758864,0.17748553245670948,0.06880645418628692,1.142311798407505e-16,1.179288233997122e-13,2.9437194209603414,0
10.196056778389195,0.5409075739109046,0.145019515207315,0.036272642069035244,0.048449862009248564,0.17749044727807986,0.06878061450643608,1.142311798407505e-16,1.179288233997122e-13,2.9437194209603414,0
10.201296273136569,0.5405562714073654,0.14492887353295758,0.03622258156580515,0.048439613824738256,0.1774953620994502,0.06875477482658525,1.142311798407505e-16,1.179288233997122e-13,2.9437194209603414,0
10.206535767883942,0.5402049689038262,0.14483823185860012,0.03617252106257504,0.04842936564022795,0.17750027692082057,0.06872893514673441,1.142311798407505e-16,1.179288233997122e-13,2.9437194209603414,0
10.211775262631315,0.5398323698069836,0.14474206554983993,0.036121626530043575,0.048419082495662465,0.1774957118614995,0.06870050662203339,1.142311798407505e-16,1.179288233997122e-13,2.9437194209603414,0
10.21701475737869,0.5392686337852454,0.1445963156473151,0.036063246584532554,0.04840848558460184,0.17740606487297347,0.06864884321480215,1.142311798407505e-16,1.179288233997122e-13,2.9437194209603414,0
10.222254252126064,0.5387048977635074,0.14445056574479026,0.03600486663902153,0.04839788867354122,0.1773164178844474,0.06859717980757092,1.142311798407505e-16,1.179288233997122e-13,2.9437194209603414,0
10.227493746873437,0.5381411617417692,0.14430481584226543,0.0359464866935105,0.048387291762480605,0.17722677089592137,0.06854551640033968,1.142311798407505e-16,1.179288233997122e-13,2.9437194209603414,0
10.232733241620812,0.5375774257200309,0.14415906593974054,0.03588810674799946,0.048376694851419995,0.17713712390739528,0.06849385299310844,1.142311798407505e-16,1.179288233997122e-13,2.9437194209603414,0
10.237972736368183,0.5370136896982928,0.1440133160372157,0.03582972680248843,0.04836609794035937,0.1770474769188692,0.0684421895858772,1.142311798407505e-16,1.179288233997122e-13,2.9437194209603414,0
10.243212231115558,0.5364499536765546,0.14386756613469087,0.0357713468569774,0.04835550102929875,0.17695782993034317,0.06839052617864598,1.142311798407505e-16,1.179288233997122e-13,2.9437194209603414,0
10.248451725862932,0.5358862176548165,0.14372181623216604,0.03571296691146638,0.04834490411823814,0.1768681829418171,0.06833886277141474,1.142311798407505e-16,1.179288233997122e-13,2.9437194209603414,0
10.253691220610303,0.5353224816330784,0.14357606632964118,0.03565458696595534,0.04833430720717751,0.17677853595329104,0.06828719936418351,1.142311798407505e-16,1.179288233997122e-13,2.9437194209603414,0
10.25893071535768,0.5347587456113401,0.14343031642711632,0.035596207020444304,0.048323710296116894,0.17668888896476498,0.06823553595695225,1.142311798407505e-16,1.179288233997122e-13,2.9437194209603414,0
10.264170210105052,0.5341865101275428,0.14327893899532798,0.035538807681484534,0.04831291830109976,0.17659191570429777,0.068181853397836,1.142311798407505e-16,1.179288233997122e-13,2.9437194209603414,0
10.269409704852428,0.5335167964382554,0.1430630208372988,0.03549265467390952,0.04829988893695626,0.17641091926250618,0.06810501369053845,1.142311798407505e-16,1.179288233997122e-13,2.9437194209603414,0
10.2746491995998,0.5328470827489676,0.14284710267926962,0.03544650166633449,0.048286859572812785,0.1762299228207146,0.06802817398324092,1.142311798407505e-16,1.179288233997122e-13,2.9437194209603414,0
10.279888694347177,0.5321773690596799,0.14263118452124035,0.035400348658759455,0.04827383020866929,0.176048926378923,0.06795133427594335,1.142311798407505e-16,1.179288233997122e-13,2.9437194209603414,0
10.285128189094548,0.5315076553703925,0.14241526636321122,0.035354195651184424,0.0482608008445258,0.17586792993713138,0.06787449456864582,1.142311798407505e-16,1.179288233997122e-13,2.9437194209603414,0
10.290367683841922,0.5308379416811049,0.14219934820518204,0.03530804264360941,0.04824777148038232,0.1756869334953398,0.0677976548613483,1.142311798407505e-16,1.179288233997122e-13,2.9437194209603414,0
10.295607178589297,0.5301682279918173,0.1419834300471529,0.03526188963603438,0.048234742116238835,0.1755059370535482,0.06772081515405075,1.142311798407505e-16,1.179288233997122e-13,2.9437194209603414,0
10.300846673336668,0.5294985143025297,0.14176751188912368,0.03521573662845935,0.04822171275209534,0.17532494061175657,0.06764397544675323,1.142311798407505e-16,1.179288233997122e-13,2.9437194209603414,0
10.306086168084043,0.5288288006132419,0.14155159373109438,0.03516958362088432,0.048208683387951846,0.17514394416996498,0.06756713573945566,1.142311798407505e-16,1.179288233997122e-13,2.9437194209603414,0
10.311325662831416,0.5281590869239544,0.14133567557306523,0.035123430613309296,0.04819565402380837,0.1749629477281734,0.06749029603215811,1.142311798407505e-16,1.179288233997122e-13,2.9437194209603414,0
10.31656515757879,0.5274838164428363,0.1411168242103846,0.035077436159086255,0.04818267324759631,0.17477823364848022,0.06741297146440238,1.142311798407505e-16,1.179288233997122e-13,2.9437194209603414,0
10.321804652326165,0.5267217210893641,0.140852141525025,0.03503391910098794,0.04817045165781285,0.17453543147657516,0.06732807095198752,1.142311798407505e-16,1.179288233997122e-13,2.9437194209603414,0
10.327044147073538,0.5259596257358918,0.14058745883966536,0.034990402042889605,0.0481582300680294,0.17429262930467004,0.06724317043957263,1.142311798407505e-16,1.179288233997122e-13,2.9437194209603414,0
10.332283641820911,0.5251975303824198,0.14032277615430577,0.03494688498479128,0.04814600847824595,0.17404982713276498,0.06715826992715776,1.142311798407505e-16,1.179288233997122e-13,2.9437194209603414,0
10.337523136568285,0.5244354350289477,0.14005809346894618,0.03490336792669297,0.048133786888462496,0.17380702496085995,0.06707336941474289,1.142311798407505e-16,1.179288233997122e-13,2.9437194209603414,0
10.342762631315658,0.5236733396754756,0.1397934107835866,0.03485985086859465,0.04812156529867904,0.1735642227889549,0.06698846890232801,1.142311798407505e-16,1.179288233997122e-13,2.9437194209603414,0
10.348002126063031,0.5229112443220034,0.139528728098227,0.034816333810496335,0.04810934370889558,0.17332142061704983,0.06690356838991314,1.142311798407505e-16,1.179288233997122e-13,2.9437194209603414,0
10.353241620810406,0.5221491489685312,0.13926404541286735,0.034772816752398,0.04809712211911213,0.17307861844514472,0.06681866787749825,1.142311798407505e-16,1.179288233997122e-13,2.9437194209603414,0
10.35848111555778,0.5213870536150592,0.1389993627275078,0.034729299694299685,0.04808490052932868,0.17283581627323966,0.06673376736508338,1.142311798407505e-16,1.179288233997122e-13,2.9437194209603414,0
10.363720610305151,0.5206249582615872,0.1387346800421482,0.03468578263620137,0.04807267893954523,0.1725930141013346,0.06664886685266852,1.142311798407505e-16,1.179288233997122e-13,2.9437194209603414,0
10.368960105052526,0.5198646021908322,0.13847010573857,0.03464235113572698,0.048060276740231514,0.17235144985182235,0.06656419063492933,1.142311798407505e-16,1.179288233997122e-13,2.9437194209603414,0
10.3741995997999,0.5191458802001155,0.13820812582388353,0.03460096767087544,0.0480435512002874,0.17213951836958755,0.06648488347098931,1.142311798407505e-16,1.179288233997122e-13,2.9437194209603414,0
10.379439094547276,0.5184271582093993,0.13794614590919718,0.03455958420602391,0.04802682566034329,0.17192758688735282,0.06640557630704932,1.142311798407505e-16,1.179288233997122e-13,2.9437194209603414,0
10.384678589294648,0.517708436218683,0.1376841659945108,0.03451820074117238,0.0480101001203992,0.17171565540511813,0.06632626914310932,1.142311798407505e-16,1.179288233997122e-13,2.9437194209603414,0
10.38991808404202,0.5169897142279668,0.13742218607982448,0.034476817276320855,0.0479933745804551,0.1715037239228834,0.06624696197916935,1.142311798407505e-16,1.179288233997122e-13,2.9437194209603414,0
10.395157578789396,0.5162709922372503,0.13716020616513802,0.03443543381146932,0.04797664904051099,0.17129179244064863,0.06616765481522933,1.142311798407505e-16,1.179288233997122e-13,2.9437194209603414,0
10.40039707353677,0.5155522702465339,0.13689822625045164,0.034394050346617785,0.047959923500566874,0.1710798609584139,0.06608834765128933,1.142311798407505e-16,1.179288233997122e-13,2.9437194209603414,0
10.405636568284145,0.5148335482558176,0.13663624633576532,0.03435266688176626,0.04794319796062277,0.17086792947617918,0.06600904048734935,1.142311798407505e-16,1.179288233997122e-13,2.9437194209603414,0
10.410876063031516,0.5141148262651014,0.13637426642107894,0.03431128341691474,0.04792647242067866,0.17065599799394449,0.06592973332340937,1.142311798407505e-16,1.179288233997122e-13,2.9437194209603414,0
10.41611555777889,0.5133961042743851,0.13611228650639262,0.034269899952063206,0.04790974688073455,0.17044406651170976,0.06585042615946937,1.142311798407505e-16,1.179288233997122e-13,2.9437194209603414,0
10.421355052526264,0.5126799543969434,0.1358513350976241,0.03422857000351023,0.04789316624983056,0.17023437760170865,0.06577112710983364,1.142311798407505e-16,1.179288233997122e-13,2.9437194209603414,0
10.426594547273638,0.5120895165558084,0.13564065191559482,0.034189855664049584,0.04788366804826195,0.1701342944096289,0.06569222464682016,1.142311798407505e-16,1.179288233997122e-13,2.9437194209603414,0
10.431834042021013,0.5114990787146735,0.13542996873356558,0.03415114132458894,0.04787416984669332,0.17003421121754925,0.06561332218380668,1.142311798407505e-16,1.179288233997122e-13,2.9437194209603414,0
10.437073536768384,0.5109086408735385,0.1352192855515363,0.03411242698512829,0.04786467164512471,0.1699341280254695,0.0655344197207932,1.142311798407505e-16,1.179288233997122e-13,2.9437194209603414,0
10.44231303151576,0.5103182030324034,0.13500860236950699,0.03407371264566764,0.04785517344355609,0.1698340448333897,0.0654555172577797,1.142311798407505e-16,1.179288233997122e-13,2.9437194209603414,0
10.447552526263133,0.5097277651912684,0.13479791918747772,0.034034998306207,0.047845675241987476,0.16973396164130997,0.06537661479476622,1.142311798407505e-16,1.179288233997122e-13,2.9437194209603414,0
10.452792021010506,0.5091373273501335,0.13458723600544845,0.03399628396674636,0.04783617704041886,0.16963387844923022,0.06529771233175274,1.142311798407505e-16,1.179288233997122e-13,2.9437194209603414,0
10.45803151575788,0.5085468895089985,0.13437655282341918,0.033957569627285716,0.04782667883885025,0.16953379525715054,0.06521880986873925,1.142311798407505e-16,1.179288233997122e-13,2.9437194209603414,0
10.463271010505252,0.5079564516678636,0.1341658696413899,0.03391885528782507,0.04781718063728164,0.1694337120650708,0.0651399074057258,1.142311798407505e-16,1.179288233997122e-13,2.9437194209603414,0
10.468510505252627,0.5073660138267285,0.13395518645936058,0.03388014094836441,0.04780768243571302,0.16933362887299103,0.06506100494271227,1.142311798407505e-16,1.179288233997122e-13,2.9437194209603414,0
10.47375,0.5067755759855935,0.1337445032773313,0.03384142660890377,0.0477981842341444,0.16923354568091128,0.0649821024796988,1.142311798407505e-16,1.179288233997122e-13,2.9437194209603414,0
