r (A),g(r)_weighted_Cl-Cl,g(r)_weighted_K-Cl,g(r)_weighted_K-K,g(r)_weighted_K-Li,g(r)_weighted_Li-Cl,g(r)_weighted_Li-Li,S_i_K-Cl,S_i_Li-Cl,Average_SCL,SCL_BC
0.0,0.0,0.0,0.0,0.0,0.0,0.0,1.0,1.0,2.837118075155778,0
0.0052394947473736,0.0,0.0,0.0,0.0,0.0,0.0,1.0,1.0,2.837118075155778,0
0.0104789894947473,0.0,0.0,0.0,0.0,0.0,0.0,1.0,1.0,2.837118075155778,0
0.015718484242121,0.0,0.0,0.0,0.0,0.0,0.0,1.0,1.0,2.837118075155778,0
0.0209579789894947,0.0,0.0,0.0,0.0,0.0,0.0,1.0,1.0,2.837118075155778,0
0.0261974737368684,0.0,0.0,0.0,0.0,0.0,0.0,1.0,1.0,2.837118075155778,0
0.0314369684842421,0.0,0.0,0.0,0.0,0.0,0.0,1.0,1.0,2.837118075155778,0
0.0366764632316158,0.0,0.0,0.0,0.0,0.0,0.0,1.0,1.0,2.837118075155778,0
0.0419159579789895,0.0,0.0,0.0,0.0,0.0,0.0,1.0,1.0,2.837118075155778,0
0.0471554527263631,0.0,0.0,0.0,0.0,0.0,0.0,1.0,1.0,2.837118075155778,0
0.0523949474737368,0.0,0.0,0.0,0.0,0.0,0.0,1.0,1.0,2.837118075155778,0
0.0576344422211105,0.0,0.0,0.0,0.0,0.0,0.0,1.0,1.0,2.837118075155778,0
0.0628739369684842,0.0,0.0,0.0,0.0,0.0,0.0,1.0,1.0,2.837118075155778,0
0.0681134317158579,0.0,0.0,0.0,0.0,0.0,0.0,1.0,1.0,2.837118075155778,0
0.0733529264632316,0.0,0.0,0.0,0.0,0.0,0.0,1.0,1.0,2.837118075155778,0
0.0785924212106053,0.0,0.0,0.0,0.0,0.0,0.0,1.0,1.0,2.837118075155778,0
0.083831915957979,0.0,0.0,0.0,0.0,0.0,0.0,1.0,1.0,2.837118075155778,0
0.0890714107053526,0.0,0.0,0.0,0.0,0.0,0.0,1.0,1.0,2.837118075155778,0
0.0943109054527263,0.0,0.0,0.0,0.0,0.0,0.0,1.0,1.0,2.837118075155778,0
0.0995504002001,0.0,0.0,0.0,0.0,0.0,0.0,1.0,1.0,2.837118075155778,0
0.1047898949474737,0.0,0.0,0.0,0.0,0.0,0.0,1.0,1.0,2.837118075155778,0
0.1100293896948474,0.0,0.0,0.0,0.0,0.0,0.0,1.0,1.0,2.837118075155778,0
0.1152688844422211,0.0,0.0,0.0,0.0,0.0,0.0,1.0,1.0,2.837118075155778,0
0.1205083791895948,0.0,0.0,0.0,0.0,0.0,0.0,1.0,1.0,2.837118075155778,0
0.1257478739369684,0.0,0.0,0.0,0.0,0.0,0.0,1.0,1.0,2.837118075155778,0
0.1309873686843422,0.0,0.0,0.0,0.0,0.0,0.0,1.0,1.0,2.837118075155778,0
0.1362268634317158,0.0,0.0,0.0,0.0,0.0,0.0,1.0,1.0,2.837118075155778,0
0.1414663581790895,0.0,0.0,0.0,0.0,0.0,0.0,1.0,1.0,2.837118075155778,0
0.1467058529264632,0.0,0.0,0.0,0.0,0.0,0.0,1.0,1.0,2.837118075155778,0
0.1519453476738369,0.0,0.0,0.0,0.0,0.0,0.0,1.0,1.0,2.837118075155778,0
0.1571848424212106,0.0,0.0,0.0,0.0,0.0,0.0,1.0,1.0,2.837118075155778,0
0.1624243371685843,0.0,0.0,0.0,0.0,0.0,0.0,1.0,1.0,2.837118075155778,0
0.167663831915958,0.0,0.0,0.0,0.0,0.0,0.0,1.0,1.0,2.837118075155778,0
0.1729033266633316,0.0,0.0,0.0,0.0,0.0,0.0,1.0,1.0,2.837118075155778,0
0.1781428214107053,0.0,0.0,0.0,0.0,0.0,0.0,1.0,1.0,2.837118075155778,0
0.183382316158079,0.0,0.0,0.0,0.0,0.0,0.0,1.0,1.0,2.837118075155778,0
0.1886218109054527,0.0,0.0,0.0,0.0,0.0,0.0,1.0,1.0,2.837118075155778,0
0.1938613056528264,0.0,0.0,0.0,0.0,0.0,0.0,1.0,1.0,2.837118075155778,0
0.1991008004002001,0.0,0.0,0.0,0.0,0.0,0.0,1.0,1.0,2.837118075155778,0
0.2043402951475738,0.0,0.0,0.0,0.0,0.0,0.0,1.0,1.0,2.837118075155778,0
0.2095797898949475,0.0,0.0,0.0,0.0,0.0,0.0,1.0,1.0,2.837118075155778,0
0.2148192846423211,0.0,0.0,0.0,0.0,0.0,0.0,1.0,1.0,2.837118075155778,0
0.2200587793896948,0.0,0.0,0.0,0.0,0.0,0.0,1.0,1.0,2.837118075155778,0
0.2252982741370685,0.0,0.0,0.0,0.0,0.0,0.0,1.0,1.0,2.837118075155778,0
0.2305377688844422,0.0,0.0,0.0,0.0,0.0,0.0,1.0,1.0,2.837118075155778,0
0.2357772636318159,0.0,0.0,0.0,0.0,0.0,0.0,1.0,1.0,2.837118075155778,0
0.2410167583791896,0.0,0.0,0.0,0.0,0.0,0.0,1.0,1.0,2.837118075155778,0
0.2462562531265633,0.0,0.0,0.0,0.0,0.0,0.0,1.0,1.0,2.837118075155778,0
0.2514957478739369,0.0,0.0,0.0,0.0,0.0,0.0,1.0,1.0,2.837118075155778,0
0.2567352426213106,0.0,0.0,0.0,0.0,0.0,0.0,1.0,1.0,2.837118075155778,0
0.2619747373686844,0.0,0.0,0.0,0.0,0.0,0.0,1.0,1.0,2.837118075155778,0
0.267214232116058,0.0,0.0,0.0,0.0,0.0,0.0,1.0,1.0,2.837118075155778,0
0.2724537268634317,0.0,0.0,0.0,0.0,0.0,0.0,1.0,1.0,2.837118075155778,0
0.2776932216108054,0.0,0.0,0.0,0.0,0.0,0.0,1.0,1.0,2.837118075155778,0
0.2829327163581791,0.0,0.0,0.0,0.0,0.0,0.0,1.0,1.0,2.837118075155778,0
0.2881722111055528,0.0,0.0,0.0,0.0,0.0,0.0,1.0,1.0,2.837118075155778,0
0.2934117058529265,0.0,0.0,0.0,0.0,0.0,0.0,1.0,1.0,2.837118075155778,0
0.2986512006003001,0.0,0.0,0.0,0.0,0.0,0.0,1.0,1.0,2.837118075155778,0
0.3038906953476739,0.0,0.0,0.0,0.0,0.0,0.0,1.0,1.0,2.837118075155778,0
0.3091301900950475,0.0,0.0,0.0,0.0,0.0,0.0,1.0,1.0,2.837118075155778,0
0.3143696848424212,0.0,0.0,0.0,0.0,0.0,0.0,1.0,1.0,2.837118075155778,0
0.3196091795897949,0.0,0.0,0.0,0.0,0.0,0.0,1.0,1.0,2.837118075155778,0
0.3248486743371686,0.0,0.0,0.0,0.0,0.0,0.0,1.0,1.0,2.837118075155778,0
0.3300881690845423,0.0,0.0,0.0,0.0,0.0,0.0,1.0,1.0,2.837118075155778,0
0.335327663831916,0.0,0.0,0.0,0.0,0.0,0.0,1.0,1.0,2.837118075155778,0
0.3405671585792896,0.0,0.0,0.0,0.0,0.0,0.0,1.0,1.0,2.837118075155778,0
0.3458066533266633,0.0,0.0,0.0,0.0,0.0,0.0,1.0,1.0,2.837118075155778,0
0.351046148074037,0.0,0.0,0.0,0.0,0.0,0.0,1.0,1.0,2.837118075155778,0
0.3562856428214107,0.0,0.0,0.0,0.0,0.0,0.0,1.0,1.0,2.837118075155778,0
0.3615251375687844,0.0,0.0,0.0,0.0,0.0,0.0,1.0,1.0,2.837118075155778,0
0.3667646323161581,0.0,0.0,0.0,0.0,0.0,0.0,1.0,1.0,2.837118075155778,0
0.3720041270635318,0.0,0.0,0.0,0.0,0.0,0.0,1.0,1.0,2.837118075155778,0
0.3772436218109055,0.0,0.0,0.0,0.0,0.0,0.0,1.0,1.0,2.837118075155778,0
0.3824831165582791,0.0,0.0,0.0,0.0,0.0,0.0,1.0,1.0,2.837118075155778,0
0.3877226113056528,0.0,0.0,0.0,0.0,0.0,0.0,1.0,1.0,2.837118075155778,0
0.3929621060530265,0.0,0.0,0.0,0.0,0.0,0.0,1.0,1.0,2.837118075155778,0
0.3982016008004002,0.0,0.0,0.0,0.0,0.0,0.0,1.0,1.0,2.837118075155778,0
0.4034410955477739,0.0,0.0,0.0,0.0,0.0,0.0,1.0,1.0,2.837118075155778,0
0.4086805902951476,0.0,0.0,0.0,0.0,0.0,0.0,1.0,1.0,2.837118075155778,0
0.4139200850425213,0.0,0.0,0.0,0.0,0.0,0.0,1.0,1.0,2.837118075155778,0
0.419159579789895,0.0,0.0,0.0,0.0,0.0,0.0,1.0,1.0,2.837118075155778,0
0.4243990745372686,0.0,0.0,0.0,0.0,0.0,0.0,1.0,1.0,2.837118075155778,0
0.4296385692846423,0.0,0.0,0.0,0.0,0.0,0.0,1.0,1.0,2.837118075155778,0
0.434878064032016,0.0,0.0,0.0,0.0,0.0,0.0,1.0,1.0,2.837118075155778,0
0.4401175587793897,0.0,0.0,0.0,0.0,0.0,0.0,1.0,1.0,2.837118075155778,0
0.4453570535267634,0.0,0.0,0.0,0.0,0.0,0.0,1.0,1.0,2.837118075155778,0
0.4505965482741371,0.0,0.0,0.0,0.0,0.0,0.0,1.0,1.0,2.837118075155778,0
0.4558360430215107,0.0,0.0,0.0,0.0,0.0,0.0,1.0,1.0,2.837118075155778,0
0.4610755377688845,0.0,0.0,0.0,0.0,0.0,0.0,1.0,1.0,2.837118075155778,0
0.4663150325162581,0.0,0.0,0.0,0.0,0.0,0.0,1.0,1.0,2.837118075155778,0
0.4715545272636318,0.0,0.0,0.0,0.0,0.0,0.0,1.0,1.0,2.837118075155778,0
0.4767940220110055,0.0,0.0,0.0,0.0,0.0,0.0,1.0,1.0,2.837118075155778,0
0.4820335167583792,0.0,0.0,0.0,0.0,0.0,0.0,1.0,1.0,2.837118075155778,0
0.4872730115057529,0.0,0.0,0.0,0.0,0.0,0.0,1.0,1.0,2.837118075155778,0
0.4925125062531266,0.0,0.0,0.0,0.0,0.0,0.0,1.0,1.0,2.837118075155778,0
0.4977520010005002,0.0,0.0,0.0,0.0,0.0,0.0,1.0,1.0,2.837118075155778,0
0.5029914957478739,0.0,0.0,0.0,0.0,0.0,0.0,1.0,1.0,2.837118075155778,0
0.5082309904952477,0.0,0.0,0.0,0.0,0.0,0.0,1.0,1.0,2.837118075155778,0
0.5134704852426213,0.0,0.0,0.0,0.0,0.0,0.0,1.0,1.0,2.837118075155778,0
0.518709979989995,0.0,0.0,0.0,0.0,0.0,0.0,1.0,1.0,2.837118075155778,0
0.5239494747373687,0.0,0.0,0.0,0.0,0.0,0.0,1.0,1.0,2.837118075155778,0
0.5291889694847424,0.0,0.0,0.0,0.0,0.0,0.0,1.0,1.0,2.837118075155778,0
0.5344284642321161,0.0,0.0,0.0,0.0,0.0,0.0,1.0,1.0,2.837118075155778,0
0.5396679589794898,0.0,0.0,0.0,0.0,0.0,0.0,1.0,1.0,2.837118075155778,0
0.5449074537268634,0.0,0.0,0.0,0.0,0.0,0.0,1.0,1.0,2.837118075155778,0
0.5501469484742372,0.0,0.0,0.0,0.0,0.0,0.0,1.0,1.0,2.837118075155778,0
0.5553864432216108,0.0,0.0,0.0,0.0,0.0,0.0,1.0,1.0,2.837118075155778,0
0.5606259379689845,0.0,0.0,0.0,0.0,0.0,0.0,1.0,1.0,2.837118075155778,0
0.5658654327163583,0.0,0.0,0.0,0.0,0.0,0.0,1.0,1.0,2.837118075155778,0
0.5711049274637319,0.0,0.0,0.0,0.0,0.0,0.0,1.0,1.0,2.837118075155778,0
0.5763444222111056,0.0,0.0,0.0,0.0,0.0,0.0,1.0,1.0,2.837118075155778,0
0.5815839169584793,0.0,0.0,0.0,0.0,0.0,0.0,1.0,1.0,2.837118075155778,0
0.586823411705853,0.0,0.0,0.0,0.0,0.0,0.0,1.0,1.0,2.837118075155778,0
0.5920629064532267,0.0,0.0,0.0,0.0,0.0,0.0,1.0,1.0,2.837118075155778,0
0.5973024012006003,0.0,0.0,0.0,0.0,0.0,0.0,1.0,1.0,2.837118075155778,0
0.602541895947974,0.0,0.0,0.0,0.0,0.0,0.0,1.0,1.0,2.837118075155778,0
0.6077813906953478,0.0,0.0,0.0,0.0,0.0,0.0,1.0,1.0,2.837118075155778,0
0.6130208854427214,0.0,0.0,0.0,0.0,0.0,0.0,1.0,1.0,2.837118075155778,0
0.6182603801900951,0.0,0.0,0.0,0.0,0.0,0.0,1.0,1.0,2.837118075155778,0
0.6234998749374687,0.0,0.0,0.0,0.0,0.0,0.0,1.0,1.0,2.837118075155778,0
0.6287393696848425,0.0,0.0,0.0,0.0,0.0,0.0,1.0,1.0,2.837118075155778,0
0.6339788644322162,0.0,0.0,0.0,0.0,0.0,0.0,1.0,1.0,2.837118075155778,0
0.6392183591795898,0.0,0.0,0.0,0.0,0.0,0.0,1.0,1.0,2.837118075155778,0
0.6444578539269635,0.0,0.0,0.0,0.0,0.0,0.0,1.0,1.0,2.837118075155778,0
0.6496973486743373,0.0,0.0,0.0,0.0,0.0,0.0,1.0,1.0,2.837118075155778,0
0.6549368434217109,0.0,0.0,0.0,0.0,0.0,0.0,1.0,1.0,2.837118075155778,0
0.6601763381690846,0.0,0.0,0.0,0.0,0.0,0.0,1.0,1.0,2.837118075155778,0
0.6654158329164582,0.0,0.0,0.0,0.0,0.0,0.0,1.0,1.0,2.837118075155778,0
0.670655327663832,0.0,0.0,0.0,0.0,0.0,0.0,1.0,1.0,2.837118075155778,0
0.6758948224112057,0.0,0.0,0.0,0.0,0.0,0.0,1.0,1.0,2.837118075155778,0
0.6811343171585793,0.0,0.0,0.0,0.0,0.0,0.0,1.0,1.0,2.837118075155778,0
0.686373811905953,0.0,0.0,0.0,0.0,0.0,0.0,1.0,1.0,2.837118075155778,0
0.6916133066533267,0.0,0.0,0.0,0.0,0.0,0.0,1.0,1.0,2.837118075155778,0
0.6968528014007004,0.0,0.0,0.0,0.0,0.0,0.0,1.0,1.0,2.837118075155778,0
0.7020922961480741,0.0,0.0,0.0,0.0,0.0,0.0,1.0,1.0,2.837118075155778,0
0.7073317908954477,0.0,0.0,0.0,0.0,0.0,0.0,1.0,1.0,2.837118075155778,0
0.7125712856428215,0.0,0.0,0.0,0.0,0.0,0.0,1.0,1.0,2.837118075155778,0
0.7178107803901952,0.0,0.0,0.0,0.0,0.0,0.0,1.0,1.0,2.837118075155778,0
0.7230502751375688,0.0,0.0,0.0,0.0,0.0,0.0,1.0,1.0,2.837118075155778,0
0.7282897698849425,0.0,0.0,0.0,0.0,0.0,0.0,1.0,1.0,2.837118075155778,0
0.7335292646323162,0.0,0.0,0.0,0.0,0.0,0.0,1.0,1.0,2.837118075155778,0
0.7387687593796899,0.0,0.0,0.0,0.0,0.0,0.0,1.0,1.0,2.837118075155778,0
0.7440082541270636,0.0,0.0,0.0,0.0,0.0,0.0,1.0,1.0,2.837118075155778,0
0.7492477488744372,0.0,0.0,0.0,0.0,0.0,0.0,1.0,1.0,2.837118075155778,0
0.754487243621811,0.0,0.0,0.0,0.0,0.0,0.0,1.0,1.0,2.837118075155778,0
0.7597267383691846,0.0,0.0,0.0,0.0,0.0,0.0,1.0,1.0,2.837118075155778,0
0.7649662331165583,0.0,0.0,0.0,0.0,0.0,0.0,1.0,1.0,2.837118075155778,0
0.770205727863932,0.0,0.0,0.0,0.0,0.0,0.0,1.0,1.0,2.837118075155778,0
0.7754452226113057,0.0,0.0,0.0,0.0,0.0,0.0,1.0,1.0,2.837118075155778,0
0.7806847173586794,0.0,0.0,0.0,0.0,0.0,0.0,1.0,1.0,2.837118075155778,0
0.7859242121060531,0.0,0.0,0.0,0.0,0.0,0.0,1.0,1.0,2.837118075155778,0
0.7911637068534267,0.0,0.0,0.0,0.0,0.0,0.0,1.0,1.0,2.837118075155778,0
0.7964032016008005,0.0,0.0,0.0,0.0,0.0,0.0,1.0,1.0,2.837118075155778,0
0.8016426963481741,0.0,0.0,0.0,0.0,0.0,0.0,1.0,1.0,2.837118075155778,0
0.8068821910955478,0.0,0.0,0.0,0.0,0.0,0.0,1.0,1.0,2.837118075155778,0
0.8121216858429215,0.0,0.0,0.0,0.0,0.0,0.0,1.0,1.0,2.837118075155778,0
0.8173611805902952,0.0,0.0,0.0,0.0,0.0,0.0,1.0,1.0,2.837118075155778,0
0.8226006753376689,0.0,0.0,0.0,0.0,0.0,0.0,1.0,1.0,2.837118075155778,0
0.8278401700850426,0.0,0.0,0.0,0.0,0.0,0.0,1.0,1.0,2.837118075155778,0
0.8330796648324162,0.0,0.0,0.0,0.0,0.0,0.0,1.0,1.0,2.837118075155778,0
0.83831915957979,0.0,0.0,0.0,0.0,0.0,0.0,1.0,1.0,2.837118075155778,0
0.8435586543271636,0.0,0.0,0.0,0.0,0.0,0.0,1.0,1.0,2.837118075155778,0
0.8487981490745373,0.0,0.0,0.0,0.0,0.0,0.0,1.0,1.0,2.837118075155778,0
0.854037643821911,0.0,0.0,0.0,0.0,0.0,0.0,1.0,1.0,2.837118075155778,0
0.8592771385692847,0.0,0.0,0.0,0.0,0.0,0.0,1.0,1.0,2.837118075155778,0
0.8645166333166584,0.0,0.0,0.0,0.0,0.0,0.0,1.0,1.0,2.837118075155778,0
0.869756128064032,0.0,0.0,0.0,0.0,0.0,0.0,1.0,1.0,2.837118075155778,0
0.8749956228114057,0.0,0.0,0.0,0.0,0.0,0.0,1.0,1.0,2.837118075155778,0
0.8802351175587795,0.0,0.0,0.0,0.0,0.0,0.0,1.0,1.0,2.837118075155778,0
0.8854746123061531,0.0,0.0,0.0,0.0,0.0,0.0,1.0,1.0,2.837118075155778,0
0.8907141070535268,0.0,0.0,0.0,0.0,0.0,0.0,1.0,1.0,2.837118075155778,0
0.8959536018009006,0.0,0.0,0.0,0.0,0.0,0.0,1.0,1.0,2.837118075155778,0
0.9011930965482742,0.0,0.0,0.0,0.0,0.0,0.0,1.0,1.0,2.837118075155778,0
0.906432591295648,0.0,0.0,0.0,0.0,0.0,0.0,1.0,1.0,2.837118075155778,0
0.9116720860430216,0.0,0.0,0.0,0.0,0.0,0.0,1.0,1.0,2.837118075155778,0
0.9169115807903953,0.0,0.0,0.0,0.0,0.0,0.0,1.0,1.0,2.837118075155778,0
0.922151075537769,0.0,0.0,0.0,0.0,0.0,0.0,1.0,1.0,2.837118075155778,0
0.9273905702851426,0.0,0.0,0.0,0.0,0.0,0.0,1.0,1.0,2.837118075155778,0
0.9326300650325164,0.0,0.0,0.0,0.0,0.0,0.0,1.0,1.0,2.837118075155778,0
0.93786955977989,0.0,0.0,0.0,0.0,0.0,0.0,1.0,1.0,2.837118075155778,0
0.9431090545272636,0.0,0.0,0.0,0.0,0.0,0.0,1.0,1.0,2.837118075155778,0
0.9483485492746374,0.0,0.0,0.0,0.0,0.0,0.0,1.0,1.0,2.837118075155778,0
0.953588044022011,0.0,0.0,0.0,0.0,0.0,0.0,1.0,1.0,2.837118075155778,0
0.9588275387693848,0.0,0.0,0.0,0.0,0.0,0.0,1.0,1.0,2.837118075155778,0
0.9640670335167584,0.0,0.0,0.0,0.0,0.0,0.0,1.0,1.0,2.837118075155778,0
0.969306528264132,0.0,0.0,0.0,0.0,0.0,0.0,1.0,1.0,2.837118075155778,0
0.9745460230115058,0.0,0.0,0.0,0.0,0.0,0.0,1.0,1.0,2.837118075155778,0
0.9797855177588796,0.0,0.0,0.0,0.0,0.0,0.0,1.0,1.0,2.837118075155778,0
0.9850250125062532,0.0,0.0,0.0,0.0,0.0,0.0,1.0,1.0,2.837118075155778,0
0.9902645072536268,0.0,0.0,0.0,0.0,0.0,0.0,1.0,1.0,2.837118075155778,0
0.9955040020010004,0.0,0.0,0.0,0.0,0.0,0.0,1.0,1.0,2.837118075155778,0
1.0007434967483742,0.0,0.0,0.0,0.0,0.0,0.0,1.0,1.0,2.837118075155778,0
1.005982991495748,0.0,0.0,0.0,0.0,0.0,0.0,1.0,1.0,2.837118075155778,0
1.0112224862431216,0.0,0.0,0.0,0.0,0.0,0.0,1.0,1.0,2.837118075155778,0
1.0164619809904951,0.0,0.0,0.0,0.0,0.0,0.0,1.0,1.0,2.837118075155778,0
1.021701475737869,0.0,0.0,0.0,0.0,0.0,0.0,1.0,1.0,2.837118075155778,0
1.0269409704852426,0.0,0.0,0.0,0.0,0.0,0.0,1.0,1.0,2.837118075155778,0
1.0321804652326163,0.0,0.0,0.0,0.0,0.0,0.0,1.0,1.0,2.837118075155778,0
1.03741995997999,0.0,0.0,0.0,0.0,0.0,0.0,1.0,1.0,2.837118075155778,0
1.0426594547273638,0.0,0.0,0.0,0.0,0.0,0.0,1.0,1.0,2.837118075155778,0
1.0478989494747375,0.0,0.0,0.0,0.0,0.0,0.0,1.0,1.0,2.837118075155778,0
1.0531384442221112,0.0,0.0,0.0,0.0,0.0,0.0,1.0,1.0,2.837118075155778,0
1.0583779389694847,0.0,0.0,0.0,0.0,0.0,0.0,1.0,1.0,2.837118075155778,0
1.0636174337168585,0.0,0.0,0.0,0.0,0.0,0.0,1.0,1.0,2.837118075155778,0
1.0688569284642322,0.0,0.0,0.0,0.0,0.0,0.0,1.0,1.0,2.837118075155778,0
1.074096423211606,0.0,0.0,0.0,0.0,0.0,0.0,1.0,1.0,2.837118075155778,0
1.0793359179589797,0.0,0.0,0.0,0.0,0.0,0.0,1.0,1.0,2.837118075155778,0
1.0845754127063532,0.0,0.0,0.0,0.0,0.0,0.0,1.0,1.0,2.837118075155778,0
1.0898149074537269,0.0,0.0,0.0,0.0,0.0,0.0,1.0,1.0,2.837118075155778,0
1.0950544022011006,0.0,0.0,0.0,0.0,0.0,0.0,1.0,1.0,2.837118075155778,0
1.1002938969484743,0.0,0.0,0.0,0.0,0.0,0.0,1.0,1.0,2.837118075155778,0
1.105533391695848,0.0,0.0,0.0,0.0,0.0,0.0,1.0,1.0,2.837118075155778,0
1.1107728864432216,0.0,0.0,0.0,0.0,0.0,0.0,1.0,1.0,2.837118075155778,0
1.116012381190595,0.0,0.0,0.0,0.0,0.0,0.0,1.0,1.0,2.837118075155778,0
1.121251875937969,0.0,0.0,0.0,0.0,0.0,0.0,1.0,1.0,2.837118075155778,0
1.1264913706853428,0.0,0.0,0.0,0.0,0.0,0.0,1.0,1.0,2.837118075155778,0
1.1317308654327165,0.0,0.0,0.0,0.0,0.0,0.0,1.0,1.0,2.837118075155778,0
1.13697036018009,0.0,0.0,0.0,0.0,0.0,0.0,1.0,1.0,2.837118075155778,0
1.1422098549274635,0.0,0.0,0.0,0.0,0.0,0.0,1.0,1.0,2.837118075155778,0
1.1474493496748377,0.0,0.0,0.0,0.0,0.0,0.0,1.0,1.0,2.837118075155778,0
1.1526888444222112,0.0,0.0,0.0,0.0,0.0,0.0,1.0,1.0,2.837118075155778,0
1.157928339169585,0.0,0.0,0.0,0.0,0.0,0.0,1.0,1.0,2.837118075155778,0
1.1631678339169589,0.0,0.0,0.0,0.0,0.0,0.0,1.0,1.0,2.837118075155778,0
1.1684073286643322,0.0,0.0,0.0,0.0,0.0,0.0,1.0,1.0,2.837118075155778,0
1.173646823411706,0.0,0.0,0.0,0.0,0.0,0.0,1.0,1.0,2.837118075155778,0
1.1788863181590796,0.0,0.0,0.0,0.0,0.0,0.0,1.0,1.0,2.837118075155778,0
1.1841258129064534,0.0,0.0,0.0,0.0,0.0,0.0,1.0,1.0,2.837118075155778,0
1.189365307653827,0.0,0.0,0.0,0.0,0.0,0.0,1.0,1.0,2.837118075155778,0
1.1946048024012006,0.0,0.0,0.0,0.0,0.0,0.0,1.0,1.0,2.837118075155778,0
1.1998442971485743,0.0,0.0,0.0,0.0,0.0,0.0,1.0,1.0,2.837118075155778,0
1.205083791895948,0.0,0.0,0.0,0.0,0.0,0.0,1.0,1.0,2.837118075155778,0
1.2103232866433218,0.0,0.0,0.0,0.0,0.0,0.0,1.0,1.0,2.837118075155778,0
1.2155627813906955,0.0,0.0,0.0,0.0,0.0,0.0,1.0,1.0,2.837118075155778,0
1.220802276138069,0.0,0.0,0.0,0.0,0.0,0.0,1.0,1.0,2.837118075155778,0
1.2260417708854427,0.0,0.0,0.0,0.0,0.0,0.0,1.0,1.0,2.837118075155778,0
1.2312812656328165,0.0,0.0,0.0,0.0,0.0,0.0,1.0,1.0,2.837118075155778,0
1.2365207603801902,0.0,0.0,0.0,0.0,0.0,0.0,1.0,1.0,2.837118075155778,0
1.241760255127564,0.0,0.0,0.0,0.0,0.0,0.0,1.0,1.0,2.837118075155778,0
1.2469997498749374,0.0,0.0,0.0,0.0,0.0,0.0,1.0,1.0,2.837118075155778,0
1.2522392446223112,0.0,0.0,0.0,0.0,0.0,0.0,1.0,1.0,2.837118075155778,0
1.257478739369685,0.0,0.0,0.0,0.0,0.0,0.0,1.0,1.0,2.837118075155778,0
1.2627182341170586,0.0,0.0,0.0,0.0,0.0,0.0,1.0,1.0,2.837118075155778,0
1.2679577288644324,0.0,0.0,0.0,0.0,0.0,0.0,1.0,1.0,2.837118075155778,0
1.273197223611806,0.0,0.0,0.0,0.0,0.0,0.0,1.0,1.0,2.837118075155778,0
1.2784367183591796,0.0,0.0,0.0,0.0,0.0,0.0,1.0,1.0,2.837118075155778,0
1.283676213106553,0.0,0.0,0.0,0.0,0.0,0.0,1.0,1.0,2.837118075155778,0
1.288915707853927,0.0,0.0,0.0,0.0,0.0,0.0,1.0,1.0,2.837118075155778,0
1.2941552026013008,0.0,0.0,0.0,0.0,0.0,0.0,1.0,1.0,2.837118075155778,0
1.2993946973486743,0.0,0.0,0.0,0.0,0.0,0.0,1.0,1.0,2.837118075155778,0
1.304634192096048,0.0,0.0,0.0,0.0,0.0,0.0,1.0,1.0,2.837118075155778,0
1.3098736868434218,0.0,0.0,0.0,0.0,0.0,0.0,1.0,1.0,2.837118075155778,0
1.3151131815907957,0.0,0.0,0.0,0.0,0.0,0.0,1.0,1.0,2.837118075155778,0
1.3203526763381692,0.0,0.0,0.0,0.0,0.0,0.0,1.0,1.0,2.837118075155778,0
1.325592171085543,0.0,0.0,0.0,0.0,0.0,0.0,1.0,1.0,2.837118075155778,0
1.3308316658329165,0.0,0.0,0.0,0.0,0.0,0.0,1.0,1.0,2.837118075155778,0
1.3360711605802902,0.0,0.0,0.0,0.0,0.0,0.0,1.0,1.0,2.837118075155778,0
1.341310655327664,0.0,0.0,0.0,0.0,0.0,0.0,1.0,1.0,2.837118075155778,0
1.3465501500750376,0.0,0.0,0.0,0.0,0.0,0.0,1.0,1.0,2.837118075155778,0
1.3517896448224114,0.0,0.0,0.0,0.0,0.0,0.0,1.0,1.0,2.837118075155778,0
1.3570291395697849,0.0,0.0,0.0,0.0,0.0,0.0,1.0,1.0,2.837118075155778,0
1.3622686343171586,0.0,0.0,0.0,0.0,0.0,0.0,1.0,1.0,2.837118075155778,0
1.3675081290645323,0.0,0.0,0.0,0.0,0.0,0.0,1.0,1.0,2.837118075155778,0
1.372747623811906,0.0,0.0,0.0,0.0,0.0,0.0,1.0,1.0,2.837118075155778,0
1.3779871185592798,0.0,0.0,0.0,0.0,0.0,0.0,1.0,1.0,2.837118075155778,0
1.3832266133066533,0.0,0.0,0.0,0.0,0.0,0.0,1.0,1.0,2.837118075155778,0
1.388466108054027,0.0,0.0,0.0,0.0,0.0,0.0,1.0,1.0,2.837118075155778,0
1.3937056028014008,0.0,0.0,0.0,0.0,0.0,0.0,1.0,1.0,2.837118075155778,0
1.3989450975487745,0.0,0.0,0.0,0.0,0.0,0.0,1.0,1.0,2.837118075155778,0
1.4041845922961482,0.0,0.0,0.0,0.0,0.0,0.0,1.0,1.0,2.837118075155778,0
1.409424087043522,0.0,0.0,0.0,0.0,0.0,0.0,1.0,1.0,2.837118075155778,0
1.4146635817908957,0.0,0.0,0.0,0.0,0.0,0.0,1.0,1.0,2.837118075155778,0
1.4199030765382692,0.0,0.0,0.0,0.0,0.0,0.0,1.0,1.0,2.837118075155778,0
1.425142571285643,0.0,0.0,0.0,0.0,0.0,0.0,1.0,1.0,2.837118075155778,0
1.4303820660330169,0.0,0.0,0.0,0.0,0.0,0.0,1.0,1.0,2.837118075155778,0
1.4356215607803904,0.0,0.0,0.0,0.0,0.0,0.0,1.0,1.0,2.837118075155778,0
1.440861055527764,0.0,0.0,0.0,0.0,0.0,0.0,1.0,1.0,2.837118075155778,0
1.4461005502751376,0.0,0.0,0.0,0.0,0.0,0.0,1.0,1.0,2.837118075155778,0
1.4513400450225111,0.0,0.0,0.0,0.0,0.0,0.0,1.0,1.0,2.837118075155778,0
1.456579539769885,0.0,0.0,0.0,0.0,0.0,0.0,1.0,1.0,2.837118075155778,0
1.4618190345172588,0.0,0.0,0.0,0.0,0.0,0.0,1.0,1.0,2.837118075155778,0
1.4670585292646323,0.0,0.0,0.0,0.0,0.0,0.0,1.0,1.0,2.837118075155778,0
1.472298024012006,0.0,0.0,0.0,0.0,0.0,0.0,1.0,1.0,2.837118075155778,0
1.4775375187593798,0.0,0.0,0.0,0.0,0.0,0.0,1.0,1.0,2.837118075155778,0
1.4827770135067535,0.0,0.0,0.0,0.0,0.0,0.0,1.0,1.0,2.837118075155778,0
1.4880165082541272,0.0,0.0,0.0,0.0,0.0,0.0,1.0,1.0,2.837118075155778,0
1.4932560030015007,0.0,0.0,0.0,0.0,0.0,0.0,1.0,1.0,2.837118075155778,0
1.4984954977488745,0.0,0.0,0.0,0.0,0.0,0.0,1.0,1.0,2.837118075155778,0
1.5037349924962482,0.0,0.0,0.0,0.0,0.0,0.0,1.0,1.0,2.837118075155778,0
1.508974487243622,0.0,0.0,0.0,0.0,0.0,0.0,1.0,1.0,2.837118075155778,0
1.5142139819909957,0.0,0.0,0.0,0.0,0.0,0.0,1.0,1.0,2.837118075155778,0
1.5194534767383692,0.0,0.0,0.0,0.0,0.0,0.0,1.0,1.0,2.837118075155778,0
1.524692971485743,0.0,0.0,0.0,0.0,0.0,0.0,1.0,1.0,2.837118075155778,0
1.5299324662331166,0.0,0.0,0.0,0.0,0.0,0.0,1.0,1.0,2.837118075155778,0
1.5351719609804904,0.0,0.0,0.0,0.0,0.0,0.0,1.0,1.0,2.837118075155778,0
1.540411455727864,0.0,0.0,0.0,0.0,0.0,0.0,1.0,1.0,2.837118075155778,0
1.5456509504752378,0.0,0.0,0.0,0.0,0.0,0.0,1.0,1.0,2.837118075155778,0
1.550890445222611,0.0,0.0,0.0,0.0,0.0,0.0,1.0,1.0,2.837118075155778,0
1.556129939969985,0.0,0.0,0.0,0.0,0.0,0.0,1.0,1.0,2.837118075155778,0
1.5613694347173588,0.0,0.0,0.0,0.0,0.0,0.0,1.0,1.0,2.837118075155778,0
1.5666089294647323,0.0,0.0,0.0,0.0,0.0,0.0,1.0,1.0,2.837118075155778,0
1.5718484242121062,0.0,0.0,0.0,0.0,0.0,0.0,1.0,1.0,2.837118075155778,0
1.5770879189594798,0.0,0.0,0.0,0.0,0.0,0.0,1.0,1.0,2.837118075155778,0
1.5823274137068537,0.0,0.0,0.0,0.0,0.0,0.0,1.0,1.0,2.837118075155778,0
1.5875669084542272,0.0,0.0,0.0,0.0,0.0,0.0,1.0,1.0,2.837118075155778,0
1.592806403201601,0.0,0.0,0.0,0.0,0.0,0.0,1.0,1.0,2.837118075155778,0
1.598045897948975,0.0,0.0,0.0,0.0,0.0,0.0,1.0,1.0,2.837118075155778,0
1.6032853926963482,0.0,0.0,0.0,0.0,0.0,0.0,1.0,1.0,2.837118075155778,0
1.608524887443722,0.0,0.0,0.0,0.0,0.0,0.0,1.0,1.0,2.837118075155778,0
1.6137643821910956,0.0,0.0,0.0,0.0,0.0,0.0,1.0,1.0,2.837118075155778,0
1.6190038769384694,0.0,0.0,0.0,0.0,0.0,0.0,1.0,1.0,2.837118075155778,0
1.624243371685843,0.0,0.0,0.0,0.0,0.0,0.0,1.0,1.0,2.837118075155778,0
1.6294828664332166,0.0,0.0,0.0,0.0,0.0,0.0,1.0,1.0,2.837118075155778,0
1.6347223611805903,0.0,0.0,0.0,0.0,0.0,0.0,1.0,1.0,2.837118075155778,0
1.639961855927964,0.0,0.0,0.0,0.0,0.0,0.0,1.0,1.0,2.837118075155778,0
1.6452013506753378,0.0,0.0,0.0,0.0,0.0,0.0,1.0,1.0,2.837118075155778,0
1.6504408454227115,0.0,0.0,0.0,0.0,0.0,0.0,1.0,1.0,2.837118075155778,0
1.6556803401700853,0.0,0.0,0.0,0.0,0.0,0.0,1.0,1.0,2.837118075155778,0
1.6609198349174588,0.0,0.0,0.0,0.0,0.0,0.0,1.0,1.0,2.837118075155778,0
1.6661593296648325,0.0,0.0,0.0,0.0,0.0,0.0,1.0,1.0,2.837118075155778,0
1.6713988244122062,0.0,0.0,0.0,0.0,0.0,0.0,1.0,1.0,2.837118075155778,0
1.67663831915958,0.0,0.0,0.0,0.0,0.0,0.0,1.0,1.0,2.837118075155778,0
1.6818778139069537,0.0,0.0,0.0,0.0,0.0,0.0,1.0,1.0,2.837118075155778,0
1.6871173086543272,0.0,0.0,0.0,0.0,0.0,0.0,1.0,1.0,2.837118075155778,0
1.692356803401701,0.0,0.0,0.0,0.0,0.0,0.0,1.0,1.0,2.837118075155778,0
1.6975962981490746,0.0,0.0,0.0,0.0,0.0,0.0,1.0,1.0,2.837118075155778,0
1.7028357928964484,0.0,0.0,0.0,0.0,0.0,0.0,1.0,1.0,2.837118075155778,0
1.708075287643822,0.0,0.0,0.0,0.0,0.0,0.0,1.0,1.0,2.837118075155778,0
1.7133147823911956,0.0,0.0,0.0,0.0,0.0,0.0,1.0,1.0,2.837118075155778,0
1.7185542771385691,0.0,0.0,0.0,0.0,0.0,0.0,1.0,1.0,2.837118075155778,0
1.723793771885943,0.0,0.0,0.0,0.0,0.0,0.0,1.0,1.0,2.837118075155778,0
1.7290332666333168,0.0,0.0,0.0,0.0,0.0,0.0,1.0,1.0,2.837118075155778,0
1.7342727613806903,0.0,0.0,0.0,0.0,0.0,0.0,1.0,1.0,2.837118075155778,0
1.739512256128064,0.0,0.0,0.0,0.0,0.0,0.0,1.0,1.0,2.837118075155778,0
1.7447517508754378,0.0,0.0,0.0,0.0,0.0,0.0,1.0,1.0,2.837118075155778,0
1.7499912456228115,0.0,0.0,0.0,0.0,0.0,0.0,1.0,1.0,2.837118075155778,0
1.7552307403701852,0.0,0.0,0.0,0.0,0.0,0.0,1.0,1.0,2.837118075155778,0
1.760470235117559,0.0,0.0,0.0,0.0,2.80420069125495e-06,0.0,1.0,1.0,2.837118075155778,0
1.7657097298649325,0.0,0.0,0.0,0.0,1.1345239437900709e-05,0.0,1.0,1.0,2.837118075155778,0
1.7709492246123062,0.0,0.0,0.0,0.0,1.9886278184545456e-05,0.0,1.0,1.0,2.837118075155778,0
1.77618871935968,0.0,0.0,0.0,0.0,2.8427316931181817e-05,0.0,1.0,1.0,2.837118075155778,0
1.7814282141070537,0.0,0.0,0.0,0.0,3.696835567783637e-05,0.0,1.0,1.0,2.837118075155778,0
1.7866677088544274,0.0,0.0,0.0,0.0,4.5509394424472725e-05,0.0,1.0,1.0,2.837118075155778,0
1.7919072036018011,0.0,0.0,0.0,0.0,5.4050433171127276e-05,0.0,1.0,1.0,2.837118075155778,0
1.7971466983491746,0.0,0.0,0.0,0.0,6.259147191776364e-05,0.0,1.0,1.0,2.837118075155778,0
1.8023861930965484,0.0,0.0,0.0,0.0,7.113251066441819e-05,0.0,1.0,1.0,2.837118075155778,0
1.807625687843922,0.0,0.0,0.0,0.0,7.967354941105456e-05,0.0,1.0,1.0,2.837118075155778,0
1.812865182591296,0.0,0.0,0.0,0.0,8.294868456954545e-05,0.0,1.0,1.0,2.837118075155778,0
1.818104677338669,0.0,0.0,0.0,0.0,7.44076458229091e-05,0.0,1.0,1.0,2.837118075155778,0
1.823344172086043,0.0,0.0,0.0,0.0,6.586660707625455e-05,0.0,1.0,1.0,2.837118075155778,0
1.8285836668334168,0.0,0.0,0.0,0.0,5.732556832961819e-05,0.0,1.0,1.0,2.837118075155778,0
1.8338231615807905,0.0,0.0,0.0,0.0,4.8784529582963636e-05,0.0,1.0,1.0,2.837118075155778,0
1.839062656328164,0.0,0.0,0.0,0.0,4.024349083630909e-05,0.0,1.0,1.0,2.837118075155778,0
1.844302151075538,0.0,0.0,0.0,0.0,3.170245208967273e-05,0.0,1.0,1.0,2.837118075155778,0
1.8495416458229117,0.0,0.0,0.0,0.0,2.3161413343018183e-05,0.0,1.0,1.0,2.837118075155778,0
1.8547811405702848,0.0,0.0,0.0,0.0,1.4620374596389044e-05,0.0,1.0,1.0,2.837118075155778,0
1.860020635317659,0.0,0.0,0.0,0.0,6.079335849742923e-06,0.0,1.0,1.0,2.837118075155778,0
1.8652601300650329,0.0,0.0,0.0,0.0,0.00016602766659303637,0.0,1.0,1.0,2.837118075155778,0
1.8704996248124064,0.0,0.0,0.0,0.0,0.0007420714837288909,0.0,1.0,1.0,2.837118075155778,0
1.87573911955978,0.0,0.0,0.0,0.0,0.0013181153008647091,0.0,1.0,1.0,2.837118075155778,0
1.8809786143071536,0.0,0.0,0.0,0.0,0.0018941591180005636,0.0,1.0,1.0,2.837118075155778,0
1.8862181090545276,0.0,0.0,0.0,0.0,0.0024702029351364,0.0,1.0,1.0,2.837118075155778,0
1.891457603801901,0.0,0.0,0.0,0.0,0.0030462467522722548,0.0,1.0,1.0,2.837118075155778,0
1.8966970985492748,0.0,0.0,0.0,0.0,0.0036222905694080912,0.0,1.0,1.0,2.837118075155778,0
1.9019365932966483,0.0,0.0,0.0,0.0,0.004198334386543946,0.0,1.0,1.0,2.837118075155778,0
1.907176088044022,0.0,0.0,0.0,0.0,0.004774378203679764,0.0,1.0,1.0,2.837118075155778,0
1.912415582791396,0.0,0.0,0.0,0.0,0.005350422020815618,0.0,1.0,1.0,2.837118075155778,0
1.9176550775387693,0.0,0.0,0.0,0.0,0.006567390189696218,0.0,1.0,1.0,2.837118075155778,0
1.9228945722861432,0.0,0.0,0.0,0.0,0.009533422944646455,0.0,1.0,1.0,2.837118075155778,0
1.928134067033517,0.0,0.0,0.0,0.0,0.012499455699596674,0.0,1.0,1.0,2.837118075155778,0
1.9333735617808905,0.0,0.0,0.0,0.0,0.015465488454546782,0.0,1.0,1.0,2.837118075155778,0
1.938613056528264,0.0,0.0,0.0,0.0,0.01843152120949702,0.0,1.0,1.0,2.837118075155778,0
1.943852551275638,0.0,0.0,0.0,0.0,0.021397553964447237,0.0,1.0,1.0,2.837118075155778,0
1.949092046023012,0.0,0.0,0.0,0.0,0.024363586719397475,0.0,1.0,1.0,2.837118075155778,0
1.9543315407703852,0.0,0.0,0.0,0.0,0.02732961947434771,0.0,1.0,1.0,2.837118075155778,0
1.959571035517759,0.0,0.0,0.0,0.0,0.0302956522292978,0.0,1.0,1.0,2.837118075155778,0
1.9648105302651329,0.0,0.0,0.0,0.0,0.03326168498424804,0.0,1.0,1.0,2.837118075155778,0
1.9700500250125064,0.0,0.0,0.0,0.0,0.037687766413192526,5.334942471236065e-07,1.0,1.0,2.837118075155778,0
1.97528951975988,0.0,0.0,0.0,0.0,0.046538237763331276,2.6836377279549405e-06,1.0,1.0,2.837118075155778,0
1.9805290145072536,0.0,0.0,0.0,0.0,0.05538870911347002,4.833781208786273e-06,1.0,1.0,2.837118075155778,0
1.9857685092546276,0.0,0.0,0.0,0.0,0.0642391804636084,6.983924689617516e-06,1.0,1.0,2.837118075155778,0
1.991008004002001,0.0,0.0,0.0,0.0,0.07308965181374713,9.134068170445454e-06,1.0,1.0,2.837118075155778,0
1.9962474987493748,0.0,0.0,0.0,0.0,0.08194012316388587,1.1284211651272728e-05,1.0,1.0,2.837118075155778,0
2.0014869934967483,0.0,0.0,0.0,0.0,0.09079059451402426,1.3434355132109091e-05,1.0,1.0,2.837118075155778,0
2.006726488244122,0.0,0.0,0.0,0.0,0.099641065864163,1.5584498612936365e-05,1.0,1.0,2.837118075155778,0
2.011965982991496,0.0,0.0,0.0,0.0,0.10849153721430174,1.7734642093772727e-05,1.0,1.0,2.837118075155778,0
2.017205477738869,0.0,0.0,0.0,0.0,0.11734200856444049,1.98847855746e-05,1.0,1.0,2.837118075155778,0
2.022444972486243,0.0,0.0,0.0,0.0,0.12812633053927325,2.2451772704527275e-05,1.0,1.0,2.837118075155778,0
2.027684467233617,0.0,0.0,0.0,0.0,0.1454559930899943,2.642961526217273e-05,1.0,1.0,2.837118075155778,0
2.0329239619809907,0.0,0.0,0.0,0.0,0.16278565564071534,3.040745781981818e-05,1.0,1.0,2.837118075155778,0
2.0381634567283644,0.0,0.0,0.0,0.0,0.18011531819143636,3.438530037745455e-05,1.0,1.0,2.837118075155778,0
2.043402951475738,0.0,0.0,0.0,0.0,0.1974449807421574,3.83631429351e-05,1.0,1.0,2.837118075155778,0
2.048642446223112,0.0,0.0,0.0,0.0,0.21477464329287846,4.234098549274545e-05,1.0,1.0,2.837118075155778,0
2.053881940970485,0.0,0.0,0.0,0.0,0.232104305843598,4.631882805038182e-05,1.0,1.0,2.837118075155778,0
2.059121435717859,0.0,0.0,0.0,0.0,0.2494339683943191,5.029667060802728e-05,1.0,1.0,2.837118075155778,0
2.0643609304652326,0.0,0.0,0.0,0.0,0.26676363094504013,5.4274513165672725e-05,1.0,1.0,2.837118075155778,0
2.0696004252126063,0.0,0.0,0.0,0.0,0.2840932934957612,5.8252355723309096e-05,1.0,1.0,2.837118075155778,0
2.07483991995998,0.0,0.0,0.0,0.0,0.30288042990885117,6.194684551366363e-05,1.0,1.0,2.837118075155778,0
2.080079414707354,0.0,0.0,0.0,0.0,0.32721650295457416,6.456254645504545e-05,1.0,1.0,2.837118075155778,0
2.0853189094547275,0.0,0.0,0.0,0.0,0.3515525760002971,6.717824739641818e-05,1.0,1.0,2.837118075155778,0
2.0905584042021013,0.0,0.0,0.0,0.0,0.3758886490460201,6.97939483378e-05,1.0,1.0,2.837118075155778,0
2.095797898949475,0.0,0.0,0.0,0.0,0.40022472209174303,7.240964927918183e-05,1.0,1.0,2.837118075155778,0
2.1010373936968487,0.0,0.0,0.0,0.0,0.42456079513746603,7.502535022056363e-05,1.0,1.0,2.837118075155778,0
2.1062768884442225,0.0,0.0,0.0,0.0,0.44889686818318913,7.764105116193637e-05,1.0,1.0,2.837118075155778,0
2.111516383191596,0.0,0.0,0.0,0.0,0.47323294122891,8.025675210331818e-05,1.0,1.0,2.837118075155778,0
2.116755877938969,0.0,0.0,0.0,0.0,0.49756901427463296,8.28724530447e-05,1.0,1.0,2.837118075155778,0
2.121995372686343,0.0,0.0,0.0,0.0,0.5219050873203559,8.548815398608183e-05,1.0,1.0,2.837118075155778,0
2.127234867433717,0.0,0.0,0.0,0.0,0.5464734481542263,8.596863163399091e-05,1.0,1.0,2.837118075155778,0
2.1324743621810907,0.0,0.0,0.0,0.0,0.572045292232893,7.722494465413636e-05,1.0,1.0,2.837118075155778,0
2.1377138569284644,0.0,0.0,0.0,0.0,0.5976171363115601,6.84812576742909e-05,1.0,1.0,2.837118075155778,0
2.142953351675838,0.0,0.0,0.0,0.0,0.6231889803902271,5.973757069443637e-05,1.0,1.0,2.837118075155778,0
2.148192846423212,0.0,0.0,0.0,0.0,0.648760824468894,5.099388371458182e-05,1.0,1.0,2.837118075155778,0
2.1534323411705856,0.0,0.0,0.0,0.0,0.674332668547561,4.2250196734727275e-05,1.0,1.0,2.837118075155778,0
2.1586718359179597,0.0,0.0,0.0,0.0,0.699904512626228,3.3506509754872727e-05,1.0,1.0,2.837118075155778,0
2.1639113306653326,0.0,0.0,0.0,0.0,0.7254763567048927,2.4762822775018182e-05,1.0,1.0,2.837118075155778,0
2.1691508254127063,0.0,0.0,0.0,0.0,0.7510482007835597,1.6019135795163637e-05,1.0,1.0,2.837118075155778,0
2.17439032016008,0.0,0.0,0.0,0.0,0.7766200448622267,7.275448815316721e-06,1.0,1.0,2.837118075155778,0
2.1796298149074538,0.0,0.0,0.0,0.0,0.801276520178546,2.843140831267029e-06,1.0,1.0,2.837118075155778,0
2.1848693096548275,0.0,0.0,0.0,0.0,0.821397138344129,1.9774681005527273e-05,1.0,1.0,2.837118075155778,0
2.190108804402201,0.0,0.0,0.0,0.0,0.841517756509712,3.6706221179781817e-05,1.0,1.0,2.837118075155778,0
2.195348299149575,0.0,0.0,0.0,0.0,0.8616383746752947,5.363776135404546e-05,1.0,1.0,2.837118075155778,0
2.2005877938969487,0.0,0.0,0.0,0.0,0.8817589928408776,7.05693015283e-05,1.0,1.0,2.837118075155778,0
2.2058272886443224,0.0,0.0,0.0,0.0,0.9018796110064603,8.750084170256363e-05,1.0,1.0,2.837118075155778,0
2.211066783391696,0.0,0.0,0.0,0.0,0.9220002291720433,0.00010443238187682728,1.0,1.0,2.837118075155778,0
2.21630627813907,0.0,0.0,0.0,0.0,0.9421208473376261,0.00012136392205108182,1.0,1.0,2.837118075155778,0
2.221545772886443,0.0,0.0,0.0,0.0,0.9622414655032072,0.00013829546222534546,1.0,1.0,2.837118075155778,0
2.226785267633817,0.0,0.0,0.0,0.0,0.9823620836687901,0.0001552270023996,1.0,1.0,2.837118075155778,0
2.23202476238119,0.0,0.0,0.0,0.0,1.0009615421361968,0.0001907783683718818,1.0,1.0,2.837118075155778,0
2.2372642571285644,0.0,0.0,0.0,0.0,1.0107949955632651,0.0003336304253835909,1.0,1.0,2.837118075155778,0
2.242503751875938,0.0,0.0,0.0,0.0,1.0206284489903332,0.00047648248239530916,1.0,1.0,2.837118075155778,0
2.247743246623312,0.0,0.0,0.0,0.0,1.0304619024174015,0.0006193345394070182,1.0,1.0,2.837118075155778,0
2.252982741370685,0.0,0.0,0.0,0.0,1.0402953558444696,0.0007621865964187273,1.0,1.0,2.837118075155778,0
2.2582222361180597,0.0,0.0,0.0,0.0,1.050128809271538,0.0009050386534304454,1.0,1.0,2.837118075155778,0
2.263461730865433,0.0,0.0,0.0,0.0,1.059962262698606,0.0010478907104421544,1.0,1.0,2.837118075155778,0
2.2687012256128067,0.0,0.0,0.0,0.0,1.0697957161256744,0.0011907427674538726,1.0,1.0,2.837118075155778,0
2.27394072036018,0.0,0.0,0.0,0.0,1.0796291695527416,0.0013335948244655729,1.0,1.0,2.837118075155778,0
2.2791802151075538,0.0,0.0,0.0,0.0,1.08946262297981,0.001476446881477282,1.0,1.0,2.837118075155778,0
2.2844197098549275,0.0,0.0,0.0,0.0,1.0978709241683782,0.0016295285171059727,1.0,0.08870895023373608,2.837118075155778,0
2.289659204602301,0.0,0.0,0.0,0.0,1.096554657141301,0.0018524119832975727,1.0,0.08870895023373608,2.837118075155778,0
2.294898699349675,0.0,0.0,0.0,0.0,1.0952383901142237,0.002075295449489173,1.0,0.08870895023373608,2.837118075155778,0
2.3001381940970487,0.0,0.0,0.0,0.0,1.0939221230871465,0.002298178915680764,1.0,0.08870895023373608,2.837118075155778,0
2.3053776888444224,0.0,0.0,0.0,0.0,1.0926058560600695,0.0025210623818723637,1.0,0.08870895023373608,2.837118075155778,0
2.310617183591796,0.0,0.0,0.0,0.0,1.0912895890329923,0.0027439458480639635,1.0,0.08870895023373608,2.837118075155778,0
2.31585667833917,0.0,0.0,0.0,0.0,1.0899733220059151,0.002966829314255564,1.0,0.08870895023373608,2.837118075155778,0
2.321096173086544,0.0,0.0,0.0,0.0,1.088657054978838,0.003189712780447164,1.0,0.08870895023373608,2.837118075155778,0
2.3263356678339173,0.0,0.0,0.0,0.0,1.0873407879517607,0.0034125962466387545,1.0,0.08870895023373608,2.837118075155778,0
2.3315751625812906,0.0,0.0,0.0,0.0,1.0860245209246837,0.003635479712830337,1.0,0.08870895023373608,2.837118075155778,0
2.3368146573286643,0.0,0.0,0.0,8.141820910453003e-08,1.0838646279071726,0.0038695912072781455,1.0,0.08870895023373608,2.837118075155778,0
2.342054152076038,0.0,0.0,0.0,8.369034517258502e-07,1.0747202964572293,0.004196660331009982,1.0,0.08870895023373608,2.837118075155778,0
2.347293646823412,0.0,0.0,0.0,1.59238869434717e-06,1.065575965007286,0.004523729454741809,1.0,0.08870895023373608,2.837118075155778,0
2.352533141570785,0.0,0.0,0.0,2.3478739369684906e-06,1.056431633557343,0.004850798578473646,1.0,0.08870895023373608,2.837118075155778,0
2.3577726363181597,0.0,0.0,0.0,3.1033591795898103e-06,1.0472873021073996,0.005177867702205473,1.0,0.08870895023373608,2.837118075155778,0
2.363012131065533,0.0,0.0,0.0,3.858844422211131e-06,1.0381429706574563,0.005504936825937309,1.0,0.08870895023373608,2.837118075155778,0
2.3682516258129067,0.0,0.0,0.0,4.614329664832451e-06,1.028998639207513,0.005832005949669136,1.0,0.08870895023373608,2.837118075155778,0
2.3734911205602804,0.0,0.0,0.0,5.3698149074537714e-06,1.0198543077575697,0.006159075073400972,1.0,0.08870895023373608,2.837118075155778,0
2.378730615307654,0.0,0.0,0.0,6.125300150075091e-06,1.0107099763076266,0.006486144197132801,1.0,0.08870895023373608,2.837118075155778,0
2.3839701100550275,0.0,0.0,0.0,6.880785392696347e-06,1.001565644857684,0.006813213320864609,1.0,0.08870895023373608,2.837118075155778,0
2.389209604802401,0.0,4.7588316885721434e-07,0.0,7.567180294692801e-06,0.9920744170176821,0.007150143872972628,1.0,0.08870895023373608,2.837118075155778,0
2.394449099549775,0.0,5.900951293828814e-06,0.0,7.535035654190731e-06,0.97897546672107,0.007589633280193045,1.0,0.08870895023373608,2.837118075155778,0
2.3996885942971486,0.0,1.1326019418800413e-05,0.0,7.5028910136886625e-06,0.965876516424458,0.008029122687413454,1.0,0.08870895023373608,2.837118075155778,0
2.4049280890445224,0.0,1.6751087543772015e-05,0.0,7.470746373186593e-06,0.952777566127846,0.008468612094633864,1.0,0.08870895023373608,2.837118075155778,0
2.410167583791896,0.0,2.2176155668727274e-05,0.0,7.438601732684523e-06,0.939678615831234,0.008908101501854273,1.0,0.08870895023373608,2.837118075155778,0
2.41540707853927,0.0,2.7601223793709095e-05,0.0,7.406457092182453e-06,0.9265796655346221,0.009347590909074683,1.0,0.08870895023373608,2.837118075155778,0
2.420646573286644,0.0,3.302629191867273e-05,0.0,7.3743124516803845e-06,0.9134807152380101,0.009787080316295091,1.0,0.08870895023373608,2.837118075155778,0
2.4258860680340173,0.0,3.8451360043654546e-05,0.0,7.342167811178316e-06,0.9003817649413981,0.0102265697235155,1.0,0.08870895023373608,2.837118075155778,0
2.431125562781391,0.0,4.387642816861818e-05,0.0,7.310023170676246e-06,0.8872828146447861,0.010666059130735909,1.0,0.08870895023373608,2.837118075155778,0
2.4363650575287643,0.0,4.93014962936e-05,0.0,7.27787853017418e-06,0.8741838643481752,0.011105548537956282,1.0,0.08870895023373608,2.837118075155778,0
2.441604552276138,0.0,5.3992344672327274e-05,0.0,7.433504775114743e-06,0.8610196105198674,0.01155456793669699,1.0,0.08870895023373608,2.837118075155778,0
2.446844047023512,0.0,4.856727654736364e-05,0.0,1.0176196552818182e-05,0.8469556191437518,0.01213488944082851,1.0,0.08870895023373608,2.837118075155778,0
2.452083541770885,0.0,4.314220842238182e-05,0.0,1.2918888330527274e-05,0.8328916277676364,0.012715210944960026,1.0,0.08870895023373608,2.837118075155778,0
2.4573230365182592,0.0,3.7717140297418185e-05,0.0,1.5661580108227275e-05,0.8188276363915208,0.013295532449091535,1.0,0.08870895023373608,2.837118075155778,0
2.462562531265633,0.0,3.2292072172436364e-05,0.0,1.8404271885936364e-05,0.8047636450154054,0.013875853953223055,1.0,0.08870895023373608,2.837118075155778,0
2.4678020260130067,0.0,2.686700404747273e-05,0.0,2.1146963663645454e-05,0.7906996536392898,0.014456175457354574,1.0,0.08870895023373608,2.837118075155778,0
2.4730415207603804,0.0,2.144193592249091e-05,0.0,2.3889655441354547e-05,0.7766356622631743,0.01503649696148609,1.0,0.08870895023373608,2.837118075155778,0
2.478281015507754,0.0,1.601686779753483e-05,0.0,2.6632347219063636e-05,0.7625716708870588,0.0156168184656176,1.0,0.08870895023373608,2.837118075155778,0
2.483520510255128,0.0,1.0591799672563186e-05,0.0,2.9375038996763635e-05,0.7485076795109432,0.01619713996974912,1.0,0.08870895023373608,2.837118075155778,0
2.4887600050025016,0.0,5.166731547591547e-06,0.0,3.2117730774472725e-05,0.7344436881348279,0.016777461473880637,1.0,0.08870895023373608,2.837118075155778,0
2.493999499749875,0.0,1.1517009928027806e-05,0.0,3.456476902087273e-05,0.7204163222483037,0.01736375073376081,1.0,0.08870895023373608,2.837118075155778,0
2.4992389944972486,0.0,0.00025337421841656365,0.0,3.109873664104546e-05,0.7071214661535834,0.018069395108615237,1.0,0.08870895023373608,2.837118075155778,0
2.5044784892446224,0.0,0.0004952314269051091,0.0,2.7632704261218183e-05,0.6938266100588634,0.018775039483469654,1.0,0.08870895023373608,2.837118075155778,0
2.509717983991996,0.0,0.0007370886353936546,0.0,2.416667188139091e-05,0.6805317539641433,0.019480683858324074,1.0,0.08870895023373608,2.837118075155778,0
2.51495747873937,0.0,0.0009789458438821817,0.0,2.0700639501563637e-05,0.6672368978694231,0.02018632823317849,1.0,0.08870895023373608,2.837118075155778,0
2.5201969734867435,0.0,0.0012208030523707275,0.0,1.7234607121736363e-05,0.6539420417747029,0.020891972608032917,1.0,0.08870895023373608,2.837118075155778,0
2.5254364682341173,0.0,0.0014626602608592727,0.0,1.3768574741909092e-05,0.6406471856799828,0.021597616982887338,1.0,0.08870895023373608,2.837118075155778,0
2.530675962981491,0.0,0.0017045174693478182,0.0,1.030254236208182e-05,0.6273523295852628,0.022303261357741754,1.0,0.08870895023373608,2.837118075155778,0
2.5359154577288647,0.0,0.0019463746778363635,0.0,6.836509982263719e-06,0.6140574734905425,0.02300890573259618,1.0,0.08870895023373608,2.837118075155778,0
2.5411549524762385,0.0,0.002188231886324909,0.0,3.370477602437425e-06,0.6007626173958224,0.0237145501074506,1.0,0.08870895023373608,2.837118075155778,0
2.546394447223612,0.0,0.0024594176240065636,0.0,0.0,0.5875207588885398,0.024423799703153122,1.0,0.08870895023373608,2.837118075155778,0
2.551633941970985,0.0,0.003765100573229109,0.0,0.0,0.5761482698290191,0.02526021527059099,1.0,0.08870895023373608,2.837118075155778,0
2.556873436718359,0.0,0.005070783522451673,0.0,0.0,0.5647757807694982,0.026096630838028864,1.0,0.08870895023373608,2.837118075155778,0
2.562112931465733,0.0,0.006376466471674236,0.0,0.0,0.5534032917099775,0.02693304640546674,1.0,0.08870895023373608,2.837118075155778,0
2.5673524262131067,0.0,0.0076821494208968,0.0,0.0,0.5420308026504567,0.027769461972904603,1.0,0.08870895023373608,2.837118075155778,0
2.5725919209604804,0.0,0.008987832370119363,0.0,0.0,0.5306583135909357,0.02860587754034248,1.0,0.08870895023373608,2.837118075155778,0
2.577831415707854,0.0,0.010293515319341928,0.0,0.0,0.5192858245314149,0.029442293107780345,1.0,0.08870895023373608,2.837118075155778,0
2.583070910455228,0.0,0.011599198268564474,0.0,0.0,0.5079133354718941,0.03027870867521822,1.0,0.08870895023373608,2.837118075155778,0
2.5883104052026016,0.0,0.012904881217787035,0.0,0.0,0.4965408464123733,0.03111512424265609,1.0,0.08870895023373608,2.837118075155778,0
2.5935498999499758,0.0,0.014210564167009599,0.0,0.0,0.4851683573528525,0.03195153981009396,1.0,0.08870895023373608,2.837118075155778,0
2.598789394697349,0.0,0.015527899920623273,0.0,0.0,0.47381028973245143,0.0327887717289827,1.0,0.08870895023373608,2.837118075155778,0
2.6040288894447223,0.0,0.018383405853845854,0.0,0.0,0.46435585207583296,0.03373376203938486,1.0,0.08870895023373608,2.837118075155778,0
2.609268384192096,0.0,0.021238911787068673,0.0,0.0,0.45490141441921367,0.03467875234978708,1.0,0.08870895023373608,2.837118075155778,0
2.61450787893947,0.0,0.024094417720291493,0.0,0.0,0.4454469767625944,0.03562374266018932,1.0,0.08870895023373608,2.837118075155778,0
2.6197473736868435,0.0,0.02694992365351431,0.0,0.0,0.4359925391059752,0.036568732970591544,1.0,0.08870895023373608,2.837118075155778,0
2.624986868434217,0.0,0.02980542958673713,0.0,0.0,0.42653810144935594,0.037513723280993776,1.0,0.08870895023373608,2.837118075155778,0
2.630226363181591,0.0,0.032660935519959945,0.0,0.0,0.4170836637927367,0.038458713591396,1.0,0.08870895023373608,2.837118075155778,0
2.6354658579289647,0.0,0.035516441453182765,0.0,0.0,0.4076292261361173,0.03940370390179824,1.0,0.08870895023373608,2.837118075155778,0
2.6407053526763384,0.0,0.038371947386405585,0.0,0.0,0.3981747884794982,0.04034869421220046,1.0,0.08870895023373608,2.837118075155778,0
2.645944847423712,0.0,0.0412274533196284,0.0,0.0,0.38872035082287887,0.041293684522602694,1.0,0.08870895023373608,2.837118075155778,0
2.651184342171086,0.0,0.04408295925285122,0.0,0.0,0.3792659131662596,0.04223867483300492,1.0,0.08870895023373608,2.837118075155778,0
2.656423836918459,1.7632794579107284e-06,0.04895678461758015,0.0,2.8559723348109094e-05,0.37168871069244286,0.04328002361983991,1.0,0.08870895023373608,2.837118075155778,0
2.661663331665833,3.548935558688412e-06,0.05385622317306456,0.0,5.748187973362727e-05,0.36413533100013284,0.04432259522997996,1.0,0.08870895023373608,2.837118075155778,0
2.666902826413206,5.334591659466096e-06,0.05875566172854895,0.0,8.640403611915455e-05,0.356581951307823,0.04536516684012,1.0,0.08870895023373608,2.837118075155778,0
2.6721423211605804,7.12024776024378e-06,0.06365510028403337,0.0,0.00011532619250467272,0.3490285716155131,0.04640773845026006,1.0,0.08870895023373608,2.837118075155778,0
2.677381815907954,8.905903861021463e-06,0.06855453883951777,0.0,0.00014424834889020002,0.3414751919232032,0.047450310060400104,1.0,0.08870895023373608,2.837118075155778,0
2.682621310655328,1.0691559961799148e-05,0.07345397739500219,0.0,0.00017317050527572726,0.33392181223089323,0.04849288167054015,1.0,0.08870895023373608,2.837118075155778,0
2.6878608054027016,1.2477216062576833e-05,0.0783534159504866,0.0,0.00020209266166124548,0.32636843253858344,0.04953545328068021,1.0,0.08870895023373608,2.837118075155778,0
2.6931003001500757,1.4262872163354517e-05,0.08325285450597099,0.0,0.00023101481804677272,0.31881505284627354,0.05057802489082026,1.0,0.08870895023373608,2.837118075155778,0
2.698339794897449,1.6048528264132202e-05,0.0881522930614554,0.0,0.00025993697443229093,0.31126167315396364,0.051620596500960306,1.0,0.08870895023373608,2.837118075155778,0
2.7035792896448227,1.7834184364909884e-05,0.09305173161693982,0.0,0.0002888591308178182,0.3037082934616538,0.05266316811110035,1.0,0.08870895023373608,2.837118075155778,0
2.7088187843921965,1.893540097321398e-05,0.09995885813925667,0.0,0.00039341183111993636,0.29787795356699875,0.05375267775203294,1.0,0.08870895023373608,2.837118075155778,0
2.7140582791395698,2.0013566510528e-05,0.10693360109568886,0.0,0.0005005116740928001,0.29210564351008894,0.054843768207474004,1.0,0.08870895023373608,2.837118075155778,0
2.7192977738869435,2.109173204784212e-05,0.11390834405212165,0.0,0.0006076115170656727,0.28633333345317863,0.05593485866291516,1.0,0.08870895023373608,2.837118075155778,0
2.724537268634317,2.2169897585156233e-05,0.12088308700855442,0.0,0.0007147113600385456,0.28056102339626837,0.057025949118356296,1.0,0.08870895023373608,2.837118075155778,0
2.729776763381691,2.3248063122470346e-05,0.1278578299649872,0.0,0.0008218112030114182,0.27478871333935806,0.05811703957379745,1.0,0.08870895023373608,2.837118075155778,0
2.7350162581290647,2.4326228659784467e-05,0.13483257292141998,0.0,0.000928911045984291,0.2690164032824477,0.059208130029238595,1.0,0.08870895023373608,2.837118075155778,0
2.7402557528764384,2.5404394197098584e-05,0.14180731587785278,0.0,0.0010360108889571637,0.2632440932255374,0.06029922048467974,1.0,0.08870895023373608,2.837118075155778,0
2.745495247623812,2.6482559734412698e-05,0.14878205883428555,0.0,0.0011431107319300365,0.2574717831686271,0.06139031094012089,1.0,0.08870895023373608,2.837118075155778,0
2.750734742371186,2.756072527172681e-05,0.15575680179071832,0.0,0.0012502105749029092,0.2516994731117168,0.06248140139556204,1.0,0.08870895023373608,2.837118075155778,0
2.75597423711856,2.863889080904093e-05,0.1627315447471511,0.0,0.0013573104178757817,0.24592716305480652,0.06357249185100318,1.0,0.08870895023373608,2.837118075155778,0
2.7612137318659333,4.061316549181818e-05,0.17127858267602064,0.0,0.0015122048708438001,0.24153775158324348,0.06467596205737577,1.0,0.08870895023373608,2.837118075155778,0
2.7664532266133066,5.31927795716e-05,0.17991297032558037,0.0,0.0016697545799226365,0.2372251678108667,0.06578012002768889,1.0,0.08870895023373608,2.837118075155778,0
2.7716927213606803,6.577239365134545e-05,0.18854735797514077,0.0,0.001827304289001491,0.23291258403848952,0.0668842779980021,1.0,0.08870895023373608,2.837118075155778,0
2.776932216108054,7.835200773112727e-05,0.19718174562470114,0.0,0.0019848539980803453,0.22860000026611238,0.06798843596831533,1.0,0.08870895023373608,2.837118075155778,0
2.782171710855428,9.093162181087272e-05,0.2058161332742616,0.0,0.0021424037071592,0.22428741649373524,0.06909259393862854,1.0,0.08870895023373608,2.837118075155778,0
2.787411205602801,0.00010351123589065455,0.214450520923822,0.0,0.0022999534162380544,0.21997483272135812,0.07019675190894177,1.0,0.08870895023373608,2.837118075155778,0
2.7926507003501757,0.00011609084997043637,0.22308490857338242,0.0,0.0024575031253169,0.21566224894898092,0.07130090987925498,1.0,0.08870895023373608,2.837118075155778,0
2.797890195097549,0.00012867046405018183,0.23171929622294285,0.0,0.0026150528343957544,0.21134966517660378,0.0724050678495682,1.0,0.08870895023373608,2.837118075155778,0
2.8031296898449227,0.00014125007812996364,0.2403536838725033,0.0,0.002772602543474609,0.2070370814042266,0.07350922581988142,1.0,0.08870895023373608,2.837118075155778,0
2.8083691845922965,0.0001538296922097091,0.24898807152206368,0.0,0.002930152252553464,0.2027244976318495,0.07461338379019464,1.0,0.08870895023373608,2.837118075155778,0
2.81360867933967,0.00014042301950974547,0.2582671197546468,0.0,0.003161150674413109,0.19928724509245255,0.0757184074318752,1.0,0.08870895023373608,2.837118075155778,0
2.818848174087044,0.0001249795837918909,0.26759669543833164,0.0,0.0033979058872744823,0.1959185995956405,0.07682349892347376,1.0,0.08870895023373608,2.837118075155778,0
2.824087668834417,0.00010953614807403637,0.2769262711220157,0.0,0.0036346611001358367,0.19254995409882872,0.07792859041507222,1.0,0.08870895023373608,2.837118075155778,0
2.829327163581791,9.409271235614546e-05,0.2862558468057005,0.0,0.0038714163129972092,0.18918130860201668,0.07903368190667077,1.0,0.08870895023373608,2.837118075155778,0
2.8345666583291647,7.864927663829091e-05,0.29558542248938535,0.0,0.004108171525858581,0.18581266310520458,0.08013877339826932,1.0,0.08870895023373608,2.837118075155778,0
2.8398061530765384,6.320584092043637e-05,0.3049149981730702,0.0,0.0043449267387199635,0.18244401760839254,0.08124386488986787,1.0,0.08870895023373608,2.837118075155778,0
2.845045647823912,4.7762405202581816e-05,0.3142445738567551,0.0,0.004581681951581336,0.1790753721115805,0.08234895638146643,1.0,0.08870895023373608,2.837118075155778,0
2.850285142571286,3.231896948474187e-05,0.32357414954043984,0.0,0.0048184371644427095,0.17570672661476844,0.08345404787306498,1.0,0.08870895023373608,2.837118075155778,0
2.85552463731866,1.687553376688287e-05,0.33290372522412476,0.0,0.005055192377304082,0.17233808111795637,0.08455913936466353,1.0,0.08870895023373608,2.837118075155778,0
2.8607641320660333,1.4320980490238754e-06,0.3422333009078096,0.0,0.005291947590165463,0.1689694356211443,0.08566423085626207,1.0,0.08870895023373608,2.837118075155778,0
2.866003626813407,6.56622158496e-05,0.351238502521895,0.0,0.005611396560287573,0.16624213155519577,0.08672261767122245,1.0,0.08870895023373608,2.837118075155778,0
2.8712431215607808,0.00013803576315345455,0.3602105498802478,0.0,0.0059392976547705915,0.16358037896146246,0.08777623080376402,1.0,0.08870895023373608,2.837118075155778,0
2.876482616308154,0.00021040931045727273,0.36918259723859986,0.0,0.006267198749253582,0.16091862636772944,0.0888298439363055,1.0,0.08870895023373608,2.837118075155778,0
2.881722111055528,0.0002827828577611273,0.37815464459695264,0.0,0.006595099843736601,0.1582568737739962,0.08988345706884707,1.0,0.08870895023373608,2.837118075155778,0
2.886961605802901,0.0003551564050649818,0.38712669195530547,0.0,0.006923000938219618,0.15559512118026292,0.09093707020138862,1.0,0.08870895023373608,2.837118075155778,0
2.8922011005502752,0.00042752995236883636,0.39609873931365835,0.0,0.007250902032702636,0.15293336858652964,0.09199068333393016,1.0,0.08870895023373608,2.837118075155778,0
2.897440595297649,0.0004999034996726909,0.40507078667201113,0.0,0.007578803127185655,0.15027161599279637,0.09304429646647175,1.0,0.08870895023373608,2.837118075155778,0
2.9026800900450227,0.0005722770469765454,0.41404283403036396,0.0,0.007906704221668674,0.14760986339906312,0.09409790959901332,1.0,0.08870895023373608,2.837118075155778,0
2.9079195847923964,0.0006446505942804,0.42301488138871685,0.0,0.00823460531615169,0.14494811080532985,0.09515152273155486,1.0,0.08870895023373608,2.837118075155778,0
2.91315907953977,0.0007170241415842181,0.4319869287470696,0.0,0.00856250641063471,0.14228635821159658,0.09620513586409639,1.0,0.08870895023373608,2.837118075155778,0
2.918398574287144,0.0009742557622133819,0.43965764644082495,0.0,0.008985608569899191,0.14010090314546614,0.09718878967991794,1.0,0.08870895023373608,2.837118075155778,0
2.9236380690345176,0.0012549862904686182,0.4471629408721315,0.0,0.0094208125594325,0.13797599437521738,0.09816355036225811,1.0,0.08870895023373608,2.837118075155778,0
2.928877563781892,0.0015357168187238547,0.45466823530343803,0.0,0.009856016548965809,0.1358510856049686,0.09913831104459828,1.0,0.08870895023373608,2.837118075155778,0
2.9341170585292646,0.0018164473469790545,0.462173529734744,0.0,0.010291220538499072,0.13372617683472002,0.10011307172693837,1.0,0.08870895023373608,2.837118075155778,0
2.9393565532766384,0.002097177875234291,0.4696788241660506,0.0,0.010726424528032382,0.13160126806447126,0.10108783240927853,1.0,0.08870895023373608,2.837118075155778,0
2.944596048024012,0.0023779084034894907,0.4771841185973572,0.0,0.011161628517565681,0.1294763592942225,0.10206259309161868,1.0,0.08870895023373608,2.837118075155778,0
2.949835542771386,0.0026586389317447274,0.48468941302866375,0.0,0.011596832507098991,0.12735145052397373,0.10303735377395888,1.0,0.08870895023373608,2.837118075155778,0
2.95507503751876,0.0029393694599999633,0.49219470745997035,0.0,0.012032036496632299,0.12522654175372494,0.10401211445629904,1.0,0.08870895023373608,2.837118075155778,0
2.9603145322661333,0.0032200999882552,0.4997000018912768,0.0,0.012467240486165602,0.12310163298347616,0.10498687513863922,1.0,0.08870895023373608,2.837118075155778,0
2.965554027013507,0.0035008305165104363,0.5072052963225835,0.0,0.01290244447569891,0.1209767242132274,0.10596163582097938,1.0,0.08870895023373608,2.837118075155778,0
2.9707935217608807,0.0040970510790496,0.5128398941522637,0.0,0.013434237540121356,0.11937789561546748,0.10685473082381636,1.0,0.08870895023373608,2.837118075155778,0
2.9760330165082545,0.004741598149730545,0.5181879401903655,0.0,0.013980826040870746,0.11785965155279977,0.10773531634395486,1.0,0.08870895023373608,2.837118075155778,0
2.981272511255628,0.005386145220411491,0.5235359862284672,0.0,0.014527414541620137,0.11634140749013205,0.10861590186409338,1.0,0.08870895023373608,2.837118075155778,0
2.986512006003001,0.0060306922910923644,0.5288840322665685,0.0,0.015074003042369482,0.11482316342746446,0.10949648738423184,1.0,0.08870895023373608,2.837118075155778,0
2.991751500750375,0.006675239361773272,0.5342320783046702,0.0,0.015620591543118872,0.11330491936479672,0.11037707290437035,1.0,0.08870895023373608,2.837118075155778,0
2.996990995497749,0.007319786432454219,0.539580124342772,0.0,0.016167180043868273,0.11178667530212903,0.11125765842450888,1.0,0.08870895023373608,2.837118075155778,0
3.0022304902451227,0.007964333503135164,0.5449281703808738,0.0,0.016713768544617664,0.11026843123946131,0.11213824394464739,1.0,0.08870895023373608,2.837118075155778,0
3.0074699849924964,0.008608880573816072,0.5502762164189756,0.0,0.017260357045367054,0.10875018717679359,0.1130188294647859,1.0,0.08870895023373608,2.837118075155778,0
3.01270947973987,0.009253427644497018,0.5556242624570773,0.0,0.017806945546116445,0.10723194311412586,0.11389941498492442,1.0,0.08870895023373608,2.837118075155778,0
3.017948974487244,0.009897974715177928,0.5609723084951791,0.0,0.01835353404686584,0.10571369905145814,0.11478000050506294,1.0,0.08870895023373608,2.837118075155778,0
3.0231884692346176,0.010990098031965455,0.5641714906557236,5.49726820404e-05,0.018998353997181746,0.10449453137669353,0.11555229870206633,1.0,0.08870895023373608,2.837118075155778,0
3.0284279639819918,0.012162996943464437,0.566982860104638,0.00011986646941945454,0.01966090210851409,0.1033293390263729,0.1163050539206341,1.0,0.08870895023373608,2.837118075155778,0
3.033667458729365,0.013335895854963418,0.5697942295535526,0.00018476025679850912,0.020323450219846436,0.10216414667605228,0.11705780913920187,1.0,0.08870895023373608,2.837118075155778,0
3.0389069534767383,0.014508794766462291,0.5726055990024669,0.00024965404417755455,0.020985998331178726,0.10099895432573176,0.11781056435776958,1.0,0.08870895023373608,2.837118075155778,0
3.044146448224112,0.015681693677961274,0.5754169684513816,0.0003145478315566091,0.02164854644251107,0.09983376197541113,0.11856331957633735,1.0,0.08870895023373608,2.837118075155778,0
3.049385942971486,0.01685459258946029,0.578228337900296,0.00037944161893566363,0.02231109455384341,0.0986685696250905,0.11931607479490514,1.0,0.08870895023373608,2.837118075155778,0
3.0546254377188595,0.018027491500959274,0.5810397073492106,0.00044433540631471817,0.022973642665175754,0.09750337727476989,0.12006883001347286,1.0,0.08870895023373608,2.837118075155778,0
3.0598649324662333,0.019200390412458253,0.5838510767981252,0.0005092291936937728,0.023636190776508106,0.09633818492444926,0.12082158523204066,1.0,0.08870895023373608,2.837118075155778,0
3.065104427213607,0.020373289323957235,0.5866624462470397,0.0005741229810728273,0.024298738887840444,0.09517299257412866,0.12157434045060843,1.0,0.08870895023373608,2.837118075155778,0
3.0703439219609807,0.02154618823545622,0.5894738156959543,0.0006390167684518818,0.024961286999172792,0.09400780022380804,0.1223270956691762,1.0,0.08870895023373608,2.837118075155778,0
3.0755834167083544,0.023356681942255018,0.5903940136413247,0.0007493851182725182,0.025729301255615945,0.09311447980102261,0.12297242679605691,1.0,0.08870895023373608,2.837118075155778,0
3.080822911455728,0.025300490924434618,0.5909187848177725,0.0008692617856945818,0.026519367524218636,0.09227800532672181,0.12359529652194849,1.0,0.08870895023373608,2.837118075155778,0
3.086062406203102,0.02724429990661422,0.5914435559942203,0.0009891384531166454,0.02730943379282132,0.09144153085242102,0.12421816624784009,1.0,0.08870895023373608,2.837118075155778,0
3.091301900950476,0.029188108888793852,0.5919683271706679,0.001109015120538709,0.028099500061424008,0.09060505637812022,0.12484103597373167,1.0,0.08870895023373608,2.837118075155778,0
3.096541395697849,0.03113191787097331,0.5924930983471157,0.0012288917879607637,0.028889566330026626,0.08976858190381949,0.12546390569962323,1.0,0.08870895023373608,2.837118075155778,0
3.101780890445222,0.03307572685315291,0.5930178695235634,0.0013487684553828273,0.02967963259862931,0.0889321074295187,0.1260867754255148,1.0,0.08870895023373608,2.837118075155778,0
3.1070203851925964,0.03501953583533251,0.5935426407000112,0.001468645122804882,0.030469698867231998,0.0880956329552179,0.1267096451514064,1.0,0.08870895023373608,2.837118075155778,0
3.11225987993997,0.03696334481751215,0.5940674118764588,0.0015885217902269454,0.031259765135834686,0.0872591584809171,0.12733251487729802,1.0,0.08870895023373608,2.837118075155778,0
3.117499374687344,0.03890715379969174,0.5945921830529065,0.0017083984576490093,0.03204983140443737,0.0864226840066163,0.1279553846031896,1.0,0.08870895023373608,2.837118075155778,0
3.1227388694347176,0.04085096278187135,0.5951169542293543,0.0018282751250710727,0.032839897673040054,0.0855862095323155,0.12857825432908118,0.0206250349732083,0.08870895023373608,2.837118075155778,0
3.1279783641820917,0.04358509695831676,0.5941290438416837,0.0019871671012944457,0.03372349163500377,0.08488832190580226,0.1291026209167362,0.0206250349732083,0.08870895023373608,2.837118075155778,0
3.133217858929465,0.046508221942086474,0.592779405253898,0.002155388825274655,0.034629450914945126,0.08422357461245557,0.12960343240611724,0.0206250349732083,0.08870895023373608,2.837118075155778,0
3.1384573536768388,0.04943134692585618,0.5914297666661125,0.0023236105492548636,0.03553541019488648,0.0835588273191089,0.13010424389549827,0.0206250349732083,0.08870895023373608,2.837118075155778,0
3.1436968484242125,0.052354471909625895,0.5900801280783269,0.002491832273235073,0.036441369474827824,0.08289408002576222,0.13060505538487932,0.0206250349732083,0.08870895023373608,2.837118075155778,0
3.1489363431715858,0.05527759689339538,0.5887304894905413,0.002660053997215264,0.03734732875476909,0.0822293327324156,0.13110586687426032,0.0206250349732083,0.08870895023373608,2.837118075155778,0
3.1541758379189595,0.058200721877165094,0.5873808509027557,0.0028282757211954635,0.03825328803471044,0.08156458543906892,0.13160667836364137,0.0206250349732083,0.08870895023373608,2.837118075155778,0
3.159415332666333,0.061123846860934805,0.5860312123149701,0.002996497445175673,0.039159247314651785,0.08089983814572224,0.1321074898530224,0.0206250349732083,0.08870895023373608,2.837118075155778,0
3.164654827413707,0.06404697184470451,0.5846815737271844,0.0031647191691558823,0.04006520659459314,0.08023509085237557,0.13260830134240345,0.0206250349732083,0.08870895023373608,2.837118075155778,0
3.1698943221610807,0.06697009682847425,0.5833319351393987,0.003332940893136091,0.04097116587453448,0.0795703435590289,0.1331091128317845,0.0206250349732083,0.08870895023373608,2.837118075155778,0
3.1751338169084544,0.06989322181224396,0.5819822965516132,0.0035011626171162907,0.041877125154475836,0.07890559626568222,0.13360992432116553,0.0206250349732083,0.08870895023373608,2.837118075155778,0
3.180373311655828,0.07372451814523531,0.5795844185380555,0.003707463237570291,0.042856603628625395,0.0783346102682952,0.13399710071297113,0.0206250349732083,0.08870895023373608,2.837118075155778,0
3.185612806403202,0.07780165704091398,0.5769027814442731,0.003924071839553818,0.04385598379547463,0.07778900551344506,0.134353516011484,0.0206250349732083,0.08870895023373608,2.837118075155778,0
3.190852301150576,0.08187879593659265,0.5742211443504907,0.004140680441537346,0.044855363962323876,0.07724340075859489,0.13470993130999692,0.0206250349732083,0.08870895023373608,2.837118075155778,0
3.1960917958979493,0.08595593483227132,0.5715395072567082,0.004357289043520873,0.04585474412917311,0.07669779600374474,0.13506634660850977,0.0206250349732083,0.08870895023373608,2.837118075155778,0
3.201331290645323,0.09003307372795,0.5688578701629258,0.004573897645504391,0.04685412429602235,0.07615219124889457,0.13542276190702268,0.0206250349732083,0.08870895023373608,2.837118075155778,0
3.2065707853926964,0.09411021262362834,0.5661762330691436,0.0047905062474879,0.0478535044628715,0.07560658649404446,0.13577917720553553,0.0206250349732083,0.08870895023373608,2.837118075155778,0
3.21181028014007,0.09818735151930698,0.5634945959753611,0.005007114849471428,0.04885288462972074,0.07506098173919429,0.1361355925040484,0.0206250349732083,0.08870895023373608,2.837118075155778,0
3.217049774887444,0.10226449041498567,0.5608129588815786,0.005223723451454955,0.04985226479656997,0.07451537698434413,0.1364920078025613,0.0206250349732083,0.08870895023373608,2.837118075155778,0
3.222289269634817,0.10634162931066433,0.5581313217877961,0.005440332053438472,0.05085164496341921,0.07396977222949398,0.13684842310107417,0.0206250349732083,0.08870895023373608,2.837118075155778,0
3.2275287643821917,0.11041876820634301,0.5554496846940137,0.005656940655422,0.051851025130268444,0.07342416747464382,0.13720483839958705,0.0206250349732083,0.08870895023373608,2.837118075155778,0
3.232768259129565,0.11544313178026808,0.5521267818844372,0.005917593398062518,0.052917875795154015,0.07297197837546046,0.13746723217959678,0.0206250349732083,0.08870895023373608,2.837118075155778,0
3.2380077538769387,0.12075537736424827,0.5486089845926093,0.006191632105020355,0.05400523219963886,0.07254818030888172,0.13770105079221828,0.0206250349732083,0.08870895023373608,2.837118075155778,0
3.2432472486243125,0.12606762294822846,0.5450911873007815,0.006465670811978191,0.05509258860412371,0.07212438224230298,0.13793486940483982,0.0206250349732083,0.08870895023373608,2.837118075155778,0
3.248486743371686,0.13137986853220865,0.5415733900089539,0.006739709518936027,0.056179945008608546,0.07170058417572421,0.13816868801746135,0.0206250349732083,0.08870895023373608,2.837118075155778,0
3.25372623811906,0.13669211411618884,0.538055592717126,0.007013748225893864,0.05726730141309339,0.07127678610914548,0.13840250663008286,0.0206250349732083,0.08870895023373608,2.837118075155778,0
3.258965732866433,0.14200435970016861,0.5345377954252987,0.007287786932851682,0.05835465781757815,0.07085298804256676,0.13863632524270436,0.0206250349732083,0.08870895023373608,2.837118075155778,0
3.264205227613807,0.1473166052841488,0.5310199981334709,0.007561825639809518,0.05944201422206298,0.07042918997598802,0.13887014385532587,0.0206250349732083,0.08870895023373608,2.837118075155778,0
3.2694447223611807,0.15262885086812902,0.5275022008416431,0.007835864346767354,0.06052937062654782,0.07000539190940927,0.13910396246794737,0.0206250349732083,0.08870895023373608,2.837118075155778,0
3.2746842171085544,0.15794109645210921,0.5239844035498155,0.008109903053725182,0.061616727031032666,0.06958159384283054,0.1393377810805689,0.0206250349732083,0.08870895023373608,2.837118075155778,0
3.279923711855928,0.16325334203608938,0.5204666062579876,0.008383941760683019,0.0627040834355175,0.0691577957762518,0.1395715996931904,0.0206250349732083,0.08870895023373608,2.837118075155778,0
3.285163206603302,0.16941829633461974,0.5167115883246861,0.008703924800463945,0.06384376028070782,0.06881496600002342,0.13970997593489545,0.0206250349732083,0.08870895023373608,2.837118075155778,0
3.290402701350676,0.17587225593573252,0.5128761701068582,0.009039479577208392,0.0650011698927144,0.06849957849669902,0.13981600425894086,0.0206250349732083,0.08870895023373608,2.837118075155778,0
3.2956421960980493,0.18232621553684528,0.5090407518890302,0.009375034353952845,0.06615857950472098,0.06818419099337464,0.13992203258298627,0.0206250349732083,0.08870895023373608,2.837118075155778,0
3.300881690845423,0.188780175137958,0.5052053336712024,0.0097105891306973,0.06731598911672756,0.06786880349005024,0.14002806090703168,0.0206250349732083,0.08870895023373608,2.837118075155778,0
3.3061211855927968,0.19523413473907075,0.5013699154533744,0.010046143907441745,0.06847339872873416,0.06755341598672585,0.1401340892310771,0.0206250349732083,0.08870895023373608,2.837118075155778,0
3.3113606803401705,0.2016880943401835,0.49753449723554644,0.010381698684186192,0.06963080834074074,0.06723802848340146,0.1402401175551225,0.0206250349732083,0.08870895023373608,2.837118075155778,0
3.316600175087544,0.20814205394129567,0.49369907901771887,0.010717253460930618,0.07078821795274723,0.0669226409800771,0.1403461458791679,0.0206250349732083,0.08870895023373608,2.837118075155778,0
3.321839669834917,0.21459601354240845,0.4898636607998909,0.011052808237675064,0.07194562756475381,0.0666072534767527,0.14045217420321335,0.0206250349732083,0.08870895023373608,2.837118075155778,0
3.3270791645822912,0.22104997314352115,0.48602824258206295,0.011388363014419518,0.0731030371767604,0.06629186597342832,0.14055820252725876,0.0206250349732083,0.08870895023373608,2.837118075155778,0
3.332318659329665,0.2275039327446339,0.48219282436423505,0.011723917791163963,0.07426044678876698,0.0659764784701039,0.14066423085130417,0.0206250349732083,0.08870895023373608,2.837118075155778,0
3.3375581540770387,0.23466067589720882,0.4783048111759506,0.012103760621545865,0.07544554211952859,0.06572491808780756,0.14070048078165995,0.0206250349732083,0.08870895023373608,2.837118075155778,0
3.3427976488244124,0.2420815687294712,0.4743970295332532,0.012500249651398381,0.07664104346182227,0.06549734789927693,0.14071050366059448,0.0206250349732083,0.08870895023373608,2.837118075155778,0
3.348037143571786,0.2495024615617336,0.47048924789055574,0.0128967386812509,0.07783654480411593,0.06526977771074631,0.140720526539529,0.0206250349732083,0.08870895023373608,2.837118075155778,0
3.35327663831916,0.256923354393996,0.4665814662478583,0.013293227711103417,0.07903204614640962,0.06504220752221566,0.1407305494184635,0.0206250349732083,0.08870895023373608,2.837118075155778,0
3.3585161330665336,0.2643442472262584,0.46267368460516084,0.013689716740955947,0.0802275474887033,0.06481463733368503,0.14074057229739806,0.0206250349732083,0.08870895023373608,2.837118075155778,0
3.363755627813908,0.27176514005852076,0.4587659029624634,0.014086205770808463,0.08142304883099696,0.06458706714515441,0.14075059517633257,0.0206250349732083,0.08870895023373608,2.837118075155778,0
3.3689951225612806,0.27918603289078253,0.4548581213197663,0.014482694800660945,0.08261855017329055,0.0643594969566238,0.14076061805526707,0.0206250349732083,0.08870895023373608,2.837118075155778,0
3.3742346173086544,0.2866069257230449,0.4509503396770688,0.014879183830513471,0.08381405151558421,0.06413192676809316,0.14077064093420158,0.0206250349732083,0.08870895023373608,2.837118075155778,0
3.379474112056028,0.2940278185553073,0.44704255803437143,0.01527567286036599,0.0850095528578779,0.06390435657956255,0.1407806638131361,0.0206250349732083,0.08870895023373608,2.837118075155778,0
3.384713606803402,0.30144871138756973,0.443134776391674,0.01567216189021851,0.08620505420017156,0.0636767863910319,0.14079068669207062,0.0206250349732083,0.08870895023373608,2.837118075155778,0
3.389953101550776,0.3092651290248169,0.43929530125138483,0.016115938811806226,0.08741458417907427,0.06349168099413867,0.14075985717089137,0.0206250349732083,0.08870895023373608,2.837118075155778,0
3.3951925962981493,0.31724564737902583,0.4354841660429459,0.016579335177837263,0.08862993454976156,0.06332419396824389,0.14071207824966495,0.0206250349732083,0.08870895023373608,2.837118075155778,0
3.400432091045523,0.3252261657332348,0.431673030834507,0.01704273154386831,0.08984528492044888,0.06315670694234912,0.14066429932843852,0.0206250349732083,0.08870895023373608,2.837118075155778,0
3.4056715857928967,0.3332066840874438,0.4278618956260681,0.017506127909899347,0.09106063529113619,0.06298921991645437,0.1406165204072121,0.0206250349732083,0.08870895023373608,2.837118075155778,0
3.4109110805402705,0.3411872024416527,0.42405076041762907,0.017969524275930394,0.0922759856618235,0.0628217328905596,0.14056874148598567,0.0206250349732083,0.08870895023373608,2.837118075155778,0
3.416150575287644,0.34916772079586167,0.42023962520919017,0.018432920641961437,0.09349133603251078,0.06265424586466484,0.14052096256475924,0.0206250349732083,0.08870895023373608,2.837118075155778,0
3.421390070035018,0.35714823915007055,0.4164284900007513,0.018896317007992474,0.0947066864031981,0.06248675883877006,0.1404731836435328,0.0206250349732083,0.08870895023373608,2.837118075155778,0
3.4266295647823912,0.36512875750427887,0.41261735479231265,0.019359713374023473,0.09592203677388529,0.06231927181287531,0.14042540472230639,0.0206250349732083,0.08870895023373608,2.837118075155778,0
3.431869059529765,0.37310927585848785,0.40880621958387364,0.01982310974005452,0.0971373871445726,0.06215178478698055,0.14037762580107996,0.0206250349732083,0.08870895023373608,2.837118075155778,0
3.4371085542771387,0.38108979421269684,0.40499508437543474,0.020286506106085556,0.09835273751525989,0.061984297761085785,0.14032984687985353,0.0206250349732083,0.08870895023373608,2.837118075155778,0
3.4423480490245124,0.3891965962170161,0.401213332965772,0.02078972318605343,0.09956203731126595,0.06190317881379914,0.14023703486907252,0.0206250349732083,0.08870895023373608,2.837118075155778,0
3.447587543771886,0.3973610093755827,0.3974449865737991,0.021311106650116565,0.10076857680860354,0.061861461362227914,0.14012367856561148,0.0206250349732083,0.08870895023373608,2.837118075155778,0
3.45282703851926,0.40552542253414947,0.39367664018182624,0.02183249011417971,0.10197511630594115,0.06181974391065667,0.14001032226215046,0.0206250349732083,0.08870895023373608,2.837118075155778,0
3.4580665332666336,0.41368983569271617,0.3899082937898533,0.022353873578242856,0.10318165580327872,0.06177802645908542,0.13989696595868945,0.0206250349732083,0.08870895023373608,2.837118075155778,0
3.4633060280140078,0.4218542488512828,0.38613994739788043,0.02287525704230599,0.10438819530061637,0.06173630900751419,0.1397836096552284,0.0206250349732083,0.08870895023373608,2.837118075155778,0
3.468545522761381,0.43001866200984956,0.3823716010059076,0.023396640506369137,0.10559473479795395,0.061694591555942944,0.1396702533517674,0.0206250349732083,0.08870895023373608,2.837118075155778,0
3.473785017508755,0.4381830751684163,0.37860325461393474,0.02391802397043228,0.10680127429529154,0.061652874104371695,0.13955689704830637,0.0206250349732083,0.08870895023373608,2.837118075155778,0
3.479024512256128,0.4463474883269823,0.3748349082219621,0.024439407434495374,0.10800781379262903,0.06161115665280045,0.13944354074484536,0.0206250349732083,0.08870895023373608,2.837118075155778,0
3.484264007003502,0.45451190148554893,0.3710665618299892,0.024960790898558516,0.10921435328996663,0.06156943920122922,0.1393301844413843,0.0206250349732083,0.08870895023373608,2.837118075155778,0
3.4895035017508755,0.4626763146441156,0.36729821543801633,0.025482174362621655,0.11042089278730421,0.06152772174965798,0.1392168281379233,0.0206250349732083,0.08870895023373608,2.837118075155778,0
3.4947429964982493,0.47069013402938237,0.3637100235876751,0.026049126687920462,0.11160013993557993,0.061484378199128165,0.13907775104431622,0.0206250349732083,0.08870895023373608,2.837118075155778,0
3.499982491245623,0.47862865652799913,0.3602119090081498,0.02663886344383708,0.1127657409093247,0.06144022159911908,0.1389258135556361,0.0206250349732083,0.08870895023373608,2.837118075155778,0
3.5052219859929967,0.486567179026616,0.35671379442862455,0.027228600199753712,0.11393134188306948,0.06139606499910998,0.13877387606695596,0.0206250349732083,0.08870895023373608,2.837118075155778,0
3.5104614807403705,0.4945057015252329,0.35321567984909924,0.027818336955670344,0.11509694285681422,0.061351908399100874,0.13862193857827584,0.0206250349732083,0.08870895023373608,2.837118075155778,0
3.515700975487744,0.5024442240238496,0.34971756526957387,0.028408073711586965,0.116262543830559,0.06130775179909178,0.13847000108959576,0.0206250349732083,0.08870895023373608,2.837118075155778,0
3.520940470235118,0.5103827465224664,0.34621945069004867,0.0289978104675036,0.11742814480430375,0.0612635951990827,0.13831806360091564,0.0206250349732083,0.08870895023373608,2.837118075155778,0
3.526179964982492,0.5183212690210832,0.34272133611052336,0.02958754722342022,0.11859374577804851,0.0612194385990736,0.13816612611223553,0.0206250349732083,0.08870895023373608,2.837118075155778,0
3.531419459729865,0.5262597915196994,0.33922322153099826,0.0301772839793368,0.11975934675179319,0.06117528199906452,0.1380141886235554,0.0206250349732083,0.08870895023373608,2.837118075155778,0
3.5366589544772387,0.5341983140183162,0.33572510695147295,0.030767020735253427,0.12092494772553793,0.06113112539905542,0.1378622511348753,0.0206250349732083,0.08870895023373608,2.837118075155778,0
3.5418984492246124,0.5421368365169329,0.33222699237194764,0.031356757491170055,0.12209054869928271,0.06108696879904633,0.13771031364619518,0.0206250349732083,0.08870895023373608,2.837118075155778,0
3.547137943971986,0.5496547440190739,0.3289060113448089,0.0319952234887005,0.1232048756658064,0.06108133101020125,0.13752901638197315,0.0206250349732083,0.08870895023373608,2.837118075155778,0
3.55237743871936,0.5569427805347685,0.32568183586374194,0.03266032058339198,0.12429118079117445,0.06109674419955047,0.1373316736590247,0.0206250349732083,0.08870895023373608,2.837118075155778,0
3.5576169334667336,0.5642308170504633,0.32245766038267487,0.033325417678083474,0.12537748591654244,0.06111215738889968,0.13713433093607627,0.0206250349732083,0.08870895023373608,2.837118075155778,0
3.5628564282141078,0.5715188535661581,0.31923348490160786,0.033990514772774955,0.12646379104191044,0.06112757057824891,0.13693698821312786,0.0206250349732083,0.08870895023373608,2.837118075155778,0
3.568095922961481,0.5788068900818527,0.31600930942054084,0.03465561186746644,0.12755009616727847,0.061142983767598136,0.13673964549017942,0.0206250349732083,0.08870895023373608,2.837118075155778,0
3.5733354177088548,0.5860949265975475,0.3127851339394738,0.03532070896215793,0.12863640129264647,0.06115839695694735,0.13654230276723098,0.0206250349732083,0.08870895023373608,2.837118075155778,0
3.5785749124562285,0.593382963113242,0.3095609584584068,0.03598580605684941,0.12972270641801448,0.06117381014629657,0.13634496004428254,0.0206250349732083,0.08870895023373608,2.837118075155778,0
3.5838144072036022,0.6006709996289369,0.3063367829773398,0.036650903151540896,0.13080901154338248,0.06118922333564578,0.13614761732133412,0.0206250349732083,0.08870895023373608,2.837118075155778,0
3.5890539019509755,0.6079590361446309,0.303112607496273,0.03731600024623233,0.1318953166687504,0.061204636524995006,0.13595027459838568,0.0206250349732083,0.08870895023373608,2.837118075155778,0
3.594293396698349,0.6152470726603255,0.29988843201520604,0.03798109734092381,0.1329816217941184,0.06122004971434422,0.13575293187543724,0.0206250349732083,0.08870895023373608,2.837118075155778,0
3.599532891445723,0.6218940008357196,0.29684072780484916,0.03868152262143128,0.13400792563440375,0.061279091962378636,0.13554751050194366,0.0206250349732083,0.08870895023373608,2.837118075155778,0
3.6047723861930967,0.6281588284402942,0.2938982004718355,0.03940300350068506,0.13499846870877985,0.061364137129389415,0.1353372742527252,0.0206250349732083,0.08870895023373608,2.837118075155778,0
3.6100118809404704,0.6344236560448689,0.2909556731388219,0.040124484379938846,0.13598901178315598,0.06144918229640019,0.13512703800350667,0.0206250349732083,0.08870895023373608,2.837118075155778,0
3.615251375687844,0.6406884836494439,0.2880131458058083,0.04084596525919263,0.13697955485753208,0.061534227463410966,0.13491680175428822,0.0206250349732083,0.08870895023373608,2.837118075155778,0
3.620490870435218,0.6469533112540186,0.28507061847279475,0.04156744613844641,0.1379700979319082,0.061619272630421745,0.13470656550506976,0.0206250349732083,0.08870895023373608,2.837118075155778,0
3.625730365182592,0.6532181388585931,0.28212809113978105,0.04228892701770019,0.1389606410062843,0.061704317797432524,0.13449632925585128,0.0206250349732083,0.08870895023373608,2.837118075155778,0
3.630969859929965,0.6594829664631681,0.27918556380676746,0.04301040789695398,0.1399511840806604,0.061789362964443297,0.1342860930066328,0.0206250349732083,0.08870895023373608,2.837118075155778,0
3.636209354677339,0.6657477940677426,0.2762430364737538,0.04373188877620776,0.1409417271550365,0.061874408131454076,0.1340758567574143,0.0206250349732083,0.08870895023373608,2.837118075155778,0
3.641448849424712,0.672012621672317,0.27330050914074044,0.04445336965546148,0.14193227022941252,0.061959453298464855,0.1338656205081958,0.0206250349732083,0.08870895023373608,2.837118075155778,0
3.646688344172086,0.6782774492768916,0.27035798180772685,0.045174850534715275,0.14292281330378862,0.06204449846547562,0.13365538425897736,0.0206250349732083,0.08870895023373608,2.837118075155778,0
3.65192783891946,0.6838076915143213,0.26760711344214927,0.04593051415337479,0.14384347094059696,0.06217753771810064,0.13343476409146723,0.0206250349732083,0.08870895023373608,2.837118075155778,0
3.6571673336668336,0.6888613639061237,0.2649805858116439,0.046708354177351245,0.14471878967782628,0.062341713629574566,0.1332074072496936,0.0206250349732083,0.08870895023373608,2.837118075155778,0
3.6624068284142073,0.6939150362979263,0.26235405818113855,0.04748619420132771,0.14559410841505552,0.06250588954104846,0.13298005040791994,0.0206250349732083,0.08870895023373608,2.837118075155778,0
3.667646323161581,0.6989687086897287,0.25972753055063313,0.04826403422530417,0.1464694271522848,0.06267006545252239,0.13275269356614627,0.0206250349732083,0.08870895023373608,2.837118075155778,0
3.6728858179089543,0.7040223810815311,0.25710100292012783,0.04904187424928063,0.1473447458895141,0.06283424136399632,0.1325253367243726,0.0206250349732083,0.08870895023373608,2.837118075155778,0
3.678125312656329,0.7090760534733337,0.25447447528962247,0.04981971427325709,0.14822006462674336,0.06299841727547023,0.132297979882599,0.0206250349732083,0.08870895023373608,2.837118075155778,0
3.683364807403702,0.7141297258651361,0.2518479476591171,0.05059755429723355,0.14909538336397266,0.06316259318694416,0.1320706230408253,0.0206250349732083,0.08870895023373608,2.837118075155778,0
3.688604302151076,0.7191833982569386,0.24922142002861172,0.05137539432121001,0.14997070210120192,0.06332676909841808,0.13184326619905165,0.0206250349732083,0.08870895023373608,2.837118075155778,0
3.6938437968984497,0.7242370706487411,0.2465948923981064,0.052153234345186476,0.1508460208384312,0.063490945009892,0.131615909357278,0.0206250349732083,0.08870895023373608,2.837118075155778,0
3.699083291645823,0.7292907430405431,0.24396836476760125,0.05293107436916287,0.1517213395756604,0.06365512092136591,0.13138855251550435,0.0206250349732083,0.08870895023373608,2.837118075155778,0
3.7043227863931967,0.7335953924087841,0.24152018862929184,0.0537340047675488,0.1525083814444931,0.06382998334891087,0.13115201755053574,0.0206250349732083,0.08870895023373608,2.837118075155778,0
3.7095622811405695,0.7373718845168219,0.23919777315855645,0.05455462709660808,0.153233176803559,0.06401238114035204,0.1309090108320322,0.0206250349732083,0.08870895023373608,2.837118075155778,0
3.714801775887944,0.741148376624859,0.2368753576878211,0.05537524942566736,0.15395797216262486,0.0641947789317932,0.1306660041135287,0.0206250349732083,0.08870895023373608,2.837118075155778,0
3.720041270635318,0.7449248687328967,0.2345529422170857,0.05619587175472662,0.15468276752169074,0.06437717672323438,0.1304229973950252,0.0206250349732083,0.08870895023373608,2.837118075155778,0
3.725280765382692,0.7487013608409342,0.2322305267463503,0.0570164940837859,0.15540756288075663,0.06455957451467556,0.13017999067652167,0.0206250349732083,0.08870895023373608,2.837118075155778,0
3.730520260130065,0.7524778529489716,0.22990811127561495,0.05783711641284518,0.1561323582398225,0.06474197230611672,0.12993698395801817,0.0206250349732083,0.08870895023373608,2.837118075155778,0
3.735759754877439,0.7562543450570092,0.22758569580487958,0.058657738741904455,0.15685715359888838,0.0649243700975579,0.12969397723951465,0.0206250349732083,0.08870895023373608,2.837118075155778,0
3.740999249624813,0.7600308371650467,0.22526328033414422,0.059478361070963735,0.15758194895795424,0.06510676788899909,0.12945097052101115,0.0206250349732083,0.08870895023373608,2.837118075155778,0
3.7462387443721865,0.763807329273084,0.2229408648634089,0.060298983400023,0.15830674431702013,0.06528916568044026,0.1292079638025076,0.0206250349732083,0.08870895023373608,2.837118075155778,0
3.75147823911956,0.7675838213811215,0.22061844939267364,0.06111960572908221,0.15903153967608596,0.06547156347188142,0.12896495708400413,0.0206250349732083,0.08870895023373608,2.837118075155778,0
3.7567177338669335,0.7705538197332131,0.21844853466791184,0.0619569923711345,0.15967910905792834,0.06568652555006858,0.128711466315802,0.0206250349732083,0.08870895023373608,2.837118075155778,0
3.7619572286143073,0.7729064578207971,0.2163953572398465,0.06280721187224782,0.16026756297932973,0.06592641515749045,0.12844995014672436,0.0206250349732083,0.08870895023373608,2.837118075155778,0
3.767196723361681,0.7752590959083814,0.2143421798117812,0.06365743137336112,0.16085601690073115,0.06616630476491236,0.12818843397764673,0.0206250349732083,0.08870895023373608,2.837118075155778,0
3.772436218109055,0.7776117339959655,0.21228900238371595,0.06450765087447444,0.16144447082213256,0.06640619437233425,0.1279269178085691,0.0206250349732083,0.08870895023373608,2.837118075155778,0
3.777675712856429,0.7799643720835497,0.2102358249556506,0.06535787037558774,0.16203292474353398,0.06664608397975615,0.12766540163949147,0.0206250349732083,0.08870895023373608,2.837118075155778,0
3.782915207603802,0.782317010171134,0.20818264752758533,0.06620808987670106,0.16262137866493537,0.06688597358717806,0.12740388547041387,0.0206250349732083,0.08870895023373608,2.837118075155778,0
3.788154702351176,0.7846696482587181,0.20612947009951998,0.06705830937781436,0.16320983258633676,0.06712586319459996,0.12714236930133624,0.0206250349732083,0.08870895023373608,2.837118075155778,0
3.7933941970985496,0.7870222863463024,0.2040762926714547,0.06790852887892768,0.1637982865077382,0.06736575280202184,0.1268808531322586,0.0206250349732083,0.08870895023373608,2.837118075155778,0
3.7986336918459234,0.7893749244338866,0.2020231152433894,0.068758748380041,0.16438674042913956,0.06760564240944372,0.126619336963181,0.0206250349732083,0.08870895023373608,2.837118075155778,0
3.803873186593297,0.7917275625214707,0.1999699378153241,0.0696089678811543,0.16497519435054095,0.06784553201686563,0.12635782079410338,0.0206250349732083,0.08870895023373608,2.837118075155778,0
3.8091126813406704,0.7933792824798185,0.19803474316000072,0.07047111687849268,0.1654743113478648,0.06809118813026777,0.1260975029899044,0.0206250349732083,0.08870895023373608,2.837118075155778,0
3.814352176088044,0.7944490474776539,0.19619750667837563,0.07134317064104563,0.16589925411006007,0.0683416320307453,0.12583818015837997,0.0206250349732083,0.08870895023373608,2.837118075155778,0
3.819591670835418,0.795518812475489,0.19436027019675053,0.07221522440359855,0.16632419687225544,0.06859207593122281,0.12557885732685553,0.0206250349732083,0.08870895023373608,2.837118075155778,0
3.824831165582792,0.7965885774733241,0.1925230337151254,0.07308727816615149,0.16674913963445076,0.06884251983170031,0.12531953449533106,0.0206250349732083,0.08870895023373608,2.837118075155778,0
3.830070660330165,0.7976583424711594,0.1906857972335003,0.07395933192870441,0.16717408239664605,0.06909296373217783,0.12506021166380663,0.0206250349732083,0.08870895023373608,2.837118075155778,0
3.835310155077539,0.7987281074689946,0.18884856075187517,0.07483138569125734,0.16759902515884137,0.06934340763265534,0.12480088883228216,0.0206250349732083,0.08870895023373608,2.837118075155778,0
3.8405496498249128,0.7997978724668299,0.18701132427025005,0.07570343945381028,0.1680239679210367,0.06959385153313286,0.12454156600075772,0.0206250349732083,0.08870895023373608,2.837118075155778,0
3.8457891445722874,0.800867637464665,0.18517408778862493,0.07657549321636321,0.168448910683232,0.06984429543361036,0.12428224316923324,0.0206250349732083,0.08870895023373608,2.837118075155778,0
3.85102863931966,0.8019374024625004,0.1833368513069998,0.07744754697891613,0.16887385344542727,0.07009473933408787,0.12402292033770879,0.0206250349732083,0.08870895023373608,2.837118075155778,0
3.856268134067034,0.8030071674603355,0.1814996148253747,0.07831960074146907,0.16929879620762261,0.0703451832345654,0.12376359750618433,0.0206250349732083,0.08870895023373608,2.837118075155778,0
3.8615076288144072,0.8034293457492535,0.17977755574364804,0.07919390957735442,0.1696541358376782,0.07063025947748684,0.12350925418661632,0.0206250349732083,0.08870895023373608,2.837118075155778,0
3.866747123561781,0.8032686960001463,0.1781591563218297,0.0800702479792391,0.16994683264880803,0.07094650482860786,0.12325939242780906,0.0206250349732083,0.08870895023373608,2.837118075155778,0
3.8719866183091542,0.8031080462510392,0.1765407569000113,0.0809465863811238,0.1702395294599379,0.07126275017972887,0.12300953066900178,0.0206250349732083,0.08870895023373608,2.837118075155778,0
3.877226113056528,0.8029473965019319,0.17492235747819296,0.08182292478300848,0.17053222627106776,0.07157899553084988,0.12275966891019452,0.0206250349732083,0.08870895023373608,2.837118075155778,0
3.882465607803902,0.8027867467528248,0.17330395805637458,0.08269926318489317,0.17082492308219763,0.07189524088197091,0.12250980715138722,0.0206250349732083,0.08870895023373608,2.837118075155778,0
3.887705102551276,0.8026260970037175,0.17168555863455623,0.08357560158677786,0.1711176198933275,0.07221148623309193,0.12225994539257996,0.0206250349732083,0.08870895023373608,2.837118075155778,0
3.8929445972986496,0.8024654472546102,0.17006715921273785,0.08445193998866254,0.17141031670445736,0.07252773158421295,0.12201008363377269,0.0206250349732083,0.08870895023373608,2.837118075155778,0
3.8981840920460233,0.8023047975055029,0.1684487597909195,0.08532827839054724,0.17170301351558728,0.07284397693533397,0.12176022187496542,0.0206250349732083,0.08870895023373608,2.837118075155778,0
3.903423586793397,0.8021441477563956,0.16683036036910112,0.08620461679243192,0.1719957103267171,0.07316022228645498,0.12151036011615815,0.0206250349732083,0.08870895023373608,2.837118075155778,0
3.908663081540771,0.8019834980072883,0.16521196094728277,0.0870809551943166,0.172288407137847,0.07347646763757598,0.12126049835735087,0.0206250349732083,0.08870895023373608,2.837118075155778,0
3.913902576288145,0.8012876052199275,0.16369678110331395,0.08795739472523113,0.17250625869244904,0.07381010354393568,0.12100774399727976,0.0206250349732083,0.08870895023373608,2.837118075155778,0
3.919142071035518,0.800069717984369,0.162282265897149,0.08883393288198163,0.17265111759588297,0.07416069954624589,0.12075216863498599,0.0206250349732083,0.08870895023373608,2.837118075155778,0
3.924381565782892,0.7988518307488103,0.16086775069098394,0.08971047103873223,0.17279597649931688,0.07451129554855615,0.12049659327269219,0.0206250349732083,0.08870895023373608,2.837118075155778,0
3.929621060530265,0.7976339435132516,0.15945323548481888,0.0905870091954828,0.17294083540275082,0.07486189155086638,0.1202410179103984,0.0206250349732083,0.08870895023373608,2.837118075155778,0
3.934860555277639,0.7964160562776931,0.1580387202786538,0.09146354735223337,0.17308569430618473,0.07521248755317664,0.11998544254810461,0.0206250349732083,0.08870895023373608,2.837118075155778,0
3.9401000500250127,0.7951981690421344,0.15662420507248873,0.09234008550898394,0.17323055320961864,0.0755630835554869,0.11972986718581083,0.0206250349732083,0.08870895023373608,2.837118075155778,0
3.9453395447723865,0.7939802818065756,0.15520968986632366,0.09321662366573452,0.17337541211305255,0.07591367955779714,0.11947429182351706,0.0206250349732083,0.08870895023373608,2.837118075155778,0
3.95057903951976,0.7927623945710169,0.1537951746601586,0.09409316182248509,0.17352027101648645,0.0762642755601074,0.11921871646122327,0.0206250349732083,0.08870895023373608,2.837118075155778,0
3.955818534267134,0.7915445073354582,0.1523806594539935,0.09496969997923567,0.1736651299199204,0.07661487156241764,0.11896314109892947,0.0206250349732083,0.08870895023373608,2.837118075155778,0
3.961058029014508,0.7903266200998996,0.15096614424782845,0.09584623813598624,0.1738099888233543,0.0769654675647279,0.11870756573663568,0.0206250349732083,0.08870895023373608,2.837118075155778,0
3.9662975237618814,0.7887071883011395,0.14965223138992215,0.09670932419808151,0.17388939174732124,0.07732501726086168,0.118460243154189,0.0206250349732083,0.08870895023373608,2.837118075155778,0
3.971537018509255,0.7866634439484815,0.1484446251371347,0.09755819541788627,0.1738996272703051,0.07769402833448937,0.1182216412927148,0.0206250349732083,0.08870895023373608,2.837118075155778,0
3.976776513256629,0.7846196995958233,0.14723701888434715,0.0984070666376911,0.17390986279328888,0.07806303940811708,0.11798303943124058,0.0206250349732083,0.08870895023373608,2.837118075155778,0
3.982016008004002,0.7825759552431651,0.14602941263155958,0.09925593785749592,0.17392009831627273,0.0784320504817448,0.11774443756976638,0.0206250349732083,0.08870895023373608,2.837118075155778,0
3.987255502751376,0.780532210890507,0.14482180637877204,0.10010480907730078,0.1739303338392565,0.07880106155537253,0.11750583570829216,0.0206250349732083,0.08870895023373608,2.837118075155778,0
3.9924949974987496,0.7784884665378488,0.14361420012598447,0.10095368029710561,0.17394056936224034,0.07917007262900025,0.11726723384681792,0.0206250349732083,0.08870895023373608,2.837118075155778,0
3.9977344922461233,0.7764447221851902,0.14240659387319693,0.10180255151691045,0.17395080488522413,0.079539083702628,0.11702863198534373,0.0206250349732083,0.08870895023373608,2.837118075155778,0
4.002973986993497,0.7744009778325324,0.14119898762040947,0.10265142273671522,0.17396104040820798,0.07990809477625567,0.11679003012386953,0.0206250349732083,0.08870895023373608,2.837118075155778,0
4.008213481740871,0.7723572334798738,0.13999138136762182,0.1035002939565201,0.17397127593119174,0.08027710584988342,0.1165514282623953,0.0206250349732083,0.08870895023373608,2.837118075155778,0
4.013452976488244,0.770313489127216,0.13878377511483436,0.10434916517632487,0.17398151145417556,0.08064611692351112,0.11631282640092111,0.0206250349732083,0.08870895023373608,2.837118075155778,0
4.018692471235618,0.7679656547052254,0.13768073035874664,0.10518016588201852,0.17392830745775173,0.08102393049768006,0.11607887330727243,0.0206250349732083,0.08870895023373608,2.837118075155778,0
4.023931965982992,0.7652695881070642,0.13669742538113808,0.10599070196671359,0.17380245497942562,0.08141182435472674,0.11585024380258531,0.0206250349732083,0.08870895023373608,2.837118075155778,0
4.029171460730366,0.7625735215089029,0.13571412040352931,0.10680123805140883,0.1736766025010995,0.08179971821177348,0.11562161429789816,0.0206250349732083,0.08870895023373608,2.837118075155778,0
4.034410955477739,0.759877454910742,0.13473081542592075,0.10761177413610391,0.17355075002277337,0.08218761206882017,0.11539298479321106,0.0206250349732083,0.08870895023373608,2.837118075155778,0
4.039650450225113,0.7571813883125805,0.133747510448312,0.10842231022079914,0.17342489754444723,0.08257550592586692,0.1151643552885239,0.0206250349732083,0.08870895023373608,2.837118075155778,0
4.044889944972486,0.7544853217144196,0.13276420547070344,0.10923284630549422,0.1732990450661211,0.0829633997829136,0.1149357257838368,0.0206250349732083,0.08870895023373608,2.837118075155778,0
4.050129439719861,0.7517892551162582,0.1317809004930947,0.11004338239018947,0.17317319258779496,0.08335129363996033,0.11470709627914966,0.0206250349732083,0.08870895023373608,2.837118075155778,0
4.055368934467234,0.749093188518097,0.13079759551548614,0.1108539184748845,0.17304734010946882,0.08373918749700703,0.11447846677446254,0.0206250349732083,0.08870895023373608,2.837118075155778,0
4.060608429214607,0.7463971219199361,0.12981429053787755,0.1116644545595796,0.1729214876311427,0.08412708135405371,0.11424983726977544,0.0206250349732083,0.08870895023373608,2.837118075155778,0
4.065847923961981,0.7437010553217747,0.1288309855602688,0.11247499064427484,0.17279563515281657,0.08451497521110043,0.11402120776508828,0.0206250349732083,0.08870895023373608,2.837118075155778,0
4.071087418709355,0.7408156464692541,0.12792723872718825,0.1132660370739578,0.17262237716871948,0.08491983816017366,0.11379861585758003,0.0206250349732083,0.08870895023373608,2.837118075155778,0
4.076326913456729,0.7376951553795786,0.1271222691409653,0.11403288567354161,0.17239026178700786,0.08534576947631359,0.11358352006791739,0.0206250349732083,0.08870895023373608,2.837118075155778,0
4.081566408204102,0.7345746642899037,0.1263172995547425,0.11479973427312525,0.17215814640529628,0.08577170079245343,0.1133684242782548,0.0206250349732083,0.08870895023373608,2.837118075155778,0
4.086805902951476,0.7314541732002283,0.12551232996851958,0.11556658287270903,0.1719260310235846,0.08619763210859337,0.11315332848859216,0.0206250349732083,0.08870895023373608,2.837118075155778,0
4.09204539769885,0.7283336821105533,0.12470736038229678,0.11633343147229269,0.17169391564187306,0.08662356342473322,0.11293823269892957,0.0206250349732083,0.08870895023373608,2.837118075155778,0
4.097284892446224,0.725213191020878,0.12390239079607385,0.11710028007187648,0.17146180026016142,0.08704949474087315,0.11272313690926694,0.0206250349732083,0.08870895023373608,2.837118075155778,0
4.102524387193597,0.722092699931203,0.12309742120985104,0.11786712867146014,0.17122968487844983,0.087475426057013,0.11250804111960432,0.0206250349732083,0.08870895023373608,2.837118075155778,0
4.10776388194097,0.7189722088415282,0.12229245162362824,0.11863397727104377,0.17099756949673822,0.08790135737315286,0.11229294532994175,0.0206250349732083,0.08870895023373608,2.837118075155778,0
4.1130033766883445,0.7158517177518526,0.12148748203740531,0.11940082587062757,0.17076545411502664,0.08832728868929278,0.11207784954027909,0.0206250349732083,0.08870895023373608,2.837118075155778,0
4.118242871435718,0.7127312266621778,0.1206825124511825,0.12016767447021123,0.17053333873331497,0.08875322000543262,0.1118627537506165,0.0206250349732083,0.08870895023373608,2.837118075155778,0
4.123482366183092,0.70943040988153,0.11995385066538086,0.12091188297089797,0.17026505446189336,0.08917107075747233,0.11164924103687875,0.0206250349732083,0.08870895023373608,2.837118075155778,0
4.128721860930465,0.7058866837877498,0.1193279799754409,0.12162559392659973,0.16994804856845064,0.08957803651434164,0.11143786081953393,0.0206250349732083,0.08870895023373608,2.837118075155778,0
4.133961355677839,0.7023429576939689,0.11870210928550085,0.12233930488230164,0.1696310426750078,0.08998500227121102,0.11122648060218907,0.0206250349732083,0.08870895023373608,2.837118075155778,0
4.139200850425213,0.6987992316001888,0.11807623859556088,0.12305301583800339,0.1693140367815651,0.09039196802808033,0.11101510038484426,0.0206250349732083,0.08870895023373608,2.837118075155778,0
4.144440345172587,0.6952555055064079,0.11745036790562081,0.1237667267937053,0.16899703088812226,0.09079893378494973,0.1108037201674994,0.0206250349732083,0.08870895023373608,2.837118075155778,0
4.14967983991996,0.6917117794126277,0.11682449721568085,0.12448043774940708,0.16868002499467952,0.09120589954181904,0.11059233995015458,0.0206250349732083,0.08870895023373608,2.837118075155778,0
4.154919334667334,0.6881680533188469,0.11619862652574078,0.12519414870510898,0.16836301910123674,0.09161286529868841,0.11038095973280973,0.0206250349732083,0.08870895023373608,2.837118075155778,0
4.160158829414708,0.6846243272250665,0.11557275583580083,0.12590785966081072,0.16804601320779397,0.09201983105555774,0.11016957951546491,0.0206250349732083,0.08870895023373608,2.837118075155778,0
4.165398324162081,0.6810806011312863,0.11494688514586086,0.1266215706165125,0.16772900731435125,0.09242679681242705,0.10995819929812009,0.0206250349732083,0.08870895023373608,2.837118075155778,0
4.170637818909455,0.6775368750375055,0.1143210144559208,0.1273352815722144,0.16741200142090845,0.09283376256929642,0.10974681908077524,0.0206250349732083,0.08870895023373608,2.837118075155778,0
4.175877313656828,0.673925055720076,0.11374333313940545,0.12802257405939127,0.16705953358399175,0.0932625945128409,0.10953708769217277,0.0206250349732083,0.08870895023373608,2.837118075155778,0
4.1811168084042025,0.6702136185384181,0.1132361510914186,0.12867121730557815,0.166655186237178,0.09372341587763242,0.10932976847895248,0.0206250349732083,0.08870895023373608,2.837118075155778,0
4.186356303151576,0.6665021813567608,0.11272896904343184,0.1293198605517649,0.16625083889036435,0.09418423724242385,0.10912244926573225,0.0206250349732083,0.08870895023373608,2.837118075155778,0
4.19159579789895,0.6627907441751029,0.11222178699544498,0.1299685037979518,0.16584649154355055,0.0946450586072154,0.108915130052512,0.0206250349732083,0.08870895023373608,2.837118075155778,0
4.196835292646323,0.6590793069934455,0.11171460494745822,0.1306171470441386,0.16544214419673683,0.09510587997200684,0.10870781083929178,0.0206250349732083,0.08870895023373608,2.837118075155778,0
4.202074787393697,0.6553678698117876,0.11120742289947137,0.13126579029032548,0.16503779684992315,0.09556670133679836,0.10850049162607152,0.0206250349732083,0.08870895023373608,2.837118075155778,0
4.207314282141071,0.6516564326301304,0.11070024085148462,0.13191443353651222,0.1646334495031094,0.09602752270158982,0.10829317241285129,0.0206250349732083,0.08870895023373608,2.837118075155778,0
4.212553776888445,0.6479449954484724,0.11019305880349778,0.13256307678269913,0.16422910215629566,0.09648834406638133,0.10808585319963102,0.0206250349732083,0.08870895023373608,2.837118075155778,0
4.217793271635818,0.6442335582668152,0.10968587675551099,0.13321172002888587,0.16382475480948192,0.09694916543117278,0.10787853398641079,0.0206250349732083,0.08870895023373608,2.837118075155778,0
4.223032766383192,0.6405221210851578,0.10917869470752424,0.13386036327507267,0.16342040746266828,0.09740998679596423,0.10767121477319058,0.0206250349732083,0.08870895023373608,2.837118075155778,0
4.228272261130566,0.6367776192016105,0.10870717354449502,0.13447436776377247,0.16299058795401386,0.09789058887171125,0.10745932508647842,0.0206250349732083,0.08870895023373608,2.837118075155778,0
4.233511755877939,0.6329805143832397,0.10829238560753483,0.13503326513828817,0.16252024455152214,0.0984026602603419,0.10724016419193827,0.0206250349732083,0.08870895023373608,2.837118075155778,0
4.238751250625313,0.6291834095648682,0.10787759767057457,0.135592162512804,0.16204990114903034,0.09891473164897263,0.10702100329739808,0.0206250349732083,0.08870895023373608,2.837118075155778,0
4.243990745372686,0.6253863047464974,0.1074628097336144,0.13615105988731976,0.16157955774653862,0.09942680303760328,0.10680184240285796,0.0206250349732083,0.08870895023373608,2.837118075155778,0
4.249230240120061,0.621589199928126,0.10704802179665414,0.1367099572618356,0.16110921434404682,0.09993887442623402,0.10658268150831778,0.0206250349732083,0.08870895023373608,2.837118075155778,0
4.254469734867434,0.6177920951097552,0.10663323385969393,0.13726885463635133,0.1606388709415551,0.10045094581486466,0.10636352061377763,0.0206250349732083,0.08870895023373608,2.837118075155778,0
4.259709229614808,0.6139949902913837,0.10621844592273368,0.13782775201086714,0.1601685275390633,0.10096301720349539,0.10614435971923747,0.0206250349732083,0.08870895023373608,2.837118075155778,0
4.264948724362181,0.6101978854730128,0.1058036579857735,0.1383866493853829,0.15969818413657158,0.10147508859212605,0.10592519882469732,0.0206250349732083,0.08870895023373608,2.837118075155778,0
4.270188219109556,0.6064007806546414,0.10538887004881324,0.1389455467598987,0.15922784073407975,0.10198715998075678,0.10570603793015713,0.0206250349732083,0.08870895023373608,2.837118075155778,0
4.275427713856929,0.6026036758362706,0.10497408211185304,0.13950444413441443,0.15875749733158803,0.10249923136938742,0.10548687703561702,0.0206250349732083,0.08870895023373608,2.837118075155778,0
4.280667208604302,0.5988073146062676,0.10458574425409303,0.140031155935849,0.15827533831717086,0.10301612016291271,0.10526478643991001,0.0206250349732083,0.08870895023373608,2.837118075155778,0
4.285906703351676,0.5950122419232294,0.10424324112261817,0.14050209410721837,0.15777270430400614,0.10354135692519391,0.10503761903327682,0.0206250349732083,0.08870895023373608,2.837118075155778,0
4.2911461980990495,0.591217169240192,0.10390073799114337,0.14097303227858768,0.1572700702908415,0.10406659368747502,0.1048104516266437,0.0206250349732083,0.08870895023373608,2.837118075155778,0
4.296385692846424,0.587422096557154,0.1035582348596685,0.14144397044995705,0.15676743627767678,0.1045918304497562,0.10458328422001051,0.0206250349732083,0.08870895023373608,2.837118075155778,0
4.301625187593797,0.5836270238741167,0.10321573172819372,0.14191490862132636,0.15626480226451211,0.1051170672120373,0.10435611681337739,0.0206250349732083,0.08870895023373608,2.837118075155778,0
4.306864682341171,0.5798319511910787,0.10287322859671884,0.14238584679269572,0.1557621682513474,0.10564230397431848,0.1041289494067442,0.0206250349732083,0.08870895023373608,2.837118075155778,0
4.312104177088544,0.5760368785080414,0.10253072546524405,0.142856784964065,0.15525953423818273,0.10616754073659958,0.10390178200011108,0.0206250349732083,0.08870895023373608,2.837118075155778,0
4.317343671835919,0.5722418058250034,0.10218822233376919,0.1433277231354344,0.154756900225018,0.10669277749888076,0.10367461459347789,0.0206250349732083,0.08870895023373608,2.837118075155778,0
4.322583166583292,0.5684467331419661,0.10184571920229439,0.1437986613068037,0.15425426621185337,0.10721801426116187,0.10344744718684477,0.0206250349732083,0.08870895023373608,2.837118075155778,0
4.327822661330665,0.5646516604589288,0.10150321607081958,0.144269599478173,0.15375163219868868,0.10774325102344297,0.10322027978021163,0.0206250349732083,0.08870895023373608,2.837118075155778,0
4.333062156078039,0.5609229692272509,0.10117012337538092,0.1447037344850306,0.1532424443995233,0.10826708637605828,0.10298489273973384,0.0206250349732083,0.08870895023373608,2.837118075155778,0
4.338301650825413,0.5573198255231461,0.10085482867853253,0.14506826350683333,0.1527208613964003,0.10878827123647937,0.10273395987002826,0.0206250349732083,0.08870895023373608,2.837118075155778,0
4.343541145572787,0.5537166818190408,0.10053953398168408,0.14543279252863606,0.15219927839327713,0.10930945609690053,0.10248302700032262,0.0206250349732083,0.08870895023373608,2.837118075155778,0
4.34878064032016,0.5501135381149359,0.10022423928483568,0.14579732155043876,0.15167769539015408,0.1098306409573216,0.10223209413061705,0.0206250349732083,0.08870895023373608,2.837118075155778,0
4.354020135067534,0.5465103944108306,0.09990894458798723,0.14616185057224154,0.15115611238703094,0.11035182581774276,0.10198116126091142,0.0206250349732083,0.08870895023373608,2.837118075155778,0
4.359259629814908,0.5429072507067257,0.09959364989113882,0.14652637959404424,0.1506345293839079,0.11087301067816385,0.10173022839120587,0.0206250349732083,0.08870895023373608,2.837118075155778,0
4.364499124562282,0.5393041070026204,0.09927835519429039,0.146890908615847,0.15011294638078473,0.11139419553858501,0.10147929552150022,0.0206250349732083,0.08870895023373608,2.837118075155778,0
4.369738619309655,0.5357009632985157,0.09896306049744198,0.14725543763764973,0.14959136337766168,0.11191538039900609,0.10122836265179463,0.0206250349732083,0.08870895023373608,2.837118075155778,0
4.374978114057029,0.5320978195944103,0.09864776580059353,0.14761996665945248,0.14906978037453855,0.11243656525942725,0.100977429782089,0.0206250349732083,0.08870895023373608,2.837118075155778,0
4.3802176088044025,0.5284946758903054,0.09833247110374513,0.14798449568125518,0.14854819737141547,0.11295775011984834,0.10072649691238343,0.0206250349732083,0.08870895023373608,2.837118075155778,0
4.385457103551776,0.5249391519936525,0.09804363230282778,0.14832150079366496,0.1480235204252083,0.1135047145134516,0.1004752264267514,0.0206250349732083,0.08870895023373608,2.837118075155778,0
4.39069659829915,0.5214821644678035,0.09780953685579846,0.14860155258586955,0.1474924413967731,0.1141050227103319,0.10022325733585613,0.0206250349732083,0.08870895023373608,2.837118075155778,0
4.395936093046523,0.5180251769419549,0.09757544140876916,0.14888160437807405,0.14696136236833798,0.11470533090721212,0.0999712882449609,0.0206250349732083,0.08870895023373608,2.837118075155778,0
4.401175587793897,0.5145681894161059,0.09734134596173985,0.14916165617027857,0.14643028333990277,0.11530563910409243,0.09971931915406564,0.0206250349732083,0.08870895023373608,2.837118075155778,0
4.406415082541271,0.5111112018902575,0.09710725051471057,0.1494417079624831,0.14589920431146766,0.11590594730097262,0.09946735006317045,0.0206250349732083,0.08870895023373608,2.837118075155778,0
4.411654577288645,0.5076542143644084,0.09687315506768125,0.14972175975468763,0.14536812528303247,0.11650625549785294,0.09921538097227516,0.0206250349732083,0.08870895023373608,2.837118075155778,0
4.416894072036018,0.5041972268385598,0.09663905962065197,0.1500018115468921,0.14483704625459734,0.11710656369473316,0.09896341188137993,0.0206250349732083,0.08870895023373608,2.837118075155778,0
4.422133566783392,0.5007402393127108,0.09640496417362265,0.15028186333909666,0.14430596722616215,0.11770687189161347,0.09871144279048466,0.0206250349732083,0.08870895023373608,2.837118075155778,0
4.427373061530766,0.49728325178686245,0.09617086872659338,0.15056191513130118,0.14377488819772702,0.11830718008849368,0.09845947369958943,0.0206250349732083,0.08870895023373608,2.837118075155778,0
4.43261255627814,0.4938262642610132,0.09593677327956404,0.15084196692350574,0.14324380916929183,0.118907488285374,0.09820750460869418,0.0206250349732083,0.08870895023373608,2.837118075155778,0
4.437852051025513,0.4904669274204451,0.09572780593001642,0.15109237430935749,0.14271575040266124,0.11950954728192417,0.09795028790906928,0.0206250349732083,0.08870895023373608,2.837118075155778,0
4.443091545772886,0.4873293056603904,0.09557589171983281,0.15127547431357227,0.14219454911570162,0.12011558145477419,0.09768115655683686,0.0206250349732083,0.08870895023373608,2.837118075155778,0
4.4483310405202605,0.4841916839003353,0.0954239775096492,0.1514585743177871,0.14167334782874186,0.12072161562762432,0.0974120252046044,0.0206250349732083,0.08870895023373608,2.837118075155778,0
4.453570535267634,0.48105406214028057,0.09527206329946561,0.15164167432200185,0.1411521465417822,0.12132764980047435,0.09714289385237196,0.0206250349732083,0.08870895023373608,2.837118075155778,0
4.458810030015008,0.47791644038022546,0.09512014908928199,0.15182477432621666,0.1406309452548225,0.12193368397332445,0.0968737625001395,0.0206250349732083,0.08870895023373608,2.837118075155778,0
4.464049524762381,0.4747788186201708,0.0949682348790984,0.15200787433043145,0.14010974396786283,0.12253971814617448,0.09660463114790709,0.0206250349732083,0.08870895023373608,2.837118075155778,0
4.469289019509755,0.4716411968601156,0.09481632066891477,0.15219097433464626,0.13958854268090312,0.12314575231902461,0.0963354997956746,0.0206250349732083,0.08870895023373608,2.837118075155778,0
4.474528514257129,0.46850357510006096,0.09466440645873118,0.15237407433886105,0.13906734139394347,0.12375178649187463,0.09606636844344218,0.0206250349732083,0.08870895023373608,2.837118075155778,0
4.479768009004503,0.46536595334000574,0.09451249224854755,0.15255717434307586,0.13854614010698377,0.12435782066472476,0.09579723709120973,0.0206250349732083,0.08870895023373608,2.837118075155778,0
4.485007503751876,0.46222833157995113,0.09436057803836397,0.15274027434729065,0.1380249388200241,0.12496385483757479,0.09552810573897731,0.0206250349732083,0.08870895023373608,2.837118075155778,0
4.4902469984992495,0.459183965564636,0.09422028628543969,0.15289470564037327,0.1375091287259859,0.1255735845858333,0.09524757155254687,0.0206250349732083,0.08870895023373608,2.837118075155778,0
4.495486493246624,0.45637273891116914,0.09410905067566373,0.15297746515562555,0.1370067966142511,0.12619255327261308,0.09493853028062137,0.0206250349732083,0.08870895023373608,2.837118075155778,0
4.500725987993997,0.4535615122577027,0.09399781506588778,0.1530602246708778,0.13650446450251646,0.1268115219593928,0.0946294890086959,0.0206250349732083,0.08870895023373608,2.837118075155778,0
4.505965482741371,0.45075028560423586,0.0938865794561118,0.15314298418613007,0.13600213239078168,0.1274304906461726,0.09432044773677038,0.0206250349732083,0.08870895023373608,2.837118075155778,0
4.511204977488744,0.44793905895076946,0.09377534384633586,0.15322574370138234,0.13549980027904704,0.1280494593329523,0.09401140646484495,0.0206250349732083,0.08870895023373608,2.837118075155778,0
4.516444472236119,0.44512783229730263,0.09366410823655989,0.15330850321663458,0.13499746816731226,0.1286684280197321,0.09370236519291941,0.0206250349732083,0.08870895023373608,2.837118075155778,0
4.521683966983492,0.4423166056438362,0.09355287262678393,0.15339126273188683,0.1344951360555776,0.12928739670651182,0.09339332392099396,0.0206250349732083,0.08870895023373608,2.837118075155778,0
4.526923461730866,0.43950537899036934,0.09344163701700796,0.1534740222471391,0.13399280394384283,0.12990636539329162,0.09308428264906846,0.0206250349732083,0.08870895023373608,2.837118075155778,0
4.532162956478239,0.436694152336903,0.09333040140723199,0.15355678176239138,0.13349047183210816,0.13052533408007133,0.09277524137714299,0.0206250349732083,0.08870895023373608,2.837118075155778,0
4.5374024512256135,0.43388292568343617,0.09321916579745602,0.15363954127764365,0.13298813972037343,0.13114430276685113,0.09246620010521749,0.0206250349732083,0.08870895023373608,2.837118075155778,0
4.542641945972987,0.4311514814969808,0.09312726899871802,0.15370076946123382,0.1324944683626039,0.13177364367762334,0.09215027166753229,0.0206250349732083,0.08870895023373608,2.837118075155778,0
4.54788144072036,0.42864056809198037,0.09308882759275473,0.1537024817940977,0.13202473663607758,0.1324316549811296,0.091815306064115,0.0206250349732083,0.08870895023373608,2.837118075155778,0
4.553120935467734,0.42612965468697933,0.09305038618679141,0.1537041941269616,0.13155500490955127,0.13308966628463598,0.09148034046069764,0.0206250349732083,0.08870895023373608,2.837118075155778,0
4.558360430215108,0.42361874128197896,0.0930119447808281,0.1537059064598255,0.13108527318302501,0.1337476775881422,0.09114537485728036,0.0206250349732083,0.08870895023373608,2.837118075155778,0
4.563599924962482,0.42110782787697804,0.09297350337486478,0.15370761879268938,0.13061554145649867,0.13440568889164856,0.09081040925386302,0.0206250349732083,0.08870895023373608,2.837118075155778,0
4.568839419709855,0.4185969144719776,0.09293506196890147,0.15370933112555327,0.13014580972997242,0.13506370019515482,0.09047544365044571,0.0206250349732083,9.75540997064007e-06,2.837118075155778,0
4.574078914457229,0.4160860010669768,0.09289662056293815,0.15371104345841713,0.12967607800344608,0.1357217114986612,0.09014047804702836,0.0206250349732083,9.75540997064007e-06,2.837118075155778,0
4.579318409204602,0.4135750876619763,0.09285817915697483,0.15371275579128102,0.1292063462769198,0.13637972280216742,0.08980551244361108,0.0206250349732083,9.75540997064007e-06,2.837118075155778,0
4.584557903951977,0.41106417425697545,0.09281973775101152,0.15371446812414494,0.12873661455039345,0.1370377341056738,0.08947054684019372,0.0206250349732083,9.75540997064007e-06,2.837118075155778,0
4.58979739869935,0.408553260851975,0.09278129634504823,0.15371618045700883,0.1282668828238672,0.13769574540918003,0.08913558123677644,0.0206250349732083,9.75540997064007e-06,2.837118075155778,0
4.595036893446724,0.4061171622666489,0.0927579805848334,0.15369398930690134,0.12780423581365907,0.13836368625582163,0.08879566931268949,0.0206250349732083,9.75540997064007e-06,2.837118075155778,0
4.600276388194097,0.4039108520560383,0.09278112216513182,0.1535983803162391,0.12736334900357127,0.13906212498494974,0.08844056511797459,0.0206250349732083,9.75540997064007e-06,2.837118075155778,0
4.605515882941471,0.4017045418454278,0.09280426374543023,0.15350277132557683,0.12692246219348344,0.13976056371407788,0.08808546092325967,0.0206250349732083,9.75540997064007e-06,2.837118075155778,0
4.610755377688845,0.3994982316348169,0.09282740532572863,0.15340716233491455,0.12648157538339558,0.14045900244320617,0.08773035672854469,0.0206250349732083,9.75540997064007e-06,2.837118075155778,0
4.615994872436218,0.39729192142420633,0.09285054690602705,0.1533115533442523,0.12604068857330777,0.1411574411723343,0.08737525253382979,0.0206250349732083,9.75540997064007e-06,2.837118075155778,0
4.621234367183592,0.39508561121359553,0.09287368848632548,0.15321594435359,0.1255998017632199,0.14185587990146256,0.0870201483391148,0.0206250349732083,9.75540997064007e-06,2.837118075155778,0
4.6264738619309655,0.3928793010029849,0.09289683006662387,0.15312033536292777,0.12515891495313208,0.1425543186305907,0.08666504414439989,0.0206250349732083,9.75540997064007e-06,2.837118075155778,0
4.63171335667834,0.390672990792374,0.0929199716469223,0.1530247263722655,0.12471802814304421,0.14325275735971899,0.08630993994968492,0.0206250349732083,9.75540997064007e-06,2.837118075155778,0
4.636952851425713,0.3884666805817634,0.09294311322722071,0.15292911738160325,0.1242771413329564,0.14395119608884713,0.08595483575497001,0.0206250349732083,9.75540997064007e-06,2.837118075155778,0
4.642192346173087,0.3862603703711526,0.09296625480751913,0.15283350839094095,0.12383625452286852,0.14464963481797538,0.08559973156025502,0.0206250349732083,9.75540997064007e-06,2.837118075155778,0
4.6474318409204605,0.3840952637439357,0.0929978279429989,0.15271848284036388,0.1234071717055274,0.1453449702562633,0.08524233734748723,0.0206250349732083,9.75540997064007e-06,2.837118075155778,0
4.652671335667835,0.382071622753037,0.09305834941793474,0.15253679376741236,0.12301861592994986,0.14602965106266655,0.0848770807394045,0.0206250349732083,9.75540997064007e-06,2.837118075155778,0
4.657910830415208,0.3800479817621386,0.09311887089287055,0.15235510469446092,0.12263006015437242,0.1467143318690697,0.08451182413132186,0.0206250349732083,9.75540997064007e-06,2.837118075155778,0
4.663150325162581,0.3780243407712403,0.09317939236780635,0.15217341562150946,0.12224150437879491,0.14739901267547287,0.08414656752323921,0.0206250349732083,9.75540997064007e-06,2.837118075155778,0
4.668389819909955,0.3760006997803417,0.09323991384274218,0.151991726548558,0.12185294860321738,0.1480836934818761,0.08378131091515648,0.0206250349732083,9.75540997064007e-06,2.837118075155778,0
4.673629314657329,0.3739770587894433,0.09330043531767798,0.15181003747560654,0.1214643928276399,0.14876837428827924,0.0834160543070738,0.0206250349732083,9.75540997064007e-06,2.837118075155778,0
4.678868809404703,0.37195341779854457,0.09336095679261379,0.15162834840265507,0.12107583705206236,0.1494530550946825,0.0830507976989911,0.0206250349732083,9.75540997064007e-06,2.837118075155778,0
4.684108304152076,0.36992977680764627,0.09342147826754961,0.1514466593297036,0.1206872812764849,0.15013773590108564,0.08268554109090842,0.0206250349732083,9.75540997064007e-06,2.837118075155778,0
4.68934779889945,0.3679061358167475,0.09348199974248543,0.15126497025675212,0.12029872550090737,0.15082241670748892,0.08232028448282569,0.0206250349732083,9.75540997064007e-06,2.837118075155778,0
4.694587293646824,0.36588249482584934,0.09354252121742124,0.15108328118380068,0.11991016972532989,0.15150709751389208,0.08195502787474303,0.0206250349732083,9.75540997064007e-06,2.837118075155778,0
4.699826788394198,0.36390250833060106,0.09360972029346222,0.1508858001101717,0.11952965371296632,0.1521716193664158,0.08158762615874698,0.0206250349732083,9.75540997064007e-06,2.837118075155778,0
4.705066283141571,0.36209128372707494,0.09370273399816582,0.150627269472948,0.11918021824863735,0.15275820965333195,0.08121193176947629,0.0206250349732083,9.75540997064007e-06,2.837118075155778,0
4.710305777888944,0.36028005912354893,0.09379574770286939,0.1503687388357243,0.11883078278430836,0.1533447999402481,0.0808362373802056,0.0206250349732083,9.75540997064007e-06,2.837118075155778,0
4.715545272636319,0.35846883452002254,0.093888761407573,0.15011020819850054,0.11848134731997935,0.15393139022716434,0.08046054299093484,0.0206250349732083,9.75540997064007e-06,2.837118075155778,0
4.720784767383692,0.3566576099164965,0.09398177511227658,0.14985167756127687,0.11813191185565038,0.1545179805140805,0.08008484860166416,0.0206250349732083,9.75540997064007e-06,2.837118075155778,0
4.726024262131066,0.35484638531297014,0.0940747888169802,0.14959314692405312,0.11778247639132136,0.15510457080099674,0.0797091542123934,0.0206250349732083,9.75540997064007e-06,2.837118075155778,0
4.731263756878439,0.3530351607094441,0.09416780252168376,0.1493346162868294,0.11743304092699236,0.1556911610879129,0.0793334598231227,0.0206250349732083,9.75540997064007e-06,2.837118075155778,0
4.736503251625813,0.3512239361059177,0.09426081622638738,0.14907608564960567,0.11708360546266333,0.15627775137482913,0.07895776543385195,0.0206250349732083,9.75540997064007e-06,2.837118075155778,0
4.741742746373187,0.34941271150239156,0.09435382993109095,0.14881755501238197,0.11673416999833437,0.1568643416617453,0.07858207104458126,0.0206250349732083,9.75540997064007e-06,2.837118075155778,0
4.746982241120561,0.3476014868988652,0.09444684363579457,0.14855902437515822,0.11638473453400534,0.15745093194866153,0.07820637665531051,0.0206250349732083,9.75540997064007e-06,2.837118075155778,0
4.752221735867934,0.34581319411060096,0.09454515376212179,0.1482888789881633,0.1160416747345872,0.15803908631028515,0.07782974451674378,0.0206250349732083,9.75540997064007e-06,2.837118075155778,0
4.757461230615308,0.3441256153758507,0.09466672519963394,0.14796772287582147,0.11572661616619627,0.15863410991893498,0.07744899388464707,0.0206250349732083,9.75540997064007e-06,2.837118075155778,0
4.762700725362682,0.34243803664110073,0.09478829663714608,0.1476465667634797,0.11541155759780536,0.15922913352758475,0.07706824325255042,0.0206250349732083,9.75540997064007e-06,2.837118075155778,0
4.767940220110055,0.34075045790635083,0.0949098680746582,0.14732541065113797,0.11509649902941446,0.15982415713623446,0.07668749262045378,0.0206250349732083,9.75540997064007e-06,2.837118075155778,0
4.773179714857429,0.33906287917160055,0.09503143951217037,0.14700425453879615,0.11478144046102354,0.1604191807448843,0.07630674198835707,0.0206250349732083,9.75540997064007e-06,2.837118075155778,0
4.778419209604802,0.33737530043685054,0.0951530109496825,0.1466830984264544,0.11446638189263265,0.16101420435353403,0.07592599135626042,0.0206250349732083,9.75540997064007e-06,2.837118075155778,0
4.7836587043521765,0.3356877217021004,0.09527458238719465,0.14636194231411262,0.11415132332424172,0.16160922796218385,0.07554524072416373,0.0206250349732083,9.75540997064007e-06,2.837118075155778,0
4.78889819909955,0.3340001429673504,0.09539615382470677,0.14604078620177088,0.11383626475585083,0.1622042515708336,0.07516449009206708,0.0206250349732083,9.75540997064007e-06,2.837118075155778,0
4.794137693846924,0.33231256423260014,0.09551772526221892,0.14571963008942906,0.1135212061874599,0.16279927517948342,0.07478373945997037,0.0206250349732083,9.75540997064007e-06,2.837118075155778,0
4.799377188594297,0.3306249854978502,0.09563929669973106,0.14539847397708733,0.11320614761906901,0.16339429878813314,0.07440298882787373,0.0206250349732083,9.75540997064007e-06,2.837118075155778,0
4.804616683341672,0.328973454404711,0.09576785749294706,0.14506782444057886,0.11290019136535193,0.16399099718737828,0.07402601179733491,0.0206250349732083,9.75540997064007e-06,2.837118075155778,0
4.809856178089045,0.32750380004879126,0.09593168276266868,0.14468927626395683,0.11264016042658018,0.164596145666445,0.07366807430192915,0.0206250349732083,9.75540997064007e-06,2.837118075155778,0
4.815095672836419,0.32603414569287126,0.09609550803239032,0.14431072808733475,0.11238012948780844,0.1652012941455119,0.0733101368065233,0.0206250349732083,9.75540997064007e-06,2.837118075155778,0
4.820335167583792,0.3245644913369515,0.09625933330211195,0.14393217991071272,0.1121200985490367,0.16580644262457864,0.07295219931111754,0.0206250349732083,9.75540997064007e-06,2.837118075155778,0
4.8255746623311655,0.32309483698103175,0.09642315857183358,0.1435536317340907,0.11186006761026497,0.16641159110364542,0.07259426181571178,0.0206250349732083,9.75540997064007e-06,2.837118075155778,0
4.83081415707854,0.3216251826251118,0.09658698384155522,0.1431750835574686,0.1116000366714932,0.16701673958271226,0.07223632432030594,0.0206250349732083,9.75540997064007e-06,2.837118075155778,0
4.836053651825913,0.320155528269192,0.09675080911127684,0.1427965353808466,0.11134000573272147,0.16762188806177902,0.07187838682490018,0.0206250349732083,9.75540997064007e-06,2.837118075155778,0
4.841293146573287,0.3186858739132721,0.09691463438099848,0.14241798720422452,0.1110799747939497,0.1682270365408459,0.07152044932949433,0.0206250349732083,9.75540997064007e-06,2.837118075155778,0
4.84653264132066,0.3172162195573523,0.09707845965072011,0.1420394390276025,0.11081994385517796,0.16883218501991265,0.07116251183408857,0.0206250349732083,9.75540997064007e-06,2.837118075155778,0
4.851772136068035,0.3157465652014323,0.09724228492044178,0.1416608908509804,0.1105599129164062,0.1694373334989795,0.07080457433868273,0.0206250349732083,9.75540997064007e-06,2.837118075155778,0
4.857011630815408,0.31429666088331765,0.09741119640926035,0.14127676248781904,0.11030617407700515,0.17004858473161785,0.07044865889878256,0.0206250349732083,9.75540997064007e-06,2.837118075155778,0
4.862251125562782,0.31296287316678095,0.09761001135863175,0.1408598264762108,0.11008942844252485,0.17069571594646168,0.07010463175073421,0.0206250349732083,9.75540997064007e-06,2.837118075155778,0
4.867490620310155,0.3116290854502445,0.09780882630800311,0.1404428904646026,0.1098726828080446,0.17134284716130546,0.06976060460268592,0.0206250349732083,9.75540997064007e-06,2.837118075155778,0
4.872730115057529,0.310295297733708,0.09800764125737448,0.1400259544529944,0.10965593717356432,0.17198997837614916,0.06941657745463761,0.0206250349732083,9.75540997064007e-06,2.837118075155778,0
4.877969609804903,0.3089615100171713,0.09820645620674587,0.13960901844138612,0.10943919153908403,0.17263710959099302,0.06907255030658926,0.0206250349732083,9.75540997064007e-06,2.837118075155778,0
4.883209104552276,0.3076277223006348,0.09840527115611726,0.13919208242977793,0.10922244590460374,0.17328424080583674,0.06872852315854096,0.0206250349732083,9.75540997064007e-06,2.837118075155778,0
4.88844859929965,0.3062939345840981,0.09860408610548864,0.13877514641816968,0.10900570027012346,0.1739313720206806,0.0683844960104926,0.0206250349732083,9.75540997064007e-06,2.837118075155778,0
4.893688094047024,0.3049601468675616,0.09880290105486002,0.13835821040656146,0.10878895463564318,0.17457850323552432,0.0680404688624443,0.0206250349732083,9.75540997064007e-06,2.837118075155778,0
4.898927588794398,0.30362635915102487,0.09900171600423142,0.1379412743949532,0.10857220900116289,0.17522563445036815,0.06769644171439596,0.0206250349732083,9.75540997064007e-06,2.837118075155778,0
4.904167083541771,0.3022925714344884,0.09920053095360278,0.13752433838334502,0.10835546336668263,0.17587276566521193,0.06735241456634765,0.0206250349732083,9.75540997064007e-06,2.837118075155778,0
4.909406578289145,0.30097922549733896,0.09940312300626411,0.13710363896018257,0.10814395045841083,0.17651569486138408,0.06701111149055267,0.0206250349732083,9.75540997064007e-06,2.837118075155778,0
4.914646073036519,0.29980856318031274,0.09963207923988918,0.13665667092437203,0.10796896197907434,0.17712929396722787,0.06668882243908625,0.0206250349732083,9.75540997064007e-06,2.837118075155778,0
4.919885567783893,0.29863790086328634,0.09986103547351427,0.13620970288856143,0.10779397349973782,0.17774289307307178,0.06636653338761977,0.0206250349732083,9.75540997064007e-06,2.837118075155778,0
4.925125062531266,0.2974672385462601,0.10008999170713934,0.1357627348527509,0.10761898502040132,0.17835649217891555,0.06604424433615336,0.0206250349732083,9.75540997064007e-06,2.837118075155778,0
4.930364557278639,0.29629657622923394,0.1003189479407644,0.13531576681694035,0.10744399654106483,0.17897009128475935,0.06572195528468693,0.0206250349732083,9.75540997064007e-06,2.837118075155778,0
4.935604052026013,0.2951259139122075,0.10054790417438948,0.13486879878112976,0.10726900806172832,0.1795836903906032,0.06539966623322045,0.0206250349732083,9.75540997064007e-06,2.837118075155778,0
4.940843546773387,0.2939552515951813,0.10077686040801455,0.13442183074531924,0.10709401958239181,0.18019728949644703,0.06507737718175403,0.0206250349732083,9.75540997064007e-06,2.837118075155778,0
4.946083041520761,0.29278458927815487,0.10100581664163966,0.13397486270950862,0.10691903110305531,0.18081088860229091,0.06475508813028756,0.0206250349732083,9.75540997064007e-06,2.837118075155778,0
4.951322536268134,0.2916139269611287,0.10123477287526472,0.13352789467369808,0.10674404262371882,0.1814244877081347,0.06443279907882114,0.0206250349732083,9.75540997064007e-06,2.837118075155778,0
4.956562031015508,0.29044326464410225,0.10146372910888982,0.1330809266378875,0.10656905414438231,0.18203808681397865,0.06411051002735467,0.0206250349732083,9.75540997064007e-06,2.837118075155778,0
4.961801525762882,0.2892945774032626,0.10169803721595574,0.13263331047120602,0.10639614941772994,0.18265505423758127,0.06379171087985355,0.0206250349732083,9.75540997064007e-06,2.837118075155778,0
4.967041020510256,0.2883326783100083,0.10197783624726893,0.1321801851921216,0.10624095658889257,0.18330065236213453,0.0635025759160574,0.0206250349732083,9.75540997064007e-06,2.837118075155778,0
4.972280515257629,0.2873707792167542,0.10225763527858209,0.1317270599130373,0.10608576376005527,0.18394625048668764,0.06321344095226132,0.0206250349732083,9.75540997064007e-06,2.837118075155778,0
4.977520010005003,0.2864088801234999,0.1025374343098953,0.13127393463395287,0.10593057093121792,0.1845918486112409,0.06292430598846516,0.0206250349732083,9.75540997064007e-06,2.837118075155778,0
4.9827595047523765,0.2854469810302458,0.10281723334120846,0.13082080935486853,0.1057753781023806,0.185237446735794,0.06263517102466908,0.0206250349732083,9.75540997064007e-06,2.837118075155778,0
4.98799899949975,0.2844850819369917,0.10309703237252162,0.13036768407578422,0.10562018527354329,0.1858830448603472,0.06234603606087298,0.0206250349732083,9.75540997064007e-06,2.837118075155778,0
4.993238494247124,0.2835231828437374,0.1033768314038348,0.12991455879669983,0.10546499244470592,0.18652864298490043,0.06205690109707684,0.0206250349732083,9.75540997064007e-06,2.837118075155778,0
4.998477988994497,0.2825612837504833,0.10365663043514796,0.12946143351761547,0.10530979961586859,0.18717424110945355,0.06176776613328074,0.0206250349732083,9.75540997064007e-06,2.837118075155778,0
5.003717483741871,0.281599384657229,0.10393642946646117,0.12900830823853107,0.10515460678703124,0.1878198392340068,0.06147863116948459,0.0206250349732083,9.75540997064007e-06,2.837118075155778,0
5.008956978489245,0.2806374855639749,0.10421622849777433,0.12855518295944673,0.10499941395819391,0.18846543735855992,0.0611894962056885,0.0206250349732083,9.75540997064007e-06,2.837118075155778,0
5.014196473236619,0.2796905594660469,0.10450336620112839,0.12810145963960617,0.10484545397610466,0.18910545648051577,0.060904188517913696,0.0206250349732083,9.75540997064007e-06,2.837118075155778,0
5.019435967983992,0.27890437287676817,0.10486928670727401,0.12764131617635396,0.10470472896645854,0.18968558336870528,0.060659967763897385,0.0206250349732083,9.75540997064007e-06,2.837118075155778,0
5.024675462731366,0.27811818628748936,0.10523520721341967,0.12718117271310164,0.10456400395681244,0.19026571025689484,0.06041574700988103,0.0206250349732083,9.75540997064007e-06,2.837118075155778,0
5.02991495747874,0.27733199969821065,0.10560112771956529,0.1267210292498494,0.10442327894716631,0.19084583714508438,0.06017152625586472,0.0206250349732083,9.75540997064007e-06,2.837118075155778,0
5.035154452226114,0.2765458131089319,0.10596704822571094,0.1262608857865971,0.10428255393752019,0.19142596403327397,0.05992730550184836,0.0206250349732083,9.75540997064007e-06,2.837118075155778,0
5.040393946973487,0.2757596265196532,0.10633296873185656,0.1258007423233449,0.10414182892787406,0.19200609092146345,0.05968308474783205,0.0206250349732083,9.75540997064007e-06,2.837118075155778,0
5.04563344172086,0.2749734399303745,0.10669888923800216,0.1253405988600927,0.10400110391822798,0.192586217809653,0.05943886399381574,0.0206250349732083,9.75540997064007e-06,2.837118075155778,0
5.0508729364682345,0.27418725334109567,0.10706480974414782,0.12488045539684037,0.10386037890858182,0.19316634469784258,0.05919464323979939,0.0206250349732083,9.75540997064007e-06,2.837118075155778,0
5.056112431215608,0.273401066751817,0.10743073025029344,0.12442031193358816,0.1037196538989357,0.19374647158603206,0.058950422485783076,0.0206250349732083,9.75540997064007e-06,2.837118075155778,0
5.061351925962982,0.27261488016253815,0.1077966507564391,0.12396016847033584,0.10357892888928956,0.19432659847422168,0.05870620173176672,0.0206250349732083,9.75540997064007e-06,2.837118075155778,0
5.066591420710355,0.27183817595593845,0.10816523980717933,0.12349951408679549,0.10343848491474684,0.19489901563396256,0.05846408512428582,0.0206250349732083,9.75540997064007e-06,2.837118075155778,0
5.0718309154577295,0.2711975074700788,0.10857211220921922,0.12303152996219868,0.10330207271303332,0.1953608278432673,0.05825215492671666,0.0206250349732083,9.75540997064007e-06,2.837118075155778,0
5.077070410205103,0.27055683898421923,0.10897898461125906,0.12256354583760198,0.10316566051131984,0.19582264005257183,0.05804022472914755,0.0206250349732083,9.75540997064007e-06,2.837118075155778,0
5.082309904952477,0.2699161704983596,0.10938585701329893,0.12209556171300519,0.10302924830960632,0.19628445226187655,0.0578282945315784,0.0206250349732083,9.75540997064007e-06,2.837118075155778,0
5.08754939969985,0.26927550201250006,0.10979272941533877,0.12162757758840848,0.10289283610789282,0.19674626447118118,0.05761636433400929,0.0206250349732083,9.75540997064007e-06,2.837118075155778,0
5.092788894447224,0.2686348335266405,0.1101996018173786,0.12115959346381174,0.1027564239061793,0.1972080766804858,0.057404434136440176,0.0206250349732083,9.75540997064007e-06,2.837118075155778,0
5.098028389194598,0.2679941650407809,0.11060647421941851,0.12069160933921493,0.10262001170446582,0.19766988888979045,0.05719250393887102,0.0206250349732083,9.75540997064007e-06,2.837118075155778,0
5.103267883941971,0.26735349655492135,0.11101334662145833,0.12022362521461823,0.1024835995027523,0.19813170109909511,0.0569805737413019,0.0206250349732083,9.75540997064007e-06,2.837118075155778,0
5.108507378689345,0.26671282806906166,0.11142021902349822,0.11975564109002143,0.10234718730103881,0.19859351330839978,0.05676864354373275,0.0206250349732083,9.75540997064007e-06,2.837118075155778,0
5.113746873436718,0.2660721595832022,0.11182709142553805,0.11928765696542469,0.1022107750993253,0.19905532551770447,0.056556713346163634,0.0206250349732083,9.75540997064007e-06,2.837118075155778,0
5.118986368184093,0.26543829599473967,0.11223593397020651,0.11882019028646339,0.10207454910155518,0.19951610401326134,0.05634729577632813,0.0206250349732083,9.75540997064007e-06,2.837118075155778,0
5.124225862931466,0.2649484694011849,0.11268647786717977,0.11836367620678687,0.10194226442058624,0.19995500223449011,0.05619106216018806,0.0206250349732083,9.75540997064007e-06,2.837118075155778,0
5.12946535767884,0.26445864280762993,0.11313702176415309,0.11790716212711029,0.10180997973961728,0.20039390045571892,0.056034828544047954,0.0206250349732083,9.75540997064007e-06,2.837118075155778,0
5.134704852426213,0.2639688162140751,0.11358756566112635,0.1174506480474338,0.10167769505864838,0.2008327986769477,0.05587859492790788,0.0206250349732083,9.75540997064007e-06,2.837118075155778,0
5.139944347173588,0.26347898962052013,0.11403810955809968,0.11699413396775718,0.10154541037767939,0.20127169689817653,0.05572236131176779,0.0206250349732083,9.75540997064007e-06,2.837118075155778,0
5.145183841920961,0.26298916302696534,0.11448865345507293,0.11653761988808067,0.10141312569671045,0.2017105951194053,0.055566127695627715,0.0206250349732083,9.75540997064007e-06,2.837118075155778,0
5.150423336668334,0.26249933643341045,0.11493919735204619,0.11608110580840417,0.10128084101574153,0.2021494933406341,0.05540989407948764,0.0206250349732083,9.75540997064007e-06,2.837118075155778,0
5.155662831415708,0.26200950983985555,0.1153897412490195,0.11562459172872756,0.10114855633477259,0.20258839156186292,0.055253660463347544,0.0206250349732083,9.75540997064007e-06,2.837118075155778,0
5.1609023261630815,0.26151968324630065,0.11584028514599276,0.11516807764905104,0.10101627165380363,0.20302728978309165,0.05509742684720747,0.0206250349732083,9.75540997064007e-06,2.837118075155778,0
5.166141820910456,0.26102985665274575,0.11629082904296609,0.11471156356937447,0.1008839869728347,0.2034661880043205,0.05494119323106738,0.0206250349732083,9.75540997064007e-06,2.837118075155778,0
5.171381315657829,0.26054449353208653,0.11674239113220548,0.11425534428751745,0.10075166858713201,0.20390569200395797,0.05478593073101724,0.0206250349732083,9.75540997064007e-06,2.837118075155778,0
5.176620810405203,0.2602327595070657,0.117233560900598,0.11381059264083873,0.10061803908728723,0.20436876078369332,0.05466844464686547,0.0206250349732083,9.75540997064007e-06,2.837118075155778,0
5.1818603051525765,0.25992102548204493,0.1177247306689904,0.11336584099416003,0.10048440958744247,0.20483182956342857,0.054550958562713726,0.0206250349732083,9.75540997064007e-06,2.837118075155778,0
5.187099799899951,0.25960929145702416,0.11821590043738292,0.11292108934748131,0.10035078008759767,0.20529489834316397,0.054433472478561964,0.0206250349732083,9.75540997064007e-06,2.837118075155778,0
5.192339294647324,0.2592975574320034,0.11870707020577534,0.11247633770080266,0.10021715058775289,0.2057579671228993,0.054315986394410216,0.0206250349732083,9.75540997064007e-06,2.837118075155778,0
5.197578789394698,0.25898582340698256,0.11919823997416785,0.11203158605412393,0.1000835210879081,0.2062210359026346,0.054198500310258454,0.0206250349732083,9.75540997064007e-06,2.837118075155778,0
5.202818284142071,0.25867408938196185,0.11968940974256026,0.11158683440744527,0.09994989158806332,0.2066841046823699,0.05408101422610671,0.0206250349732083,9.75540997064007e-06,2.837118075155778,0
5.208057778889445,0.2583623553569411,0.12018057951095268,0.11114208276076662,0.09981626208821855,0.20714717346210518,0.053963528141954965,0.0206250349732083,9.75540997064007e-06,2.837118075155778,0
5.213297273636819,0.25805062133192025,0.1206717492793452,0.11069733111408789,0.09968263258837376,0.20761024224184055,0.0538460420578032,0.0206250349732083,9.75540997064007e-06,2.837118075155778,0
5.218536768384192,0.2577388873068995,0.1211629190477376,0.11025257946740925,0.099549003088529,0.20807331102157586,0.05372855597365146,0.0206250349732083,9.75540997064007e-06,2.837118075155778,0
5.223776263131566,0.2574277375503613,0.12165435444178553,0.10980795601347162,0.09941527982933306,0.2085362254151727,0.053611274523631604,0.0206250349732083,9.75540997064007e-06,2.837118075155778,0
5.22901575787894,0.25723256508762327,0.12219851652843212,0.10938877881865013,0.09926294533893469,0.20896849416027244,0.05353461294879478,0.0206250349732083,9.75540997064007e-06,2.837118075155778,0
5.234255252626314,0.25703739262488523,0.12274267861507879,0.10896960162382854,0.09911061084853633,0.20940076290537232,0.05345795137395796,0.0206250349732083,9.75540997064007e-06,2.837118075155778,0
5.239494747373687,0.2568422201621472,0.12328684070172538,0.10855042442900704,0.09895827635813798,0.20983303165047215,0.053381289799121136,0.0206250349732083,9.75540997064007e-06,2.837118075155778,0
5.244734242121061,0.25664704769940916,0.12383100278837204,0.10813124723418545,0.0988059418677396,0.210265300395572,0.05330462822428431,0.0206250349732083,9.75540997064007e-06,2.837118075155778,0
5.2499737368684345,0.2564518752366711,0.12437516487501864,0.10771207003936396,0.09865360737734126,0.21069756914067178,0.05322796664944748,0.0206250349732083,9.75540997064007e-06,2.837118075155778,0
5.255213231615809,0.2562567027739331,0.1249193269616653,0.10729289284454237,0.0985012728869429,0.2111298378857717,0.053151305074610654,0.0206250349732083,9.75540997064007e-06,2.837118075155778,0
5.260452726363182,0.25606153031119505,0.1254634890483119,0.10687371564972088,0.09834893839654453,0.21156210663087147,0.05307464349977384,0.0206250349732083,9.75540997064007e-06,2.837118075155778,0
5.265692221110555,0.255866357848457,0.1260076511349585,0.10645453845489937,0.0981966039061462,0.21199437537597124,0.05299798192493702,0.0206250349732083,9.75540997064007e-06,2.837118075155778,0
5.270931715857929,0.255671185385719,0.12655181322160514,0.10603536126007777,0.09804426941574781,0.21242664412107112,0.05292132035010019,0.0206250349732083,9.75540997064007e-06,2.837118075155778,0
5.276171210605303,0.25547601292298094,0.12709597530825173,0.10561618406525626,0.09789193492534948,0.21285891286617092,0.05284465877526338,0.0206250349732083,9.75540997064007e-06,2.837118075155778,0
5.281410705352677,0.25538083670324485,0.1276448013542996,0.10523400080107324,0.09772363659881436,0.21324758346997674,0.05280588483556077,0.0206250349732083,9.75540997064007e-06,2.837118075155778,0
5.28665020010005,0.2552871871437073,0.1281936986058344,0.10485238232972445,0.09755509454959016,0.21363558845330474,0.05276768933303581,0.0206250349732083,9.75540997064007e-06,2.837118075155778,0
5.291889694847424,0.25519353758416974,0.12874259585736933,0.10447076385837559,0.09738655250036594,0.2140235934366328,0.05272949383051082,0.0206250349732083,9.75540997064007e-06,2.837118075155778,0
5.297129189594798,0.2550998880246322,0.12929149310890412,0.10408914538702681,0.09721801045114174,0.2144115984199608,0.05269129832798585,0.0206250349732083,9.75540997064007e-06,2.837118075155778,0
5.302368684342172,0.2550062384650946,0.12984039036043904,0.10370752691567797,0.0970494684019175,0.2147996034032889,0.05265310282546089,0.0206250349732083,9.75540997064007e-06,2.837118075155778,0
5.307608179089545,0.25491258890555707,0.13038928761197385,0.10332590844432916,0.09688092635269333,0.21518760838661685,0.05261490732293592,0.0206250349732083,9.75540997064007e-06,2.837118075155778,0
5.312847673836918,0.2548189393460195,0.13093818486350867,0.10294428997298036,0.0967123843034691,0.2155756133699448,0.052576711820410946,0.0206250349732083,9.75540997064007e-06,2.837118075155778,0
5.3180871685842925,0.25472528978648196,0.13148708211504356,0.10256267150163152,0.09654384225424488,0.21596361835327285,0.05253851631788597,0.0206250349732083,9.75540997064007e-06,2.837118075155778,0
5.323326663331666,0.2546316402269444,0.13203597936657838,0.10218105303028273,0.0963753002050207,0.21635162333660085,0.052500320815361,0.0206250349732083,9.75540997064007e-06,2.837118075155778,0
5.32856615807904,0.25453799066740684,0.1325848766181133,0.10179943455893387,0.09620675815579646,0.2167396283199289,0.052462125312836026,0.0206250349732083,9.75540997064007e-06,2.837118075155778,0
5.333805652826413,0.25459114264715876,0.13315068713984382,0.10145835477876866,0.0960171525946046,0.2171572099986046,0.05246572246574918,0.0206250349732083,9.75540997064007e-06,2.837118075155778,0
5.339045147573788,0.254649632864703,0.13371711268958156,0.10111874913282826,0.09582678108752299,0.2175758671934748,0.052470839351587355,0.0206250349732083,9.75540997064007e-06,2.837118075155778,0
5.344284642321161,0.2547081230822472,0.13428353823931918,0.1007791434868879,0.09563640958044138,0.21799452438834493,0.052475956237425535,0.0206250349732083,9.75540997064007e-06,2.837118075155778,0
5.349524137068535,0.2547666132997915,0.13484996378905692,0.10043953784094749,0.09544603807335975,0.21841318158321515,0.052481073123263715,0.0206250349732083,9.75540997064007e-06,2.837118075155778,0
5.354763631815908,0.2548251035173357,0.13541638933879457,0.10009993219500715,0.09525566656627818,0.21883183877808526,0.05248619000910189,0.0206250349732083,9.75540997064007e-06,2.837118075155778,0
5.360003126563282,0.25488359373488,0.1359828148885323,0.09976032654906673,0.09506529505919654,0.21925049597295548,0.052491306894940075,0.0206250349732083,9.75540997064007e-06,2.837118075155778,0
5.365242621310656,0.25494208395242424,0.13654924043826996,0.09942072090312637,0.09487492355211499,0.21966915316782565,0.05249642378077825,0.0206250349732083,9.75540997064007e-06,2.837118075155778,0
5.370482116058029,0.25500057416996846,0.13711566598800762,0.09908111525718603,0.09468455204503337,0.22008781036269578,0.05250154066661643,0.0206250349732083,9.75540997064007e-06,2.837118075155778,0
5.375721610805403,0.25505906438751275,0.13768209153774535,0.09874150961124561,0.09449418053795174,0.220506467557566,0.0525066575524546,0.0206250349732083,9.75540997064007e-06,2.837118075155778,0
5.380961105552776,0.255117554605057,0.13824851708748298,0.09840190396530527,0.09430380903087017,0.22092512475243611,0.05251177443829278,0.0206250349732083,9.75540997064007e-06,2.837118075155778,0
5.386200600300151,0.255238284910852,0.1388682879789455,0.09810559627980363,0.09409083250733893,0.22131417492831892,0.05255507215686536,0.0206250349732083,9.75540997064007e-06,2.837118075155778,0
5.391440095047524,0.2553626472642372,0.1394911718611717,0.0978118152657335,0.0938765368581794,0.22170149737365064,0.05260059793464259,0.0206250349732083,9.75540997064007e-06,2.837118075155778,0
5.396679589794898,0.2554870096176224,0.14011405574339797,0.09751803425166328,0.09366224120901982,0.22208881981898246,0.052646123712419814,0.0206250349732083,9.75540997064007e-06,2.837118075155778,0
5.401919084542271,0.2556113719710076,0.14073693962562414,0.09722425323759314,0.09344794555986029,0.22247614226431417,0.05269164949019704,0.0206250349732083,9.75540997064007e-06,2.837118075155778,0
5.4071585792896455,0.25573573432439284,0.14135982350785045,0.09693047222352291,0.09323364991070071,0.22286346470964594,0.05273717526797428,0.0206250349732083,9.75540997064007e-06,2.837118075155778,0
5.412398074037019,0.25586009667777804,0.14198270739007662,0.09663669120945277,0.09301935426154116,0.22325078715497765,0.05278270104575151,0.0206250349732083,9.75540997064007e-06,2.837118075155778,0
5.417637568784393,0.25598445903116324,0.14260559127230293,0.09634291019538258,0.09280505861238159,0.22363810960030947,0.052828226823528744,0.0206250349732083,9.75540997064007e-06,2.837118075155778,0
5.422877063531766,0.25610882138454844,0.1432284751545291,0.09604912918131245,0.09259076296322205,0.22402543204564118,0.05287375260130596,0.0206250349732083,9.75540997064007e-06,2.837118075155778,0
5.42811655827914,0.25623318373793363,0.1438513590367553,0.09575534816724227,0.09237646731406252,0.22441275449097292,0.05291927837908319,0.0206250349732083,9.75540997064007e-06,2.837118075155778,0
5.433356053026514,0.2563575460913189,0.1444742429189816,0.09546156715317208,0.09216217166490291,0.22480007693630472,0.052964804156860425,0.0206250349732083,9.75540997064007e-06,2.837118075155778,0
5.438595547773887,0.2566163651138129,0.14514248474292243,0.09519663495401127,0.09192624558077458,0.2252011232272008,0.053033552064990865,0.0206250349732083,9.75540997064007e-06,2.837118075155778,0
5.443835042521261,0.25688611557281993,0.14581441420440117,0.09493404818695693,0.09168856092469752,0.22560328527789889,0.05310418795119879,0.0206250349732083,9.75540997064007e-06,2.837118075155778,0
5.449074537268634,0.25715586603182694,0.1464863436658798,0.0946714614199026,0.09145087626862046,0.22600544732859695,0.053174823837406716,0.0206250349732083,9.75540997064007e-06,2.837118075155778,0
5.454314032016009,0.25742561649083395,0.14715827312735852,0.09440887465284824,0.09121319161254342,0.22640760937929505,0.05324545972361465,0.0206250349732083,9.75540997064007e-06,2.837118075155778,0
5.459553526763382,0.25769536694984096,0.14783020258883714,0.09414628788579389,0.09097550695646642,0.2268097714299931,0.053316095609822575,0.0206250349732083,9.75540997064007e-06,2.837118075155778,0
5.464793021510756,0.2579651174088479,0.14850213205031587,0.09388370111873953,0.09073782230038932,0.22721193348069119,0.05338673149603051,0.0206250349732083,9.75540997064007e-06,2.837118075155778,0
5.470032516258129,0.25823486786785493,0.1491740615117945,0.09362111435168521,0.09050013764431229,0.22761409553138925,0.053457367382238434,0.0206250349732083,9.75540997064007e-06,2.837118075155778,0
5.475272011005503,0.25850461832686195,0.1498459909732731,0.09335852758463087,0.09026245298823528,0.22801625758208727,0.05352800326844635,0.0206250349732083,9.75540997064007e-06,2.837118075155778,0
5.480511505752877,0.2587743687858689,0.15051792043475182,0.09309594081757651,0.09002476833215818,0.2284184196327854,0.053598639154654286,0.0206250349732083,9.75540997064007e-06,2.837118075155778,0
5.48575100050025,0.2590441192448759,0.15118984989623047,0.0928333540505222,0.08978708367608117,0.22882058168348346,0.05366927504086221,0.0206250349732083,9.75540997064007e-06,2.837118075155778,0
5.490990495247624,0.2594015800284648,0.15188389416473747,0.09261557854016443,0.08953079121735728,0.2291645975350339,0.053763021443758614,0.0206250349732083,9.75540997064007e-06,2.837118075155778,0
5.496229989994998,0.25976827347779907,0.15258026630766836,0.09240252000419584,0.08927254004256538,0.22950249273404247,0.05385920053262221,0.0206250349732083,9.75540997064007e-06,2.837118075155778,0
5.501469484742372,0.26013496692713345,0.1532766384505994,0.09218946146822721,0.08901428886777342,0.22984038793305112,0.05395537962148582,0.0206250349732083,9.75540997064007e-06,2.837118075155778,0
5.506708979489745,0.26050166037646777,0.15397301059353033,0.09197640293225863,0.08875603769298149,0.2301782831320597,0.05405155871034941,0.0206250349732083,9.75540997064007e-06,2.837118075155778,0
5.511948474237119,0.26086835382580215,0.15466938273646133,0.09176334439628997,0.08849778651818953,0.2305161783310683,0.054147737799213023,0.0206250349732083,9.75540997064007e-06,2.837118075155778,0
5.5171879689844925,0.26123504727513647,0.15536575487939228,0.09155028586032138,0.08823953534339762,0.23085407353007686,0.054243916888076615,0.0206250349732083,9.75540997064007e-06,2.837118075155778,0
5.522427463731867,0.2616017407244708,0.1560621270223233,0.09133722732435275,0.08798128416860568,0.23119196872908554,0.05434009597694023,0.0206250349732083,9.75540997064007e-06,2.837118075155778,0
5.52766695847924,0.2619684341738051,0.1567584991652542,0.09112416878838414,0.08772303299381375,0.23152986392809413,0.05443627506580382,0.0206250349732083,9.75540997064007e-06,2.837118075155778,0
5.532906453226613,0.2623351276231394,0.1574548713081851,0.09091111025241555,0.08746478181902183,0.23186775912710267,0.05453245415466741,0.0206250349732083,9.75540997064007e-06,2.837118075155778,0
5.538145947973987,0.26270182107247375,0.15815124345111614,0.09069805171644692,0.08720653064422988,0.2322056543261113,0.054628633243531025,0.0206250349732083,9.75540997064007e-06,2.837118075155778,0
5.543385442721361,0.26312660400679533,0.1588622281906726,0.09052538181639401,0.08693678635149904,0.23244417936165246,0.05474657378120029,0.0206250349732083,9.75540997064007e-06,2.837118075155778,0
5.548624937468735,0.26355895667570456,0.15957511712129088,0.09035797502470404,0.08666554437201124,0.23266975531073608,0.05486735008840233,0.0206250349732083,9.75540997064007e-06,2.837118075155778,0
5.553864432216108,0.2639913093446137,0.16028800605190904,0.09019056823301409,0.08639430239252349,0.2328953312598197,0.054988126395604346,0.0206250349732083,9.75540997064007e-06,2.837118075155778,0
5.559103926963482,0.26442366201352285,0.16100089498252732,0.09002316144132412,0.0861230604130357,0.23312090720890336,0.05510890270280638,0.0206250349732083,9.75540997064007e-06,2.837118075155778,0
5.564343421710856,0.264856014682432,0.16171378391314548,0.08985575464963419,0.08585181843354797,0.23334648315798698,0.05522967901000839,0.0206250349732083,9.75540997064007e-06,2.837118075155778,0
5.56958291645823,0.2652883673513412,0.16242667284376375,0.0896883478579442,0.08558057645406014,0.23357205910707063,0.055350455317210424,0.0206250349732083,9.75540997064007e-06,2.837118075155778,0
5.574822411205603,0.2657207200202503,0.1631395617743819,0.08952094106625426,0.08530933447457241,0.23379763505615425,0.055471231624412434,0.0206250349732083,9.75540997064007e-06,2.837118075155778,0
5.580061905952977,0.26615307268915955,0.16385245070500018,0.0893535342745643,0.08503809249508462,0.2340232110052379,0.05559200793161447,0.0206250349732083,9.75540997064007e-06,2.837118075155778,0
5.585301400700351,0.2665854253580687,0.16456533963561834,0.08918612748287433,0.08476685051559688,0.23424878695432153,0.05571278423881649,0.0206250349732083,9.75540997064007e-06,2.837118075155778,0
5.590540895447724,0.2670177780269778,0.16527822856623653,0.0890187206911844,0.08449560853610913,0.23447436290340515,0.055833560546018506,0.0206250349732083,9.75540997064007e-06,2.837118075155778,0
5.595780390195098,0.26750423283581903,0.16602146861338116,0.08888227409751015,0.08422752095386096,0.23456922761857957,0.05596919760340167,0.0206250349732083,9.75540997064007e-06,2.837118075155778,0
5.601019884942471,0.267999155805693,0.16676945927006895,0.08875067344787316,0.08395992710335472,0.2346436331840987,0.05610716069124795,0.0206250349732083,9.75540997064007e-06,2.837118075155778,0
5.606259379689845,0.268494078775567,0.16751744992675685,0.08861907279823615,0.0836923332528484,0.2347180387496178,0.056245123779094255,0.0206250349732083,9.75540997064007e-06,2.837118075155778,0
5.611498874437219,0.268989001745441,0.16826544058344464,0.08848747214859916,0.08342473940234214,0.23479244431513696,0.05638308686694054,0.0206250349732083,9.75540997064007e-06,2.837118075155778,0
5.616738369184593,0.26948392471531507,0.16901343124013252,0.08835587149896217,0.08315714555183586,0.2348668498806561,0.05652104995478686,0.0206250349732083,9.75540997064007e-06,2.837118075155778,0
5.621977863931966,0.269978847685189,0.16976142189682034,0.08822427084932519,0.0828895517013296,0.2349412554461752,0.056659013042633134,0.0206250349732083,9.75540997064007e-06,2.837118075155778,0
5.62721735867934,0.27047377065506306,0.17050941255350824,0.08809267019968818,0.08262195785082331,0.23501566101169435,0.056796976130479446,0.0206250349732083,9.75540997064007e-06,2.837118075155778,0
5.632456853426714,0.27096869362493703,0.17125740321019603,0.0879610695500512,0.08235436400031707,0.23509006657721343,0.05693493921832573,0.0206250349732083,9.75540997064007e-06,2.837118075155778,0
5.637696348174088,0.27146361659481105,0.17200539386688393,0.08782946890041418,0.08208677014981075,0.23516447214273253,0.057072902306172034,0.0206250349732083,9.75540997064007e-06,2.837118075155778,0
5.642935842921461,0.271958539564685,0.17275338452357172,0.0876978682507772,0.08181917629930449,0.23523887770825166,0.05721086539401832,0.0206250349732083,9.75540997064007e-06,2.837118075155778,0
5.648175337668834,0.2725087774863025,0.1735086241579989,0.08759286845582306,0.08154354497278013,0.23529794834824827,0.0573698915911283,0.0206250349732083,9.75540997064007e-06,2.837118075155778,0
5.653414832416209,0.2730691920459263,0.17426519743224764,0.08749276258665623,0.081266434941469,0.2353541977259826,0.05753279290032837,0.0206250349732083,9.75540997064007e-06,2.837118075155778,0
5.658654327163582,0.27362960660555,0.17502177070649624,0.08739265671748939,0.08098932491015792,0.23541044710371695,0.057695694209528414,0.0206250349732083,9.75540997064007e-06,2.837118075155778,0
5.663893821910956,0.2741900211651738,0.17577834398074502,0.08729255084832258,0.08071221487884679,0.23546669648145124,0.057858595518728476,0.0206250349732083,9.75540997064007e-06,2.837118075155778,0
5.669133316658329,0.27475043572479746,0.17653491725499365,0.08719244497915575,0.08043510484753572,0.23552294585918557,0.058021496827928516,0.0206250349732083,9.75540997064007e-06,2.837118075155778,0
5.674372811405704,0.27531085028442126,0.1772914905292424,0.08709233910998893,0.08015799481622457,0.23557919523691995,0.058184398137128585,0.0206250349732083,9.75540997064007e-06,2.837118075155778,0
5.679612306153077,0.275871264844045,0.17804806380349106,0.08699223324082211,0.0798808847849135,0.23563544461465416,0.05834729944632862,0.0206250349732083,9.75540997064007e-06,2.837118075155778,0
5.684851800900451,0.2764316794036688,0.17880463707773978,0.08689212737165528,0.07960377475360236,0.23569169399238854,0.05851020075552869,0.0206250349732083,9.75540997064007e-06,2.837118075155778,0
5.690091295647824,0.27699209396329244,0.17956121035198844,0.08679202150248848,0.07932666472229129,0.23574794337012284,0.05867310206472873,0.0206250349732083,9.75540997064007e-06,2.837118075155778,0
5.6953307903951975,0.2775525085229162,0.1803177836262371,0.08669191563332165,0.0790495546909802,0.2358041927478572,0.05883600337392876,0.0206250349732083,9.75540997064007e-06,2.837118075155778,0
5.700570285142572,0.27817972242523525,0.1810367338052702,0.08661584258909412,0.07878004747380814,0.23584117269030108,0.059009605870162594,0.0206250349732083,9.75540997064007e-06,2.837118075155778,0
5.705809779889945,0.2788211489536596,0.1817476790704275,0.08654488291187497,0.07851215787666573,0.23587405275289608,0.059185485214701454,0.0206250349732083,9.75540997064007e-06,2.837118075155778,0
5.711049274637319,0.2794625754820841,0.18245862433558493,0.08647392323465578,0.07824426827952327,0.235906932815491,0.05936136455924034,0.0206250349732083,9.75540997064007e-06,2.837118075155778,0
5.716288769384692,0.28010400201050845,0.18316956960074224,0.08640296355743662,0.07797637868238085,0.23593981287808594,0.059537243903779194,0.0206250349732083,9.75540997064007e-06,2.837118075155778,0
5.721528264132067,0.2807454285389329,0.18388051486589968,0.08633200388021743,0.07770848908523838,0.23597269294068085,0.05971312324831808,0.0206250349732083,9.75540997064007e-06,2.837118075155778,0
5.72676775887944,0.2813868550673573,0.18459146013105704,0.08626104420299828,0.07744059948809597,0.2360055730032758,0.05988900259285694,0.0206250349732083,9.75540997064007e-06,2.837118075155778,0
5.732007253626814,0.28202828159578175,0.18530240539621445,0.0861900845257791,0.07717270989095351,0.23603845306587076,0.06006488193739583,0.0206250349732083,9.75540997064007e-06,2.837118075155778,0
5.737246748374187,0.28266970812420616,0.18601335066137176,0.08611912484855995,0.07690482029381109,0.23607133312846568,0.060240761281934674,0.0206250349732083,9.75540997064007e-06,2.837118075155778,0
5.7424862431215615,0.28331113465263064,0.1867242959265292,0.08604816517134076,0.07663693069666862,0.23610421319106062,0.06041664062647356,0.0206250349732083,9.75540997064007e-06,2.837118075155778,0
5.747725737868935,0.283952561181055,0.18743524119168647,0.0859772054941216,0.0763690410995262,0.23613709325365553,0.06059251997101242,0.0206250349732083,9.75540997064007e-06,2.837118075155778,0
5.752965232616308,0.2846126968178155,0.18808515590270553,0.08593623427737321,0.07610747742509007,0.23615306801223743,0.06078404384184083,0.0206250349732083,9.75540997064007e-06,2.837118075155778,0
5.758204727363682,0.2852773785930503,0.18872024075944802,0.08590254997625318,0.07584745089075073,0.23616493493993765,0.06097936918634709,0.0206250349732083,9.75540997064007e-06,2.837118075155778,0
5.763444222111056,0.2859420603682849,0.18935532561619037,0.08586886567513317,0.07558742435641146,0.23617680186763784,0.061174694530853314,0.0206250349732083,9.75540997064007e-06,2.837118075155778,0
5.76868371685843,0.2866067421435197,0.18999041047293286,0.08583518137401318,0.07532739782207212,0.23618866879533806,0.061370019875359574,0.0206250349732083,9.75540997064007e-06,2.837118075155778,0
5.773923211605803,0.28727142391875443,0.19062549532967524,0.08580149707289317,0.07506737128773285,0.23620053572303826,0.06156534521986581,0.0206250349732083,9.75540997064007e-06,2.837118075155778,0
5.779162706353177,0.28793610569398925,0.1912605801864177,0.08576781277177317,0.07480734475339351,0.23621240265073845,0.06176067056437208,0.0206250349732083,9.75540997064007e-06,2.837118075155778,0
5.784402201100551,0.2886007874692239,0.19189566504316008,0.08573412847065316,0.07454731821905423,0.23622426957843867,0.061955995908878306,0.0206250349732083,9.75540997064007e-06,2.837118075155778,0
5.789641695847925,0.2892654692444587,0.1925307498999026,0.08570044416953317,0.0742872916847149,0.2362361365061389,0.06215132125338457,0.0206250349732083,9.75540997064007e-06,2.837118075155778,0
5.794881190595298,0.2899301510196934,0.19316583475664492,0.08566675986841317,0.07402726515037561,0.23624800343383912,0.0623466465978908,0.0206250349732083,9.75540997064007e-06,2.837118075155778,0
5.800120685342672,0.29059483279492815,0.19380091961338744,0.08563307556729316,0.07376723861603628,0.23625987036153936,0.06254197194239706,0.0206250349732083,9.75540997064007e-06,2.837118075155778,0
5.805360180090045,0.29129774481615467,0.19440047276267255,0.08561330863905679,0.07351849990298027,0.23626203794503753,0.06274686721147417,0.0206250349732083,9.75540997064007e-06,2.837118075155778,0
5.810599674837419,0.29201116099442687,0.1949902632063944,0.08559736565352966,0.07327286263602766,0.2362615405330043,0.06295439191669533,0.0206250349732083,9.75540997064007e-06,2.837118075155778,0
5.815839169584793,0.2927245771726991,0.19558005365011627,0.0855814226680025,0.073027225369075,0.236261043120971,0.06316191662191653,0.0206250349732083,9.75540997064007e-06,2.837118075155778,0
5.821078664332166,0.2934379933509713,0.1961698440938381,0.08556547968247538,0.07278158810212237,0.2362605457089377,0.0633694413271377,0.0206250349732083,9.75540997064007e-06,2.837118075155778,0
5.82631815907954,0.2941514095292436,0.19675963453756,0.08554953669694823,0.07253595083516971,0.23626004829690445,0.0635769660323589,0.0206250349732083,9.75540997064007e-06,2.837118075155778,0
5.831557653826914,0.29486482570751577,0.1973494249812818,0.0855335937114211,0.0722903135682171,0.23625955088487113,0.06378449073758007,0.0206250349732083,9.75540997064007e-06,2.837118075155778,0
5.836797148574288,0.2955782418857881,0.19793921542500373,0.08551765072589397,0.07204467630126442,0.23625905347283785,0.06399201544280128,0.0206250349732083,9.75540997064007e-06,2.837118075155778,0
5.842036643321661,0.2962916580640602,0.19852900586872557,0.08550170774036682,0.0717990390343118,0.2362585560608046,0.06419954014802245,0.0206250349732083,9.75540997064007e-06,2.837118075155778,0
5.847276138069035,0.2970050742423325,0.19911879631244744,0.08548576475483967,0.07155340176735914,0.23625805864877128,0.06440706485324364,0.0206250349732083,9.75540997064007e-06,2.837118075155778,0
5.8525156328164085,0.29771849042060466,0.1997085867561693,0.08546982176931255,0.07130776450040652,0.23625756123673797,0.06461458955846482,0.0206250349732083,9.75540997064007e-06,2.837118075155778,0
5.857755127563783,0.2984803442721277,0.20025088181698328,0.08547160618143092,0.07108365757380643,0.23612768675364318,0.0648314732763262,0.0206250349732083,9.75540997064007e-06,2.837118075155778,0
5.862994622311156,0.2992571264557344,0.20077853895650755,0.08547885411938101,0.07086618622751176,0.23595793868143433,0.06505124141119797,0.0206250349732083,9.75540997064007e-06,2.837118075155778,0
5.868234117058529,0.30003390863934104,0.2013061960960318,0.08548610205733109,0.0706487148812171,0.23578819060922554,0.06527100954606974,0.0206250349732083,9.75540997064007e-06,2.837118075155778,0
5.873473611805903,0.30081069082294787,0.20183385323555614,0.0854933499952812,0.07043124353492239,0.2356184425370167,0.06549077768094153,0.0206250349732083,9.75540997064007e-06,2.837118075155778,0
5.878713106553277,0.30158747300655453,0.20236151037508046,0.08550059793323131,0.07021377218862772,0.23544869446480785,0.0657105458158133,0.0206250349732083,9.75540997064007e-06,2.837118075155778,0
5.883952601300651,0.30236425519016136,0.20288916751460478,0.0855078458711814,0.06999630084233302,0.23527894639259903,0.0659303139506851,0.0206250349732083,9.75540997064007e-06,2.837118075155778,0
5.889192096048024,0.303141037373768,0.203416824654129,0.0855150938091315,0.06977882949603835,0.23510919832039018,0.06615008208555687,0.0206250349732083,9.75540997064007e-06,2.837118075155778,0
5.894431590795398,0.30391781955737485,0.2039444817936534,0.0855223417470816,0.06956135814974365,0.23493945024818133,0.06636985022042867,0.0206250349732083,9.75540997064007e-06,2.837118075155778,0
5.899671085542772,0.3046946017409815,0.20447213893317767,0.08552958968503171,0.06934388680344898,0.23476970217597254,0.06658961835530043,0.0206250349732083,9.75540997064007e-06,2.837118075155778,0
5.904910580290146,0.30547138392458834,0.20499979607270205,0.0855368376229818,0.06912641545715428,0.23459995410376366,0.06680938649017223,0.0206250349732083,9.75540997064007e-06,2.837118075155778,0
5.910150075037519,0.3062293229485173,0.20547676413519428,0.08555002969923353,0.06893410194713286,0.23435424386301348,0.06703327307154332,0.0206250349732083,9.75540997064007e-06,2.837118075155778,0
5.915389569784892,0.3069807905842741,0.20593632382779672,0.08556526319672017,0.06875042850209415,0.23408244560478433,0.06725857406888386,0.0206250349732083,9.75540997064007e-06,2.837118075155778,0
5.920629064532267,0.307732258220031,0.2063958835203993,0.08558049669420681,0.06856675505705541,0.23381064734655518,0.06748387506622446,0.0206250349732083,9.75540997064007e-06,2.837118075155778,0
5.92586855927964,0.30848372585578776,0.2068554432130017,0.08559573019169342,0.0683830816120167,0.2335388490883261,0.067709176063565,0.0206250349732083,9.75540997064007e-06,2.837118075155778,0
5.931108054027014,0.30923519349154466,0.20731500290560428,0.08561096368918007,0.06819940816697798,0.23326705083009694,0.06793447706090558,0.0206250349732083,9.75540997064007e-06,2.837118075155778,0
5.936347548774387,0.3099866611273015,0.20777456259820673,0.0856261971866667,0.06801573472193927,0.23299525257186787,0.06815977805824612,0.0206250349732083,9.75540997064007e-06,2.837118075155778,0
5.9415870435217615,0.3107381287630584,0.20823412229080926,0.08564143068415335,0.06783206127690053,0.23272345431363872,0.06838507905558672,0.0206250349732083,9.75540997064007e-06,2.837118075155778,0
5.946826538269135,0.3114895963988152,0.20869368198341173,0.08565666418163996,0.06764838783186183,0.23245165605540963,0.06861038005292726,0.0206250349732083,9.75540997064007e-06,2.837118075155778,0
5.952066033016509,0.31224106403457214,0.20915324167601426,0.0856718976791266,0.0674647143868231,0.23217985779718053,0.06883568105026784,0.0206250349732083,9.75540997064007e-06,2.837118075155778,0
5.957305527763882,0.3129925316703289,0.2096128013686167,0.08568713117661324,0.06728104094178439,0.2319080595389514,0.06906098204760838,0.0206250349732083,9.75540997064007e-06,2.837118075155778,0
5.962545022511256,0.3137235756393919,0.21002539479303742,0.08569986158872192,0.06711277378252126,0.2315968200696063,0.06929376528950389,0.0206250349732083,9.75540997064007e-06,2.837118075155778,0
5.96778451725863,0.3144468458944883,0.21042011178320183,0.08571163926937188,0.06695037060746338,0.23127056837457702,0.06952939644455175,0.0206250349732083,9.75540997064007e-06,2.837118075155778,0
5.973024012006003,0.3151701161495846,0.21081482877336633,0.08572341695002184,0.06678796743240552,0.23094431667954773,0.0697650275995996,0.0206250349732083,9.75540997064007e-06,2.837118075155778,0
5.978263506753377,0.31589338640468106,0.21120954576353085,0.08573519463067178,0.06662556425734761,0.23061806498451834,0.0700006587546475,0.0206250349732083,9.75540997064007e-06,2.837118075155778,0
5.98350300150075,0.3166166566597774,0.21160426275369532,0.08574697231132175,0.06646316108228975,0.23029181328948906,0.07023628990969535,0.0206250349732083,9.75540997064007e-06,2.837118075155778,0
5.988742496248125,0.3173399269148739,0.21199897974385987,0.08575874999197171,0.06630075790723186,0.2299655615944597,0.07047192106474326,0.0206250349732083,9.75540997064007e-06,2.837118075155778,0
5.993981990995498,0.3180631971699702,0.21239369673402436,0.08577052767262165,0.06613835473217398,0.2296393098994304,0.07070755221979111,0.0206250349732083,9.75540997064007e-06,2.837118075155778,0
5.999221485742872,0.3187864674250667,0.21278841372418889,0.08578230535327161,0.0659759515571161,0.229313058204401,0.07094318337483901,0.0206250349732083,9.75540997064007e-06,2.837118075155778,0
6.004460980490245,0.31950973768016305,0.21318313071435335,0.08579408303392157,0.06581354838205823,0.22898680650937173,0.07117881452988686,0.0206250349732083,9.75540997064007e-06,2.837118075155778,0
6.00970047523762,0.3202330079352595,0.21357784770451788,0.08580586071457152,0.06565114520700033,0.22866055481434236,0.07141444568493477,0.0206250349732083,9.75540997064007e-06,2.837118075155778,0
6.014939969984993,0.32089387591683805,0.2139406548826376,0.08582077872959429,0.06550875852395538,0.22834318297818146,0.07165184769785103,0.0206250349732083,9.75540997064007e-06,2.837118075155778,0
6.020179464732367,0.3215285393849822,0.21429006221085956,0.0858370154615423,0.06537477734289449,0.2280295400507268,0.07188999334503235,0.0206250349732083,9.75540997064007e-06,2.837118075155778,0
6.02541895947974,0.32216320285312633,0.21463946953908156,0.0858532521934903,0.06524079616183362,0.22771589712327217,0.07212813899221363,0.0206250349732083,9.75540997064007e-06,2.837118075155778,0
6.0306584542271136,0.3227978663212704,0.21498887686730345,0.08586948892543829,0.06510681498077274,0.22740225419581753,0.0723662846393949,0.0206250349732083,9.75540997064007e-06,2.837118075155778,0
6.035897948974488,0.3234325297894146,0.21533828419552545,0.0858857256573863,0.06497283379971185,0.22708861126836286,0.07260443028657622,0.0206250349732083,9.75540997064007e-06,2.837118075155778,0
6.041137443721861,0.32406719325755867,0.2156876915237474,0.0859019623893343,0.06483885261865098,0.22677496834090824,0.07284257593375751,0.0206250349732083,9.75540997064007e-06,2.837118075155778,0
6.046376938469235,0.32470185672570284,0.2160370988519694,0.08591819912128229,0.06470487143759009,0.2264613254134536,0.07308072158093883,0.0206250349732083,9.75540997064007e-06,2.837118075155778,0
6.0516164332166085,0.32533652019384696,0.21638650618019134,0.0859344358532303,0.0645708902565292,0.22614768248599898,0.07331886722812012,0.0206250349732083,9.75540997064007e-06,2.837118075155778,0
6.056855927963983,0.3259711836619911,0.21673591350841334,0.08595067258517829,0.06443690907546831,0.2258340395585443,0.07355701287530143,0.0206250349732083,9.75540997064007e-06,2.837118075155778,0
6.062095422711356,0.3266058471301352,0.2170853208366353,0.08596690931712629,0.06430292789440743,0.22552039663108966,0.07379515852248271,0.0206250349732083,9.75540997064007e-06,2.837118075155778,0
6.06733491745873,0.32719992646740403,0.21742162325424078,0.08597757360906669,0.06419056044003744,0.22514353310206145,0.07403485823466834,0.0206250349732083,9.75540997064007e-06,2.837118075155778,0
6.072574412206103,0.32777527466734563,0.21775187725156175,0.08598566600561892,0.06408816855183247,0.2247374908338455,0.07427527520762514,0.0206250349732083,9.75540997064007e-06,2.837118075155778,0
6.077813906953477,0.3283506228672873,0.21808213124888268,0.08599375840217116,0.06398577666362752,0.22433144856562964,0.07451569218058196,0.0206250349732083,9.75540997064007e-06,2.837118075155778,0
6.083053401700851,0.328925971067229,0.21841238524620366,0.08600185079872343,0.06388338477542253,0.2239254062974137,0.07475610915353881,0.0206250349732083,9.75540997064007e-06,2.837118075155778,0
6.088292896448224,0.32950131926717063,0.2187426392435247,0.08600994319527568,0.06378099288721759,0.2235193640291978,0.07499652612649563,0.0206250349732083,9.75540997064007e-06,2.837118075155778,0
6.093532391195598,0.3300766674671123,0.2190728932408456,0.08601803559182788,0.0636786009990126,0.22311332176098186,0.07523694309945247,0.0206250349732083,9.75540997064007e-06,2.837118075155778,0
6.098771885942972,0.330652015667054,0.2194031472381666,0.08602612798838015,0.06357620911080765,0.22270727949276595,0.0754773600724093,0.0206250349732083,9.75540997064007e-06,2.837118075155778,0
6.104011380690346,0.33122736386699564,0.21973340123548757,0.0860342203849324,0.06347381722260266,0.22230123722454997,0.07571777704536616,0.0206250349732083,9.75540997064007e-06,2.837118075155778,0
6.109250875437719,0.33180271206693734,0.22006365523280855,0.08604231278148464,0.06337142533439771,0.2218951949563341,0.07595819401832296,0.0206250349732083,9.75540997064007e-06,2.837118075155778,0
6.114490370185093,0.332378060266879,0.22039390923012953,0.08605040517803687,0.06326903344619272,0.2214891526881181,0.07619861099127981,0.0206250349732083,9.75540997064007e-06,2.837118075155778,0
6.1197298649324665,0.33288325861987983,0.2207121678995504,0.08605853740102709,0.06318518673031409,0.22109778124432092,0.07644237971728089,0.0206250349732083,9.75540997064007e-06,2.837118075155778,0
6.124969359679841,0.333352984974805,0.22102436100693887,0.08606668976266899,0.06311071757327212,0.2207138282551354,0.07668784329199119,0.0206250349732083,9.75540997064007e-06,2.837118075155778,0
6.130208854427214,0.3338227113297299,0.2213365541143272,0.08607484212431088,0.06303624841623016,0.22032987526595,0.07693330686670144,0.0206250349732083,9.75540997064007e-06,2.837118075155778,0
6.135448349174587,0.334292437684655,0.2216487472217156,0.08608299448595276,0.06296177925918821,0.2199459222767645,0.0771787704414117,0.0206250349732083,9.75540997064007e-06,2.837118075155778,0
6.140687843921961,0.3347621640395801,0.22196094032910405,0.08609114684759464,0.06288731010214625,0.21956196928757893,0.077424234016122,0.0206250349732083,9.75540997064007e-06,2.837118075155778,0
6.145927338669335,0.3352318903945052,0.22227313343649244,0.08609929920923651,0.0628128409451043,0.21917801629839345,0.07766969759083227,0.0206250349732083,9.75540997064007e-06,2.837118075155778,0
6.151166833416709,0.3357016167494303,0.22258532654388086,0.0861074515708784,0.06273837178806234,0.21879406330920792,0.07791516116554256,0.0206250349732083,9.75540997064007e-06,2.837118075155778,0
6.156406328164082,0.3361713431043553,0.22289751965126922,0.0861156039325203,0.06266390263102038,0.21841011032002244,0.07816062474025282,0.0206250349732083,9.75540997064007e-06,2.837118075155778,0
6.161645822911456,0.3366410694592804,0.22320971275865764,0.08612375629416216,0.06258943347397843,0.21802615733083694,0.07840608831496311,0.0206250349732083,9.75540997064007e-06,2.837118075155778,0
6.16688531765883,0.33711079581420555,0.22352190586604603,0.08613190865580403,0.06251496431693647,0.21764220434165146,0.07865155188967336,0.0206250349732083,9.75540997064007e-06,2.837118075155778,0
6.172124812406204,0.33756278525763245,0.2237977635322544,0.08613407418108458,0.062461998755082064,0.21725100023912872,0.07890263037370092,0.0206250349732083,9.75540997064007e-06,2.837118075155778,0
6.177364307153577,0.3380049745398426,0.22405354480683798,0.08613293180456233,0.06242091455710561,0.2168557896848789,0.07915681125898544,0.0206250349732083,9.75540997064007e-06,2.837118075155778,0
6.182603801900951,0.3384471638220527,0.22430932608142157,0.08613178942804008,0.062379830359129154,0.21646057913062902,0.07941099214427,0.0206250349732083,9.75540997064007e-06,2.837118075155778,0
6.1878432966483246,0.33888935310426266,0.22456510735600518,0.08613064705151782,0.06233874616115271,0.2160653685763792,0.07966517302955452,0.0206250349732083,9.75540997064007e-06,2.837118075155778,0
6.193082791395698,0.33933154238647273,0.22482088863058866,0.08612950467499557,0.06229766196317625,0.21567015802212938,0.07991935391483902,0.0206250349732083,9.75540997064007e-06,2.837118075155778,0
6.198322286143072,0.3397737316686829,0.22507666990517228,0.0861283622984733,0.06225657776519979,0.21527494746787948,0.08017353480012358,0.0206250349732083,9.75540997064007e-06,2.837118075155778,0
6.203561780890445,0.340215920950893,0.22533245117975584,0.08612721992195106,0.06221549356722335,0.21487973691362966,0.0804277156854081,0.0206250349732083,9.75540997064007e-06,2.837118075155778,0
6.20880127563782,0.3406581102331031,0.22558823245433943,0.08612607754542881,0.06217440936924689,0.2144845263593798,0.08068189657069266,0.0206250349732083,9.75540997064007e-06,2.837118075155778,0
6.214040770385193,0.3411002995153132,0.225844013728923,0.08612493516890654,0.06213332517127044,0.21408931580513,0.08093607745597718,0.0206250349732083,9.75540997064007e-06,2.837118075155778,0
6.219280265132567,0.3415424887975232,0.22609979500350663,0.08612379279238429,0.06209224097329398,0.2136941052508801,0.08119025834126173,0.0206250349732083,9.75540997064007e-06,2.837118075155778,0
6.22451975987994,0.3419605478431669,0.22631938744880242,0.08611983995423182,0.062072827954567984,0.21326497244483683,0.08144457097645859,0.0206250349732083,9.75540997064007e-06,2.837118075155778,0
6.229759254627314,0.34236407060172225,0.22651717939452737,0.08611419406690449,0.062066469863101305,0.21281540454735168,0.08169896297907256,0.0206250349732083,9.75540997064007e-06,2.837118075155778,0
6.234998749374688,0.3427675933602777,0.22671497134025229,0.08610854817957717,0.06206011177163463,0.21236583664986658,0.0819533549816865,0.0206250349732083,9.75540997064007e-06,2.837118075155778,0
6.240238244122062,0.34317111611883305,0.22691276328597726,0.08610290229224984,0.062053753680167946,0.21191626875238148,0.08220774698430047,0.0206250349732083,9.75540997064007e-06,2.837118075155778,0
6.245477738869435,0.34357463887738837,0.2271105552317021,0.08609725640492251,0.06204739558870127,0.21146670085489638,0.0824621389869144,1.4224272632973082e-08,9.75540997064007e-06,2.837118075155778,0
6.250717233616808,0.34397816163594375,0.22730834717742707,0.0860916105175952,0.06204103749723459,0.21101713295741129,0.08271653098952833,1.4224272632973082e-08,9.75540997064007e-06,2.837118075155778,0
6.255956728364183,0.3443816843944991,0.227506139123152,0.08608596463026788,0.0620346794057679,0.2105675650599261,0.08297092299214232,1.4224272632973082e-08,9.75540997064007e-06,2.837118075155778,0
6.261196223111556,0.3447852071530545,0.2277039310688769,0.08608031874294055,0.06202832131430122,0.21011799716244103,0.08322531499475626,1.4224272632973082e-08,9.75540997064007e-06,2.837118075155778,0
6.26643571785893,0.3451887299116099,0.22790172301460188,0.08607467285561322,0.06202196322283454,0.2096684292649559,0.08347970699737021,1.4224272632973082e-08,9.75540997064007e-06,2.837118075155778,0
6.271675212606303,0.34559225267016525,0.2280995149603268,0.08606902696828589,0.062015605131367856,0.20921886136747075,0.08373409899998414,1.4224272632973082e-08,9.75540997064007e-06,2.837118075155778,0
6.2769147073536775,0.34597534941223096,0.22827161445657823,0.08605297704633603,0.062026033454040855,0.2087534241682218,0.08398488879392418,1.4224272632973082e-08,9.75540997064007e-06,2.837118075155778,0
6.282154202101051,0.34634505482398387,0.22842686994031183,0.08603010622201956,0.062047466977685095,0.20827758302839738,0.08423331697387877,1.4224272632973082e-08,9.75540997064007e-06,2.837118075155778,0
6.287393696848425,0.34671476023573683,0.22858212542404546,0.0860072353977031,0.06206890050132933,0.20780174188857287,0.08448174515383339,1.4224272632973082e-08,9.75540997064007e-06,2.837118075155778,0
6.292633191595798,0.3470844656474897,0.22873738090777906,0.08598436457338662,0.06209033402497356,0.20732590074874843,0.08473017333378796,1.4224272632973082e-08,9.75540997064007e-06,2.837118075155778,0
6.297872686343172,0.34745417105924264,0.2288926363915127,0.08596149374907015,0.062111767548617795,0.20685005960892403,0.08497860151374255,1.4224272632973082e-08,9.75540997064007e-06,2.837118075155778,0
6.303112181090546,0.3478238764709955,0.22904789187524627,0.08593862292475365,0.062133201072262036,0.20637421846909954,0.08522702969369716,1.4224272632973082e-08,9.75540997064007e-06,2.837118075155778,0
6.308351675837919,0.34819358188274835,0.22920314735897987,0.08591575210043717,0.06215463459590626,0.2058983773292751,0.08547545787365175,1.4224272632973082e-08,9.75540997064007e-06,2.837118075155778,0
6.313591170585293,0.3485632872945014,0.22935840284271344,0.0858928812761207,0.06217606811955051,0.2054225361894506,0.08572388605360637,1.4224272632973082e-08,9.75540997064007e-06,2.837118075155778,0
6.3188306653326665,0.3489329927062543,0.22951365832644707,0.08587001045180423,0.06219750164319474,0.2049466950496262,0.08597231423356096,1.4224272632973082e-08,9.75540997064007e-06,2.837118075155778,0
6.324070160080041,0.3493026981180073,0.22966891381018067,0.08584713962748776,0.062218935166838976,0.2044708539098017,0.08622074241351557,1.4224272632973082e-08,9.75540997064007e-06,2.837118075155778,0
6.329309654827414,0.34965781536635143,0.22978656817727727,0.08581885491347892,0.062257212854799876,0.20403222072363983,0.08646774136825573,1.4224272632973082e-08,9.75540997064007e-06,2.837118075155778,0
6.334549149574788,0.3500025393308938,0.22987743376599726,0.08578671309350897,0.06230749110617952,0.2036200962083276,0.08671372207670583,1.4224272632973082e-08,9.75540997064007e-06,2.837118075155778,0
6.339788644322161,0.3503472632954361,0.2299682993547172,0.08575457127353905,0.06235776935755916,0.20320797169301544,0.08695970278515586,1.4224272632973082e-08,9.75540997064007e-06,2.837118075155778,0
6.345028139069536,0.35069198725997847,0.23005916494343717,0.08572242945356913,0.06240804760893881,0.20279584717770321,0.08720568349360597,1.4224272632973082e-08,9.75540997064007e-06,2.837118075155778,0
6.350267633816909,0.35103671122452085,0.23015003053215716,0.0856902876335992,0.062458325860318464,0.20238372266239102,0.087451664202056,1.4224272632973082e-08,9.75540997064007e-06,2.837118075155778,0
6.355507128564282,0.3513814351890631,0.23024089612087711,0.08565814581362928,0.0625086041116981,0.20197159814707888,0.08769764491050605,1.4224272632973082e-08,9.75540997064007e-06,2.837118075155778,0
6.360746623311656,0.35172615915360556,0.23033176170959707,0.08562600399365934,0.06255888236307774,0.20155947363176663,0.08794362561895615,1.4224272632973082e-08,9.75540997064007e-06,2.837118075155778,0
6.36598611805903,0.35207088311814777,0.23042262729831708,0.08559386217368943,0.06260916061445738,0.2011473491164545,0.08818960632740619,1.4224272632973082e-08,9.75540997064007e-06,2.837118075155778,0
6.371225612806404,0.35241560708269015,0.23051349288703707,0.08556172035371949,0.06265943886583704,0.2007352246011422,0.08843558703585629,1.4224272632973082e-08,9.75540997064007e-06,2.837118075155778,0
6.376465107553777,0.35276033104723253,0.23060435847575703,0.08552957853374957,0.06270971711721668,0.20032310008583007,0.08868156774430633,1.4224272632973082e-08,9.75540997064007e-06,2.837118075155778,0
6.381704602301151,0.3531220699931689,0.23066383978841043,0.08548876988135062,0.06277357453069049,0.1999171390248424,0.08892375313606539,1.4224272632973082e-08,9.75540997064007e-06,2.837118075155778,0
6.3869440970485245,0.3534969671913834,0.23069905059423898,0.08544125887853993,0.06284793316285045,0.19951594436853243,0.08916300348291666,1.4224272632973082e-08,9.75540997064007e-06,2.837118075155778,0
6.392183591795899,0.35387186438959795,0.2307342614000675,0.08539374787572925,0.0629222917950104,0.19911474971222246,0.08940225382976796,1.4224272632973082e-08,9.75540997064007e-06,2.837118075155778,0
6.397423086543272,0.3542467615878124,0.23076947220589605,0.08534623687291855,0.06299665042717034,0.19871355505591254,0.08964150417661923,1.4224272632973082e-08,9.75540997064007e-06,2.837118075155778,0
6.402662581290646,0.3546216587860269,0.23080468301172458,0.08529872587010784,0.0630710090593303,0.19831236039960248,0.08988075452347054,1.4224272632973082e-08,9.75540997064007e-06,2.837118075155778,0
6.407902076038019,0.35499655598424146,0.2308398938175531,0.08525121486729714,0.06314536769149025,0.19791116574329254,0.09012000487032182,1.4224272632973082e-08,9.75540997064007e-06,2.837118075155778,0
6.413141570785393,0.35537145318245583,0.23087510462338165,0.08520370386448646,0.0632197263236502,0.1975099710869826,0.09035925521717307,1.4224272632973082e-08,9.75540997064007e-06,2.837118075155778,0
6.418381065532767,0.35574635038067043,0.2309103154292102,0.08515619286167575,0.06329408495581017,0.19710877643067254,0.09059850556402438,1.4224272632973082e-08,9.75540997064007e-06,2.837118075155778,0
6.42362056028014,0.35612124757888486,0.23094552623503867,0.08510868185886507,0.06336844358797011,0.1967075817743626,0.09083775591087564,1.4224272632973082e-08,9.75540997064007e-06,2.837118075155778,0
6.428860055027514,0.3564961447770994,0.23098073704086725,0.08506117085605434,0.06344280222013007,0.1963063871180526,0.09107700625772694,1.4224272632973082e-08,9.75540997064007e-06,2.837118075155778,0
6.434099549774888,0.3568553513972435,0.23098505729474075,0.08500579495587178,0.06353247303279368,0.19590882157418063,0.09130739928626211,1.4224272632973082e-08,9.75540997064007e-06,2.837118075155778,0
6.439339044522262,0.3572013981777158,0.23096346934374876,0.0849438226901515,0.06363498631942811,0.19551429980203094,0.0915303635962096,1.4224272632973082e-08,9.75540997064007e-06,2.837118075155778,0
6.444578539269635,0.3575474449581881,0.23094188139275668,0.08488185042443121,0.06373749960606254,0.19511977802988126,0.09175332790615705,1.4224272632973082e-08,9.75540997064007e-06,2.837118075155778,0
6.449818034017009,0.3578934917386603,0.23092029344176468,0.0848198781587109,0.06384001289269697,0.1947252562577315,0.09197629221610452,1.4224272632973082e-08,9.75540997064007e-06,2.837118075155778,0
6.455057528764383,0.35823953851913254,0.23089870549077263,0.08475790589299062,0.06394252617933138,0.19433073448558183,0.09219925652605196,1.4224272632973082e-08,9.75540997064007e-06,2.837118075155778,0
6.460297023511756,0.3585855852996048,0.23087711753978063,0.08469593362727033,0.0640450394659658,0.19393621271343214,0.09242222083599941,1.4224272632973082e-08,9.75540997064007e-06,2.837118075155778,0
6.46553651825913,0.3589316320800771,0.23085552958878858,0.08463396136155003,0.06414755275260024,0.1935416909412824,0.09264518514594691,1.4224272632973082e-08,9.75540997064007e-06,2.837118075155778,0
6.470776013006503,0.35927767886054923,0.23083394163779658,0.08457198909582975,0.06425006603923465,0.19314716916913274,0.09286814945589436,1.4224272632973082e-08,9.75540997064007e-06,2.837118075155778,0
6.4760155077538775,0.3596237256410215,0.23081235368680453,0.08451001683010946,0.06435257932586909,0.19275264739698297,0.09309111376584184,1.4224272632973082e-08,9.75540997064007e-06,2.837118075155778,0
6.481255002501251,0.3599697724214938,0.23079076573581253,0.08444804456438917,0.06445509261250351,0.1923581256248333,0.09331407807578927,1.4224272632973082e-08,9.75540997064007e-06,2.837118075155778,0
6.486494497248625,0.3603103775019203,0.23076083738386677,0.0843786320202235,0.06457113404813636,0.1919560754432931,0.09353027482646178,1.4224272632973082e-08,9.75540997064007e-06,2.837118075155778,0
6.491733991995998,0.36064603558230496,0.2307233268492358,0.08430245558656208,0.06469947380104048,0.19154718125321632,0.09374031925052062,1.4224272632973082e-08,9.75540997064007e-06,2.837118075155778,0
6.496973486743372,0.36098169366268973,0.23068581631460489,0.08422627915290062,0.06482781355394461,0.1911382870631394,0.0939503636745795,1.4224272632973082e-08,9.75540997064007e-06,2.837118075155778,0
6.502212981490746,0.36131735174307444,0.2306483057799739,0.08415010271923916,0.06495615330684872,0.19072939287306256,0.09416040809863836,1.4224272632973082e-08,9.75540997064007e-06,2.837118075155778,0
6.50745247623812,0.3616530098234593,0.2306107952453429,0.08407392628557774,0.06508449305975285,0.19032049868298567,0.09437045252269724,1.4224272632973082e-08,9.75540997064007e-06,2.837118075155778,0
6.512691970985493,0.3619886679038441,0.23057328471071192,0.0839977498519163,0.06521283281265695,0.18991160449290884,0.09458049694675608,1.4224272632973082e-08,9.75540997064007e-06,2.837118075155778,0
6.517931465732866,0.3623243259842288,0.230535774176081,0.08392157341825486,0.06534117256556107,0.189502710302832,0.09479054137081491,1.4224272632973082e-08,9.75540997064007e-06,2.837118075155778,0
6.523170960480241,0.3626599840646135,0.2304982636414501,0.08384539698459342,0.06546951231846519,0.18909381611275514,0.09500058579487378,1.4224272632973082e-08,9.75540997064007e-06,2.837118075155778,0
6.528410455227614,0.36299564214499824,0.2304607531068191,0.08376922055093197,0.06559785207136931,0.1886849219226783,0.09521063021893264,1.4224272632973082e-08,9.75540997064007e-06,2.837118075155778,0
6.533649949974988,0.3633313002253831,0.23042324257218816,0.08369304411727051,0.06572619182427344,0.1882760277326014,0.09542067464299153,1.4224272632973082e-08,9.75540997064007e-06,2.837118075155778,0
6.538889444722361,0.3636627605462625,0.23037693391084035,0.08361202943787847,0.06586558890624811,0.18789101914285725,0.09562717409990004,1.4224272632973082e-08,9.75540997064007e-06,2.837118075155778,0
6.544128939469736,0.3639900857607636,0.23032195843809983,0.08352624872537864,0.06601587828253112,0.18752953965194813,0.09583018149961572,1.4224272632973082e-08,9.75540997064007e-06,2.837118075155778,0
6.549368434217109,0.36431741097526466,0.23026698296535936,0.08344046801287884,0.06616616765881411,0.18716806016103904,0.09603318889933139,1.4224272632973082e-08,9.75540997064007e-06,2.837118075155778,0
6.554607928964483,0.36464473618976573,0.23021200749261883,0.08335468730037898,0.06631645703509713,0.18680658067012992,0.09623619629904705,1.4224272632973082e-08,9.75540997064007e-06,2.837118075155778,0
6.559847423711856,0.36497206140426675,0.23015703201987836,0.08326890658787918,0.06646674641138012,0.1864451011792209,0.09643920369876272,1.4224272632973082e-08,9.75540997064007e-06,2.837118075155778,0
6.56508691845923,0.365299386618768,0.23010205654713783,0.08318312587537935,0.06661703578766312,0.18608362168831175,0.0966422110984784,1.4224272632973082e-08,9.75540997064007e-06,2.837118075155778,0
6.570326413206604,0.36562671183326895,0.2300470810743973,0.08309734516287953,0.06676732516394611,0.1857221421974027,0.09684521849819405,1.4224272632973082e-08,9.75540997064007e-06,2.837118075155778,0
6.575565907953977,0.36595403704777,0.22999210560165684,0.08301156445037973,0.0669176145402291,0.18536066270649362,0.09704822589790969,1.4224272632973082e-08,9.75540997064007e-06,2.837118075155778,0
6.580805402701351,0.3662813622622712,0.2299371301289163,0.0829257837378799,0.06706790391651211,0.18499918321558453,0.0972512332976254,1.4224272632973082e-08,9.75540997064007e-06,2.837118075155778,0
6.5860448974487245,0.36660868747677217,0.22988215465617584,0.08284000302538007,0.0672181932927951,0.18463770372467544,0.09745424069734104,1.4224272632973082e-08,9.75540997064007e-06,2.837118075155778,0
6.591284392196099,0.366930623156083,0.22980787357052673,0.0827532600630557,0.06737528832655935,0.18428120536687054,0.09765190887751272,1.4224272632973082e-08,9.75540997064007e-06,2.837118075155778,0
6.596523886943472,0.36724680627451695,0.22971298649389751,0.08266549003615173,0.06753964742996679,0.18393002365890748,0.09784387820159075,1.4224272632973082e-08,9.75540997064007e-06,2.837118075155778,0
6.601763381690846,0.3675629893929509,0.2296180994172683,0.08257772000924775,0.06770400653337423,0.1835788419509444,0.0980358475256688,1.4224272632973082e-08,9.75540997064007e-06,2.837118075155778,0
6.607002876438219,0.36787917251138486,0.22952321234063905,0.08248994998234378,0.06786836563678166,0.18322766024298134,0.09822781684974682,1.4224272632973082e-08,9.75540997064007e-06,2.837118075155778,0
6.6122423711855935,0.3681953556298189,0.22942832526400983,0.0824021799554398,0.06803272474018911,0.18287647853501823,0.09841978617382488,1.4224272632973082e-08,9.75540997064007e-06,2.837118075155778,0
6.617481865932967,0.36851153874825276,0.2293334381873806,0.08231440992853582,0.06819708384359653,0.18252529682705518,0.0986117554979029,1.4224272632973082e-08,9.75540997064007e-06,2.837118075155778,0
6.622721360680341,0.36882772186668683,0.2292385511107514,0.08222663990163186,0.06836144294700398,0.18217411511909207,0.09880372482198095,1.4224272632973082e-08,9.75540997064007e-06,2.837118075155778,0
6.627960855427714,0.3691439049851208,0.22914366403412223,0.08213886987472789,0.06852580205041141,0.181822933411129,0.09899569414605898,1.4224272632973082e-08,9.75540997064007e-06,2.837118075155778,0
6.633200350175088,0.3694600881035548,0.22904877695749298,0.08205109984782392,0.06869016115381883,0.181471751703166,0.09918766347013701,1.4224272632973082e-08,9.75540997064007e-06,2.837118075155778,0
6.638439844922462,0.36977627122198875,0.22895388988086376,0.08196332982091994,0.06885452025722628,0.1811205699952029,0.09937963279421505,1.4224272632973082e-08,9.75540997064007e-06,2.837118075155778,0
6.643679339669835,0.3700963552796993,0.22883272956522427,0.08187503458906512,0.06902898667243007,0.1807868480202557,0.09956442350327609,1.4224272632973082e-08,9.75540997064007e-06,2.837118075155778,0
6.648918834417209,0.3704209517752758,0.22868117750283767,0.08178613182283465,0.069215144788847,0.18047332270944572,0.09974091030091206,1.4224272632973082e-08,9.75540997064007e-06,2.837118075155778,0
6.654158329164583,0.37074554827085227,0.2285296254404511,0.08169722905660419,0.06940130290526388,0.1801597973986358,0.09991739709854802,1.4224272632973082e-08,9.75540997064007e-06,2.837118075155778,0
6.659397823911957,0.37107014476642874,0.2283780733780645,0.08160832629037372,0.06958746102168081,0.17984627208782583,0.100093883896184,1.4224272632973082e-08,9.75540997064007e-06,2.837118075155778,0
6.66463731865933,0.3713947412620053,0.22822652131567797,0.08151942352414328,0.0697736191380977,0.17953274677701586,0.10027037069381997,1.4224272632973082e-08,9.75540997064007e-06,2.837118075155778,0
6.669876813406704,0.3717193377575817,0.22807496925329138,0.08143052075791281,0.06995977725451462,0.1792192214662059,0.10044685749145596,1.4224272632973082e-08,9.75540997064007e-06,2.837118075155778,0
6.675116308154077,0.3720439342531582,0.22792341719090484,0.08134161799168235,0.07014593537093151,0.17890569615539592,0.1006233442890919,1.4224272632973082e-08,9.75540997064007e-06,2.837118075155778,0
6.680355802901451,0.37236853074873455,0.22777186512851824,0.08125271522545191,0.0703320934873484,0.17859217084458603,0.10079983108672787,1.4224272632973082e-08,9.75540997064007e-06,2.837118075155778,0
6.685595297648825,0.372693127244311,0.2276203130661317,0.08116381245922143,0.07051825160376532,0.17827864553377606,0.10097631788436386,1.4224272632973082e-08,9.75540997064007e-06,2.837118075155778,0
6.690834792396198,0.3730177237398875,0.22746876100374508,0.08107490969299098,0.0707044097201822,0.17796512022296612,0.10115280468199982,1.4224272632973082e-08,9.75540997064007e-06,2.837118075155778,0
6.696074287143572,0.37337479624188685,0.22730513547284453,0.08098742042238655,0.07089314605716857,0.17765348977038917,0.1013255951493079,1.4224272632973082e-08,9.75540997064007e-06,2.837118075155778,0
6.701313781890946,0.3737726013621113,0.2271263669475364,0.08090170401070292,0.07108511609453012,0.1773442359196638,0.10149374954128945,1.4224272632973082e-08,9.75540997064007e-06,2.837118075155778,0
6.70655327663832,0.37417040648233574,0.2269475984222283,0.08081598759901926,0.07127708613189171,0.17703498206893842,0.10166190393327103,1.4224272632973082e-08,9.75540997064007e-06,2.837118075155778,0
6.711792771385693,0.37456821160256015,0.22676882989692018,0.08073027118733563,0.07146905616925325,0.17672572821821309,0.10183005832525258,1.4224272632973082e-08,9.75540997064007e-06,2.837118075155778,0
6.717032266133067,0.37496601672278457,0.22659006137161206,0.08064455477565197,0.07166102620661484,0.1764164743674877,0.10199821271723415,1.4224272632973082e-08,9.75540997064007e-06,2.837118075155778,0
6.7222717608804405,0.37536382184300904,0.22641129284630393,0.08055883836396832,0.07185299624397638,0.17610722051676236,0.1021663671092157,1.4224272632973082e-08,9.75540997064007e-06,2.837118075155778,0
6.727511255627815,0.3757616269632335,0.22623252432099583,0.08047312195228466,0.07204496628133797,0.17579796666603695,0.10233452150119729,1.4224272632973082e-08,9.75540997064007e-06,2.837118075155778,0
6.732750750375188,0.37615943208345787,0.2260537557956877,0.08038740554060103,0.07223693631869951,0.17548871281531164,0.10250267589317881,1.4224272632973082e-08,9.75540997064007e-06,2.837118075155778,0
6.737990245122561,0.37655723720368234,0.22587498727037963,0.08030168912891739,0.07242890635606106,0.17517945896458628,0.10267083028516036,1.4224272632973082e-08,9.75540997064007e-06,2.837118075155778,0
6.743229739869936,0.37695504232390686,0.2256962187450715,0.08021597271723373,0.07262087639342266,0.17487020511386087,0.10283898467714193,1.4224272632973082e-08,9.75540997064007e-06,2.837118075155778,0
6.748469234617309,0.37733901074376724,0.2254931576332677,0.08013165441471014,0.07281841538415716,0.17458656706381645,0.10299684965860587,1.4224272632973082e-08,9.75540997064007e-06,2.837118075155778,0
6.753708729364683,0.3777041481512982,0.2252570356049312,0.08004923886429782,0.07302353342386082,0.1743377907543435,0.10314071130031209,1.4224272632973082e-08,9.75540997064007e-06,2.837118075155778,0
6.758948224112056,0.378069285558829,0.22502091357659473,0.07996682331388552,0.07322865146356446,0.17408901444487054,0.1032845729420183,1.4224272632973082e-08,9.75540997064007e-06,2.837118075155778,0
6.76418771885943,0.3784344229663599,0.22478479154825823,0.07988440776347322,0.0734337695032681,0.17384023813539765,0.10342843458372454,1.4224272632973082e-08,9.75540997064007e-06,2.837118075155778,0
6.769427213606804,0.3787995603738907,0.22454866951992178,0.07980199221306092,0.07363888754297174,0.17359146182592472,0.10357229622543077,1.4224272632973082e-08,9.75540997064007e-06,2.837118075155778,0
6.774666708354178,0.37916469778142153,0.22431254749158525,0.0797195766626486,0.07384400558267541,0.17334268551645182,0.103716157867137,1.4224272632973082e-08,9.75540997064007e-06,2.837118075155778,0
6.779906203101551,0.3795298351889524,0.2240764254632488,0.07963716111223632,0.07404912362237902,0.1730939092069789,0.10386001950884319,1.4224272632973082e-08,9.75540997064007e-06,2.837118075155778,0
6.785145697848925,0.3798949725964833,0.22384030343491232,0.079554745561824,0.07425424166208269,0.17284513289750597,0.10400388115054947,1.4224272632973082e-08,9.75540997064007e-06,2.837118075155778,0
6.790385192596299,0.38026011000401405,0.2236041814065758,0.0794723300114117,0.07445935970178633,0.1725963565880331,0.10414774279225568,1.4224272632973082e-08,9.75540997064007e-06,2.837118075155778,0
6.795624687343672,0.3806252474115449,0.22336805937823934,0.0793899144609994,0.07466447774148995,0.17234758027856018,0.10429160443396189,1.4224272632973082e-08,9.75540997064007e-06,2.837118075155778,0
6.800864182091046,0.38099370143927314,0.22312308485486057,0.07930685740892544,0.07487265217598431,0.17208694871034877,0.1044320092981753,1.4224272632973082e-08,9.75540997064007e-06,2.837118075155778,0
6.806103676838419,0.3813670582968583,0.2228650240344628,0.07922285205004731,0.07508534475929965,0.1718087919770458,0.10456730414348629,1.4224272632973082e-08,9.75540997064007e-06,2.837118075155778,0
6.8113431715857935,0.3817404151544435,0.22260696321406498,0.07913884669116916,0.07529803734261505,0.17153063524374276,0.10470259898879729,1.4224272632973082e-08,9.75540997064007e-06,2.837118075155778,0
6.816582666333167,0.3821137720120287,0.2223489023936672,0.07905484133229103,0.0755107299259304,0.17125247851043973,0.10483789383410827,1.4224272632973082e-08,9.75540997064007e-06,2.837118075155778,0
6.821822161080541,0.3824871288696139,0.2220908415732693,0.07897083597341288,0.07572342250924578,0.1709743217771367,0.10497318867941927,1.4224272632973082e-08,9.75540997064007e-06,2.837118075155778,0
6.827061655827914,0.38286048572719905,0.22183278075287155,0.07888683061453475,0.07593611509256114,0.17069616504383373,0.10510848352473023,1.4224272632973082e-08,9.75540997064007e-06,2.837118075155778,0
6.832301150575288,0.38323384258478427,0.22157471993247374,0.0788028252556566,0.07614880767587653,0.1704180083105307,0.10524377837004124,1.4224272632973082e-08,9.75540997064007e-06,2.837118075155778,0
6.837540645322662,0.38360719944236943,0.22131665911207596,0.07871881989677847,0.07636150025919189,0.17013985157722764,0.10537907321535221,1.4224272632973082e-08,9.75540997064007e-06,2.837118075155778,0
6.842780140070036,0.3839805562999546,0.2210585982916781,0.07863481453790032,0.07657419284250727,0.16986169484392466,0.10551436806066321,1.4224272632973082e-08,9.75540997064007e-06,2.837118075155778,0
6.848019634817409,0.38435391315753975,0.22080053747128037,0.0785508091790222,0.07678688542582263,0.16958353811062163,0.1056496629059742,1.4224272632973082e-08,9.75540997064007e-06,2.837118075155778,0
6.8532591295647824,0.38472765133640474,0.22053410676490595,0.07846910397011542,0.07700005089559085,0.1692959361487576,0.10577645978741693,1.4224272632973082e-08,7.371834142799755e-08,2.837118075155778,0
6.858498624312157,0.3851020026200727,0.22025421859480435,0.07839109704155474,0.0772139766925971,0.16899314774097185,0.10588959327597346,1.4224272632973082e-08,7.371834142799755e-08,2.837118075155778,0
6.86373811905953,0.3854763539037407,0.2199743304247028,0.07831309011299407,0.07742790248960328,0.16869035933318619,0.10600272676452999,1.4224272632973082e-08,7.371834142799755e-08,2.837118075155778,0
6.868977613806904,0.3858507051874085,0.2196944422546012,0.0782350831844334,0.07764182828660951,0.16838757092540044,0.1061158602530865,1.4224272632973082e-08,7.371834142799755e-08,2.837118075155778,0
6.874217108554277,0.3862250564710764,0.21941455408449967,0.07815707625587273,0.0778557540836157,0.16808478251761477,0.10622899374164306,1.4224272632973082e-08,7.371834142799755e-08,2.837118075155778,0
6.879456603301652,0.3865994077547444,0.21913466591439804,0.07807906932731205,0.07806967988062194,0.16778199410982902,0.1063421272301996,1.4224272632973082e-08,7.371834142799755e-08,2.837118075155778,0
6.884696098049025,0.38697375903841225,0.21885477774429646,0.0780010623987514,0.07828360567762813,0.1674792057020433,0.10645526071875613,1.4224272632973082e-08,7.371834142799755e-08,2.837118075155778,0
6.889935592796399,0.3873481103220801,0.21857488957419483,0.07792305547019072,0.07849753147463437,0.16717641729425756,0.10656839420731265,1.4224272632973082e-08,7.371834142799755e-08,2.837118075155778,0
6.895175087543772,0.387722461605748,0.21829500140409328,0.07784504854163006,0.07871145727164056,0.16687362888647186,0.1066815276958692,1.4224272632973082e-08,7.371834142799755e-08,2.837118075155778,0
6.900414582291146,0.38809681288941583,0.21801511323399173,0.07776704161306938,0.07892538306864674,0.1665708404786862,0.10679466118442571,1.4224272632973082e-08,7.371834142799755e-08,2.837118075155778,0
6.90565407703852,0.38847667729597074,0.2177242058873095,0.07769381532853308,0.07914242619468649,0.16629602655219952,0.10690340792033355,1.4224272632973082e-08,7.371834142799755e-08,2.837118075155778,0
6.910893571785893,0.388866199172962,0.21741399598303093,0.0776289634135291,0.07936493002124007,0.16607021619985066,0.1070044702757395,1.4224272632973082e-08,7.371834142799755e-08,2.837118075155778,0
6.916133066533267,0.3892557210499534,0.2171037860787524,0.0775641114985251,0.07958743384779367,0.16584440584750176,0.1071055326311455,1.4224272632973082e-08,7.371834142799755e-08,2.837118075155778,0
6.9213725612806405,0.38964524292694463,0.21679357617447376,0.07749925958352112,0.07980993767434724,0.16561859549515287,0.10720659498655144,1.4224272632973082e-08,7.371834142799755e-08,2.837118075155778,0
6.926612056028015,0.3900347648039359,0.21648336627019515,0.07743440766851713,0.08003244150090086,0.16539278514280392,0.10730765734195738,1.4224272632973082e-08,7.371834142799755e-08,2.837118075155778,0
6.931851550775388,0.390424286680927,0.21617315636591658,0.07736955575351315,0.08025494532745443,0.16516697479045506,0.10740871969736335,1.4224272632973082e-08,7.371834142799755e-08,2.837118075155778,0
6.937091045522762,0.3908138085579184,0.21586294646163795,0.07730470383850915,0.08047744915400804,0.1649411644381061,0.10750978205276933,1.4224272632973082e-08,7.371834142799755e-08,2.837118075155778,0
6.942330540270135,0.39120333043490957,0.21555273655735943,0.07723985192350517,0.08069995298056161,0.16471535408575724,0.10761084440817527,1.4224272632973082e-08,7.371834142799755e-08,2.837118075155778,0
6.94757003501751,0.39159285231190083,0.2152425266530808,0.07717500000850118,0.08092245680711521,0.1644895437334083,0.10771190676358125,1.4224272632973082e-08,7.371834142799755e-08,2.837118075155778,0
6.952809529764883,0.3919823741888921,0.21493231674880223,0.07711014809349721,0.08114496063366879,0.16426373338105943,0.1078129691189872,1.4224272632973082e-08,7.371834142799755e-08,2.837118075155778,0
6.958049024512256,0.39236419267991923,0.21461866004291288,0.07704887834159826,0.08136860423343904,0.16405963560360967,0.10790886057738246,1.4224272632973082e-08,7.371834142799755e-08,2.837118075155778,0
6.96328851925963,0.39273127914815414,0.21429841164343216,0.076994459149798,0.08159442754549232,0.16389706114458016,0.1079948631670419,1.4224272632973082e-08,7.371834142799755e-08,2.837118075155778,0
6.968528014007004,0.39309836561638883,0.21397816324395144,0.07694003995799774,0.08182025085754555,0.16373448668555066,0.10808086575670135,1.4224272632973082e-08,7.371834142799755e-08,2.837118075155778,0
6.973767508754378,0.3934654520846236,0.21365791484447072,0.07688562076619748,0.08204607416959882,0.16357191222652112,0.10816686834636083,1.4224272632973082e-08,7.371834142799755e-08,2.837118075155778,0
6.979007003501751,0.3938325385528583,0.21333766644498997,0.07683120157439723,0.08227189748165208,0.1634093377674916,0.10825287093602028,1.4224272632973082e-08,7.371834142799755e-08,2.837118075155778,0
6.984246498249125,0.3941996250210932,0.21301741804550925,0.07677678238259696,0.08249772079370533,0.16324676330846208,0.10833887352567974,1.4224272632973082e-08,7.371834142799755e-08,2.837118075155778,0
6.9894859929964985,0.39456671148932787,0.21269716964602853,0.0767223631907967,0.08272354410575858,0.1630841888494326,0.10842487611533919,1.4224272632973082e-08,7.371834142799755e-08,2.837118075155778,0
6.994725487743873,0.3949337979575628,0.21237692124654775,0.07666794399899643,0.08294936741781185,0.16292161439040306,0.10851087870499863,1.4224272632973082e-08,7.371834142799755e-08,2.837118075155778,0
6.999964982491246,0.3953008844257974,0.21205667284706706,0.07661352480719617,0.0831751907298651,0.16275903993137356,0.10859688129465808,1.4224272632973082e-08,7.371834142799755e-08,2.837118075155778,0
7.00520447723862,0.3956679708940321,0.2117364244475863,0.0765591056153959,0.08340101404191837,0.16259646547234402,0.10868288388431754,1.4224272632973082e-08,7.371834142799755e-08,2.837118075155778,0
7.0104439719859934,0.39603308414175714,0.21141145515322488,0.07650946912177015,0.08362565991674098,0.16243654585012643,0.10876391392057463,1.4224272632973082e-08,7.371834142799755e-08,2.837118075155778,0
7.015683466733367,0.39639406739306615,0.21107660491608982,0.07646984292664913,0.08384784138805763,0.16228218286309656,0.10883453628691986,1.4224272632973082e-08,7.371834142799755e-08,2.837118075155778,0
7.020922961480741,0.39675505064437533,0.2107417546789547,0.0764302167315281,0.08407002285937434,0.1621278198760667,0.1089051586532651,1.4224272632973082e-08,7.371834142799755e-08,2.837118075155778,0
7.026162456228114,0.39711603389568434,0.21040690444181967,0.0763905905364071,0.08429220433069103,0.1619734568890368,0.10897578101961028,1.4224272632973082e-08,7.371834142799755e-08,2.837118075155778,0
7.031401950975488,0.3974770171469934,0.21007205420468447,0.07635096434128606,0.08451438580200772,0.16181909390200694,0.10904640338595553,1.4224272632973082e-08,7.371834142799755e-08,2.837118075155778,0
7.036641445722862,0.39783800039830236,0.2097372039675494,0.07631133814616504,0.08473656727332438,0.16166473091497707,0.10911702575230074,1.4224272632973082e-08,7.371834142799755e-08,2.837118075155778,0
7.041880940470236,0.3981989836496115,0.20940235373041424,0.07627171195104401,0.0849587487446411,0.16151036792794718,0.10918764811864601,1.4224272632973082e-08,7.371834142799755e-08,2.837118075155778,0
7.047120435217609,0.3985599669009206,0.20906750349327918,0.076232085755923,0.08518093021595775,0.1613560049409173,0.10925827048499119,1.4224272632973082e-08,7.371834142799755e-08,2.837118075155778,0
7.052359929964983,0.3989209501522296,0.2087326532561441,0.07619245956080196,0.08540311168727446,0.16120164195388742,0.10932889285133643,1.4224272632973082e-08,7.371834142799755e-08,2.837118075155778,0
7.057599424712357,0.3992819334035387,0.20839780301900904,0.07615283336568095,0.08562529315859113,0.16104727896685755,0.10939951521768164,1.4224272632973082e-08,7.371834142799755e-08,2.837118075155778,0
7.06283891945973,0.3996265759727118,0.20805532916575636,0.07611952816213848,0.08584591175924083,0.16089541482875216,0.10946385977716969,1.4224272632973082e-08,7.371834142799755e-08,2.837118075155778,0
7.068078414207104,0.3999336754870602,0.2076953398969608,0.07610074556734667,0.08606293963224258,0.16074929184767978,0.10951378094569665,1.4224272632973082e-08,7.371834142799755e-08,2.837118075155778,0
7.073317908954477,0.4002407750014086,0.20733535062816527,0.07608196297255486,0.08627996750524429,0.16060316886660742,0.10956370211422359,1.4224272632973082e-08,7.371834142799755e-08,2.837118075155778,0
7.078557403701852,0.40054787451575696,0.20697536135936964,0.07606318037776306,0.08649699537824602,0.16045704588553505,0.10961362328275055,1.4224272632973082e-08,7.371834142799755e-08,2.837118075155778,0
7.083796898449225,0.4008549740301053,0.20661537209057412,0.07604439778297127,0.08671402325124773,0.16031092290446272,0.10966354445127749,1.4224272632973082e-08,7.371834142799755e-08,2.837118075155778,0
7.089036393196599,0.40116207354445377,0.20625538282177852,0.07602561518817946,0.08693105112424945,0.16016479992339033,0.10971346561980447,1.4224272632973082e-08,7.371834142799755e-08,2.837118075155778,0
7.094275887943972,0.40146917305880214,0.205895393552983,0.07600683259338767,0.08714807899725117,0.160018676942318,0.1097633867883314,1.4224272632973082e-08,7.371834142799755e-08,2.837118075155778,0
7.099515382691346,0.4017762725731506,0.2055354042841874,0.07598804999859586,0.08736510687025291,0.1598725539612456,0.10981330795685836,1.4224272632973082e-08,7.371834142799755e-08,2.837118075155778,0
7.10475487743872,0.40208337208749895,0.20517541501539185,0.07596926740380407,0.0875821347432546,0.15972643098017328,0.10986322912538532,1.4224272632973082e-08,7.371834142799755e-08,2.837118075155778,0
7.109994372186094,0.4023904716018473,0.20481542574659625,0.07595048480901226,0.08779916261625634,0.1595803079991009,0.10991315029391227,1.4224272632973082e-08,7.371834142799755e-08,2.837118075155778,0
7.115233866933467,0.40267923232534636,0.2044587380335808,0.07593710798418206,0.08801551078412426,0.1594558257943193,0.10995956754395193,1.4224272632973082e-08,7.371834142799755e-08,2.837118075155778,0
7.12047336168084,0.4029215780560763,0.20411040647059273,0.07593741301960864,0.08823013863634382,0.1593861158197957,0.1099971164693247,1.4224272632973082e-08,7.371834142799755e-08,2.837118075155778,0
7.125712856428215,0.4031639237868063,0.2037620749076046,0.07593771805503523,0.08844476648856342,0.15931640584527204,0.11003466539469745,1.4224272632973082e-08,7.371834142799755e-08,2.837118075155778,0
7.130952351175588,0.4034062695175363,0.2034137433446165,0.07593802309046181,0.08865939434078299,0.15924669587074844,0.11007221432007022,1.4224272632973082e-08,7.371834142799755e-08,2.837118075155778,0
7.136191845922962,0.40364861524826623,0.20306541178162837,0.0759383281258884,0.08887402219300258,0.1591769858962248,0.11010976324544298,1.4224272632973082e-08,7.371834142799755e-08,2.837118075155778,0
7.141431340670335,0.4038909609789961,0.20271708021864027,0.07593863316131498,0.08908865004522214,0.1591072759217012,0.11014731217081573,1.4224272632973082e-08,7.371834142799755e-08,2.837118075155778,0
7.1466708354177095,0.4041333067097262,0.20236874865565216,0.07593893819674156,0.08930327789744175,0.15903756594717758,0.11018486109618851,1.4224272632973082e-08,7.371834142799755e-08,2.837118075155778,0
7.151910330165083,0.4043756524404562,0.2020204170926641,0.07593924323216816,0.08951790574966131,0.15896785597265395,0.11022241002156127,1.4224272632973082e-08,7.371834142799755e-08,2.837118075155778,0
7.157149824912457,0.40461799817118604,0.20167208552967592,0.07593954826759475,0.08973253360188092,0.15889814599813032,0.11025995894693404,1.4224272632973082e-08,7.371834142799755e-08,2.837118075155778,0
7.16238931965983,0.404860343901916,0.20132375396668784,0.07593985330302133,0.08994716145410049,0.15882843602360672,0.11029750787230681,1.4224272632973082e-08,7.371834142799755e-08,2.837118075155778,0
7.1676288144072045,0.40509146619587033,0.20096977240132247,0.07594646806349277,0.09015946348510026,0.15875176378827086,0.11033193656626054,1.4224272632973082e-08,7.371834142799755e-08,2.837118075155778,0
7.172868309154578,0.405291162866853,0.20059997082930098,0.07597075005408972,0.0903652532166844,0.1586555972226608,0.11035762861224105,1.4224272632973082e-08,7.371834142799755e-08,2.837118075155778,0
7.178107803901951,0.4054908595378356,0.20023016925727946,0.07599503204468669,0.09057104294826855,0.15855943065705072,0.11038332065822153,1.4224272632973082e-08,7.371834142799755e-08,2.837118075155778,0
7.183347298649325,0.4056905562088184,0.19986036768525792,0.07601931403528367,0.09077683267985273,0.15846326409144063,0.11040901270420203,1.4224272632973082e-08,7.371834142799755e-08,2.837118075155778,0
7.1885867933966985,0.40589025287980096,0.19949056611323637,0.07604359602588064,0.0909826224114369,0.15836709752583056,0.11043470475018254,1.4224272632973082e-08,7.371834142799755e-08,2.837118075155778,0
7.193826288144073,0.40608994955078365,0.19912076454121477,0.0760678780164776,0.09118841214302108,0.15827093096022046,0.11046039679616304,1.4224272632973082e-08,7.371834142799755e-08,2.837118075155778,0
7.199065782891446,0.40628964622176633,0.19875096296919326,0.07609216000707457,0.09139420187460523,0.1581747643946104,0.11048608884214353,1.4224272632973082e-08,7.371834142799755e-08,2.837118075155778,0
7.20430527763882,0.406489342892749,0.19838116139717168,0.07611644199767154,0.09159999160618941,0.1580785978290003,0.11051178088812404,1.4224272632973082e-08,7.371834142799755e-08,2.837118075155778,0
7.209544772386193,0.4066890395637316,0.1980113598251502,0.0761407239882685,0.09180578133777358,0.15798243126339023,0.11053747293410451,1.4224272632973082e-08,7.371834142799755e-08,2.837118075155778,0
7.214784267133568,0.4068887362347144,0.19764155825312857,0.07616500597886548,0.09201157106935774,0.15788626469778017,0.11056316498008502,1.4224272632973082e-08,7.371834142799755e-08,2.837118075155778,0
7.220023761880941,0.40708027868977914,0.1972694322419973,0.07619340675534647,0.09221605342290462,0.15779698159065517,0.11058467004733057,1.4224272632973082e-08,7.371834142799755e-08,2.837118075155778,0
7.225263256628315,0.40724643379219244,0.19689006931734904,0.07623463096829115,0.09241646538297457,0.15772912945737036,0.11059313936634976,1.4224272632973082e-08,7.371834142799755e-08,2.837118075155778,0
7.230502751375688,0.40741258889460563,0.1965107063927008,0.07627585518123584,0.09261687734304454,0.15766127732408552,0.11060160868536895,1.4224272632973082e-08,7.371834142799755e-08,2.837118075155778,0
7.235742246123062,0.40757874399701893,0.19613134346805255,0.0763170793941805,0.09281728930311446,0.15759342519080072,0.11061007800438814,1.4224272632973082e-08,7.371834142799755e-08,2.837118075155778,0
7.240981740870436,0.4077448990994322,0.19575198054340423,0.07635830360712519,0.09301770126318441,0.15752557305751586,0.11061854732340735,1.4224272632973082e-08,7.371834142799755e-08,2.837118075155778,0
7.246221235617809,0.4079110542018454,0.19537261761875602,0.07639952782006985,0.09321811322325438,0.15745772092423105,0.11062701664242654,1.4224272632973082e-08,7.371834142799755e-08,2.837118075155778,0
7.251460730365183,0.40807720930425867,0.19499325469410766,0.07644075203301455,0.09341852518332433,0.1573898687909462,0.11063548596144573,1.4224272632973082e-08,7.371834142799755e-08,2.837118075155778,0
7.2567002251125565,0.4082433644066719,0.19461389176945945,0.07648197624595922,0.09361893714339427,0.1573220166576614,0.1106439552804649,1.4224272632973082e-08,7.371834142799755e-08,2.837118075155778,0
7.261939719859931,0.40840951950908516,0.19423452884481113,0.0765232004589039,0.09381934910346423,0.15725416452437657,0.11065242459948413,1.4224272632973082e-08,7.371834142799755e-08,2.837118075155778,0
7.267179214607304,0.4085756746114983,0.1938551659201629,0.07656442467184857,0.09401976106353417,0.15718631239109176,0.1106608939185033,1.4224272632973082e-08,7.371834142799755e-08,2.837118075155778,0
7.272418709354678,0.40872107111548256,0.19347388787085507,0.07660763812702026,0.09421866397584759,0.15712884323974205,0.11066614154675841,1.4224272632973082e-08,7.371834142799755e-08,2.837118075155778,0
7.277658204102051,0.4087941623889833,0.1930859391626208,0.07665778040343206,0.09441231065440227,0.15710753953108772,0.11066016755549793,1.4224272632973082e-08,7.371834142799755e-08,2.837118075155778,0
7.282897698849425,0.40886725366248394,0.19269799045438657,0.07670792267984385,0.09460595733295694,0.1570862358224334,0.11065419356423747,1.4224272632973082e-08,7.371834142799755e-08,2.837118075155778,0
7.288137193596799,0.40894034493598463,0.1923100417461522,0.07675806495625566,0.09479960401151165,0.15706493211377906,0.11064821957297702,1.4224272632973082e-08,7.371834142799755e-08,2.837118075155778,0
7.293376688344172,0.4090134362094854,0.191922093037918,0.07680820723266744,0.09499325069006632,0.15704362840512473,0.11064224558171655,1.4224272632973082e-08,7.371834142799755e-08,2.837118075155778,0
7.298616183091546,0.40908652748298624,0.1915341443296837,0.07685834950907926,0.09518689736862103,0.15702232469647043,0.11063627159045611,1.4224272632973082e-08,7.371834142799755e-08,2.837118075155778,0
7.30385567783892,0.4091596187564869,0.1911461956214494,0.07690849178549106,0.09538054404717569,0.15700102098781607,0.11063029759919564,1.4224272632973082e-08,7.371834142799755e-08,2.837118075155778,0
7.309095172586294,0.40923271002998757,0.1907582469132151,0.07695863406190287,0.09557419072573041,0.15697971727916177,0.1106243236079352,1.4224272632973082e-08,7.371834142799755e-08,2.837118075155778,0
7.314334667333667,0.40930580130348826,0.19037029820498086,0.07700877633831467,0.09576783740428506,0.15695841357050744,0.11061834961667473,1.4224272632973082e-08,7.371834142799755e-08,2.837118075155778,0
7.319574162081041,0.40937889257698895,0.18998234949674656,0.07705891861472645,0.09596148408283978,0.1569371098618531,0.11061237562541426,1.4224272632973082e-08,7.371834142799755e-08,2.837118075155778,0
7.324813656828415,0.40944108618649616,0.18959553851318692,0.07711236836096308,0.0961532563923462,0.15691970312701556,0.11060276323212236,1.4224272632973082e-08,7.371834142799755e-08,2.837118075155778,0
7.330053151575789,0.40946049637439946,0.18921319415242382,0.07717880298873413,0.09633767006781142,0.15691759562271795,0.11057886674196621,1.4224272632973082e-08,7.371834142799755e-08,2.837118075155778,0
7.335292646323162,0.40947990656230265,0.18883084979166084,0.07724523761650517,0.09652208374327662,0.15691548811842035,0.11055497025181008,1.4224272632973082e-08,7.371834142799755e-08,2.837118075155778,0
7.340532141070535,0.40949931675020584,0.18844850543089783,0.07731167224427622,0.09670649741874181,0.15691338061412274,0.11053107376165393,1.4224272632973082e-08,7.371834142799755e-08,2.837118075155778,0
7.345771635817909,0.4095187269381091,0.18806616107013477,0.0773781068720473,0.09689091109420701,0.15691127310982514,0.11050717727149778,1.4224272632973082e-08,7.371834142799755e-08,2.837118075155778,0
7.351011130565283,0.4095381371260123,0.18768381670937176,0.07744454149981835,0.09707532476967223,0.15690916560552753,0.11048328078134165,1.4224272632973082e-08,7.371834142799755e-08,2.837118075155778,0
7.356250625312657,0.4095575473139156,0.18730147234860867,0.07751097612758939,0.09725973844513743,0.15690705810122993,0.11045938429118549,1.4224272632973082e-08,7.371834142799755e-08,2.837118075155778,0
7.36149012006003,0.4095769575018188,0.18691912798784568,0.07757741075536045,0.09744415212060263,0.15690495059693232,0.11043548780102935,1.4224272632973082e-08,7.371834142799755e-08,2.837118075155778,0
7.366729614807404,0.409596367689722,0.18653678362708265,0.0776438453831315,0.09762856579606786,0.15690284309263472,0.11041159131087319,1.4224272632973082e-08,7.371834142799755e-08,2.837118075155778,0
7.371969109554778,0.4096157778776252,0.1861544392663196,0.07771028001090255,0.09781297947153303,0.15690073558833711,0.11038769482071706,1.4224272632973082e-08,7.371834142799755e-08,2.837118075155778,0
7.377208604302152,0.40962899127754004,0.18577449699406282,0.07777958608043234,0.09799514814422387,0.1569001486126272,0.11036119206001796,1.4224272632973082e-08,7.371834142799755e-08,2.837118075155778,0
7.382448099049525,0.4096145313502738,0.18540528185677932,0.07786171530082985,0.09816729118808672,0.15690635194266492,0.11032305033771611,1.4224272632973082e-08,7.371834142799755e-08,2.837118075155778,0
7.387687593796899,0.4096000714230076,0.1850360667194958,0.07794384452122737,0.09833943423194956,0.15691255527270268,0.1102849086154142,1.4224272632973082e-08,7.371834142799755e-08,2.837118075155778,0
7.392927088544273,0.40958561149574135,0.1846668515822123,0.07802597374162486,0.09851157727581238,0.15691875860274043,0.11024676689311237,1.4224272632973082e-08,7.371834142799755e-08,2.837118075155778,0
7.398166583291646,0.4095711515684751,0.18429763644492883,0.07810810296202236,0.09868372031967522,0.15692496193277813,0.11020862517081052,1.4224272632973082e-08,7.371834142799755e-08,2.837118075155778,0
7.40340607803902,0.4095566916412089,0.18392842130764525,0.07819023218241988,0.09885586336353808,0.1569311652628159,0.11017048344850865,1.4224272632973082e-08,7.371834142799755e-08,2.837118075155778,0
7.408645572786393,0.4095422317139426,0.18355920617036176,0.07827236140281738,0.09902800640740089,0.15693736859285365,0.11013234172620678,1.4224272632973082e-08,7.371834142799755e-08,2.837118075155778,0
7.413885067533767,0.4095277717866764,0.1831899910330783,0.0783544906232149,0.09920014945126375,0.15694357192289138,0.11009420000390494,1.4224272632973082e-08,7.371834142799755e-08,2.837118075155778,0
7.419124562281141,0.40951331185941015,0.18282077589579476,0.0784366198436124,0.09937229249512658,0.15694977525292914,0.11005605828160307,1.4224272632973082e-08,7.371834142799755e-08,2.837118075155778,0
7.424364057028515,0.4094988519321439,0.18245156075851118,0.07851874906400991,0.09954443553898942,0.1569559785829669,0.1100179165593012,1.4224272632973082e-08,7.371834142799755e-08,2.837118075155778,0
7.429603551775888,0.40947375718219087,0.18208548922931075,0.07860350118805427,0.09971452739691905,0.15696873205070985,0.10997768043905314,1.4224272632973082e-08,7.371834142799755e-08,2.837118075155778,0
7.4348430465232624,0.40939401580489315,0.1817355710093371,0.0787017310016071,0.09987407931482264,0.1570151431491227,0.10992668233551223,1.4224272632973082e-08,7.371834142799755e-08,2.837118075155778,0
7.440082541270636,0.4093142744275955,0.18138565278936353,0.0787999608151599,0.10003363123272627,0.15706155424753554,0.10987568423197133,1.4224272632973082e-08,7.371834142799755e-08,2.837118075155778,0
7.44532203601801,0.4092345330502978,0.18103573456938987,0.07889819062871271,0.10019318315062989,0.15710796534594837,0.10982468612843042,1.4224272632973082e-08,7.371834142799755e-08,2.837118075155778,0
7.450561530765383,0.4091547916730002,0.1806858163494163,0.07899642044226554,0.1003527350685335,0.15715437644436123,0.1097736880248895,1.4224272632973082e-08,7.371834142799755e-08,2.837118075155778,0
7.455801025512756,0.4090750502957025,0.1803358981294427,0.07909465025581834,0.10051228698643708,0.15720078754277408,0.10972268992134862,1.4224272632973082e-08,7.371834142799755e-08,2.837118075155778,0
7.461040520260131,0.4089953089184048,0.17998597990946902,0.07919288006937115,0.1006718389043407,0.1572471986411869,0.1096716918178077,1.4224272632973082e-08,7.371834142799755e-08,2.837118075155778,0
7.466280015007504,0.40891556754110725,0.17963606168949542,0.07929110988292397,0.10083139082224431,0.15729360973959974,0.10962069371426682,1.4224272632973082e-08,7.371834142799755e-08,2.837118075155778,0
7.471519509754878,0.4088358261638095,0.1792861434695218,0.0793893396964768,0.10099094274014793,0.1573400208380126,0.1095696956107259,1.4224272632973082e-08,7.371834142799755e-08,2.837118075155778,0
7.476759004502251,0.4087560847865119,0.17893622524954816,0.0794875695100296,0.10115049465805152,0.15738643193642546,0.10951869750718499,1.4224272632973082e-08,7.371834142799755e-08,2.837118075155778,0
7.481998499249626,0.40866976781633124,0.17858857834307248,0.07958835123469131,0.1013083707973219,0.1574364049970298,0.1094665301864286,1.4224272632973082e-08,7.371834142799755e-08,2.837118075155778,0
7.487237993996999,0.40854399728885327,0.17825455931758455,0.07970444442600635,0.10145619226479277,0.157507749830783,0.10940734756237944,1.4224272632973082e-08,7.371834142799755e-08,2.837118075155778,0
7.492477488744373,0.4084182267613753,0.17792054029209659,0.0798205376173214,0.10160401373226367,0.15757909466453626,0.10934816493833024,1.4224272632973082e-08,7.371834142799755e-08,2.837118075155778,0
7.497716983491746,0.4082924562338973,0.17758652126660865,0.07993663080863644,0.10175183519973455,0.1576504394982895,0.10928898231428111,1.4224272632973082e-08,7.371834142799755e-08,2.837118075155778,0
7.50295647823912,0.40816668570641934,0.1772525022411207,0.08005272399995148,0.10189965666720542,0.15772178433204273,0.10922979969023192,1.4224272632973082e-08,7.371834142799755e-08,2.837118075155778,0
7.508195972986494,0.4080409151789414,0.17691848321563272,0.08016881719126653,0.10204747813467634,0.15779312916579596,0.10917061706618272,1.4224272632973082e-08,7.371834142799755e-08,2.837118075155778,0
7.513435467733867,0.4079151446514633,0.1765844641901448,0.08028491038258156,0.10219529960214721,0.15786447399954923,0.10911143444213356,1.4224272632973082e-08,7.371834142799755e-08,2.837118075155778,0
7.518674962481241,0.4077893741239853,0.17625044516465685,0.08040100357389662,0.1023431210696181,0.15793581883330246,0.10905225181808438,1.4224272632973082e-08,7.371834142799755e-08,2.837118075155778,0
7.5239144572286145,0.40766360359650733,0.17591642613916894,0.08051709676521165,0.10249094253708897,0.1580071636670557,0.1089930691940352,1.4224272632973082e-08,7.371834142799755e-08,2.837118075155778,0
7.529153951975989,0.40753783306902935,0.17558240711368095,0.08063318995652671,0.10263876400455989,0.15807850850080893,0.10893388656998602,1.4224272632973082e-08,7.371834142799755e-08,2.837118075155778,0
7.534393446723362,0.4074072512309456,0.1752526095392243,0.08075116078591203,0.1027842862113955,0.15814691261924999,0.10887277053280772,1.4224272632973082e-08,7.371834142799755e-08,2.837118075155778,0
7.539632941470736,0.40724230288853547,0.17495296518641978,0.08088254331579936,0.10291338512797932,0.15819431162831815,0.10879784440184995,1.4224272632973082e-08,7.371834142799755e-08,2.837118075155778,0
7.544872436218109,0.4070773545461252,0.1746533208336153,0.08101392584568667,0.10304248404456308,0.15824171063738632,0.10872291827089219,1.4224272632973082e-08,7.371834142799755e-08,2.837118075155778,0
7.550111930965484,0.40691240620371494,0.17435367648081077,0.08114530837557402,0.10317158296114688,0.15828910964645448,0.10864799213993441,1.4224272632973082e-08,7.371834142799755e-08,2.837118075155778,0
7.555351425712857,0.40674745786130473,0.1740540321280063,0.08127669090546133,0.10330068187773063,0.15833650865552268,0.10857306600897663,1.4224272632973082e-08,7.371834142799755e-08,2.837118075155778,0
7.56059092046023,0.40658250951889435,0.17375438777520183,0.08140807343534864,0.1034297807943144,0.15838390766459082,0.10849813987801887,1.4224272632973082e-08,7.371834142799755e-08,2.837118075155778,0
7.565830415207604,0.4064175611764842,0.17345474342239725,0.08153945596523597,0.10355887971089824,0.158431306673659,0.1084232137470611,1.4224272632973082e-08,7.371834142799755e-08,2.837118075155778,0
7.571069909954978,0.40625261283407393,0.1731550990695928,0.08167083849512329,0.10368797862748198,0.15847870568272718,0.10834828761610334,1.4224272632973082e-08,7.371834142799755e-08,2.837118075155778,0
7.576309404702352,0.4060876644916637,0.17285545471678823,0.08180222102501063,0.10381707754406579,0.15852610469179534,0.10827336148514556,1.4224272632973082e-08,7.371834142799755e-08,2.837118075155778,0
7.581548899449725,0.40592271614925346,0.1725558103639838,0.08193360355489794,0.10394617646064956,0.1585735037008635,0.10819843535418779,1.4224272632973082e-08,7.371834142799755e-08,2.837118075155778,0
7.586788394197099,0.4057520627725123,0.17225711859186568,0.08206553925508202,0.10407341901102493,0.1586232645306966,0.10812309049692743,1.4224272632973082e-08,7.371834142799755e-08,2.837118075155778,0
7.592027888944473,0.40553159470575983,0.1719667444754976,0.08220230507639374,0.1041844523149951,0.15869364808818445,0.1080440894441471,1.4224272632973082e-08,7.371834142799755e-08,2.837118075155778,0
7.597267383691847,0.4053111266390076,0.1716763703591295,0.0823390708977055,0.10429548561896523,0.1587640316456723,0.10796508839136676,1.4224272632973082e-08,7.371834142799755e-08,2.837118075155778,0
7.60250687843922,0.4050906585722552,0.17138599624276138,0.08247583671901722,0.10440651892293541,0.15883441520316013,0.10788608733858639,1.4224272632973082e-08,7.371834142799755e-08,2.837118075155778,0
7.607746373186594,0.40487019050550277,0.17109562212639332,0.08261260254032897,0.1045175522269056,0.15890479876064798,0.10780708628580608,1.4224272632973082e-08,7.371834142799755e-08,2.837118075155778,0
7.612985867933967,0.4046497224387504,0.1708052480100252,0.0827493683616407,0.10462858553087573,0.1589751823181358,0.10772808523302574,1.4224272632973082e-08,7.371834142799755e-08,2.837118075155778,0
7.618225362681341,0.404429254371998,0.17051487389365713,0.08288613418295242,0.1047396188348459,0.15904556587562363,0.1076490841802454,1.4224272632973082e-08,7.371834142799755e-08,2.837118075155778,0
7.623464857428715,0.4042087863052456,0.170224499777289,0.08302290000426417,0.10485065213881607,0.15911594943311147,0.10757008312746504,1.4224272632973082e-08,7.371834142799755e-08,2.837118075155778,0
7.628704352176088,0.4039883182384933,0.16993412566092095,0.08315966582557589,0.10496168544278621,0.15918633299059928,0.1074910820746847,1.4224272632973082e-08,7.371834142799755e-08,2.837118075155778,0
7.633943846923462,0.4037678501717408,0.1696437515445528,0.08329643164688763,0.10507271874675642,0.15925671654808712,0.10741208102190436,1.4224272632973082e-08,7.371834142799755e-08,2.837118075155778,0
7.639183341670836,0.4035433713669622,0.1693553538646757,0.08343401152661688,0.10518203772919613,0.15932802349108202,0.10733198817311494,1.4224272632973082e-08,7.371834142799755e-08,2.837118075155778,0
7.64442283641821,0.4032744098313456,0.16908887666224387,0.08358062005424945,0.10527234332738951,0.15940957161879132,0.10723978631404311,1.4224272632973082e-08,7.371834142799755e-08,2.837118075155778,0
7.649662331165583,0.4030054482957291,0.16882239945981212,0.08372722858188196,0.10536264892558288,0.15949111974650063,0.10714758445497129,1.4224272632973082e-08,7.371834142799755e-08,2.837118075155778,0
7.654901825912957,0.4027364867601126,0.1685559222573803,0.08387383710951453,0.10545295452377622,0.15957266787420993,0.10705538259589945,1.4224272632973082e-08,7.371834142799755e-08,2.837118075155778,0
7.660141320660331,0.4024675252244961,0.1682894450549485,0.08402044563714706,0.10554326012196959,0.15965421600191923,0.10696318073682765,1.4224272632973082e-08,7.371834142799755e-08,2.837118075155778,0
7.665380815407704,0.40219856368887963,0.16802296785251675,0.08416705416477961,0.10563356572016293,0.15973576412962856,0.1068709788777558,1.4224272632973082e-08,7.371834142799755e-08,2.837118075155778,0
7.670620310155078,0.40192960215326307,0.16775649065008494,0.08431366269241215,0.10572387131835631,0.15981731225733783,0.10677877701868398,1.4224272632973082e-08,7.371834142799755e-08,2.837118075155778,0
7.675859804902451,0.4016606406176466,0.16749001344765313,0.0844602712200447,0.10581417691654962,0.15989886038504714,0.10668657515961213,1.4224272632973082e-08,7.371834142799755e-08,2.837118075155778,0
7.6810992996498255,0.4013916790820301,0.16722353624522132,0.08460687974767724,0.10590448251474303,0.15998040851275647,0.10659437330054033,1.4224272632973082e-08,7.371834142799755e-08,2.837118075155778,0
7.686338794397199,0.4011227175464137,0.16695705904278954,0.08475348827530978,0.10599478811293642,0.16006195664046577,0.1065021714414685,1.4224272632973082e-08,7.371834142799755e-08,2.837118075155778,0
7.691578289144573,0.40085317887609706,0.16669114701760393,0.0849005205074446,0.10608421943879993,0.16014498151895307,0.10640932695626211,1.4224272632973082e-08,7.371834142799755e-08,2.837118075155778,0
7.696817783891946,0.4005750062706685,0.16643369004402217,0.08505389135893325,0.1061605716506094,0.16025009858907904,0.10630686878408317,1.4224272632973082e-08,7.371834142799755e-08,2.837118075155778,0
7.70205727863932,0.4002968336652399,0.1661762330704403,0.08520726221042195,0.10623692386241883,0.16035521565920502,0.10620441061190418,1.4224272632973082e-08,7.371834142799755e-08,2.837118075155778,0
7.707296773386694,0.4000186610598113,0.16591877609685848,0.0853606330619106,0.10631327607422832,0.160460332729331,0.10610195243972519,1.4224272632973082e-08,7.371834142799755e-08,2.837118075155778,0
7.712536268134068,0.39974048845438265,0.16566131912327667,0.08551400391339929,0.10638962828603779,0.16056544979945697,0.10599949426754625,1.4224272632973082e-08,7.371834142799755e-08,2.837118075155778,0
7.717775762881441,0.39946231584895414,0.16540386214969485,0.08566737476488795,0.10646598049784724,0.16067056686958295,0.10589703609536727,1.4224272632973082e-08,7.371834142799755e-08,2.837118075155778,0
7.7230152576288145,0.3991841432435256,0.16514640517611304,0.08582074561637662,0.1065423327096567,0.1607756839397089,0.1057945779231883,1.4224272632973082e-08,7.371834142799755e-08,2.837118075155778,0
7.728254752376189,0.398905970638097,0.16488894820253117,0.0859741164678653,0.10661868492146619,0.16088080100983487,0.10569211975100933,1.4224272632973082e-08,7.371834142799755e-08,2.837118075155778,0
7.733494247123562,0.39862779803266835,0.16463149122894935,0.08612748731935396,0.10669503713327563,0.16098591807996085,0.10558966157883036,1.4224272632973082e-08,7.371834142799755e-08,2.837118075155778,0
7.738733741870936,0.3983496254272398,0.1643740342553675,0.08628085817084263,0.1067713893450851,0.16109103515008685,0.10548720340665137,1.4224272632973082e-08,7.371834142799755e-08,2.837118075155778,0
7.743973236618309,0.3980713414577231,0.16411868380117564,0.0864343039741493,0.10684689161078278,0.16119710157181197,0.10538453534074062,1.4224272632973082e-08,7.371834142799755e-08,2.837118075155778,0
7.749212731365684,0.39779055507163946,0.16391066807680518,0.08658943398889597,0.10690329508738076,0.16132450048241276,0.10527715083920919,1.4224272632973082e-08,7.371834142799755e-08,2.837118075155778,0
7.754452226113057,0.3975097686855557,0.16370265235243475,0.08674456400364262,0.10695969856397876,0.1614518993930135,0.10516976633767783,1.4224272632973082e-08,7.371834142799755e-08,2.837118075155778,0
7.759691720860431,0.39722898229947196,0.16349463662806427,0.08689969401838928,0.10701610204057674,0.16157929830361425,0.10506238183614641,1.4224272632973082e-08,7.371834142799755e-08,2.837118075155778,0
7.764931215607804,0.39694819591338837,0.16328662090369384,0.08705482403313591,0.10707250551717469,0.16170669721421502,0.10495499733461501,1.4224272632973082e-08,7.371834142799755e-08,2.837118075155778,0
7.770170710355178,0.39666740952730456,0.16307860517932335,0.08720995404788259,0.10712890899377268,0.16183409612481578,0.1048476128330836,1.4224272632973082e-08,7.371834142799755e-08,2.837118075155778,0
7.775410205102552,0.396386623141221,0.16287058945495292,0.0873650840626292,0.10718531247037065,0.16196149503541651,0.10474022833155223,1.4224272632973082e-08,7.371834142799755e-08,2.837118075155778,0
7.780649699849925,0.3961058367551372,0.1626625737305825,0.08752021407737585,0.10724171594696864,0.16208889394601728,0.1046328438300208,1.4224272632973082e-08,7.371834142799755e-08,2.837118075155778,0
7.785889194597299,0.3958250503690536,0.16245455800621203,0.0876753440921225,0.10729811942356662,0.16221629285661804,0.10452545932848943,1.4224272632973082e-08,7.371834142799755e-08,2.837118075155778,0
7.791128689344672,0.39554426398296993,0.1622465422818416,0.08783047410686916,0.10735452290016458,0.1623436917672188,0.104418074826958,1.4224272632973082e-08,7.371834142799755e-08,2.837118075155778,0
7.796368184092047,0.3952632973784615,0.1620389467327506,0.08798575252452288,0.10741043343814541,0.16247222460213498,0.10431037830886909,1.4224272632973082e-08,7.371834142799755e-08,2.837118075155778,0
7.80160767883942,0.39497452130889027,0.16184955877910437,0.08814746173481587,0.10744498330271503,0.16264989415738532,0.10418916107328785,1.4224272632973082e-08,7.371834142799755e-08,2.837118075155778,0
7.806847173586794,0.39468574523931893,0.1616601708254581,0.08830917094510891,0.10747953316728465,0.16282756371263568,0.10406794383770664,1.4224272632973082e-08,7.371834142799755e-08,2.837118075155778,0
7.812086668334167,0.39439696916974765,0.16147078287181188,0.0884708801554019,0.1075140830318543,0.16300523326788602,0.10394672660212541,1.4224272632973082e-08,7.371834142799755e-08,2.837118075155778,0
7.817326163081542,0.39410819310017625,0.16128139491816565,0.08863258936569493,0.10754863289642394,0.16318290282313638,0.1038255093665442,1.4224272632973082e-08,7.371834142799755e-08,2.837118075155778,0
7.822565657828915,0.39381941703060497,0.1610920069645194,0.08879429857598793,0.10758318276099356,0.16336057237838672,0.10370429213096295,1.4224272632973082e-08,7.371834142799755e-08,2.837118075155778,0
7.827805152576289,0.3935306409610336,0.16090261901087316,0.08895600778628095,0.1076177326255632,0.1635382419336371,0.10358307489538172,1.4224272632973082e-08,7.371834142799755e-08,2.837118075155778,0
7.833044647323662,0.3932418648914623,0.16071323105722693,0.08911771699657396,0.10765228249013284,0.16371591148888745,0.10346185765980052,1.4224272632973082e-08,7.371834142799755e-08,2.837118075155778,0
7.838284142071036,0.39295308882189095,0.16052384310358067,0.08927942620686695,0.10768683235470247,0.1638935810441378,0.10334064042421928,1.4224272632973082e-08,7.371834142799755e-08,2.837118075155778,0
7.84352363681841,0.39266431275231956,0.16033445514993444,0.08944113541715999,0.1077213822192721,0.16407125059938815,0.10321942318863804,1.4224272632973082e-08,7.371834142799755e-08,2.837118075155778,0
7.848763131565783,0.39237547830484154,0.1601451236230124,0.08960284189967771,0.1077558952076761,0.16424888791786169,0.10309820975308395,1.4224272632973082e-08,7.371834142799755e-08,2.837118075155778,0
7.854002626313157,0.3920634094505008,0.15997824993231577,0.08976346272763437,0.10777573148215323,0.16441369499915687,0.10297850872832649,1.4224272632973082e-08,7.371834142799755e-08,2.837118075155778,0
7.85924212106053,0.3917513405961602,0.1598113762416192,0.08992408355559102,0.1077955677566304,0.16457850208045205,0.10285880770356907,1.4224272632973082e-08,7.371834142799755e-08,2.837118075155778,0
7.864481615807905,0.39143927174181936,0.1596445025509226,0.09008470438354768,0.10781540403110755,0.16474330916174723,0.10273910667881161,1.4224272632973082e-08,7.371834142799755e-08,2.837118075155778,0
7.869721110555278,0.3911272028874787,0.15947762886022604,0.09024532521150433,0.10783524030558471,0.1649081162430424,0.10261940565405418,1.4224272632973082e-08,7.371834142799755e-08,2.837118075155778,0
7.874960605302652,0.39081513403313795,0.15931075516952942,0.09040594603946098,0.10785507658006188,0.1650729233243376,0.10249970462929672,1.4224272632973082e-08,7.371834142799755e-08,2.837118075155778,0
7.8802001000500255,0.39050306517879724,0.15914388147883285,0.09056656686741764,0.10787491285453904,0.1652377304056328,0.10238000360453932,1.4224272632973082e-08,7.371834142799755e-08,2.837118075155778,0
7.885439594797399,0.3901909963244566,0.15897700778813625,0.09072718769537426,0.10789474912901618,0.16540253748692801,0.10226030257978187,1.4224272632973082e-08,7.371834142799755e-08,2.837118075155778,0
7.890679089544773,0.3898789274701158,0.15881013409743966,0.09088780852333095,0.10791458540349334,0.16556734456822322,0.10214060155502443,1.4224272632973082e-08,7.371834142799755e-08,2.837118075155778,0
7.895918584292146,0.38956685861577517,0.1586432604067431,0.09104842935128757,0.10793442167797052,0.16573215164951838,0.10202090053026698,1.4224272632973082e-08,7.371834142799755e-08,2.837118075155778,0
7.90115807903952,0.3892547897614344,0.1584763867160465,0.09120905017924426,0.10795425795244763,0.16589695873081362,0.10190119950550953,1.4224272632973082e-08,7.371834142799755e-08,2.837118075155778,0
7.906397573786894,0.3889359549251793,0.15834381290955096,0.09137013020256564,0.10795311295031106,0.16607229736530355,0.10177528631081818,1.4224272632973082e-08,7.371834142799755e-08,2.837118075155778,0
7.911637068534268,0.3886169992678184,0.15821185160098758,0.09153121842580426,0.10795159328252064,0.16624782406324343,0.10164926218452085,1.4224272632973082e-08,7.371834142799755e-08,2.837118075155778,0
7.916876563281641,0.38829804361045767,0.15807989029242422,0.09169230664904289,0.10795007361473022,0.16642335076118328,0.10152323805822351,1.4224272632973082e-08,7.371834142799755e-08,2.837118075155778,0
7.922116058029015,0.3879790879530969,0.15794792898386084,0.09185339487228153,0.10794855394693983,0.16659887745912322,0.10139721393192618,1.4224272632973082e-08,7.371834142799755e-08,2.837118075155778,0
7.927355552776389,0.3876601322957361,0.15781596767529746,0.09201448309552016,0.10794703427914938,0.16677440415706304,0.10127118980562884,1.4224272632973082e-08,7.371834142799755e-08,2.837118075155778,0
7.932595047523763,0.3873411766383753,0.1576840063667341,0.09217557131875878,0.10794551461135898,0.16694993085500295,0.1011451656793315,1.4224272632973082e-08,7.371834142799755e-08,2.837118075155778,0
7.937834542271136,0.38702222098101446,0.15755204505817072,0.09233665954199738,0.10794399494356857,0.16712545755294284,0.10101914155303418,1.4224272632973082e-08,7.371834142799755e-08,2.837118075155778,0
7.943074037018509,0.3867032653236538,0.15742008374960734,0.092497747765236,0.10794247527577815,0.16730098425088266,0.10089311742673689,1.4224272632973082e-08,7.371834142799755e-08,2.837118075155778,0
7.9483135317658835,0.38638430966629295,0.15728812244104398,0.09265883598847464,0.10794095560798772,0.16747651094882254,0.10076709330043951,1.4224272632973082e-08,7.371834142799755e-08,2.837118075155778,0
7.953553026513257,0.38606535400893216,0.1571561611324806,0.09281992421171327,0.10793943594019731,0.16765203764676243,0.10064106917414217,1.4224272632973082e-08,7.371834142799755e-08,2.837118075155778,0
7.958792521260631,0.3857326037286299,0.15704877614226292,0.09297794600969787,0.10792316548653233,0.16780928366699205,0.10051906698980217,1.4224272632973082e-08,7.371834142799755e-08,2.837118075155778,0
7.964032016008004,0.38539931459586896,0.15694235116448066,0.093135848025446,0.10790631883029414,0.16796581559824858,0.1003972219125699,1.4224272632973082e-08,7.371834142799755e-08,2.837118075155778,0
7.969271510755378,0.38506602546310803,0.15683592618669837,0.09329375004119411,0.10788947217405592,0.1681223475295051,0.10027537683533759,1.4224272632973082e-08,7.371834142799755e-08,2.837118075155778,0
7.974511005502752,0.3847327363303472,0.1567295012089161,0.09345165205694221,0.10787262551781773,0.16827887946076167,0.1001535317581053,1.4224272632973082e-08,7.371834142799755e-08,2.837118075155778,0
7.979750500250126,0.3843994471975862,0.1566230762311338,0.09360955407269037,0.10785577886157953,0.16843541139201818,0.10003168668087302,1.4224272632973082e-08,7.371834142799755e-08,2.837118075155778,0
7.984989994997499,0.38406615806482536,0.15651665125335154,0.09376745608843846,0.10783893220534133,0.16859194332327473,0.09990984160364072,1.4224272632973082e-08,7.371834142799755e-08,2.837118075155778,0
7.990229489744873,0.38373286893206443,0.15641022627556925,0.0939253581041866,0.10782208554910312,0.16874847525453127,0.09978799652640843,1.4224272632973082e-08,7.371834142799755e-08,2.837118075155778,0
7.995468984492247,0.3833995797993035,0.15630380129778698,0.09408326011993472,0.10780523889286496,0.1689050071857878,0.09966615144917615,1.4224272632973082e-08,7.371834142799755e-08,2.837118075155778,0
8.00070847923962,0.3830662906665427,0.1561973763200047,0.09424116213568282,0.10778839223662673,0.16906153911704438,0.09954430637194388,1.4224272632973082e-08,7.371834142799755e-08,2.837118075155778,0
8.005947973986993,0.38273300153378176,0.15609095134222245,0.09439906415143091,0.10777154558038853,0.16921807104830086,0.09942246129471158,1.4224272632973082e-08,7.371834142799755e-08,2.837118075155778,0
8.011187468734368,0.3824230046082178,0.15600281570220464,0.0945528013343806,0.10773906608739434,0.16939044877445492,0.09929865348655506,1.4224272632973082e-08,7.371834142799755e-08,2.837118075155778,0
8.016426963481742,0.382114432471924,0.1559157988248693,0.0947062837536218,0.10770563033044965,0.1695637957912542,0.09917472561773032,1.4224272632973082e-08,7.371834142799755e-08,2.837118075155778,0
8.021666458229115,0.3818058603356302,0.15582878194753394,0.09485976617286303,0.10767219457350499,0.1697371428080535,0.09905079774890564,1.4224272632973082e-08,7.371834142799755e-08,2.837118075155778,0
8.026905952976488,0.3814972881993363,0.15574176507019857,0.09501324859210421,0.10763875881656033,0.16991048982485282,0.09892686988008091,1.4224272632973082e-08,7.371834142799755e-08,2.837118075155778,0
8.032145447723863,0.38118871606304244,0.1556547481928632,0.0951667310113455,0.10760532305961562,0.17008383684165215,0.09880294201125615,1.4224272632973082e-08,7.371834142799755e-08,2.837118075155778,0
8.037384942471236,0.38088014392674857,0.15556773131552784,0.09532021343058669,0.10757188730267093,0.17025718385845146,0.09867901414243141,1.4224272632973082e-08,7.371834142799755e-08,2.837118075155778,0
8.04262443721861,0.38057157179045475,0.1554807144381925,0.0954736958498279,0.10753845154572628,0.17043053087525079,0.09855508627360672,1.4224272632973082e-08,7.371834142799755e-08,2.837118075155778,0
8.047863931965983,0.380262999654161,0.15539369756085714,0.0956271782690691,0.1075050157887816,0.17060387789205006,0.09843115840478199,1.4224272632973082e-08,7.371834142799755e-08,2.837118075155778,0
8.053103426713356,0.3799544275178672,0.15530668068352177,0.0957806606883103,0.10747158003183692,0.17077722490884933,0.09830723053595727,1.4224272632973082e-08,7.371834142799755e-08,2.837118075155778,0
8.058342921460731,0.37964585538157325,0.1552196638061864,0.09593414310755155,0.10743814427489225,0.1709505719256487,0.09818330266713252,1.4224272632973082e-08,7.371834142799755e-08,2.837118075155778,0
8.063582416208105,0.3793104486058737,0.15515820910510328,0.09608287113013554,0.1073916967531424,0.17111415397639093,0.09806148952463337,1.4224272632973082e-08,7.371834142799755e-08,2.837118075155778,0
8.068821910955478,0.3789727813034851,0.15509890773951968,0.0962311986464794,0.10734415313163992,0.17127691343488377,0.09793985452484101,1.4224272632973082e-08,7.371834142799755e-08,2.837118075155778,0
8.074061405702851,0.37863511400109645,0.15503960637393605,0.09637952616282325,0.10729660951013749,0.17143967289337667,0.09781821952504863,1.4224272632973082e-08,7.371834142799755e-08,2.837118075155778,0
8.079300900450226,0.37829744669870774,0.15498030500835241,0.09652785367916715,0.10724906588863502,0.1716024323518696,0.0976965845252562,1.4224272632973082e-08,7.371834142799755e-08,2.837118075155778,0
8.0845403951976,0.37795977939631914,0.1549210036427688,0.09667618119551098,0.10720152226713257,0.17176519181036248,0.09757494952546385,1.4224272632973082e-08,7.371834142799755e-08,2.837118075155778,0
8.089779889944973,0.3776221120939306,0.15486170227718518,0.09682450871185484,0.10715397864563013,0.17192795126885535,0.09745331452567146,1.4224272632973082e-08,7.371834142799755e-08,2.837118075155778,0
8.095019384692346,0.37728444479154194,0.15480240091160155,0.09697283622819869,0.10710643502412767,0.17209071072734822,0.09733167952587908,1.4224272632973082e-08,7.371834142799755e-08,2.837118075155778,0
8.100258879439721,0.37694677748915323,0.15474309954601792,0.09712116374454259,0.10705889140262524,0.1722534701858411,0.09721004452608666,1.4224272632973082e-08,7.371834142799755e-08,2.837118075155778,0
8.105498374187095,0.37660911018676463,0.15468379818043432,0.09726949126088645,0.10701134778112276,0.17241622964433395,0.0970884095262943,1.4224272632973082e-08,7.371834142799755e-08,2.837118075155778,0
8.110737868934468,0.376271442884376,0.15462449681485071,0.09741781877723028,0.10696380415962033,0.17257898910282685,0.09696677452650192,1.4224272632973082e-08,7.371834142799755e-08,2.837118075155778,0
8.115977363681841,0.3759240457644276,0.15458213449898084,0.0975532219037627,0.10690573781289214,0.1727438651301496,0.09684557481888979,1.4224272632973082e-08,7.371834142799755e-08,2.837118075155778,0
8.121216858429214,0.3755755945809103,0.15454160724682997,0.09768722488806549,0.10684653150426451,0.1729089704524289,0.09672442226793056,1.4224272632973082e-08,7.371834142799755e-08,2.837118075155778,0
8.12645635317659,0.37522714339739277,0.1545010799946791,0.09782122787236837,0.10678732519563687,0.17307407577470826,0.09660326971697122,1.4224272632973082e-08,7.371834142799755e-08,2.837118075155778,0
8.131695847923963,0.3748786922138755,0.15446055274252823,0.0979552308566712,0.10672811888700924,0.17323918109698758,0.09648211716601196,1.4224272632973082e-08,7.371834142799755e-08,2.837118075155778,0
8.136935342671336,0.37453024103035815,0.15442002549037737,0.098089233840974,0.1066689125783816,0.17340428641926692,0.09636096461505268,1.4224272632973082e-08,7.371834142799755e-08,2.837118075155778,0
8.14217483741871,0.37418178984684075,0.1543794982382265,0.09822323682527684,0.10660970626975397,0.17356939174154618,0.09623981206409343,1.4224272632973082e-08,7.371834142799755e-08,2.837118075155778,0
8.147414332166084,0.3738333386633233,0.15433897098607563,0.09835723980957972,0.10655049996112632,0.17373449706382554,0.09611865951313413,1.4224272632973082e-08,7.371834142799755e-08,2.837118075155778,0
8.152653826913458,0.3734848874798059,0.15429844373392476,0.09849124279388254,0.1064912936524987,0.17389960238610488,0.09599750696217488,1.4224272632973082e-08,7.371834142799755e-08,2.837118075155778,0
8.157893321660831,0.37313643629628857,0.1542579164817739,0.09862524577818536,0.10643208734387105,0.17406470770838417,0.09587635441121563,1.4224272632973082e-08,7.371834142799755e-08,2.837118075155778,0
8.163132816408204,0.3727879851127712,0.15421738922962303,0.09875924876248819,0.10637288103524344,0.17422981303066348,0.09575520186025635,1.4224272632973082e-08,7.371834142799755e-08,2.837118075155778,0
8.168372311155577,0.3724526584264209,0.1542040780048798,0.09888328541786855,0.10630500850649954,0.17438466418448711,0.09563841105699669,1.4224272632973082e-08,7.371834142799755e-08,2.837118075155778,0
8.173611805902953,0.3721190841587262,0.15419440073834156,0.09900599134183033,0.10623597884041057,0.17453814617377272,0.09552220264618554,1.4224272632973082e-08,7.371834142799755e-08,2.837118075155778,0
8.178851300650326,0.37178550989103165,0.15418472347180337,0.09912869726579206,0.10616694917432161,0.17469162816305825,0.09540599423537442,1.4224272632973082e-08,7.371834142799755e-08,2.837118075155778,0
8.1840907953977,0.3714519356233371,0.15417504620526512,0.09925140318975381,0.10609791950823264,0.1748451101523438,0.09528978582456328,1.4224272632973082e-08,7.371834142799755e-08,2.837118075155778,0
8.189330290145072,0.37111836135564263,0.15416536893872693,0.09937410911371554,0.10602888984214366,0.17499859214162933,0.09517357741375214,1.4224272632973082e-08,7.371834142799755e-08,2.837118075155778,0
8.194569784892447,0.37078478708794793,0.15415569167218868,0.09949681503767732,0.10595986017605469,0.17515207413091494,0.095057369002941,1.4224272632973082e-08,7.371834142799755e-08,2.837118075155778,0
8.19980927963982,0.3704512128202534,0.15414601440565046,0.09961952096163906,0.10589083050996571,0.17530555612020043,0.0949411605921299,1.4224272632973082e-08,7.371834142799755e-08,2.837118075155778,0
8.205048774387194,0.37011763855255886,0.15413633713911223,0.09974222688560082,0.10582180084387678,0.17545903810948602,0.09482495218131873,1.4224272632973082e-08,7.371834142799755e-08,2.837118075155778,0
8.210288269134567,0.3697840642848643,0.154126659872574,0.09986493280956253,0.10575277117778778,0.17561252009877157,0.09470874377050763,1.4224272632973082e-08,7.371834142799755e-08,2.837118075155778,0
8.21552776388194,0.36945049001716973,0.15411698260603576,0.09998763873352429,0.10568374151169882,0.1757660020880571,0.0945925353596965,1.4224272632973082e-08,7.371834142799755e-08,2.837118075155778,0
8.220767258629316,0.36914052075771764,0.1541193483266566,0.10009574648344635,0.10560761630429427,0.17591517843001514,0.09447896310140398,1.4224272632973082e-08,7.371834142799755e-08,2.837118075155778,0
8.226006753376689,0.3688343255548162,0.15412363952487557,0.10020152022298413,0.10553035663534222,0.17606366636905735,0.09436581232098513,1.4224272632973082e-08,7.371834142799755e-08,2.837118075155778,0
8.231246248124062,0.36852813035191473,0.1541279307230945,0.1003072939625219,0.10545309696639019,0.17621215430809958,0.09425266154056627,1.4224272632973082e-08,7.371834142799755e-08,2.837118075155778,0
8.236485742871436,0.3682219351490133,0.15413222192131346,0.10041306770205968,0.10537583729743812,0.17636064224714182,0.09413951076014743,1.4224272632973082e-08,7.371834142799755e-08,2.837118075155778,0
8.24172523761881,0.36791573994611165,0.1541365131195324,0.10051884144159749,0.105298577628486,0.17650913018618414,0.09402635997972855,1.4224272632973082e-08,7.371834142799755e-08,2.837118075155778,0
8.246964732366184,0.36760954474321017,0.15414080431775132,0.10062461518113527,0.10522131795953395,0.17665761812522637,0.09391320919930969,1.4224272632973082e-08,7.371834142799755e-08,2.837118075155778,0
8.252204227113557,0.36730334954030874,0.15414509551597028,0.10073038892067306,0.10514405829058189,0.17680610606426858,0.09380005841889082,1.4224272632973082e-08,7.371834142799755e-08,2.837118075155778,0
8.25744372186093,0.36699715433740726,0.1541493867141892,0.10083616266021082,0.10506679862162982,0.17695459400331084,0.09368690763847197,1.4224272632973082e-08,7.371834142799755e-08,2.837118075155778,0
8.262683216608306,0.36669095913450567,0.15415367791240817,0.10094193639974865,0.10498953895267774,0.1771030819423531,0.0935737568580531,1.4224272632973082e-08,7.371834142799755e-08,2.837118075155778,0
8.267922711355679,0.3663847639316042,0.1541579691106271,0.1010477101392864,0.10491227928372568,0.17725156988139537,0.09346060607763422,1.4224272632973082e-08,7.371834142799755e-08,2.837118075155778,0
8.273162206103052,0.36607303984866185,0.15417928900157257,0.1011408521626463,0.10482579082494373,0.17738849981467109,0.09335128296013691,1.4224272632973082e-08,7.371834142799755e-08,2.837118075155778,0
8.278401700850425,0.36576027910071196,0.15420380177240425,0.10123162573922281,0.10473757196806864,0.1775232626218656,0.09324267752943736,1.4224272632973082e-08,7.371834142799755e-08,2.837118075155778,0
8.283641195597799,0.36544751835276207,0.15422831454323596,0.10132239931579932,0.10464935311119357,0.1776580254290601,0.09313407209873784,1.4224272632973082e-08,7.371834142799755e-08,2.837118075155778,0
8.288880690345174,0.365134757604812,0.15425282731406767,0.10141317289237585,0.10456113425431846,0.17779278823625463,0.09302546666803826,1.4224272632973082e-08,7.371834142799755e-08,2.837118075155778,0
8.294120185092547,0.3648219968568621,0.15427734008489938,0.1015039464689524,0.10447291539744338,0.17792755104344912,0.09291686123733874,1.4224272632973082e-08,7.371834142799755e-08,2.837118075155778,0
8.29935967983992,0.3645092361089121,0.1543018528557311,0.1015947200455289,0.10438469654056831,0.17806231385064364,0.09280825580663919,1.4224272632973082e-08,7.371834142799755e-08,2.837118075155778,0
8.304599174587294,0.3641964753609622,0.15432636562656277,0.10168549362210544,0.10429647768369324,0.17819707665783813,0.09269965037593966,1.4224272632973082e-08,7.371834142799755e-08,2.837118075155778,0
8.309838669334669,0.36388371461301217,0.15435087839739448,0.10177626719868196,0.10420825882681814,0.17833183946503267,0.09259104494524009,1.4224272632973082e-08,7.371834142799755e-08,2.837118075155778,0
8.315078164082042,0.3635709538650623,0.15437539116822616,0.1018670407752585,0.10412003996994307,0.1784666022722272,0.09248243951454056,1.4224272632973082e-08,7.371834142799755e-08,2.837118075155778,0
8.320317658829415,0.36325819311711227,0.15439990393905786,0.10195781435183501,0.10403182111306801,0.17860136507942168,0.092373834083841,1.4224272632973082e-08,7.371834142799755e-08,2.837118075155778,0
8.325557153576788,0.36298543838599245,0.15446236510279204,0.10204507399425118,0.10394473212050954,0.17871935796258925,0.09227154626130916,1.4224272632973082e-08,7.371834142799755e-08,2.837118075155778,0
8.330796648324162,0.36272134349388135,0.15453304070523374,0.10213157299848022,0.10385788770223917,0.17883372077073872,0.09217062596981365,1.4224272632973082e-08,7.371834142799755e-08,2.837118075155778,0
8.336036143071537,0.36245724860177025,0.1546037163076755,0.10221807200270926,0.10377104328396873,0.17894808357888828,0.09206970567831808,1.4224272632973082e-08,7.371834142799755e-08,2.837118075155778,0
8.34127563781891,0.3621931537096593,0.1546743919101172,0.10230457100693827,0.10368419886569834,0.1790624463870378,0.09196878538682252,1.4224272632973082e-08,7.371834142799755e-08,2.837118075155778,0
8.346515132566283,0.3619290588175482,0.15474506751255893,0.10239107001116729,0.10359735444742797,0.17917680919518736,0.09186786509532699,1.4224272632973082e-08,7.371834142799755e-08,2.837118075155778,0
8.351754627313657,0.3616649639254373,0.15481574311500063,0.10247756901539631,0.10351051002915757,0.17929117200333688,0.09176694480383145,1.4224272632973082e-08,7.371834142799755e-08,2.837118075155778,0
8.356994122061032,0.36140086903332613,0.15488641871744235,0.10256406801962537,0.10342366561088716,0.1794055348114864,0.09166602451233587,1.4224272632973082e-08,7.371834142799755e-08,2.837118075155778,0
8.362233616808405,0.36113677414121514,0.15495709431988405,0.10265056702385439,0.10333682119261677,0.1795198976196359,0.09156510422084033,1.4224272632973082e-08,7.371834142799755e-08,2.837118075155778,0
8.367473111555778,0.36087267924910416,0.15502776992232578,0.1027370660280834,0.10324997677434639,0.17963426042778546,0.0914641839293448,1.4224272632973082e-08,7.371834142799755e-08,2.837118075155778,0
8.372712606303152,0.36060858435699317,0.15509844552476748,0.10282356503231242,0.10316313235607599,0.179748623235935,0.09136326363784926,1.4224272632973082e-08,7.371834142799755e-08,2.837118075155778,0
8.377952101050525,0.3603618101265014,0.1551907412446587,0.10289966432893784,0.10306807225964468,0.1798830701761245,0.09127088224993311,1.4224272632973082e-08,7.371834142799755e-08,2.837118075155778,0
8.3831915957979,0.36011931193434676,0.15528837443104532,0.10297319619774864,0.10297098391766733,0.18002247538641153,0.09118060890383813,1.4224272632973082e-08,7.371834142799755e-08,2.837118075155778,0
8.388431090545273,0.35987681374219216,0.15538600761743188,0.10304672806655941,0.10287389557569004,0.18016188059669846,0.09109033555774314,1.4224272632973082e-08,7.371834142799755e-08,2.837118075155778,0
8.393670585292647,0.3596343155500376,0.15548364080381846,0.1031202599353702,0.10277680723371273,0.18030128580698546,0.09100006221164816,1.4224272632973082e-08,7.371834142799755e-08,2.837118075155778,0
8.39891008004002,0.35939181735788306,0.15558127399020505,0.10319379180418098,0.10267971889173542,0.18044069101727236,0.09090978886555319,1.4224272632973082e-08,7.371834142799755e-08,2.837118075155778,0
8.404149574787395,0.35914931916572845,0.15567890717659164,0.10326732367299178,0.10258263054975808,0.18058009622755938,0.0908195155194582,1.4224272632973082e-08,7.371834142799755e-08,2.837118075155778,0
8.409389069534768,0.3589068209735739,0.15577654036297822,0.10334085554180257,0.10248554220778078,0.18071950143784635,0.09072924217336323,1.4224272632973082e-08,7.371834142799755e-08,2.837118075155778,0
8.414628564282141,0.35866432278141935,0.15587417354936478,0.10341438741061335,0.10238845386580347,0.18085890664813328,0.09063896882726825,1.4224272632973082e-08,7.371834142799755e-08,2.837118075155778,0
8.419868059029515,0.3584218245892648,0.15597180673575137,0.10348791927942412,0.10229136552382617,0.18099831185842022,0.09054869548117327,1.4224272632973082e-08,7.371834142799755e-08,2.837118075155778,0
8.42510755377689,0.35817932639711014,0.15606943992213798,0.10356145114823492,0.10219427718184883,0.18113771706870724,0.09045842213507828,1.4224272632973082e-08,7.371834142799755e-08,2.837118075155778,0
8.430347048524263,0.35795090300116367,0.15618283011406392,0.10362205469966472,0.10209472768208701,0.18127763001301703,0.09037007009623164,1.4224272632973082e-08,7.371834142799755e-08,2.837118075155778,0
8.435586543271636,0.3577264043080059,0.15630061408638066,0.10367905323951714,0.10199449189794296,0.1814176845370063,0.0902822538065216,1.4224272632973082e-08,7.371834142799755e-08,2.837118075155778,0
8.44082603801901,0.3575019056148482,0.15641839805869737,0.10373605177936951,0.10189425611379893,0.18155773906099557,0.09019443751681153,1.4224272632973082e-08,7.371834142799755e-08,2.837118075155778,0
8.446065532766383,0.3572774069216904,0.1565361820310141,0.10379305031922191,0.10179402032965487,0.1816977935849848,0.09010662122710146,1.4224272632973082e-08,7.371834142799755e-08,2.837118075155778,0
8.451305027513758,0.3570529082285326,0.15665396600333087,0.10385004885907433,0.1016937845455108,0.18183784810897413,0.09001880493739137,1.4224272632973082e-08,7.371834142799755e-08,2.837118075155778,0
8.456544522261131,0.35682840953537487,0.1567717499756476,0.10390704739892674,0.10159354876136675,0.18197790263296337,0.08993098864768131,1.4224272632973082e-08,7.371834142799755e-08,2.837118075155778,0
8.461784017008505,0.35660391084221704,0.15688953394796432,0.10396404593877911,0.10149331297722272,0.18211795715695267,0.08984317235797123,1.4224272632973082e-08,7.371834142799755e-08,2.837118075155778,0
8.467023511755878,0.3563794121490593,0.15700731792028105,0.1040210444786315,0.10139307719307866,0.18225801168094186,0.08975535606826117,1.4224272632973082e-08,7.371834142799755e-08,2.837118075155778,0
8.472263006503253,0.35615491345590156,0.15712510189259785,0.10407804301848392,0.10129284140893459,0.1823980662049312,0.08966753977855108,1.4224272632973082e-08,7.371834142799755e-08,2.837118075155778,0
8.477502501250626,0.3559304147627438,0.15724288586491456,0.10413504155833633,0.10119260562479056,0.18253812072892042,0.08957972348884101,1.4224272632973082e-08,7.371834142799755e-08,2.837118075155778,0
8.482741995998,0.35573601181889747,0.1573893833477843,0.10418365112905334,0.1010875157392446,0.18268650404315415,0.08949611799321235,1.4224272632973082e-08,7.371834142799755e-08,2.837118075155778,0
8.487981490745373,0.3555510137967109,0.15754485380270183,0.10422963914691556,0.10098090894701053,0.18283749010433928,0.08941382837073411,1.4224272632973082e-08,7.371834142799755e-08,2.837118075155778,0
8.493220985492746,0.35536601577452437,0.15770032425761935,0.10427562716477778,0.10087430215477651,0.1829884761655244,0.0893315387482559,1.4224272632973082e-08,7.371834142799755e-08,2.837118075155778,0
8.498460480240121,0.35518101775233774,0.15785579471253694,0.10432161518264003,0.1007676953625424,0.1831394622267096,0.08924924912577764,1.4224272632973082e-08,7.371834142799755e-08,2.837118075155778,0
8.503699974987494,0.3549960197301512,0.15801126516745445,0.10436760320050226,0.10066108857030838,0.18329044828789473,0.08916695950329942,1.4224272632973082e-08,7.371834142799755e-08,2.837118075155778,0
8.508939469734868,0.35481102170796464,0.158166735622372,0.10441359121836448,0.10055448177807434,0.18344143434907983,0.0890846698808212,1.4224272632973082e-08,7.371834142799755e-08,2.837118075155778,0
8.514178964482241,0.35462602368577817,0.1583222060772895,0.10445957923622672,0.10044787498584026,0.18359242041026497,0.08900238025834296,1.4224272632973082e-08,7.371834142799755e-08,2.837118075155778,0
8.519418459229616,0.35444102566359154,0.1584776765322071,0.10450556725408895,0.10034126819360617,0.18374340647145013,0.08892009063586472,1.4224272632973082e-08,7.371834142799755e-08,2.837118075155778,0
8.52465795397699,0.35425602764140496,0.15863314698712463,0.10455155527195119,0.10023466140137212,0.1838943925326353,0.08883780101338648,1.4224272632973082e-08,7.371834142799755e-08,2.837118075155778,0
8.529897448724363,0.3540710296192185,0.15878861744204215,0.10459754328981341,0.10012805460913808,0.18404537859382042,0.08875551139090826,1.4224272632973082e-08,7.371834142799755e-08,2.837118075155778,0
8.535136943471736,0.3539110432736318,0.1589582277300482,0.10463483912109083,0.10001592231329001,0.1841663219159425,0.08868051375013404,1.4224272632973082e-08,7.371834142799755e-08,2.837118075155778,0
8.540376438219111,0.35375976031551065,0.15913275829781146,0.1046691103063608,0.09990186729152217,0.1842768111768366,0.08860805352191219,1.4224272632973082e-08,7.371834142799755e-08,2.837118075155778,0
8.545615932966484,0.35360847735738954,0.15930728886557466,0.1047033814916307,0.0997878122697544,0.18438730043773066,0.0885355932936904,1.4224272632973082e-08,7.371834142799755e-08,2.837118075155778,0
8.550855427713858,0.35345719439926837,0.1594818194333379,0.10473765267690063,0.09967375724798662,0.18449778969862476,0.08846313306546859,1.4224272632973082e-08,7.371834142799755e-08,2.837118075155778,0
8.55609492246123,0.3533059114411472,0.15965635000110107,0.10477192386217056,0.09955970222621882,0.1846082789595188,0.08839067283724676,1.4224272632973082e-08,7.371834142799755e-08,2.837118075155778,0
8.561334417208604,0.35315462848302615,0.1598308805688643,0.10480619504744046,0.09944564720445105,0.18471876822041292,0.08831821260902495,1.4224272632973082e-08,7.371834142799755e-08,2.837118075155778,0
8.56657391195598,0.353003345524905,0.16000541113662756,0.10484046623271039,0.0993315921826832,0.184829257481307,0.08824575238080311,1.4224272632973082e-08,7.371834142799755e-08,2.837118075155778,0
8.571813406703352,0.35285206256678386,0.16017994170439076,0.10487473741798031,0.09921753716091544,0.18493974674220107,0.0881732921525813,1.4224272632973082e-08,7.371834142799755e-08,2.837118075155778,0
8.577052901450726,0.3527007796086627,0.16035447227215396,0.10490900860325024,0.09910348213914764,0.18505023600309514,0.0881008319243595,1.4224272632973082e-08,7.371834142799755e-08,2.837118075155778,0
8.582292396198099,0.3525494966505415,0.16052900283991717,0.10494327978852014,0.09898942711737986,0.18516072526398922,0.08802837169613767,1.4224272632973082e-08,7.371834142799755e-08,2.837118075155778,0
8.587531890945474,0.35240648006108843,0.16070723294640377,0.10496996782969217,0.09887512326078512,0.18528444295765556,0.08795841052119416,1.4224272632973082e-08,7.371834142799755e-08,2.837118075155778,0
8.592771385692847,0.35226664946789293,0.16088688891677322,0.10499373320074316,0.09876072349910095,0.18541325910978618,0.087889412523035,1.4224272632973082e-08,7.371834142799755e-08,2.837118075155778,0
8.59801088044022,0.3521268188746975,0.16106654488714267,0.10501749857179413,0.09864632373741676,0.18554207526191682,0.08782041452487586,1.4224272632973082e-08,7.371834142799755e-08,2.837118075155778,0
8.603250375187594,0.351986988281502,0.16124620085751215,0.1050412639428451,0.09853192397573259,0.18567089141404738,0.08775141652671668,1.4224272632973082e-08,7.371834142799755e-08,2.837118075155778,0
8.608489869934967,0.3518471576883065,0.1614258568278816,0.10506502931389608,0.09841752421404841,0.185799707566178,0.08768241852855754,1.4224272632973082e-08,7.371834142799755e-08,2.837118075155778,0
8.613729364682342,0.3517073270951109,0.16160551279825114,0.10508879468494706,0.09830312445236417,0.18592852371830862,0.08761342053039836,1.4224272632973082e-08,7.371834142799755e-08,2.837118075155778,0
8.618968859429716,0.3515674965019154,0.16178516876862062,0.10511256005599802,0.09818872469067998,0.18605733987043918,0.08754442253223924,1.4224272632973082e-08,7.371834142799755e-08,2.837118075155778,0
8.624208354177089,0.3514276659087198,0.16196482473899007,0.10513632542704898,0.09807432492899577,0.18618615602256985,0.08747542453408007,1.4224272632973082e-08,7.371834142799755e-08,2.837118075155778,0
8.629447848924462,0.3512878353155244,0.16214448070935955,0.10516009079809997,0.09795992516731156,0.18631497217470044,0.08740642653592093,1.4224272632973082e-08,7.371834142799755e-08,2.837118075155778,0
8.634687343671837,0.3511480047223288,0.16232413667972906,0.10518385616915094,0.09784552540562735,0.18644378832683112,0.08733742853776175,1.4224272632973082e-08,7.371834142799755e-08,2.837118075155778,0
8.63992683841921,0.3510447415753654,0.16251305257940205,0.10520616820252218,0.09773102333740398,0.18654570552912314,0.08727374811756154,1.4224272632973082e-08,7.371834142799755e-08,2.837118075155778,0
8.645166333166584,0.3509570195930507,0.16270590394902898,0.10522786256737955,0.0976164777889015,0.1866361906777338,0.08721232766799387,1.4224272632973082e-08,7.371834142799755e-08,2.837118075155778,0
8.650405827913957,0.35086929761073593,0.1628987553186559,0.1052495569322369,0.09750193224039898,0.18672667582634447,0.08715090721842622,1.4224272632973082e-08,7.371834142799755e-08,2.837118075155778,0
8.65564532266133,0.3507815756284212,0.16309160668828288,0.10527125129709428,0.09738738669189648,0.18681716097495513,0.08708948676885855,1.4224272632973082e-08,7.371834142799755e-08,2.837118075155778,0
8.660884817408705,0.3506938536461065,0.16328445805790986,0.10529294566195165,0.09727284114339393,0.18690764612356583,0.08702806631929087,1.4224272632973082e-08,7.371834142799755e-08,2.837118075155778,0
8.666124312156079,0.35060613166379173,0.16347730942753683,0.105314640026809,0.0971582955948914,0.1869981312721765,0.0869666458697232,1.4224272632973082e-08,7.371834142799755e-08,2.837118075155778,0
8.671363806903452,0.35051840968147696,0.16367016079716376,0.10533633439166637,0.09704375004638893,0.18708861642078714,0.08690522542015554,1.4224272632973082e-08,7.371834142799755e-08,2.837118075155778,0
8.676603301650825,0.3504306876991622,0.16386301216679072,0.10535802875652371,0.09692920449788645,0.18717910156939777,0.08684380497058788,1.4224272632973082e-08,7.371834142799755e-08,2.837118075155778,0
8.6818427963982,0.3503429657168474,0.16405586353641774,0.1053797231213811,0.09681465894938389,0.1872695867180085,0.08678238452102019,1.4224272632973082e-08,7.371834142799755e-08,2.837118075155778,0
8.687082291145574,0.35025524373453265,0.16424871490604467,0.10540141748623845,0.09670011340088139,0.18736007186661913,0.08672096407145254,1.4224272632973082e-08,7.371834142799755e-08,2.837118075155778,0
8.692321785892947,0.35019816225359346,0.16444904084673914,0.10540721081273653,0.09658529109835409,0.18746913879039792,0.08666384316444702,1.4224272632973082e-08,7.371834142799755e-08,2.837118075155778,0
8.69756128064032,0.350155387183223,0.16465285675260116,0.10540557975735365,0.0964703395761167,0.18758688176361177,0.08660872976444663,1.4224272632973082e-08,7.371834142799755e-08,2.837118075155778,0
8.702800775387695,0.3501126121128524,0.1648566726584632,0.10540394870197076,0.09635538805387929,0.18770462473682567,0.08655361636444622,1.4224272632973082e-08,7.371834142799755e-08,2.837118075155778,0
8.708040270135069,0.3500698370424819,0.16506048856432526,0.10540231764658786,0.09624043653164185,0.1878223677100396,0.08649850296444583,1.4224272632973082e-08,7.371834142799755e-08,2.837118075155778,0
8.713279764882442,0.35002706197211136,0.1652643044701872,0.10540068659120497,0.09612548500940447,0.18794011068325336,0.08644338956444546,1.4224272632973082e-08,7.371834142799755e-08,2.837118075155778,0
8.718519259629815,0.34998428690174077,0.16546812037604924,0.10539905553582209,0.09601053348716711,0.18805785365646727,0.08638827616444505,1.4224272632973082e-08,7.371834142799755e-08,2.837118075155778,0
8.723758754377188,0.34994151183137034,0.16567193628191124,0.10539742448043919,0.09589558196492971,0.18817559662968114,0.08633316276444465,1.4224272632973082e-08,7.371834142799755e-08,2.837118075155778,0
8.728998249124563,0.34989873676099975,0.1658757521877733,0.1053957934250563,0.09578063044269228,0.1882933396028951,0.08627804936444426,1.4224272632973082e-08,7.371834142799755e-08,2.837118075155778,0
8.734237743871937,0.34985596169062927,0.1660795680936353,0.10539416236967339,0.09566567892045488,0.18841108257610895,0.08622293596444387,1.4224272632973082e-08,7.371834142799755e-08,2.837118075155778,0
8.73947723861931,0.3498131866202588,0.16628338399949733,0.1053925313142905,0.09555072739821749,0.18852882554932285,0.0861678225644435,1.4224272632973082e-08,7.371834142799755e-08,2.837118075155778,0
8.744716733366683,0.3497814259380893,0.16649063042674989,0.10538289898218174,0.09543832920610051,0.18863991229465135,0.08612306026610375,1.4224272632973082e-08,7.371834142799755e-08,2.837118075155778,0
8.749956228114058,0.34975529761352264,0.16669963109789546,0.10536917508811086,0.09532723669415873,0.18874759528708393,0.08608359114474959,1.4224272632973082e-08,7.371834142799755e-08,2.837118075155778,0
8.755195722861432,0.3497291692889561,0.16690863176904094,0.10535545119404004,0.09521614418221701,0.1888552782795165,0.08604412202339544,1.4224272632973082e-08,7.371834142799755e-08,2.837118075155778,0
8.760435217608805,0.3497030409643895,0.1671176324401864,0.10534172729996918,0.09510505167027526,0.18896296127194911,0.08600465290204128,1.4224272632973082e-08,7.371834142799755e-08,2.837118075155778,0
8.765674712356178,0.34967691263982287,0.16732663311133195,0.10532800340589832,0.09499395915833353,0.18907064426438167,0.08596518378068714,1.4224272632973082e-08,7.371834142799755e-08,2.837118075155778,0
8.770914207103552,0.34965078431525626,0.16753563378247738,0.10531427951182747,0.09488286664639177,0.18917832725681424,0.08592571465933299,1.4224272632973082e-08,7.371834142799755e-08,2.837118075155778,0
8.776153701850927,0.3496246559906896,0.16774463445362295,0.10530055561775663,0.09477177413445004,0.18928601024924685,0.08588624553797881,1.4224272632973082e-08,7.371834142799755e-08,2.837118075155778,0
8.7813931965983,0.34959852766612304,0.16795363512476844,0.10528683172368578,0.09466068162250828,0.18939369324167946,0.08584677641662466,1.4224272632973082e-08,7.371834142799755e-08,2.837118075155778,0
8.786632691345673,0.3495723993415564,0.1681626357959139,0.10527310782961492,0.09454958911056657,0.18950137623411198,0.08580730729527052,1.4224272632973082e-08,7.371834142799755e-08,2.837118075155778,0
8.791872186093046,0.3495462710169898,0.16837163646705938,0.10525938393554406,0.09443849659862483,0.1896090592265446,0.08576783817391637,1.4224272632973082e-08,7.371834142799755e-08,2.837118075155778,0
8.797111680840421,0.3495210293122553,0.16858509093766982,0.1052345168650347,0.09433034777472846,0.18973812022692146,0.0857363092805116,1.4224272632973082e-08,7.371834142799755e-08,2.837118075155778,0
8.802351175587795,0.34949628286781753,0.16880103327282495,0.10520342528581166,0.09422384327657621,0.18987912284892336,0.08570921574881293,1.4224272632973082e-08,7.371834142799755e-08,2.837118075155778,0
8.807590670335168,0.34947153642337975,0.16901697560798012,0.10517233370658863,0.09411733877842401,0.19002012547092526,0.0856821222171143,1.4224272632973082e-08,7.371834142799755e-08,2.837118075155778,0
8.812830165082541,0.34944678997894213,0.16923291794313527,0.10514124212736556,0.09401083428027177,0.19016112809292715,0.08565502868541564,1.4224272632973082e-08,7.371834142799755e-08,2.837118075155778,0
8.818069659829915,0.3494220435345044,0.16944886027829045,0.10511015054814252,0.09390432978211954,0.19030213071492905,0.08562793515371697,1.4224272632973082e-08,7.371834142799755e-08,2.837118075155778,0
8.82330915457729,0.3493972970900666,0.1696648026134457,0.10507905896891945,0.09379782528396728,0.19044313333693097,0.08560084162201831,1.4224272632973082e-08,7.371834142799755e-08,2.837118075155778,0
8.828548649324663,0.3493725506456289,0.16988074494860084,0.10504796738969642,0.09369132078581506,0.19058413595893287,0.08557374809031966,1.4224272632973082e-08,7.371834142799755e-08,2.837118075155778,0
8.833788144072036,0.3493478042011911,0.170096687283756,0.10501687581047338,0.09358481628766283,0.19072513858093476,0.08554665455862101,1.4224272632973082e-08,7.371834142799755e-08,2.837118075155778,0
8.83902763881941,0.3493230577567535,0.17031262961891114,0.10498578423125034,0.0934783117895106,0.19086614120293666,0.08551956102692235,1.4224272632973082e-08,7.371834142799755e-08,2.837118075155778,0
8.844267133566785,0.3492983113123157,0.1705285719540664,0.10495469265202728,0.09337180729135833,0.19100714382493864,0.08549246749522368,1.4224272632973082e-08,7.371834142799755e-08,2.837118075155778,0
8.849506628314158,0.34928945923269467,0.17075040726230392,0.10491764545089993,0.0932643719832957,0.1911067968449395,0.0854679515276756,1.4224272632973082e-08,7.371834142799755e-08,2.837118075155778,0
8.854746123061531,0.3492902847703611,0.17097583063076502,0.10487697204450022,0.09315636993210215,0.19118127329275428,0.08544500496410626,1.4224272632973082e-08,7.371834142799755e-08,2.837118075155778,0
8.859985617808904,0.34929111030802756,0.1712012539992261,0.10483629863810048,0.09304836788090856,0.1912557497405691,0.08542205840053693,1.4224272632973082e-08,7.371834142799755e-08,2.837118075155778,0
8.86522511255628,0.3492919358456941,0.17142667736768719,0.10479562523170075,0.09294036582971495,0.19133022618838394,0.0853991118369676,1.4224272632973082e-08,7.371834142799755e-08,2.837118075155778,0
8.870464607303653,0.34929276138336063,0.17165210073614828,0.10475495182530103,0.09283236377852137,0.19140470263619874,0.08537616527339827,1.4224272632973082e-08,7.371834142799755e-08,2.837118075155778,0
8.875704102051026,0.3492935869210271,0.17187752410460938,0.10471427841890131,0.09272436172732781,0.19147917908401363,0.08535321870982893,1.4224272632973082e-08,7.371834142799755e-08,2.837118075155778,0
8.8809435967984,0.3492944124586935,0.17210294747307045,0.10467360501250161,0.09261635967613427,0.19155365553182838,0.08533027214625959,1.4224272632973082e-08,7.371834142799755e-08,2.837118075155778,0
8.886183091545773,0.34929523799636003,0.17232837084153152,0.10463293160610188,0.09250835762494068,0.19162813197964318,0.08530732558269026,1.4224272632973082e-08,7.371834142799755e-08,2.837118075155778,0
8.891422586293148,0.3492960635340265,0.17255379420999267,0.10459225819970215,0.0924003555737471,0.191702608427458,0.08528437901912092,1.4224272632973082e-08,7.371834142799755e-08,2.837118075155778,0
8.896662081040521,0.34929688907169293,0.17277921757845377,0.10455158479330241,0.09229235352255354,0.19177708487527284,0.08526143245555161,1.4224272632973082e-08,7.371834142799755e-08,2.837118075155778,0
8.901901575787894,0.349308615202237,0.17301316526758756,0.10450200574390561,0.09218659230828767,0.19182902669317528,0.08524379800016389,1.4224272632973082e-08,7.371834142799755e-08,2.837118075155778,0
8.907141070535268,0.3493275629755623,0.17325276031916706,0.10444652670602315,0.09208231564848644,0.19186603931876078,0.08522968281644655,1.4224272632973082e-08,7.371834142799755e-08,2.837118075155778,0
8.912380565282643,0.3493465107488876,0.17349235537074664,0.10439104766814071,0.09197803898868516,0.19190305194434634,0.08521556763272921,1.4224272632973082e-08,7.371834142799755e-08,2.837118075155778,0
8.917620060030016,0.34936545852221296,0.17373195042232611,0.10433556863025831,0.09187376232888392,0.19194006456993185,0.08520145244901185,1.4224272632973082e-08,7.371834142799755e-08,2.837118075155778,0
8.92285955477739,0.3493844062955382,0.17397154547390561,0.10428008959237588,0.0917694856690827,0.1919770771955174,0.0851873372652945,1.4224272632973082e-08,7.371834142799755e-08,2.837118075155778,0
8.928099049524763,0.3494033540688636,0.17421114052548506,0.10422461055449346,0.09166520900928146,0.19201408982110288,0.08517322208157714,1.4224272632973082e-08,7.371834142799755e-08,2.837118075155778,0
8.933338544272136,0.3494223018421888,0.1744507355770646,0.10416913151661103,0.09156093234948022,0.19205110244668838,0.08515910689785978,1.4224272632973082e-08,7.371834142799755e-08,2.837118075155778,0
8.93857803901951,0.3494412496155142,0.17469033062864417,0.10411365247872859,0.09145665568967894,0.19208811507227394,0.08514499171414244,1.4224272632973082e-08,7.371834142799755e-08,2.837118075155778,0
8.943817533766884,0.34946019738883943,0.17492992568022364,0.10405817344084618,0.09135237902987771,0.19212512769785944,0.08513087653042509,1.4224272632973082e-08,7.371834142799755e-08,2.837118075155778,0
8.949057028514257,0.34947914516216483,0.1751695207318031,0.10400269440296375,0.09124810237007648,0.19216214032344495,0.08511676134670773,1.4224272632973082e-08,7.371834142799755e-08,2.837118075155778,0
8.95429652326163,0.3494908927178487,0.17540185671467629,0.10393528311424885,0.09113934626010281,0.19218428761538708,0.0851008307943876,1.4224272632973082e-08,7.371834142799755e-08,2.837118075155778,0
8.959536018009006,0.3494974573582477,0.1756289674196445,0.10385928266221914,0.091027365718324,0.19219573443009438,0.08508359348966804,1.4224272632973082e-08,7.371834142799755e-08,2.837118075155778,0
8.964775512756379,0.3495040219986468,0.17585607812461265,0.10378328221018947,0.09091538517654525,0.19220718124480177,0.08506635618494847,1.4224272632973082e-08,7.371834142799755e-08,2.837118075155778,0
8.970015007503752,0.34951058663904583,0.17608318882958082,0.10370728175815978,0.09080340463476644,0.1922186280595091,0.08504911888022892,1.4224272632973082e-08,7.371834142799755e-08,2.837118075155778,0
8.975254502251126,0.3495171512794448,0.176310299534549,0.10363128130613011,0.09069142409298765,0.19223007487421642,0.08503188157550937,1.4224272632973082e-08,7.371834142799755e-08,2.837118075155778,0
8.980493996998499,0.34952371591984394,0.17653741023951716,0.10355528085410044,0.09057944355120887,0.1922415216889238,0.08501464427078982,1.4224272632973082e-08,7.371834142799755e-08,2.837118075155778,0
8.985733491745874,0.34953028056024293,0.17676452094448541,0.10347928040207077,0.09046746300943005,0.19225296850363113,0.08499740696607026,1.4224272632973082e-08,7.371834142799755e-08,2.837118075155778,0
8.990972986493247,0.34953684520064193,0.17699163164945358,0.1034032799500411,0.09035548246765127,0.19226441531833857,0.08498016966135072,1.4224272632973082e-08,7.371834142799755e-08,2.837118075155778,0
8.99621248124062,0.34954340984104093,0.17721874235442175,0.10332727949801142,0.09024350192587248,0.19227586213304587,0.08496293235663117,1.4224272632973082e-08,7.371834142799755e-08,2.837118075155778,0
9.001451975987994,0.34954997448144004,0.1774458530593899,0.10325127904598173,0.09013152138409371,0.19228730894775323,0.0849456950519116,1.4224272632973082e-08,7.371834142799755e-08,2.837118075155778,0
9.006691470735369,0.3495724021752271,0.17765429744779493,0.10316641374905701,0.0900191927320434,0.19232025773584727,0.08492961525114977,1.4224272632973082e-08,7.371834142799755e-08,2.837118075155778,0
9.011930965482742,0.3496072228794737,0.1778481587763848,0.10307462279205806,0.08990659211884353,0.19237000494064968,0.08491443975035491,1.4224272632973082e-08,7.371834142799755e-08,2.837118075155778,0
9.017170460230115,0.3496420435837203,0.1780420201049747,0.10298283183505913,0.08979399150564366,0.19241975214545207,0.08489926424956004,1.4224272632973082e-08,7.371834142799755e-08,2.837118075155778,0
9.022409954977489,0.3496768642879669,0.17823588143356459,0.10289104087806018,0.08968139089244379,0.19246949935025448,0.08488408874876517,1.4224272632973082e-08,7.371834142799755e-08,2.837118075155778,0
9.027649449724864,0.34971168499221356,0.1784297427621546,0.10279924992106121,0.08956879027924386,0.19251924655505687,0.08486891324797032,1.4224272632973082e-08,7.371834142799755e-08,2.837118075155778,0
9.032888944472235,0.3497465056964601,0.1786236040907445,0.10270745896406228,0.089456189666044,0.19256899375985928,0.08485373774717546,1.4224272632973082e-08,7.371834142799755e-08,2.837118075155778,0
9.03812843921961,0.34978132640070664,0.1788174654193344,0.10261566800706333,0.0893435890528441,0.19261874096466167,0.08483856224638059,1.4224272632973082e-08,7.371834142799755e-08,2.837118075155778,0
9.043367933966984,0.34981614710495335,0.17901132674792428,0.1025238770500644,0.08923098843964423,0.19266848816946405,0.08482338674558573,1.4224272632973082e-08,7.371834142799755e-08,2.837118075155778,0
9.048607428714355,0.34985096780919983,0.17920518807651417,0.10243208609306546,0.08911838782644436,0.19271823537426647,0.08480821124479088,1.4224272632973082e-08,7.371834142799755e-08,2.837118075155778,0
9.053846923461732,0.3498857885134465,0.17939904940510415,0.10234029513606648,0.08900578721324447,0.19276798257906888,0.084793035743996,1.4224272632973082e-08,7.371834142799755e-08,2.837118075155778,0
9.059086418209104,0.3499323678402771,0.179605002882191,0.10223603751603777,0.08889086370727102,0.1928163970070517,0.0847741927013602,1.4224272632973082e-08,7.371834142799755e-08,2.837118075155778,0
9.06432591295648,0.34998890933346355,0.17982120109619879,0.10212121786205329,0.08877397219492,0.1928636822768957,0.08475224243577582,1.4224272632973082e-08,7.371834142799755e-08,2.837118075155778,0
9.069565407703852,0.35004545082665006,0.18003739931020663,0.10200639820806882,0.08865708068256899,0.1929109675467397,0.08473029217019146,1.4224272632973082e-08,7.371834142799755e-08,2.837118075155778,0
9.074804902451229,0.35010199231983663,0.18025359752421447,0.10189157855408432,0.08854018917021793,0.19295825281658371,0.08470834190460708,1.4224272632973082e-08,7.371834142799755e-08,2.837118075155778,0
9.0800443971986,0.35015853381302314,0.1804697957382223,0.10177675890009984,0.0884232976578669,0.1930055380864277,0.08468639163902271,1.4224272632973082e-08,7.371834142799755e-08,2.837118075155778,0
9.085283891945974,0.35021507530620966,0.18068599395223012,0.10166193924611537,0.08830640614551585,0.19305282335627175,0.08466444137343833,1.4224272632973082e-08,7.371834142799755e-08,2.837118075155778,0
9.090523386693349,0.3502716167993962,0.1809021921662379,0.10154711959213092,0.08818951463316484,0.19310010862611574,0.08464249110785396,1.4224272632973082e-08,7.371834142799755e-08,2.837118075155778,0
9.09576288144072,0.3503281582925827,0.18111839038024574,0.10143229993814643,0.08807262312081382,0.19314739389595975,0.08462054084226961,1.4224272632973082e-08,7.371834142799755e-08,2.837118075155778,0
9.101002376188095,0.3503846997857692,0.1813345885942536,0.10131748028416192,0.08795573160846275,0.19319467916580377,0.0845985905766852,1.4224272632973082e-08,7.371834142799755e-08,2.837118075155778,0
9.106241870935468,0.35044124127895576,0.18155078680826145,0.10120266063017745,0.08783884009611173,0.19324196443564778,0.08457664031110083,1.4224272632973082e-08,7.371834142799755e-08,2.837118075155778,0
9.111481365682842,0.35049680620244694,0.18176335036190722,0.10108256492682227,0.0877205700159858,0.19327898932439216,0.08455105526019623,1.4224272632973082e-08,7.371834142799755e-08,2.837118075155778,0
9.116720860430217,0.3505514743720352,0.1819725763187782,0.10095762438966992,0.08760103403948967,0.19330659242087675,0.08452213249777153,1.4224272632973082e-08,7.371834142799755e-08,2.837118075155778,0
9.12196035517759,0.3506061425416236,0.1821818022756492,0.10083268385251754,0.08748149806299348,0.19333419551736136,0.08449320973534684,1.4224272632973082e-08,7.371834142799755e-08,2.837118075155778,0
9.127199849924963,0.3506608107112118,0.18239102823252018,0.10070774331536521,0.08736196208649734,0.19336179861384598,0.08446428697292215,1.4224272632973082e-08,7.371834142799755e-08,2.837118075155778,0
9.132439344672337,0.3507154788808001,0.1826002541893912,0.10058280277821287,0.08724242611000119,0.1933894017103306,0.08443536421049745,1.4224272632973082e-08,7.371834142799755e-08,2.837118075155778,0
9.13767883941971,0.3507701470503884,0.18280948014626217,0.10045786224106053,0.08712289013350506,0.1934170048068152,0.08440644144807277,1.4224272632973082e-08,3.3079407932835727e-12,2.837118075155778,0
9.142918334167083,0.35082481521997666,0.18301870610313317,0.10033292170390817,0.08700335415700891,0.19344460790329981,0.08437751868564808,1.4224272632973082e-08,3.3079407932835727e-12,2.837118075155778,0
9.148157828914458,0.35087948338956504,0.18322793206000415,0.10020798116675582,0.08688381818051273,0.19347221099978443,0.08434859592322339,1.4224272632973082e-08,3.3079407932835727e-12,2.837118075155778,0
9.153397323661832,0.3509341515591533,0.18343715801687518,0.10008304062960346,0.08676428220401658,0.19349981409626904,0.08431967316079869,1.4224272632973082e-08,3.3079407932835727e-12,2.837118075155778,0
9.158636818409205,0.3509888197287415,0.18364638397374616,0.09995810009245112,0.08664474622752044,0.19352741719275365,0.084290750398374,1.4224272632973082e-08,3.3079407932835727e-12,2.837118075155778,0
9.163876313156578,0.3510159199005145,0.18383139808211119,0.09982399545778281,0.08652144150535988,0.1935526156409401,0.08426018872709551,1.4224272632973082e-08,3.3079407932835727e-12,2.837118075155778,0
9.169115807903951,0.3510155899144611,0.18399232140121294,0.09968077254608598,0.08639438688126322,0.19357542146406984,0.08422799634150745,1.4224272632973082e-08,3.3079407932835727e-12,2.837118075155778,0
9.174355302651326,0.35101525992840765,0.18415324472031463,0.09953754963438922,0.08626733225716658,0.19359822728719958,0.08419580395591938,1.4224272632973082e-08,3.3079407932835727e-12,2.837118075155778,0
9.1795947973987,0.3510149299423542,0.18431416803941633,0.09939432672269247,0.08614027763306996,0.1936210331103293,0.08416361157033135,1.4224272632973082e-08,3.3079407932835727e-12,2.837118075155778,0
9.184834292146071,0.3510145999563008,0.18447509135851803,0.09925110381099572,0.08601322300897335,0.19364383893345907,0.0841314191847433,1.4224272632973082e-08,3.3079407932835727e-12,2.837118075155778,0
9.190073786893448,0.35101426997024743,0.18463601467761978,0.0991078808992989,0.08588616838487668,0.1936666447565888,0.08409922679915524,1.4224272632973082e-08,3.3079407932835727e-12,2.837118075155778,0
9.19531328164082,0.3510139399841939,0.18479693799672148,0.09896465798760215,0.08575911376078003,0.19368945057971856,0.08406703441356718,1.4224272632973082e-08,3.3079407932835727e-12,2.837118075155778,0
9.200552776388196,0.3510136099981405,0.18495786131582317,0.09882143507590538,0.08563205913668342,0.19371225640284828,0.08403484202797913,1.4224272632973082e-08,3.3079407932835727e-12,2.837118075155778,0
9.205792271135568,0.3510132800120871,0.18511878463492487,0.09867821216420863,0.0855050045125868,0.19373506222597806,0.0840026496423911,1.4224272632973082e-08,3.3079407932835727e-12,2.837118075155778,0
9.21103176588294,0.3510129500260336,0.18527970795402657,0.09853498925251185,0.08537794988849019,0.19375786804910777,0.08397045725680302,1.4224272632973082e-08,3.3079407932835727e-12,2.837118075155778,0
9.216271260630316,0.3509758444650192,0.18541340151789648,0.09838362208858578,0.08524798148505931,0.19374392657507725,0.08393339910167331,1.4224272632973082e-08,3.3079407932835727e-12,2.837118075155778,0
9.22151075537769,0.3508990902372499,0.18551773800190707,0.0982234744027251,0.08511487166328383,0.1936903669212958,0.08389109503875647,1.4224272632973082e-08,3.3079407932835727e-12,2.837118075155778,0
9.226750250125065,0.3508223360094806,0.18562207448591764,0.09806332671686442,0.08498176184150831,0.1936368072675144,0.08384879097583964,1.4224272632973082e-08,3.3079407932835727e-12,2.837118075155778,0
9.231989744872436,0.3507455817817113,0.18572641096992823,0.09790317903100373,0.0848486520197328,0.19358324761373297,0.08380648691292279,1.4224272632973082e-08,3.3079407932835727e-12,2.837118075155778,0
9.237229239619811,0.3506688275539419,0.18583074745393888,0.09774303134514298,0.08471554219795728,0.19352968795995149,0.08376418285000596,1.4224272632973082e-08,3.3079407932835727e-12,2.837118075155778,0
9.242468734367185,0.35059207332617254,0.18593508393794947,0.09758288365928229,0.08458243237618178,0.1934761283061701,0.08372187878708913,1.4224272632973082e-08,3.3079407932835727e-12,2.837118075155778,0
9.247708229114558,0.3505153190984033,0.18603942042196006,0.09742273597342162,0.08444932255440628,0.19342256865238863,0.0836795747241723,1.4224272632973082e-08,3.3079407932835727e-12,2.837118075155778,0
9.252947723861933,0.3504385648706339,0.18614375690597065,0.09726258828756093,0.08431621273263076,0.19336900899860723,0.0836372706612555,1.4224272632973082e-08,3.3079407932835727e-12,2.837118075155778,0
9.258187218609304,0.3503618106428646,0.18624809338998125,0.09710244060170024,0.08418310291085528,0.19331544934482583,0.08359496659833866,1.4224272632973082e-08,3.3079407932835727e-12,2.837118075155778,0
9.26342671335668,0.3502850564150953,0.1863524298739919,0.09694229291583951,0.08404999308907973,0.19326188969104435,0.08355266253542182,1.4224272632973082e-08,3.3079407932835727e-12,2.837118075155778,0
9.268666208104053,0.35015971401454665,0.1864134899814214,0.09677778190975372,0.08391502955881362,0.19314968963210452,0.08350758555630251,1.4224272632973082e-08,3.3079407932835727e-12,2.837118075155778,0
9.273905702851426,0.3499775973903699,0.18642398258360682,0.09660817245883971,0.08377790001047426,0.1929689695345284,0.08345926848488142,1.4224272632973082e-08,3.3079407932835727e-12,2.837118075155778,0
9.2791451975988,0.3497954807661933,0.18643447518579218,0.09643856300792568,0.08364077046213488,0.19278824943695236,0.08341095141346035,1.4224272632973082e-08,3.3079407932835727e-12,2.837118075155778,0
9.284384692346174,0.3496133641420166,0.1864449677879775,0.09626895355701162,0.08350364091379546,0.19260752933937622,0.08336263434203924,1.4224272632973082e-08,3.3079407932835727e-12,2.837118075155778,0
9.289624187093548,0.3494312475178399,0.186455460390163,0.09609934410609759,0.08336651136545607,0.1924268092418002,0.08331431727061817,1.4224272632973082e-08,3.3079407932835727e-12,2.837118075155778,0
9.29486368184092,0.3492491308936633,0.18646595299234833,0.0959297346551836,0.08322938181711671,0.19224608914422417,0.08326600019919708,1.4224272632973082e-08,3.3079407932835727e-12,2.837118075155778,0
9.300103176588294,0.34906701426948655,0.18647644559453375,0.09576012520426959,0.08309225226877735,0.19206536904664817,0.083217683127776,1.4224272632973082e-08,3.3079407932835727e-12,2.837118075155778,0
9.30534267133567,0.34888489764530983,0.1864869381967191,0.09559051575335549,0.08295512272043791,0.191884648949072,0.0831693660563549,1.4224272632973082e-08,3.3079407932835727e-12,2.837118075155778,0
9.310582166083044,0.34870278102113317,0.18649743079890452,0.0954209063024415,0.08281799317209855,0.19170392885149595,0.08312104898493382,1.4224272632973082e-08,3.3079407932835727e-12,2.837118075155778,0
9.315821660830416,0.34852066439695656,0.1865079234010899,0.09525129685152747,0.08268086362375916,0.19152320875391993,0.08307273191351273,1.4224272632973082e-08,3.3079407932835727e-12,2.837118075155778,0
9.32106115557779,0.3482849164546685,0.18647851953861003,0.09507684528712564,0.08254207462664473,0.19126223101506606,0.08301783562615613,1.4224272632973082e-08,3.3079407932835727e-12,2.837118075155778,0
9.326300650325162,0.34798121519454644,0.1863985650419237,0.0948962585448386,0.0824011830325028,0.19089956319663873,0.08295460317315394,1.4224272632973082e-08,3.3079407932835727e-12,2.837118075155778,0
9.331540145072536,0.3476775139344243,0.1863186105452373,0.09471567180255154,0.08226029143836085,0.1905368953782112,0.08289137072015172,1.4224272632973082e-08,3.3079407932835727e-12,2.837118075155778,0
9.33677963981991,0.3473738126743022,0.18623865604855094,0.0945350850602645,0.08211939984421893,0.19017422755978383,0.08282813826714955,1.4224272632973082e-08,3.3079407932835727e-12,2.837118075155778,0
9.342019134567284,0.34707011141418004,0.1861587015518646,0.0943544983179775,0.08197850825007702,0.18981155974135647,0.08276490581414735,1.4224272632973082e-08,3.3079407932835727e-12,2.837118075155778,0
9.347258629314656,0.34676641015405807,0.18607874705517827,0.09417391157569047,0.0818376166559351,0.1894488919229291,0.08270167336114516,1.4224272632973082e-08,3.3079407932835727e-12,2.837118075155778,0
9.352498124062032,0.3464627088939359,0.1859987925584919,0.0939933248334034,0.08169672506179312,0.1890862241045016,0.08263844090814297,1.4224272632973082e-08,3.3079407932835727e-12,2.837118075155778,0
9.357737618809406,0.3461590076338137,0.1859188380618055,0.09381273809111637,0.0815558334676512,0.18872355628607426,0.08257520845514076,1.4224272632973082e-08,3.3079407932835727e-12,2.837118075155778,0
9.36297711355678,0.34585530637369166,0.18583888356511916,0.09363215134882936,0.08141494187350928,0.18836088846764684,0.08251197600213858,1.4224272632973082e-08,3.3079407932835727e-12,2.837118075155778,0
9.368216608304152,0.3455516051135695,0.1857589290684328,0.09345156460654232,0.08127405027936736,0.18799822064921948,0.08244874354913641,1.8654877652196466e-11,3.3079407932835727e-12,2.837118075155778,0
9.373456103051526,0.3452158737416592,0.18564270838625702,0.09326559829500816,0.08113320649956074,0.18761889617897526,0.08238277243201163,1.8654877652196466e-11,3.3079407932835727e-12,2.837118075155778,0
9.3786955977989,0.34483610096603984,0.1854766216990332,0.09307223507575897,0.08099242846446508,0.18721666881248283,0.08231303565171832,1.8654877652196466e-11,3.3079407932835727e-12,2.837118075155778,0
9.383935092546274,0.3444563281904207,0.18531053501180944,0.09287887185650988,0.0808516504293695,0.18681444144599055,0.08224329887142502,1.8654877652196466e-11,3.3079407932835727e-12,2.837118075155778,0
9.389174587293647,0.3440765554148015,0.18514444832458565,0.09268550863726079,0.0807108723942739,0.18641221407949826,0.08217356209113172,1.8654877652196466e-11,3.3079407932835727e-12,2.837118075155778,0
9.39441408204102,0.3436967826391823,0.18497836163736192,0.09249214541801169,0.0805700943591783,0.1860099867130059,0.0821038253108384,1.8654877652196466e-11,3.3079407932835727e-12,2.837118075155778,0
9.399653576788396,0.34331700986356306,0.1848122749501381,0.0922987821987625,0.08042931632408265,0.18560775934651355,0.08203408853054509,1.8654877652196466e-11,3.3079407932835727e-12,2.837118075155778,0
9.404893071535769,0.3429372370879439,0.18464618826291435,0.09210541897951341,0.08028853828898705,0.18520553198002127,0.08196435175025178,1.8654877652196466e-11,3.3079407932835727e-12,2.837118075155778,0
9.410132566283142,0.34255746431232464,0.18448010157569056,0.09191205576026432,0.08014776025389145,0.18480330461352887,0.08189461496995848,1.8654877652196466e-11,3.3079407932835727e-12,2.837118075155778,0
9.415372061030515,0.34217769153670546,0.18431401488846683,0.09171869254101524,0.08000698221879585,0.18440107724703658,0.08182487818966518,1.8654877652196466e-11,3.3079407932835727e-12,2.837118075155778,0
9.420611555777889,0.3417979187610863,0.18414792820124307,0.09152532932176614,0.07986620418370025,0.1839988498805443,0.08175514140937187,1.8654877652196466e-11,3.3079407932835727e-12,2.837118075155778,0
9.425851050525264,0.3413959909978227,0.18395437533612904,0.09132712257306988,0.07972189134127107,0.18359608976954972,0.08168181104161407,1.8654877652196466e-11,3.3079407932835727e-12,2.837118075155778,0
9.431090545272635,0.34096096922176555,0.18371979486779155,0.09112168080226203,0.07957229838038749,0.18319253387145526,0.08160311275258121,1.8654877652196466e-11,3.3079407932835727e-12,2.837118075155778,0
9.43633004002001,0.3405259474457085,0.18348521439945412,0.09091623903145422,0.0794227054195039,0.1827889779733608,0.08152441446354837,1.8654877652196466e-11,3.3079407932835727e-12,2.837118075155778,0
9.441569534767384,0.3400909256696514,0.18325063393111662,0.0907107972606464,0.0792731124586203,0.1823854220752663,0.08144571617451551,1.8654877652196466e-11,3.3079407932835727e-12,2.837118075155778,0
9.44680902951476,0.3396559038935942,0.1830160534627791,0.09050535548983851,0.07912351949773666,0.1819818661771717,0.08136701788548265,1.8654877652196466e-11,3.3079407932835727e-12,2.837118075155778,0
9.452048524262132,0.33922088211753704,0.18278147299444167,0.09029991371903069,0.07897392653685308,0.18157831027907725,0.08128831959644979,1.8654877652196466e-11,3.3079407932835727e-12,2.837118075155778,0
9.457288019009503,0.33878586034148,0.18254689252610418,0.09009447194822287,0.07882433357596949,0.18117475438098277,0.08120962130741693,1.8654877652196466e-11,3.3079407932835727e-12,2.837118075155778,0
9.46252751375688,0.33835083856542286,0.18231231205776674,0.08988903017741506,0.0786747406150859,0.18077119848288833,0.08113092301838408,1.8654877652196466e-11,3.3079407932835727e-12,2.837118075155778,0
9.467767008504254,0.33791581678936566,0.18207773158942922,0.08968358840660716,0.07852514765420227,0.18036764258479374,0.08105222472935121,1.8654877652196466e-11,3.3079407932835727e-12,2.837118075155778,0
9.473006503251629,0.3374807950133085,0.18184315112109173,0.08947814663579935,0.07837555469331868,0.17996408668669928,0.08097352644031837,1.8654877652196466e-11,3.3079407932835727e-12,2.837118075155778,0
9.478245997999,0.3370278582099196,0.18160867154568955,0.0892699403838708,0.07822521461980932,0.1795762644230272,0.08089087704416674,1.8654877652196466e-11,3.3079407932835727e-12,2.837118075155778,0
9.483485492746372,0.3365458094871164,0.1813743559213071,0.08905724185012105,0.0780736604882831,0.17921400931529155,0.08080180709894709,1.8654877652196466e-11,3.3079407932835727e-12,2.837118075155778,0
9.488724987493748,0.3360637607643132,0.18114004029692468,0.08884454331637132,0.07792210635675688,0.17885175420755586,0.08071273715372747,1.8654877652196466e-11,3.3079407932835727e-12,2.837118075155778,0
9.493964482241122,0.3355817120415098,0.1809057246725422,0.0886318447826215,0.0777705522252306,0.1784894990998201,0.0806236672085078,1.8654877652196466e-11,3.3079407932835727e-12,2.837118075155778,0
9.499203976988497,0.3350996633187066,0.18067140904815976,0.08841914624887177,0.07761899809370439,0.17812724399208443,0.08053459726328817,1.8654877652196466e-11,3.3079407932835727e-12,2.837118075155778,0
9.504443471735868,0.33461761459590345,0.18043709342377734,0.08820644771512204,0.07746744396217815,0.1777649888843488,0.08044552731806853,1.8654877652196466e-11,3.3079407932835727e-12,2.837118075155778,0
9.509682966483242,0.3341355658731002,0.18020277779939492,0.08799374918137229,0.07731588983065193,0.17740273377661314,0.0803564573728489,1.8654877652196466e-11,3.3079407932835727e-12,2.837118075155778,0
9.514922461230617,0.3336535171502969,0.17996846217501244,0.08778105064762248,0.07716433569912565,0.17704047866887734,0.08026738742762923,1.8654877652196466e-11,3.3079407932835727e-12,2.837118075155778,0
9.52016195597799,0.3331714684274937,0.17973414655063,0.08756835211387273,0.07701278156759943,0.17667822356114168,0.0801783174824096,1.8654877652196466e-11,3.3079407932835727e-12,2.837118075155778,0
9.525401450725363,0.33268941970469046,0.17949983092624758,0.08735565358012298,0.07686122743607321,0.17631596845340605,0.08008924753718996,1.8654877652196466e-11,3.3079407932835727e-12,2.837118075155778,0
9.530640945472737,0.33221130733631243,0.17926701841247594,0.08713971713242062,0.07670806681760557,0.17595576054980233,0.07999708650759632,1.8654877652196466e-11,3.3079407932835727e-12,2.837118075155778,0
9.53588044022011,0.3317401655955622,0.1790368676570776,0.08691804687876047,0.07655206137851252,0.17559917790351556,0.07989945168275703,1.8654877652196466e-11,3.3079407932835727e-12,2.837118075155778,0
9.541119934967483,0.33126902385481194,0.1788067169016792,0.08669637662510025,0.07639605593941942,0.17524259525722866,0.0798018168579177,1.8654877652196466e-11,3.3079407932835727e-12,2.837118075155778,0
9.546359429714858,0.3307978821140617,0.17857656614628087,0.08647470637144011,0.07624005050032637,0.17488601261094192,0.07970418203307841,1.8654877652196466e-11,3.3079407932835727e-12,2.837118075155778,0
9.551598924462231,0.3303267403733115,0.17834641539088253,0.08625303611777997,0.07608404506123333,0.17452942996465518,0.07960654720823912,1.8654877652196466e-11,3.3079407932835727e-12,2.837118075155778,0
9.556838419209605,0.32985559863256136,0.1781162646354842,0.08603136586411982,0.07592803962214027,0.17417284731836843,0.07950891238339984,1.8654877652196466e-11,3.3079407932835727e-12,2.837118075155778,0
9.56207791395698,0.329384456891811,0.17788611388008577,0.0858096956104596,0.07577203418304718,0.17381626467208153,0.0794112775585605,1.8654877652196466e-11,3.3079407932835727e-12,2.837118075155778,0
9.567317408704351,0.3289133151510608,0.17765596312468743,0.08558802535679946,0.07561602874395412,0.17345968202579476,0.07931364273372123,1.8654877652196466e-11,3.3079407932835727e-12,2.837118075155778,0
9.572556903451726,0.3284421734103106,0.1774258123692891,0.08536635510313931,0.07546002330486108,0.17310309937950802,0.07921600790888193,1.8654877652196466e-11,3.3079407932835727e-12,2.837118075155778,0
9.5777963981991,0.32797103166956043,0.17719566161389075,0.08514468484947917,0.07530401786576803,0.17274651673322128,0.07911837308404264,1.8654877652196466e-11,3.3079407932835727e-12,2.837118075155778,0
9.583035892946471,0.32750457143374495,0.17695996137997827,0.0849221567948769,0.07514912200455542,0.17238444403156916,0.07902091833138543,1.8654877652196466e-11,3.3079407932835727e-12,2.837118075155778,0
9.588275387693848,0.3270471644023251,0.17671352943393906,0.08469796990462909,0.07499637187115567,0.1720117545316737,0.07892381180655085,1.8654877652196466e-11,3.3079407932835727e-12,2.837118075155778,0
9.59351488244122,0.3265897573709054,0.17646709748789993,0.08447378301438134,0.07484362173775598,0.17163906503177825,0.0788267052817163,1.8654877652196466e-11,3.3079407932835727e-12,2.837118075155778,0
9.598754377188596,0.3261323503394857,0.1762206655418608,0.0842495961241336,0.0746908716043563,0.1712663755318829,0.07872959875688175,1.8654877652196466e-11,3.3079407932835727e-12,2.837118075155778,0
9.603993871935968,0.325674943308066,0.17597423359582168,0.08402540923388586,0.07453812147095659,0.17089368603198749,0.07863249223204721,1.8654877652196466e-11,3.3079407932835727e-12,2.837118075155778,0
9.609233366683345,0.3252175362766462,0.1757278016497825,0.08380122234363806,0.07438537133755685,0.17052099653209202,0.07853538570721262,1.8654877652196466e-11,3.3079407932835727e-12,2.837118075155778,0
9.614472861430716,0.32476012924522646,0.17548136970374337,0.08357703545339033,0.07423262120415716,0.17014830703219663,0.07843827918237808,1.8654877652196466e-11,3.3079407932835727e-12,2.837118075155778,0
9.61971235617809,0.3243027222138068,0.17523493775770424,0.08335284856314258,0.07407987107075746,0.16977561753230125,0.07834117265754353,1.8654877652196466e-11,3.3079407932835727e-12,2.837118075155778,0
9.624951850925465,0.3238453151823871,0.1749885058116651,0.08312866167289484,0.07392712093735777,0.16940292803240584,0.07824406613270898,1.8654877652196466e-11,3.3079407932835727e-12,2.837118075155778,0
9.630191345672838,0.3233879081509673,0.1747420738656259,0.08290447478264704,0.07377437080395803,0.16903023853251034,0.0781469596078744,1.8654877652196466e-11,3.3079407932835727e-12,2.837118075155778,0
9.635430840420211,0.3229215293590685,0.1744896479390404,0.08268087468005003,0.07362418161100728,0.1686475487884409,0.07804779237147917,1.8654877652196466e-11,3.3079407932835727e-12,2.837118075155778,0
9.640670335167584,0.32243615566803036,0.17422453163176696,0.08245851691693236,0.0734794144091633,0.16824368665240932,0.07794426222232655,1.8654877652196466e-11,3.3079407932835727e-12,2.837118075155778,0
9.645909829914958,0.32195078197699223,0.1739594153244935,0.08223615915381469,0.07333464720731929,0.16783982451637766,0.07784073207317392,1.8654877652196466e-11,3.3079407932835727e-12,2.837118075155778,0
9.651149324662333,0.3214654082859541,0.17369429901722008,0.08201380139069701,0.07318988000547531,0.16743596238034605,0.0777372019240213,1.8654877652196466e-11,3.3079407932835727e-12,2.837118075155778,0
9.656388819409706,0.3209800345949158,0.1734291827099465,0.08179144362757927,0.07304511280363127,0.1670321002443143,0.07763367177486863,1.8654877652196466e-11,3.3079407932835727e-12,2.837118075155778,0
9.66162831415708,0.32049466090387774,0.17316406640267307,0.0815690858644616,0.07290034560178728,0.1666282381082827,0.077530141625716,1.8654877652196466e-11,3.3079407932835727e-12,2.837118075155778,0
9.666867808904453,0.3200092872128396,0.1728989500953996,0.08134672810134393,0.07275557839994327,0.16622437597225106,0.07742661147656336,1.8654877652196466e-11,3.3079407932835727e-12,2.837118075155778,0
9.672107303651826,0.3195239135218015,0.17263383378812616,0.08112437033822625,0.07261081119809928,0.16582051383621946,0.07732308132741075,1.8654877652196466e-11,3.3079407932835727e-12,2.837118075155778,0
9.6773467983992,0.31903853983076325,0.17236871748085258,0.0809020125751085,0.07246604399625525,0.1654166517001877,0.07721955117825809,1.8654877652196466e-11,3.3079407932835727e-12,2.837118075155778,0
9.682586293146574,0.3185531661397251,0.17210360117357917,0.08067965481199083,0.07232127679441125,0.16501278956415608,0.07711602102910545,1.8654877652196466e-11,3.3079407932835727e-12,2.837118075155778,0
9.687825787893948,0.3180620681123421,0.17183021353902458,0.08045606158192978,0.07217744727310119,0.16461535229328433,0.07701328716192098,1.8654877652196466e-11,3.3079407932835727e-12,2.837118075155778,0
9.69306528264132,0.31755766100295724,0.17153759506854147,0.08022959589122541,0.07203579785903251,0.1642328528339092,0.0769124046503124,1.8654877652196466e-11,3.3079407932835727e-12,2.837118075155778,0
9.698304777388694,0.3170532538935723,0.1712449765980583,0.08000313020052104,0.07189414844496382,0.1638503533745341,0.07681152213870385,1.8654877652196466e-11,3.3079407932835727e-12,2.837118075155778,0
9.70354427213607,0.3165488467841872,0.17095235812757506,0.07977666450981657,0.0717524990308951,0.16346785391515886,0.07671063962709525,1.8654877652196466e-11,3.3079407932835727e-12,2.837118075155778,0
9.708783766883442,0.3160444396748023,0.17065973965709189,0.07955019881911221,0.07161084961682641,0.16308535445578373,0.07660975711548668,1.8654877652196466e-11,3.3079407932835727e-12,2.837118075155778,0
9.714023261630816,0.31554003256541735,0.17036712118660874,0.07932373312840783,0.07146920020275774,0.16270285499640866,0.07650887460387812,1.8654877652196466e-11,3.3079407932835727e-12,2.837118075155778,0
9.719262756378187,0.3150356254560325,0.1700745027161256,0.07909726743770346,0.07132755078868905,0.16232035553703353,0.07640799209226955,1.8654877652196466e-11,3.3079407932835727e-12,2.837118075155778,0
9.724502251125564,0.3145312183466474,0.16978188424564233,0.078870801746999,0.07118590137462032,0.1619378560776583,0.07630710958066096,1.8654877652196466e-11,3.3079407932835727e-12,2.837118075155778,0
9.729741745872936,0.3140268112372625,0.1694892657751592,0.07864433605629463,0.07104425196055164,0.16155535661828319,0.07620622706905239,1.8654877652196466e-11,3.3079407932835727e-12,2.837118075155778,0
9.73498124062031,0.3135224041278776,0.16919664730467604,0.07841787036559025,0.07090260254648297,0.16117285715890808,0.07610534455744383,1.8654877652196466e-11,3.3079407932835727e-12,2.837118075155778,0
9.740220735367684,0.3130191745342944,0.16890470842222935,0.07819170955965109,0.0707634650269944,0.16079822392049797,0.07600643266641911,1.8654877652196466e-11,3.3079407932835727e-12,2.837118075155778,0
9.745460230115055,0.3125189623249533,0.168614510984126,0.07796633002092278,0.07063076423736739,0.16044374787331078,0.07591257049064053,1.8654877652196466e-11,3.3079407932835727e-12,2.837118075155778,0
9.750699724862432,0.31201875011561203,0.1683243135460226,0.07774095048219438,0.07049806344774033,0.16008927182612345,0.0758187083148619,1.8654877652196466e-11,3.3079407932835727e-12,2.837118075155778,0
9.755939219609806,0.3115185379062709,0.16803411610791927,0.07751557094346608,0.07036536265811331,0.15973479577893626,0.07572484613908331,1.8654877652196466e-11,3.3079407932835727e-12,2.837118075155778,0
9.76117871435718,0.3110183256969298,0.16774391866981594,0.07729019140473777,0.0702326618684863,0.15938031973174907,0.07563098396330473,1.8654877652196466e-11,3.3079407932835727e-12,2.837118075155778,0
9.766418209104552,0.3105181134875886,0.1674537212317126,0.07706481186600944,0.07009996107885928,0.15902584368456185,0.07553712178752613,1.8654877652196466e-11,3.3079407932835727e-12,2.837118075155778,0
9.771657703851927,0.3100179012782473,0.16716352379360916,0.07683943232728106,0.06996726028923222,0.15867136763737452,0.0754432596117475,1.8654877652196466e-11,3.3079407932835727e-12,2.837118075155778,0
9.7768971985993,0.30951768906890625,0.16687332635550586,0.07661405278855274,0.06983455949960521,0.15831689159018733,0.07534939743596891,1.8654877652196466e-11,3.3079407932835727e-12,2.837118075155778,0
9.782136693346674,0.3090174768595651,0.16658312891740254,0.07638867324982443,0.0697018587099782,0.1579624155430001,0.07525553526019031,1.8654877652196466e-11,3.3079407932835727e-12,2.837118075155778,0
9.787376188094049,0.30851726465022394,0.1662929314792992,0.07616329371109612,0.06956915792035119,0.15760793949581292,0.07516167308441173,1.8654877652196466e-11,3.3079407932835727e-12,2.837118075155778,0
9.792615682841422,0.30801621261810624,0.1659998971865985,0.07593933232663552,0.06943947459113152,0.15725942849371438,0.0750691667840361,1.8654877652196466e-11,3.3079407932835727e-12,2.837118075155778,0
9.797855177588795,0.3075127783963826,0.16569881604672276,0.0757193935913,0.06931835040441368,0.15692783757143508,0.0749805064763902,1.8654877652196466e-11,3.3079407932835727e-12,2.837118075155778,0
9.803094672336169,0.30700934417465897,0.16539773490684706,0.07549945485596449,0.06919722621769582,0.15659624664915578,0.0748918461687443,1.8654877652196466e-11,3.3079407932835727e-12,2.837118075155778,0
9.808334167083542,0.30650590995293525,0.16509665376697139,0.07527951612062896,0.06907610203097798,0.1562646557268765,0.07480318586109838,1.8654877652196466e-11,3.3079407932835727e-12,2.837118075155778,0
9.813573661830915,0.3060024757312116,0.1647955726270957,0.07505957738529344,0.06895497784426012,0.15593306480459718,0.07471452555345247,1.8654877652196466e-11,3.3079407932835727e-12,2.837118075155778,0
9.81881315657829,0.30549904150948776,0.1644944914872199,0.07483963864995785,0.06883385365754223,0.1556014738823178,0.07462586524580653,1.8654877652196466e-11,3.3079407932835727e-12,2.837118075155778,0
9.824052651325664,0.3049956072877641,0.1641934103473442,0.07461969991462232,0.06871272947082438,0.1552698829600385,0.07453720493816061,1.8654877652196466e-11,3.3079407932835727e-12,2.837118075155778,0
9.829292146073035,0.3044921730660405,0.16389232920746852,0.0743997611792868,0.06859160528410653,0.1549382920377592,0.07444854463051472,1.8654877652196466e-11,3.3079407932835727e-12,2.837118075155778,0
9.83453164082041,0.30398873884431676,0.1635912480675928,0.07417982244395128,0.06847048109738868,0.1546067011154799,0.0743598843228688,1.8654877652196466e-11,3.3079407932835727e-12,2.837118075155778,0
9.839771135567783,0.303485304622593,0.163290166927717,0.07395988370861568,0.06834935691067077,0.15427511019320048,0.07427122401522286,1.8654877652196466e-11,3.3079407932835727e-12,2.837118075155778,0
9.84501063031516,0.302982428843722,0.16298733296231874,0.07374138286015403,0.06823038355439873,0.15394026772186356,0.07418250512954296,1.8654877652196466e-11,3.3079407932835727e-12,2.837118075155778,0
9.850250125062532,0.3024813156501049,0.16267896664136489,0.07352742034213801,0.06811819875672125,0.15359516254881342,0.07409360135694322,1.8654877652196466e-11,3.3079407932835727e-12,2.837118075155778,0
9.855489619809903,0.30198020245648777,0.16237060032041106,0.07331345782412198,0.06800601395904377,0.15325005737576328,0.0740046975843435,1.8654877652196466e-11,3.3079407932835727e-12,2.837118075155778,0
9.860729114557278,0.30147908926287065,0.1620622339994572,0.07309949530610596,0.06789382916136627,0.15290495220271316,0.07391579381174376,1.8654877652196466e-11,3.3079407932835727e-12,2.837118075155778,0
9.865968609304652,0.30097797606925336,0.16175386767850328,0.07288553278808986,0.06778164436368876,0.1525598470296629,0.073826890039144,1.8654877652196466e-11,3.3079407932835727e-12,2.837118075155778,0
9.871208104052029,0.3004768628756363,0.16144550135754945,0.07267157027007383,0.06766945956601128,0.1522147418566128,0.07373798626654426,1.8654877652196466e-11,3.3079407932835727e-12,2.837118075155778,0
9.8764475987994,0.2999757496820191,0.1611371350365956,0.07245760775205781,0.06755727476833379,0.15186963668356263,0.07364908249394454,1.8654877652196466e-11,3.3079407932835727e-12,2.837118075155778,0
9.881687093546772,0.29947463648840206,0.16082876871564175,0.0722436452340418,0.0674450899706563,0.1515245315105125,0.07356017872134481,1.8654877652196466e-11,3.3079407932835727e-12,2.837118075155778,0
9.886926588294148,0.29897352329478477,0.16052040239468782,0.0720296827160257,0.06733290517297878,0.15117942633746226,0.07347127494874504,1.8654877652196466e-11,3.3079407932835727e-12,2.837118075155778,0
9.892166083041522,0.29847241010116765,0.160212036073734,0.07181572019800966,0.0672207203753013,0.15083432116441214,0.07338237117614531,1.8654877652196466e-11,3.3079407932835727e-12,2.837118075155778,0
9.897405577788897,0.29797783793877475,0.15990443143219993,0.07160434238534719,0.06711019840048212,0.15049479358358667,0.0732945403924382,1.8654877652196466e-11,3.3079407932835727e-12,2.837118075155778,0
9.902645072536268,0.29750638237536753,0.15959951863497904,0.07140209915637734,0.06700555299280991,0.1501749777207371,0.07321050164902204,1.8654877652196466e-11,3.3079407932835727e-12,2.837118075155778,0
9.907884567283643,0.29703492681196014,0.15929460583775804,0.07119985592740742,0.06690090758513768,0.14985516185788741,0.07312646290560584,1.8654877652196466e-11,3.3079407932835727e-12,2.837118075155778,0
9.913124062031017,0.2965634712485529,0.15898969304053714,0.07099761269843756,0.06679626217746547,0.14953534599503784,0.07304242416218967,1.8654877652196466e-11,3.3079407932835727e-12,2.837118075155778,0
9.91836355677839,0.2960920156851457,0.15868478024331623,0.07079536946946771,0.06669161676979328,0.14921553013218822,0.07295838541877352,1.8654877652196466e-11,3.3079407932835727e-12,2.837118075155778,0
9.923603051525763,0.2956205601217385,0.15837986744609533,0.07059312624049786,0.06658697136212106,0.14889571426933865,0.07287434667535735,1.8654877652196466e-11,3.3079407932835727e-12,2.837118075155778,0
9.928842546273136,0.29514910455833127,0.15807495464887442,0.070390883011528,0.06648232595444886,0.14857589840648908,0.07279030793194118,1.8654877652196466e-11,3.3079407932835727e-12,2.837118075155778,0
9.934082041020512,0.2946776489949239,0.15777004185165341,0.07018863978255808,0.06637768054677663,0.1482560825436394,0.07270626918852499,1.8654877652196466e-11,3.3079407932835727e-12,2.837118075155778,0
9.939321535767885,0.29420619343151666,0.15746512905443252,0.06998639655358824,0.06627303513910442,0.1479362666807898,0.07262223044510882,1.8654877652196466e-11,3.3079407932835727e-12,2.837118075155778,0
9.944561030515258,0.2937347378681094,0.15716021625721163,0.06978415332461839,0.06616838973143223,0.1476164508179402,0.07253819170169265,1.8654877652196466e-11,3.3079407932835727e-12,2.837118075155778,0
9.949800525262631,0.29326380398087404,0.15685580808514865,0.06958470471601508,0.06606447679186753,0.1472924128904999,0.07245264437616826,1.8654877652196466e-11,3.3079407932835727e-12,2.837118075155778,0
9.955040020010006,0.29279495027737373,0.15655341210590273,0.06939639965612335,0.06596348456888151,0.1469515394805039,0.0723610815794873,1.8654877652196466e-11,3.3079407932835727e-12,2.837118075155778,0
9.96027951475738,0.29232609657387354,0.15625101612665696,0.06920809459623169,0.06586249234589552,0.14661066607050804,0.07226951878280635,1.8654877652196466e-11,3.3079407932835727e-12,2.837118075155778,0
9.965519009504751,0.2918572428703734,0.15594862014741115,0.06901978953634001,0.06576150012290953,0.14626979266051215,0.0721779559861254,1.8654877652196466e-11,3.3079407932835727e-12,2.837118075155778,0
9.970758504252126,0.29138838916687326,0.15564622416816534,0.06883148447644835,0.06566050789992355,0.14592891925051626,0.07208639318944447,1.8654877652196466e-11,3.3079407932835727e-12,2.837118075155778,0
9.9759979989995,0.2909195354633731,0.15534382818891954,0.06864317941655669,0.06555951567693756,0.1455880458405204,0.07199483039276353,1.8654877652196466e-11,3.3079407932835727e-12,2.837118075155778,0
9.981237493746876,0.2904506817598728,0.15504143220967365,0.06845487435666496,0.06545852345395153,0.1452471724305244,0.07190326759608255,1.8654877652196466e-11,3.3079407932835727e-12,2.837118075155778,0
9.986476988494248,0.2899818280563727,0.15473903623042787,0.06826656929677329,0.06535753123096555,0.14490629902052854,0.07181170479940162,1.8654877652196466e-11,3.3079407932835727e-12,2.837118075155778,0
9.99171648324162,0.2895129743528725,0.15443664025118206,0.06807826423688162,0.06525653900797956,0.14456542561053265,0.07172014200272069,1.8654877652196466e-11,3.3079407932835727e-12,2.837118075155778,0
9.996955977988994,0.28904412064937235,0.15413424427193625,0.06788995917698995,0.06515554678499358,0.1442245522005368,0.07162857920603974,1.8654877652196466e-11,3.3079407932835727e-12,2.837118075155778,0
10.00219547273637,0.2885725766401547,0.15382800753682246,0.0677051280072341,0.06505482899534797,0.1438868274347434,0.0715358385631276,1.8654877652196466e-11,3.3079407932835727e-12,2.837118075155778,0
10.007434967483745,0.28808881415913734,0.15350432736880873,0.06753607408851214,0.0649553575904568,0.1435634027613704,0.07143774853524906,1.8654877652196466e-11,3.3079407932835727e-12,2.837118075155778,0
10.012674462231116,0.28760505167812,0.153180647200795,0.06736702016979018,0.06485588618556562,0.14323997808799735,0.07133965850737051,1.8654877652196466e-11,3.3079407932835727e-12,2.837118075155778,0
10.01791395697849,0.28712128919710267,0.15285696703278126,0.0671979662510682,0.06475641478067445,0.14291655341462434,0.07124156847949195,1.8654877652196466e-11,3.3079407932835727e-12,2.837118075155778,0
10.023153451725864,0.28663752671608533,0.15253328686476753,0.06702891233234624,0.06465694337578329,0.14259312874125132,0.0711434784516134,1.8654877652196466e-11,3.3079407932835727e-12,2.837118075155778,0
10.028392946473238,0.28615376423506783,0.15220960669675368,0.06685985841362423,0.06455747197089207,0.14226970406787817,0.07104538842373481,1.8654877652196466e-11,3.3079407932835727e-12,2.837118075155778,0
10.033632441220613,0.2856700017540505,0.15188592652873997,0.06669080449490226,0.0644580005660009,0.14194627939450513,0.07094729839585626,1.8654877652196466e-11,3.3079407932835727e-12,2.837118075155778,0
10.038871935967984,0.28518623927303316,0.1515622463607262,0.06652175057618029,0.06435852916110973,0.14162285472113212,0.07084920836797769,1.8654877652196466e-11,3.3079407932835727e-12,2.837118075155778,0
10.044111430715358,0.2847024767920158,0.1512385661927125,0.06635269665745833,0.06425905775621857,0.14129943004775908,0.07075111834009915,1.8654877652196466e-11,3.3079407932835727e-12,2.837118075155778,0
10.049350925462733,0.2842187143109984,0.15091488602469866,0.06618364273873631,0.06415958635132735,0.14097600537438595,0.07065302831222056,1.8654877652196466e-11,3.3079407932835727e-12,2.837118075155778,0
10.054590420210106,0.28373487439297984,0.15058959692375248,0.0660173212826765,0.06406111121002762,0.14065316690472257,0.0705548167807139,1.8654877652196466e-11,3.3079407932835727e-12,2.837118075155778,0
10.05982991495748,0.2832506291406582,0.15025588606448817,0.06586530256086391,0.06396785088596442,0.14033339684510188,0.07045596925365392,1.8654877652196466e-11,3.3079407932835727e-12,2.837118075155778,0
10.065069409704853,0.2827663838883366,0.14992217520522383,0.06571328383905134,0.0638745905619012,0.14001362678548115,0.07035712172659397,1.8654877652196466e-11,3.3079407932835727e-12,2.837118075155778,0
10.070308904452228,0.28228213863601476,0.1495884643459594,0.0655612651172387,0.06378133023783797,0.13969385672586035,0.07025827419953397,1.8654877652196466e-11,3.3079407932835727e-12,2.837118075155778,0
10.0755483991996,0.28179789338369315,0.1492547534866951,0.06540924639542611,0.06368806991377476,0.13937408666623963,0.070159426672474,1.8654877652196466e-11,3.3079407932835727e-12,2.837118075155778,0
10.080787893946974,0.28131364813137155,0.14892104262743075,0.06525722767361353,0.06359480958971155,0.13905431660661893,0.07006057914541404,1.8654877652196466e-11,3.3079407932835727e-12,2.837118075155778,0
10.086027388694347,0.2808294028790499,0.14858733176816644,0.06510520895180096,0.06350154926564833,0.1387345465469982,0.06996173161835406,1.8654877652196466e-11,3.3079407932835727e-12,2.837118075155778,0
10.09126688344172,0.2803451576267283,0.1482536209089021,0.06495319022998837,0.06340828894158512,0.13841477648737752,0.06986288409129411,1.8654877652196466e-11,3.3079407932835727e-12,2.837118075155778,0
10.096506378189096,0.27986091237440647,0.14791991004963764,0.06480117150817573,0.06331502861752188,0.1380950064277567,0.0697640365642341,1.8654877652196466e-11,3.3079407932835727e-12,2.837118075155778,0
10.101745872936467,0.27937666712208487,0.14758619919037333,0.06464915278636314,0.06322176829345866,0.137775236368136,0.06966518903717414,1.8654877652196466e-11,3.3079407932835727e-12,2.837118075155778,0
10.106985367683842,0.2788917622253947,0.14725234356354064,0.0644989991574368,0.06312914449302445,0.13746013473050814,0.06956617966552389,1.8654877652196466e-11,3.3079407932835727e-12,2.837118075155778,0
10.112224862431216,0.27840281700694763,0.14691760123535177,0.06436026922243868,0.06304041939981778,0.13717362717758622,0.06946617899575819,1.8654877652196466e-11,3.3079407932835727e-12,2.837118075155778,0
10.11746435717859,0.2779138717885004,0.1465828589071628,0.06422153928744048,0.06295169430661106,0.13688711962466424,0.06936617832599244,1.8654877652196466e-11,3.3079407932835727e-12,2.837118075155778,0
10.122703851925964,0.27742492657005335,0.14624811657897394,0.06408280935244234,0.0628629692134044,0.13660061207174234,0.06926617765622675,1.8654877652196466e-11,3.3079407932835727e-12,2.837118075155778,0
10.127943346673336,0.2769359813516063,0.14591337425078507,0.0639440794174442,0.06277424412019772,0.13631410451882045,0.06916617698646105,1.8654877652196466e-11,3.3079407932835727e-12,2.837118075155778,0
10.13318284142071,0.2764470361331592,0.1455786319225962,0.06380534948244607,0.06268551902699104,0.13602759696589856,0.06906617631669534,1.8654877652196466e-11,3.3079407932835727e-12,2.837118075155778,0
10.138422336168084,0.2759580909147122,0.14524388959440734,0.06366661954744793,0.06259679393378437,0.13574108941297666,0.06896617564692964,1.8654877652196466e-11,3.3079407932835727e-12,2.837118075155778,0
10.14366183091546,0.2754691456962649,0.14490914726621837,0.06352788961244973,0.06250806884057768,0.13545458186005466,0.06886617497716391,1.8654877652196466e-11,3.3079407932835727e-12,2.837118075155778,0
10.148901325662832,0.27498020047781785,0.1445744049380295,0.0633891596774516,0.062419343747370994,0.1351680743071328,0.0687661743073982,1.8654877652196466e-11,3.3079407932835727e-12,2.837118075155778,0
10.154140820410204,0.27449125525937074,0.14423966260984067,0.06325042974245346,0.06233061865416432,0.1348815667542109,0.06866617363763249,1.8654877652196466e-11,3.3079407932835727e-12,2.837118075155778,0
10.15938031515758,0.27400115398285907,0.14390633686634555,0.06311277319381244,0.062242697366883676,0.1345955802129221,0.06856659505609941,1.8654877652196466e-11,3.3079407932835727e-12,2.837118075155778,0
10.164619809904954,0.27350259903174956,0.14358336989842352,0.06298296578290777,0.062160653910437055,0.13431340356920016,0.06847010299476734,1.8654877652196466e-11,3.3079407932835727e-12,2.837118075155778,0
10.169859304652327,0.2730040440806402,0.14326040293050155,0.06285315837200314,0.062078610453990456,0.1340312269254783,0.0683736109334353,1.8654877652196466e-11,3.3079407932835727e-12,2.837118075155778,0
10.1750987993997,0.2725054891295309,0.1429374359625796,0.06272335096109852,0.06199656699754387,0.1337490502817565,0.06827711887210326,1.8654877652196466e-11,3.3079407932835727e-12,2.837118075155778,0
10.180338294147074,0.27200693417842153,0.14261446899465766,0.06259354355019389,0.06191452354109727,0.13346687363803464,0.06818062681077122,1.8654877652196466e-11,3.3079407932835727e-12,2.837118075155778,0
10.185577788894449,0.2715083792273122,0.1422915020267357,0.06246373613928928,0.06183248008465068,0.1331846969943128,0.06808413474943918,1.8654877652196466e-11,3.3079407932835727e-12,2.837118075155778,0
10.190817283641822,0.2710098242762027,0.14196853505881363,0.062333928728384606,0.061750436628204064,0.13290252035059089,0.06798764268810711,1.8654877652196466e-11,3.3079407932835727e-12,2.837118075155778,0
10.196056778389195,0.27051126932509334,0.14164556809089168,0.06220412131747999,0.061668393171757464,0.13262034370686904,0.06789115062677507,1.8654877652196466e-11,3.3079407932835727e-12,2.837118075155778,0
10.201296273136569,0.270012714373984,0.14132260112296974,0.06207431390657536,0.06158634971531087,0.13233816706314722,0.06779465856544303,1.8654877652196466e-11,3.3079407932835727e-12,2.837118075155778,0
10.206535767883942,0.26951415942287466,0.1409996341550478,0.06194450649567074,0.06150430625886427,0.13205599041942537,0.06769816650411101,1.8654877652196466e-11,3.3079407932835727e-12,2.837118075155778,0
10.211775262631315,0.2690126480023374,0.14067561312822693,0.06181661317541361,0.06142313967442523,0.1317729510172073,0.06760240022953067,1.8654877652196466e-11,3.3079407932835727e-12,2.837118075155778,0
10.21701475737869,0.2684846022686861,0.14034213192278952,0.0617058988187181,0.06134984301625427,0.13148216835748655,0.06751314789104722,1.8654877652196466e-11,3.3079407932835727e-12,2.837118075155778,0
10.222254252126064,0.2679565565350348,0.1400086507173521,0.061595184462022605,0.061276546358083286,0.1311913856977658,0.06742389555256374,1.8654877652196466e-11,3.3079407932835727e-12,2.837118075155778,0
10.227493746873437,0.2674285108013836,0.13967516951191472,0.061484470105327094,0.06120324969991231,0.13090060303804504,0.06733464321408028,1.8654877652196466e-11,3.3079407932835727e-12,2.837118075155778,0
10.232733241620812,0.26690046506773213,0.13934168830647722,0.06137375574863155,0.06112995304174131,0.1306098203783242,0.06724539087559679,1.8654877652196466e-11,3.3079407932835727e-12,2.837118075155778,0
10.237972736368183,0.26637241933408085,0.1390082071010398,0.06126304139193605,0.061056656383570336,0.13031903771860348,0.06715613853711332,1.8654877652196466e-11,3.3079407932835727e-12,2.837118075155778,0
10.243212231115558,0.26584437360042956,0.1386747258956024,0.06115232703524054,0.06098335972539936,0.1300282550588827,0.06706688619862985,1.8654877652196466e-11,3.3079407932835727e-12,2.837118075155778,0
10.248451725862932,0.2653163278667783,0.13834124469016498,0.061041612678545035,0.06091006306722838,0.12973747239916197,0.0669776338601464,1.8654877652196466e-11,3.3079407932835727e-12,2.837118075155778,0
10.253691220610303,0.264788282133127,0.1380077634847276,0.06093089832184952,0.0608367664090574,0.1294466897394412,0.06688838152166293,1.8654877652196466e-11,3.3079407932835727e-12,2.837118075155778,0
10.25893071535768,0.26426023639947555,0.13767428227929007,0.060820183965153984,0.0607634697508864,0.12915590707972038,0.06679912918317944,1.8654877652196466e-11,3.3079407932835727e-12,2.837118075155778,0
10.264170210105052,0.2637339789060025,0.1373385778362992,0.06071052031076926,0.060690926138478055,0.12886455781491007,0.06671032479489747,1.8654877652196466e-11,3.3079407932835727e-12,2.837118075155778,0
10.269409704852428,0.26322823029207254,0.13697737563761728,0.06061290689851136,0.06062701901965976,0.1285667102979789,0.06662665783548892,1.8654877652196466e-11,3.3079407932835727e-12,2.837118075155778,0
10.2746491995998,0.2627224816781426,0.1366161734389353,0.06051529348625345,0.06056311190084147,0.12826886278104774,0.06654299087608037,1.8654877652196466e-11,3.3079407932835727e-12,2.837118075155778,0
10.279888694347177,0.2622167330642125,0.13625497124025324,0.060417680073995506,0.06049920478202315,0.12797101526411644,0.0664593239166718,1.8654877652196466e-11,3.3079407932835727e-12,2.837118075155778,0
10.285128189094548,0.2617109844502825,0.13589376904157127,0.06032006666173761,0.06043529766320485,0.1276731677471853,0.06637565695726325,1.8654877652196466e-11,3.3079407932835727e-12,2.837118075155778,0
10.290367683841922,0.2612052358363526,0.13553256684288933,0.060222453249479696,0.060371390544386554,0.12737532023025414,0.0662919899978547,1.8654877652196466e-11,3.3079407932835727e-12,2.837118075155778,0
10.295607178589297,0.26069948722242264,0.13517136464420737,0.06012483983722179,0.060307483425568256,0.12707747271332295,0.06620832303844615,1.8654877652196466e-11,3.3079407932835727e-12,2.837118075155778,0
10.300846673336668,0.2601937386084927,0.1348101624455254,0.060027226424963886,0.060243576306749966,0.1267796251963918,0.0661246560790376,1.8654877652196466e-11,3.3079407932835727e-12,2.837118075155778,0
10.306086168084043,0.2596879899945626,0.13444896024684333,0.05992961301270594,0.06017966918793165,0.1264817776794605,0.06604098911962902,1.8654877652196466e-11,3.3079407932835727e-12,2.837118075155778,0
10.311325662831416,0.25918224138063267,0.1340877580481614,0.05983199960044803,0.06011576206911335,0.12618393016252935,0.06595732216022047,1.8654877652196466e-11,3.3079407932835727e-12,2.837118075155778,0
10.31656515757879,0.25867989452595236,0.13372840633716956,0.059735279037365176,0.0600523683481303,0.12588721347368234,0.06587423848711008,1.8654877652196466e-11,3.3079407932835727e-12,2.837118075155778,0
10.321804652326165,0.25823070015954736,0.13339796849633595,0.059652509242642496,0.05999699646832281,0.12560816597365054,0.0658002686624082,1.8654877652196466e-11,3.3079407932835727e-12,2.837118075155778,0
10.327044147073538,0.25778150579314213,0.13306753065550223,0.05956973944791978,0.0599416245885153,0.12532911847361863,0.06572629883770631,1.8654877652196466e-11,3.3079407932835727e-12,2.837118075155778,0
10.332283641820911,0.2573323114267371,0.1327370928146686,0.0594869696531971,0.059886252708707816,0.1250500709735868,0.06565232901300444,1.8654877652196466e-11,3.3079407932835727e-12,2.837118075155778,0
10.337523136568285,0.25688311706033207,0.132406654973835,0.05940419985847441,0.059830880828900326,0.12477102347355501,0.06557835918830257,1.8654877652196466e-11,3.3079407932835727e-12,2.837118075155778,0
10.342762631315658,0.256433922693927,0.13207621713300138,0.059321430063751734,0.05977550894909284,0.1244919759735232,0.0655043893636007,1.8654877652196466e-11,3.3079407932835727e-12,2.837118075155778,0
10.348002126063031,0.255984728327522,0.13174577929216777,0.05923866026902904,0.059720137069285355,0.12421292847349137,0.06543041953889882,1.8654877652196466e-11,3.3079407932835727e-12,2.837118075155778,0
10.353241620810406,0.2555355339611168,0.13141534145133404,0.05915589047430633,0.059664765189477845,0.12393388097345948,0.06535644971419693,1.8654877652196466e-11,3.3079407932835727e-12,2.837118075155778,0
10.35848111555778,0.2550863395947118,0.13108490361050043,0.059073120679583646,0.059609393309670355,0.12365483347342766,0.06528247988949507,1.8654877652196466e-11,3.3079407932835727e-12,2.837118075155778,0
10.363720610305151,0.2546371452283067,0.13075446576966682,0.058990350884860966,0.05955402142986287,0.12337578597339585,0.0652085100647932,1.8654877652196466e-11,3.3079407932835727e-12,2.837118075155778,0
10.368960105052526,0.2541913660697014,0.13042601951280935,0.058907970808165434,0.05949904784393334,0.12309585410897926,0.06513479455895321,1.8654877652196466e-11,3.3079407932835727e-12,2.837118075155778,0
10.3741995997999,0.2538273384478013,0.13014524679738135,0.05883491960674497,0.05945360841770737,0.12279475277210164,0.06506716681086967,1.8654877652196466e-11,3.3079407932835727e-12,2.837118075155778,0
10.379439094547276,0.2534633108259014,0.1298644740819534,0.05876186840532453,0.059408168991481415,0.12249365143522413,0.06499953906278615,1.8654877652196466e-11,3.3079407932835727e-12,2.837118075155778,0
10.384678589294648,0.2530992832040015,0.12958370136652544,0.0586888172039041,0.059362729565255457,0.12219255009834663,0.06493191131470262,1.8654877652196466e-11,3.3079407932835727e-12,2.837118075155778,0
10.38991808404202,0.2527352555821016,0.1293029286510975,0.05861576600248366,0.059317290139029505,0.12189144876146914,0.0648642835666191,1.8654877652196466e-11,3.3079407932835727e-12,2.837118075155778,0
10.395157578789396,0.2523712279602015,0.12902215593566949,0.05854271480106319,0.05927185071280354,0.12159034742459153,0.06479665581853557,1.8654877652196466e-11,3.3079407932835727e-12,2.837118075155778,0
10.40039707353677,0.2520072003383016,0.12874138322024153,0.05846966359964276,0.05922641128657759,0.121289246087714,0.06472902807045204,1.8654877652196466e-11,3.3079407932835727e-12,2.837118075155778,0
10.405636568284145,0.25164317271640163,0.1284606105048136,0.05839661239822232,0.05918097186035163,0.12098814475083651,0.06466140032236851,1.8654877652196466e-11,3.3079407932835727e-12,2.837118075155778,0
10.410876063031516,0.2512791450945018,0.12817983778938566,0.05832356119680188,0.05913553243412568,0.120687043413959,0.06459377257428499,1.8654877652196466e-11,3.3079407932835727e-12,2.837118075155778,0
10.41611555777889,0.2509151174726018,0.12789906507395774,0.058250509995381436,0.059090093007899726,0.1203859420770815,0.06452614482620148,1.8654877652196466e-11,3.3079407932835727e-12,2.837118075155778,0
10.421355052526264,0.25055309547368876,0.12761970411418164,0.05817770376181154,0.059044808241612956,0.1200865692887587,0.06445875328029124,1.8654877652196466e-11,3.3079407932835727e-12,2.837118075155778,0
10.426594547273638,0.2502890982982632,0.12740934271189372,0.05811687033193786,0.0590070824798546,0.1198716793110517,0.06440290611560119,1.8654877652196466e-11,3.3079407932835727e-12,2.837118075155778,0
10.431834042021013,0.25002510112283755,0.12719898130960583,0.05805603690206418,0.058969356718096264,0.11965678933334467,0.06434705895091114,1.8654877652196466e-11,3.3079407932835727e-12,2.837118075155778,0
10.437073536768384,0.249761103947412,0.1269886199073179,0.05799520347219051,0.058931630956337924,0.11944189935563765,0.0642912117862211,1.8654877652196466e-11,3.3079407932835727e-12,2.837118075155778,0
10.44231303151576,0.2494971067719863,0.12677825850502994,0.05793437004231681,0.05889390519457956,0.11922700937793054,0.06423536462153104,1.8654877652196466e-11,3.3079407932835727e-12,2.837118075155778,0
10.447552526263133,0.24923310959656075,0.12656789710274202,0.057873536612443134,0.05885617943282122,0.11901211940022355,0.06417951745684099,1.8654877652196466e-11,3.3079407932835727e-12,2.837118075155778,0
10.452792021010506,0.24896911242113517,0.12635753570045413,0.05781270318256945,0.05881845367106288,0.11879722942251653,0.06412367029215095,1.8654877652196466e-11,3.3079407932835727e-12,2.837118075155778,0
10.45803151575788,0.24870511524570957,0.12614717429816624,0.05775186975269577,0.058780727909304525,0.1185823394448095,0.0640678231274609,1.8654877652196466e-11,3.3079407932835727e-12,2.837118075155778,0
10.463271010505252,0.248441118070284,0.12593681289587833,0.057691036322822103,0.058743002147546186,0.11836744946710248,0.06401197596277085,1.8654877652196466e-11,3.3079407932835727e-12,2.837118075155778,0
10.468510505252627,0.2481771208948583,0.12572645149359035,0.0576302028929484,0.05870527638578782,0.1181525594893954,0.0639561287980808,1.8654877652196466e-11,3.3079407932835727e-12,2.837118075155778,0
10.47375,0.24791312371943275,0.12551609009130243,0.05756936946307473,0.05866755062402948,0.11793766951168838,0.06390028163339075,1.8654877652196466e-11,3.3079407932835727e-12,2.837118075155778,0
