r (A),g(r)_weighted_Ca-Ca,g(r)_weighted_Ca-Cl,g(r)_weighted_Cl-Cl,S_i_Ca-Cl,Average_SCL,SCL_BC
0.0,0.0,0.0,0.0,1.0,4.8041708280259385,7.72598
0.0052394947473736,0.0,0.0,0.0,1.0,4.8041708280259385,7.72598
0.0104789894947473,0.0,0.0,0.0,1.0,4.8041708280259385,7.72598
0.015718484242121,0.0,0.0,0.0,1.0,4.8041708280259385,7.72598
0.0209579789894947,0.0,0.0,0.0,1.0,4.8041708280259385,7.72598
0.0261974737368684,0.0,0.0,0.0,1.0,4.8041708280259385,7.72598
0.0314369684842421,0.0,0.0,0.0,1.0,4.8041708280259385,7.72598
0.0366764632316158,0.0,0.0,0.0,1.0,4.8041708280259385,7.72598
0.0419159579789894,0.0,0.0,0.0,1.0,4.8041708280259385,7.72598
0.0471554527263631,0.0,0.0,0.0,1.0,4.8041708280259385,7.72598
0.0523949474737368,0.0,0.0,0.0,1.0,4.8041708280259385,7.72598
0.0576344422211105,0.0,0.0,0.0,1.0,4.8041708280259385,7.72598
0.0628739369684842,0.0,0.0,0.0,1.0,4.8041708280259385,7.72598
0.0681134317158579,0.0,0.0,0.0,1.0,4.8041708280259385,7.72598
0.0733529264632316,0.0,0.0,0.0,1.0,4.8041708280259385,7.72598
0.0785924212106052,0.0,0.0,0.0,1.0,4.8041708280259385,7.72598
0.0838319159579789,0.0,0.0,0.0,1.0,4.8041708280259385,7.72598
0.0890714107053526,0.0,0.0,0.0,1.0,4.8041708280259385,7.72598
0.0943109054527263,0.0,0.0,0.0,1.0,4.8041708280259385,7.72598
0.0995504002001,0.0,0.0,0.0,1.0,4.8041708280259385,7.72598
0.1047898949474737,0.0,0.0,0.0,1.0,4.8041708280259385,7.72598
0.1100293896948474,0.0,0.0,0.0,1.0,4.8041708280259385,7.72598
0.1152688844422211,0.0,0.0,0.0,1.0,4.8041708280259385,7.72598
0.1205083791895947,0.0,0.0,0.0,1.0,4.8041708280259385,7.72598
0.1257478739369684,0.0,0.0,0.0,1.0,4.8041708280259385,7.72598
0.1309873686843421,0.0,0.0,0.0,1.0,4.8041708280259385,7.72598
0.1362268634317158,0.0,0.0,0.0,1.0,4.8041708280259385,7.72598
0.1414663581790895,0.0,0.0,0.0,1.0,4.8041708280259385,7.72598
0.1467058529264632,0.0,0.0,0.0,1.0,4.8041708280259385,7.72598
0.1519453476738369,0.0,0.0,0.0,1.0,4.8041708280259385,7.72598
0.1571848424212105,0.0,0.0,0.0,1.0,4.8041708280259385,7.72598
0.1624243371685843,0.0,0.0,0.0,1.0,4.8041708280259385,7.72598
0.1676638319159579,0.0,0.0,0.0,1.0,4.8041708280259385,7.72598
0.1729033266633316,0.0,0.0,0.0,1.0,4.8041708280259385,7.72598
0.1781428214107053,0.0,0.0,0.0,1.0,4.8041708280259385,7.72598
0.183382316158079,0.0,0.0,0.0,1.0,4.8041708280259385,7.72598
0.1886218109054527,0.0,0.0,0.0,1.0,4.8041708280259385,7.72598
0.1938613056528264,0.0,0.0,0.0,1.0,4.8041708280259385,7.72598
0.1991008004002001,0.0,0.0,0.0,1.0,4.8041708280259385,7.72598
0.2043402951475737,0.0,0.0,0.0,1.0,4.8041708280259385,7.72598
0.2095797898949474,0.0,0.0,0.0,1.0,4.8041708280259385,7.72598
0.2148192846423211,0.0,0.0,0.0,1.0,4.8041708280259385,7.72598
0.2200587793896948,0.0,0.0,0.0,1.0,4.8041708280259385,7.72598
0.2252982741370685,0.0,0.0,0.0,1.0,4.8041708280259385,7.72598
0.2305377688844422,0.0,0.0,0.0,1.0,4.8041708280259385,7.72598
0.2357772636318159,0.0,0.0,0.0,1.0,4.8041708280259385,7.72598
0.2410167583791895,0.0,0.0,0.0,1.0,4.8041708280259385,7.72598
0.2462562531265632,0.0,0.0,0.0,1.0,4.8041708280259385,7.72598
0.2514957478739369,0.0,0.0,0.0,1.0,4.8041708280259385,7.72598
0.2567352426213106,0.0,0.0,0.0,1.0,4.8041708280259385,7.72598
0.2619747373686843,0.0,0.0,0.0,1.0,4.8041708280259385,7.72598
0.267214232116058,0.0,0.0,0.0,1.0,4.8041708280259385,7.72598
0.2724537268634316,0.0,0.0,0.0,1.0,4.8041708280259385,7.72598
0.2776932216108054,0.0,0.0,0.0,1.0,4.8041708280259385,7.72598
0.282932716358179,0.0,0.0,0.0,1.0,4.8041708280259385,7.72598
0.2881722111055527,0.0,0.0,0.0,1.0,4.8041708280259385,7.72598
0.2934117058529264,0.0,0.0,0.0,1.0,4.8041708280259385,7.72598
0.2986512006003001,0.0,0.0,0.0,1.0,4.8041708280259385,7.72598
0.3038906953476738,0.0,0.0,0.0,1.0,4.8041708280259385,7.72598
0.3091301900950475,0.0,0.0,0.0,1.0,4.8041708280259385,7.72598
0.3143696848424211,0.0,0.0,0.0,1.0,4.8041708280259385,7.72598
0.3196091795897948,0.0,0.0,0.0,1.0,4.8041708280259385,7.72598
0.3248486743371686,0.0,0.0,0.0,1.0,4.8041708280259385,7.72598
0.3300881690845422,0.0,0.0,0.0,1.0,4.8041708280259385,7.72598
0.3353276638319159,0.0,0.0,0.0,1.0,4.8041708280259385,7.72598
0.3405671585792896,0.0,0.0,0.0,1.0,4.8041708280259385,7.72598
0.3458066533266632,0.0,0.0,0.0,1.0,4.8041708280259385,7.72598
0.351046148074037,0.0,0.0,0.0,1.0,4.8041708280259385,7.72598
0.3562856428214107,0.0,0.0,0.0,1.0,4.8041708280259385,7.72598
0.3615251375687843,0.0,0.0,0.0,1.0,4.8041708280259385,7.72598
0.366764632316158,0.0,0.0,0.0,1.0,4.8041708280259385,7.72598
0.3720041270635317,0.0,0.0,0.0,1.0,4.8041708280259385,7.72598
0.3772436218109054,0.0,0.0,0.0,1.0,4.8041708280259385,7.72598
0.3824831165582791,0.0,0.0,0.0,1.0,4.8041708280259385,7.72598
0.3877226113056528,0.0,0.0,0.0,1.0,4.8041708280259385,7.72598
0.3929621060530264,0.0,0.0,0.0,1.0,4.8041708280259385,7.72598
0.3982016008004002,0.0,0.0,0.0,1.0,4.8041708280259385,7.72598
0.4034410955477738,0.0,0.0,0.0,1.0,4.8041708280259385,7.72598
0.4086805902951475,0.0,0.0,0.0,1.0,4.8041708280259385,7.72598
0.4139200850425212,0.0,0.0,0.0,1.0,4.8041708280259385,7.72598
0.4191595797898949,0.0,0.0,0.0,1.0,4.8041708280259385,7.72598
0.4243990745372686,0.0,0.0,0.0,1.0,4.8041708280259385,7.72598
0.4296385692846423,0.0,0.0,0.0,1.0,4.8041708280259385,7.72598
0.4348780640320159,0.0,0.0,0.0,1.0,4.8041708280259385,7.72598
0.4401175587793896,0.0,0.0,0.0,1.0,4.8041708280259385,7.72598
0.4453570535267633,0.0,0.0,0.0,1.0,4.8041708280259385,7.72598
0.450596548274137,0.0,0.0,0.0,1.0,4.8041708280259385,7.72598
0.4558360430215107,0.0,0.0,0.0,1.0,4.8041708280259385,7.72598
0.4610755377688844,0.0,0.0,0.0,1.0,4.8041708280259385,7.72598
0.466315032516258,0.0,0.0,0.0,1.0,4.8041708280259385,7.72598
0.4715545272636318,0.0,0.0,0.0,1.0,4.8041708280259385,7.72598
0.4767940220110054,0.0,0.0,0.0,1.0,4.8041708280259385,7.72598
0.4820335167583791,0.0,0.0,0.0,1.0,4.8041708280259385,7.72598
0.4872730115057528,0.0,0.0,0.0,1.0,4.8041708280259385,7.72598
0.4925125062531265,0.0,0.0,0.0,1.0,4.8041708280259385,7.72598
0.4977520010005002,0.0,0.0,0.0,1.0,4.8041708280259385,7.72598
0.5029914957478738,0.0,0.0,0.0,1.0,4.8041708280259385,7.72598
0.5082309904952476,0.0,0.0,0.0,1.0,4.8041708280259385,7.72598
0.5134704852426213,0.0,0.0,0.0,1.0,4.8041708280259385,7.72598
0.5187099799899949,0.0,0.0,0.0,1.0,4.8041708280259385,7.72598
0.5239494747373686,0.0,0.0,0.0,1.0,4.8041708280259385,7.72598
0.5291889694847424,0.0,0.0,0.0,1.0,4.8041708280259385,7.72598
0.534428464232116,0.0,0.0,0.0,1.0,4.8041708280259385,7.72598
0.5396679589794897,0.0,0.0,0.0,1.0,4.8041708280259385,7.72598
0.5449074537268633,0.0,0.0,0.0,1.0,4.8041708280259385,7.72598
0.5501469484742371,0.0,0.0,0.0,1.0,4.8041708280259385,7.72598
0.5553864432216108,0.0,0.0,0.0,1.0,4.8041708280259385,7.72598
0.5606259379689844,0.0,0.0,0.0,1.0,4.8041708280259385,7.72598
0.5658654327163581,0.0,0.0,0.0,1.0,4.8041708280259385,7.72598
0.5711049274637318,0.0,0.0,0.0,1.0,4.8041708280259385,7.72598
0.5763444222111055,0.0,0.0,0.0,1.0,4.8041708280259385,7.72598
0.5815839169584792,0.0,0.0,0.0,1.0,4.8041708280259385,7.72598
0.5868234117058528,0.0,0.0,0.0,1.0,4.8041708280259385,7.72598
0.5920629064532266,0.0,0.0,0.0,1.0,4.8041708280259385,7.72598
0.5973024012006002,0.0,0.0,0.0,1.0,4.8041708280259385,7.72598
0.6025418959479739,0.0,0.0,0.0,1.0,4.8041708280259385,7.72598
0.6077813906953476,0.0,0.0,0.0,1.0,4.8041708280259385,7.72598
0.6130208854427213,0.0,0.0,0.0,1.0,4.8041708280259385,7.72598
0.618260380190095,0.0,0.0,0.0,1.0,4.8041708280259385,7.72598
0.6234998749374687,0.0,0.0,0.0,1.0,4.8041708280259385,7.72598
0.6287393696848423,0.0,0.0,0.0,1.0,4.8041708280259385,7.72598
0.6339788644322161,0.0,0.0,0.0,1.0,4.8041708280259385,7.72598
0.6392183591795897,0.0,0.0,0.0,1.0,4.8041708280259385,7.72598
0.6444578539269634,0.0,0.0,0.0,1.0,4.8041708280259385,7.72598
0.6496973486743371,0.0,0.0,0.0,1.0,4.8041708280259385,7.72598
0.6549368434217108,0.0,0.0,0.0,1.0,4.8041708280259385,7.72598
0.6601763381690845,0.0,0.0,0.0,1.0,4.8041708280259385,7.72598
0.6654158329164581,0.0,0.0,0.0,1.0,4.8041708280259385,7.72598
0.6706553276638318,0.0,0.0,0.0,1.0,4.8041708280259385,7.72598
0.6758948224112056,0.0,0.0,0.0,1.0,4.8041708280259385,7.72598
0.6811343171585792,0.0,0.0,0.0,1.0,4.8041708280259385,7.72598
0.6863738119059529,0.0,0.0,0.0,1.0,4.8041708280259385,7.72598
0.6916133066533265,0.0,0.0,0.0,1.0,4.8041708280259385,7.72598
0.6968528014007003,0.0,0.0,0.0,1.0,4.8041708280259385,7.72598
0.702092296148074,0.0,0.0,0.0,1.0,4.8041708280259385,7.72598
0.7073317908954476,0.0,0.0,0.0,1.0,4.8041708280259385,7.72598
0.7125712856428214,0.0,0.0,0.0,1.0,4.8041708280259385,7.72598
0.717810780390195,0.0,0.0,0.0,1.0,4.8041708280259385,7.72598
0.7230502751375687,0.0,0.0,0.0,1.0,4.8041708280259385,7.72598
0.7282897698849424,0.0,0.0,0.0,1.0,4.8041708280259385,7.72598
0.733529264632316,0.0,0.0,0.0,1.0,4.8041708280259385,7.72598
0.7387687593796898,0.0,0.0,0.0,1.0,4.8041708280259385,7.72598
0.7440082541270635,0.0,0.0,0.0,1.0,4.8041708280259385,7.72598
0.7492477488744371,0.0,0.0,0.0,1.0,4.8041708280259385,7.72598
0.7544872436218109,0.0,0.0,0.0,1.0,4.8041708280259385,7.72598
0.7597267383691845,0.0,0.0,0.0,1.0,4.8041708280259385,7.72598
0.7649662331165582,0.0,0.0,0.0,1.0,4.8041708280259385,7.72598
0.7702057278639319,0.0,0.0,0.0,1.0,4.8041708280259385,7.72598
0.7754452226113056,0.0,0.0,0.0,1.0,4.8041708280259385,7.72598
0.7806847173586793,0.0,0.0,0.0,1.0,4.8041708280259385,7.72598
0.7859242121060529,0.0,0.0,0.0,1.0,4.8041708280259385,7.72598
0.7911637068534266,0.0,0.0,0.0,1.0,4.8041708280259385,7.72598
0.7964032016008004,0.0,0.0,0.0,1.0,4.8041708280259385,7.72598
0.801642696348174,0.0,0.0,0.0,1.0,4.8041708280259385,7.72598
0.8068821910955477,0.0,0.0,0.0,1.0,4.8041708280259385,7.72598
0.8121216858429213,0.0,0.0,0.0,1.0,4.8041708280259385,7.72598
0.8173611805902951,0.0,0.0,0.0,1.0,4.8041708280259385,7.72598
0.8226006753376688,0.0,0.0,0.0,1.0,4.8041708280259385,7.72598
0.8278401700850424,0.0,0.0,0.0,1.0,4.8041708280259385,7.72598
0.8330796648324161,0.0,0.0,0.0,1.0,4.8041708280259385,7.72598
0.8383191595797899,0.0,0.0,0.0,1.0,4.8041708280259385,7.72598
0.8435586543271635,0.0,0.0,0.0,1.0,4.8041708280259385,7.72598
0.8487981490745372,0.0,0.0,0.0,1.0,4.8041708280259385,7.72598
0.8540376438219108,0.0,0.0,0.0,1.0,4.8041708280259385,7.72598
0.8592771385692846,0.0,0.0,0.0,1.0,4.8041708280259385,7.72598
0.8645166333166583,0.0,0.0,0.0,1.0,4.8041708280259385,7.72598
0.8697561280640319,0.0,0.0,0.0,1.0,4.8041708280259385,7.72598
0.8749956228114056,0.0,0.0,0.0,1.0,4.8041708280259385,7.72598
0.8802351175587793,0.0,0.0,0.0,1.0,4.8041708280259385,7.72598
0.885474612306153,0.0,0.0,0.0,1.0,4.8041708280259385,7.72598
0.8907141070535267,0.0,0.0,0.0,1.0,4.8041708280259385,7.72598
0.8959536018009003,0.0,0.0,0.0,1.0,4.8041708280259385,7.72598
0.901193096548274,0.0,0.0,0.0,1.0,4.8041708280259385,7.72598
0.9064325912956476,0.0,0.0,0.0,1.0,4.8041708280259385,7.72598
0.9116720860430214,0.0,0.0,0.0,1.0,4.8041708280259385,7.72598
0.9169115807903953,0.0,0.0,0.0,1.0,4.8041708280259385,7.72598
0.9221510755377688,0.0,0.0,0.0,1.0,4.8041708280259385,7.72598
0.9273905702851424,0.0,0.0,0.0,1.0,4.8041708280259385,7.72598
0.932630065032516,0.0,0.0,0.0,1.0,4.8041708280259385,7.72598
0.9378695597798898,0.0,0.0,0.0,1.0,4.8041708280259385,7.72598
0.9431090545272636,0.0,0.0,0.0,1.0,4.8041708280259385,7.72598
0.9483485492746372,0.0,0.0,0.0,1.0,4.8041708280259385,7.72598
0.9535880440220108,0.0,0.0,0.0,1.0,4.8041708280259385,7.72598
0.9588275387693846,0.0,0.0,0.0,1.0,4.8041708280259385,7.72598
0.9640670335167584,0.0,0.0,0.0,1.0,4.8041708280259385,7.72598
0.969306528264132,0.0,0.0,0.0,1.0,4.8041708280259385,7.72598
0.9745460230115056,0.0,0.0,0.0,1.0,4.8041708280259385,7.72598
0.9797855177588792,0.0,0.0,0.0,1.0,4.8041708280259385,7.72598
0.9850250125062532,0.0,0.0,0.0,1.0,4.8041708280259385,7.72598
0.9902645072536268,0.0,0.0,0.0,1.0,4.8041708280259385,7.72598
0.9955040020010004,0.0,0.0,0.0,1.0,4.8041708280259385,7.72598
1.0007434967483742,0.0,0.0,0.0,1.0,4.8041708280259385,7.72598
1.0059829914957477,0.0,0.0,0.0,1.0,4.8041708280259385,7.72598
1.0112224862431214,0.0,0.0,0.0,1.0,4.8041708280259385,7.72598
1.0164619809904951,0.0,0.0,0.0,1.0,4.8041708280259385,7.72598
1.0217014757378688,0.0,0.0,0.0,1.0,4.8041708280259385,7.72598
1.0269409704852426,0.0,0.0,0.0,1.0,4.8041708280259385,7.72598
1.0321804652326163,0.0,0.0,0.0,1.0,4.8041708280259385,7.72598
1.0374199599799898,0.0,0.0,0.0,1.0,4.8041708280259385,7.72598
1.0426594547273635,0.0,0.0,0.0,1.0,4.8041708280259385,7.72598
1.0478989494747373,0.0,0.0,0.0,1.0,4.8041708280259385,7.72598
1.053138444222111,0.0,0.0,0.0,1.0,4.8041708280259385,7.72598
1.0583779389694847,0.0,0.0,0.0,1.0,4.8041708280259385,7.72598
1.0636174337168582,0.0,0.0,0.0,1.0,4.8041708280259385,7.72598
1.068856928464232,0.0,0.0,0.0,1.0,4.8041708280259385,7.72598
1.0740964232116057,0.0,0.0,0.0,1.0,4.8041708280259385,7.72598
1.0793359179589794,0.0,0.0,0.0,1.0,4.8041708280259385,7.72598
1.0845754127063532,0.0,0.0,0.0,1.0,4.8041708280259385,7.72598
1.0898149074537269,0.0,0.0,0.0,1.0,4.8041708280259385,7.72598
1.0950544022011004,0.0,0.0,0.0,1.0,4.8041708280259385,7.72598
1.100293896948474,0.0,0.0,0.0,1.0,4.8041708280259385,7.72598
1.105533391695848,0.0,0.0,0.0,1.0,4.8041708280259385,7.72598
1.1107728864432216,0.0,0.0,0.0,1.0,4.8041708280259385,7.72598
1.116012381190595,0.0,0.0,0.0,1.0,4.8041708280259385,7.72598
1.1212518759379688,0.0,0.0,0.0,1.0,4.8041708280259385,7.72598
1.1264913706853426,0.0,0.0,0.0,1.0,4.8041708280259385,7.72598
1.1317308654327165,0.0,0.0,0.0,1.0,4.8041708280259385,7.72598
1.13697036018009,0.0,0.0,0.0,1.0,4.8041708280259385,7.72598
1.1422098549274635,0.0,0.0,0.0,1.0,4.8041708280259385,7.72598
1.1474493496748372,0.0,0.0,0.0,1.0,4.8041708280259385,7.72598
1.152688844422211,0.0,0.0,0.0,1.0,4.8041708280259385,7.72598
1.1579283391695847,0.0,0.0,0.0,1.0,4.8041708280259385,7.72598
1.1631678339169584,0.0,0.0,0.0,1.0,4.8041708280259385,7.72598
1.168407328664332,0.0,0.0,0.0,1.0,4.8041708280259385,7.72598
1.1736468234117057,0.0,0.0,0.0,1.0,4.8041708280259385,7.72598
1.1788863181590794,0.0,0.0,0.0,1.0,4.8041708280259385,7.72598
1.1841258129064531,0.0,0.0,0.0,1.0,4.8041708280259385,7.72598
1.1893653076538269,0.0,0.0,0.0,1.0,4.8041708280259385,7.72598
1.1946048024012004,0.0,0.0,0.0,1.0,4.8041708280259385,7.72598
1.199844297148574,0.0,0.0,0.0,1.0,4.8041708280259385,7.72598
1.2050837918959478,0.0,0.0,0.0,1.0,4.8041708280259385,7.72598
1.2103232866433216,0.0,0.0,0.0,1.0,4.8041708280259385,7.72598
1.2155627813906953,0.0,0.0,0.0,1.0,4.8041708280259385,7.72598
1.2208022761380688,0.0,0.0,0.0,1.0,4.8041708280259385,7.72598
1.2260417708854423,0.0,0.0,0.0,1.0,4.8041708280259385,7.72598
1.2312812656328165,0.0,0.0,0.0,1.0,4.8041708280259385,7.72598
1.23652076038019,0.0,0.0,0.0,1.0,4.8041708280259385,7.72598
1.2417602551275635,0.0,0.0,0.0,1.0,4.8041708280259385,7.72598
1.2469997498749374,0.0,0.0,0.0,1.0,4.8041708280259385,7.72598
1.252239244622311,0.0,0.0,0.0,1.0,4.8041708280259385,7.72598
1.257478739369685,0.0,0.0,0.0,1.0,4.8041708280259385,7.72598
1.2627182341170584,0.0,0.0,0.0,1.0,4.8041708280259385,7.72598
1.267957728864432,0.0,0.0,0.0,1.0,4.8041708280259385,7.72598
1.273197223611806,0.0,0.0,0.0,1.0,4.8041708280259385,7.72598
1.2784367183591794,0.0,0.0,0.0,1.0,4.8041708280259385,7.72598
1.283676213106553,0.0,0.0,0.0,1.0,4.8041708280259385,7.72598
1.2889157078539268,0.0,0.0,0.0,1.0,4.8041708280259385,7.72598
1.2941552026013006,0.0,0.0,0.0,1.0,4.8041708280259385,7.72598
1.2993946973486743,0.0,0.0,0.0,1.0,4.8041708280259385,7.72598
1.3046341920960478,0.0,0.0,0.0,1.0,4.8041708280259385,7.72598
1.3098736868434215,0.0,0.0,0.0,1.0,4.8041708280259385,7.72598
1.3151131815907953,0.0,0.0,0.0,1.0,4.8041708280259385,7.72598
1.320352676338169,0.0,0.0,0.0,1.0,4.8041708280259385,7.72598
1.3255921710855427,0.0,0.0,0.0,1.0,4.8041708280259385,7.72598
1.3308316658329162,0.0,0.0,0.0,1.0,4.8041708280259385,7.72598
1.33607116058029,0.0,0.0,0.0,1.0,4.8041708280259385,7.72598
1.3413106553276637,0.0,0.0,0.0,1.0,4.8041708280259385,7.72598
1.3465501500750374,0.0,0.0,0.0,1.0,4.8041708280259385,7.72598
1.3517896448224112,0.0,0.0,0.0,1.0,4.8041708280259385,7.72598
1.3570291395697849,0.0,0.0,0.0,1.0,4.8041708280259385,7.72598
1.3622686343171584,0.0,0.0,0.0,1.0,4.8041708280259385,7.72598
1.367508129064532,0.0,0.0,0.0,1.0,4.8041708280259385,7.72598
1.3727476238119058,0.0,0.0,0.0,1.0,4.8041708280259385,7.72598
1.3779871185592796,0.0,0.0,0.0,1.0,4.8041708280259385,7.72598
1.383226613306653,0.0,0.0,0.0,1.0,4.8041708280259385,7.72598
1.3884661080540268,0.0,0.0,0.0,1.0,4.8041708280259385,7.72598
1.3937056028014003,0.0,0.0,0.0,1.0,4.8041708280259385,7.72598
1.3989450975487745,0.0,0.0,0.0,1.0,4.8041708280259385,7.72598
1.404184592296148,0.0,0.0,0.0,1.0,4.8041708280259385,7.72598
1.4094240870435215,0.0,0.0,0.0,1.0,4.8041708280259385,7.72598
1.4146635817908952,0.0,0.0,0.0,1.0,4.8041708280259385,7.72598
1.419903076538269,0.0,0.0,0.0,1.0,4.8041708280259385,7.72598
1.4251425712856427,0.0,0.0,0.0,1.0,4.8041708280259385,7.72598
1.4303820660330164,0.0,0.0,0.0,1.0,4.8041708280259385,7.72598
1.43562156078039,0.0,0.0,0.0,1.0,4.8041708280259385,7.72598
1.4408610555277637,0.0,0.0,0.0,1.0,4.8041708280259385,7.72598
1.4461005502751374,0.0,0.0,0.0,1.0,4.8041708280259385,7.72598
1.4513400450225111,0.0,0.0,0.0,1.0,4.8041708280259385,7.72598
1.4565795397698849,0.0,0.0,0.0,1.0,4.8041708280259385,7.72598
1.4618190345172586,0.0,0.0,0.0,1.0,4.8041708280259385,7.72598
1.467058529264632,0.0,0.0,0.0,1.0,4.8041708280259385,7.72598
1.4722980240120058,0.0,0.0,0.0,1.0,4.8041708280259385,7.72598
1.4775375187593796,0.0,0.0,0.0,1.0,4.8041708280259385,7.72598
1.4827770135067533,0.0,0.0,0.0,1.0,4.8041708280259385,7.72598
1.488016508254127,0.0,0.0,0.0,1.0,4.8041708280259385,7.72598
1.4932560030015003,0.0,0.0,0.0,1.0,4.8041708280259385,7.72598
1.4984954977488745,0.0,0.0,0.0,1.0,4.8041708280259385,7.72598
1.503734992496248,0.0,0.0,0.0,1.0,4.8041708280259385,7.72598
1.5089744872436217,0.0,0.0,0.0,1.0,4.8041708280259385,7.72598
1.5142139819909954,0.0,0.0,0.0,1.0,4.8041708280259385,7.72598
1.519453476738369,0.0,0.0,0.0,1.0,4.8041708280259385,7.72598
1.524692971485743,0.0,0.0,0.0,1.0,4.8041708280259385,7.72598
1.5299324662331164,0.0,0.0,0.0,1.0,4.8041708280259385,7.72598
1.53517196098049,0.0,0.0,0.0,1.0,4.8041708280259385,7.72598
1.540411455727864,0.0,0.0,0.0,1.0,4.8041708280259385,7.72598
1.5456509504752374,0.0,0.0,0.0,1.0,4.8041708280259385,7.72598
1.550890445222611,0.0,0.0,0.0,1.0,4.8041708280259385,7.72598
1.5561299399699848,0.0,0.0,0.0,1.0,4.8041708280259385,7.72598
1.5613694347173586,0.0,0.0,0.0,1.0,4.8041708280259385,7.72598
1.5666089294647323,0.0,0.0,0.0,1.0,4.8041708280259385,7.72598
1.5718484242121058,0.0,0.0,0.0,1.0,4.8041708280259385,7.72598
1.5770879189594795,0.0,0.0,0.0,1.0,4.8041708280259385,7.72598
1.5823274137068533,0.0,0.0,0.0,1.0,4.8041708280259385,7.72598
1.587566908454227,0.0,0.0,0.0,1.0,4.8041708280259385,7.72598
1.5928064032016007,0.0,0.0,0.0,1.0,4.8041708280259385,7.72598
1.5980458979489742,0.0,0.0,0.0,1.0,4.8041708280259385,7.72598
1.603285392696348,0.0,0.0,0.0,1.0,4.8041708280259385,7.72598
1.6085248874437217,0.0,0.0,0.0,1.0,4.8041708280259385,7.72598
1.6137643821910954,0.0,0.0,0.0,1.0,4.8041708280259385,7.72598
1.6190038769384691,0.0,0.0,0.0,1.0,4.8041708280259385,7.72598
1.6242433716858429,0.0,0.0,0.0,1.0,4.8041708280259385,7.72598
1.6294828664332164,0.0,0.0,0.0,1.0,4.8041708280259385,7.72598
1.63472236118059,0.0,0.0,0.0,1.0,4.8041708280259385,7.72598
1.6399618559279638,0.0,0.0,0.0,1.0,4.8041708280259385,7.72598
1.6452013506753376,0.0,0.0,0.0,1.0,4.8041708280259385,7.72598
1.650440845422711,0.0,0.0,0.0,1.0,4.8041708280259385,7.72598
1.6556803401700848,0.0,0.0,0.0,1.0,4.8041708280259385,7.72598
1.6609198349174583,0.0,0.0,0.0,1.0,4.8041708280259385,7.72598
1.6661593296648325,0.0,0.0,0.0,1.0,4.8041708280259385,7.72598
1.671398824412206,0.0,0.0,0.0,1.0,4.8041708280259385,7.72598
1.6766383191595795,0.0,0.0,0.0,1.0,4.8041708280259385,7.72598
1.6818778139069532,0.0,0.0,0.0,1.0,4.8041708280259385,7.72598
1.687117308654327,0.0,0.0,0.0,1.0,4.8041708280259385,7.72598
1.6923568034017007,0.0,0.0,0.0,1.0,4.8041708280259385,7.72598
1.6975962981490744,0.0,0.0,0.0,1.0,4.8041708280259385,7.72598
1.7028357928964482,0.0,0.0,0.0,1.0,4.8041708280259385,7.72598
1.7080752876438217,0.0,0.0,0.0,1.0,4.8041708280259385,7.72598
1.7133147823911954,0.0,0.0,0.0,1.0,4.8041708280259385,7.72598
1.7185542771385691,0.0,0.0,0.0,1.0,4.8041708280259385,7.72598
1.7237937718859428,0.0,0.0,0.0,1.0,4.8041708280259385,7.72598
1.7290332666333166,0.0,0.0,0.0,1.0,4.8041708280259385,7.72598
1.73427276138069,0.0,0.0,0.0,1.0,4.8041708280259385,7.72598
1.7395122561280638,0.0,0.0,0.0,1.0,4.8041708280259385,7.72598
1.7447517508754375,0.0,0.0,0.0,1.0,4.8041708280259385,7.72598
1.7499912456228113,0.0,0.0,0.0,1.0,4.8041708280259385,7.72598
1.755230740370185,0.0,0.0,0.0,1.0,4.8041708280259385,7.72598
1.7604702351175583,0.0,0.0,0.0,1.0,4.8041708280259385,7.72598
1.7657097298649322,0.0,0.0,0.0,1.0,4.8041708280259385,7.72598
1.770949224612306,0.0,0.0,0.0,1.0,4.8041708280259385,7.72598
1.7761887193596797,0.0,0.0,0.0,1.0,4.8041708280259385,7.72598
1.7814282141070534,0.0,0.0,0.0,1.0,4.8041708280259385,7.72598
1.786667708854427,0.0,0.0,0.0,1.0,4.8041708280259385,7.72598
1.791907203601801,0.0,0.0,0.0,1.0,4.8041708280259385,7.72598
1.7971466983491744,0.0,0.0,0.0,1.0,4.8041708280259385,7.72598
1.802386193096548,0.0,0.0,0.0,1.0,4.8041708280259385,7.72598
1.8076256878439216,0.0,0.0,0.0,1.0,4.8041708280259385,7.72598
1.8128651825912956,0.0,1.662355815905693e-05,0.0,1.0,4.8041708280259385,7.72598
1.818104677338669,0.0,7.054875901648572e-05,0.0,1.0,4.8041708280259385,7.72598
1.8233441720860428,0.0,0.0001244739598739143,0.0,1.0,4.8041708280259385,7.72598
1.8285836668334168,0.0,0.00017839916073134288,0.0,1.0,4.8041708280259385,7.72598
1.8338231615807905,0.0,0.00023232436158877146,0.0,1.0,4.8041708280259385,7.72598
1.839062656328164,0.0,0.00028624956244620005,0.0,1.0,4.8041708280259385,7.72598
1.8443021510755373,0.0,0.00034017476330362864,0.0,1.0,4.8041708280259385,7.72598
1.8495416458229117,0.0,0.0003940999641610572,0.0,1.0,4.8041708280259385,7.72598
1.854781140570285,0.0,0.00044802516501848575,0.0,1.0,4.8041708280259385,7.72598
1.8600206353176587,0.0,0.0005019503658759143,0.0,1.0,4.8041708280259385,7.72598
1.865260130065032,0.0,0.0005296916758933715,0.0,1.0,4.8041708280259385,7.72598
1.870499624812406,0.0,0.0004927701598363715,0.0,1.0,4.8041708280259385,7.72598
1.87573911955978,0.0,0.00045584864377937146,0.0,1.0,4.8041708280259385,7.72598
1.8809786143071532,0.0,0.00041892712772234294,0.0,1.0,4.8041708280259385,7.72598
1.8862181090545271,0.0,0.00038200561166534293,0.0,1.0,4.8041708280259385,7.72598
1.8914576038019009,0.0,0.0003450840956083429,0.0,1.0,4.8041708280259385,7.72598
1.8966970985492744,0.0,0.0003081625795513429,0.0,1.0,4.8041708280259385,7.72598
1.901936593296648,0.0,0.0002712410634943429,0.0,1.0,4.8041708280259385,7.72598
1.9071760880440216,0.0,0.00023431954743734288,0.0,1.0,4.8041708280259385,7.72598
1.912415582791396,0.0,0.00019739803138034287,0.0,1.0,4.8041708280259385,7.72598
1.9176550775387693,0.0,0.00018741763018471433,0.0,1.0,4.8041708280259385,7.72598
1.9228945722861428,0.0,0.0002509587760874286,0.0,1.0,4.8041708280259385,7.72598
1.9281340670335163,0.0,0.0003144999219901429,0.0,1.0,4.8041708280259385,7.72598
1.9333735617808905,0.0,0.0003780410678928858,0.0,1.0,4.8041708280259385,7.72598
1.938613056528264,0.0,0.0004415822137956,0.0,1.0,4.8041708280259385,7.72598
1.9438525512756375,0.0,0.0005051233596983143,0.0,1.0,4.8041708280259385,7.72598
1.9490920460230112,0.0,0.0005686645056010286,0.0,1.0,4.8041708280259385,7.72598
1.954331540770385,0.0,0.0006322056515037429,0.0,1.0,4.8041708280259385,7.72598
1.959571035517759,0.0,0.0006957467974064573,0.0,1.0,4.8041708280259385,7.72598
1.9648105302651324,0.0,0.0007592879433091715,0.0,1.0,4.8041708280259385,7.72598
1.970050025012506,0.0,0.0008060386095126858,0.0,1.0,4.8041708280259385,7.72598
1.97528951975988,0.0,0.0008019090342034287,0.0,1.0,4.8041708280259385,7.72598
1.9805290145072532,0.0,0.0007977794588941429,0.0,1.0,4.8041708280259385,7.72598
1.9857685092546271,0.0,0.0007936498835848858,0.0,1.0,4.8041708280259385,7.72598
1.9910080040020008,0.0,0.0007895203082756286,0.0,1.0,4.8041708280259385,7.72598
1.9962474987493743,0.0,0.000785390732966343,0.0,1.0,4.8041708280259385,7.72598
2.0014869934967483,0.0,0.0007812611576570857,0.0,1.0,4.8041708280259385,7.72598
2.006726488244122,0.0,0.0007771315823478001,0.0,1.0,4.8041708280259385,7.72598
2.0119659829914958,0.0,0.0007730020070385429,0.0,1.0,4.8041708280259385,7.72598
2.017205477738869,0.0,0.0007688724317292573,0.0,1.0,4.8041708280259385,7.72598
2.0224449724862428,0.0,0.0007515680136466001,0.0,1.0,4.8041708280259385,7.72598
2.0276844672336165,0.0,0.0006896718200231143,0.0,1.0,4.8041708280259385,7.72598
2.0329239619809902,0.0,0.0006277756263996572,0.0,1.0,4.8041708280259385,7.72598
2.038163456728364,0.0,0.0005658794327762,0.0,1.0,4.8041708280259385,7.72598
2.0434029514757377,0.0,0.0005039832391527429,0.0,1.0,4.8041708280259385,7.72598
2.0486424462231114,0.0,0.0004420870455292572,0.0,1.0,4.8041708280259385,7.72598
2.053881940970485,0.0,0.00038019085190580006,0.0,1.0,4.8041708280259385,7.72598
2.059121435717859,0.0,0.0003182946582823429,0.0,1.0,4.8041708280259385,7.72598
2.0643609304652326,0.0,0.00025639846465888577,0.0,1.0,4.8041708280259385,7.72598
2.069600425212606,0.0,0.0001945022710354286,0.0,1.0,4.8041708280259385,7.72598
2.07483991995998,0.0,0.00017980990313985716,0.0,1.0,4.8041708280259385,7.72598
2.0800794147073534,0.0,0.00034483330548548577,0.0,1.0,4.8041708280259385,7.72598
2.085318909454727,0.0,0.0005098567078311429,0.0,1.0,4.8041708280259385,7.72598
2.090558404202101,0.0,0.0006748801101767716,0.0,1.0,4.8041708280259385,7.72598
2.0957978989494745,0.0,0.0008399035125224287,0.0,1.0,4.8041708280259385,7.72598
2.1010373936968483,0.0,0.0010049269148680573,0.0,1.0,4.8041708280259385,7.72598
2.106276888444222,0.0,0.0011699503172137144,0.0,1.0,4.8041708280259385,7.72598
2.111516383191596,0.0,0.001334973719559343,0.0,1.0,4.8041708280259385,7.72598
2.116755877938969,0.0,0.001499997121905,0.0,1.0,4.8041708280259385,7.72598
2.1219953726863428,0.0,0.0016650205242506287,0.0,1.0,4.8041708280259385,7.72598
2.1272348674337165,0.0,0.0018270870971681715,0.0,1.0,4.8041708280259385,7.72598
2.13247436218109,0.0,0.001976380166956286,0.0,1.0,4.8041708280259385,7.72598
2.137713856928464,0.0,0.0021256732367444004,0.0,1.0,4.8041708280259385,7.72598
2.1429533516758377,0.0,0.002274966306532543,0.0,1.0,4.8041708280259385,7.72598
2.1481928464232114,0.0,0.0024242593763206576,0.0,1.0,4.8041708280259385,7.72598
2.153432341170585,0.0,0.0025735524461087717,0.0,1.0,4.8041708280259385,7.72598
2.158671835917959,0.0,0.002722845515896915,0.0,1.0,4.8041708280259385,7.72598
2.1639113306653326,0.0,0.002872138585685029,0.0,1.0,4.8041708280259385,7.72598
2.1691508254127063,0.0,0.0030214316554731716,0.0,1.0,4.8041708280259385,7.72598
2.17439032016008,0.0,0.0031707247252612575,0.0,1.0,4.8041708280259385,7.72598
2.1796298149074533,0.0,0.0033197588275229433,0.0,1.0,4.8041708280259385,7.72598
2.184869309654827,0.0,0.0034675096877132576,0.0,1.0,4.8041708280259385,7.72598
2.190108804402201,0.0,0.003615260547903572,0.0,1.0,4.8041708280259385,7.72598
2.1953482991495745,0.0,0.0037630114080938575,0.0,1.0,4.8041708280259385,7.72598
2.2005877938969483,0.0,0.003910762268284172,0.0,1.0,4.8041708280259385,7.72598
2.205827288644322,0.0,0.004058513128474486,0.0,1.0,4.8041708280259385,7.72598
2.211066783391696,0.0,0.004206263988664801,0.0,1.0,4.8041708280259385,7.72598
2.216306278139069,0.0,0.004354014848855115,0.0,1.0,4.8041708280259385,7.72598
2.221545772886443,0.0,0.004501765709045429,0.0,1.0,4.8041708280259385,7.72598
2.2267852676338165,0.0,0.004649516569235715,0.0,1.0,4.8041708280259385,7.72598
2.23202476238119,0.0,0.004979337410148915,0.0,1.0,4.8041708280259385,7.72598
2.237264257128564,0.0,0.006358375089127201,0.0,1.0,4.8041708280259385,7.72598
2.2425037518759376,0.0,0.0077374127681054585,0.0,1.0,4.8041708280259385,7.72598
2.247743246623312,0.0,0.009116450447083745,0.0,1.0,4.8041708280259385,7.72598
2.252982741370685,0.0,0.010495488126062031,0.0,1.0,4.8041708280259385,7.72598
2.258222236118059,0.0,0.011874525805040287,0.0,1.0,4.8041708280259385,7.72598
2.263461730865433,0.0,0.013253563484018573,0.0,1.0,4.8041708280259385,7.72598
2.2687012256128063,0.0,0.014632601162996832,0.0,1.0,4.8041708280259385,7.72598
2.27394072036018,0.0,0.016011638841975116,0.0,1.0,4.8041708280259385,7.72598
2.2791802151075538,0.0,0.017390676520953403,0.0,1.0,4.8041708280259385,7.72598
2.284419709854927,0.0,0.019110770540078603,0.0,1.0,4.8041708280259385,7.72598
2.2896592046023008,0.0,0.023158072527267717,0.0,1.0,4.8041708280259385,7.72598
2.2948986993496745,0.0,0.027205374514456832,0.0,1.0,4.8041708280259385,7.72598
2.300138194097048,0.0,0.03125267650164595,0.0,1.0,4.8041708280259385,7.72598
2.305377688844422,0.0,0.035299978488835065,0.0,1.0,4.8041708280259385,7.72598
2.310617183591796,0.0,0.03934728047602418,0.0,1.0,4.8041708280259385,7.72598
2.3158566783391694,0.0,0.04339458246321329,0.0,1.0,4.8041708280259385,7.72598
2.321096173086543,0.0,0.04744188445040241,0.0,1.0,4.8041708280259385,7.72598
2.326335667833917,0.0,0.051489186437591525,0.0,1.0,4.8041708280259385,7.72598
2.3315751625812906,0.0,0.055536488424780636,0.0,1.0,4.8041708280259385,7.72598
2.336814657328664,0.0,0.06020134609855835,0.0,1.0,4.8041708280259385,7.72598
2.3420541520760376,0.0,0.0699789903868884,0.0,1.0,4.8041708280259385,7.72598
2.347293646823412,0.0,0.0797566346752185,0.0,1.0,4.8041708280259385,7.72598
2.352533141570785,0.0,0.08953427896354858,0.0,1.0,4.8041708280259385,7.72598
2.357772636318159,0.0,0.09931192325187864,0.0,1.0,4.8041708280259385,7.72598
2.3630121310655325,0.0,0.10908956754020871,0.0,1.0,4.8041708280259385,7.72598
2.3682516258129063,0.0,0.11886721182853878,0.0,1.0,4.8041708280259385,7.72598
2.37349112056028,0.0,0.12864485611686885,0.0,1.0,4.8041708280259385,7.72598
2.3787306153076537,0.0,0.13842250040519893,0.0,1.0,4.8041708280259385,7.72598
2.3839701100550275,0.0,0.148200144693529,0.0,1.0,4.8041708280259385,7.72598
2.3892096048024007,0.0,0.15892168987210706,3.6932076574598557e-06,1.0,4.8041708280259385,7.72598
2.3944490995497745,0.0,0.17945980430928277,4.57957749525379e-05,1.0,4.8041708280259385,7.72598
2.399688594297148,0.0,0.19999791874645848,8.78983422476e-05,1.0,4.8041708280259385,7.72598
2.404928089044522,0.0,0.2205360331836342,0.00013000090954268573,1.0,4.8041708280259385,7.72598
2.410167583791896,0.0,0.24107414762080995,0.00017210347683777145,1.0,4.8041708280259385,7.72598
2.4154070785392694,0.0,0.2616122620579856,0.00021420604413280002,1.0,4.8041708280259385,7.72598
2.420646573286643,0.0,0.2821503764951614,0.00025630861142788577,1.0,4.8041708280259385,7.72598
2.425886068034017,0.0,0.3026884909323371,0.0002984111787229715,1.0,4.8041708280259385,7.72598
2.4311255627813906,0.0,0.3232266053695128,0.0003405137460180572,1.0,4.8041708280259385,7.72598
2.4363650575287643,0.0,0.3437647198066885,0.0003826163133131429,1.0,4.8041708280259385,7.72598
2.4416045522761376,0.0,0.3646216078302136,0.0004217511419922286,1.0,4.8041708280259385,7.72598
2.4468440470235118,0.0,0.38987048748791947,0.0004199971275178287,1.0,4.8041708280259385,7.72598
2.452083541770885,0.0,0.41511936714562536,0.0004182431130434287,1.0,4.8041708280259385,7.72598
2.457323036518259,0.0,0.44036824680333125,0.0004164890985690286,1.0,4.8041708280259385,7.72598
2.4625625312656325,0.0,0.4656171264610371,0.0004147350840946286,1.0,4.8041708280259385,7.72598
2.4678020260130062,0.0,0.4908660061187429,0.0004129810696202286,1.0,4.8041708280259385,7.72598
2.47304152076038,0.0,0.5161148857764487,0.0004112270551458286,1.0,4.8041708280259385,7.72598
2.4782810155077537,0.0,0.5413637654341545,0.0004094730406714286,1.0,4.8041708280259385,7.72598
2.4835205102551274,0.0,0.5666126450918606,0.0004077190261970286,1.0,4.8041708280259385,7.72598
2.488760005002501,0.0,0.5918615247495664,0.0004059650117226286,1.0,4.8041708280259385,7.72598
2.493999499749875,0.0,0.6173029334600756,0.0004051375839804572,1.0,4.8041708280259385,7.72598
2.499238994497248,0.0,0.6465949232266489,0.0004228418908826858,1.0,4.8041708280259385,7.72598
2.504478489244622,0.0,0.6758869129932247,0.0004405461977849715,1.0,4.8041708280259385,7.72598
2.509717983991996,0.0,0.7051789027598004,0.0004582505046872,1.0,4.8041708280259385,7.72598
2.5149574787393694,0.0,0.734470892526376,0.0004759548115894858,1.0,4.8041708280259385,7.72598
2.520196973486743,0.0,0.7637628822929521,0.0004936591184917144,1.0,4.8041708280259385,7.72598
2.525436468234117,0.0,0.7930548720595276,0.0005113634253940001,1.0,4.8041708280259385,7.72598
2.5306759629814906,0.0,0.8223468618261035,0.0005290677322962858,1.0,4.8041708280259385,7.72598
2.5359154577288643,0.0,0.8516388515926792,0.0005467720391985144,1.0,4.8041708280259385,7.72598
2.541154952476238,0.0,0.880930841359255,0.0005644763461008,1.0,4.8041708280259385,7.72598
2.546394447223612,0.0,0.9101155609054482,0.0005831650001561143,1.0,4.8041708280259385,7.72598
2.551633941970985,0.0,0.935516567223609,0.0006365742628830858,1.0,4.8041708280259385,7.72598
2.5568734367183588,0.0,0.9609175735417718,0.0006899835256101144,1.0,4.8041708280259385,7.72598
2.5621129314657325,0.0,0.9863185798599348,0.0007433927883370858,1.0,4.8041708280259385,7.72598
2.567352426213106,0.0,1.0117195861780977,0.0007968020510641144,1.0,4.8041708280259385,7.72598
2.57259192096048,0.0,1.0371205924962608,0.0008502113137910859,1.0,4.8041708280259385,7.72598
2.5778314157078537,0.0,1.0625215988144234,0.0009036205765181144,1.0,4.8041708280259385,7.72598
2.5830709104552274,0.0,1.0879226051325865,0.000957029839245143,1.0,4.8041708280259385,7.72598
2.588310405202601,0.0,1.1133236114507494,0.0010104391019721145,1.0,4.8041708280259385,7.72598
2.593549899949975,0.0,1.1387246177689123,0.001063848364699143,1.0,4.8041708280259385,7.72598
2.5987893946973486,0.0,1.164053340715555,0.0011188361937440573,1.0,4.8041708280259385,7.72598
2.604028889444722,0.0,1.179840658621566,0.0013821947767513145,1.0,4.8041708280259385,7.72598
2.609268384192096,0.0,1.1956279765275781,0.0016455533597585716,1.0,4.8041708280259385,7.72598
2.6145078789394693,0.0,1.21141529443359,0.0019089119427658859,1.0,4.8041708280259385,7.72598
2.619747373686843,0.0,1.2272026123396025,0.0021722705257732,1.0,4.8041708280259385,7.72598
2.624986868434217,0.0,1.2429899302456144,0.0024356291087804572,1.0,4.8041708280259385,7.72598
2.6302263631815905,0.0,1.2587772481516264,0.0026989876917877715,1.0,4.8041708280259385,7.72598
2.6354658579289643,0.0,1.2745645660576386,0.0029623462747950862,1.0,4.8041708280259385,7.72598
2.640705352676338,0.0,1.2903518839636507,0.0032257048578023433,1.0,4.8041708280259385,7.72598
2.645944847423712,0.0,1.306139201869663,0.0034890634408096576,1.0,4.8041708280259385,7.72598
2.651184342171085,0.0,1.3219265197756749,0.003752422023816972,1.0,4.8041708280259385,7.72598
2.6564238369184587,0.0,1.3235153276237757,0.003927907072338629,1.0,4.8041708280259385,7.72598
2.6616633316658325,0.0,1.3249239513340851,0.004102276974483601,1.0,4.8041708280259385,7.72598
2.666902826413206,0.0,1.3263325750443942,0.004276646876628572,1.0,4.8041708280259385,7.72598
2.67214232116058,0.0,1.3277411987547036,0.004451016778773543,1.0,4.8041708280259385,7.72598
2.6773818159079537,0.0,1.3291498224650131,0.004625386680918515,1.0,4.8041708280259385,7.72598
2.6826213106553274,0.0,1.3305584461753226,0.004799756583063486,1.0,4.8041708280259385,7.72598
2.687860805402701,0.0,1.331967069885632,0.004974126485208458,1.0,4.8041708280259385,7.72598
2.693100300150075,0.0,1.333375693595941,0.0051484963873534295,1.0,4.8041708280259385,7.72598
2.698339794897449,0.0,1.3347843173062506,0.005322866289498344,1.0,4.8041708280259385,7.72598
2.7035792896448223,0.0,1.33619294101656,0.005497236191643315,0.7718591633226394,4.8041708280259385,7.72598
2.708818784392196,0.0,1.3323649778445799,0.006121934208098629,0.7718591633226394,4.8041708280259385,7.72598
2.7140582791395693,0.0,1.3283606529382224,0.006761798715450344,0.7718591633226394,4.8041708280259385,7.72598
2.719297773886943,0.0,1.3243563280318646,0.007401663222802058,0.7718591633226394,4.8041708280259385,7.72598
2.7245372686343168,0.0,1.320352003125507,0.00804152773015383,0.7718591633226394,4.8041708280259385,7.72598
2.7297767633816905,0.0,1.316347678219149,0.008681392237505544,0.7718591633226394,4.8041708280259385,7.72598
2.735016258129064,0.0,1.3123433533127913,0.009321256744857316,0.7718591633226394,4.8041708280259385,7.72598
2.740255752876438,0.0,1.3083390284064333,0.009961121252209089,0.7718591633226394,4.8041708280259385,7.72598
2.745495247623812,0.0,1.3043347035000756,0.010600985759560802,0.7718591633226394,4.8041708280259385,7.72598
2.750734742371185,0.0,1.3003303785937177,0.011240850266912574,0.7718591633226394,4.8041708280259385,7.72598
2.755974237118559,0.0,1.2963260536873602,0.011880714774264289,0.7718591633226394,4.8041708280259385,7.72598
2.761213731865933,0.0,1.2864559129340458,0.012761573489970174,0.7718591633226394,4.8041708280259385,7.72598
2.766453226613306,0.0,1.2762598935225684,0.013655820772806688,0.7718591633226394,4.8041708280259385,7.72598
2.77169272136068,0.0,1.2660638741110906,0.014550068055643317,0.7718591633226394,4.8041708280259385,7.72598
2.7769322161080536,0.0,1.2558678546996123,0.015444315338479946,0.7718591633226394,4.8041708280259385,7.72598
2.782171710855428,0.0,1.2456718352881342,0.016338562621316572,0.7718591633226394,4.8041708280259385,7.72598
2.787411205602801,0.0,1.2354758158766563,0.017232809904153202,0.7718591633226394,4.8041708280259385,7.72598
2.792650700350175,0.0,1.225279796465178,0.018127057186989832,0.7718591633226394,4.8041708280259385,7.72598
2.7978901950975485,0.0,1.2150837770537,0.01902130446982646,0.7718591633226394,4.8041708280259385,7.72598
2.8031296898449223,0.0,1.2048877576422221,0.019915551752663088,0.7718591633226394,4.8041708280259385,7.72598
2.808369184592296,0.0,1.1946917382307438,0.020809799035499718,0.7718591633226394,4.8041708280259385,7.72598
2.8136086793396697,0.0,1.1791261553570733,0.0231920012363216,0.7718591633226394,4.8041708280259385,7.72598
2.818848174087043,0.0,1.1631397148066376,0.02569082693071509,0.7718591633226394,4.8041708280259385,7.72598
2.8240876688344168,0.0,1.1471532742562007,0.028189652625108804,0.7718591633226394,4.8041708280259385,7.72598
2.8293271635817905,0.0,1.1311668337057639,0.03068847831950252,0.7718591633226394,4.8041708280259385,7.72598
2.834566658329164,0.0,1.115180393155327,0.03318730401389623,0.7718591633226394,4.8041708280259385,7.72598
2.839806153076538,0.0,1.09919395260489,0.035686129708289945,0.7718591633226394,4.8041708280259385,7.72598
2.845045647823912,0.0,1.0832075120544529,0.038184955402683664,0.7718591633226394,4.8041708280259385,7.72598
2.8502851425712854,0.0,1.067221071504016,0.040683781097077376,0.7718591633226394,4.8041708280259385,7.72598
2.855524637318659,0.0,1.051234630953579,0.04318260679147109,0.7718591633226394,4.8041708280259385,7.72598
2.860764132066033,0.0,1.035248190403142,0.04568143248586481,0.7718591633226394,4.8041708280259385,7.72598
2.8660036268134066,2.6939769019957144e-05,1.0213684569139627,0.04817799922404561,0.7718591633226394,4.8041708280259385,7.72598
2.87124312156078,5.663305034307144e-05,1.0077040498371233,0.05067433507443652,0.7718591633226394,4.8041708280259385,7.72598
2.8764826163081536,8.632633166620001e-05,0.9940396427602827,0.05317067092482761,0.7718591633226394,4.8041708280259385,7.72598
2.881722111055528,0.00011601961298931431,0.980375235683442,0.05566700677521869,0.7718591633226394,4.8041708280259385,7.72598
2.886961605802901,0.00014571289431242857,0.9667108286066013,0.05816334262560978,0.7718591633226394,4.8041708280259385,7.72598
2.892201100550275,0.0001754061756355429,0.9530464215297604,0.060659678476000865,0.7718591633226394,4.8041708280259385,7.72598
2.8974405952976485,0.00020509945695865717,0.9393820144529199,0.06315601432639201,0.7718591633226394,4.8041708280259385,7.72598
2.9026800900450223,0.00023479273828178575,0.9257176073760792,0.06565235017678309,0.7718591633226394,4.8041708280259385,7.72598
2.907919584792396,0.00026448601960490003,0.9120532002992386,0.06814868602717418,0.7718591633226394,4.8041708280259385,7.72598
2.9131590795397697,0.0002941793009280143,0.898388793222398,0.07064502187756527,0.7718591633226394,4.8041708280259385,7.72598
2.9183985742871434,0.0002711837522341715,0.8826025720091945,0.07527322597082937,0.7718591633226394,4.8041708280259385,7.72598
2.923638069034517,0.00024149047091105716,0.8665466286600128,0.08017243026445876,0.7718591633226394,4.8041708280259385,7.72598
2.9288775637818905,0.0002117971895879429,0.8504906853108323,0.08507163455808767,0.7718591633226394,4.8041708280259385,7.72598
2.934117058529264,0.0001821039082648286,0.8344347419616505,0.08997083885171704,0.7718591633226394,4.8041708280259385,7.72598
2.939356553276638,0.0001524106269417,0.8183787986124688,0.09487004314534642,0.7718591633226394,4.8041708280259385,7.72598
2.944596048024012,0.00012271734561858572,0.802322855263287,0.09976924743897574,0.7718591633226394,4.8041708280259385,7.72598
2.9498355427713854,9.302406429547145e-05,0.7862669119141052,0.1046684517326051,0.7718591633226394,4.8041708280259385,7.72598
2.955075037518759,6.333078297235715e-05,0.7702109685649234,0.10956765602623442,0.7718591633226394,4.8041708280259385,7.72598
2.960314532266133,3.363750164924286e-05,0.7541550252157417,0.11446686031986378,0.7718591633226394,4.8041708280259385,7.72598
2.9655540270135066,3.944220326127094e-06,0.7380990818665598,0.11936606461349317,0.7718591633226394,4.8041708280259385,7.72598
2.9707935217608803,1.1994509157837564e-05,0.724513044160815,0.1255803173755527,0.7718591633226394,4.8041708280259385,7.72598
2.976033016508254,2.5826327521928577e-05,0.7113053446027641,0.13199600819780521,0.7718591633226394,4.8041708280259385,7.72598
2.9812725112556278,3.965814588601429e-05,0.6980976450447143,0.13841169902005723,0.7718591633226394,4.8041708280259385,7.72598
2.986512006003001,5.3489964250114294e-05,0.6848899454866633,0.14482738984230972,0.7718591633226394,4.8041708280259385,7.72598
2.9917515007503748,6.73217826142143e-05,0.6716822459286126,0.1512430806645623,0.7718591633226394,4.8041708280259385,7.72598
2.9969909954977485,8.11536009783e-05,0.6584745463705615,0.1576587714868148,0.7718591633226394,4.8041708280259385,7.72598
3.0022304902451222,9.498541934240001e-05,0.6452668468125107,0.16407446230906733,0.7718591633226394,4.8041708280259385,7.72598
3.007469984992496,0.00010881723770650002,0.6320591472544597,0.17049015313131985,0.7718591633226394,4.8041708280259385,7.72598
3.0127094797398697,0.0001226490560705857,0.6188514476964088,0.17690584395357242,0.7718591633226394,4.8041708280259385,7.72598
3.0179489744872434,0.00013648087443468573,0.6056437481383579,0.18332153477582494,0.7718591633226394,4.8041708280259385,7.72598
3.023188469234617,0.00013819835949450003,0.5950367019932746,0.19226985036376473,0.7718591633226394,4.8041708280259385,7.72598
3.028427963981991,0.00013772952996390003,0.5848990045410641,0.20167523728515693,0.7718591633226394,4.8041708280259385,7.72598
3.033667458729364,0.0001372607004333,0.5747613070888545,0.21108062420654838,0.7718591633226394,4.8041708280259385,7.72598
3.038906953476738,0.00013679187090268573,0.5646236096366439,0.22048601112794058,0.7718591633226394,4.8041708280259385,7.72598
3.044146448224112,0.00013632304137208573,0.5544859121844335,0.22989139804933276,0.7718591633226394,4.8041708280259385,7.72598
3.0493859429714854,0.00013585421184148574,0.5443482147322231,0.239296784970725,0.7718591633226394,4.8041708280259385,7.72598
3.054625437718859,0.00013538538231088574,0.5342105172800127,0.2487021718921172,0.7718591633226394,4.8041708280259385,7.72598
3.059864932466233,0.00013491655278027146,0.5240728198278021,0.25810755881350944,0.7718591633226394,4.8041708280259385,7.72598
3.0651044272136065,0.00013444772324967144,0.5139351223755916,0.26751294573490164,0.7718591633226394,4.8041708280259385,7.72598
3.0703439219609803,0.00013397889371907144,0.5037974249233811,0.2769183326562939,0.7718591633226394,4.8041708280259385,7.72598
3.075583416708354,0.0001548969044471143,0.4954553832546533,0.2851266375362372,0.7718591633226394,4.8041708280259385,7.72598
3.080822911455728,0.00018028670904742861,0.48748879688610847,0.2930846434438774,0.7718591633226394,4.8041708280259385,7.72598
3.086062406203101,0.0002056765136477286,0.47952221051756433,0.30104264935151703,0.7718591633226394,4.8041708280259385,7.72598
3.0913019009504747,0.0002310663182480429,0.4715556241490194,0.3090006552591573,0.7718591633226394,4.8041708280259385,7.72598
3.0965413956978485,0.0002564561228483429,0.4635890377804745,0.31695866116679755,0.7718591633226394,4.8041708280259385,7.72598
3.101780890445222,0.0002818459274486572,0.45562245141192964,0.32491666707443784,0.7718591633226394,4.8041708280259385,7.72598
3.107020385192596,0.00030723573204895715,0.4476558650433847,0.33287467298207807,0.7718591633226394,4.8041708280259385,7.72598
3.1122598799399697,0.0003326255366492715,0.4396892786748399,0.3408326788897183,0.7718591633226394,4.8041708280259385,7.72598
3.1174993746873434,0.00035801534124957145,0.43172269230629506,0.3487906847973586,0.7718591633226394,4.8041708280259385,7.72598
3.122738869434717,0.0003834051458498858,0.4237561059377501,0.3567486907049988,0.7718591633226394,4.8041708280259385,7.72598
3.127978364182091,0.00044777743192258576,0.41657856748041905,0.36866914333174033,0.7718591633226394,4.8041708280259385,7.72598
3.1332178589294646,0.0005214716157386858,0.40958971439316094,0.38153713756522345,0.7718591633226394,4.8041708280259385,7.72598
3.1384573536768383,0.0005951657995547857,0.40260086130590267,0.39440513179870657,0.7718591633226394,4.8041708280259385,7.72598
3.143696848424212,0.0006688599833708858,0.39561200821864523,0.40727312603218857,0.7718591633226394,4.8041708280259385,7.72598
3.1489363431715853,0.0007425541671869858,0.38862315513138695,0.4201411202656717,0.7718591633226394,4.8041708280259385,7.72598
3.154175837918959,0.0008162483510030857,0.38163430204412885,0.4330091144991548,0.7718591633226394,4.8041708280259385,7.72598
3.159415332666333,0.0008899425348191858,0.37464544895687063,0.4458771087326379,0.7718591633226394,4.8041708280259385,7.72598
3.1646548274137065,0.0009636367186352859,0.3676565958696125,0.45874510296612103,0.7718591633226394,4.8041708280259385,7.72598
3.16989432216108,0.0010373309024514,0.3606677427823543,0.4716130971996041,0.7718591633226394,4.8041708280259385,7.72598
3.175133816908454,0.0011110250862675002,0.3536788896950962,0.4844810914330872,0.7718591633226394,4.8041708280259385,7.72598
3.180373311655828,0.0011619312492218573,0.34759294169609156,0.49657674731572077,0.7718591633226394,4.8041708280259385,7.72598
3.185612806403201,0.0012066686804142715,0.34175141067957615,0.508463330714844,0.7718591633226394,4.8041708280259385,7.72598
3.190852301150575,0.001251406111606686,0.33590987966306063,0.5203499141139671,0.7718591633226394,4.8041708280259385,7.72598
3.1960917958979485,0.0012961435427991002,0.3300683486465456,0.5322364975130894,0.7718591633226394,4.8041708280259385,7.72598
3.201331290645322,0.0013408809739915144,0.32422681763003003,0.5441230809122126,0.7718591633226394,4.8041708280259385,7.72598
3.206570785392696,0.001385618405183943,0.31838528661351456,0.5560096643113358,0.7718591633226394,4.8041708280259385,7.72598
3.2118102801400696,0.0014303558363763572,0.31254375559699904,0.5678962477104591,0.7718591633226394,4.8041708280259385,7.72598
3.217049774887444,0.0014750932675687716,0.30670222458048346,0.5797828311095824,0.7718591633226394,4.8041708280259385,7.72598
3.222289269634817,0.0015198306987612002,0.30086069356396794,0.5916694145087057,0.7718591633226394,4.8041708280259385,7.72598
3.227528764382191,0.0015645681299536146,0.2950191625474525,0.6035559979078289,0.7718591633226394,4.8041708280259385,7.72598
3.232768259129565,0.0015891261312859573,0.29042229427868954,0.6147464382635967,0.7718591633226394,4.8041708280259385,7.72598
3.2380077538769383,0.0016075511686412288,0.2862037058646358,0.6257253057336387,0.7718591633226394,4.8041708280259385,7.72598
3.243247248624312,0.0016259762059965004,0.2819851174505821,0.6367041732036807,0.7718591633226394,4.8041708280259385,7.72598
3.2484867433716853,0.0016444012433517717,0.27776652903652876,0.6476830406737218,0.7718591633226394,4.8041708280259385,7.72598
3.253726238119059,0.0016628262807070286,0.27354794062247495,0.6586619081437638,0.7718591633226394,4.8041708280259385,7.72598
3.2589657328664328,0.0016812513180623002,0.2693293522084212,0.6696407756138057,0.7718591633226394,4.8041708280259385,7.72598
3.2642052276138065,0.0016996763554175717,0.2651107637943675,0.6806196430838478,0.7718591633226394,4.8041708280259385,7.72598
3.26944472236118,0.0017181013927728432,0.26089217538031373,0.6915985105538899,0.7718591633226394,4.8041708280259385,7.72598
3.274684217108554,0.0017365264301281002,0.25667358696625997,0.702577378023932,0.7718591633226394,4.8041708280259385,7.72598
3.279923711855928,0.0017549514674833715,0.2524549985522062,0.7135562454939741,0.7718591633226394,4.8041708280259385,7.72598
3.2851632066033014,0.0018232817283881288,0.2493078288125979,0.7264031400660912,0.7718591633226394,4.8041708280259385,7.72598
3.290402701350675,0.0019085261757979147,0.24652379090560372,0.7398831579177713,0.7718591633226394,4.8041708280259385,7.72598
3.295642196098049,0.0019937706232077005,0.24373975299860956,0.7533631757694511,0.7718591633226394,4.8041708280259385,7.72598
3.300881690845422,0.002079015070617486,0.2409557150916156,0.7668431936211298,0.7718591633226394,4.8041708280259385,7.72598
3.306121185592796,0.0021642595180272717,0.23817167718462143,0.7803232114728099,0.7718591633226394,4.8041708280259385,7.72598
3.3113606803401696,0.0022495039654370575,0.23538763927762726,0.7938032293244899,0.7718591633226394,4.8041708280259385,7.72598
3.316600175087544,0.002334748412846857,0.2326036013706331,0.8072832471761697,0.7718591633226394,4.8041708280259385,7.72598
3.321839669834917,0.0024199928602566434,0.22981956346363888,0.8207632650278498,0.7718591633226394,4.8041708280259385,7.72598
3.327079164582291,0.002505237307666429,0.22703552555664472,0.8342432828795296,0.7718591633226394,4.8041708280259385,7.72598
3.3323186593296645,0.002590481755076215,0.22425148764965055,0.8477233007312097,0.7718591633226394,4.8041708280259385,7.72598
3.3375581540770383,0.0027597375686356862,0.22155153368825567,0.8596768433260256,0.7718591633226394,4.8041708280259385,7.72598
3.342797648824412,0.002960570068092786,0.21888318369262053,0.871056641772572,0.7718591633226394,4.8041708280259385,7.72598
3.3480371435717857,0.003161402567549886,0.21621483369698535,0.8824364402191184,0.7718591633226394,4.8041708280259385,7.72598
3.3532766383191595,0.003362235067006986,0.21354648370135018,0.8938162386656648,0.7718591633226394,4.8041708280259385,7.72598
3.3585161330665327,0.003563067566464072,0.21087813370571526,0.9051960371122102,0.7718591633226394,4.8041708280259385,7.72598
3.3637556278139065,0.003763900065921186,0.2082097837100801,0.9165758355587565,0.7718591633226394,4.8041708280259385,7.72598
3.36899512256128,0.003964732565378286,0.20554143371444494,0.9279556340053029,0.7718591633226394,4.8041708280259385,7.72598
3.374234617308654,0.004165565064835387,0.20287308371880977,0.9393354324518493,0.7718591633226394,4.8041708280259385,7.72598
3.379474112056028,0.004366397564292501,0.2002047337231746,0.9507152308983956,0.7718591633226394,4.8041708280259385,7.72598
3.3847136068034014,0.004567230063749601,0.19753638372753946,0.9620950293449421,0.7718591633226394,4.8041708280259385,7.72598
3.389953101550775,0.004940184709149658,0.1952287489993672,0.970724809421814,0.7718591633226394,4.8041708280259385,7.72598
3.395192596298149,0.005384551734249486,0.1930707727332275,0.9782136244304167,0.7718591633226394,4.8041708280259385,7.72598
3.4004320910455226,0.005828918759349315,0.19091279646708778,0.9857024394390194,0.7718591633226394,4.8041708280259385,7.72598
3.4056715857928963,0.006273285784449129,0.18875482020094808,0.9931912544476218,0.7718591633226394,4.8041708280259385,7.72598
3.4109110805402696,0.006717652809548916,0.18659684393480852,1.000680069456224,0.7718591633226394,4.8041708280259385,7.72598
3.4161505752876438,0.007162019834648744,0.18443886766866882,1.0081688844648264,0.7718591633226394,4.8041708280259385,7.72598
3.421390070035017,0.007606386859748558,0.1822808914025291,1.015657699473429,0.7718591633226394,4.8041708280259385,7.72598
3.426629564782391,0.008050753884848386,0.18012291513638937,1.0231465144820315,0.7718591633226394,4.8041708280259385,7.72598
3.4318690595297645,0.008495120909948216,0.17796493887024964,1.0306353294906343,0.7718591633226394,4.8041708280259385,7.72598
3.4371085542771382,0.00893948793504803,0.17580696260410994,1.0381241444992368,0.7718591633226394,4.8041708280259385,7.72598
3.442348049024512,0.009287377919169401,0.1738755875537693,1.0436644143052063,0.7718591633226394,4.8041708280259385,7.72598
3.4475875437718857,0.009591254654669217,0.17204758897049033,1.0483157492559596,0.7718591633226394,4.8041708280259385,7.72598
3.4528270385192594,0.00989513139016903,0.17021959038721135,1.052967084206713,0.7718591633226394,4.8041708280259385,7.72598
3.458066533266633,0.010199008125668844,0.16839159180393237,1.0576184191574662,0.7718591633226394,4.8041708280259385,7.72598
3.4633060280140064,0.01050288486116863,0.16656359322065356,1.0622697541082193,0.7718591633226394,4.8041708280259385,7.72598
3.46854552276138,0.010806761596668444,0.1647355946373746,1.0669210890589726,0.7718591633226394,4.8041708280259385,7.72598
3.473785017508754,0.011110638332168259,0.16290759605409563,1.0715724240097262,0.7718591633226394,4.8041708280259385,7.72598
3.479024512256128,0.011414515067668073,0.16107959747081665,1.0762237589604795,0.7718591633226394,4.8041708280259385,7.72598
3.4842640070035014,0.011718391803167874,0.15925159888753768,1.0808750939112328,0.7718591633226394,4.8041708280259385,7.72598
3.489503501750875,0.012022268538667688,0.1574236003042587,1.0855264288619861,0.7718591633226394,4.8041708280259385,7.72598
3.494742996498249,0.012601695909783387,0.1562256734826445,1.0915501391077362,0.7718591633226394,4.8041708280259385,7.72598
3.4999824912456226,0.013318898598707059,0.15534278254186268,1.0982600370009854,0.7718591633226394,4.8041708280259385,7.72598
3.5052219859929963,0.014036101287630717,0.15445989160108092,1.1049699348942341,0.7718591633226394,4.8041708280259385,7.72598
3.51046148074037,0.014753303976554388,0.15357700066029914,1.1116798327874833,0.7718591633226394,4.8041708280259385,7.72598
3.5157009754877437,0.015470506665478001,0.15269410971951747,1.1183897306807316,0.7718591633226394,4.8041708280259385,7.72598
3.520940470235117,0.01618770935440166,0.1518112187787357,1.1250996285739803,0.7718591633226394,4.8041708280259385,7.72598
3.5261799649824908,0.01690491204332533,0.15092832783795393,1.1318095264672297,0.7718591633226394,4.8041708280259385,7.72598
3.5314194597298645,0.017622114732249002,0.15004543689717215,1.1385194243604784,0.7718591633226394,4.8041708280259385,7.72598
3.536658954477238,0.018339317421172674,0.1491625459563904,1.1452293222537273,0.7718591633226394,4.8041708280259385,7.72598
3.541898449224612,0.019056520110096346,0.14827965501560858,1.151939220146976,0.7718591633226394,4.8041708280259385,7.72598
3.5471379439719857,0.01968348609694962,0.14723510999927097,1.1566427037589684,0.7718591633226394,4.8041708280259385,7.72598
3.5523774387193594,0.02026113667685743,0.1461022191509435,1.1602496586358548,0.7718591633226394,4.8041708280259385,7.72598
3.557616933466733,0.020838787256765245,0.14496932830261602,1.163856613512741,0.7718591633226394,4.8041708280259385,7.72598
3.562856428214107,0.02141643783667306,0.14383643745428856,1.1674635683896275,0.7718591633226394,4.8041708280259385,7.72598
3.56809592296148,0.021994088416580817,0.14270354660596118,1.1710705232665137,0.7718591633226394,4.8041708280259385,7.72598
3.573335417708854,0.022571738996488632,0.14157065575763372,1.1746774781434002,0.7718591633226394,4.8041708280259385,7.72598
3.578574912456228,0.023149389576396447,0.14043776490930626,1.1782844330202864,0.7718591633226394,4.8041708280259385,7.72598
3.5838144072036013,0.02372704015630426,0.1393048740609788,1.1818913878971729,0.7718591633226394,4.8041708280259385,7.72598
3.589053901950975,0.02430469073621206,0.13817198321265134,1.1854983427740593,0.7718591633226394,4.8041708280259385,7.72598
3.594293396698349,0.024882341316119876,0.13703909236432385,1.1891052976509457,0.7718591633226394,4.8041708280259385,7.72598
3.5995328914457225,0.025937116244425143,0.1360692908602418,1.18945331203598,0.7718591633226394,4.8041708280259385,7.72598
3.604772386193096,0.027276257284375348,0.13519669060533004,1.1878589978878697,0.7718591633226394,4.8041708280259385,7.72598
3.61001188094047,0.02861539832432556,0.13432409035041828,1.1862646837397597,0.7718591633226394,4.8041708280259385,7.72598
3.615251375687844,0.029954539364275775,0.13345149009550653,1.1846703695916496,0.7718591633226394,4.8041708280259385,7.72598
3.6204908704352174,0.03129368040422599,0.1325788898405948,1.1830760554435396,0.7718591633226394,4.8041708280259385,7.72598
3.625730365182591,0.03263282144417609,0.13170628958568312,1.1814817412954293,0.7718591633226394,4.8041708280259385,7.72598
3.630969859929965,0.0339719624841263,0.13083368933077136,1.1798874271473196,0.7718591633226394,4.8041708280259385,7.72598
3.636209354677338,0.03531110352407652,0.12996108907585963,1.1782931129992094,0.7718591633226394,4.8041708280259385,7.72598
3.641448849424712,0.036650244564026734,0.12908848882094784,1.1766987988510995,0.7718591633226394,4.8041708280259385,7.72598
3.6466883441720856,0.037989385603976945,0.1282158885660361,1.1751044847029892,0.7718591633226394,4.8041708280259385,7.72598
3.6519278389194594,0.039025451284605245,0.1276987481948511,1.174441060151038,0.7718591633226394,4.8041708280259385,7.72598
3.657167333666833,0.03986489369492963,0.12741221609534006,1.174381559841222,0.7718591633226394,4.8041708280259385,7.72598
3.662406828414207,0.040704336105254015,0.12712568399582902,1.1743220595314063,0.7718591633226394,4.8041708280259385,7.72598
3.667646323161581,0.0415437785155784,0.12683915189631798,1.1742625592215905,0.7718591633226394,4.8041708280259385,7.72598
3.6728858179089534,0.04238322092590279,0.12655261979680696,1.1742030589117745,0.7718591633226394,4.8041708280259385,7.72598
3.678125312656328,0.0432226633362271,0.12626608769729594,1.174143558601959,0.7718591633226394,4.8041708280259385,7.72598
3.683364807403701,0.04406210574655148,0.1259795555977849,1.1740840582921435,0.7718591633226394,4.8041708280259385,7.72598
3.688604302151075,0.04490154815687588,0.12569302349827388,1.1740245579823274,0.7718591633226394,4.8041708280259385,7.72598
3.6938437968984488,0.04574099056720027,0.12540649139876284,1.173965057672512,0.7718591633226394,4.8041708280259385,7.72598
3.6990832916458234,0.04658043297752465,0.12511995929925182,1.1739055573626962,0.7718591633226394,4.8041708280259385,7.72598
3.704322786393196,0.04784806951490521,0.12493079373106178,1.1720874464747786,0.7718591633226394,4.8041708280259385,7.72598
3.70956228114057,0.0494176378085434,0.12481028405034177,1.169029289666404,0.7718591633226394,4.8041708280259385,7.72598
3.714801775887944,0.050987206102181576,0.1246897743696217,1.1659711328580298,0.7718591633226394,4.8041708280259385,7.72598
3.720041270635317,0.05255677439581976,0.12456926468890164,1.1629129760496557,0.7718591633226394,4.8041708280259385,7.72598
3.725280765382691,0.05412634268945795,0.12444875500818162,1.1598548192412812,0.7718591633226394,4.8041708280259385,7.72598
3.730520260130064,0.05569591098309601,0.12432824532746156,1.1567966624329076,0.7718591633226394,4.8041708280259385,7.72598
3.735759754877438,0.057265479276734206,0.12420773564674153,1.153738505624533,0.7718591633226394,4.8041708280259385,7.72598
3.740999249624812,0.05883504757037238,0.12408722596602148,1.1506803488161583,0.7718591633226394,4.8041708280259385,7.72598
3.7462387443721856,0.06040461586401058,0.12396671628530144,1.1476221920077843,0.7718591633226394,4.8041708280259385,7.72598
3.75147823911956,0.061974184157648764,0.1238462066045814,1.1445640351994104,0.7718591633226394,4.8041708280259385,7.72598
3.756717733866933,0.06373058057406296,0.12366327631115243,1.1412812282008595,0.7718591633226394,4.8041708280259385,7.72598
3.761957228614307,0.0656299914384429,0.12343256386728696,1.137826454463812,0.7718591633226394,4.8041708280259385,7.72598
3.767196723361681,0.06752940230282288,0.12320185142342151,1.134371680726764,0.7718591633226394,4.8041708280259385,7.72598
3.7724362181090543,0.06942881316720284,0.12297113897955604,1.130916906989716,0.7718591633226394,4.8041708280259385,7.72598
3.777675712856428,0.07132822403158279,0.12274042653569059,1.1274621332526682,0.7718591633226394,4.8041708280259385,7.72598
3.782915207603801,0.07322763489596258,0.12250971409182516,1.1240073595156208,0.7718591633226394,4.8041708280259385,7.72598
3.788154702351175,0.07512704576034254,0.1222790016479597,1.1205525857785725,0.7718591633226394,4.8041708280259385,7.72598
3.7933941970985487,0.07702645662472252,0.12204828920409425,1.1170978120415247,0.7718591633226394,4.8041708280259385,7.72598
3.7986336918459225,0.07892586748910246,0.12181757676022878,1.1136430383044766,0.7718591633226394,4.8041708280259385,7.72598
3.803873186593296,0.08082527835348242,0.12158686431636333,1.1101882645674288,0.7718591633226394,4.8041708280259385,7.72598
3.80911268134067,0.08249157540337343,0.12122070453390588,1.105422131358105,0.7718591633226394,4.8041708280259385,7.72598
3.814352176088044,0.08396432382747311,0.12074208618133299,1.0995672088621662,0.7718591633226394,4.8041708280259385,7.72598
3.8195916708354174,0.08543707225157277,0.12026346782876014,1.093712286366227,0.7718591633226394,4.8041708280259385,7.72598
3.824831165582791,0.08690982067567245,0.11978484947618727,1.0878573638702882,0.7718591633226394,4.8041708280259385,7.72598
3.830070660330165,0.08838256909977212,0.11930623112361438,1.0820024413743492,0.7718591633226394,4.8041708280259385,7.72598
3.8353101550775386,0.0898553175238718,0.1188276127710415,1.0761475188784102,0.7718591633226394,4.8041708280259385,7.72598
3.840549649824912,0.09132806594797134,0.11834899441846868,1.0702925963824717,0.7718591633226394,4.8041708280259385,7.72598
3.8457891445722856,0.09280081437207102,0.11787037606589582,1.064437673886533,0.7718591633226394,4.8041708280259385,7.72598
3.8510286393196593,0.09427356279617069,0.11739175771332293,1.0585827513905939,0.7718591633226394,4.8041708280259385,7.72598
3.856268134067033,0.09574631122027036,0.11691313936075008,1.052727828894655,0.7718591633226394,4.8041708280259385,7.72598
3.861507628814407,0.09744504731437337,0.1167958192805583,1.0479831509929434,0.7718591633226394,4.8041708280259385,7.72598
3.866747123561781,0.09934717231147942,0.11700366764550953,1.0442376932260367,0.7718591633226394,4.8041708280259385,7.72598
3.871986618309154,0.10124929730858548,0.11721151601046076,1.0404922354591302,0.7718591633226394,4.8041708280259385,7.72598
3.877226113056528,0.10315142230569152,0.11741936437541199,1.0367467776922235,0.7718591633226394,4.8041708280259385,7.72598
3.8824656078039017,0.10505354730279758,0.11762721274036322,1.0330013199253167,0.7718591633226394,4.8041708280259385,7.72598
3.887705102551275,0.10695567229990363,0.11783506110531446,1.0292558621584103,0.7718591633226394,4.8041708280259385,7.72598
3.8929445972986487,0.1088577972970095,0.11804290947026566,1.0255104043915038,0.7718591633226394,4.8041708280259385,7.72598
3.8981840920460233,0.11075992229411556,0.1182507578352169,1.0217649466245973,0.7718591633226394,4.8041708280259385,7.72598
3.903423586793396,0.11266204729122162,0.11845860620016813,1.0180194888576903,0.7718591633226394,4.8041708280259385,7.72598
3.90866308154077,0.11456417228832765,0.11866645456511936,1.0142740310907838,0.7718591633226394,4.8041708280259385,7.72598
3.913902576288144,0.1166332373144067,0.11870774623918803,1.0101165362284934,0.7718591633226394,4.8041708280259385,7.72598
3.919142071035517,0.1188651101905238,0.11858660391274253,1.005557203208824,0.7718591633226394,4.8041708280259385,7.72598
3.924381565782891,0.12109698306664089,0.11846546158629699,1.0009978701891544,0.7718591633226394,4.8041708280259385,7.72598
3.929621060530265,0.123328855942758,0.11834431925985149,0.9964385371694849,0.7718591633226394,4.8041708280259385,7.72598
3.934860555277639,0.1255607288188751,0.11822317693340596,0.9918792041498152,0.7718591633226394,4.8041708280259385,7.72598
3.940100050025012,0.1277926016949922,0.11810203460696045,0.9873198711301457,0.7718591633226394,4.8041708280259385,7.72598
3.9453395447723856,0.1300244745711091,0.11798089228051492,0.9827605381104765,0.7718591633226394,4.8041708280259385,7.72598
3.9505790395197593,0.1322563474472262,0.11785974995406942,0.978201205090807,0.7718591633226394,4.8041708280259385,7.72598
3.955818534267133,0.13448822032334332,0.1177386076276239,0.9736418720711373,0.7718591633226394,4.8041708280259385,7.72598
3.9610580290145063,0.13672009319946044,0.11761746530117838,0.9690825390514678,0.7718591633226394,4.8041708280259385,7.72598
3.966297523761881,0.13888228289528454,0.11762539971254586,0.9650035339163878,0.7718591633226394,4.8041708280259385,7.72598
3.9715370185092542,0.1409708383026547,0.11776972964582919,0.9614320917521372,0.7718591633226394,4.8041708280259385,7.72598
3.976776513256628,0.14305939371002488,0.1179140595791125,0.9578606495878869,0.7718591633226394,4.8041708280259385,7.72598
3.9820160080040017,0.14514794911739506,0.1180583895123958,0.9542892074236363,0.7718591633226394,4.8041708280259385,7.72598
3.987255502751376,0.14723650452476522,0.11820271944567916,0.9507177652593858,0.7718591633226394,4.8041708280259385,7.72598
3.992494997498749,0.1493250599321354,0.11834704937896247,0.9471463230951354,0.7718591633226394,4.8041708280259385,7.72598
3.9977344922461215,0.1514136153395054,0.11849137931224578,0.9435748809308852,0.7718591633226394,4.8041708280259385,7.72598
4.002973986993497,0.15350217074687572,0.1186357092455291,0.9400034387666342,0.7718591633226394,4.8041708280259385,7.72598
4.00821348174087,0.15559072615424574,0.11878003917881241,0.9364319966023841,0.7718591633226394,4.8041708280259385,7.72598
4.013452976488244,0.15767928156161606,0.11892436911209577,0.9328605544381332,0.7718591633226394,4.8041708280259385,7.72598
4.018692471235617,0.15947441507300505,0.11943442361870818,0.9282183819709047,0.7718591633226394,4.8041708280259385,7.72598
4.023931965982991,0.16093353318738354,0.12036329174961684,0.9223500506083301,0.7718591633226394,4.8041708280259385,7.72598
4.029171460730365,0.1623926513017623,0.12129215988052562,0.9164817192457547,0.7718591633226394,4.8041708280259385,7.72598
4.034410955477738,0.1638517694161408,0.12222102801143428,0.9106133878831802,0.7718591633226394,4.8041708280259385,7.72598
4.039650450225112,0.1653108875305195,0.12314989614234305,0.9047450565206049,0.7718591633226394,4.8041708280259385,7.72598
4.0448899449724856,0.16677000564489802,0.12407876427325171,0.8988767251580303,0.7718591633226394,4.8041708280259385,7.72598
4.05012943971986,0.1682291237592768,0.1250076324041605,0.8930083937954549,0.7718591633226394,4.8041708280259385,7.72598
4.055368934467233,0.16968824187365525,0.12593650053506913,0.8871400624328803,0.7718591633226394,4.8041708280259385,7.72598
4.060608429214607,0.17114735998803401,0.12686536866597792,0.881271731070305,0.7718591633226394,4.8041708280259385,7.72598
4.0658479239619805,0.1726064781024125,0.12779423679688656,0.8754033997077305,0.7718591633226394,4.8041708280259385,7.72598
4.071087418709355,0.1744706759400935,0.128329753176395,0.8697629105691843,0.7718591633226394,4.8041708280259385,7.72598
4.076326913456728,0.176837809838728,0.12837689462860305,0.8644053041919336,0.7718591633226394,4.8041708280259385,7.72598
4.081566408204101,0.17920494373736245,0.12842403608081107,0.8590476978146829,0.7718591633226394,4.8041708280259385,7.72598
4.086805902951475,0.18157207763599734,0.1284711775330191,0.8536900914374315,0.7718591633226394,4.8041708280259385,7.72598
4.092045397698849,0.18393921153463186,0.12851831898522711,0.8483324850601807,0.7718591633226394,4.8041708280259385,7.72598
4.097284892446223,0.18630634543326674,0.12856546043743516,0.8429748786829291,0.7718591633226394,4.8041708280259385,7.72598
4.102524387193596,0.18867347933190123,0.12861260188964319,0.8376172723056784,0.7718591633226394,4.8041708280259385,7.72598
4.10776388194097,0.1910406132305361,0.1286597433418512,0.8322596659284266,0.7718591633226394,4.8041708280259385,7.72598
4.113003376688344,0.19340774712917058,0.12870688479405926,0.826902059551176,0.7718591633226394,4.8041708280259385,7.72598
4.118242871435718,0.19577488102780546,0.1287540262462673,0.8215444531739244,0.7718591633226394,4.8041708280259385,7.72598
4.123482366183091,0.19777171601985719,0.12876483894592763,0.8169766017262756,0.7718591633226394,4.8041708280259385,7.72598
4.128721860930465,0.1992697366024536,0.12872671467892083,0.8134725966249724,0.7718591633226394,4.8041708280259385,7.72598
4.133961355677839,0.20076775718504966,0.12868859041191397,0.8099685915236697,0.7718591633226394,4.8041708280259385,7.72598
4.139200850425212,0.20226577776764576,0.12865046614490713,0.8064645864223671,0.7718591633226394,4.8041708280259385,7.72598
4.144440345172586,0.20376379835024214,0.1286123418779003,0.8029605813210638,0.7718591633226394,4.8041708280259385,7.72598
4.149679839919959,0.20526181893283824,0.1285742176108935,0.7994565762197612,0.7718591633226394,4.8041708280259385,7.72598
4.154919334667333,0.2067598395154346,0.12853609334388663,0.7959525711184581,0.7718591633226394,4.8041708280259385,7.72598
4.160158829414707,0.2082578600980307,0.1284979690768798,0.7924485660171554,0.7718591633226394,4.8041708280259385,7.72598
4.165398324162081,0.20975588068062706,0.12845984480987296,0.7889445609158522,0.7718591633226394,4.8041708280259385,7.72598
4.170637818909454,0.21125390126322316,0.12842172054286613,0.7854405558145496,0.7718591633226394,4.8041708280259385,7.72598
4.175877313656828,0.21283976537868715,0.1285786255030122,0.7818539685364723,0.7718591633226394,4.8041708280259385,7.72598
4.181116808404202,0.21455414132927197,0.1290208509991782,0.7781465665923745,0.7718591633226394,4.8041708280259385,7.72598
4.186356303151575,0.21626851727985683,0.12946307649534425,0.7744391646482766,0.7718591633226394,4.8041708280259385,7.72598
4.191595797898949,0.21798289323044198,0.12990530199151035,0.7707317627041779,0.7718591633226394,4.8041708280259385,7.72598
4.196835292646322,0.21969726918102678,0.1303475274876764,0.7670243607600802,0.7718591633226394,4.8041708280259385,7.72598
4.2020747873936966,0.2214116451316119,0.1307897529838425,0.7633169588159817,0.7718591633226394,4.8041708280259385,7.72598
4.20731428214107,0.22312602108219676,0.1312319784800085,0.7596095568718839,0.7718591633226394,4.8041708280259385,7.72598
4.212553776888444,0.22484039703278189,0.1316742039761746,0.7559021549277853,0.7718591633226394,4.8041708280259385,7.72598
4.217793271635817,0.22655477298336674,0.13211642947234065,0.7521947529836875,0.7718591633226394,4.8041708280259385,7.72598
4.223032766383192,0.22826914893395184,0.13255865496850675,0.7484873510395891,0.7718591633226394,4.8041708280259385,7.72598
4.228272261130565,0.23016935076794978,0.13308057988592475,0.7447771810296863,0.7718591633226394,4.8041708280259385,7.72598
4.233511755877939,0.2323651846891963,0.133729299337153,0.7410626072787292,0.7718591633226394,4.8041708280259385,7.72598
4.238751250625312,0.23456101861044248,0.1343780187883811,0.7373480335277732,0.7718591633226394,4.8041708280259385,7.72598
4.2439907453726855,0.23675685253168868,0.13502673823960923,0.733633459776817,0.7718591633226394,4.8041708280259385,7.72598
4.24923024012006,0.23895268645293524,0.13567545769083744,0.7299188860258602,0.7718591633226394,4.8041708280259385,7.72598
4.254469734867433,0.24114852037418147,0.13632417714206557,0.726204312274904,0.7718591633226394,4.8041708280259385,7.72598
4.259709229614807,0.243344354295428,0.13697289659329379,0.7224897385239473,0.7718591633226394,4.8041708280259385,7.72598
4.26494872436218,0.24554018821667417,0.1376216160445219,0.718775164772991,0.7718591633226394,4.8041708280259385,7.72598
4.270188219109555,0.24773602213792073,0.13827033549575013,0.7150605910220342,0.7718591633226394,4.8041708280259385,7.72598
4.275427713856928,0.24993185605916693,0.13891905494697823,0.711346017271078,0.7718591633226394,4.8041708280259385,7.72598
4.280667208604302,0.25137842418632417,0.13937952772815337,0.7075396587381951,0.7718591633226394,4.8041708280259385,7.72598
4.285906703351675,0.2515266070675596,0.13951379223862018,0.7035742484941667,0.7718591633226394,4.8041708280259385,7.72598
4.2911461980990495,0.2516747899487951,0.13964805674908698,0.6996088382501376,0.7718591633226394,4.8041708280259385,7.72598
4.296385692846423,0.2518229728300306,0.13978232125955373,0.6956434280061093,0.7718591633226394,4.8041708280259385,7.72598
4.301625187593796,0.251971155711266,0.13991658577002053,0.691678017762081,0.7718591633226394,4.8041708280259385,7.72598
4.30686468234117,0.25211933859250146,0.14005085028048733,0.6877126075180521,0.7718591633226394,4.8041708280259385,7.72598
4.312104177088544,0.25226752147373693,0.1401851147909541,0.6837471972740236,0.7718591633226394,4.8041708280259385,7.72598
4.317343671835918,0.25241570435497246,0.1403193793014209,0.6797817870299946,0.7718591633226394,4.8041708280259385,7.72598
4.322583166583291,0.2525638872362079,0.14045364381188766,0.6758163767859663,0.7718591633226394,4.8041708280259385,7.72598
4.327822661330665,0.2527120701174434,0.14058790832235446,0.6718509665419372,0.7718591633226394,4.8041708280259385,7.72598
4.333062156078039,0.2530821820963201,0.14092760647157732,0.668129000886487,0.7718591633226394,4.8041708280259385,7.72598
4.338301650825413,0.2538720295424751,0.1416558421549695,0.6648674630398684,0.7718591633226394,4.8041708280259385,7.72598
4.343541145572786,0.25466187698862996,0.14238407783836154,0.6616059251932503,0.7718591633226394,4.8041708280259385,7.72598
4.348780640320159,0.2554517244347848,0.1431123135217536,0.6583443873466325,0.7718591633226394,4.8041708280259385,7.72598
4.354020135067533,0.2562415718809398,0.14384054920514577,0.6550828495000138,0.7718591633226394,4.8041708280259385,7.72598
4.359259629814907,0.2570314193270947,0.1445687848885378,0.6518213116533959,0.7718591633226394,4.8041708280259385,7.72598
4.364499124562281,0.2578212667732498,0.14529702057193,0.6485597738067775,0.7718591633226394,4.8041708280259385,7.72598
4.369738619309654,0.2586111142194046,0.14602525625532203,0.6452982359601593,0.7718591633226394,4.8041708280259385,7.72598
4.374978114057028,0.2594009616655596,0.1467534919387142,0.6420366981135408,0.7718591633226394,4.8041708280259385,7.72598
4.380217608804402,0.26019080911171444,0.14748172762210623,0.6387751602669228,0.7718591633226394,4.8041708280259385,7.72598
4.385457103551776,0.2609224217985594,0.14826781071589884,0.6354599092544159,0.7718591633226394,4.8041708280259385,7.72598
4.390696598299149,0.26153353332960116,0.1491735934512121,0.6320335133063401,0.7718591633226394,4.8041708280259385,7.72598
4.395936093046523,0.26214464486064293,0.15007937618652556,0.6286071173582636,0.7718591633226394,4.8041708280259385,7.72598
4.4011755877938965,0.26275575639168475,0.1509851589218388,0.6251807214101881,0.7718591633226394,4.8041708280259385,7.72598
4.40641508254127,0.26336686792272646,0.1518909416571521,0.6217543254621123,0.7718591633226394,4.8041708280259385,7.72598
4.411654577288644,0.2639779794537682,0.15279672439246555,0.6183279295140359,0.7718591633226394,4.8041708280259385,7.72598
4.416894072036017,0.26458909098481,0.1537025071277788,0.6149015335659602,0.7718591633226394,4.8041708280259385,7.72598
4.422133566783391,0.26520020251585186,0.15460828986309227,0.611475137617884,0.7718591633226394,4.8041708280259385,7.72598
4.427373061530765,0.2658113140468936,0.15551407259840552,0.6080487416698082,0.7718591633226394,4.8041708280259385,7.72598
4.432612556278139,0.2664224255779355,0.15641985533371897,0.6046223457217319,0.7718591633226394,4.8041708280259385,7.72598
4.437852051025512,0.26723690647690246,0.1572252938656984,0.6016353793555047,0.7718591633226394,4.8041708280259385,7.72598
4.443091545772886,0.2685131358587823,0.1578029017065018,0.5996461342529821,0.7718591633226394,4.8041708280259385,7.72598
4.44833104052026,0.26978936524066177,0.15838050954730518,0.5976568891504599,0.7718591633226394,4.8041708280259385,7.72598
4.453570535267633,0.2710655946225413,0.1589581173881085,0.5956676440479376,0.7718591633226394,4.8041708280259385,7.72598
4.458810030015007,0.272341824004421,0.1595357252289119,0.5936783989454151,0.7718591633226394,4.8041708280259385,7.72598
4.46404952476238,0.2736180533863005,0.16011333306971529,0.5916891538428926,0.7718591633226394,4.8041708280259385,7.72598
4.4692890195097545,0.27489428276818023,0.1606909409105187,0.5896999087403701,0.7718591633226394,4.8041708280259385,7.72598
4.474528514257128,0.2761705121500598,0.16126854875132202,0.5877106636378479,0.7718591633226394,4.8041708280259385,7.72598
4.479768009004502,0.2774467415319395,0.16184615659212548,0.5857214185353253,0.7718591633226394,4.8041708280259385,7.72598
4.485007503751875,0.27872297091381903,0.1624237644329288,0.583732173432803,0.7718591633226394,4.8041708280259385,7.72598
4.4902469984992495,0.27949492869057524,0.16293462836606343,0.5814533331014049,0.7718591633226394,4.8041708280259385,7.72598
4.495486493246623,0.27900620745452304,0.16327863253002603,0.5784505046978182,0.7718591633226394,4.8041708280259385,7.72598
4.500725987993997,0.27851748621847067,0.16362263669398866,0.5754476762942312,0.7718591633226394,4.8041708280259385,7.72598
4.50596548274137,0.27802876498241846,0.16396664085795123,0.5724448478906444,0.7718591633226394,4.8041708280259385,7.72598
4.511204977488744,0.27754004374636626,0.1643106450219138,0.5694420194870579,0.7718591633226394,4.8041708280259385,7.72598
4.516444472236118,0.27705132251031384,0.16465464918587644,0.5664391910834707,0.7718591633226394,4.8041708280259385,7.72598
4.521683966983491,0.27656260127426174,0.164998653349839,0.563436362679884,0.7718591633226394,4.8041708280259385,7.72598
4.526923461730865,0.2760738800382093,0.16534265751380162,0.5604335342762968,0.7718591633226394,4.8041708280259385,7.72598
4.532162956478238,0.27558515880215717,0.16568666167776422,0.5574307058727103,0.7718591633226394,4.8041708280259385,7.72598
4.537402451225613,0.2750964375661048,0.16603066584172685,0.554427877469123,0.7718591633226394,4.8041708280259385,7.72598
4.542641945972986,0.27479258279853597,0.16664530326135182,0.5516215412092268,0.7718591633226394,4.8041708280259385,7.72598
4.54788144072036,0.27499972685422797,0.16800801184993086,0.5493583388936819,0.7718591633226394,4.8041708280259385,7.72598
4.553120935467733,0.2752068709099199,0.16937072043850968,0.5470951365781375,0.7718591633226394,4.8041708280259385,7.72598
4.558360430215108,0.27541401496561185,0.17073342902708874,0.5448319342625927,0.7718591633226394,4.8041708280259385,7.72598
4.563599924962481,0.2756211590213038,0.17209613761566755,0.5425687319470482,0.7718591633226394,4.8041708280259385,7.72598
4.568839419709854,0.2758283030769957,0.17345884620424637,0.5403055296315037,0.7718591633226394,4.8041708280259385,7.72598
4.574078914457228,0.2760354471326877,0.1748215547928254,0.5380423273159589,0.7718591633226394,4.8041708280259385,7.72598
4.5793184092046015,0.2762425911883796,0.17618426338140422,0.5357791250004145,0.7718591633226394,4.8041708280259385,7.72598
4.584557903951976,0.2764497352440716,0.17754697196998326,0.5335159226848696,0.7718591633226394,4.8041708280259385,7.72598
4.589797398699349,0.27665687929976357,0.17890968055856207,0.5312527203693251,0.7718591633226394,4.8041708280259385,7.72598
4.595036893446723,0.2767151702406195,0.179961480080804,0.5291966131034177,0.7718591633226394,4.8041708280259385,7.72598
4.6002763881940965,0.27631626947162174,0.18005834461358153,0.5277765834899684,0.7718591633226394,4.8041708280259385,7.72598
4.605515882941471,0.27591736870262396,0.18015520914635905,0.5263565538765188,0.7718591633226394,4.8041708280259385,7.72598
4.610755377688844,0.2755184679336262,0.18025207367913657,0.5249365242630696,0.7718591633226394,4.8041708280259385,7.72598
4.615994872436217,0.27511956716462843,0.1803489382119141,0.5235164946496202,0.7718591633226394,4.8041708280259385,7.72598
4.621234367183591,0.27472066639563064,0.18044580274469163,0.5220964650361707,0.7718591633226394,4.8041708280259385,7.72598
4.626473861930965,0.2743217656266329,0.18054266727746915,0.5206764354227215,0.7718591633226394,4.8041708280259385,7.72598
4.631713356678339,0.273922864857635,0.18063953181024672,0.5192564058092719,0.7718591633226394,4.8041708280259385,7.72598
4.636952851425712,0.27352396408863733,0.1807363963430242,0.5178363761958226,0.7718591633226394,4.8041708280259385,7.72598
4.642192346173086,0.27312506331963954,0.18083326087580176,0.5164163465823731,0.7718591633226394,4.8041708280259385,7.72598
4.64743184092046,0.272820038612922,0.18116928164260357,0.5149998851241726,0.7718591633226394,4.8041708280259385,7.72598
4.652671335667834,0.2728373217200336,0.1823264054795562,0.5135956743323267,0.7718591633226394,4.8041708280259385,7.72598
4.657910830415207,0.2728546048271452,0.18348352931650866,0.5121914635404811,0.7718591633226394,4.8041708280259385,7.72598
4.663150325162581,0.2728718879342567,0.1846406531534613,0.5107872527486351,0.7718591633226394,4.8041708280259385,7.72598
4.6683898199099545,0.27288917104136834,0.18579777699041375,0.5093830419567894,0.7718591633226394,4.8041708280259385,7.72598
4.673629314657328,0.27290645414847986,0.18695490082736616,0.5079788311649437,0.7718591633226394,4.8041708280259385,7.72598
4.678868809404702,0.2729237372555915,0.18811202466431884,0.5065746203730978,0.7718591633226394,4.8041708280259385,7.72598
4.684108304152075,0.272941020362703,0.18926914850127124,0.505170409581252,0.7718591633226394,4.8041708280259385,7.72598
4.689347798899449,0.27295830346981453,0.1904262723382239,0.5037661987894061,0.7718591633226394,4.8041708280259385,7.72598
4.694587293646823,0.27297558657692617,0.19158339617517633,0.5023619879975605,0.7718591633226394,4.8041708280259385,7.72598
4.699826788394197,0.27281692212865777,0.19263309268872522,0.5010900957792552,0.7718591633226394,4.8041708280259385,7.72598
4.70506628314157,0.2719780701797133,0.19326749089106676,0.5003297278025648,0.7718591633226394,4.8041708280259385,7.72598
4.710305777888944,0.2711392182307687,0.1939018890934084,0.49956935982587436,0.7718591633226394,4.8041708280259385,7.72598
4.715545272636318,0.2703003662818242,0.19453628729574998,0.4988089918491839,0.7718591633226394,4.8041708280259385,7.72598
4.720784767383692,0.2694615143328796,0.19517068549809166,0.49804862387249343,0.7718591633226394,4.8041708280259385,7.72598
4.726024262131065,0.26862266238393523,0.1958050837004332,0.49728825589580306,0.7718591633226394,4.8041708280259385,7.72598
4.731263756878438,0.2677838104349908,0.19643948190277472,0.4965278879191127,0.7718591633226394,4.8041708280259385,7.72598
4.7365032516258125,0.2669449584860462,0.1970738801051164,0.4957675199424222,0.7718591633226394,4.8041708280259385,7.72598
4.741742746373186,0.26610610653710176,0.19770827830745796,0.49500715196573175,0.7718591633226394,4.8041708280259385,7.72598
4.74698224112056,0.2652672545881572,0.19834267650979961,0.49424678398904126,0.7718591633226394,4.8041708280259385,7.72598
4.752221735867933,0.26452108331129076,0.19900824461720015,0.4934318462236397,0.7718591633226394,4.8041708280259385,7.72598
4.757461230615308,0.2641819555266589,0.19981070757790048,0.4923772438456552,0.7718591633226394,4.8041708280259385,7.72598
4.762700725362681,0.263842827742027,0.20061317053860062,0.49132264146767085,0.7718591633226394,4.8041708280259385,7.72598
4.767940220110055,0.26350369995739525,0.20141563349930094,0.4902680390896863,0.7718591633226394,4.8041708280259385,7.72598
4.773179714857428,0.26316457217276346,0.2022180964600011,0.4892134367117019,0.7718591633226394,4.8041708280259385,7.72598
4.7784192096048015,0.2628254443881316,0.2030205594207013,0.4881588343337176,0.7718591633226394,4.8041708280259385,7.72598
4.783658704352176,0.26248631660349975,0.20382302238140157,0.4871042319557331,0.7718591633226394,4.8041708280259385,7.72598
4.788898199099549,0.262147188818868,0.20462548534210176,0.48604962957774867,0.7718591633226394,4.8041708280259385,7.72598
4.794137693846923,0.2618080610342361,0.2054279483028021,0.4849950271997642,0.7718591633226394,4.8041708280259385,7.72598
4.799377188594296,0.2614689332496043,0.20623041126350225,0.48394042482177985,0.7718591633226394,4.8041708280259385,7.72598
4.804616683341671,0.26113915420436856,0.20711048718864744,0.4830181409671717,0.7718591633226394,4.8041708280259385,7.72598
4.809856178089044,0.26085654379881335,0.2083821557980374,0.4827634642077814,0.7718591633226394,4.8041708280259385,7.72598
4.815095672836418,0.2605739333932581,0.20965382440742755,0.482508787448391,0.7718591633226394,4.8041708280259385,7.72598
4.820335167583791,0.2602913229877029,0.21092549301681748,0.48225411068900065,0.7718591633226394,4.8041708280259385,7.72598
4.8255746623311655,0.2600087125821476,0.21219716162620766,0.4819994339296102,0.7718591633226394,4.8041708280259385,7.72598
4.830814157078539,0.2597261021765924,0.21346883023559757,0.48174475717021986,0.7718591633226394,4.8041708280259385,7.72598
4.836053651825912,0.2594434917710372,0.2147404988449875,0.48149008041082947,0.7718591633226394,4.8041708280259385,7.72598
4.841293146573286,0.2591608813654819,0.21601216745437765,0.48123540365143913,0.7718591633226394,4.8041708280259385,7.72598
4.84653264132066,0.2588782709599267,0.2172838360637676,0.4809807268920487,0.7718591633226394,4.8041708280259385,7.72598
4.851772136068034,0.25859566055437144,0.21855550467315776,0.48072605013265834,0.7718591633226394,4.8041708280259385,7.72598
4.857011630815407,0.25843407777431066,0.21976136395517468,0.4804652903890535,0.7718591633226394,4.8041708280259385,7.72598
4.862251125562781,0.2589840539648288,0.2205803097779813,0.480168766893429,0.7718591633226394,4.8041708280259385,7.72598
4.867490620310154,0.25953403015534693,0.22139925560078783,0.4798722433978045,0.7718591633226394,4.8041708280259385,7.72598
4.872730115057529,0.2600840063458652,0.22221820142359447,0.47957571990218,0.7718591633226394,4.8041708280259385,7.72598
4.877969609804902,0.26063398253638326,0.223037147246401,0.47927919640655553,0.7718591633226394,4.8041708280259385,7.72598
4.883209104552275,0.2611839587269013,0.2238560930692075,0.4789826729109311,0.7718591633226394,4.8041708280259385,7.72598
4.888448599299649,0.26173393491741953,0.22467503889201418,0.47868614941530657,0.7718591633226394,4.8041708280259385,7.72598
4.893688094047023,0.2622839111079377,0.22549398471482068,0.47838962591968215,0.7718591633226394,4.8041708280259385,7.72598
4.898927588794397,0.26283388729845586,0.22631293053762733,0.4780931024240576,0.7718591633226394,4.8041708280259385,7.72598
4.90416708354177,0.2633838634889739,0.22713187636043383,0.4777965789284332,0.7718591633226394,4.8041708280259385,7.72598
4.909406578289144,0.26368956389342635,0.2279957958241947,0.47751624284570054,0.7718591633226394,4.8041708280259385,7.72598
4.914646073036518,0.26229021931114016,0.22917363130181562,0.47734889490495375,0.7718591633226394,4.8041708280259385,7.72598
4.919885567783892,0.26089087472885386,0.23035146677943671,0.4771815469642068,0.7718591633226394,4.8041708280259385,7.72598
4.925125062531265,0.2594915301465677,0.23152930225705765,0.47701419902346,0.7718591633226394,4.8041708280259385,7.72598
4.930364557278639,0.2580921855642813,0.23270713773467874,0.476846851082713,0.7718591633226394,4.8041708280259385,7.72598
4.9356040520260125,0.25669284098199513,0.23388497321229962,0.4766795031419662,0.7718591633226394,4.8041708280259385,7.72598
4.940843546773386,0.255293496399709,0.23506280868992052,0.47651215520121937,0.7718591633226394,4.8041708280259385,7.72598
4.94608304152076,0.2538941518174226,0.23624064416754162,0.47634480726047246,0.7718591633226394,4.8041708280259385,7.72598
4.951322536268133,0.25249480723513645,0.23741847964516255,0.4761774593197256,0.7718591633226394,4.8041708280259385,7.72598
4.956562031015507,0.25109546265285004,0.23859631512278365,0.4760101113789787,0.7718591633226394,4.8041708280259385,7.72598
4.961801525762881,0.24980985199060884,0.23967563815260393,0.4759506239201007,0.7718591633226394,4.8041708280259385,7.72598
4.967041020510255,0.2494909796487505,0.2399176053761183,0.47680795055710873,0.7718591633226394,4.8041708280259385,7.72598
4.972280515257628,0.24917210730689218,0.24015957259963266,0.47766527719411667,0.7718591633226394,4.8041708280259385,7.72598
4.977520010005002,0.24885323496503384,0.24040153982314708,0.4785226038311247,0.7718591633226394,4.8041708280259385,7.72598
4.982759504752376,0.24853436262317555,0.2406435070466614,0.47937993046813265,0.7718591633226394,4.8041708280259385,7.72598
4.98799899949975,0.2482154902813172,0.2408854742701758,0.4802372571051408,0.7718591633226394,4.8041708280259385,7.72598
4.993238494247123,0.24789661793945889,0.24112744149369014,0.4810945837421487,0.7718591633226394,4.8041708280259385,7.72598
4.998477988994496,0.24757774559760062,0.24136940871720447,0.48195191037915663,0.7718591633226394,4.8041708280259385,7.72598
5.003717483741871,0.24725887325574228,0.24161137594071885,0.4828092370161647,0.7718591633226394,4.8041708280259385,7.72598
5.008956978489244,0.246940000913884,0.2418533431642332,0.4836665636531726,0.7718591633226394,4.8041708280259385,7.72598
5.014196473236618,0.24654479261170503,0.24219746613853857,0.48454708327188184,0.7718591633226394,4.8041708280259385,7.72598
5.019435967983991,0.24533009532373118,0.2436382611433943,0.4856765863706172,0.7718591633226394,4.8041708280259385,7.72598
5.024675462731365,0.24411539803575716,0.24507905614825026,0.4868060894693529,0.7718591633226394,4.8041708280259385,7.72598
5.029914957478739,0.24290070074778336,0.24651985115310598,0.4879355925680884,0.7718591633226394,4.8041708280259385,7.72598
5.035154452226113,0.2416860034598093,0.24796064615796196,0.48906509566682393,0.7718591633226394,4.8041708280259385,7.72598
5.040393946973486,0.24047130617183546,0.2494014411628177,0.49019459876555943,0.7718591633226394,4.8041708280259385,7.72598
5.04563344172086,0.23925660888386166,0.2508422361676734,0.49132410186429487,0.7718591633226394,4.8041708280259385,7.72598
5.050872936468234,0.2380419115958876,0.25228303117252937,0.49245360496303053,0.7718591633226394,4.8041708280259385,7.72598
5.056112431215607,0.23682721430791379,0.25372382617738515,0.4935831080617659,0.7718591633226394,4.8041708280259385,7.72598
5.061351925962981,0.23561251701993974,0.2551646211822411,0.4947126111605016,0.7718591633226394,4.8041708280259385,7.72598
5.066591420710354,0.2344533779622536,0.2565481438555798,0.4957092692644758,0.7718591633226394,4.8041708280259385,7.72598
5.071830915457729,0.23409128582369676,0.25711002884984446,0.49480011263590823,0.7718591633226394,4.8041708280259385,7.72598
5.077070410205102,0.23372919368514,0.2576719138441091,0.4938909560073408,0.7718591633226394,4.8041708280259385,7.72598
5.082309904952476,0.2333671015465832,0.25823379883837383,0.4929817993787732,0.7718591633226394,4.8041708280259385,7.72598
5.087549399699849,0.23300500940802643,0.25879568383263846,0.49207264275020574,0.7718591633226394,4.8041708280259385,7.72598
5.092788894447224,0.2326429172694696,0.25935756882690314,0.4911634861216382,0.7718591633226394,4.8041708280259385,7.72598
5.098028389194597,0.23228082513091283,0.25991945382116777,0.49025432949307074,0.7718591633226394,4.8041708280259385,7.72598
5.10326788394197,0.23191873299235607,0.2604813388154324,0.4893451728645033,0.7718591633226394,4.8041708280259385,7.72598
5.108507378689344,0.23155664085379926,0.2610432238096971,0.48843601623593574,0.7718591633226394,4.8041708280259385,7.72598
5.1137468734367175,0.23119454871524248,0.26160510880396165,0.4875268596073683,0.7718591633226394,4.8041708280259385,7.72598
5.118986368184092,0.23080334168367286,0.2621797413715026,0.4867393305828354,0.7718591633226394,4.8041708280259385,7.72598
5.124225862931465,0.22979586941666433,0.26302419757338924,0.488526252510379,0.7718591633226394,4.8041708280259385,7.72598
5.129465357678839,0.22878839714965557,0.26386865377527613,0.4903131744379228,0.7718591633226394,4.8041708280259385,7.72598
5.134704852426212,0.227780924882647,0.2647131099771628,0.49210009636546637,0.7718591633226394,4.8041708280259385,7.72598
5.139944347173587,0.22677345261563825,0.2655575661790497,0.4938870182930102,0.7718591633226394,4.8041708280259385,7.72598
5.14518384192096,0.22576598034862969,0.26640202238093635,0.4956739402205537,0.7718591633226394,4.8041708280259385,7.72598
5.150423336668334,0.22475850808162096,0.26724647858282324,0.49746086214809754,0.7718591633226394,4.8041708280259385,7.72598
5.155662831415707,0.2237510358146124,0.26809093478471,0.4992477840756411,0.7718591633226394,4.8041708280259385,7.72598
5.160902326163081,0.2227435635476038,0.2689353909865967,0.5010347060031846,0.7718591633226394,4.8041708280259385,7.72598
5.166141820910455,0.22173609128059504,0.2697798471884836,0.5028216279307284,0.7718591633226394,4.8041708280259385,7.72598
5.171381315657828,0.22072522877145845,0.2706234964396213,0.5045536204689165,0.7718591633226394,4.8041708280259385,7.72598
5.176620810405202,0.21958248584354023,0.2714357553066233,0.50414885976117,0.7718591633226394,4.8041708280259385,7.72598
5.181860305152576,0.21843974291562218,0.2722480141736251,0.5037440990534235,0.7718591633226394,4.8041708280259385,7.72598
5.18709979989995,0.21729699998770396,0.27306027304062713,0.5033393383456771,0.7718591633226394,4.8041708280259385,7.72598
5.192339294647323,0.216154257059786,0.27387253190762895,0.5029345776379307,0.7718591633226394,4.8041708280259385,7.72598
5.197578789394697,0.21501151413186773,0.27468479077463087,0.5025298169301843,0.7718591633226394,4.8041708280259385,7.72598
5.202818284142071,0.2138687712039497,0.27549704964163274,0.5021250562224379,0.7718591633226394,4.8041708280259385,7.72598
5.208057778889444,0.21272602827603168,0.27630930850863455,0.5017202955146914,0.7718591633226394,4.8041708280259385,7.72598
5.213297273636818,0.21158328534811346,0.27712156737563665,0.501315534806945,0.7718591633226394,4.8041708280259385,7.72598
5.218536768384191,0.21044054242019541,0.2779338262426384,0.5009107740991986,0.7718591633226394,4.8041708280259385,7.72598
5.223776263131565,0.2092985491720907,0.27874433430415074,0.5005138148344782,0.7718591633226394,4.8041708280259385,7.72598
5.229015757878939,0.20830536736696667,0.27920730747595734,0.5016654420104724,0.7718591633226394,4.8041708280259385,7.72598
5.234255252626313,0.20731218556184247,0.27967028064776406,0.5028170691864666,0.7718591633226394,4.8041708280259385,7.72598
5.239494747373686,0.20631900375671844,0.28013325381957066,0.5039686963624608,0.7718591633226394,4.8041708280259385,7.72598
5.24473424212106,0.20532582195159427,0.28059622699137743,0.505120323538455,0.7718591633226394,4.8041708280259385,7.72598
5.249973736868434,0.2043326401464702,0.28105920016318403,0.5062719507144491,0.7718591633226394,4.8041708280259385,7.72598
5.255213231615808,0.203339458341346,0.2815221733349907,0.5074235778904433,0.7718591633226394,4.8041708280259385,7.72598
5.260452726363181,0.20234627653622195,0.2819851465067973,0.5085752050664375,0.7718591633226394,4.8041708280259385,7.72598
5.265692221110554,0.20135309473109791,0.28244811967860395,0.5097268322424315,0.7718591633226394,4.8041708280259385,7.72598
5.2709317158579285,0.20035991292597374,0.28291109285041066,0.5108784594184258,0.7718591633226394,4.8041708280259385,7.72598
5.276171210605302,0.19936673112084974,0.2833740660222173,0.51203008659442,0.7718591633226394,4.8041708280259385,7.72598
5.281410705352676,0.19832047057200677,0.28462172144595144,0.5117002371880732,0.7718591633226394,4.8041708280259385,7.72598
5.286650200100049,0.19727339966066446,0.28588135675139426,0.5113477698186372,0.7718591633226394,4.8041708280259385,7.72598
5.291889694847423,0.19622632874932197,0.28714099205683735,0.510995302449201,0.7718591633226394,4.8041708280259385,7.72598
5.297129189594797,0.19517925783797968,0.2884006273622802,0.5106428350797649,0.7718591633226394,4.8041708280259385,7.72598
5.302368684342171,0.1941321869266372,0.2896602626677233,0.5102903677103287,0.7718591633226394,4.8041708280259385,7.72598
5.307608179089544,0.19308511601529488,0.29091989797316625,0.5099379003408926,0.7718591633226394,4.8041708280259385,7.72598
5.3128476738369175,0.19203804510395253,0.29217953327860907,0.5095854329714565,0.7718591633226394,4.8041708280259385,7.72598
5.318087168584292,0.1909909741926101,0.2934391685840521,0.5092329656020204,0.7718591633226394,4.8041708280259385,7.72598
5.323326663331665,0.18994390328126778,0.29469880388949504,0.5088804982325843,0.7718591633226394,4.8041708280259385,7.72598
5.328566158079039,0.18889683236992533,0.2959584391949381,0.5085280308631481,0.7718591633226394,4.8041708280259385,7.72598
5.333805652826412,0.1882003516175064,0.2969534565979009,0.5092203519214167,0.7718591633226394,4.8041708280259385,7.72598
5.339045147573787,0.18751661959813912,0.2979388515316828,0.5099506652861473,0.7718591633226394,4.8041708280259385,7.72598
5.34428464232116,0.18683288757877192,0.2989242464654645,0.5106809786508777,0.7718591633226394,4.8041708280259385,7.72598
5.349524137068534,0.18614915555940464,0.29990964139924636,0.5114112920156083,0.7718591633226394,4.8041708280259385,7.72598
5.354763631815907,0.18546542354003745,0.3008950363330281,0.5121416053803388,0.7718591633226394,4.8041708280259385,7.72598
5.3600031265632815,0.18478169152067017,0.30188043126681,0.5128719187450694,0.7718591633226394,4.8041708280259385,7.72598
5.365242621310655,0.184097959501303,0.3028658262005917,0.5136022321097998,0.7718591633226394,4.8041708280259385,7.72598
5.370482116058028,0.1834142274819358,0.30385122113437346,0.5143325454745304,0.7718591633226394,4.8041708280259385,7.72598
5.375721610805402,0.18273049546256856,0.3048366160681553,0.515062858839261,0.7718591633226394,4.8041708280259385,7.72598
5.380961105552776,0.18204676344320136,0.30582201100193707,0.5157931722039915,0.7718591633226394,4.8041708280259385,7.72598
5.38620060030015,0.1808359614524234,0.30658454896072734,0.5146852583718298,0.7718591633226394,4.8041708280259385,7.72598
5.391440095047523,0.1795944020627834,0.30733408200320494,0.5134700739870642,0.7718591633226394,4.8041708280259385,7.72598
5.396679589794897,0.1783528426731432,0.30808361504568277,0.5122548896022986,0.7718591633226394,4.8041708280259385,7.72598
5.40191908454227,0.17711128328350323,0.30883314808816037,0.5110397052175331,0.7718591633226394,4.8041708280259385,7.72598
5.407158579289645,0.175869723893863,0.3095826811306382,0.5098245208327674,0.005107706643684871,4.8041708280259385,7.72598
5.412398074037018,0.174628164504223,0.3103322141731158,0.5086093364480019,0.005107706643684871,4.8041708280259385,7.72598
5.417637568784392,0.1733866051145828,0.3110817472155937,0.5073941520632362,0.005107706643684871,4.8041708280259385,7.72598
5.422877063531765,0.1721450457249428,0.3118312802580713,0.5061789676784707,0.005107706643684871,4.8041708280259385,7.72598
5.428116558279139,0.1709034863353028,0.31258081330054893,0.5049637832937053,0.005107706643684871,4.8041708280259385,7.72598
5.433356053026513,0.1696619269456626,0.31333034634302664,0.5037485989089396,0.005107706643684871,4.8041708280259385,7.72598
5.438595547773886,0.16839519052853283,0.3143284116022435,0.5034695642958412,0.005107706643684871,4.8041708280259385,7.72598
5.44383504252126,0.16712640719859878,0.3153466827327401,0.5032666394202768,0.005107706643684871,4.8041708280259385,7.72598
5.4490745372686336,0.16585762386866493,0.31636495386323654,0.5030637145447125,0.005107706643684871,4.8041708280259385,7.72598
5.454314032016008,0.1645888405387309,0.31738322499373306,0.5028607896691482,0.005107706643684871,4.8041708280259385,7.72598
5.459553526763381,0.16332005720879714,0.31840149612422947,0.5026578647935838,0.005107706643684871,4.8041708280259385,7.72598
5.464793021510755,0.16205127387886306,0.31941976725472604,0.5024549399180194,0.005107706643684871,4.8041708280259385,7.72598
5.4700325162581285,0.16078249054892924,0.32043803838522245,0.502252015042455,0.005107706643684871,4.8041708280259385,7.72598
5.475272011005502,0.1595137072189954,0.32145630951571885,0.5020490901668906,0.005107706643684871,4.8041708280259385,7.72598
5.480511505752876,0.15824492388906136,0.3224745806462154,0.5018461652913262,0.005107706643684871,4.8041708280259385,7.72598
5.485751000500249,0.15697614055912754,0.32349285177671183,0.5016432404157619,0.005107706643684871,4.8041708280259385,7.72598
5.490990495247623,0.1560490416625823,0.32432394994890995,0.5006546254115022,0.005107706643684871,4.8041708280259385,7.72598
5.496229989994997,0.15515790954849928,0.32513534570444486,0.4995833061831694,0.005107706643684871,4.8041708280259385,7.72598
5.501469484742371,0.15426677743441614,0.3259467414599799,0.49851198695483634,0.005107706643684871,4.8041708280259385,7.72598
5.506708979489744,0.1533756453203331,0.32675813721551483,0.4974406677265035,0.005107706643684871,4.8041708280259385,7.72598
5.511948474237118,0.1524845132062499,0.32756953297104996,0.4963693484981705,0.005107706643684871,4.8041708280259385,7.72598
5.517187968984492,0.15159338109216688,0.3283809287265848,0.4952980292698377,0.005107706643684871,4.8041708280259385,7.72598
5.522427463731866,0.1507022489780837,0.3291923244821199,0.49422671004150465,0.005107706643684871,4.8041708280259385,7.72598
5.527666958479239,0.1498111168640007,0.33000372023765484,0.4931553908131718,0.005107706643684871,4.8041708280259385,7.72598
5.532906453226612,0.14891998474991766,0.33081511599318975,0.49208407158483897,0.005107706643684871,4.8041708280259385,7.72598
5.5381459479739865,0.14802885263583448,0.3316265117487248,0.49101275235650593,0.005107706643684871,4.8041708280259385,7.72598
5.54338544272136,0.14717901902498548,0.3323530224772781,0.4900116615186472,0.005107706643684871,4.8041708280259385,7.72598
5.548624937468734,0.14633456708877882,0.333068471700899,0.4890197222557509,0.005107706643684871,4.8041708280259385,7.72598
5.553864432216107,0.1454901151525722,0.3337839209245198,0.48802778299285476,0.005107706643684871,4.8041708280259385,7.72598
5.559103926963481,0.14464566321636554,0.3344993701481407,0.48703584372995845,0.005107706643684871,4.8041708280259385,7.72598
5.564343421710855,0.14380121128015894,0.33521481937176145,0.48604390446706236,0.005107706643684871,4.8041708280259385,7.72598
5.569582916458229,0.14295675934395227,0.3359302685953824,0.485051965204166,0.005107706643684871,4.8041708280259385,7.72598
5.574822411205602,0.14211230740774566,0.3366457178190032,0.4840600259412699,0.005107706643684871,4.8041708280259385,7.72598
5.580061905952976,0.1412678554715391,0.337361167042624,0.48306808667837375,0.005107706643684871,4.8041708280259385,7.72598
5.58530140070035,0.14042340353533242,0.33807661626624486,0.48207614741547744,0.005107706643684871,4.8041708280259385,7.72598
5.590540895447723,0.13957895159912584,0.3387920654898657,0.48108420815258135,0.005107706643684871,4.8041708280259385,7.72598
5.595780390195097,0.13882092489429476,0.3395898275838261,0.4796569115206758,0.005107706643684871,4.8041708280259385,7.72598
5.60101988494247,0.13807642561698344,0.3404004734314047,0.4781614719962298,0.005107706643684871,4.8041708280259385,7.72598
5.606259379689845,0.13733192633967206,0.3412111192789835,0.4766660324717837,0.005107706643684871,4.8041708280259385,7.72598
5.611498874437218,0.13658742706236077,0.3420217651265621,0.47517059294733777,0.005107706643684871,4.8041708280259385,7.72598
5.616738369184592,0.13584292778504933,0.34283241097414097,0.4736751534228915,0.005107706643684871,4.8041708280259385,7.72598
5.621977863931965,0.13509842850773807,0.3436430568217196,0.47217971389844565,0.005107706643684871,4.8041708280259385,7.72598
5.62721735867934,0.13435392923042666,0.34445370266929837,0.47068427437399946,0.005107706643684871,4.8041708280259385,7.72598
5.632456853426713,0.1336094299531154,0.3452643485168771,0.46918883484955354,0.005107706643684871,4.8041708280259385,7.72598
5.637696348174086,0.13286493067580407,0.3460749943644557,0.46769339532510756,0.005107706643684871,4.8041708280259385,7.72598
5.64293584292146,0.13212043139849267,0.34688564021203444,0.4661979558006614,0.005107706643684871,4.8041708280259385,7.72598
5.6481753376688335,0.13146263211121595,0.34771831947015874,0.46543760376777765,0.005107706643684871,4.8041708280259385,7.72598
5.653414832416208,0.13082078356394555,0.3485550523527752,0.4648124903831932,0.005107706643684871,4.8041708280259385,7.72598
5.658654327163581,0.1301789350166752,0.34939178523539144,0.4641873769986088,0.005107706643684871,4.8041708280259385,7.72598
5.663893821910955,0.12953708646940476,0.350228518118008,0.46356226361402436,0.005107706643684871,4.8041708280259385,7.72598
5.669133316658328,0.12889523792213445,0.35106525100062425,0.46293715022944,0.005107706643684871,4.8041708280259385,7.72598
5.674372811405703,0.128253389374864,0.35190198388324073,0.46231203684485545,0.005107706643684871,4.8041708280259385,7.72598
5.679612306153076,0.12761154082759368,0.35273871676585705,0.46168692346027107,0.005107706643684871,4.8041708280259385,7.72598
5.68485180090045,0.12696969228032323,0.35357544964847354,0.4610618100756866,0.005107706643684871,4.8041708280259385,7.72598
5.690091295647823,0.12632784373305292,0.35441218253108986,0.4604366966911022,0.005107706643684871,4.8041708280259385,7.72598
5.695330790395197,0.12568599518578258,0.35524891541370623,0.45981158330651783,0.005107706643684871,4.8041708280259385,7.72598
5.700570285142571,0.12532575757352202,0.3557722540916906,0.45948367877158386,0.005107706643684871,4.8041708280259385,7.72598
5.705809779889944,0.12502543718147646,0.3562289131516682,0.4592190101621076,0.005107706643684871,4.8041708280259385,7.72598
5.711049274637318,0.12472511678943085,0.3566855722116456,0.45895434155263126,0.005107706643684871,4.8041708280259385,7.72598
5.716288769384692,0.12442479639738527,0.3571422312716232,0.458689672943155,0.005107706643684871,4.8041708280259385,7.72598
5.721528264132066,0.12412447600533967,0.3575988903316007,0.4584250043336787,0.005107706643684871,4.8041708280259385,7.72598
5.726767758879439,0.1238241556132941,0.3580555493915782,0.4581603357242024,0.005107706643684871,4.8041708280259385,7.72598
5.732007253626813,0.12352383522124849,0.35851220845155574,0.4578956671147261,0.005107706643684871,4.8041708280259385,7.72598
5.7372467483741865,0.12322351482920292,0.35896886751153323,0.45763099850524974,0.005107706643684871,4.8041708280259385,7.72598
5.74248624312156,0.12292319443715735,0.35942552657151067,0.45736632989577347,0.005107706643684871,4.8041708280259385,7.72598
5.747725737868934,0.12262287404511174,0.35988218563148816,0.45710166128629715,0.005107706643684871,4.8041708280259385,7.72598
5.752965232616307,0.12180832199932322,0.3609866578363003,0.4562147857607754,0.005107706643684871,4.8041708280259385,7.72598
5.758204727363681,0.1208688164675783,0.36224854258097894,0.4551767197696724,0.005107706643684871,4.8041708280259385,7.72598
5.763444222111055,0.11992931093583356,0.36351042732565736,0.4541386537785695,0.005107706643684871,4.8041708280259385,7.72598
5.768683716858429,0.11898980540408866,0.36477231207033606,0.4531005877874664,0.005107706643684871,4.8041708280259385,7.72598
5.773923211605802,0.1180502998723439,0.3660341968150145,0.4520625217963636,0.005107706643684871,4.8041708280259385,7.72598
5.779162706353176,0.117110794340599,0.36729608155969307,0.4510244558052605,0.005107706643684871,4.8041708280259385,7.72598
5.78440220110055,0.11617128880885423,0.36855796630437143,0.4499863898141577,0.005107706643684871,4.8041708280259385,7.72598
5.789641695847924,0.11523178327710934,0.36981985104905013,0.4489483238230546,0.005107706643684871,4.8041708280259385,7.72598
5.794881190595297,0.11429227774536457,0.37108173579372855,0.44791025783195165,0.005107706643684871,4.8041708280259385,7.72598
5.80012068534267,0.11335277221361983,0.37234362053840697,0.4468721918408488,0.005107706643684871,4.8041708280259385,7.72598
5.8053601800900445,0.11266312522375542,0.37269793136522206,0.4468627340969794,0.005107706643684871,4.8041708280259385,7.72598
5.810599674837418,0.11204212946265066,0.37280287683441304,0.4471358971494746,0.005107706643684871,4.8041708280259385,7.72598
5.815839169584792,0.11142113370154579,0.37290782230360403,0.44740906020196985,0.005107706643684871,4.8041708280259385,7.72598
5.821078664332165,0.110800137940441,0.3730127677727952,0.44768222325446505,0.005107706643684871,4.8041708280259385,7.72598
5.826318159079539,0.11017914217933612,0.3731177132419861,0.44795538630696036,0.005107706643684871,4.8041708280259385,7.72598
5.831557653826913,0.10955814641823135,0.37322265871117705,0.4482285493594555,0.005107706643684871,4.8041708280259385,7.72598
5.836797148574287,0.10893715065712647,0.3733276041803682,0.44850171241195075,0.005107706643684871,4.8041708280259385,7.72598
5.84203664332166,0.10831615489602171,0.37343254964955913,0.448774875464446,0.005107706643684871,4.8041708280259385,7.72598
5.847276138069034,0.10769515913491683,0.3735374951187502,0.4490480385169412,0.005107706643684871,4.8041708280259385,7.72598
5.852515632816408,0.10707416337381205,0.37364244058794116,0.44932120156943645,0.005107706643684871,4.8041708280259385,7.72598
5.857755127563781,0.106739295766468,0.3736907963492969,0.4493616458033192,0.005107706643684871,4.8041708280259385,7.72598
5.862994622311155,0.10649261191798791,0.3737217113482379,0.4493303668603181,0.005107706643684871,4.8041708280259385,7.72598
5.868234117058528,0.10624592806950786,0.37375262634717876,0.449299087917317,0.005107706643684871,4.8041708280259385,7.72598
5.873473611805903,0.10599924422102777,0.37378354134611985,0.4492678089743159,0.005107706643684871,4.8041708280259385,7.72598
5.878713106553276,0.10575256037254771,0.3738144563450607,0.4492365300313148,0.005107706643684871,4.8041708280259385,7.72598
5.88395260130065,0.10550587652406762,0.3738453713440017,0.4492052510883137,0.005107706643684871,4.8041708280259385,7.72598
5.889192096048023,0.10525919267558757,0.3738762863429427,0.4491739721453126,0.005107706643684871,4.8041708280259385,7.72598
5.8944315907953975,0.10501250882710747,0.37390720134188365,0.44914269320231154,0.005107706643684871,4.8041708280259385,7.72598
5.899671085542771,0.10476582497862742,0.37393811634082463,0.4491114142593104,0.005107706643684871,4.8041708280259385,7.72598
5.904910580290144,0.10451914113014737,0.3739690313397656,0.44908013531630936,0.005107706643684871,4.8041708280259385,7.72598
5.910150075037518,0.10408212179501483,0.37431684729289433,0.44890771958396863,0.005107706643684871,4.8041708280259385,7.72598
5.915389569784892,0.10357973471699156,0.3747734979171584,0.4486868326310467,0.005107706643684871,4.8041708280259385,7.72598
5.920629064532266,0.1030773476389682,0.3752301485414225,0.4484659456781247,0.005107706643684871,4.8041708280259385,7.72598
5.925868559279639,0.10257496056094494,0.3756867991656866,0.44824505872520276,0.005107706643684871,4.8041708280259385,7.72598
5.931108054027013,0.10207257348292158,0.3761434497899506,0.4480241717722807,0.005107706643684871,4.8041708280259385,7.72598
5.936347548774386,0.10157018640489832,0.37660010041421466,0.44780328481935877,0.005107706643684871,4.8041708280259385,7.72598
5.941587043521761,0.10106779932687496,0.3770567510384788,0.4475823978664368,0.005107706643684871,4.8041708280259385,7.72598
5.946826538269134,0.10056541224885168,0.3775134016627427,0.44736151091351484,0.005107706643684871,4.8041708280259385,7.72598
5.952066033016508,0.10006302517082834,0.3779700522870068,0.4471406239605928,0.005107706643684871,4.8041708280259385,7.72598
5.957305527763881,0.09956063809280506,0.37842670291127084,0.44691973700767085,0.005107706643684871,4.8041708280259385,7.72598
5.962545022511255,0.09934010226142502,0.3783082580031556,0.4472150074023603,0.005107706643684871,4.8041708280259385,7.72598
5.967784517258629,0.09922684545125875,0.377970918601747,0.44770673907122743,0.005107706643684871,4.8041708280259385,7.72598
5.973024012006002,0.09911358864109249,0.37763357920033835,0.44819847074009445,0.005107706643684871,4.8041708280259385,7.72598
5.978263506753376,0.0990003318309262,0.3772962397989296,0.4486902024089615,0.005107706643684871,4.8041708280259385,7.72598
5.9835030015007495,0.09888707502075994,0.3769589003975211,0.4491819340778286,0.005107706643684871,4.8041708280259385,7.72598
5.988742496248124,0.09877381821059365,0.3766215609961123,0.44967366574669565,0.005107706643684871,4.8041708280259385,7.72598
5.993981990995497,0.0986605614004274,0.3762842215947037,0.45016539741556266,0.005107706643684871,4.8041708280259385,7.72598
5.999221485742871,0.09854730459026112,0.375946882193295,0.4506571290844298,0.005107706643684871,4.8041708280259385,7.72598
6.0044609804902445,0.09843404778009485,0.3756095427918864,0.4511488607532968,0.005107706643684871,4.8041708280259385,7.72598
6.009700475237618,0.0983207909699286,0.37527220339047773,0.45164059242216376,0.005107706643684871,4.8041708280259385,7.72598
6.014939969984992,0.09820923688085487,0.3752966641249694,0.4523463696429559,0.005107706643684871,4.8041708280259385,7.72598
6.020179464732365,0.09809839781344991,0.3754730551656398,0.4531420307609975,0.005107706643684871,4.8041708280259385,7.72598
6.025418959479739,0.09798755874604494,0.37564944620631024,0.4539376918790393,0.005107706643684871,4.8041708280259385,7.72598
6.030658454227113,0.09787671967863998,0.3758258372469806,0.454733352997081,0.005107706643684871,4.8041708280259385,7.72598
6.035897948974487,0.097765880611235,0.37600222828765106,0.4555290141151228,0.005107706643684871,4.8041708280259385,7.72598
6.04113744372186,0.09765504154383003,0.3761786193283215,0.45632467523316445,0.005107706643684871,4.8041708280259385,7.72598
6.046376938469234,0.09754420247642506,0.376355010368992,0.45712033635120625,0.005107706643684871,4.8041708280259385,7.72598
6.051616433216608,0.09743336340902012,0.3765314014096623,0.45791599746924794,0.005107706643684871,4.8041708280259385,7.72598
6.056855927963982,0.09732252434161515,0.37670779245033276,0.45871165858728974,0.005107706643684871,4.8041708280259385,7.72598
6.062095422711355,0.09721168527421019,0.37688418349100306,0.4595073197053314,0.005107706643684871,4.8041708280259385,7.72598
6.067334917458728,0.0972223347793981,0.37681512373382037,0.4605184779326851,0.005107706643684871,4.8041708280259385,7.72598
6.072574412206103,0.09728905593347506,0.376632778993013,0.4616290963643369,0.005107706643684871,4.8041708280259385,7.72598
6.077813906953476,0.097355777087552,0.37645043425220565,0.4627397147959886,0.005107706643684871,4.8041708280259385,7.72598
6.08305340170085,0.09742249824162896,0.37626808951139834,0.46385033322764047,0.005107706643684871,4.8041708280259385,7.72598
6.088292896448223,0.09748921939570591,0.376085744770591,0.46496095165929213,0.005107706643684871,4.8041708280259385,7.72598
6.093532391195597,0.09755594054978288,0.37590340002978373,0.46607157009094397,0.005107706643684871,4.8041708280259385,7.72598
6.098771885942971,0.09762266170385983,0.37572105528897637,0.4671821885225956,0.005107706643684871,4.8041708280259385,7.72598
6.104011380690345,0.0976893828579368,0.375538710548169,0.4682928069542474,0.005107706643684871,4.8041708280259385,7.72598
6.109250875437718,0.09775610401201373,0.3753563658073617,0.4694034253858991,0.005107706643684871,4.8041708280259385,7.72598
6.114490370185092,0.0978228251660907,0.3751740210665543,0.4705140438175509,0.005107706643684871,4.8041708280259385,7.72598
6.119729864932466,0.09780351153950112,0.37516108266366044,0.47148794588152937,0.005107706643684871,4.8041708280259385,7.72598
6.124969359679839,0.09774069353325376,0.3752338063335229,0.47239271589543924,0.005107706643684871,4.8041708280259385,7.72598
6.130208854427213,0.09767787552700638,0.3753065300033854,0.4732974859093492,0.005107706643684871,4.8041708280259385,7.72598
6.135448349174586,0.097615057520759,0.3753792536732478,0.47420225592325904,0.005107706643684871,4.8041708280259385,7.72598
6.1406878439219605,0.09755223951451163,0.3754519773431102,0.4751070259371691,0.005107706643684871,4.8041708280259385,7.72598
6.145927338669334,0.09748942150826426,0.37552470101297264,0.4760117959510789,0.005107706643684871,4.8041708280259385,7.72598
6.151166833416708,0.09742660350201687,0.37559742468283513,0.4769165659649888,0.005107706643684871,4.8041708280259385,7.72598
6.156406328164081,0.0973637854957695,0.3756701483526976,0.47782133597889864,0.005107706643684871,4.8041708280259385,7.72598
6.161645822911456,0.09730096748952212,0.3757428720225599,0.4787261059928087,0.005107706643684871,4.8041708280259385,7.72598
6.166885317658829,0.09723814948327475,0.3758155956924224,0.4796308760067185,0.005107706643684871,4.8041708280259385,7.72598
6.172124812406202,0.09692616738003122,0.3753304844617085,0.4797308492833947,0.005107706643684871,4.8041708280259385,7.72598
6.177364307153576,0.0964765148418714,0.3745371531691974,0.47938614887646314,0.005107706643684871,4.8041708280259385,7.72598
6.1826038019009495,0.09602686230371169,0.3737438218766865,0.47904144846953167,0.005107706643684871,4.8041708280259385,7.72598
6.187843296648324,0.09557720976555188,0.3729504905841753,0.4786967480626001,0.005107706643684871,4.8041708280259385,7.72598
6.193082791395697,0.09512755722739216,0.3721571592916643,0.4783520476556686,0.005107706643684871,4.8041708280259385,7.72598
6.198322286143071,0.09467790468923235,0.37136382799915313,0.47800734724873706,0.005107706643684871,4.8041708280259385,7.72598
6.203561780890444,0.09422825215107261,0.37057049670664227,0.47766264684180554,0.005107706643684871,4.8041708280259385,7.72598
6.208801275637819,0.09377859961291282,0.36977716541413114,0.47731794643487396,0.005107706643684871,4.8041708280259385,7.72598
6.214040770385192,0.09332894707475309,0.36898383412162006,0.4769732460279425,0.005107706643684871,4.8041708280259385,7.72598
6.219280265132566,0.09287929453659328,0.368190502829109,0.4766285456210109,0.005107706643684871,4.8041708280259385,7.72598
6.224519759879939,0.0927719045580914,0.36760443965576217,0.4778066159286632,0.005107706643684871,4.8041708280259385,7.72598
6.229759254627313,0.09287069684444359,0.3671432367951649,0.47990201799208865,0.005107706643684871,4.8041708280259385,7.72598
6.234998749374687,0.09296948913079578,0.36668203393456755,0.4819974200555145,0.005107706643684871,4.8041708280259385,7.72598
6.24023824412206,0.09306828141714797,0.3662208310739703,0.48409282211894,0.005107706643684871,4.8041708280259385,7.72598
6.245477738869434,0.09316707370350019,0.3657596282133729,0.48618822418236585,0.005107706643684871,4.8041708280259385,7.72598
6.250717233616808,0.09326586598985237,0.3652984253527756,0.4882836262457913,0.005107706643684871,4.8041708280259385,7.72598
6.255956728364182,0.09336465827620458,0.36483722249217826,0.49037902830921715,0.005107706643684871,4.8041708280259385,7.72598
6.261196223111555,0.09346345056255677,0.364376019631581,0.4924744303726427,0.005107706643684871,4.8041708280259385,7.72598
6.266435717858929,0.09356224284890899,0.3639148167709836,0.49456983243606856,0.005107706643684871,4.8041708280259385,7.72598
6.271675212606303,0.09366103513526117,0.3634536139103864,0.496665234499494,0.005107706643684871,4.8041708280259385,7.72598
6.276914707353677,0.09375898745750233,0.3627667411313782,0.4981354261141742,0.005107706643684871,4.8041708280259385,7.72598
6.28215420210105,0.09385638909787813,0.36193191877930403,0.4991957287209629,0.005107706643684871,4.8041708280259385,7.72598
6.287393696848423,0.09395379073825394,0.36109709642722987,0.5002560313277515,0.005107706643684871,4.8041708280259385,7.72598
6.292633191595797,0.09405119237862977,0.3602622740751556,0.5013163339345403,0.005107706643684871,4.8041708280259385,7.72598
6.297872686343171,0.09414859401900558,0.3594274517230815,0.502376636541329,0.005107706643684871,4.8041708280259385,7.72598
6.303112181090545,0.09424599565938141,0.3585926293710072,0.5034369391481179,0.005107706643684871,4.8041708280259385,7.72598
6.308351675837918,0.0943433972997572,0.35775780701893306,0.5044972417549066,0.005107706643684871,4.8041708280259385,7.72598
6.313591170585292,0.09444079894013303,0.3569229846668588,0.5055575443616954,0.005107706643684871,4.8041708280259385,7.72598
6.318830665332666,0.09453820058050885,0.35608816231478463,0.506617846968484,0.005107706643684871,4.8041708280259385,7.72598
6.32407016008004,0.09463560222088467,0.35525333996271036,0.5076781495752729,0.005107706643684871,4.8041708280259385,7.72598
6.329309654827413,0.09464718226162819,0.354547236899876,0.5093282453618573,0.005107706643684871,4.8041708280259385,7.72598
6.334549149574786,0.09459761901679675,0.35393283942508375,0.5113985371477813,0.005107706643684871,4.8041708280259385,7.72598
6.3397886443221605,0.09454805577196532,0.3533184419502914,0.5134688289337056,0.005107706643684871,4.8041708280259385,7.72598
6.345028139069534,0.09449849252713388,0.35270404447549913,0.5155391207196297,0.005107706643684871,4.8041708280259385,7.72598
6.350267633816908,0.09444892928230245,0.3520896470007068,0.5176094125055541,0.005107706643684871,4.8041708280259385,7.72598
6.355507128564281,0.09439936603747101,0.3514752495259145,0.519679704291478,0.005107706643684871,4.8041708280259385,7.72598
6.360746623311655,0.09434980279263958,0.35086085205112216,0.5217499960774024,0.005107706643684871,4.8041708280259385,7.72598
6.365986118059029,0.09430023954780813,0.3502464545763299,0.5238202878633264,0.005107706643684871,4.8041708280259385,7.72598
6.371225612806403,0.09425067630297669,0.34963205710153755,0.5258905796492508,0.005107706643684871,4.8041708280259385,7.72598
6.376465107553776,0.09420111305814527,0.34901765962674525,0.5279608714351747,0.005107706643684871,4.8041708280259385,7.72598
6.38170460230115,0.0943648481822143,0.34830204723626323,0.5288364747753619,0.005107706643684871,4.8041708280259385,7.72598
6.386944097048524,0.09469353404489976,0.3475081619776479,0.5287881857175121,0.005107706643684871,4.8041708280259385,7.72598
6.392183591795897,0.0950222199075852,0.3467142767190326,0.528739896659662,0.005107706643684871,4.8041708280259385,7.72598
6.397423086543271,0.09535090577027071,0.3459203914604172,0.5286916076018121,0.005107706643684871,4.8041708280259385,7.72598
6.402662581290644,0.09567959163295617,0.3451265062018019,0.5286433185439622,0.005107706643684871,4.8041708280259385,7.72598
6.4079020760380185,0.09600827749564167,0.3443326209431864,0.5285950294861121,0.005107706643684871,4.8041708280259385,7.72598
6.413141570785392,0.09633696335832712,0.3435387356845711,0.5285467404282622,0.005107706643684871,4.8041708280259385,7.72598
6.418381065532766,0.09666564922101263,0.3427448504259556,0.5284984513704122,0.005107706643684871,4.8041708280259385,7.72598
6.423620560280139,0.09699433508369808,0.34195096516734025,0.5284501623125624,0.005107706643684871,4.8041708280259385,7.72598
6.4288600550275135,0.09732302094638358,0.34115707990872485,0.5284018732547123,0.005107706643684871,4.8041708280259385,7.72598
6.434099549774887,0.0974626308140076,0.3403948351500458,0.5297806398106021,0.005107706643684871,4.8041708280259385,7.72598
6.43933904452226,0.0974436608148059,0.3396591275848617,0.5323562917199509,0.005107706643684871,4.8041708280259385,7.72598
6.444578539269634,0.0974246908156042,0.33892342001967757,0.5349319436293002,0.005107706643684871,4.8041708280259385,7.72598
6.449818034017008,0.0974057208164025,0.33818771245449347,0.537507595538649,0.005107706643684871,4.8041708280259385,7.72598
6.455057528764382,0.0973867508172008,0.3374520048893093,0.5400832474479983,0.005107706643684871,4.8041708280259385,7.72598
6.460297023511755,0.0973677808179991,0.3367162973241253,0.5426588993573472,0.005107706643684871,4.8041708280259385,7.72598
6.465536518259129,0.0973488108187974,0.3359805897589411,0.5452345512666965,0.005107706643684871,4.8041708280259385,7.72598
6.470776013006502,0.0973298408195957,0.33524488219375703,0.5478102031760453,0.005107706643684871,4.8041708280259385,7.72598
6.476015507753877,0.097310870820394,0.3345091746285728,0.5503858550853946,0.005107706643684871,4.8041708280259385,7.72598
6.48125500250125,0.0972919008211923,0.33377346706338873,0.5529615069947434,0.005107706643684871,4.8041708280259385,7.72598
6.486494497248624,0.09750904696784982,0.33302559067252285,0.5548058912525438,0.005107706643684871,4.8041708280259385,7.72598
6.491733991995997,0.09794084415619753,0.3322666517128558,0.5559854867362083,0.005107706643684871,4.8041708280259385,7.72598
6.496973486743371,0.09837264134454524,0.33150771275318863,0.5571650822198727,0.005107706643684871,4.8041708280259385,7.72598
6.502212981490745,0.098804438532893,0.3307487737935213,0.5583446777035375,0.005107706643684871,4.8041708280259385,7.72598
6.507452476238118,0.09923623572124071,0.32998983483385413,0.5595242731872019,0.005107706643684871,4.8041708280259385,7.72598
6.512691970985492,0.09966803290958848,0.32923089587418686,0.5607038686708666,0.005107706643684871,4.8041708280259385,7.72598
6.5179314657328655,0.10009983009793619,0.3284719569145197,0.561883464154531,0.005107706643684871,4.8041708280259385,7.72598
6.52317096048024,0.10053162728628397,0.3277130179548524,0.5630630596381958,0.005107706643684871,4.8041708280259385,7.72598
6.528410455227613,0.10096342447463168,0.3269540789951852,0.5642426551218604,0.005107706643684871,4.8041708280259385,7.72598
6.533649949974987,0.10139522166297944,0.3261951400355179,0.5654222506055251,0.005107706643684871,4.8041708280259385,7.72598
6.53888944472236,0.10154303959909199,0.32536143302166015,0.5669055679514191,0.005107706643684871,4.8041708280259385,7.72598
6.544128939469735,0.10141111677927131,0.32445407389471886,0.5686880739974203,0.005107706643684871,4.8041708280259385,7.72598
6.549368434217108,0.10127919395945063,0.3235467147677778,0.5704705800434211,0.005107706643684871,4.8041708280259385,7.72598
6.554607928964481,0.10114727113962997,0.32263935564083673,0.572253086089422,0.005107706643684871,4.8041708280259385,7.72598
6.559847423711855,0.10101534831980928,0.32173199651389545,0.5740355921354233,0.005107706643684871,4.8041708280259385,7.72598
6.565086918459229,0.10088342549998862,0.3208246373869543,0.575818098181424,0.005107706643684871,4.8041708280259385,7.72598
6.570326413206603,0.10075150268016791,0.3199172782600132,0.5776006042274253,0.005107706643684871,4.8041708280259385,7.72598
6.575565907953976,0.10061957986034724,0.31900991913307203,0.5793831102734263,0.005107706643684871,4.8041708280259385,7.72598
6.58080540270135,0.10048765704052656,0.31810256000613074,0.5811656163194275,0.005107706643684871,4.8041708280259385,7.72598
6.586044897448724,0.10035573422070589,0.3171952008791897,0.5829481223654284,0.005107706643684871,4.8041708280259385,7.72598
6.591284392196098,0.10045053586324008,0.31657909331693435,0.5839487895286886,0.005107706643684871,4.8041708280259385,7.72598
6.596523886943471,0.10078733356403899,0.31627385530040597,0.5841149550865362,0.005107706643684871,4.8041708280259385,7.72598
6.601763381690844,0.10112413126483788,0.31596861728387765,0.5842811206443838,0.005107706643684871,4.8041708280259385,7.72598
6.6070028764382185,0.10146092896563683,0.31566337926734916,0.5844472862022314,0.005107706643684871,4.8041708280259385,7.72598
6.612242371185592,0.10179772666643572,0.31535814125082084,0.5846134517600792,0.005107706643684871,4.8041708280259385,7.72598
6.617481865932966,0.10213452436723468,0.3150529032342924,0.5847796173179268,0.005107706643684871,4.8041708280259385,7.72598
6.622721360680339,0.10247132206803357,0.3147476652177641,0.5849457828757744,0.005107706643684871,4.8041708280259385,7.72598
6.627960855427713,0.10280811976883253,0.31444242720123555,0.585111948433622,0.005107706643684871,4.8041708280259385,7.72598
6.633200350175087,0.10314491746963142,0.31413718918470723,0.5852781139914697,0.005107706643684871,4.8041708280259385,7.72598
6.638439844922461,0.10348171517043037,0.31383195116817886,0.5854442795493172,0.005107706643684871,4.8041708280259385,7.72598
6.643679339669834,0.10367218966373831,0.3134097952284174,0.5865161252493648,0.005107706643684871,4.8041708280259385,7.72598
6.648918834417208,0.1036934037981108,0.31285239369097,0.588635622573363,0.005107706643684871,4.8041708280259385,7.72598
6.654158329164582,0.1037146179324833,0.3122949921535227,0.5907551198973611,0.005107706643684871,4.8041708280259385,7.72598
6.659397823911955,0.10373583206685578,0.31173759061607537,0.5928746172213588,0.005107706643684871,4.8041708280259385,7.72598
6.664637318659329,0.10375704620122828,0.31118018907862793,0.5949941145453571,0.005107706643684871,4.8041708280259385,7.72598
6.669876813406702,0.10377826033560077,0.31062278754118056,0.597113611869355,0.005107706643684871,4.8041708280259385,7.72598
6.6751163081540765,0.10379947446997326,0.3100653860037333,0.5992331091933533,0.005107706643684871,4.8041708280259385,7.72598
6.68035580290145,0.10382068860434573,0.30950798446628597,0.601352606517351,0.005107706643684871,4.8041708280259385,7.72598
6.685595297648824,0.10384190273871823,0.3089505829288386,0.6034721038413493,0.005107706643684871,4.8041708280259385,7.72598
6.690834792396197,0.10386311687309072,0.30839318139139127,0.605591601165347,0.005107706643684871,4.8041708280259385,7.72598
6.6960742871435714,0.10406040472052985,0.30766161274648446,0.606861903557486,0.005107706643684871,4.8041708280259385,7.72598
6.701313781890945,0.10447853078435768,0.30671159722103547,0.607067114001191,0.005107706643684871,4.8041708280259385,7.72598
6.706553276638319,0.10489665684818555,0.30576158169558637,0.6072723244448961,0.005107706643684871,4.8041708280259385,7.72598
6.711792771385692,0.10531478291201336,0.30481156617013727,0.6074775348886009,0.005107706643684871,4.8041708280259385,7.72598
6.7170322661330655,0.10573290897584119,0.3038615506446883,0.6076827453323059,0.005107706643684871,4.8041708280259385,7.72598
6.72227176088044,0.10615103503966906,0.30291153511923913,0.6078879557760111,0.005107706643684871,4.8041708280259385,7.72598
6.727511255627813,0.10656916110349689,0.30196151959379014,0.608093166219716,0.005107706643684871,4.8041708280259385,7.72598
6.732750750375187,0.10698728716732477,0.30101150406834093,0.608298376663421,0.005107706643684871,4.8041708280259385,7.72598
6.73799024512256,0.10740541323115257,0.30006148854289194,0.6085035871071259,0.005107706643684871,4.8041708280259385,7.72598
6.743229739869935,0.10782353929498045,0.2991114730174428,0.608708797550831,0.005107706643684871,4.8041708280259385,7.72598
6.748469234617308,0.10808669204905268,0.298333638341999,0.6093623945825112,0.005107706643684871,4.8041708280259385,7.72598
6.753708729364682,0.10813893438156397,0.2977901326340181,0.6106262218818501,0.005107706643684871,4.8041708280259385,7.72598
6.758948224112055,0.10819117671407526,0.2972466269260372,0.611890049181189,0.005107706643684871,4.8041708280259385,7.72598
6.764187718859429,0.10824341904658652,0.2967031212180563,0.613153876480528,0.005107706643684871,4.8041708280259385,7.72598
6.769427213606803,0.10829566137909782,0.29615961551007536,0.614417703779867,0.005107706643684871,4.8041708280259385,7.72598
6.774666708354176,0.10834790371160909,0.2956161098020945,0.6156815310792061,0.005107706643684871,4.8041708280259385,7.72598
6.77990620310155,0.10840014604412038,0.2950726040941135,0.616945358378545,0.005107706643684871,4.8041708280259385,7.72598
6.785145697848924,0.10845238837663165,0.2945290983861327,0.618209185677884,0.005107706643684871,4.8041708280259385,7.72598
6.790385192596298,0.10850463070914294,0.2939855926781517,0.619473012977223,0.005107706643684871,4.8041708280259385,7.72598
6.795624687343671,0.10855687304165422,0.29344208697017093,0.6207368402765618,0.005107706643684871,4.8041708280259385,7.72598
6.800864182091045,0.10857111937790127,0.2928077843385868,0.6220490858176327,0.005107706643684871,4.8041708280259385,7.72598
6.806103676838418,0.10852919771967069,0.29203926016776344,0.6234329061508288,0.005107706643684871,4.8041708280259385,7.72598
6.811343171585793,0.10848727606144011,0.2912707359969399,0.6248167264840251,0.005107706643684871,4.8041708280259385,7.72598
6.816582666333166,0.10844535440320953,0.2905022118261166,0.6262005468172209,0.005107706643684871,4.8041708280259385,7.72598
6.821822161080539,0.10840343274497896,0.2897336876552932,0.6275843671504169,0.005107706643684871,4.8041708280259385,7.72598
6.827061655827913,0.10836151108674838,0.2889651634844697,0.628968187483613,0.005107706643684871,4.8041708280259385,7.72598
6.832301150575287,0.1083195894285178,0.28819663931364636,0.630352007816809,0.005107706643684871,4.8041708280259385,7.72598
6.837540645322661,0.10827766777028722,0.2874281151428229,0.6317358281500053,0.005107706643684871,4.8041708280259385,7.72598
6.842780140070034,0.10823574611205664,0.28665959097199945,0.633119648483201,0.005107706643684871,4.8041708280259385,7.72598
6.848019634817408,0.10819382445382605,0.28589106680117604,0.6345034688163973,0.005107706643684871,4.8041708280259385,7.72598
6.853259129564782,0.10829895719686115,0.28553257105338253,0.6356383140030034,0.005107706643684871,4.8041708280259385,7.72598
6.858498624312156,0.1086405303497747,0.28583333669163774,0.6363728462088178,0.005107706643684871,4.8041708280259385,7.72598
6.863738119059529,0.10898210350268818,0.2861341023298929,0.6371073784146323,0.005107706643684871,4.8041708280259385,7.72598
6.868977613806902,0.10932367665560164,0.28643486796814804,0.6378419106204465,0.005107706643684871,4.8041708280259385,7.72598
6.8742171085542765,0.10966524980851518,0.2867356336064032,0.6385764428262609,0.005107706643684871,4.8041708280259385,7.72598
6.87945660330165,0.11000682296142864,0.28703639924465835,0.6393109750320752,0.005107706643684871,4.8041708280259385,7.72598
6.884696098049024,0.11034839611434218,0.28733716488291355,0.6400455072378898,0.005107706643684871,4.8041708280259385,7.72598
6.889935592796397,0.11068996926725563,0.2876379305211687,0.6407800394437041,0.005107706643684871,4.8041708280259385,7.72598
6.895175087543771,0.11103154242016917,0.28793869615942397,0.6415145716495184,0.005107706643684871,4.8041708280259385,7.72598
6.900414582291145,0.11137311557308263,0.288239461797679,0.642249103855333,0.005107706643684871,4.8041708280259385,7.72598
6.905654077038519,0.11170672205539948,0.2879575580661878,0.6429352933421039,0.005107706643684871,4.8041708280259385,7.72598
6.910893571785892,0.11202637312853314,0.28665497833527886,0.6435367997210334,0.005107706643684871,4.8041708280259385,7.72598
6.916133066533266,0.11234602420166685,0.2853523986043698,0.644138306099963,0.005107706643684871,4.8041708280259385,7.72598
6.92137256128064,0.11266567527480051,0.28404981887346087,0.6447398124788926,0.005107706643684871,4.8041708280259385,7.72598
6.926612056028013,0.11298532634793416,0.2827472391425519,0.645341318857822,0.005107706643684871,4.8041708280259385,7.72598
6.931851550775387,0.11330497742106786,0.28144465941164276,0.6459428252367516,0.005107706643684871,4.8041708280259385,7.72598
6.93709104552276,0.11362462849420152,0.2801420796807339,0.646544331615681,0.005107706643684871,4.8041708280259385,7.72598
6.942330540270135,0.11394427956733523,0.2788394999498247,0.6471458379946107,0.005107706643684871,4.8041708280259385,7.72598
6.947570035017508,0.11426393064046889,0.2775369202189158,0.6477473443735402,0.005107706643684871,4.8041708280259385,7.72598
6.952809529764882,0.1145835817136026,0.2762343404880066,0.6483488507524697,0.005107706643684871,4.8041708280259385,7.72598
6.958049024512255,0.11486428478388677,0.2753926774689997,0.6491258841218522,0.005107706643684871,4.8041708280259385,7.72598
6.963288519259629,0.11507050335237125,0.2754324756070612,0.6502385968452401,0.005107706643684871,4.8041708280259385,7.72598
6.968528014007003,0.1152767219208557,0.2754722737451227,0.6513513095686279,0.005107706643684871,4.8041708280259385,7.72598
6.973767508754377,0.11548294048934016,0.27551207188318416,0.6524640222920158,0.005107706643684871,4.8041708280259385,7.72598
6.97900700350175,0.1156891590578246,0.27555187002124565,0.6535767350154036,0.005107706643684871,4.8041708280259385,7.72598
6.984246498249124,0.11589537762630904,0.2755916681593072,0.6546894477387915,0.005107706643684871,4.8041708280259385,7.72598
6.989485992996498,0.11610159619479352,0.27563146629736873,0.6558021604621792,0.005107706643684871,4.8041708280259385,7.72598
6.994725487743871,0.11630781476327794,0.27567126443543016,0.656914873185567,0.005107706643684871,4.8041708280259385,7.72598
6.999964982491245,0.11651403333176243,0.2757110625734917,0.6580275859089549,0.005107706643684871,4.8041708280259385,7.72598
7.005204477238618,0.11672025190024686,0.2757508607115532,0.6591402986323428,0.005107706643684871,4.8041708280259385,7.72598
7.010443971985993,0.11705649260865704,0.27558402117765124,0.6597974799226004,0.005107706643684871,4.8041708280259385,7.72598
7.015683466733366,0.11766487267970246,0.2749846841908024,0.6595012233295617,0.005107706643684871,4.8041708280259385,7.72598
7.02092296148074,0.11827325275074799,0.2743853472039535,0.6592049667365231,0.005107706643684871,4.8041708280259385,7.72598
7.026162456228113,0.11888163282179343,0.2737860102171047,0.6589087101434846,0.005107706643684871,4.8041708280259385,7.72598
7.031401950975487,0.11949001289283886,0.27318667323025586,0.658612453550446,0.005107706643684871,4.8041708280259385,7.72598
7.036641445722861,0.12009839296388439,0.2725873362434069,0.6583161969574073,0.005107706643684871,4.8041708280259385,7.72598
7.041880940470234,0.12070677303492981,0.2719879992565581,0.6580199403643686,0.005107706643684871,4.8041708280259385,7.72598
7.047120435217608,0.12131515310597533,0.27138866226970915,0.6577236837713301,0.005107706643684871,4.8041708280259385,7.72598
7.0523599299649815,0.12192353317702077,0.27078932528286037,0.6574274271782915,0.005107706643684871,4.8041708280259385,7.72598
7.057599424712356,0.12253191324806631,0.2701899882960115,0.6571311705852528,0.005107706643684871,4.8041708280259385,7.72598
7.062838919459729,0.1230022926259476,0.2696373707787392,0.6570090589533618,0.005107706643684871,4.8041708280259385,7.72598
7.068078414207103,0.12315561256003026,0.26919209220809764,0.6572870489677439,0.005107706643684871,4.8041708280259385,7.72598
7.073317908954476,0.1233089324941129,0.26874681363745606,0.6575650389821256,0.005107706643684871,4.8041708280259385,7.72598
7.078557403701851,0.12346225242819558,0.26830153506681437,0.6578430289965076,0.005107706643684871,4.8041708280259385,7.72598
7.083796898449224,0.12361557236227823,0.26785625649617284,0.6581210190108897,0.005107706643684871,4.8041708280259385,7.72598
7.089036393196597,0.12376889229636087,0.26741097792553126,0.6583990090252715,0.005107706643684871,4.8041708280259385,7.72598
7.094275887943971,0.12392221223044354,0.26696569935488956,0.6586769990396535,0.005107706643684871,4.8041708280259385,7.72598
7.099515382691345,0.12407553216452619,0.266520420784248,0.6589549890540353,0.005107706643684871,4.8041708280259385,7.72598
7.104754877438719,0.12422885209860886,0.26607514221360634,0.6592329790684173,0.005107706643684871,4.8041708280259385,7.72598
7.109994372186092,0.1243821720326915,0.2656298636429647,0.6595109690827992,0.005107706643684871,4.8041708280259385,7.72598
7.115233866933466,0.12458737596332037,0.2654005982709627,0.6598531649508068,0.005107706643684871,4.8041708280259385,7.72598
7.12047336168084,0.12492389691175641,0.26571805656985353,0.6603578641297606,0.005107706643684871,4.8041708280259385,7.72598
7.125712856428214,0.12526041786019249,0.26603551486874455,0.6608625633087146,0.005107706643684871,4.8041708280259385,7.72598
7.130952351175587,0.12559693880862852,0.26635297316763545,0.6613672624876684,0.005107706643684871,4.8041708280259385,7.72598
7.13619184592296,0.12593345975706455,0.26667043146652636,0.6618719616666223,0.005107706643684871,4.8041708280259385,7.72598
7.141431340670335,0.12626998070550063,0.2669878897654173,0.6623766608455762,0.005107706643684871,4.8041708280259385,7.72598
7.146670835417708,0.12660650165393666,0.2673053480643083,0.66288136002453,0.005107706643684871,4.8041708280259385,7.72598
7.151910330165082,0.12694302260237275,0.26762280636319924,0.663386059203484,0.005107706643684871,4.8041708280259385,7.72598
7.157149824912455,0.12727954355080878,0.26794026466209014,0.6638907583824377,0.005107706643684871,4.8041708280259385,7.72598
7.162389319659829,0.12761606449924487,0.26825772296098116,0.6643954575613917,0.005107706643684871,4.8041708280259385,7.72598
7.167628814407203,0.1278764690532537,0.2683263807857298,0.6646594112753297,0.005107706643684871,4.8041708280259385,7.72598
7.172868309154577,0.12792374770286624,0.2676983972828797,0.6642492776872228,0.005107706643684871,4.8041708280259385,7.72598
7.17810780390195,0.12797102635247876,0.26707041378002977,0.6638391440991155,0.005107706643684871,4.8041708280259385,7.72598
7.183347298649324,0.12801830500209127,0.26644243027717956,0.6634290105110083,0.005107706643684871,4.8041708280259385,7.72598
7.188586793396698,0.12806558365170378,0.26581444677432964,0.6630188769229014,0.005107706643684871,4.8041708280259385,7.72598
7.193826288144071,0.1281128623013163,0.2651864632714796,0.6626087433347944,0.005107706643684871,4.8041708280259385,7.72598
7.199065782891445,0.12816014095092884,0.26455847976862945,0.6621986097466872,0.005107706643684871,4.8041708280259385,7.72598
7.204305277638818,0.12820741960054136,0.26393049626577947,0.66178847615858,0.005107706643684871,4.8041708280259385,7.72598
7.209544772386192,0.12825469825015387,0.26330251276292943,0.661378342570473,0.005107706643684871,4.8041708280259385,7.72598
7.214784267133566,0.12830197689976638,0.2626745292600794,0.660968208982366,0.005107706643684871,4.8041708280259385,7.72598
7.22002376188094,0.12846104243924697,0.2621366809197739,0.6605269567254003,0.005107706643684871,4.8041708280259385,7.72598
7.225263256628313,0.12896814551213123,0.26187945958038056,0.6599888195406484,0.005107706643684871,4.8041708280259385,7.72598
7.230502751375687,0.1294752485850156,0.26162223824098724,0.6594506823558961,0.005107706643684871,4.8041708280259385,7.72598
7.235742246123061,0.12998235165789987,0.26136501690159397,0.6589125451711441,0.005107706643684871,4.8041708280259385,7.72598
7.240981740870435,0.13048945473078424,0.2611077955622006,0.6583744079863919,0.005107706643684871,4.8041708280259385,7.72598
7.246221235617808,0.13099655780366853,0.2608505742228074,0.6578362708016399,0.005107706643684871,4.8041708280259385,7.72598
7.251460730365181,0.13150366087655282,0.2605933528834141,0.6572981336168878,0.005107706643684871,4.8041708280259385,7.72598
7.256700225112556,0.13201076394943717,0.26033613154402074,0.6567599964321356,0.005107706643684871,4.8041708280259385,7.72598
7.261939719859929,0.13251786702232143,0.2600789102046275,0.6562218592473837,0.005107706643684871,4.8041708280259385,7.72598
7.267179214607303,0.1330249700952058,0.25982168886523416,0.6556837220626316,0.005107706643684871,4.8041708280259385,7.72598
7.272418709354676,0.1335222574619335,0.2596447064490476,0.6553765541301254,0.005107706643684871,4.8041708280259385,7.72598
7.27765820410205,0.13398535529036282,0.25974720792268235,0.6558738858402743,0.005107706643684871,4.8041708280259385,7.72598
7.282897698849424,0.13444845311879214,0.2598497093963171,0.6563712175504233,0.005107706643684871,4.8041708280259385,7.72598
7.288137193596798,0.13491155094722146,0.25995221086995174,0.6568685492605724,0.005107706643684871,4.8041708280259385,7.72598
7.293376688344171,0.13537464877565075,0.26005471234358646,0.6573658809707212,0.005107706643684871,4.8041708280259385,7.72598
7.298616183091545,0.13583774660408002,0.2601572138172212,0.6578632126808701,0.005107706643684871,4.8041708280259385,7.72598
7.303855677838919,0.1363008444325094,0.26025971529085595,0.658360544391019,0.005107706643684871,4.8041708280259385,7.72598
7.309095172586292,0.1367639422609387,0.2603622167644907,0.6588578761011681,0.005107706643684871,4.8041708280259385,7.72598
7.314334667333666,0.13722704008936804,0.26046471823812545,0.6593552078113171,0.005107706643684871,4.8041708280259385,7.72598
7.319574162081039,0.1376901379177973,0.26056721971176017,0.6598525395214659,0.005107706643684871,4.8041708280259385,7.72598
7.324813656828414,0.13809103594018274,0.26059474416559003,0.6601598177126768,0.005107706643684871,4.8041708280259385,7.72598
7.330053151575787,0.1382477421314326,0.2603279143935192,0.6597209598665756,0.005107706643684871,4.8041708280259385,7.72598
7.335292646323161,0.13840444832268253,0.26006108462144845,0.6592821020204742,0.005107706643684871,4.8041708280259385,7.72598
7.340532141070534,0.1385611545139324,0.2597942548493777,0.6588432441743729,0.005107706643684871,4.8041708280259385,7.72598
7.345771635817909,0.1387178607051823,0.25952742507730686,0.6584043863282713,0.005107706643684871,4.8041708280259385,7.72598
7.351011130565282,0.13887456689643218,0.25926059530523604,0.6579655284821699,0.005107706643684871,4.8041708280259385,7.72598
7.356250625312655,0.13903127308768207,0.25899376553316533,0.6575266706360686,0.005107706643684871,4.8041708280259385,7.72598
7.361490120060029,0.13918797927893195,0.2587269357610945,0.6570878127899672,0.005107706643684871,4.8041708280259385,7.72598
7.366729614807403,0.13934468547018186,0.2584601059890237,0.6566489549438659,0.005107706643684871,4.8041708280259385,7.72598
7.371969109554777,0.13950139166143177,0.258193276216953,0.6562100970977643,0.005107706643684871,4.8041708280259385,7.72598
7.37720860430215,0.13966038155580648,0.2579691622085734,0.655657495778892,0.005107706643684871,4.8041708280259385,7.72598
7.382448099049524,0.13982956990523185,0.2579358062681852,0.6545969441569593,0.005107706643684871,4.8041708280259385,7.72598
7.3876875937968975,0.13999875825465719,0.25790245032779696,0.6535363925350267,0.005107706643684871,4.8041708280259385,7.72598
7.392927088544272,0.14016794660408255,0.25786909438740874,0.6524758409130941,0.005107706643684871,4.8041708280259385,7.72598
7.398166583291645,0.1403371349535079,0.25783573844702057,0.6514152892911614,0.005107706643684871,4.8041708280259385,7.72598
7.403406078039019,0.14050632330293328,0.25780238250663234,0.6503547376692286,0.005107706643684871,4.8041708280259385,7.72598
7.408645572786392,0.14067551165235861,0.2577690265662441,0.6492941860472962,0.005107706643684871,4.8041708280259385,7.72598
7.413885067533766,0.14084470000178395,0.2577356706258559,0.6482336344253637,0.005107706643684871,4.8041708280259385,7.72598
7.41912456228114,0.14101388835120934,0.25770231468546767,0.6471730828034309,0.005107706643684871,4.8041708280259385,7.72598
7.424364057028513,0.14118307670063465,0.25766895874507945,0.6461125311814984,0.005107706643684871,4.8041708280259385,7.72598
7.429603551775887,0.14143712257058838,0.2575999012355012,0.6452511347810603,0.005107706643684871,4.8041708280259385,7.72598
7.434843046523261,0.1421272055460264,0.25734739258577705,0.6454130898264572,0.005107706643684871,4.8041708280259385,7.72598
7.440082541270635,0.14281728852146452,0.25709488393605284,0.6455750448718542,0.005107706643684871,4.8041708280259385,7.72598
7.445322036018008,0.14350737149690254,0.2568423752863287,0.6457369999172512,0.005107706643684871,4.8041708280259385,7.72598
7.450561530765382,0.14419745447234067,0.25658986663660455,0.6458989549626483,0.005107706643684871,4.8041708280259385,7.72598
7.455801025512756,0.14488753744777866,0.25633735798688034,0.6460609100080452,0.005107706643684871,4.8041708280259385,7.72598
7.461040520260129,0.1455776204232167,0.25608484933715625,0.6462228650534422,0.005107706643684871,4.8041708280259385,7.72598
7.466280015007503,0.14626770339865483,0.25583234068743205,0.6463848200988391,0.005107706643684871,4.8041708280259385,7.72598
7.471519509754876,0.14695778637409285,0.2555798320377079,0.6465467751442361,0.005107706643684871,4.8041708280259385,7.72598
7.47675900450225,0.147647869349531,0.2553273233879837,0.646708730189633,0.005107706643684871,4.8041708280259385,7.72598
7.481998499249624,0.14820716041329207,0.25510626407622766,0.6467560964966753,0.005107706643684871,4.8041708280259385,7.72598
7.487237993996998,0.1479817000069913,0.25507390079228043,0.646115930373588,0.005107706643684871,4.8041708280259385,7.72598
7.492477488744371,0.14775623960069056,0.2550415375083332,0.6454757642505009,0.005107706643684871,4.8041708280259385,7.72598
7.497716983491745,0.14753077919438984,0.25500917422438596,0.6448355981274135,0.005107706643684871,4.8041708280259385,7.72598
7.502956478239119,0.1473053187880891,0.2549768109404387,0.6441954320043264,0.005107706643684871,4.8041708280259385,7.72598
7.508195972986493,0.14707985838178836,0.25494444765649144,0.6435552658812391,0.005107706643684871,4.8041708280259385,7.72598
7.513435467733866,0.1468543979754876,0.25491208437254426,0.6429150997581522,0.005107706643684871,4.8041708280259385,7.72598
7.518674962481239,0.14662893756918693,0.254879721088597,0.6422749336350649,0.005107706643684871,4.8041708280259385,7.72598
7.523914457228614,0.14640347716288618,0.2548473578046498,0.6416347675119776,0.005107706643684871,4.8041708280259385,7.72598
7.529153951975987,0.14617801675658545,0.2548149945207025,0.6409946013888903,0.005107706643684871,4.8041708280259385,7.72598
7.534393446723361,0.14602980395568224,0.25478683838144006,0.6403462065560457,0.005107706643684871,4.8041708280259385,7.72598
7.539632941470734,0.14643335976476196,0.25478873327564006,0.6396390352249332,0.005107706643684871,4.8041708280259385,7.72598
7.5448724362181085,0.14683691557384174,0.25479062816984005,0.6389318638938205,0.005107706643684871,4.8041708280259385,7.72598
7.550111930965482,0.14724047138292146,0.25479252306404004,0.638224692562708,0.005107706643684871,4.8041708280259385,7.72598
7.555351425712856,0.14764402719200123,0.25479441795824004,0.6375175212315952,0.005107706643684871,4.8041708280259385,7.72598
7.560590920460229,0.14804758300108092,0.25479631285244003,0.6368103499004828,0.005107706643684871,4.8041708280259385,7.72598
7.565830415207603,0.1484511388101606,0.25479820774664,0.6361031785693702,0.005107706643684871,4.8041708280259385,7.72598
7.571069909954977,0.14885469461924034,0.25480010264084,0.6353960072382576,0.005107706643684871,4.8041708280259385,7.72598
7.57630940470235,0.14925825042832008,0.25480199753504,0.6346888359071451,0.005107706643684871,4.8041708280259385,7.72598
7.581548899449724,0.14966180623739986,0.25480389242924,0.6339816645760323,0.005107706643684871,4.8041708280259385,7.72598
7.5867883941970975,0.15003633732058408,0.25477694525193534,0.6332036145510004,0.005107706643684871,4.8041708280259385,7.72598
7.592027888944472,0.15015743299229017,0.25449815754783367,0.631806672515646,0.005107706643684871,4.8041708280259385,7.72598
7.597267383691845,0.15027852866399632,0.254219369843732,0.6304097304802918,0.005107706643684871,4.8041708280259385,7.72598
7.602506878439219,0.15039962433570242,0.2539405821396303,0.6290127884449374,0.005107706643684871,4.8041708280259385,7.72598
7.607746373186592,0.15052072000740846,0.25366179443552866,0.6276158464095831,0.005107706643684871,4.8041708280259385,7.72598
7.612985867933967,0.1506418156791146,0.253383006731427,0.6262189043742287,0.005107706643684871,4.8041708280259385,7.72598
7.61822536268134,0.1507629113508207,0.25310421902732533,0.6248219623388745,0.005107706643684871,4.8041708280259385,7.72598
7.623464857428713,0.1508840070225268,0.2528254313232237,0.6234250203035203,0.005107706643684871,4.8041708280259385,7.72598
7.628704352176087,0.1510051026942329,0.252546643619122,0.6220280782681658,0.005107706643684871,4.8041708280259385,7.72598
7.633943846923461,0.151126198365939,0.2522678559150203,0.6206311362328116,0.005107706643684871,4.8041708280259385,7.72598
7.639183341670835,0.15130664948915687,0.2520326264063736,0.6193431519958826,0.005107706643684871,4.8041708280259385,7.72598
7.644422836418208,0.1521454065291421,0.25228049688368237,0.6192636087960361,0.005107706643684871,4.8041708280259385,7.72598
7.649662331165582,0.15298416356912742,0.2525283673609912,0.61918406559619,0.005107706643684871,4.8041708280259385,7.72598
7.6549018259129555,0.15382292060911257,0.25277623783830006,0.6191045223963437,0.005107706643684871,4.8041708280259385,7.72598
7.66014132066033,0.15466167764909797,0.2530241083156089,0.6190249791964975,0.005107706643684871,4.8041708280259385,7.72598
7.665380815407703,0.15550043468908317,0.25327197879291774,0.6189454359966513,0.005107706643684871,4.8041708280259385,7.72598
7.670620310155077,0.15633919172906852,0.2535198492702266,0.618865892796805,0.005107706643684871,4.8041708280259385,7.72598
7.67585980490245,0.15717794876905375,0.25376771974753537,0.6187863495969588,0.005107706643684871,4.8041708280259385,7.72598
7.681099299649824,0.15801670580903895,0.25401559022484416,0.6187068063971125,0.005107706643684871,4.8041708280259385,7.72598
7.686338794397198,0.15885546284902427,0.25426346070215305,0.6186272631972662,0.005107706643684871,4.8041708280259385,7.72598
7.691578289144571,0.15962317155431494,0.25447423020336835,0.6185294077086012,0.005107706643684871,4.8041708280259385,7.72598
7.696817783891945,0.15932799717257132,0.2541299691022223,0.6181576003792064,0.005107706643684871,4.8041708280259385,7.72598
7.702057278639319,0.1590328227908278,0.2537857080010763,0.6177857930498117,0.005107706643684871,4.8041708280259385,7.72598
7.707296773386693,0.15873764840908416,0.2534414468999303,0.6174139857204171,0.005107706643684871,4.8041708280259385,7.72598
7.712536268134066,0.15844247402734057,0.2530971857987843,0.6170421783910225,0.005107706643684871,4.8041708280259385,7.72598
7.71777576288144,0.158147299645597,0.25275292469763827,0.6166703710616277,0.005107706643684871,4.8041708280259385,7.72598
7.723015257628814,0.15785212526385342,0.25240866359649233,0.616298563732233,0.005107706643684871,4.8041708280259385,7.72598
7.728254752376187,0.15755695088210986,0.25206440249534634,0.6159267564028383,0.005107706643684871,4.8041708280259385,7.72598
7.733494247123561,0.15726177650036624,0.25172014139420035,0.6155549490734435,0.005107706643684871,4.8041708280259385,7.72598
7.738733741870934,0.1569666021186227,0.2513758802930543,0.6151831417440489,0.005107706643684871,4.8041708280259385,7.72598
7.743973236618308,0.1566997133714083,0.2510478033496707,0.6147705376827641,0.005107706643684871,4.8041708280259385,7.72598
7.749212731365682,0.15706841947067418,0.25108339395130114,0.6134412070578327,0.005107706643684871,4.8041708280259385,7.72598
7.754452226113056,0.1574371255699401,0.2511189845529315,0.6121118764329011,0.005107706643684871,4.8041708280259385,7.72598
7.759691720860429,0.15780583166920598,0.25115457515456197,0.6107825458079695,0.005107706643684871,4.8041708280259385,7.72598
7.764931215607803,0.1581745377684719,0.2511901657561924,0.609453215183038,0.005107706643684871,4.8041708280259385,7.72598
7.770170710355177,0.1585432438677378,0.2512257563578228,0.6081238845581065,0.005107706643684871,4.8041708280259385,7.72598
7.775410205102551,0.15891194996700372,0.25126134695945324,0.6067945539331749,0.005107706643684871,4.8041708280259385,7.72598
7.780649699849924,0.1592806560662696,0.2512969375610837,0.6054652233082436,0.005107706643684871,4.8041708280259385,7.72598
7.7858891945972974,0.15964936216553546,0.25133252816271406,0.604135892683312,0.005107706643684871,4.8041708280259385,7.72598
7.791128689344672,0.1600180682648014,0.2513681187643445,0.6028065620583805,0.005107706643684871,4.8041708280259385,7.72598
7.796368184092045,0.1603823671460295,0.2514019454931902,0.6015155776076619,0.005107706643684871,4.8041708280259385,7.72598
7.801607678839419,0.1605556865789536,0.2513593377346988,0.6018862607061843,0.005107706643684871,4.8041708280259385,7.72598
7.806847173586792,0.16072900601187776,0.25131672997620735,0.6022569438047066,0.005107706643684871,4.8041708280259385,7.72598
7.8120866683341665,0.16090232544480187,0.2512741222177159,0.6026276269032289,0.005107706643684871,4.8041708280259385,7.72598
7.81732616308154,0.161075644877726,0.2512315144592244,0.6029983100017511,0.005107706643684871,4.8041708280259385,7.72598
7.822565657828914,0.1612489643106501,0.251188906700733,0.6033689931002734,0.005107706643684871,4.8041708280259385,7.72598
7.827805152576287,0.16142228374357426,0.25114629894224155,0.6037396761987956,0.005107706643684871,4.8041708280259385,7.72598
7.833044647323661,0.16159560317649835,0.25110369118375014,0.6041103592973179,0.005107706643684871,4.8041708280259385,7.72598
7.838284142071035,0.16176892260942247,0.2510610834252587,0.6044810423958401,0.005107706643684871,4.8041708280259385,7.72598
7.843523636818408,0.1619422420423466,0.2510184756667672,0.6048517254943625,0.005107706643684871,4.8041708280259385,7.72598
7.848763131565782,0.16211491388584431,0.25097572230068244,0.6052191622640122,0.005107706643684871,4.8041708280259385,7.72598
7.8540026263131555,0.16202984513761412,0.2508750171124456,0.6042945601423009,0.005107706643684871,4.8041708280259385,7.72598
7.85924212106053,0.16194477638938387,0.2507743119242088,0.6033699580205893,0.005107706643684871,4.8041708280259385,7.72598
7.864481615807903,0.16185970764115368,0.25067360673597194,0.6024453558988782,0.005107706643684871,4.8041708280259385,7.72598
7.869721110555277,0.16177463889292346,0.2505729015477351,0.6015207537771667,0.005107706643684871,4.8041708280259385,7.72598
7.87496060530265,0.16168957014469323,0.2504721963594983,0.6005961516554554,0.005107706643684871,4.8041708280259385,7.72598
7.880200100050025,0.161604501396463,0.25037149117126145,0.599671549533744,0.005107706643684871,4.8041708280259385,7.72598
7.885439594797398,0.16151943264823282,0.25027078598302466,0.5987469474120327,0.005107706643684871,4.8041708280259385,7.72598
7.890679089544771,0.16143436390000257,0.25017008079478786,0.5978223452903215,0.005107706643684871,4.8041708280259385,7.72598
7.895918584292145,0.16134929515177238,0.250069375606551,0.59689774316861,0.005107706643684871,4.8041708280259385,7.72598
7.901158079039519,0.16126422640354218,0.2499686704183142,0.5959731410468988,0.005107706643684871,4.8041708280259385,7.72598
7.906397573786893,0.16160475967723487,0.25005848790197527,0.5955894550492837,0.005107706643684871,4.8041708280259385,7.72598
7.911637068534266,0.1619528929870333,0.250151707576206,0.5952154282681708,0.005107706643684871,4.8041708280259385,7.72598
7.91687656328164,0.16230102629683177,0.2502449272504367,0.5948414014870576,0.005107706643684871,4.8041708280259385,7.72598
7.922116058029013,0.1626491596066302,0.2503381469246674,0.5944673747059444,0.005107706643684871,4.8041708280259385,7.72598
7.927355552776388,0.1629972929164287,0.25043136659889814,0.5940933479248311,0.005107706643684871,4.8041708280259385,7.72598
7.932595047523761,0.1633454262262271,0.2505245862731288,0.5937193211437181,0.005107706643684871,4.8041708280259385,7.72598
7.937834542271135,0.1636935595360256,0.25061780594735955,0.5933452943626049,0.005107706643684871,4.8041708280259385,7.72598
7.9430740370185084,0.164041692845824,0.25071102562159026,0.5929712675814917,0.005107706643684871,4.8041708280259385,7.72598
7.948313531765882,0.16438982615562245,0.2508042452958209,0.5925972408003786,0.005107706643684871,4.8041708280259385,7.72598
7.953553026513256,0.16473795946542094,0.25089746497005166,0.5922232140192654,0.005107706643684871,4.8041708280259385,7.72598
7.958792521260629,0.16511763719909714,0.25102752463613426,0.5918894662392524,0.005107706643684871,4.8041708280259385,7.72598
7.964032016008003,0.16549854713683124,0.25115902336439855,0.5915572918577198,0.005107706643684871,4.8041708280259385,7.72598
7.969271510755377,0.16587945707456522,0.25129052209266284,0.5912251174761872,0.005107706643684871,4.8041708280259385,7.72598
7.974511005502751,0.1662603670122993,0.25142202082092713,0.5908929430946547,0.005107706643684871,4.8041708280259385,7.72598
7.979750500250124,0.16664127695003325,0.2515535195491915,0.5905607687131225,0.005107706643684871,4.8041708280259385,7.72598
7.984989994997498,0.16702218688776732,0.25168501827745576,0.5902285943315897,0.005107706643684871,4.8041708280259385,7.72598
7.990229489744872,0.16740309682550128,0.25181651700572005,0.5898964199500571,0.005107706643684871,4.8041708280259385,7.72598
7.995468984492245,0.1677840067632353,0.25194801573398434,0.5895642455685246,0.005107706643684871,4.8041708280259385,7.72598
8.000708479239618,0.1681649167009693,0.25207951446224863,0.5892320711869924,0.005107706643684871,4.8041708280259385,7.72598
8.005947973986993,0.1685458266387034,0.252211013190513,0.5888998968054595,0.005107706643684871,4.8041708280259385,7.72598
8.011187468734366,0.16839848052085327,0.2523300419929931,0.5888878976124476,0.005107706643684871,4.8041708280259385,7.72598
8.01642696348174,0.16821882086768816,0.25244830800745977,0.5888954836038398,0.005107706643684871,4.8041708280259385,7.72598
8.021666458229113,0.16803916121452303,0.25256657402192645,0.5889030695952321,0.005107706643684871,4.8041708280259385,7.72598
8.026905952976488,0.16785950156135787,0.2526848400363932,0.5889106555866244,0.005107706643684871,4.8041708280259385,7.72598
8.032145447723861,0.16767984190819277,0.25280310605085987,0.5889182415780165,0.005107706643684871,4.8041708280259385,7.72598
8.037384942471235,0.1675001822550277,0.2529213720653266,0.5889258275694087,0.005107706643684871,4.8041708280259385,7.72598
8.042624437218608,0.16732052260186261,0.2530396380797933,0.588933413560801,0.005107706643684871,4.8041708280259385,7.72598
8.047863931965981,0.16714086294869746,0.25315790409426,0.5889409995521933,0.005107706643684871,4.8041708280259385,7.72598
8.053103426713356,0.1669612032955323,0.2532761701087267,0.5889485855435855,0.005107706643684871,4.8041708280259385,7.72598
8.05834292146073,0.16678154364236716,0.2533944361231934,0.5889561715349776,0.005107706643684871,4.8041708280259385,7.72598
8.063582416208103,0.16684164122813905,0.25352457341485285,0.5883434537104018,0.005107706643684871,4.8041708280259385,7.72598
8.068821910955476,0.16692193575523442,0.25365571073258014,0.587678482031763,0.005107706643684871,4.8041708280259385,7.72598
8.074061405702851,0.1670022302823298,0.2537868480503075,0.5870135103531242,0.005107706643684871,4.8041708280259385,7.72598
8.079300900450225,0.1670825248094252,0.2539179853680348,0.5863485386744856,0.005107706643684871,4.8041708280259385,7.72598
8.084540395197598,0.16716281933652055,0.2540491226857621,0.5856835669958469,0.005107706643684871,4.8041708280259385,7.72598
8.089779889944971,0.16724311386361593,0.25418026000348937,0.5850185953172082,0.005107706643684871,4.8041708280259385,7.72598
8.095019384692346,0.16732340839071136,0.2543113973212167,0.5843536236385695,0.005107706643684871,4.8041708280259385,7.72598
8.10025887943972,0.1674037029178067,0.254442534638944,0.5836886519599309,0.005107706643684871,4.8041708280259385,7.72598
8.105498374187093,0.16748399744490208,0.25457367195667135,0.5830236802812921,0.005107706643684871,4.8041708280259385,7.72598
8.110737868934466,0.1675642919719975,0.25470480927439865,0.5823587086026536,0.005107706643684871,4.8041708280259385,7.72598
8.11597736368184,0.16765172557227717,0.2545825002153709,0.5817913583435499,0.0006657615029115623,4.8041708280259385,7.72598
8.121216858429214,0.16773993257215186,0.25443273446552794,0.581234583738229,0.0006657615029115623,4.8041708280259385,7.72598
8.126456353176588,0.16782813957202652,0.25428296871568506,0.5806778091329082,0.0006657615029115623,4.8041708280259385,7.72598
8.131695847923961,0.16791634657190121,0.2541332029658422,0.5801210345275875,0.0006657615029115623,4.8041708280259385,7.72598
8.136935342671334,0.16800455357177588,0.2539834372159993,0.5795642599222668,0.0006657615029115623,4.8041708280259385,7.72598
8.14217483741871,0.1680927605716506,0.2538336714661564,0.5790074853169459,0.0006657615029115623,4.8041708280259385,7.72598
8.147414332166083,0.16818096757152526,0.2536839057163135,0.5784507107116251,0.0006657615029115623,4.8041708280259385,7.72598
8.152653826913456,0.16826917457139992,0.2535341399664706,0.5778939361063044,0.0006657615029115623,4.8041708280259385,7.72598
8.15789332166083,0.16835738157127464,0.2533843742166277,0.5773371615009836,0.0006657615029115623,4.8041708280259385,7.72598
8.163132816408202,0.1684455885711493,0.2532346084667848,0.5767803868956629,0.0006657615029115623,4.8041708280259385,7.72598
8.168372311155577,0.16830987369311026,0.25362576028576045,0.5759581250520815,0.0006657615029115623,4.8041708280259385,7.72598
8.17361180590295,0.16814426015523612,0.2540891368937545,0.5751004146283915,0.0006657615029115623,4.8041708280259385,7.72598
8.178851300650324,0.16797864661736198,0.2545525135017486,0.5742427042047011,0.0006657615029115623,4.8041708280259385,7.72598
8.184090795397697,0.16781303307948786,0.25501589010974274,0.5733849937810112,0.0006657615029115623,4.8041708280259385,7.72598
8.189330290145072,0.16764741954161366,0.25547926671773696,0.5725272833573208,0.0006657615029115623,4.8041708280259385,7.72598
8.194569784892446,0.16748180600373955,0.2559426433257311,0.5716695729336307,0.0006657615029115623,4.8041708280259385,7.72598
8.199809279639819,0.16731619246586538,0.25640601993372514,0.5708118625099406,0.0006657615029115623,4.8041708280259385,7.72598
8.205048774387192,0.16715057892799126,0.2568693965417192,0.5699541520862504,0.0006657615029115623,4.8041708280259385,7.72598
8.210288269134566,0.1669849653901171,0.2573327731497133,0.5690964416625605,0.0006657615029115623,4.8041708280259385,7.72598
8.21552776388194,0.16681935185224295,0.2577961497577076,0.56823873123887,0.0006657615029115623,4.8041708280259385,7.72598
8.220767258629314,0.16709487469033474,0.2577626359255303,0.5687341673976268,0.0006657615029115623,4.8041708280259385,7.72598
8.226006753376687,0.16744092805365357,0.25764967740088374,0.5694459496669492,0.0006657615029115623,4.8041708280259385,7.72598
8.23124624812406,0.16778698141697238,0.2575367188762373,0.5701577319362714,0.0006657615029115623,4.8041708280259385,7.72598
8.236485742871436,0.1681330347802913,0.2574237603515908,0.5708695142055937,0.0006657615029115623,4.8041708280259385,7.72598
8.241725237618809,0.16847908814361012,0.2573108018269443,0.571581296474916,0.0006657615029115623,4.8041708280259385,7.72598
8.246964732366182,0.16882514150692896,0.2571978433022978,0.5722930787442383,0.0006657615029115623,4.8041708280259385,7.72598
8.252204227113555,0.16917119487024776,0.25708488477765135,0.5730048610135603,0.0006657615029115623,4.8041708280259385,7.72598
8.25744372186093,0.16951724823356673,0.2569719262530048,0.5737166432828827,0.0006657615029115623,4.8041708280259385,7.72598
8.262683216608304,0.16986330159688554,0.2568589677283583,0.5744284255522049,0.0006657615029115623,4.8041708280259385,7.72598
8.267922711355677,0.1702093549602043,0.2567460092037119,0.5751402078215271,0.0006657615029115623,4.8041708280259385,7.72598
8.27316220610305,0.1699445059366037,0.2568463463969773,0.5744079799846775,0.0006657615029115623,4.8041708280259385,7.72598
8.278401700850424,0.16956511271545546,0.25698667653735124,0.5734050002529203,0.0006657615029115623,4.8041708280259385,7.72598
8.283641195597799,0.169185719494307,0.2571270066777252,0.5724020205211628,0.0006657615029115623,4.8041708280259385,7.72598
8.288880690345172,0.16880632627315872,0.25726733681809916,0.5713990407894056,0.0006657615029115623,4.8041708280259385,7.72598
8.294120185092545,0.16842693305201042,0.2574076669584731,0.5703960610576483,0.0006657615029115623,4.8041708280259385,7.72598
8.299359679839919,0.16804753983086215,0.2575479970988471,0.5693930813258911,0.0006657615029115623,4.8041708280259385,7.72598
8.304599174587294,0.16766814660971374,0.2576883272392211,0.5683901015941335,0.0006657615029115623,4.8041708280259385,7.72598
8.309838669334667,0.16728875338856544,0.25782865737959504,0.567387121862376,0.0006657615029115623,4.8041708280259385,7.72598
8.31507816408204,0.16690936016741717,0.257968987519969,0.5663841421306189,0.0006657615029115623,4.8041708280259385,7.72598
8.320317658829413,0.16652996694626887,0.258109317660343,0.5653811623988616,0.0006657615029115623,4.8041708280259385,7.72598
8.325557153576787,0.1665193238586342,0.258487412882763,0.5648157585643616,0.0006657615029115623,4.8041708280259385,7.72598
8.330796648324162,0.16658850168404674,0.25891697554672366,0.5643450739027434,0.0006657615029115623,4.8041708280259385,7.72598
8.336036143071535,0.16665767950945923,0.25934653821068426,0.5638743892411252,0.0006657615029115623,4.8041708280259385,7.72598
8.341275637818908,0.16672685733487175,0.25977610087464487,0.5634037045795071,0.0006657615029115623,4.8041708280259385,7.72598
8.346515132566282,0.16679603516028424,0.2602056635386053,0.562933019917889,0.0006657615029115623,4.8041708280259385,7.72598
8.351754627313657,0.16686521298569676,0.260635226202566,0.5624623352562708,0.0006657615029115623,4.8041708280259385,7.72598
8.35699412206103,0.16693439081110928,0.26106478886652656,0.5619916505946525,0.0006657615029115623,4.8041708280259385,7.72598
8.362233616808403,0.1670035686365218,0.2614943515304871,0.5615209659330344,0.0006657615029115623,4.8041708280259385,7.72598
8.367473111555777,0.1670727464619343,0.26192391419444766,0.5610502812714163,0.0006657615029115623,4.8041708280259385,7.72598
8.37271260630315,0.16714192428734678,0.26235347685840815,0.5605795966097982,0.0006657615029115623,4.8041708280259385,7.72598
8.377952101050525,0.16727133685417703,0.2627968568665219,0.5608403774038418,0.0006657615029115623,4.8041708280259385,7.72598
8.383191595797898,0.1674156198727948,0.26324364803147327,0.5612817387322526,0.0006657615029115623,4.8041708280259385,7.72598
8.388431090545271,0.16755990289141254,0.2636904391964246,0.5617231000606634,0.0006657615029115623,4.8041708280259385,7.72598
8.393670585292645,0.16770418591003025,0.26413723036137593,0.5621644613890742,0.0006657615029115623,4.8041708280259385,7.72598
8.39891008004002,0.1678484689286481,0.2645840215263274,0.562605822717485,0.0006657615029115623,4.8041708280259385,7.72598
8.404149574787393,0.1679927519472658,0.2650308126912787,0.5630471840458958,0.0006657615029115623,4.8041708280259385,7.72598
8.409389069534766,0.1681370349658835,0.2654776038562301,0.5634885453743066,0.0006657615029115623,4.8041708280259385,7.72598
8.41462856428214,0.1682813179845013,0.2659243950211814,0.5639299067027174,0.0006657615029115623,4.8041708280259385,7.72598
8.419868059029515,0.16842560100311907,0.2663711861861329,0.5643712680311284,0.0006657615029115623,4.8041708280259385,7.72598
8.425107553776888,0.1685698840217368,0.26681797735108426,0.564812629359539,0.0006657615029115623,4.8041708280259385,7.72598
8.430347048524261,0.1686322297921204,0.26702636395283,0.5642840973823919,0.0006657615029115623,4.8041708280259385,7.72598
8.435586543271635,0.16867172767597713,0.26716827235906654,0.5634851143873489,0.0006657615029115623,4.8041708280259385,7.72598
8.440826038019008,0.1687112255598339,0.2673101807653031,0.5626861313923059,0.0006657615029115623,4.8041708280259385,7.72598
8.446065532766383,0.1687507234436907,0.26745208917153973,0.5618871483972627,0.0006657615029115623,4.8041708280259385,7.72598
8.451305027513756,0.16879022132754742,0.26759399757777624,0.5610881654022197,0.0006657615029115623,4.8041708280259385,7.72598
8.45654452226113,0.16882971921140416,0.26773590598401276,0.5602891824071766,0.0006657615029115623,4.8041708280259385,7.72598
8.461784017008503,0.16886921709526093,0.26787781439024927,0.5594901994121335,0.0006657615029115623,4.8041708280259385,7.72598
8.467023511755878,0.16890871497911766,0.26801972279648584,0.5586912164170903,0.0006657615029115623,4.8041708280259385,7.72598
8.472263006503251,0.16894821286297446,0.26816163120272246,0.5578922334220474,0.0006657615029115623,4.8041708280259385,7.72598
8.477502501250624,0.1689877107468312,0.2683035396089589,0.5570932504270043,0.0006657615029115623,4.8041708280259385,7.72598
8.482741995997998,0.16860852841673987,0.2683562824566093,0.5572502801598417,0.0006657615029115623,4.8041708280259385,7.72598
8.487981490745371,0.16809850851978972,0.2683811610672014,0.5577060638701421,0.0006657615029115623,4.8041708280259385,7.72598
8.493220985492746,0.16758848862283937,0.2684060396777936,0.5581618475804426,0.0006657615029115623,4.8041708280259385,7.72598
8.49846048024012,0.16707846872588916,0.2684309182883857,0.5586176312907429,0.0006657615029115623,4.8041708280259385,7.72598
8.503699974987493,0.166568448828939,0.26845579689897786,0.5590734150010432,0.0006657615029115623,4.8041708280259385,7.72598
8.508939469734866,0.16605842893198883,0.26848067550957,0.5595291987113435,0.0006657615029115623,4.8041708280259385,7.72598
8.514178964482241,0.16554840903503845,0.2685055541201621,0.559984982421644,0.0006657615029115623,4.8041708280259385,7.72598
8.519418459229614,0.16503838913808824,0.26853043273075433,0.5604407661319444,0.0006657615029115623,4.8041708280259385,7.72598
8.524657953976988,0.16452836924113812,0.2685553113413464,0.5608965498422447,0.0006657615029115623,4.8041708280259385,7.72598
8.52989744872436,0.1640183493441879,0.26858018995193855,0.561352333552545,0.0006657615029115623,4.8041708280259385,7.72598
8.535136943471734,0.16398620153439986,0.26880054132370956,0.561229594406424,0.0006657615029115623,4.8041708280259385,7.72598
8.54037643821911,0.1641203402954827,0.26908891193332346,0.5609055449420208,0.0006657615029115623,4.8041708280259385,7.72598
8.545615932966482,0.16425447905656546,0.2693772825429372,0.5605814954776177,0.0006657615029115623,4.8041708280259385,7.72598
8.550855427713856,0.16438861781764824,0.26966565315255103,0.5602574460132147,0.0006657615029115623,4.8041708280259385,7.72598
8.556094922461229,0.16452275657873103,0.2699540237621647,0.5599333965488116,0.0006657615029115623,4.8041708280259385,7.72598
8.561334417208604,0.16465689533981384,0.2702423943717786,0.5596093470844085,0.0006657615029115623,4.8041708280259385,7.72598
8.566573911955977,0.16479103410089657,0.2705307649813924,0.5592852976200053,0.0006657615029115623,4.8041708280259385,7.72598
8.57181340670335,0.1649251728619794,0.2708191355910062,0.5589612481556023,0.0006657615029115623,4.8041708280259385,7.72598
8.577052901450724,0.16505931162306217,0.2711075062006199,0.5586371986911992,0.0006657615029115623,4.8041708280259385,7.72598
8.582292396198099,0.165193450384145,0.27139587681023375,0.5583131492267961,0.0006657615029115623,4.8041708280259385,7.72598
8.587531890945472,0.16499744515954987,0.27187597724858514,0.557657877641916,0.0006657615029115623,4.8041708280259385,7.72598
8.592771385692846,0.16467419694047492,0.27242997355842913,0.5568749475314355,0.0006657615029115623,4.8041708280259385,7.72598
8.598010880440219,0.16435094872139994,0.27298396986827306,0.5560920174209552,0.0006657615029115623,4.8041708280259385,7.72598
8.603250375187592,0.16402770050232496,0.273537966178117,0.5553090873104748,0.0006657615029115623,4.8041708280259385,7.72598
8.608489869934967,0.16370445228324987,0.2740919624879611,0.5545261571999941,0.0006657615029115623,4.8041708280259385,7.72598
8.61372936468234,0.1633812040641749,0.27464595879780496,0.5537432270895137,0.0006657615029115623,4.8041708280259385,7.72598
8.618968859429714,0.16305795584509988,0.27519995510764894,0.5529602969790333,0.0006657615029115623,4.8041708280259385,7.72598
8.624208354177087,0.16273470762602493,0.2757539514174928,0.5521773668685528,0.0006657615029115623,4.8041708280259385,7.72598
8.629447848924462,0.16241145940694987,0.27630794772733697,0.5513944367580721,0.0006657615029115623,4.8041708280259385,7.72598
8.634687343671835,0.16208821118787486,0.27686194403718084,0.5506115066475916,0.0006657615029115623,4.8041708280259385,7.72598
8.639926838419209,0.1617672405963222,0.2774057646591307,0.5503206192083426,0.0006657615029115623,4.8041708280259385,7.72598
8.645166333166582,0.16144723799646654,0.27794526061372565,0.5502388499043671,0.0006657615029115623,4.8041708280259385,7.72598
8.650405827913955,0.1611272353966108,0.2784847565683205,0.5501570806003914,0.0006657615029115623,4.8041708280259385,7.72598
8.65564532266133,0.160807232796755,0.2790242525229156,0.5500753112964158,0.0006657615029115623,4.8041708280259385,7.72598
8.660884817408704,0.16048723019689928,0.2795637484775105,0.5499935419924403,0.0006657615029115623,4.8041708280259385,7.72598
8.666124312156077,0.1601672275970436,0.28010324443210544,0.5499117726884648,0.0006657615029115623,4.8041708280259385,7.72598
8.67136380690345,0.1598472249971879,0.2806427403867003,0.5498300033844893,0.0006657615029115623,4.8041708280259385,7.72598
8.676603301650825,0.1595272223973321,0.28118223634129536,0.5497482340805135,0.0006657615029115623,4.8041708280259385,7.72598
8.681842796398199,0.15920721979747643,0.28172173229589026,0.5496664647765381,0.0006657615029115623,4.8041708280259385,7.72598
8.687082291145572,0.1588872171976207,0.28226122825048516,0.5495846954725625,0.0006657615029115623,4.8041708280259385,7.72598
8.692321785892945,0.15886628569100023,0.28251702639402243,0.5495843921067468,0.0006657615029115623,4.8041708280259385,7.72598
8.697561280640318,0.1589849939962947,0.28264036269195547,0.5496221261458808,0.0006657615029115623,4.8041708280259385,7.72598
8.702800775387693,0.15910370230158924,0.2827636989898886,0.5496598601850146,0.0006657615029115623,4.8041708280259385,7.72598
8.708040270135067,0.15922241060688372,0.2828870352878217,0.5496975942241485,0.0006657615029115623,4.8041708280259385,7.72598
8.71327976488244,0.1593411189121782,0.2830103715857548,0.5497353282632824,0.0006657615029115623,4.8041708280259385,7.72598
8.718519259629813,0.15945982721747273,0.28313370788368786,0.5497730623024163,0.0006657615029115623,4.8041708280259385,7.72598
8.723758754377188,0.15957853552276724,0.28325704418162106,0.5498107963415503,0.0006657615029115623,4.8041708280259385,7.72598
8.728998249124562,0.15969724382806175,0.2833803804795541,0.5498485303806842,0.0006657615029115623,4.8041708280259385,7.72598
8.734237743871935,0.15981595213335623,0.28350371677748726,0.5498862644198181,0.0006657615029115623,4.8041708280259385,7.72598
8.739477238619308,0.1599346604386507,0.28362705307542024,0.5499239984589521,0.0006657615029115623,4.8041708280259385,7.72598
8.744716733366683,0.15981024248713918,0.28364988085539333,0.5500036381143758,0.0006657615029115623,4.8041708280259385,7.72598
8.749956228114057,0.15956149860885172,0.28362131223413667,0.5501047067781295,0.0006657615029115623,4.8041708280259385,7.72598
8.75519572286143,0.15931275473056425,0.28359274361288006,0.550205775441883,0.0006657615029115623,4.8041708280259385,7.72598
8.760435217608803,0.1590640108522768,0.28356417499162334,0.5503068441056369,0.0006657615029115623,4.8041708280259385,7.72598
8.765674712356176,0.15881526697398934,0.2835356063703668,0.5504079127693905,0.0006657615029115623,4.8041708280259385,7.72598
8.770914207103552,0.15856652309570182,0.28350703774911007,0.5505089814331443,0.0006657615029115623,4.8041708280259385,7.72598
8.776153701850925,0.15831777921741433,0.28347846912785346,0.5506100500968979,0.0006657615029115623,4.8041708280259385,7.72598
8.781393196598298,0.15806903533912686,0.2834499005065968,0.5507111187606517,0.0006657615029115623,4.8041708280259385,7.72598
8.786632691345671,0.15782029146083945,0.28342133188534013,0.5508121874244054,0.0006657615029115623,4.8041708280259385,7.72598
8.791872186093046,0.1575715475825519,0.28339276326408347,0.5509132560881591,0.0006657615029115623,4.8041708280259385,7.72598
8.79711168084042,0.15728762162549464,0.283778535059529,0.5505350736133976,0.0006657615029115623,4.8041708280259385,7.72598
8.802351175587793,0.15698404317912457,0.2843957548221165,0.5498891844479808,0.0006657615029115623,4.8041708280259385,7.72598
8.807590670335166,0.1566804647327545,0.28501297458470404,0.5492432952825644,0.0006657615029115623,4.8041708280259385,7.72598
8.81283016508254,0.15637688628638444,0.2856301943472916,0.5485974061171479,0.0006657615029115623,4.8041708280259385,7.72598
8.818069659829915,0.15607330784001427,0.28624741410987936,0.547951516951731,0.0006657615029115623,4.8041708280259385,7.72598
8.823309154577288,0.1557697293936442,0.28686463387246697,0.5473056277863146,0.0006657615029115623,4.8041708280259385,7.72598
8.828548649324661,0.15546615094727412,0.28748185363505446,0.5466597386208981,0.0006657615029115623,4.8041708280259385,7.72598
8.833788144072034,0.1551625725009041,0.28809907339764207,0.5460138494554816,0.0006657615029115623,4.8041708280259385,7.72598
8.83902763881941,0.15485899405453388,0.28871629316022984,0.5453679602900647,0.0006657615029115623,4.8041708280259385,7.72598
8.844267133566783,0.1545554156081638,0.2893335129228173,0.5447220711246483,0.0006657615029115623,4.8041708280259385,7.72598
8.849506628314156,0.15464442400143275,0.2898895108883688,0.544634725723457,0.0006657615029115623,4.8041708280259385,7.72598
8.85474612306153,0.1549724671236759,0.29040823267911187,0.5448874614045162,0.0006657615029115623,4.8041708280259385,7.72598
8.859985617808903,0.155300510245919,0.29092695446985495,0.5451401970855754,0.0006657615029115623,4.8041708280259385,7.72598
8.865225112556278,0.15562855336816223,0.2914456762605982,0.5453929327666348,0.0006657615029115623,4.8041708280259385,7.72598
8.870464607303651,0.1559565964904054,0.29196439805134133,0.545645668447694,0.0006657615029115623,4.8041708280259385,7.72598
8.875704102051024,0.15628463961264855,0.29248311984208436,0.5458984041287532,0.0006657615029115623,4.8041708280259385,7.72598
8.880943596798398,0.15661268273489165,0.29300184163282744,0.5461511398098124,0.0006657615029115623,4.8041708280259385,7.72598
8.886183091545773,0.15694072585713492,0.2935205634235707,0.5464038754908719,0.0006657615029115623,4.8041708280259385,7.72598
8.891422586293146,0.15726876897937803,0.2940392852143138,0.5466566111719311,0.0006657615029115623,4.8041708280259385,7.72598
8.89666208104052,0.15759681210162116,0.29455800700505685,0.5469093468529903,0.0006657615029115623,4.8041708280259385,7.72598
8.901901575787893,0.15739726173827517,0.2947851074683992,0.5468341593339555,0.0006657615029115623,4.8041708280259385,7.72598
8.907141070535266,0.15684818069072612,0.29481900880233836,0.5465417226948583,0.0006657615029115623,4.8041708280259385,7.72598
8.91238056528264,0.1562990996431769,0.29485291013627757,0.546249286055761,0.0006657615029115623,4.8041708280259385,7.72598
8.917620060030014,0.15575001859562787,0.2948868114702168,0.5459568494166637,0.0006657615029115623,4.8041708280259385,7.72598
8.922859554777387,0.15520093754807882,0.2949207128041558,0.5456644127775665,0.0006657615029115623,4.8041708280259385,7.72598
8.92809904952476,0.1546518565005298,0.294954614138095,0.5453719761384692,0.0006657615029115623,4.8041708280259385,7.72598
8.933338544272136,0.15410277545298054,0.2949885154720342,0.5450795394993718,0.0006657615029115623,4.8041708280259385,7.72598
8.938578039019509,0.1535536944054315,0.29502241680597335,0.5447871028602745,0.0006657615029115623,4.8041708280259385,7.72598
8.943817533766882,0.15300461335788249,0.2950563181399125,0.5444946662211774,0.0006657615029115623,4.8041708280259385,7.72598
8.949057028514256,0.15245553231033343,0.2950902194738517,0.5442022295820801,0.0006657615029115623,4.8041708280259385,7.72598
8.95429652326163,0.15201179935107087,0.2951981874954055,0.5440510709514373,0.0006657615029115623,4.8041708280259385,7.72598
8.959536018009004,0.15164389885191126,0.29535947076192315,0.5440016081286047,0.0006657615029115623,4.8041708280259385,7.72598
8.964775512756377,0.15127599835275168,0.2955207540284408,0.5439521453057717,0.0006657615029115623,4.8041708280259385,7.72598
8.97001500750375,0.15090809785359216,0.29568203729495846,0.543902682482939,0.0006657615029115623,4.8041708280259385,7.72598
8.975254502251124,0.15054019735443253,0.2958433205614761,0.5438532196601061,0.0006657615029115623,4.8041708280259385,7.72598
8.980493996998499,0.15017229685527284,0.2960046038279938,0.5438037568372733,0.0006657615029115623,4.8041708280259385,7.72598
8.985733491745872,0.1498043963561132,0.29616588709451147,0.5437542940144405,0.0006657615029115623,4.8041708280259385,7.72598
8.990972986493246,0.14943649585695365,0.29632717036102907,0.5437048311916078,0.0006657615029115623,4.8041708280259385,7.72598
8.996212481240619,0.14906859535779404,0.2964884536275468,0.5436553683687749,0.0006657615029115623,4.8041708280259385,7.72598
9.001451975987994,0.1487006948586343,0.2966497368940645,0.5436059055459421,0.0006657615029115623,4.8041708280259385,7.72598
9.006691470735367,0.14844053530001491,0.2968599602143344,0.5431153253163983,0.0006657615029115623,4.8041708280259385,7.72598
9.01193096548274,0.14826454835119252,0.29710841795159854,0.542280122112861,0.0006657615029115623,4.8041708280259385,7.72598
9.017170460230114,0.1480885614023702,0.2973568756888626,0.5414449189093238,0.0006657615029115623,4.8041708280259385,7.72598
9.022409954977489,0.14791257445354783,0.29760533342612666,0.5406097157057866,0.0006657615029115623,4.8041708280259385,7.72598
9.027649449724862,0.14773658750472543,0.29785379116339084,0.5397745125022492,0.0006657615029115623,4.8041708280259385,7.72598
9.032888944472235,0.14756060055590303,0.2981022489006549,0.5389393092987118,0.0006657615029115623,4.8041708280259385,7.72598
9.038128439219609,0.14738461360708072,0.298350706637919,0.5381041060951747,0.0006657615029115623,4.8041708280259385,7.72598
9.043367933966982,0.14720862665825835,0.2985991643751831,0.5372689028916375,0.0006657615029115623,4.8041708280259385,7.72598
9.048607428714355,0.14703263970943595,0.2988476221124472,0.5364336996881001,0.0006657615029115623,4.8041708280259385,7.72598
9.05384692346173,0.14685665276061358,0.2990960798497113,0.5355984964845628,0.0006657615029115623,4.8041708280259385,7.72598
9.059086418209104,0.1467366040760091,0.2992690829307062,0.5351098256900155,0.0006657615029115623,4.8041708280259385,7.72598
9.064325912956477,0.14666394753192258,0.2993781591501398,0.5349147448530844,0.0006657615029115623,4.8041708280259385,7.72598
9.06956540770385,0.14659129098783605,0.2994872353695735,0.5347196640161533,0.0006657615029115623,4.8041708280259385,7.72598
9.074804902451223,0.1465186344437495,0.2995963115890071,0.5345245831792222,0.0006657615029115623,4.8041708280259385,7.72598
9.080044397198598,0.14644597789966296,0.2997053878084408,0.534329502342291,0.0006657615029115623,4.8041708280259385,7.72598
9.085283891945972,0.1463733213555764,0.2998144640278744,0.53413442150536,0.0006657615029115623,4.8041708280259385,7.72598
9.090523386693343,0.14630066481148987,0.2999235402473081,0.5339393406684289,0.0006657615029115623,4.8041708280259385,7.72598
9.09576288144072,0.14622800826740331,0.30003261646674173,0.5337442598314976,0.0006657615029115623,4.8041708280259385,7.72598
9.101002376188092,0.14615535172331676,0.3001416926861755,0.5335491789945667,0.0006657615029115623,4.8041708280259385,7.72598
9.106241870935468,0.14608269517923025,0.3002507689056091,0.5333540981576356,0.0006657615029115623,4.8041708280259385,7.72598
9.11148136568284,0.14589218001398851,0.300502575746342,0.5336567004986046,0.0006657615029115623,4.8041708280259385,7.72598
9.116720860430217,0.14559343890335877,0.30088544772490305,0.5344163099885116,0.0006657615029115623,4.8041708280259385,7.72598
9.121960355177588,0.1452946977927292,0.3012683197034638,0.5351759194784184,0.0006657615029115623,4.8041708280259385,7.72598
9.127199849924962,0.14499595668209952,0.30165119168202464,0.5359355289683252,0.0006657615029115623,4.8041708280259385,7.72598
9.132439344672337,0.14469721557146992,0.30203406366058544,0.536695138458232,0.0006657615029115623,4.8041708280259385,7.72598
9.137678839419708,0.14439847446084028,0.30241693563914634,0.5374547479481389,0.0006657615029115623,4.8041708280259385,7.72598
9.142918334167083,0.14409973335021053,0.3027998076177073,0.5382143574380458,0.0006657615029115623,4.8041708280259385,7.72598
9.148157828914457,0.14380099223958093,0.3031826795962681,0.5389739669279527,0.0006657615029115623,4.8041708280259385,7.72598
9.15339732366183,0.1435022511289513,0.30356555157482895,0.5397335764178595,0.0006657615029115623,4.8041708280259385,7.72598
9.158636818409205,0.14320351001832168,0.30394842355338986,0.5404931859077663,0.0006657615029115623,4.8041708280259385,7.72598
9.163876313156578,0.14311906901078716,0.30408225637630537,0.5407408858824998,0.0006657615029115623,4.8041708280259385,7.72598
9.169115807903951,0.1432478566058323,0.3039682952393538,0.5404792358896355,0.0006657615029115623,4.8041708280259385,7.72598
9.174355302651325,0.14337664420087742,0.30385433410240226,0.5402175858967713,0.0006657615029115623,4.8041708280259385,7.72598
9.179594797398698,0.1435054317959226,0.30374037296545064,0.539955935903907,0.0006657615029115623,4.8041708280259385,7.72598
9.184834292146071,0.14363421939096774,0.3036264118284991,0.5396942859110428,0.0006657615029115623,4.8041708280259385,7.72598
9.190073786893446,0.1437630069860129,0.3035124506915475,0.5394326359181786,0.0006657615029115623,4.8041708280259385,7.72598
9.19531328164082,0.14389179458105808,0.3033984895545959,0.5391709859253143,0.0006657615029115623,4.8041708280259385,7.72598
9.200552776388191,0.14402058217610322,0.3032845284176444,0.5389093359324502,0.0006657615029115623,4.8041708280259385,7.72598
9.205792271135566,0.14414936977114837,0.30317056728069286,0.5386476859395859,0.0006657615029115623,4.8041708280259385,7.72598
9.21103176588294,0.14427815736619357,0.30305660614374125,0.5383860359467214,0.0006657615029115623,4.8041708280259385,7.72598
9.216271260630316,0.14421790180282357,0.30310496882478977,0.5384180680083295,0.0006657615029115623,4.8041708280259385,7.72598
9.221510755377688,0.14395383408428697,0.3033283368721199,0.5387667260349155,0.0006657615029115623,4.8041708280259385,7.72598
9.22675025012506,0.1436897663657504,0.3035517049194501,0.5391153840615016,0.0006657615029115623,4.8041708280259385,7.72598
9.231989744872434,0.1434256986472138,0.30377507296678025,0.5394640420880876,0.0006657615029115623,4.8041708280259385,7.72598
9.23722923961981,0.14316163092867712,0.30399844101411044,0.5398127001146737,0.0006657615029115623,4.8041708280259385,7.72598
9.242468734367185,0.14289756321014052,0.30422180906144064,0.5401613581412598,0.0006657615029115623,4.8041708280259385,7.72598
9.247708229114556,0.14263349549160398,0.3044451771087707,0.5405100161678458,0.0006657615029115623,4.8041708280259385,7.72598
9.25294772386193,0.14236942777306738,0.30466854515610087,0.5408586741944319,0.0006657615029115623,4.8041708280259385,7.72598
9.258187218609304,0.1421053600545307,0.3048919132034311,0.5412073322210179,0.0006657615029115623,4.8041708280259385,7.72598
9.263426713356678,0.14184129233599413,0.30511528125076126,0.5415559902476039,0.0006657615029115623,4.8041708280259385,7.72598
9.268666208104053,0.14164379992970344,0.3051404737242278,0.5417868635517182,0.0006657615029115623,4.8041708280259385,7.72598
9.273905702851424,0.14152409932848278,0.3049341023477994,0.5418801079681614,0.0006657615029115623,4.8041708280259385,7.72598
9.2791451975988,0.14140439872726207,0.3047277309713709,0.5419733523846046,0.0006657615029115623,4.8041708280259385,7.72598
9.284384692346173,0.14128469812604139,0.3045213595949424,0.542066596801048,0.0006657615029115623,4.8041708280259385,7.72598
9.289624187093546,0.1411649975248207,0.304314988218514,0.5421598412174913,0.0006657615029115623,4.8041708280259385,7.72598
9.29486368184092,0.14104529692360002,0.3041086168420855,0.5422530856339345,0.0006657615029115623,4.8041708280259385,7.72598
9.300103176588292,0.14092559632237933,0.30390224546565714,0.5423463300503777,0.0006657615029115623,4.8041708280259385,7.72598
9.305342671335668,0.14080589572115862,0.3036958740892286,0.5424395744668211,0.0006657615029115623,4.8041708280259385,7.72598
9.31058216608304,0.14068619511993796,0.3034895027128002,0.5425328188832643,0.0006657615029115623,4.8041708280259385,7.72598
9.315821660830414,0.14056649451871728,0.3032831313363717,0.5426260632997075,0.0006657615029115623,4.8041708280259385,7.72598
9.321061155577787,0.14044441663254814,0.30350417440074673,0.5426847525387166,0.0006657615029115623,4.8041708280259385,7.72598
9.326300650325162,0.14031932661829086,0.3042667709895497,0.5426996587972268,0.0006657615029115623,4.8041708280259385,7.72598
9.331540145072536,0.14019423660403363,0.3050293675783522,0.542714565055737,0.0006657615029115623,4.8041708280259385,7.72598
9.336779639819907,0.14006914658977637,0.3057919641671548,0.5427294713142472,0.0006657615029115623,4.8041708280259385,7.72598
9.342019134567282,0.13994405657551914,0.30655456075595744,0.5427443775727574,0.0006657615029115623,4.8041708280259385,7.72598
9.347258629314656,0.13981896656126191,0.30731715734476,0.5427592838312675,0.0006657615029115623,4.8041708280259385,7.72598
9.35249812406203,0.13969387654700463,0.3080797539335629,0.5427741900897777,0.0006657615029115623,4.8041708280259385,7.72598
9.357737618809404,0.1395687865327474,0.30884235052236547,0.5427890963482879,0.0006657615029115623,4.8041708280259385,7.72598
9.362977113556775,0.13944369651849015,0.3096049471111681,0.542804002606798,0.0006657615029115623,4.8041708280259385,7.72598
9.36821660830415,0.13931860650423292,0.31036754369997066,0.5428189088653081,0.0006657615029115623,4.8041708280259385,7.72598
9.373456103051526,0.1391070664823273,0.31072580576468545,0.5429095906758279,0.0006657615029115623,4.8041708280259385,7.72598
9.3786955977989,0.13877665769990516,0.31052810785877855,0.5431044638703609,0.0006657615029115623,4.8041708280259385,7.72598
9.383935092546272,0.13844624891748306,0.31033040995287153,0.5432993370648938,0.0006657615029115623,4.8041708280259385,7.72598
9.389174587293644,0.13811584013506098,0.3101327120469648,0.5434942102594268,0.0006657615029115623,4.8041708280259385,7.72598
9.39441408204102,0.13778543135263888,0.30993501414105784,0.5436890834539597,0.0006657615029115623,4.8041708280259385,7.72598
9.399653576788394,0.13745502257021663,0.30973731623515094,0.5438839566484927,0.0006657615029115623,4.8041708280259385,7.72598
9.404893071535769,0.13712461378779459,0.30953961832924404,0.5440788298430257,0.0006657615029115623,4.8041708280259385,7.72598
9.41013256628314,0.13679420500537248,0.3093419204233372,0.5442737030375585,0.0006657615029115623,4.8041708280259385,7.72598
9.415372061030514,0.13646379622295035,0.30914422251743034,0.5444685762320916,0.0006657615029115623,4.8041708280259385,7.72598
9.420611555777889,0.13613338744052816,0.3089465246115234,0.5446634494266245,0.0006657615029115623,4.8041708280259385,7.72598
9.425851050525262,0.13597442924811134,0.30880697631317605,0.5447437695679077,0.0006657615029115623,4.8041708280259385,7.72598
9.431090545272635,0.13607157537451464,0.30875428899112045,0.5446529760858994,0.0006657615029115623,4.8041708280259385,7.72598
9.436330040020009,0.13616872150091797,0.30870160166906496,0.5445621826038908,0.0006657615029115623,4.8041708280259385,7.72598
9.441569534767384,0.13626586762732132,0.3086489143470095,0.5444713891218822,0.0006657615029115623,4.8041708280259385,7.72598
9.446809029514757,0.13636301375372464,0.3085962270249539,0.5443805956398737,0.0006657615029115623,4.8041708280259385,7.72598
9.45204852426213,0.13646015988012797,0.3085435397028984,0.5442898021578653,0.0006657615029115623,4.8041708280259385,7.72598
9.457288019009503,0.1365573060065313,0.3084908523808429,0.5441990086758568,0.0006657615029115623,4.8041708280259385,7.72598
9.462527513756877,0.1366544521329346,0.30843816505878735,0.5441082151938483,0.0006657615029115623,4.8041708280259385,7.72598
9.467767008504252,0.13675159825933797,0.30838547773673186,0.5440174217118399,0.0006657615029115623,4.8041708280259385,7.72598
9.473006503251623,0.13684874438574127,0.3083327904146763,0.5439266282298314,0.0006657615029115623,4.8041708280259385,7.72598
9.478245997998998,0.13693577273664004,0.3082410579657179,0.5440316854052858,0.0006657615029115623,4.8041708280259385,7.72598
9.483485492746372,0.1370063597023439,0.30808587718554203,0.5444549998991175,0.0006657615029115623,4.8041708280259385,7.72598
9.488724987493748,0.1370769466680478,0.3079306964053662,0.5448783143929495,0.0006657615029115623,4.8041708280259385,7.72598
9.49396448224112,0.13714753363375162,0.3077755156251903,0.5453016288867814,0.0006657615029115623,4.8041708280259385,7.72598
9.499203976988492,0.1372181205994555,0.3076203348450146,0.5457249433806132,0.0006657615029115623,4.8041708280259385,7.72598
9.504443471735868,0.13728870756515935,0.3074651540648388,0.5461482578744449,0.0006657615029115623,4.8041708280259385,7.72598
9.50968296648324,0.1373592945308632,0.307309973284663,0.5465715723682767,0.0006657615029115623,4.8041708280259385,7.72598
9.514922461230617,0.1374298814965671,0.30715479250448713,0.5469948868621086,0.0006657615029115623,4.8041708280259385,7.72598
9.520161955977988,0.13750046846227093,0.3069996117243113,0.5474182013559404,0.0006657615029115623,4.8041708280259385,7.72598
9.52540145072536,0.1375710554279748,0.3068444309441355,0.5478415158497723,0.0006657615029115623,4.8041708280259385,7.72598
9.530640945472737,0.1375709167139904,0.30687661890220636,0.5480240496627818,0.0006657615029115623,4.8041708280259385,7.72598
9.53588044022011,0.1374455346088914,0.30724060566758915,0.5477802010201686,0.0006657615029115623,4.8041708280259385,7.72598
9.541119934967483,0.13732015250379243,0.3076045924329718,0.5475363523775555,0.0006657615029115623,4.8041708280259385,7.72598
9.546359429714856,0.13719477039869343,0.30796857919835446,0.5472925037349423,0.0006657615029115623,4.8041708280259385,7.72598
9.55159892446223,0.1370693882935944,0.30833256596373704,0.5470486550923291,0.0006657615029115623,4.8041708280259385,7.72598
9.556838419209605,0.13694400618849545,0.3086965527291198,0.546804806449716,0.0006657615029115623,4.8041708280259385,7.72598
9.562077913956978,0.13681862408339643,0.3090605394945026,0.5465609578071027,0.0006657615029115623,4.8041708280259385,7.72598
9.567317408704351,0.13669324197829746,0.30942452625988515,0.5463171091644894,0.0006657615029115623,4.8041708280259385,7.72598
9.572556903451725,0.13656785987319847,0.3097885130252679,0.5460732605218764,0.0006657615029115623,4.8041708280259385,7.72598
9.577796398199098,0.13644247776809948,0.3101524997906505,0.5458294118792631,0.0006657615029115623,4.8041708280259385,7.72598
9.583035892946471,0.13628673011216674,0.3103608988661731,0.5459406028019339,0.0006657615029115623,4.8041708280259385,7.72598
9.588275387693846,0.13607226083954815,0.3102684188061567,0.5467383775898235,0.0006657615029115623,4.8041708280259385,7.72598
9.59351488244122,0.1358577915669296,0.3101759387461403,0.5475361523777131,0.0006657615029115623,4.8041708280259385,7.72598
9.598754377188593,0.135643322294311,0.3100834586861239,0.5483339271656027,0.0006657615029115623,4.8041708280259385,7.72598
9.603993871935966,0.1354288530216924,0.3099909786261076,0.5491317019534923,0.0006657615029115623,4.8041708280259385,7.72598
9.60923336668334,0.1352143837490738,0.30989849856609114,0.5499294767413822,0.0006657615029115623,4.8041708280259385,7.72598
9.614472861430714,0.13499991447645524,0.30980601850607464,0.5507272515292717,0.0006657615029115623,4.8041708280259385,7.72598
9.619712356178088,0.13478544520383665,0.30971353844605837,0.5515250263171613,0.0006657615029115623,4.8041708280259385,7.72598
9.62495185092546,0.13457097593121808,0.3096210583860419,0.5523228011050508,0.0006657615029115623,4.8041708280259385,7.72598
9.630191345672836,0.13435650665859938,0.30952857832602554,0.5531205758929408,0.0006657615029115623,4.8041708280259385,7.72598
9.63543084042021,0.13421524414413746,0.309473091470782,0.5538011119858918,0.0006657615029115623,4.8041708280259385,7.72598
9.640670335167584,0.1342289740629602,0.30949592616626853,0.5542334317794025,0.0006657615029115623,4.8041708280259385,7.72598
9.645909829914956,0.13424270398178295,0.30951876086175517,0.5546657515729132,0.0006657615029115623,4.8041708280259385,7.72598
9.651149324662333,0.13425643390060568,0.30954159555724164,0.5550980713664241,0.0006657615029115623,4.8041708280259385,7.72598
9.656388819409704,0.1342701638194284,0.3095644302527283,0.555530391159935,0.0006657615029115623,4.8041708280259385,7.72598
9.661628314157078,0.13428389373825117,0.30958726494821476,0.5559627109534456,0.0006657615029115623,4.8041708280259385,7.72598
9.66686780890445,0.1342976236570739,0.3096100996437013,0.5563950307469563,0.0006657615029115623,4.8041708280259385,7.72598
9.672107303651824,0.13431135357589663,0.3096329343391878,0.5568273505404671,0.0006657615029115623,4.8041708280259385,7.72598
9.6773467983992,0.13432508349471936,0.3096557690346744,0.5572596703339779,0.0006657615029115623,4.8041708280259385,7.72598
9.682586293146572,0.1343388134135421,0.30967860373016093,0.5576919901274887,0.0006657615029115623,4.8041708280259385,7.72598
9.687825787893946,0.1343130487822927,0.3095672957231035,0.557913267427583,0.0006657615029115623,4.8041708280259385,7.72598
9.69306528264132,0.13419545932212534,0.30914410593263064,0.5576438709304825,0.0006657615029115623,4.8041708280259385,7.72598
9.698304777388694,0.1340778698619579,0.3087209161421576,0.557374474433382,0.0006657615029115623,4.8041708280259385,7.72598
9.703544272136067,0.13396028040179053,0.30829772635168473,0.5571050779362816,0.0006657615029115623,4.8041708280259385,7.72598
9.70878376688344,0.13384269094162318,0.3078745365612119,0.5568356814391813,0.0006657615029115623,4.8041708280259385,7.72598
9.714023261630814,0.13372510148145583,0.307451346770739,0.5565662849420809,0.0006657615029115623,4.8041708280259385,7.72598
9.719262756378187,0.13360751202128848,0.30702815698026614,0.5562968884449806,0.0006657615029115623,4.8041708280259385,7.72598
9.724502251125562,0.13348992256112108,0.30660496718979313,0.5560274919478801,0.0006657615029115623,4.8041708280259385,7.72598
9.729741745872936,0.1333723331009537,0.3061817773993203,0.5557580954507798,0.0006657615029115623,4.8041708280259385,7.72598
9.734981240620307,0.13325474364078638,0.3057585876088475,0.5554886989536794,0.0006657615029115623,4.8041708280259385,7.72598
9.740220735367682,0.1332299120682638,0.3054308649290986,0.5553339016472012,0.0006657615029115623,4.8041708280259385,7.72598
9.745460230115055,0.13344277258283144,0.3053477767205804,0.5554727647666924,0.0006657615029115623,4.8041708280259385,7.72598
9.75069972486243,0.13365563309739897,0.30526468851206223,0.5556116278861836,0.0006657615029115623,4.8041708280259385,7.72598
9.755939219609804,0.13386849361196654,0.305181600303544,0.5557504910056746,0.0006657615029115623,4.8041708280259385,7.72598
9.761178714357175,0.1340813541265341,0.30509851209502586,0.5558893541251658,0.0006657615029115623,4.8041708280259385,7.72598
9.76641820910455,0.13429421464110164,0.3050154238865077,0.556028217244657,0.0006657615029115623,4.8041708280259385,7.72598
9.771657703851924,0.1345070751556693,0.3049323356779895,0.5561670803641482,0.0006657615029115623,4.8041708280259385,7.72598
9.7768971985993,0.13471993567023682,0.3048492474694713,0.5563059434836393,0.0006657615029115623,4.8041708280259385,7.72598
9.782136693346672,0.1349327961848044,0.3047661592609532,0.5564448066031304,0.0006657615029115623,4.8041708280259385,7.72598
9.787376188094044,0.13514565669937195,0.304683071052435,0.5565836697226216,0.0006657615029115623,4.8041708280259385,7.72598
9.79261568284142,0.13526321870990185,0.3045810118193506,0.556766839336115,0.0006657615029115623,4.8041708280259385,7.72598
9.797855177588794,0.13511046284840203,0.3044251405454297,0.5570756860239416,0.0006657615029115623,4.8041708280259385,7.72598
9.803094672336169,0.13495770698690224,0.3042692692715086,0.5573845327117684,0.0006657615029115623,4.8041708280259385,7.72598
9.80833416708354,0.13480495112540242,0.3041133979975877,0.557693379399595,0.0006657615029115623,4.8041708280259385,7.72598
9.813573661830915,0.13465219526390254,0.30395752672366666,0.5580022260874217,0.0006657615029115623,4.8041708280259385,7.72598
9.818813156578289,0.13449943940240272,0.30380165544974563,0.5583110727752483,0.0006657615029115623,4.8041708280259385,7.72598
9.824052651325662,0.1343466835409029,0.3036457841758247,0.558619919463075,0.0006657615029115623,4.8041708280259385,7.72598
9.829292146073035,0.1341939276794031,0.3034899129019038,0.5589287661509016,0.0006657615029115623,4.8041708280259385,7.72598
9.834531640820408,0.13404117181790326,0.30333404162798283,0.5592376128387282,0.0006657615029115623,4.8041708280259385,7.72598
9.839771135567783,0.13388841595640338,0.30317817035406175,0.5595464595265549,0.0006657615029115623,4.8041708280259385,7.72598
9.845010630315157,0.13378611209449465,0.30305336143684397,0.5599294223620814,0.0006657615029115623,4.8041708280259385,7.72598
9.85025012506253,0.1338430473562953,0.30302659308297064,0.5605463142887859,0.0006657615029115623,4.8041708280259385,7.72598
9.855489619809903,0.13389998261809585,0.3029998247290974,0.5611632062154903,0.0006657615029115623,4.8041708280259385,7.72598
9.860729114557278,0.1339569178798965,0.3029730563752242,0.5617800981421951,0.0006657615029115623,4.8041708280259385,7.72598
9.865968609304652,0.13401385314169711,0.3029462880213508,0.5623969900688995,0.0006657615029115623,4.8041708280259385,7.72598
9.871208104052023,0.1340707884034977,0.3029195196674775,0.563013881995604,0.0006657615029115623,4.8041708280259385,7.72598
9.876447598799398,0.1341277236652983,0.3028927513136042,0.5636307739223085,0.0006657615029115623,4.8041708280259385,7.72598
9.881687093546772,0.13418465892709894,0.3028659829597309,0.5642476658490131,0.0006657615029115623,4.8041708280259385,7.72598
9.886926588294148,0.13424159418889958,0.3028392146058576,0.5648645577757176,0.0006657615029115623,4.8041708280259385,7.72598
9.89216608304152,0.13429852945070014,0.30281244625198434,0.5654814497024222,0.0006657615029115623,4.8041708280259385,7.72598
9.897405577788891,0.1343443630361861,0.30273784541705595,0.5659840811080707,0.0006657615029115623,4.8041708280259385,7.72598
9.902645072536266,0.13435096228833276,0.30249420024567164,0.5660829054449873,0.0006657615029115623,4.8041708280259385,7.72598
9.907884567283642,0.1343575615404794,0.3022505550742872,0.5661817297819038,0.0006657615029115623,4.8041708280259385,7.72598
9.913124062031017,0.1343641607926261,0.3020069099029029,0.5662805541188205,0.0006657615029115623,4.8041708280259385,7.72598
9.918363556778388,0.1343707600447727,0.30176326473151854,0.566379378455737,0.0006657615029115623,4.8041708280259385,7.72598
9.92360305152576,0.13437735929691935,0.3015196195601343,0.5664782027926537,0.0006657615029115623,4.8041708280259385,7.72598
9.928842546273136,0.134383958549066,0.3012759743887499,0.5665770271295704,0.0006657615029115623,4.8041708280259385,7.72598
9.93408204102051,0.13439055780121265,0.30103232921736556,0.5666758514664869,0.0006657615029115623,4.8041708280259385,7.72598
9.939321535767885,0.1343971570533593,0.3007886840459813,0.5667746758034036,0.0006657615029115623,4.8041708280259385,7.72598
9.944561030515256,0.13440375630550597,0.30054503887459694,0.5668735001403201,0.0006657615029115623,4.8041708280259385,7.72598
9.94980052526263,0.13440714766942058,0.30036015929329746,0.5670117759006361,0.0006657615029115623,4.8041708280259385,7.72598
9.955040020010005,0.13439774757901007,0.3004096075024621,0.5673073642117573,0.0006657615029115623,4.8041708280259385,7.72598
9.960279514757378,0.13438834748859957,0.3004590557116268,0.5676029525228785,0.0006657615029115623,4.8041708280259385,7.72598
9.965519009504751,0.13437894739818904,0.3005085039207914,0.5678985408339996,0.0006657615029115623,4.8041708280259385,7.72598
9.970758504252125,0.13436954730777853,0.30055795212995606,0.5681941291451207,0.0006657615029115623,4.8041708280259385,7.72598
9.9759979989995,0.13436014721736803,0.3006074003391207,0.5684897174562419,0.0006657615029115623,4.8041708280259385,7.72598
9.981237493746873,0.13435074712695752,0.30065684854828534,0.5687853057673631,0.0006657615029115623,4.8041708280259385,7.72598
9.986476988494246,0.134341347036547,0.30070629675745,0.5690808940784842,0.0006657615029115623,4.8041708280259385,7.72598
9.99171648324162,0.13433194694613645,0.3007557449666146,0.5693764823896054,0.0006657615029115623,4.8041708280259385,7.72598
9.996955977988993,0.13432254685572592,0.3008051931757792,0.5696720707007263,0.0006657615029115623,4.8041708280259385,7.72598
10.002195472736368,0.13431485035998497,0.3007970853635145,0.5699662149377352,0.0006657615029115623,4.8041708280259385,7.72598
10.00743496748374,0.13431489102336822,0.3005275772872582,0.570253800671484,0.0006657615029115623,4.8041708280259385,7.72598
10.012674462231114,0.13431493168675146,0.3002580692110019,0.5705413864052328,0.0006657615029115623,4.8041708280259385,7.72598
10.017913956978488,0.1343149723501347,0.2999885611347455,0.5708289721389815,0.0006657615029115623,4.8041708280259385,7.72598
10.023153451725864,0.13431501301351795,0.299719053058489,0.5711165578727303,0.0006657615029115623,4.8041708280259385,7.72598
10.028392946473236,0.13431505367690122,0.29944954498223264,0.5714041436064791,0.0006657615029115623,4.8041708280259385,7.72598
10.03363244122061,0.13431509434028446,0.29918003690597633,0.5716917293402278,0.0006657615029115623,4.8041708280259385,7.72598
10.038871935967984,0.13431513500366773,0.2989105288297199,0.5719793150739766,0.0006657615029115623,4.8041708280259385,7.72598
10.044111430715356,0.134315175667051,0.29864102075346355,0.5722669008077254,0.0006657615029115623,4.8041708280259385,7.72598
10.049350925462733,0.13431521633043425,0.29837151267720713,0.5725544865414741,0.0006657615029115623,4.8041708280259385,7.72598
10.054590420210104,0.13430742049565225,0.2981086223925965,0.572805157343095,0.0006657615029115623,4.8041708280259385,7.72598
10.059829914957476,0.1342586054907866,0.29788037211113155,0.572862601546859,0.0006657615029115623,4.8041708280259385,7.72598
10.06506940970485,0.1342097904859209,0.2976521218296666,0.5729200457506229,0.0006657615029115623,4.8041708280259385,7.72598
10.070308904452226,0.1341609754810552,0.2974238715482015,0.5729774899543869,0.0006657615029115623,4.8041708280259385,7.72598
10.0755483991996,0.13411216047618957,0.29719562126673643,0.573034934158151,0.0006657615029115623,4.8041708280259385,7.72598
10.080787893946972,0.13406334547132387,0.2969673709852715,0.5730923783619148,0.0006657615029115623,4.8041708280259385,7.72598
10.086027388694346,0.13401453046645823,0.2967391207038064,0.5731498225656788,0.0006657615029115623,4.8041708280259385,7.72598
10.09126688344172,0.13396571546159253,0.2965108704223415,0.5732072667694428,0.0006657615029115623,4.8041708280259385,7.72598
10.096506378189094,0.13391690045672688,0.29628262014087636,0.5732647109732067,0.0006657615029115623,4.8041708280259385,7.72598
10.101745872936467,0.13386808545186119,0.29605436985941136,0.5733221551769707,0.0006657615029115623,4.8041708280259385,7.72598
10.10698536768384,0.1338433109347373,0.2958653652980039,0.5734641485776399,0.0006657615029115623,4.8041708280259385,7.72598
10.112224862431214,0.13396578440503204,0.29591674077194896,0.5741240058093549,0.0006657615029115623,4.8041708280259385,7.72598
10.117464357178587,0.13408825787532683,0.2959681162458941,0.57478386304107,0.0006657615029115623,4.8041708280259385,7.72598
10.122703851925962,0.13421073134562153,0.2960194917198391,0.5754437202727848,0.0006657615029115623,4.8041708280259385,7.72598
10.127943346673336,0.13433320481591626,0.2960708671937842,0.5761035775044997,0.0006657615029115623,4.8041708280259385,7.72598
10.133182841420709,0.134455678286211,0.29612224266772924,0.5767634347362144,0.0006657615029115623,4.8041708280259385,7.72598
10.138422336168084,0.13457815175650578,0.29617361814167437,0.5774232919679297,0.0006657615029115623,4.8041708280259385,7.72598
10.143661830915455,0.13470062522680049,0.2962249936156193,0.5780831491996445,0.0006657615029115623,4.8041708280259385,7.72598
10.14890132566283,0.13482309869709522,0.2962763690895645,0.5787430064313593,0.0006657615029115623,4.8041708280259385,7.72598
10.154140820410204,0.13494557216738995,0.2963277445635095,0.5794028636630744,0.0006657615029115623,4.8041708280259385,7.72598
10.159380315157575,0.13503508214213214,0.29629581340012123,0.5799997873695322,0.0006657615029115623,4.8041708280259385,7.72598
10.164619809904952,0.13488354655564494,0.29565470245122866,0.580136509672546,0.0006657615029115623,4.8041708280259385,7.72598
10.169859304652324,0.1347320109691578,0.2950135915023363,0.5802732319755599,0.0006657615029115623,4.8041708280259385,7.72598
10.1750987993997,0.13458047538267065,0.294372480553444,0.5804099542785739,0.0006657615029115623,4.8041708280259385,7.72598
10.180338294147072,0.13442893979618353,0.2937313696045517,0.5805466765815875,0.0006657615029115623,4.8041708280259385,7.72598
10.185577788894449,0.13427740420969636,0.2930902586556592,0.5806833988846014,0.0006657615029115623,4.8041708280259385,7.72598
10.19081728364182,0.13412586862320922,0.2924491477067669,0.5808201211876152,0.0006657615029115623,4.8041708280259385,7.72598
10.196056778389194,0.13397433303672207,0.2918080367578745,0.580956843490629,0.0006657615029115623,4.8041708280259385,7.72598
10.201296273136569,0.13382279745023495,0.2911669258089822,0.5810935657936428,0.0006657615029115623,4.8041708280259385,7.72598
10.20653576788394,0.13367126186374778,0.2905258148600899,0.5812302880966567,0.0006657615029115623,4.8041708280259385,7.72598
10.211775262631315,0.13353615953148118,0.2899648919010066,0.581367382208175,0.0006657615029115623,4.8041708280259385,7.72598
10.217014757378688,0.1335485456558444,0.29012365615046204,0.5815078133010209,0.0006657615029115623,4.8041708280259385,7.72598
10.222254252126062,0.1335609317802076,0.29028242039991753,0.5816482443938669,0.0006657615029115623,4.8041708280259385,7.72598
10.227493746873437,0.13357331790457078,0.2904411846493729,0.5817886754867126,0.0006657615029115623,4.8041708280259385,7.72598
10.23273324162081,0.133585704028934,0.2905999488988285,0.5819291065795587,0.0006657615029115623,4.8041708280259385,7.72598
10.237972736368183,0.13359809015329718,0.2907587131482839,0.5820695376724045,0.0006657615029115623,4.8041708280259385,7.72598
10.243212231115557,0.13361047627766037,0.2909174773977392,0.5822099687652504,0.0006657615029115623,4.8041708280259385,7.72598
10.24845172586293,0.13362286240202356,0.29107624164719476,0.5823503998580963,0.0006657615029115623,4.8041708280259385,7.72598
10.253691220610303,0.13363524852638678,0.2912350058966502,0.5824908309509422,0.0006657615029115623,4.8041708280259385,7.72598
10.258930715357678,0.13364763465074997,0.2913937701461056,0.5826312620437881,0.0006657615029115623,4.8041708280259385,7.72598
10.264170210105052,0.13367324381525558,0.2915210051565718,0.5828094208210584,0.0006657615029115623,4.8041708280259385,7.72598
10.269409704852425,0.1338505047213935,0.29128663920738057,0.5834202689790677,0.0006657615029115623,4.8041708280259385,7.72598
10.274649199599798,0.13402776562753152,0.2910522732581895,0.5840311171370771,0.0006657615029115623,4.8041708280259385,7.72598
10.279888694347171,0.1342050265336695,0.29081790730899826,0.5846419652950867,0.0006657615029115623,4.8041708280259385,7.72598
10.285128189094548,0.1343822874398075,0.2905835413598071,0.5852528134530961,0.0006657615029115623,4.8041708280259385,7.72598
10.29036768384192,0.13455954834594544,0.2903491754106159,0.5858636616111056,0.0006657615029115623,4.8041708280259385,7.72598
10.295607178589291,0.13473680925208345,0.2901148094614247,0.586474509769115,0.0006657615029115623,4.8041708280259385,7.72598
10.300846673336668,0.13491407015822146,0.28988044351223347,0.5870853579271246,0.0006657615029115623,4.8041708280259385,7.72598
10.30608616808404,0.13509133106435944,0.28964607756304234,0.5876962060851341,0.0006657615029115623,4.8041708280259385,7.72598
10.311325662831416,0.1352685919704974,0.2894117116138511,0.5883070542431433,0.0006657615029115623,4.8041708280259385,7.72598
10.316565157578788,0.1354372746560934,0.28918071979264887,0.5889053986295592,0.0006657615029115623,4.8041708280259385,7.72598
10.32180465232616,0.13547192264571997,0.2890024487212732,0.5893083715848212,0.0006657615029115623,4.8041708280259385,7.72598
10.327044147073536,0.1355065706353466,0.28882417764989743,0.5897113445400834,0.0006657615029115623,4.8041708280259385,7.72598
10.33228364182091,0.13554121862497318,0.2886459065785217,0.5901143174953456,0.0006657615029115623,4.8041708280259385,7.72598
10.337523136568285,0.13557586661459975,0.28846763550714605,0.5905172904506075,0.0006657615029115623,4.8041708280259385,7.72598
10.342762631315656,0.13561051460422635,0.28828936443577036,0.5909202634058698,0.0006657615029115623,4.8041708280259385,7.72598
10.348002126063031,0.13564516259385295,0.28811109336439455,0.591323236361132,0.0006657615029115623,4.8041708280259385,7.72598
10.353241620810405,0.1356798105834795,0.28793282229301886,0.5917262093163942,0.0006657615029115623,4.8041708280259385,7.72598
10.358481115557778,0.13571445857310607,0.28775455122164323,0.5921291822716563,0.0006657615029115623,4.8041708280259385,7.72598
10.363720610305151,0.13574910656273267,0.28757628015026754,0.5925321552269184,0.0006657615029115623,4.8041708280259385,7.72598
10.368960105052524,0.1357848626795596,0.28740242852474013,0.5929105941449709,0.0006657615029115623,4.8041708280259385,7.72598
10.3741995997999,0.1358471445912443,0.28733436738420604,0.5927017495473164,0.0006657615029115623,4.8041708280259385,7.72598
10.379439094547273,0.13590942650292898,0.2872663062436721,0.592492904949662,0.0006657615029115623,4.8041708280259385,7.72598
10.384678589294646,0.13597170841461367,0.2871982451031381,0.5922840603520076,0.0006657615029115623,4.8041708280259385,7.72598
10.38991808404202,0.13603399032629837,0.28713018396260404,0.5920752157543532,0.0006657615029115623,4.8041708280259385,7.72598
10.395157578789394,0.1360962722379831,0.28706212282207005,0.5918663711566985,0.0006657615029115623,4.8041708280259385,7.72598
10.400397073536768,0.1361585541496678,0.286994061681536,0.5916575265590442,0.0006657615029115623,4.8041708280259385,7.72598
10.40563656828414,0.1362208360613525,0.286926000541002,0.5914486819613898,0.0006657615029115623,4.8041708280259385,7.72598
10.410876063031514,0.13628311797303716,0.286857939400468,0.5912398373637353,0.0006657615029115623,4.8041708280259385,7.72598
10.416115557778888,0.13634539988472186,0.28678987825993396,0.5910309927660811,0.0006657615029115623,4.8041708280259385,7.72598
10.421355052526264,0.1364103386857366,0.28672008079061956,0.590826964969833,0.0006657615029115623,4.8041708280259385,7.72598
10.426594547273636,0.13660513295275722,0.2865654202521674,0.590858358342329,0.0006657615029115623,4.8041708280259385,7.72598
10.43183404202101,0.1367999272197779,0.28641075971371527,0.5908897517148247,0.0006657615029115623,4.8041708280259385,7.72598
10.437073536768382,0.13699472148679853,0.28625609917526307,0.5909211450873207,0.0006657615029115623,4.8041708280259385,7.72598
10.442313031515758,0.1371895157538192,0.2861014386368108,0.5909525384598167,0.0006657615029115623,4.8041708280259385,7.72598
10.44755252626313,0.13738431002083987,0.28594677809835856,0.5909839318323127,0.0006657615029115623,4.8041708280259385,7.72598
10.452792021010504,0.13757910428786052,0.2857921175599064,0.5910153252048087,0.0006657615029115623,4.8041708280259385,7.72598
10.458031515757876,0.13777389855488115,0.2856374570214542,0.5910467185773047,0.0006657615029115623,4.8041708280259385,7.72598
10.46327101050525,0.13796869282190183,0.285482796483002,0.5910781119498006,0.0006657615029115623,4.8041708280259385,7.72598
10.468510505252626,0.13816348708892254,0.28532813594454975,0.5911095053222966,0.0006657615029115623,4.8041708280259385,7.72598
10.47375,0.13835828135594316,0.28517347540609755,0.5911408986947926,0.0006657615029115623,4.8041708280259385,7.72598
