r (A),g(r)_weighted_Cl-Cl,g(r)_weighted_Rb-Cl,g(r)_weighted_Rb-Rb,S_i_Rb-Cl,Average_SCL,SCL_BC
0.0,0.0,0.0,0.0,1.0,5.114819313208746,0
0.0052394947473736,0.0,0.0,0.0,1.0,5.114819313208746,0
0.0104789894947473,0.0,0.0,0.0,1.0,5.114819313208746,0
0.015718484242121,0.0,0.0,0.0,1.0,5.114819313208746,0
0.0209579789894947,0.0,0.0,0.0,1.0,5.114819313208746,0
0.0261974737368684,0.0,0.0,0.0,1.0,5.114819313208746,0
0.0314369684842421,0.0,0.0,0.0,1.0,5.114819313208746,0
0.0366764632316158,0.0,0.0,0.0,1.0,5.114819313208746,0
0.0419159579789895,0.0,0.0,0.0,1.0,5.114819313208746,0
0.0471554527263631,0.0,0.0,0.0,1.0,5.114819313208746,0
0.0523949474737368,0.0,0.0,0.0,1.0,5.114819313208746,0
0.0576344422211105,0.0,0.0,0.0,1.0,5.114819313208746,0
0.0628739369684842,0.0,0.0,0.0,1.0,5.114819313208746,0
0.0681134317158579,0.0,0.0,0.0,1.0,5.114819313208746,0
0.0733529264632316,0.0,0.0,0.0,1.0,5.114819313208746,0
0.0785924212106053,0.0,0.0,0.0,1.0,5.114819313208746,0
0.083831915957979,0.0,0.0,0.0,1.0,5.114819313208746,0
0.0890714107053526,0.0,0.0,0.0,1.0,5.114819313208746,0
0.0943109054527263,0.0,0.0,0.0,1.0,5.114819313208746,0
0.0995504002001,0.0,0.0,0.0,1.0,5.114819313208746,0
0.1047898949474737,0.0,0.0,0.0,1.0,5.114819313208746,0
0.1100293896948474,0.0,0.0,0.0,1.0,5.114819313208746,0
0.1152688844422211,0.0,0.0,0.0,1.0,5.114819313208746,0
0.1205083791895948,0.0,0.0,0.0,1.0,5.114819313208746,0
0.1257478739369684,0.0,0.0,0.0,1.0,5.114819313208746,0
0.1309873686843422,0.0,0.0,0.0,1.0,5.114819313208746,0
0.1362268634317158,0.0,0.0,0.0,1.0,5.114819313208746,0
0.1414663581790895,0.0,0.0,0.0,1.0,5.114819313208746,0
0.1467058529264632,0.0,0.0,0.0,1.0,5.114819313208746,0
0.1519453476738369,0.0,0.0,0.0,1.0,5.114819313208746,0
0.1571848424212106,0.0,0.0,0.0,1.0,5.114819313208746,0
0.1624243371685843,0.0,0.0,0.0,1.0,5.114819313208746,0
0.167663831915958,0.0,0.0,0.0,1.0,5.114819313208746,0
0.1729033266633316,0.0,0.0,0.0,1.0,5.114819313208746,0
0.1781428214107053,0.0,0.0,0.0,1.0,5.114819313208746,0
0.183382316158079,0.0,0.0,0.0,1.0,5.114819313208746,0
0.1886218109054527,0.0,0.0,0.0,1.0,5.114819313208746,0
0.1938613056528264,0.0,0.0,0.0,1.0,5.114819313208746,0
0.1991008004002001,0.0,0.0,0.0,1.0,5.114819313208746,0
0.2043402951475738,0.0,0.0,0.0,1.0,5.114819313208746,0
0.2095797898949475,0.0,0.0,0.0,1.0,5.114819313208746,0
0.2148192846423211,0.0,0.0,0.0,1.0,5.114819313208746,0
0.2200587793896948,0.0,0.0,0.0,1.0,5.114819313208746,0
0.2252982741370685,0.0,0.0,0.0,1.0,5.114819313208746,0
0.2305377688844422,0.0,0.0,0.0,1.0,5.114819313208746,0
0.2357772636318159,0.0,0.0,0.0,1.0,5.114819313208746,0
0.2410167583791896,0.0,0.0,0.0,1.0,5.114819313208746,0
0.2462562531265633,0.0,0.0,0.0,1.0,5.114819313208746,0
0.2514957478739369,0.0,0.0,0.0,1.0,5.114819313208746,0
0.2567352426213106,0.0,0.0,0.0,1.0,5.114819313208746,0
0.2619747373686844,0.0,0.0,0.0,1.0,5.114819313208746,0
0.267214232116058,0.0,0.0,0.0,1.0,5.114819313208746,0
0.2724537268634317,0.0,0.0,0.0,1.0,5.114819313208746,0
0.2776932216108054,0.0,0.0,0.0,1.0,5.114819313208746,0
0.2829327163581791,0.0,0.0,0.0,1.0,5.114819313208746,0
0.2881722111055528,0.0,0.0,0.0,1.0,5.114819313208746,0
0.2934117058529265,0.0,0.0,0.0,1.0,5.114819313208746,0
0.2986512006003001,0.0,0.0,0.0,1.0,5.114819313208746,0
0.3038906953476739,0.0,0.0,0.0,1.0,5.114819313208746,0
0.3091301900950475,0.0,0.0,0.0,1.0,5.114819313208746,0
0.3143696848424212,0.0,0.0,0.0,1.0,5.114819313208746,0
0.3196091795897949,0.0,0.0,0.0,1.0,5.114819313208746,0
0.3248486743371686,0.0,0.0,0.0,1.0,5.114819313208746,0
0.3300881690845423,0.0,0.0,0.0,1.0,5.114819313208746,0
0.335327663831916,0.0,0.0,0.0,1.0,5.114819313208746,0
0.3405671585792896,0.0,0.0,0.0,1.0,5.114819313208746,0
0.3458066533266633,0.0,0.0,0.0,1.0,5.114819313208746,0
0.351046148074037,0.0,0.0,0.0,1.0,5.114819313208746,0
0.3562856428214107,0.0,0.0,0.0,1.0,5.114819313208746,0
0.3615251375687844,0.0,0.0,0.0,1.0,5.114819313208746,0
0.3667646323161581,0.0,0.0,0.0,1.0,5.114819313208746,0
0.3720041270635318,0.0,0.0,0.0,1.0,5.114819313208746,0
0.3772436218109055,0.0,0.0,0.0,1.0,5.114819313208746,0
0.3824831165582791,0.0,0.0,0.0,1.0,5.114819313208746,0
0.3877226113056528,0.0,0.0,0.0,1.0,5.114819313208746,0
0.3929621060530265,0.0,0.0,0.0,1.0,5.114819313208746,0
0.3982016008004002,0.0,0.0,0.0,1.0,5.114819313208746,0
0.4034410955477739,0.0,0.0,0.0,1.0,5.114819313208746,0
0.4086805902951476,0.0,0.0,0.0,1.0,5.114819313208746,0
0.4139200850425213,0.0,0.0,0.0,1.0,5.114819313208746,0
0.419159579789895,0.0,0.0,0.0,1.0,5.114819313208746,0
0.4243990745372686,0.0,0.0,0.0,1.0,5.114819313208746,0
0.4296385692846423,0.0,0.0,0.0,1.0,5.114819313208746,0
0.434878064032016,0.0,0.0,0.0,1.0,5.114819313208746,0
0.4401175587793897,0.0,0.0,0.0,1.0,5.114819313208746,0
0.4453570535267634,0.0,0.0,0.0,1.0,5.114819313208746,0
0.4505965482741371,0.0,0.0,0.0,1.0,5.114819313208746,0
0.4558360430215107,0.0,0.0,0.0,1.0,5.114819313208746,0
0.4610755377688845,0.0,0.0,0.0,1.0,5.114819313208746,0
0.4663150325162581,0.0,0.0,0.0,1.0,5.114819313208746,0
0.4715545272636318,0.0,0.0,0.0,1.0,5.114819313208746,0
0.4767940220110055,0.0,0.0,0.0,1.0,5.114819313208746,0
0.4820335167583792,0.0,0.0,0.0,1.0,5.114819313208746,0
0.4872730115057529,0.0,0.0,0.0,1.0,5.114819313208746,0
0.4925125062531266,0.0,0.0,0.0,1.0,5.114819313208746,0
0.4977520010005002,0.0,0.0,0.0,1.0,5.114819313208746,0
0.5029914957478739,0.0,0.0,0.0,1.0,5.114819313208746,0
0.5082309904952477,0.0,0.0,0.0,1.0,5.114819313208746,0
0.5134704852426213,0.0,0.0,0.0,1.0,5.114819313208746,0
0.518709979989995,0.0,0.0,0.0,1.0,5.114819313208746,0
0.5239494747373687,0.0,0.0,0.0,1.0,5.114819313208746,0
0.5291889694847424,0.0,0.0,0.0,1.0,5.114819313208746,0
0.5344284642321161,0.0,0.0,0.0,1.0,5.114819313208746,0
0.5396679589794898,0.0,0.0,0.0,1.0,5.114819313208746,0
0.5449074537268634,0.0,0.0,0.0,1.0,5.114819313208746,0
0.5501469484742372,0.0,0.0,0.0,1.0,5.114819313208746,0
0.5553864432216108,0.0,0.0,0.0,1.0,5.114819313208746,0
0.5606259379689845,0.0,0.0,0.0,1.0,5.114819313208746,0
0.5658654327163583,0.0,0.0,0.0,1.0,5.114819313208746,0
0.5711049274637319,0.0,0.0,0.0,1.0,5.114819313208746,0
0.5763444222111056,0.0,0.0,0.0,1.0,5.114819313208746,0
0.5815839169584793,0.0,0.0,0.0,1.0,5.114819313208746,0
0.586823411705853,0.0,0.0,0.0,1.0,5.114819313208746,0
0.5920629064532267,0.0,0.0,0.0,1.0,5.114819313208746,0
0.5973024012006003,0.0,0.0,0.0,1.0,5.114819313208746,0
0.602541895947974,0.0,0.0,0.0,1.0,5.114819313208746,0
0.6077813906953478,0.0,0.0,0.0,1.0,5.114819313208746,0
0.6130208854427214,0.0,0.0,0.0,1.0,5.114819313208746,0
0.6182603801900951,0.0,0.0,0.0,1.0,5.114819313208746,0
0.6234998749374687,0.0,0.0,0.0,1.0,5.114819313208746,0
0.6287393696848425,0.0,0.0,0.0,1.0,5.114819313208746,0
0.6339788644322162,0.0,0.0,0.0,1.0,5.114819313208746,0
0.6392183591795898,0.0,0.0,0.0,1.0,5.114819313208746,0
0.6444578539269635,0.0,0.0,0.0,1.0,5.114819313208746,0
0.6496973486743373,0.0,0.0,0.0,1.0,5.114819313208746,0
0.6549368434217109,0.0,0.0,0.0,1.0,5.114819313208746,0
0.6601763381690846,0.0,0.0,0.0,1.0,5.114819313208746,0
0.6654158329164582,0.0,0.0,0.0,1.0,5.114819313208746,0
0.670655327663832,0.0,0.0,0.0,1.0,5.114819313208746,0
0.6758948224112057,0.0,0.0,0.0,1.0,5.114819313208746,0
0.6811343171585793,0.0,0.0,0.0,1.0,5.114819313208746,0
0.686373811905953,0.0,0.0,0.0,1.0,5.114819313208746,0
0.6916133066533267,0.0,0.0,0.0,1.0,5.114819313208746,0
0.6968528014007004,0.0,0.0,0.0,1.0,5.114819313208746,0
0.7020922961480741,0.0,0.0,0.0,1.0,5.114819313208746,0
0.7073317908954477,0.0,0.0,0.0,1.0,5.114819313208746,0
0.7125712856428215,0.0,0.0,0.0,1.0,5.114819313208746,0
0.7178107803901952,0.0,0.0,0.0,1.0,5.114819313208746,0
0.7230502751375688,0.0,0.0,0.0,1.0,5.114819313208746,0
0.7282897698849425,0.0,0.0,0.0,1.0,5.114819313208746,0
0.7335292646323162,0.0,0.0,0.0,1.0,5.114819313208746,0
0.7387687593796899,0.0,0.0,0.0,1.0,5.114819313208746,0
0.7440082541270636,0.0,0.0,0.0,1.0,5.114819313208746,0
0.7492477488744372,0.0,0.0,0.0,1.0,5.114819313208746,0
0.754487243621811,0.0,0.0,0.0,1.0,5.114819313208746,0
0.7597267383691846,0.0,0.0,0.0,1.0,5.114819313208746,0
0.7649662331165583,0.0,0.0,0.0,1.0,5.114819313208746,0
0.770205727863932,0.0,0.0,0.0,1.0,5.114819313208746,0
0.7754452226113057,0.0,0.0,0.0,1.0,5.114819313208746,0
0.7806847173586794,0.0,0.0,0.0,1.0,5.114819313208746,0
0.7859242121060531,0.0,0.0,0.0,1.0,5.114819313208746,0
0.7911637068534267,0.0,0.0,0.0,1.0,5.114819313208746,0
0.7964032016008005,0.0,0.0,0.0,1.0,5.114819313208746,0
0.8016426963481741,0.0,0.0,0.0,1.0,5.114819313208746,0
0.8068821910955478,0.0,0.0,0.0,1.0,5.114819313208746,0
0.8121216858429215,0.0,0.0,0.0,1.0,5.114819313208746,0
0.8173611805902952,0.0,0.0,0.0,1.0,5.114819313208746,0
0.8226006753376689,0.0,0.0,0.0,1.0,5.114819313208746,0
0.8278401700850426,0.0,0.0,0.0,1.0,5.114819313208746,0
0.8330796648324162,0.0,0.0,0.0,1.0,5.114819313208746,0
0.83831915957979,0.0,0.0,0.0,1.0,5.114819313208746,0
0.8435586543271636,0.0,0.0,0.0,1.0,5.114819313208746,0
0.8487981490745373,0.0,0.0,0.0,1.0,5.114819313208746,0
0.854037643821911,0.0,0.0,0.0,1.0,5.114819313208746,0
0.8592771385692847,0.0,0.0,0.0,1.0,5.114819313208746,0
0.8645166333166584,0.0,0.0,0.0,1.0,5.114819313208746,0
0.869756128064032,0.0,0.0,0.0,1.0,5.114819313208746,0
0.8749956228114057,0.0,0.0,0.0,1.0,5.114819313208746,0
0.8802351175587795,0.0,0.0,0.0,1.0,5.114819313208746,0
0.8854746123061531,0.0,0.0,0.0,1.0,5.114819313208746,0
0.8907141070535268,0.0,0.0,0.0,1.0,5.114819313208746,0
0.8959536018009006,0.0,0.0,0.0,1.0,5.114819313208746,0
0.9011930965482742,0.0,0.0,0.0,1.0,5.114819313208746,0
0.906432591295648,0.0,0.0,0.0,1.0,5.114819313208746,0
0.9116720860430216,0.0,0.0,0.0,1.0,5.114819313208746,0
0.9169115807903953,0.0,0.0,0.0,1.0,5.114819313208746,0
0.922151075537769,0.0,0.0,0.0,1.0,5.114819313208746,0
0.9273905702851426,0.0,0.0,0.0,1.0,5.114819313208746,0
0.9326300650325164,0.0,0.0,0.0,1.0,5.114819313208746,0
0.93786955977989,0.0,0.0,0.0,1.0,5.114819313208746,0
0.9431090545272636,0.0,0.0,0.0,1.0,5.114819313208746,0
0.9483485492746374,0.0,0.0,0.0,1.0,5.114819313208746,0
0.953588044022011,0.0,0.0,0.0,1.0,5.114819313208746,0
0.9588275387693848,0.0,0.0,0.0,1.0,5.114819313208746,0
0.9640670335167584,0.0,0.0,0.0,1.0,5.114819313208746,0
0.969306528264132,0.0,0.0,0.0,1.0,5.114819313208746,0
0.9745460230115058,0.0,0.0,0.0,1.0,5.114819313208746,0
0.9797855177588796,0.0,0.0,0.0,1.0,5.114819313208746,0
0.9850250125062532,0.0,0.0,0.0,1.0,5.114819313208746,0
0.9902645072536268,0.0,0.0,0.0,1.0,5.114819313208746,0
0.9955040020010004,0.0,0.0,0.0,1.0,5.114819313208746,0
1.0007434967483742,0.0,0.0,0.0,1.0,5.114819313208746,0
1.005982991495748,0.0,0.0,0.0,1.0,5.114819313208746,0
1.0112224862431216,0.0,0.0,0.0,1.0,5.114819313208746,0
1.0164619809904951,0.0,0.0,0.0,1.0,5.114819313208746,0
1.021701475737869,0.0,0.0,0.0,1.0,5.114819313208746,0
1.0269409704852426,0.0,0.0,0.0,1.0,5.114819313208746,0
1.0321804652326163,0.0,0.0,0.0,1.0,5.114819313208746,0
1.03741995997999,0.0,0.0,0.0,1.0,5.114819313208746,0
1.0426594547273638,0.0,0.0,0.0,1.0,5.114819313208746,0
1.0478989494747375,0.0,0.0,0.0,1.0,5.114819313208746,0
1.0531384442221112,0.0,0.0,0.0,1.0,5.114819313208746,0
1.0583779389694847,0.0,0.0,0.0,1.0,5.114819313208746,0
1.0636174337168585,0.0,0.0,0.0,1.0,5.114819313208746,0
1.0688569284642322,0.0,0.0,0.0,1.0,5.114819313208746,0
1.074096423211606,0.0,0.0,0.0,1.0,5.114819313208746,0
1.0793359179589797,0.0,0.0,0.0,1.0,5.114819313208746,0
1.0845754127063532,0.0,0.0,0.0,1.0,5.114819313208746,0
1.0898149074537269,0.0,0.0,0.0,1.0,5.114819313208746,0
1.0950544022011006,0.0,0.0,0.0,1.0,5.114819313208746,0
1.1002938969484743,0.0,0.0,0.0,1.0,5.114819313208746,0
1.105533391695848,0.0,0.0,0.0,1.0,5.114819313208746,0
1.1107728864432216,0.0,0.0,0.0,1.0,5.114819313208746,0
1.116012381190595,0.0,0.0,0.0,1.0,5.114819313208746,0
1.121251875937969,0.0,0.0,0.0,1.0,5.114819313208746,0
1.1264913706853428,0.0,0.0,0.0,1.0,5.114819313208746,0
1.1317308654327165,0.0,0.0,0.0,1.0,5.114819313208746,0
1.13697036018009,0.0,0.0,0.0,1.0,5.114819313208746,0
1.1422098549274635,0.0,0.0,0.0,1.0,5.114819313208746,0
1.1474493496748377,0.0,0.0,0.0,1.0,5.114819313208746,0
1.1526888444222112,0.0,0.0,0.0,1.0,5.114819313208746,0
1.157928339169585,0.0,0.0,0.0,1.0,5.114819313208746,0
1.1631678339169589,0.0,0.0,0.0,1.0,5.114819313208746,0
1.1684073286643322,0.0,0.0,0.0,1.0,5.114819313208746,0
1.173646823411706,0.0,0.0,0.0,1.0,5.114819313208746,0
1.1788863181590796,0.0,0.0,0.0,1.0,5.114819313208746,0
1.1841258129064534,0.0,0.0,0.0,1.0,5.114819313208746,0
1.189365307653827,0.0,0.0,0.0,1.0,5.114819313208746,0
1.1946048024012006,0.0,0.0,0.0,1.0,5.114819313208746,0
1.1998442971485743,0.0,0.0,0.0,1.0,5.114819313208746,0
1.205083791895948,0.0,0.0,0.0,1.0,5.114819313208746,0
1.2103232866433218,0.0,0.0,0.0,1.0,5.114819313208746,0
1.2155627813906955,0.0,0.0,0.0,1.0,5.114819313208746,0
1.220802276138069,0.0,0.0,0.0,1.0,5.114819313208746,0
1.2260417708854427,0.0,0.0,0.0,1.0,5.114819313208746,0
1.2312812656328165,0.0,0.0,0.0,1.0,5.114819313208746,0
1.2365207603801902,0.0,0.0,0.0,1.0,5.114819313208746,0
1.241760255127564,0.0,0.0,0.0,1.0,5.114819313208746,0
1.2469997498749374,0.0,0.0,0.0,1.0,5.114819313208746,0
1.2522392446223112,0.0,0.0,0.0,1.0,5.114819313208746,0
1.257478739369685,0.0,0.0,0.0,1.0,5.114819313208746,0
1.2627182341170586,0.0,0.0,0.0,1.0,5.114819313208746,0
1.2679577288644324,0.0,0.0,0.0,1.0,5.114819313208746,0
1.273197223611806,0.0,0.0,0.0,1.0,5.114819313208746,0
1.2784367183591796,0.0,0.0,0.0,1.0,5.114819313208746,0
1.283676213106553,0.0,0.0,0.0,1.0,5.114819313208746,0
1.288915707853927,0.0,0.0,0.0,1.0,5.114819313208746,0
1.2941552026013008,0.0,0.0,0.0,1.0,5.114819313208746,0
1.2993946973486743,0.0,0.0,0.0,1.0,5.114819313208746,0
1.304634192096048,0.0,0.0,0.0,1.0,5.114819313208746,0
1.3098736868434218,0.0,0.0,0.0,1.0,5.114819313208746,0
1.3151131815907957,0.0,0.0,0.0,1.0,5.114819313208746,0
1.3203526763381692,0.0,0.0,0.0,1.0,5.114819313208746,0
1.325592171085543,0.0,0.0,0.0,1.0,5.114819313208746,0
1.3308316658329165,0.0,0.0,0.0,1.0,5.114819313208746,0
1.3360711605802902,0.0,0.0,0.0,1.0,5.114819313208746,0
1.341310655327664,0.0,0.0,0.0,1.0,5.114819313208746,0
1.3465501500750376,0.0,0.0,0.0,1.0,5.114819313208746,0
1.3517896448224114,0.0,0.0,0.0,1.0,5.114819313208746,0
1.3570291395697849,0.0,0.0,0.0,1.0,5.114819313208746,0
1.3622686343171586,0.0,0.0,0.0,1.0,5.114819313208746,0
1.3675081290645323,0.0,0.0,0.0,1.0,5.114819313208746,0
1.372747623811906,0.0,0.0,0.0,1.0,5.114819313208746,0
1.3779871185592798,0.0,0.0,0.0,1.0,5.114819313208746,0
1.3832266133066533,0.0,0.0,0.0,1.0,5.114819313208746,0
1.388466108054027,0.0,0.0,0.0,1.0,5.114819313208746,0
1.3937056028014008,0.0,0.0,0.0,1.0,5.114819313208746,0
1.3989450975487745,0.0,0.0,0.0,1.0,5.114819313208746,0
1.4041845922961482,0.0,0.0,0.0,1.0,5.114819313208746,0
1.409424087043522,0.0,0.0,0.0,1.0,5.114819313208746,0
1.4146635817908957,0.0,0.0,0.0,1.0,5.114819313208746,0
1.4199030765382692,0.0,0.0,0.0,1.0,5.114819313208746,0
1.425142571285643,0.0,0.0,0.0,1.0,5.114819313208746,0
1.4303820660330169,0.0,0.0,0.0,1.0,5.114819313208746,0
1.4356215607803904,0.0,0.0,0.0,1.0,5.114819313208746,0
1.440861055527764,0.0,0.0,0.0,1.0,5.114819313208746,0
1.4461005502751376,0.0,0.0,0.0,1.0,5.114819313208746,0
1.4513400450225111,0.0,0.0,0.0,1.0,5.114819313208746,0
1.456579539769885,0.0,0.0,0.0,1.0,5.114819313208746,0
1.4618190345172588,0.0,0.0,0.0,1.0,5.114819313208746,0
1.4670585292646323,0.0,0.0,0.0,1.0,5.114819313208746,0
1.472298024012006,0.0,0.0,0.0,1.0,5.114819313208746,0
1.4775375187593798,0.0,0.0,0.0,1.0,5.114819313208746,0
1.4827770135067535,0.0,0.0,0.0,1.0,5.114819313208746,0
1.4880165082541272,0.0,0.0,0.0,1.0,5.114819313208746,0
1.4932560030015007,0.0,0.0,0.0,1.0,5.114819313208746,0
1.4984954977488745,0.0,0.0,0.0,1.0,5.114819313208746,0
1.5037349924962482,0.0,0.0,0.0,1.0,5.114819313208746,0
1.508974487243622,0.0,0.0,0.0,1.0,5.114819313208746,0
1.5142139819909957,0.0,0.0,0.0,1.0,5.114819313208746,0
1.5194534767383692,0.0,0.0,0.0,1.0,5.114819313208746,0
1.524692971485743,0.0,0.0,0.0,1.0,5.114819313208746,0
1.5299324662331166,0.0,0.0,0.0,1.0,5.114819313208746,0
1.5351719609804904,0.0,0.0,0.0,1.0,5.114819313208746,0
1.540411455727864,0.0,0.0,0.0,1.0,5.114819313208746,0
1.5456509504752378,0.0,0.0,0.0,1.0,5.114819313208746,0
1.550890445222611,0.0,0.0,0.0,1.0,5.114819313208746,0
1.556129939969985,0.0,0.0,0.0,1.0,5.114819313208746,0
1.5613694347173588,0.0,0.0,0.0,1.0,5.114819313208746,0
1.5666089294647323,0.0,0.0,0.0,1.0,5.114819313208746,0
1.5718484242121062,0.0,0.0,0.0,1.0,5.114819313208746,0
1.5770879189594798,0.0,0.0,0.0,1.0,5.114819313208746,0
1.5823274137068537,0.0,0.0,0.0,1.0,5.114819313208746,0
1.5875669084542272,0.0,0.0,0.0,1.0,5.114819313208746,0
1.592806403201601,0.0,0.0,0.0,1.0,5.114819313208746,0
1.598045897948975,0.0,0.0,0.0,1.0,5.114819313208746,0
1.6032853926963482,0.0,0.0,0.0,1.0,5.114819313208746,0
1.608524887443722,0.0,0.0,0.0,1.0,5.114819313208746,0
1.6137643821910956,0.0,0.0,0.0,1.0,5.114819313208746,0
1.6190038769384694,0.0,0.0,0.0,1.0,5.114819313208746,0
1.624243371685843,0.0,0.0,0.0,1.0,5.114819313208746,0
1.6294828664332166,0.0,0.0,0.0,1.0,5.114819313208746,0
1.6347223611805903,0.0,0.0,0.0,1.0,5.114819313208746,0
1.639961855927964,0.0,0.0,0.0,1.0,5.114819313208746,0
1.6452013506753378,0.0,0.0,0.0,1.0,5.114819313208746,0
1.6504408454227115,0.0,0.0,0.0,1.0,5.114819313208746,0
1.6556803401700853,0.0,0.0,0.0,1.0,5.114819313208746,0
1.6609198349174588,0.0,0.0,0.0,1.0,5.114819313208746,0
1.6661593296648325,0.0,0.0,0.0,1.0,5.114819313208746,0
1.6713988244122062,0.0,0.0,0.0,1.0,5.114819313208746,0
1.67663831915958,0.0,0.0,0.0,1.0,5.114819313208746,0
1.6818778139069537,0.0,0.0,0.0,1.0,5.114819313208746,0
1.6871173086543272,0.0,0.0,0.0,1.0,5.114819313208746,0
1.692356803401701,0.0,0.0,0.0,1.0,5.114819313208746,0
1.6975962981490746,0.0,0.0,0.0,1.0,5.114819313208746,0
1.7028357928964484,0.0,0.0,0.0,1.0,5.114819313208746,0
1.708075287643822,0.0,0.0,0.0,1.0,5.114819313208746,0
1.7133147823911956,0.0,0.0,0.0,1.0,5.114819313208746,0
1.7185542771385691,0.0,0.0,0.0,1.0,5.114819313208746,0
1.723793771885943,0.0,0.0,0.0,1.0,5.114819313208746,0
1.7290332666333168,0.0,0.0,0.0,1.0,5.114819313208746,0
1.7342727613806903,0.0,0.0,0.0,1.0,5.114819313208746,0
1.739512256128064,0.0,0.0,0.0,1.0,5.114819313208746,0
1.7447517508754378,0.0,0.0,0.0,1.0,5.114819313208746,0
1.7499912456228115,0.0,0.0,0.0,1.0,5.114819313208746,0
1.7552307403701852,0.0,0.0,0.0,1.0,5.114819313208746,0
1.760470235117559,0.0,0.0,0.0,1.0,5.114819313208746,0
1.7657097298649325,0.0,0.0,0.0,1.0,5.114819313208746,0
1.7709492246123062,0.0,0.0,0.0,1.0,5.114819313208746,0
1.77618871935968,0.0,0.0,0.0,1.0,5.114819313208746,0
1.7814282141070537,0.0,0.0,0.0,1.0,5.114819313208746,0
1.7866677088544274,0.0,0.0,0.0,1.0,5.114819313208746,0
1.7919072036018011,0.0,0.0,0.0,1.0,5.114819313208746,0
1.7971466983491746,0.0,0.0,0.0,1.0,5.114819313208746,0
1.8023861930965484,0.0,0.0,0.0,1.0,5.114819313208746,0
1.807625687843922,0.0,0.0,0.0,1.0,5.114819313208746,0
1.812865182591296,0.0,0.0,0.0,1.0,5.114819313208746,0
1.818104677338669,0.0,0.0,0.0,1.0,5.114819313208746,0
1.823344172086043,0.0,0.0,0.0,1.0,5.114819313208746,0
1.8285836668334168,0.0,0.0,0.0,1.0,5.114819313208746,0
1.8338231615807905,0.0,0.0,0.0,1.0,5.114819313208746,0
1.839062656328164,0.0,0.0,0.0,1.0,5.114819313208746,0
1.844302151075538,0.0,0.0,0.0,1.0,5.114819313208746,0
1.8495416458229117,0.0,0.0,0.0,1.0,5.114819313208746,0
1.8547811405702848,0.0,0.0,0.0,1.0,5.114819313208746,0
1.860020635317659,0.0,0.0,0.0,1.0,5.114819313208746,0
1.8652601300650329,0.0,0.0,0.0,1.0,5.114819313208746,0
1.8704996248124064,0.0,0.0,0.0,1.0,5.114819313208746,0
1.87573911955978,0.0,0.0,0.0,1.0,5.114819313208746,0
1.8809786143071536,0.0,0.0,0.0,1.0,5.114819313208746,0
1.8862181090545276,0.0,0.0,0.0,1.0,5.114819313208746,0
1.891457603801901,0.0,0.0,0.0,1.0,5.114819313208746,0
1.8966970985492748,0.0,0.0,0.0,1.0,5.114819313208746,0
1.9019365932966483,0.0,0.0,0.0,1.0,5.114819313208746,0
1.907176088044022,0.0,0.0,0.0,1.0,5.114819313208746,0
1.912415582791396,0.0,0.0,0.0,1.0,5.114819313208746,0
1.9176550775387693,0.0,0.0,0.0,1.0,5.114819313208746,0
1.9228945722861432,0.0,0.0,0.0,1.0,5.114819313208746,0
1.928134067033517,0.0,0.0,0.0,1.0,5.114819313208746,0
1.9333735617808905,0.0,0.0,0.0,1.0,5.114819313208746,0
1.938613056528264,0.0,0.0,0.0,1.0,5.114819313208746,0
1.943852551275638,0.0,0.0,0.0,1.0,5.114819313208746,0
1.949092046023012,0.0,0.0,0.0,1.0,5.114819313208746,0
1.9543315407703852,0.0,0.0,0.0,1.0,5.114819313208746,0
1.959571035517759,0.0,0.0,0.0,1.0,5.114819313208746,0
1.9648105302651329,0.0,0.0,0.0,1.0,5.114819313208746,0
1.9700500250125064,0.0,0.0,0.0,1.0,5.114819313208746,0
1.97528951975988,0.0,0.0,0.0,1.0,5.114819313208746,0
1.9805290145072536,0.0,0.0,0.0,1.0,5.114819313208746,0
1.9857685092546276,0.0,0.0,0.0,1.0,5.114819313208746,0
1.991008004002001,0.0,0.0,0.0,1.0,5.114819313208746,0
1.9962474987493748,0.0,0.0,0.0,1.0,5.114819313208746,0
2.0014869934967483,0.0,0.0,0.0,1.0,5.114819313208746,0
2.006726488244122,0.0,0.0,0.0,1.0,5.114819313208746,0
2.011965982991496,0.0,0.0,0.0,1.0,5.114819313208746,0
2.017205477738869,0.0,0.0,0.0,1.0,5.114819313208746,0
2.022444972486243,0.0,0.0,0.0,1.0,5.114819313208746,0
2.027684467233617,0.0,0.0,0.0,1.0,5.114819313208746,0
2.0329239619809907,0.0,0.0,0.0,1.0,5.114819313208746,0
2.0381634567283644,0.0,0.0,0.0,1.0,5.114819313208746,0
2.043402951475738,0.0,0.0,0.0,1.0,5.114819313208746,0
2.048642446223112,0.0,0.0,0.0,1.0,5.114819313208746,0
2.053881940970485,0.0,0.0,0.0,1.0,5.114819313208746,0
2.059121435717859,0.0,0.0,0.0,1.0,5.114819313208746,0
2.0643609304652326,0.0,0.0,0.0,1.0,5.114819313208746,0
2.0696004252126063,0.0,0.0,0.0,1.0,5.114819313208746,0
2.07483991995998,0.0,0.0,0.0,1.0,5.114819313208746,0
2.080079414707354,0.0,0.0,0.0,1.0,5.114819313208746,0
2.0853189094547275,0.0,0.0,0.0,1.0,5.114819313208746,0
2.0905584042021013,0.0,0.0,0.0,1.0,5.114819313208746,0
2.095797898949475,0.0,0.0,0.0,1.0,5.114819313208746,0
2.1010373936968487,0.0,0.0,0.0,1.0,5.114819313208746,0
2.1062768884442225,0.0,0.0,0.0,1.0,5.114819313208746,0
2.111516383191596,0.0,0.0,0.0,1.0,5.114819313208746,0
2.116755877938969,0.0,0.0,0.0,1.0,5.114819313208746,0
2.121995372686343,0.0,0.0,0.0,1.0,5.114819313208746,0
2.127234867433717,0.0,0.0,0.0,1.0,5.114819313208746,0
2.1324743621810907,0.0,0.0,0.0,1.0,5.114819313208746,0
2.1377138569284644,0.0,0.0,0.0,1.0,5.114819313208746,0
2.142953351675838,0.0,0.0,0.0,1.0,5.114819313208746,0
2.148192846423212,0.0,0.0,0.0,1.0,5.114819313208746,0
2.1534323411705856,0.0,0.0,0.0,1.0,5.114819313208746,0
2.1586718359179597,0.0,0.0,0.0,1.0,5.114819313208746,0
2.1639113306653326,0.0,0.0,0.0,1.0,5.114819313208746,0
2.1691508254127063,0.0,0.0,0.0,1.0,5.114819313208746,0
2.17439032016008,0.0,0.0,0.0,1.0,5.114819313208746,0
2.1796298149074538,0.0,0.0,0.0,1.0,5.114819313208746,0
2.1848693096548275,0.0,0.0,0.0,1.0,5.114819313208746,0
2.190108804402201,0.0,0.0,0.0,1.0,5.114819313208746,0
2.195348299149575,0.0,0.0,0.0,1.0,5.114819313208746,0
2.2005877938969487,0.0,0.0,0.0,1.0,5.114819313208746,0
2.2058272886443224,0.0,0.0,0.0,1.0,5.114819313208746,0
2.211066783391696,0.0,0.0,0.0,1.0,5.114819313208746,0
2.21630627813907,0.0,0.0,0.0,1.0,5.114819313208746,0
2.221545772886443,0.0,0.0,0.0,1.0,5.114819313208746,0
2.226785267633817,0.0,0.0,0.0,1.0,5.114819313208746,0
2.23202476238119,0.0,0.0,0.0,1.0,5.114819313208746,0
2.2372642571285644,0.0,0.0,0.0,1.0,5.114819313208746,0
2.242503751875938,0.0,0.0,0.0,1.0,5.114819313208746,0
2.247743246623312,0.0,0.0,0.0,1.0,5.114819313208746,0
2.252982741370685,0.0,0.0,0.0,1.0,5.114819313208746,0
2.2582222361180597,0.0,0.0,0.0,1.0,5.114819313208746,0
2.263461730865433,0.0,0.0,0.0,1.0,5.114819313208746,0
2.2687012256128067,0.0,0.0,0.0,1.0,5.114819313208746,0
2.27394072036018,0.0,0.0,0.0,1.0,5.114819313208746,0
2.2791802151075538,0.0,0.0,0.0,1.0,5.114819313208746,0
2.2844197098549275,0.0,0.0,0.0,1.0,5.114819313208746,0
2.289659204602301,0.0,0.0,0.0,1.0,5.114819313208746,0
2.294898699349675,0.0,0.0,0.0,1.0,5.114819313208746,0
2.3001381940970487,0.0,0.0,0.0,1.0,5.114819313208746,0
2.3053776888444224,0.0,0.0,0.0,1.0,5.114819313208746,0
2.310617183591796,0.0,0.0,0.0,1.0,5.114819313208746,0
2.31585667833917,0.0,0.0,0.0,1.0,5.114819313208746,0
2.321096173086544,0.0,0.0,0.0,1.0,5.114819313208746,0
2.3263356678339173,0.0,0.0,0.0,1.0,5.114819313208746,0
2.3315751625812906,0.0,0.0,0.0,1.0,5.114819313208746,0
2.3368146573286643,0.0,0.0,0.0,1.0,5.114819313208746,0
2.342054152076038,0.0,0.0,0.0,1.0,5.114819313208746,0
2.347293646823412,0.0,0.0,0.0,1.0,5.114819313208746,0
2.352533141570785,0.0,0.0,0.0,1.0,5.114819313208746,0
2.3577726363181597,0.0,0.0,0.0,1.0,5.114819313208746,0
2.363012131065533,0.0,0.0,0.0,1.0,5.114819313208746,0
2.3682516258129067,0.0,0.0,0.0,1.0,5.114819313208746,0
2.3734911205602804,0.0,0.0,0.0,1.0,5.114819313208746,0
2.378730615307654,0.0,0.0,0.0,1.0,5.114819313208746,0
2.3839701100550275,0.0,0.0,0.0,1.0,5.114819313208746,0
2.389209604802401,0.0,0.0,0.0,1.0,5.114819313208746,0
2.394449099549775,0.0,0.0,0.0,1.0,5.114819313208746,0
2.3996885942971486,0.0,0.0,0.0,1.0,5.114819313208746,0
2.4049280890445224,0.0,0.0,0.0,1.0,5.114819313208746,0
2.410167583791896,0.0,0.0,0.0,1.0,5.114819313208746,0
2.41540707853927,0.0,0.0,0.0,1.0,5.114819313208746,0
2.420646573286644,0.0,0.0,0.0,1.0,5.114819313208746,0
2.4258860680340173,0.0,0.0,0.0,1.0,5.114819313208746,0
2.431125562781391,0.0,0.0,0.0,1.0,5.114819313208746,0
2.4363650575287643,0.0,0.0,0.0,1.0,5.114819313208746,0
2.441604552276138,0.0,0.0,0.0,1.0,5.114819313208746,0
2.446844047023512,0.0,0.0,0.0,1.0,5.114819313208746,0
2.452083541770885,0.0,0.0,0.0,1.0,5.114819313208746,0
2.4573230365182592,0.0,0.0,0.0,1.0,5.114819313208746,0
2.462562531265633,0.0,0.0,0.0,1.0,5.114819313208746,0
2.4678020260130067,0.0,0.0,0.0,1.0,5.114819313208746,0
2.4730415207603804,0.0,0.0,0.0,1.0,5.114819313208746,0
2.478281015507754,0.0,0.0,0.0,1.0,5.114819313208746,0
2.483520510255128,0.0,0.0,0.0,1.0,5.114819313208746,0
2.4887600050025016,0.0,0.0,0.0,1.0,5.114819313208746,0
2.493999499749875,0.0,0.0,0.0,1.0,5.114819313208746,0
2.4992389944972486,0.0,0.0,0.0,1.0,5.114819313208746,0
2.5044784892446224,0.0,0.0,0.0,1.0,5.114819313208746,0
2.509717983991996,0.0,0.0,0.0,1.0,5.114819313208746,0
2.51495747873937,0.0,0.0,0.0,1.0,5.114819313208746,0
2.5201969734867435,0.0,0.0,0.0,1.0,5.114819313208746,0
2.5254364682341173,0.0,0.0,0.0,1.0,5.114819313208746,0
2.530675962981491,0.0,0.0,0.0,1.0,5.114819313208746,0
2.5359154577288647,0.0,0.0,0.0,1.0,5.114819313208746,0
2.5411549524762385,0.0,0.0,0.0,1.0,5.114819313208746,0
2.546394447223612,0.0,1.4895500813880023e-05,0.0,1.0,5.114819313208746,0
2.551633941970985,0.0,0.0005551959394271,0.0,1.0,5.114819313208746,0
2.556873436718359,0.0,0.0010954963780403666,0.0,1.0,5.114819313208746,0
2.562112931465733,0.0,0.0016357968166536333,0.0,1.0,5.114819313208746,0
2.5673524262131067,0.0,0.0021760972552668668,0.0,1.0,5.114819313208746,0
2.5725919209604804,0.0,0.002716397693880133,0.0,1.0,5.114819313208746,0
2.577831415707854,0.0,0.0032566981324933662,0.0,1.0,5.114819313208746,0
2.583070910455228,0.0,0.0037969985711066336,0.0,1.0,5.114819313208746,0
2.5883104052026016,0.0,0.004337299009719867,0.0,1.0,5.114819313208746,0
2.5935498999499758,0.0,0.004877599448333133,0.0,1.0,5.114819313208746,0
2.598789394697349,0.0,0.0054293275031897,0.0,1.0,5.114819313208746,0
2.6040288894447223,0.0,0.0074895009021466,0.0,1.0,5.114819313208746,0
2.609268384192096,0.0,0.009549674301103666,0.0,1.0,5.114819313208746,0
2.61450787893947,0.0,0.011609847700060733,0.0,1.0,5.114819313208746,0
2.6197473736868435,0.0,0.013670021099017765,0.0,1.0,5.114819313208746,0
2.624986868434217,0.0,0.01573019449797483,0.0,1.0,5.114819313208746,0
2.630226363181591,0.0,0.017790367896931898,0.0,1.0,5.114819313208746,0
2.6354658579289647,0.0,0.019850541295888965,0.0,1.0,5.114819313208746,0
2.6407053526763384,0.0,0.021910714694846033,0.0,1.0,5.114819313208746,0
2.645944847423712,0.0,0.023970888093803065,0.0,1.0,5.114819313208746,0
2.651184342171086,0.0,0.026031061492760132,0.0,1.0,5.114819313208746,0
2.656423836918459,0.0,0.030879476592864066,0.0,1.0,5.114819313208746,0
2.661663331665833,0.0,0.035763275470901634,0.0,1.0,5.114819313208746,0
2.666902826413206,0.0,0.0406470743489392,0.0,1.0,5.114819313208746,0
2.6721423211605804,0.0,0.04553087322697677,0.0,1.0,5.114819313208746,0
2.677381815907954,0.0,0.050414672105014297,0.0,1.0,5.114819313208746,0
2.682621310655328,0.0,0.055298470983051864,0.0,1.0,5.114819313208746,0
2.6878608054027016,0.0,0.06018226986108943,0.0,1.0,5.114819313208746,0
2.6931003001500757,0.0,0.06506606873912699,0.0,1.0,5.114819313208746,0
2.698339794897449,0.0,0.06994986761716457,0.0,1.0,5.114819313208746,0
2.7035792896448227,0.0,0.0748336664952021,0.0,1.0,5.114819313208746,0
2.7088187843921965,0.0,0.08297214362596227,0.0,1.0,5.114819313208746,0
2.7140582791395698,0.0,0.0912202342730048,0.0,1.0,5.114819313208746,0
2.7192977738869435,0.0,0.09946832492004803,0.0,1.0,5.114819313208746,0
2.724537268634317,0.0,0.10771641556709129,0.0,1.0,5.114819313208746,0
2.729776763381691,0.0,0.11596450621413452,0.0,1.0,5.114819313208746,0
2.7350162581290647,0.0,0.12421259686117776,0.0,1.0,5.114819313208746,0
2.7402557528764384,0.0,0.132460687508221,0.0,1.0,5.114819313208746,0
2.745495247623812,0.0,0.14070877815526422,0.0,1.0,5.114819313208746,0
2.750734742371186,0.0,0.14895686880230746,0.0,1.0,5.114819313208746,0
2.75597423711856,0.0,0.1572049594493507,0.0,1.0,5.114819313208746,0
2.7612137318659333,1.0565437218609936e-05,0.1690140070430039,0.0,1.0,5.114819313208746,0
2.7664532266133066,2.171784317158562e-05,0.18102088557813423,0.0,1.0,5.114819313208746,0
2.7716927213606803,3.287024912456225e-05,0.19302776411326555,0.0,1.0,5.114819313208746,0
2.776932216108054,4.402265507753333e-05,0.20503464264839688,0.0,1.0,5.114819313208746,0
2.782171710855428,5.5175061030499996e-05,0.2170415211835282,0.0,1.0,5.114819313208746,0
2.787411205602801,6.632746698346666e-05,0.22904839971865956,0.0,1.0,5.114819313208746,0
2.7926507003501757,7.747987293646666e-05,0.24105527825379092,0.0,1.0,5.114819313208746,0
2.797890195097549,8.863227888943333e-05,0.25306215678892224,0.0,1.0,5.114819313208746,0
2.8031296898449227,9.97846848424e-05,0.26506903532405357,0.0,1.0,5.114819313208746,0
2.8083691845922965,0.00011093709079536667,0.2770759138591849,0.0,1.0,5.114819313208746,0
2.81360867933967,0.00012133746573286667,0.29220305731712415,9.965814573954606e-06,1.0,5.114819313208746,0
2.818848174087044,0.00013167889769883333,0.3075747620798237,2.0712733533434387e-05,1.0,5.114819313208746,0
2.824087668834417,0.0001420203296648,0.322946466842522,3.145965249291327e-05,1.0,5.114819313208746,0
2.829327163581791,0.0001523617616308,0.3383181716052216,4.2206571452366664e-05,1.0,5.114819313208746,0
2.8345666583291647,0.00016270319359676665,0.35368987636792104,5.295349041186667e-05,1.0,5.114819313208746,0
2.8398061530765384,0.00017304462556276667,0.36906158113062065,6.370040937133333e-05,1.0,5.114819313208746,0
2.845045647823912,0.00018338605752873333,0.38443328589332026,7.44473283308e-05,1.0,5.114819313208746,0
2.850285142571286,0.0001937274894947333,0.3998049906560198,8.51942472903e-05,1.0,5.114819313208746,0
2.85552463731866,0.00020406892146069996,0.4151766954187194,9.594116624976666e-05,1.0,5.114819313208746,0
2.8607641320660333,0.0002144103534267,0.43054840018141893,0.00010668808520926666,1.0,5.114819313208746,0
2.866003626813407,0.00019586865832913332,0.447820182559176,9.793432916456666e-05,1.0,5.114819313208746,0
2.8712431215607808,0.0001743748204102,0.4652861717649912,8.71874102051e-05,1.0,5.114819313208746,0
2.876482616308154,0.00015288098249123332,0.48275216097080487,7.644049124559999e-05,1.0,5.114819313208746,0
2.881722111055528,0.00013138714457226666,0.5002181501766201,6.569357228613333e-05,1.0,5.114819313208746,0
2.886961605802901,0.0001098933066533,0.5176841393824354,5.494665332663333e-05,1.0,5.114819313208746,0
2.8922011005502752,8.839946873433334e-05,0.5351501285882505,4.419973436716667e-05,1.0,5.114819313208746,0
2.897440595297649,6.69056308154e-05,0.5526161177940658,3.34528154077e-05,1.0,5.114819313208746,0
2.9026800900450227,4.5411792896433334e-05,0.5700821069998809,2.2705896448223484e-05,1.0,5.114819313208746,0
2.9079195847923964,2.391795497748724e-05,0.5875480962056963,1.195897748874362e-05,1.0,5.114819313208746,0
2.91315907953977,2.4241170585274784e-06,0.6050140854115114,1.2120585292637392e-06,1.0,5.114819313208746,0
2.918398574287144,0.0,0.6224652022867067,0.0,1.0,5.114819313208746,0
2.9236380690345176,0.0,0.6399144286113995,0.0,1.0,5.114819313208746,0
2.928877563781892,0.0,0.6573636549360922,0.0,1.0,5.114819313208746,0
2.9341170585292646,0.0,0.6748128812607833,0.0,1.0,5.114819313208746,0
2.9393565532766384,0.0,0.692262107585476,0.0,1.0,5.114819313208746,0
2.944596048024012,0.0,0.7097113339101686,0.0,1.0,5.114819313208746,0
2.949835542771386,0.0,0.7271605602348614,0.0,1.0,5.114819313208746,0
2.95507503751876,0.0,0.7446097865595541,0.0,1.0,5.114819313208746,0
2.9603145322661333,0.0,0.7620590128842468,0.0,1.0,5.114819313208746,0
2.965554027013507,0.0,0.7795082392089396,0.0,1.0,5.114819313208746,0
2.9707935217608807,2.6769540569995065e-05,0.7954198766206224,9.843230706293333e-05,1.0,5.114819313208746,0
2.9760330165082545,5.7639617701266664e-05,0.811095987406902,0.0002119423952656,1.0,5.114819313208746,0
2.981272511255628,8.850969483256666e-05,0.8267720981931818,0.00032545248346826667,1.0,5.114819313208746,0
2.986512006003001,0.00011937977196386666,0.84244820897946,0.00043896257167089995,1.0,5.114819313208746,0
2.991751500750375,0.00015024984909513332,0.8581243197657399,0.0005524726598735666,1.0,5.114819313208746,0
2.996990995497749,0.00018111992622643332,0.8738004305520193,0.0006659827480762333,1.0,5.114819313208746,0
3.0022304902451227,0.00021199000335773332,0.889476541338299,0.0007794928362789,1.0,5.114819313208746,0
3.0074699849924964,0.00024286008048903334,0.9051526521245787,0.0008930029244815334,1.0,5.114819313208746,0
3.01270947973987,0.0002737301576203333,0.9208287629108584,0.0010065130126842,1.0,5.114819313208746,0
3.017948974487244,0.0003046002347516333,0.9365048736971381,0.0011200231008868665,1.0,5.114819313208746,0
3.0231884692346176,0.0006187829878891666,0.9494070534240182,0.0014551032102932335,1.0,5.114819313208746,0
3.0284279639819918,0.0009840961352171333,0.9618086124567468,0.0018301708087333998,1.0,5.114819313208746,0
3.033667458729365,0.0013494092825451,0.9742101714894753,0.002205238407173533,1.0,5.114819313208746,0
3.0389069534767383,0.0017147224298730665,0.9866117305222027,0.0025803060056136667,1.0,5.114819313208746,0
3.044146448224112,0.002080035577201033,0.9990132895549313,0.0029553736040538,1.0,5.114819313208746,0
3.049385942971486,0.002445348724529033,1.0114148485876597,0.0033304412024939664,1.0,5.114819313208746,0
3.0546254377188595,0.0028106618718569997,1.0238164076203882,0.0037055088009341334,1.0,5.114819313208746,0
3.0598649324662333,0.0031759750191849663,1.0362179666531168,0.004080576399374266,1.0,5.114819313208746,0
3.065104427213607,0.0035412881665129667,1.0486195256858455,0.004455643997814433,1.0,5.114819313208746,0
3.0703439219609807,0.003906601313840933,1.061021084718574,0.004830711596254566,1.0,5.114819313208746,0
3.0755834167083544,0.004363784444678467,1.0700409519526648,0.005342958127103099,1.0,5.114819313208746,0
3.080822911455728,0.0048401767538862,1.0783537381743136,0.005883887525637,1.0,5.114819313208746,0
3.086062406203102,0.005316569063093899,1.0866665243959623,0.0064248169241709,1.0,5.114819313208746,0
3.091301900950476,0.005792961372301633,1.0949793106176111,0.0069657463227048,1.0,5.114819313208746,0
3.096541395697849,0.0062693536815093,1.1032920968392592,0.007506675721238667,1.0,5.114819313208746,0
3.101780890445222,0.006745745990717,1.111604883060908,0.008047605119772566,1.0,5.114819313208746,0
3.1070203851925964,0.007222138299924734,1.1199176692825568,0.008588534518306466,1.0,5.114819313208746,0
3.11225987993997,0.007698530609132432,1.1282304555042055,0.009129463916840367,1.0,5.114819313208746,0
3.117499374687344,0.008174922918340133,1.1365432417258545,0.009670393315374266,1.0,5.114819313208746,0
3.1227388694347176,0.008651315227547866,1.1448560279475033,0.010211322713908167,1.0,5.114819313208746,0
3.1279783641820917,0.009236333333671033,1.1498143253197874,0.010820822453045699,1.0,5.114819313208746,0
3.133217858929465,0.009847327173839166,1.1539704623150504,0.011446719447544933,1.0,5.114819313208746,0
3.1384573536768388,0.010458321014007333,1.1581265993103131,0.012072616442044201,1.0,5.114819313208746,0
3.1436968484242125,0.011069314854175465,1.1622827363055759,0.012698513436543466,1.0,5.114819313208746,0
3.1489363431715858,0.011680308694343566,1.1664388733008384,0.013324410431042665,1.0,5.114819313208746,0
3.1541758379189595,0.012291302534511732,1.1705950102961014,0.013950307425541932,1.0,5.114819313208746,0
3.159415332666333,0.012902296374679866,1.174751147291364,0.0145762044200412,1.0,5.114819313208746,0
3.164654827413707,0.013513290214848032,1.1789072842866268,0.015202101414540467,1.0,5.114819313208746,0
3.1698943221610807,0.014124284055016166,1.1830634212818896,0.0158279984090397,1.0,5.114819313208746,0
3.1751338169084544,0.014735277895184334,1.1872195582771523,0.016453895403538966,1.0,5.114819313208746,0
3.180373311655828,0.015508600435476467,1.1885643052040187,0.017211495377862963,1.0,5.114819313208746,0
3.185612806403202,0.01632586545828623,1.189148007048676,0.018004747432712766,1.0,5.114819313208746,0
3.190852301150576,0.017143130481095965,1.189731708893333,0.018797999487562566,1.0,5.114819313208746,0
3.1960917958979493,0.017960395503905734,1.1903154107379903,0.019591251542412366,1.0,5.114819313208746,0
3.201331290645323,0.0187776605267155,1.1908991125826474,0.020384503597262165,1.0,5.114819313208746,0
3.2065707853926964,0.019594925549525168,1.1914828144273044,0.0211777556521119,1.0,5.114819313208746,0
3.21181028014007,0.020412190572334933,1.1920665162719617,0.021971007706961664,1.0,5.114819313208746,0
3.217049774887444,0.0212294555951447,1.1926502181166188,0.022764259761811463,1.0,5.114819313208746,0
3.222289269634817,0.022046720617954464,1.193233919961276,0.023557511816661263,1.0,5.114819313208746,0
3.2275287643821917,0.02286398564076423,1.1938176218059333,0.024350763871511062,0.5754147539523617,5.114819313208746,0
3.232768259129565,0.023826717821966967,1.1920395125410614,0.0252835780550301,0.5754147539523617,5.114819313208746,0
3.2380077538769387,0.024833660610132265,1.18954359793898,0.026258808179615296,0.5754147539523617,5.114819313208746,0
3.2432472486243125,0.025840603398297565,1.1870476833368986,0.027234038304200466,0.5754147539523617,5.114819313208746,0
3.248486743371686,0.026847546186462866,1.1845517687348173,0.02820926842878563,0.5754147539523617,5.114819313208746,0
3.25372623811906,0.027854488974628167,1.182055854132736,0.02918449855337083,0.5754147539523617,5.114819313208746,0
3.258965732866433,0.028861431762793367,1.1795599395306549,0.0301597286779559,0.5754147539523617,5.114819313208746,0
3.264205227613807,0.029868374550958664,1.1770640249285735,0.031134958802541097,0.5754147539523617,5.114819313208746,0
3.2694447223611807,0.030875317339123964,1.174568110326492,0.03211018892712626,0.5754147539523617,5.114819313208746,0
3.2746842171085544,0.031882260127289265,1.1720721957244107,0.03308541905171143,0.5754147539523617,5.114819313208746,0
3.279923711855928,0.032889202915454566,1.1695762811223294,0.03406064917629663,0.5754147539523617,5.114819313208746,0
3.285163206603302,0.03405294052914203,1.165460219384658,0.0351662673731037,0.5754147539523617,5.114819313208746,0
3.290402701350676,0.03526982001322457,1.160795047376199,0.036316077500428964,0.5754147539523617,5.114819313208746,0
3.2956421960980493,0.03648669949730713,1.1561298753677403,0.0374658876277542,0.5754147539523617,5.114819313208746,0
3.300881690845423,0.037703578981389665,1.1514647033592815,0.03861569775507946,0.5754147539523617,5.114819313208746,0
3.3061211855927968,0.038920458465472235,1.1467995313508228,0.039765507882404696,0.5754147539523617,5.114819313208746,0
3.3113606803401705,0.04013733794955476,1.1421343593423638,0.04091531800972993,0.5754147539523617,5.114819313208746,0
3.316600175087544,0.041354217433637194,1.1374691873339056,0.0420651281370551,0.5754147539523617,5.114819313208746,0
3.321839669834917,0.042571096917719764,1.1328040153254468,0.04321493826438033,0.5754147539523617,5.114819313208746,0
3.3270791645822912,0.0437879764018023,1.128138843316988,0.044364748391705566,0.5754147539523617,5.114819313208746,0
3.332318659329665,0.04500485588588486,1.1234736713085294,0.04551455851903083,0.5754147539523617,5.114819313208746,0
3.3375581540770387,0.046376627636384095,1.117578738007776,0.046823241997748295,0.5754147539523617,5.114819313208746,0
3.3427976488244124,0.047806617514605465,1.1112215840833666,0.04819163994302353,0.5754147539523617,5.114819313208746,0
3.348037143571786,0.04923660739282687,1.1048644301589572,0.04956003788829877,0.5754147539523617,5.114819313208746,0
3.35327663831916,0.05066659727104823,1.098507276234548,0.050928435833573996,0.5754147539523617,5.114819313208746,0
3.3585161330665336,0.052096587149269596,1.0921501223101386,0.05229683377884923,0.5754147539523617,5.114819313208746,0
3.363755627813908,0.053526577027491,1.0857929683857295,0.05366523172412446,0.5754147539523617,5.114819313208746,0
3.3689951225612806,0.054956566905712226,1.0794358144613208,0.055033629669399564,0.5754147539523617,5.114819313208746,0
3.3742346173086544,0.05638655678393363,1.0730786605369116,0.056402027614674805,0.5754147539523617,5.114819313208746,0
3.379474112056028,0.057816546662155,1.0667215066125024,0.05777042555995003,0.5754147539523617,5.114819313208746,0
3.384713606803402,0.05924653654037637,1.0603643526880933,0.059138823505225264,0.5754147539523617,5.114819313208746,0
3.389953101550776,0.06080356701225973,1.0533987081845848,0.06064289228080147,0.5754147539523617,5.114819313208746,0
3.3951925962981493,0.06241330581555603,1.0461806048237907,0.06220325001788553,0.5754147539523617,5.114819313208746,0
3.400432091045523,0.06402304461885233,1.0389625014629966,0.06376360775496956,0.5754147539523617,5.114819313208746,0
3.4056715857928967,0.06563278342214862,1.0317443981022025,0.06532396549205363,0.5754147539523617,5.114819313208746,0
3.4109110805402705,0.06724252222544493,1.0245262947414084,0.06688432322913766,0.5754147539523617,5.114819313208746,0
3.416150575287644,0.06885226102874123,1.0173081913806146,0.06844468096622172,0.5754147539523617,5.114819313208746,0
3.421390070035018,0.07046199983203752,1.0100900880198205,0.0700050387033058,0.5754147539523617,5.114819313208746,0
3.4266295647823912,0.0720717386353337,1.002871984659027,0.0715653964403897,0.5754147539523617,5.114819313208746,0
3.431869059529765,0.07368147743862999,0.9956538812982332,0.07312575417747376,0.5754147539523617,5.114819313208746,0
3.4371085542771387,0.07529121624192629,0.988435777937439,0.07468611191455783,0.5754147539523617,5.114819313208746,0
3.4423480490245124,0.07704387059043297,0.9809120964253983,0.07635080562045277,0.5754147539523617,5.114819313208746,0
3.447587543771886,0.07886172363657212,0.9732490088224603,0.07806309785226503,0.5754147539523617,5.114819313208746,0
3.45282703851926,0.0806795766827113,0.9655859212195225,0.07977539008407733,0.5754147539523617,5.114819313208746,0
3.4580665332666336,0.08249742972885046,0.9579228336165846,0.08148768231588963,0.5754147539523617,5.114819313208746,0
3.4633060280140078,0.08431528277498963,0.9502597460136466,0.08319997454770192,0.5754147539523617,5.114819313208746,0
3.468545522761381,0.0861331358211288,0.9425966584107087,0.08491226677951422,0.5754147539523617,5.114819313208746,0
3.473785017508755,0.08795098886726796,0.9349335708077708,0.0866245590113265,0.5754147539523617,5.114819313208746,0
3.479024512256128,0.08976884191340696,0.9272704832048336,0.08833685124313867,0.5754147539523617,5.114819313208746,0
3.484264007003502,0.09158669495954613,0.9196073956018955,0.09004914347495097,0.5754147539523617,5.114819313208746,0
3.4895035017508755,0.09340454800568529,0.9119443079989576,0.09176143570676326,0.5754147539523617,5.114819313208746,0
3.4947429964982493,0.09535538573664333,0.904042138082191,0.093630691599166,0.5754147539523617,5.114819313208746,0
3.499982491245623,0.0973727158100108,0.8960204270085104,0.09557842932186396,0.5754147539523617,5.114819313208746,0
3.5052219859929967,0.0993900458833783,0.8879987159348295,0.09752616704456196,0.5754147539523617,5.114819313208746,0
3.5104614807403705,0.10140737595674576,0.8799770048611487,0.09947390476725992,0.5754147539523617,5.114819313208746,0
3.515700975487744,0.1034247060301132,0.8719552937874679,0.1014216424899579,0.5754147539523617,5.114819313208746,0
3.520940470235118,0.10544203610348066,0.8639335827137871,0.10336938021265586,0.5754147539523617,5.114819313208746,0
3.526179964982492,0.10745936617684812,0.8559118716401063,0.10531711793535387,0.5754147539523617,5.114819313208746,0
3.531419459729865,0.10947669625021542,0.8478901605664261,0.10726485565805166,0.5754147539523617,5.114819313208746,0
3.5366589544772387,0.1114940263235829,0.8398684494927453,0.10921259338074964,0.5754147539523617,5.114819313208746,0
3.5418984492246124,0.11351135639695037,0.8318467384190643,0.1111603311034476,0.5754147539523617,5.114819313208746,0
3.547137943971986,0.1156237298656323,0.8241959310240625,0.11322144537894016,0.5754147539523617,5.114819313208746,0
3.55237743871936,0.11778804565500933,0.8167478268022927,0.11534452125886703,0.5754147539523617,5.114819313208746,0
3.5576169334667336,0.1199523614443864,0.8092997225805227,0.11746759713879386,0.5754147539523617,5.114819313208746,0
3.5628564282141078,0.12211667723376343,0.8018516183587525,0.11959067301872073,0.5754147539523617,5.114819313208746,0
3.568095922961481,0.12428099302314045,0.7944035141369827,0.12171374889864757,0.5754147539523617,5.114819313208746,0
3.5733354177088548,0.12644530881251753,0.7869554099152125,0.1238368247785744,0.5754147539523617,5.114819313208746,0
3.5785749124562285,0.12860962460189457,0.7795073056934425,0.12595990065850127,0.5754147539523617,5.114819313208746,0
3.5838144072036022,0.1307739403912716,0.7720592014716724,0.1280829765384281,0.5754147539523617,5.114819313208746,0
3.5890539019509755,0.13293825618064847,0.764611097249903,0.13020605241835476,0.5754147539523617,5.114819313208746,0
3.594293396698349,0.1351025719700255,0.757162993028133,0.13232912829828158,0.5754147539523617,5.114819313208746,0
3.599532891445723,0.13738081324348353,0.7499656567741311,0.1345642684578518,0.5754147539523617,5.114819313208746,0
3.6047723861930967,0.13972695410545383,0.742917778228919,0.13686619892808943,0.5754147539523617,5.114819313208746,0
3.6100118809404704,0.1420730949674241,0.735869899683707,0.13916812939832707,0.5754147539523617,5.114819313208746,0
3.615251375687844,0.1444192358293944,0.728822021138495,0.1414700598685647,0.5754147539523617,5.114819313208746,0
3.620490870435218,0.14676537669136466,0.721774142593283,0.14377199033880234,0.5754147539523617,5.114819313208746,0
3.625730365182592,0.14911151755333496,0.7147262640480709,0.14607392080903997,0.5754147539523617,5.114819313208746,0
3.630969859929965,0.15145765841530523,0.707678385502859,0.1483758512792776,0.5754147539523617,5.114819313208746,0
3.636209354677339,0.1538037992772755,0.700630506957647,0.15067778174951524,0.5754147539523617,5.114819313208746,0
3.641448849424712,0.1561499401392456,0.6935826284124356,0.15297971221975265,0.5754147539523617,5.114819313208746,0
3.646688344172086,0.15849608100121587,0.6865347498672235,0.15528164268999028,0.5754147539523617,5.114819313208746,0
3.65192783891946,0.16093292714256852,0.679763275373569,0.15763490023892227,0.5754147539523617,5.114819313208746,0
3.6571673336668336,0.16342861927095853,0.6731711208637761,0.1600214567603956,0.5754147539523617,5.114819313208746,0
3.6624068284142073,0.1659243113993485,0.6665789663539833,0.16240801328186896,0.5754147539523617,5.114819313208746,0
3.667646323161581,0.16842000352773848,0.6599868118441905,0.16479456980334228,0.5754147539523617,5.114819313208746,0
3.6728858179089543,0.17091569565612846,0.6533946573343976,0.16718112632481566,0.5754147539523617,5.114819313208746,0
3.678125312656329,0.17341138778451848,0.6468025028246047,0.169567682846289,0.5754147539523617,5.114819313208746,0
3.683364807403702,0.17590707991290847,0.6402103483148119,0.17195423936776236,0.5754147539523617,5.114819313208746,0
3.688604302151076,0.17840277204129842,0.6336181938050189,0.1743407958892357,0.5754147539523617,5.114819313208746,0
3.6938437968984497,0.1808984641696884,0.627026039295226,0.17672735241070905,0.5754147539523617,5.114819313208746,0
3.699083291645823,0.1833941562980782,0.6204338847854338,0.1791139089321822,0.5754147539523617,5.114819313208746,0
3.7043227863931967,0.18596617745581495,0.6142890526684412,0.18156947244547353,0.5754147539523617,5.114819313208746,0
3.7095622811405695,0.18859202036501424,0.6084596401873977,0.18407369473504676,0.5754147539523617,5.114819313208746,0
3.714801775887944,0.19121786327421353,0.6026302277063542,0.18657791702461995,0.5754147539523617,5.114819313208746,0
3.720041270635318,0.19384370618341276,0.5968008152253106,0.18908213931419318,0.5754147539523617,5.114819313208746,0
3.725280765382692,0.19646954909261205,0.590971402744267,0.1915863616037664,0.5754147539523617,5.114819313208746,0
3.730520260130065,0.19909539200181128,0.5851419902632236,0.1940905838933396,0.5754147539523617,5.114819313208746,0
3.735759754877439,0.20172123491101057,0.5793125777821799,0.19659480618291283,0.5754147539523617,5.114819313208746,0
3.740999249624813,0.2043470778202098,0.5734831653011363,0.19909902847248606,0.5754147539523617,5.114819313208746,0
3.7462387443721865,0.2069729207294091,0.5676537528200929,0.20160325076205926,0.5754147539523617,5.114819313208746,0
3.75147823911956,0.20959876363860813,0.5618243403390498,0.2041074730516323,0.5754147539523617,5.114819313208746,0
3.7567177338669335,0.21225676183763656,0.5562365327996105,0.20667221156734245,0.5754147539523617,5.114819313208746,0
3.7619572286143073,0.21493937448418915,0.5508336706358239,0.20928327445084766,0.5754147539523617,5.114819313208746,0
3.767196723361681,0.2176219871307417,0.5454308084720374,0.21189433733435292,0.5754147539523617,5.114819313208746,0
3.772436218109055,0.22030459977729427,0.5400279463082509,0.21450540021785813,0.5754147539523617,5.114819313208746,0
3.777675712856429,0.22298721242384684,0.5346250841444645,0.21711646310136337,0.5754147539523617,5.114819313208746,0
3.782915207603802,0.2256698250703994,0.5292222219806779,0.21972752598486858,0.5754147539523617,5.114819313208746,0
3.788154702351176,0.22835243771695202,0.5238193598168914,0.22233858886837382,0.5754147539523617,5.114819313208746,0
3.7933941970985496,0.23103505036350458,0.5184164976531049,0.2249496517518791,0.5754147539523617,5.114819313208746,0
3.7986336918459234,0.23371766301005714,0.5130136354893183,0.2275607146353843,0.5754147539523617,5.114819313208746,0
3.803873186593297,0.2364002756566097,0.507610773325532,0.23017177751888954,0.5754147539523617,5.114819313208746,0
3.8091126813406704,0.23913760614874624,0.5025100368761464,0.23281946698621525,0.5754147539523617,5.114819313208746,0
3.814352176088044,0.24192036751267534,0.4976601479235792,0.23549756659882348,0.5754147539523617,5.114819313208746,0
3.819591670835418,0.2447031288766045,0.492810258971012,0.23817566621143174,0.5754147539523617,5.114819313208746,0
3.824831165582792,0.2474858902405336,0.48796037001844483,0.24085376582404,0.5754147539523617,5.114819313208746,0
3.830070660330165,0.25026865160446277,0.4831104810658776,0.24353186543664823,0.5754147539523617,5.114819313208746,0
3.835310155077539,0.25305141296839184,0.47826059211331035,0.24620996504925652,0.5754147539523617,5.114819313208746,0
3.8405496498249128,0.25583417433232103,0.4734107031607432,0.24888806466186475,0.5754147539523617,5.114819313208746,0
3.8457891445722874,0.2586169356962501,0.46856081420817597,0.251566164274473,0.5754147539523617,5.114819313208746,0
3.85102863931966,0.2613996970601793,0.46371092525560886,0.25424426388708127,0.5754147539523617,5.114819313208746,0
3.856268134067034,0.26418245842410837,0.45886103630304165,0.2569223634996895,0.5754147539523617,5.114819313208746,0
3.8615076288144072,0.26697623580722196,0.4542793827706091,0.2596059604302962,0.5754147539523617,5.114819313208746,0
3.866747123561781,0.26977992760760194,0.449939141116297,0.26229450494710194,0.5754147539523617,5.114819313208746,0
3.8719866183091542,0.27258361940798187,0.44559889946198494,0.2649830494639077,0.5754147539523617,5.114819313208746,0
3.877226113056528,0.27538731120836185,0.441258657807673,0.26767159398071344,0.5754147539523617,5.114819313208746,0
3.882465607803902,0.27819100300874183,0.43691841615336086,0.2703601384975192,0.5754147539523617,5.114819313208746,0
3.887705102551276,0.28099469480912176,0.43257817449904895,0.27304868301432494,0.5754147539523617,5.114819313208746,0
3.8929445972986496,0.28379838660950174,0.42823793284473677,0.2757372275311307,0.5754147539523617,5.114819313208746,0
3.8981840920460233,0.2866020784098817,0.42389769119042475,0.27842577204793645,0.5754147539523617,5.114819313208746,0
3.903423586793397,0.2894057702102617,0.4195574495361126,0.2811143165647422,0.5754147539523617,5.114819313208746,0
3.908663081540771,0.2922094620106417,0.41521720788180067,0.28380286108154795,0.5754147539523617,5.114819313208746,0
3.913902576288145,0.29500678309771444,0.4111807886409681,0.28649405544152096,0.5754147539523617,5.114819313208746,0
3.919142071035518,0.29779789116240335,0.40744067145684604,0.28918783405448356,0.5754147539523617,5.114819313208746,0
3.924381565782892,0.30058899922709237,0.4037005542727237,0.2918816126674464,0.5754147539523617,5.114819313208746,0
3.929621060530265,0.30338010729178155,0.3999604370886013,0.2945753912804092,0.5754147539523617,5.114819313208746,0
3.934860555277639,0.3061712153564706,0.396220319904479,0.29726916989337204,0.5754147539523617,5.114819313208746,0
3.9401000500250127,0.3089623234211597,0.39248020272035655,0.2999629485063349,0.5754147539523617,5.114819313208746,0
3.9453395447723865,0.3117534314858488,0.38874008553623424,0.3026567271192977,0.5754147539523617,5.114819313208746,0
3.95057903951976,0.3145445395505379,0.3849999683521118,0.3053505057322606,0.5754147539523617,5.114819313208746,0
3.955818534267134,0.31733564761522703,0.38125985116798944,0.30804428434522346,0.5754147539523617,5.114819313208746,0
3.961058029014508,0.3201267556799161,0.377519733983867,0.31073806295818623,0.5754147539523617,5.114819313208746,0
3.9662975237618814,0.32290319628802955,0.37402188816728565,0.3134032191550138,0.5754147539523617,5.114819313208746,0
3.971537018509255,0.3256641377796581,0.37078005075454923,0.3160381300152032,0.5754147539523617,5.114819313208746,0
3.976776513256629,0.32842507927128683,0.36753821334181247,0.3186730408753928,0.5754147539523617,5.114819313208746,0
3.982016008004002,0.33118602076291564,0.3642963759290759,0.32130795173558235,0.5754147539523617,5.114819313208746,0
3.987255502751376,0.33394696225454457,0.3610545385163392,0.323942862595772,0.5754147539523617,5.114819313208746,0
3.9924949974987496,0.33670790374617315,0.3578127011036025,0.3265777734559616,0.5754147539523617,5.114819313208746,0
3.9977344922461233,0.3394688452378021,0.3545708636908658,0.3292126843161512,0.5754147539523617,5.114819313208746,0
4.002973986993497,0.3422297867294306,0.35132902627812945,0.33184759517634055,0.5754147539523617,5.114819313208746,0
4.008213481740871,0.34499072822105964,0.34808718886539247,0.3344825060365304,0.5754147539523617,5.114819313208746,0
4.013452976488244,0.34775166971268817,0.34484535145265605,0.3371174168967197,0.5754147539523617,5.114819313208746,0
4.018692471235618,0.3504652735262086,0.341751027619304,0.3397187484800831,0.5754147539523617,5.114819313208746,0
4.023931965982992,0.35312466806318477,0.338825630626861,0.34228162637546733,0.5754147539523617,5.114819313208746,0
4.029171460730366,0.35578406260016143,0.3359002336344175,0.34484450427085195,0.5754147539523617,5.114819313208746,0
4.034410955477739,0.3584434571371376,0.3329748366419745,0.3474073821662361,0.5754147539523617,5.114819313208746,0
4.039650450225113,0.36110285167411427,0.330049439649531,0.3499702600616207,0.5754147539523617,5.114819313208746,0
4.044889944972486,0.36376224621109043,0.327124042657088,0.3525331379570049,0.5754147539523617,5.114819313208746,0
4.050129439719861,0.36642164074806705,0.3241986456646445,0.3550960158523896,0.5754147539523617,5.114819313208746,0
4.055368934467234,0.3690810352850433,0.32127324867220153,0.3576588937477737,0.5754147539523617,5.114819313208746,0
4.060608429214607,0.3717404298220195,0.31834785167975854,0.36022177164315794,0.5754147539523617,5.114819313208746,0
4.065847923961981,0.3743998243589961,0.315422454687315,0.3627846495385425,0.5754147539523617,5.114819313208746,0
4.071087418709355,0.37700240396444473,0.3126873900286696,0.36529752434772866,0.5754147539523617,5.114819313208746,0
4.076326913456729,0.37953444368299755,0.31018863686310927,0.36774831667348945,0.5754147539523617,5.114819313208746,0
4.081566408204102,0.3820664834015499,0.30768988369754946,0.3701991089992498,0.5754147539523617,5.114819313208746,0
4.086805902951476,0.3845985231201026,0.3051911305319892,0.3726499013250105,0.5754147539523617,5.114819313208746,0
4.09204539769885,0.387130562838655,0.3026923773664293,0.3751006936507709,0.5754147539523617,5.114819313208746,0
4.097284892446224,0.3896626025572077,0.30019362420086904,0.3775514859765317,0.5754147539523617,5.114819313208746,0
4.102524387193597,0.39219464227575995,0.2976948710353092,0.3800022783022921,0.5754147539523617,5.114819313208746,0
4.10776388194097,0.3947266819943123,0.29519611786974936,0.38245307062805234,0.5754147539523617,5.114819313208746,0
4.1130033766883445,0.397258721712865,0.2926973647041891,0.3849038629538132,0.5754147539523617,5.114819313208746,0
4.118242871435718,0.3997907614314174,0.29019861153862925,0.3873546552795736,0.5754147539523617,5.114819313208746,0
4.123482366183092,0.40223846308049394,0.2878673731467546,0.3897452897323997,0.5754147539523617,5.114819313208746,0
4.128721860930465,0.40457255638892287,0.2857617870088449,0.3920548879916839,0.5754147539523617,5.114819313208746,0
4.133961355677839,0.4069066496973522,0.2836562008709348,0.3943644862509686,0.5754147539523617,5.114819313208746,0
4.139200850425213,0.40924074300578106,0.2815506147330251,0.39667408451025277,0.5754147539523617,5.114819313208746,0
4.144440345172587,0.41157483631421043,0.2794450285951151,0.39898368276953744,0.5754147539523617,5.114819313208746,0
4.14967983991996,0.4139089296226393,0.2773394424572054,0.4012932810288219,0.5754147539523617,5.114819313208746,0
4.154919334667334,0.41624302293106863,0.2752338563192953,0.40360287928810656,0.5754147539523617,5.114819313208746,0
4.160158829414708,0.4185771162394976,0.27312827018138564,0.4059124775473907,0.5754147539523617,5.114819313208746,0
4.165398324162081,0.4209112095479265,0.27102268404347596,0.408222075806675,0.5754147539523617,5.114819313208746,0
4.170637818909455,0.42324530285635575,0.2689170979055659,0.4105316740659596,0.5754147539523617,5.114819313208746,0
4.175877313656828,0.42551879572254625,0.2668306686399105,0.41279005041005107,0.5754147539523617,5.114819313208746,0
4.1811168084042025,0.4277036323862031,0.26477226516884905,0.4149734909893239,0.5754147539523617,5.114819313208746,0
4.186356303151576,0.4298884690498595,0.26271386169778793,0.4171569315685962,0.5754147539523617,5.114819313208746,0
4.19159579789895,0.4320733057135163,0.2606554582267264,0.4193403721478689,0.5754147539523617,5.114819313208746,0
4.196835292646323,0.4342581423771728,0.2585970547556653,0.4215238127271413,0.5754147539523617,5.114819313208746,0
4.202074787393697,0.43644297904082957,0.25653865128460385,0.42370725330641396,0.5754147539523617,5.114819313208746,0
4.207314282141071,0.43862781570448606,0.2544802478135427,0.4258906938856864,0.5754147539523617,5.114819313208746,0
4.212553776888445,0.4408126523681428,0.25242184434248127,0.42807413446495923,0.5754147539523617,5.114819313208746,0
4.217793271635818,0.44299748903179936,0.25036344087142015,0.43025757504423157,0.5754147539523617,5.114819313208746,0
4.223032766383192,0.4451823256954557,0.24830503740035903,0.43244101562350395,0.5754147539523617,5.114819313208746,0
4.228272261130566,0.44728469712311847,0.2463312589421373,0.43455582997013775,0.5754147539523617,5.114819313208746,0
4.233511755877939,0.44925587385715426,0.24449211118616093,0.4365614662193911,0.5754147539523617,5.114819313208746,0
4.238751250625313,0.4512270505911904,0.2426529634301843,0.43856710246864483,0.5754147539523617,5.114819313208746,0
4.243990745372686,0.4531982273252261,0.24081381567420793,0.44057273871789826,0.5754147539523617,5.114819313208746,0
4.249230240120061,0.4551694040592622,0.2389746679182313,0.4425783749671518,0.5754147539523617,5.114819313208746,0
4.254469734867434,0.4571405807932979,0.23713552016225495,0.4445840112164053,0.5754147539523617,5.114819313208746,0
4.259709229614808,0.459111757527334,0.23529637240627826,0.446589647465659,0.5754147539523617,5.114819313208746,0
4.264948724362181,0.4610829342613698,0.23345722465030194,0.4485952837149123,0.5754147539523617,5.114819313208746,0
4.270188219109556,0.46305411099540583,0.23161807689432526,0.45060091996416607,0.5754147539523617,5.114819313208746,0
4.275427713856929,0.4650252877294416,0.2297789291383489,0.4526065562134194,0.5754147539523617,5.114819313208746,0
4.280667208604302,0.46690974626312265,0.2280744680354957,0.45456422200987945,0.5754147539523617,5.114819313208746,0
4.285906703351676,0.4686439328468744,0.22660340229730072,0.4564387609258145,0.5754147539523617,5.114819313208746,0
4.2911461980990495,0.47037811943062585,0.22513233655910597,0.4583132998417492,0.5754147539523617,5.114819313208746,0
4.296385692846424,0.4721123060143776,0.22366127082091097,0.4601878387576841,0.5754147539523617,5.114819313208746,0
4.301625187593797,0.47384649259812905,0.22219020508271625,0.46206237767361885,0.5754147539523617,5.114819313208746,0
4.306864682341171,0.47558067918188074,0.22071913934452128,0.46393691658955394,0.5754147539523617,5.114819313208746,0
4.312104177088544,0.4773148657656323,0.21924807360632653,0.46581145550548864,0.5754147539523617,5.114819313208746,0
4.317343671835919,0.479049052349384,0.21777700786813153,0.4676859944214236,0.5754147539523617,5.114819313208746,0
4.322583166583292,0.48078323893313546,0.2163059421299368,0.4695605333373583,0.5754147539523617,5.114819313208746,0
4.327822661330665,0.4825174255168869,0.21483487639174206,0.471435072253293,0.5754147539523617,5.114819313208746,0
4.333062156078039,0.4841725574282232,0.21345061092912865,0.47321909605615176,0.5754147539523617,5.114819313208746,0
4.338301650825413,0.48567817289390375,0.2122305112051152,0.474831928232105,0.5754147539523617,5.114819313208746,0
4.343541145572787,0.48718378835958465,0.21101041148110158,0.47644476040805883,0.5754147539523617,5.114819313208746,0
4.34878064032016,0.4886894038252652,0.20979031175708818,0.4780575925840121,0.5754147539523617,5.114819313208746,0
4.354020135067534,0.4901950192909461,0.20857021203307452,0.4796704247599657,0.5754147539523617,5.114819313208746,0
4.359259629814908,0.4917006347566267,0.2073501123090611,0.481283256935919,0.5754147539523617,5.114819313208746,0
4.364499124562282,0.4932062502223076,0.20613001258504748,0.48289608911187265,0.5754147539523617,5.114819313208746,0
4.369738619309655,0.49471186568798814,0.20490991286103405,0.48450892128782597,0.5754147539523617,5.114819313208746,0
4.374978114057029,0.49621748115366904,0.20368981313702045,0.4861217534637796,0.5754147539523617,5.114819313208746,0
4.3802176088044025,0.4977230966193496,0.20246971341300704,0.48773458563973293,0.5754147539523617,5.114819313208746,0
4.385457103551776,0.4991527442134643,0.2013184890203209,0.489284647354163,0.5754147539523617,5.114819313208746,0
4.39069659829915,0.5004251967502621,0.2003097835824579,0.4907048224982103,0.5754147539523617,5.114819313208746,0
4.395936093046523,0.5016976492870597,0.1993010781445951,0.49212499764225737,0.5754147539523617,5.114819313208746,0
4.401175587793897,0.5029701018238576,0.19829237270673217,0.4935451727863047,0.5754147539523617,5.114819313208746,0
4.406415082541271,0.5042425543606551,0.19728366726886937,0.4949653479303518,0.5754147539523617,5.114819313208746,0
4.411654577288645,0.505515006897453,0.1962749618310064,0.4963855230743991,0.5754147539523617,5.114819313208746,0
4.416894072036018,0.5067874594342506,0.1952662563931436,0.4978056982184463,0.5754147539523617,5.114819313208746,0
4.422133566783392,0.5080599119710485,0.19425755095528063,0.4992258733624935,0.5754147539523617,5.114819313208746,0
4.427373061530766,0.509332364507846,0.19324884551741783,0.5006460485065406,0.5754147539523617,5.114819313208746,0
4.43261255627814,0.5106048170446439,0.19224014007955487,0.502066223650588,0.5754147539523617,5.114819313208746,0
4.437852051025513,0.5118022295365072,0.19128127545543877,0.5033994794346728,0.5754147539523617,5.114819313208746,0
4.443091545772886,0.5128292642214297,0.19043557399040328,0.5045353855244172,0.5754147539523617,5.114819313208746,0
4.4483310405202605,0.5138562989063524,0.18958987252536766,0.5056712916141617,0.5754147539523617,5.114819313208746,0
4.453570535267634,0.5148833335912748,0.18874417106033217,0.506807197703906,0.5754147539523617,5.114819313208746,0
4.458810030015008,0.5159103682761974,0.18789846959529655,0.5079431037936506,0.5754147539523617,5.114819313208746,0
4.464049524762381,0.51693740296112,0.187052768130261,0.5090790098833949,0.5754147539523617,5.114819313208746,0
4.469289019509755,0.5179644376460426,0.18620706666522538,0.5102149159731395,0.5754147539523617,5.114819313208746,0
4.474528514257129,0.518991472330965,0.1853613652001899,0.5113508220628838,0.5754147539523617,5.114819313208746,0
4.479768009004503,0.5200185070158877,0.18451566373515427,0.5124867281526285,0.5754147539523617,5.114819313208746,0
4.485007503751876,0.5210455417008102,0.18366996227011878,0.5136226342423729,0.5754147539523617,5.114819313208746,0
4.4902469984992495,0.5219922465418178,0.18287681162625793,0.5147032529188573,0.5754147539523617,5.114819313208746,0
4.495486493246624,0.5227381267730384,0.18221503803533362,0.5156456530621922,0.5754147539523617,5.114819313208746,0
4.500725987993997,0.523484007004259,0.18155326444440945,0.5165880532055271,0.5754147539523617,5.114819313208746,0
4.505965482741371,0.5242298872354798,0.18089149085348513,0.517530453348862,0.5754147539523617,5.114819313208746,0
4.511204977488744,0.5249757674667003,0.18022971726256093,0.518472853492197,0.5754147539523617,5.114819313208746,0
4.516444472236119,0.525721647697921,0.17956794367163664,0.5194152536355319,0.5754147539523617,5.114819313208746,0
4.521683966983492,0.5264675279291415,0.17890617008071244,0.5203576537788666,0.5754147539523617,5.114819313208746,0
4.526923461730866,0.5272134081603623,0.17824439648978813,0.5213000539222017,0.5754147539523617,5.114819313208746,0
4.532162956478239,0.5279592883915828,0.17758262289886395,0.5222424540655365,0.5754147539523617,5.114819313208746,0
4.5374024512256135,0.5287051686228036,0.17692084930793964,0.5231848542088714,0.5754147539523617,5.114819313208746,0
4.542641945972987,0.5293777570366536,0.17630608582417295,0.524073839988956,0.5754147539523617,5.114819313208746,0
4.54788144072036,0.5298477558043759,0.1758212653724547,0.5248151804064713,0.5754147539523617,5.114819313208746,0
4.553120935467734,0.5303177545720983,0.17533644492073636,0.525556520823987,0.5754147539523617,5.114819313208746,0
4.558360430215108,0.5307877533398204,0.17485162446901814,0.5262978612415021,0.5754147539523617,5.114819313208746,0
4.563599924962482,0.5312577521075429,0.17436680401729981,0.5270392016590177,0.5754147539523617,5.114819313208746,0
4.568839419709855,0.5317277508752651,0.17388198356558154,0.527780542076533,0.5754147539523617,5.114819313208746,0
4.574078914457229,0.5321977496429876,0.17339716311386325,0.5285218824940485,0.5754147539523617,5.114819313208746,0
4.579318409204602,0.5326677484107099,0.172912342662145,0.5292632229115638,0.5754147539523617,5.114819313208746,0
4.584557903951977,0.5331377471784322,0.17242752221042668,0.5300045633290794,0.5754147539523617,5.114819313208746,0
4.58979739869935,0.5336077459461546,0.17194270175870843,0.5307459037465947,0.5754147539523617,5.114819313208746,0
4.595036893446724,0.5340319907429449,0.17147668361111185,0.5314371026134327,0.5754147539523617,5.114819313208746,0
4.600276388194097,0.5343157054861587,0.17106841539760365,0.5319742952889039,0.5754147539523617,5.114819313208746,0
4.605515882941471,0.5345994202293725,0.17066014718409542,0.5325114879643752,0.5754147539523617,5.114819313208746,0
4.610755377688845,0.5348831349725863,0.17025187897058708,0.5330486806398466,0.5754147539523617,5.114819313208746,0
4.615994872436218,0.5351668497158002,0.16984361075707888,0.5335858733153178,0.5754147539523617,5.114819313208746,0
4.621234367183592,0.535450564459014,0.16943534254357054,0.5341230659907892,0.5754147539523617,5.114819313208746,0
4.6264738619309655,0.5357342792022277,0.1690270743300623,0.5346602586662604,0.5754147539523617,5.114819313208746,0
4.63171335667834,0.5360179939454416,0.16861880611655403,0.5351974513417317,0.5754147539523617,5.114819313208746,0
4.636952851425713,0.5363017086886552,0.16821053790304577,0.535734644017203,0.5754147539523617,5.114819313208746,0
4.642192346173087,0.5365854234318692,0.1678022696895375,0.5362718366926744,0.5754147539523617,5.114819313208746,0
4.6474318409204605,0.5368175640941277,0.16741370231359087,0.5367628403545269,0.5754147539523617,5.114819313208746,0
4.652671335667835,0.536872633745107,0.1670927744799392,0.5370952617362887,0.5754147539523617,5.114819313208746,0
4.657910830415208,0.5369277033960861,0.16677184664628752,0.5374276831180503,0.5754147539523617,5.114819313208746,0
4.663150325162581,0.5369827730470653,0.16645091881263585,0.5377601044998122,0.5754147539523617,5.114819313208746,0
4.668389819909955,0.5370378426980444,0.16612999097898418,0.5380925258815739,0.5754147539523617,5.114819313208746,0
4.673629314657329,0.5370929123490237,0.16580906314533256,0.5384249472633356,0.5754147539523617,5.114819313208746,0
4.678868809404703,0.5371479820000029,0.16548813531168083,0.5387573686450973,0.5754147539523617,5.114819313208746,0
4.684108304152076,0.537203051650982,0.16516720747802918,0.539089790026859,0.5754147539523617,5.114819313208746,0
4.68934779889945,0.5372581213019612,0.16484627964437748,0.5394222114086208,0.5754147539523617,5.114819313208746,0
4.694587293646824,0.5373131909529404,0.16452535181072586,0.5397546327903825,0.5754147539523617,5.114819313208746,0
4.699826788394198,0.5373259323418778,0.16421734441403796,0.540029565515787,0.5754147539523617,5.114819313208746,0
4.705066283141571,0.5371750388641412,0.16395928553585645,0.5400822555086883,0.5754147539523617,5.114819313208746,0
4.710305777888944,0.5370241453864046,0.16370122665767492,0.5401349455015896,0.5754147539523617,5.114819313208746,0
4.715545272636319,0.5368732519086681,0.1634431677794934,0.5401876354944908,0.5754147539523617,5.114819313208746,0
4.720784767383692,0.5367223584309314,0.16318510890131188,0.5402403254873921,0.5754147539523617,5.114819313208746,0
4.726024262131066,0.536571464953195,0.16292705002313035,0.5402930154802934,0.5754147539523617,5.114819313208746,0
4.731263756878439,0.5364205714754583,0.16266899114494887,0.5403457054731948,0.5754147539523617,5.114819313208746,0
4.736503251625813,0.5362696779977216,0.16241093226676728,0.540398395466096,0.5754147539523617,5.114819313208746,0
4.741742746373187,0.5361187845199852,0.1621528733885858,0.5404510854589972,0.5754147539523617,5.114819313208746,0
4.746982241120561,0.5359678910422485,0.16189481451040427,0.5405037754518986,0.5754147539523617,5.114819313208746,0
4.752221735867934,0.5357896983016567,0.16163544706411115,0.5405252021557427,0.5754147539523617,5.114819313208746,0
4.757461230615308,0.5354916101498759,0.1613703325281386,0.5404093238738625,0.5754147539523617,5.114819313208746,0
4.762700725362682,0.5351935219980954,0.1611052179921661,0.5402934455919823,0.5754147539523617,5.114819313208746,0
4.767940220110055,0.5348954338463148,0.1608401034561936,0.5401775673101022,0.5754147539523617,5.114819313208746,0
4.773179714857429,0.5345973456945341,0.16057498892022098,0.5400616890282222,0.5754147539523617,5.114819313208746,0
4.778419209604802,0.5342992575427534,0.16030987438424849,0.539945810746342,0.5754147539523617,5.114819313208746,0
4.7836587043521765,0.5340011693909728,0.16004475984827596,0.5398299324644618,0.5754147539523617,5.114819313208746,0
4.78889819909955,0.5337030812391921,0.15977964531230343,0.5397140541825817,0.5754147539523617,5.114819313208746,0
4.794137693846924,0.5334049930874114,0.15951453077633088,0.5395981759007016,0.5754147539523617,5.114819313208746,0
4.799377188594297,0.5331069049356307,0.15924941624035838,0.5394822976188213,0.5754147539523617,5.114819313208746,0
4.804616683341672,0.5327744550875297,0.15901145389507643,0.5393385530123362,0.5754147539523617,5.114819313208746,0
4.809856178089045,0.5322686348625397,0.1589104866937333,0.5390542101317075,0.5754147539523617,5.114819313208746,0
4.815095672836419,0.5317628146375496,0.15880951949239022,0.5387698672510789,0.5754147539523617,5.114819313208746,0
4.820335167583792,0.5312569944125596,0.15870855229104713,0.5384855243704503,0.5754147539523617,5.114819313208746,0
4.8255746623311655,0.5307511741875697,0.15860758508970402,0.5382011814898217,0.5754147539523617,5.114819313208746,0
4.83081415707854,0.5302453539625795,0.15850661788836093,0.537916838609193,0.5754147539523617,5.114819313208746,0
4.836053651825913,0.5297395337375895,0.15840565068701784,0.5376324957285644,0.5754147539523617,5.114819313208746,0
4.841293146573287,0.5292337135125994,0.15830468348567475,0.5373481528479358,0.5754147539523617,5.114819313208746,0
4.84653264132066,0.5287278932876094,0.15820371628433166,0.5370638099673071,0.5754147539523617,5.114819313208746,0
4.851772136068035,0.5282220730626193,0.15810274908298855,0.5367794670866786,0.5754147539523617,5.114819313208746,0
4.857011630815408,0.5276984950094097,0.15799401366253302,0.5364722757009581,0.5754147539523617,5.114819313208746,0
4.862251125562782,0.527070513173047,0.1578396064710888,0.5360307508628879,0.5754147539523617,5.114819313208746,0
4.867490620310155,0.5264425313366843,0.15768519927964458,0.5355892260248178,0.5754147539523617,5.114819313208746,0
4.872730115057529,0.5258145495003217,0.15753079208820042,0.5351477011867477,0.5754147539523617,5.114819313208746,0
4.877969609804903,0.5251865676639589,0.1573763848967562,0.5347061763486776,0.5754147539523617,5.114819313208746,0
4.883209104552276,0.5245585858275963,0.15722197770531202,0.5342646515106074,0.5754147539523617,5.114819313208746,0
4.88844859929965,0.5239306039912335,0.1570675705138678,0.5338231266725373,0.5754147539523617,5.114819313208746,0
4.893688094047024,0.5233026221548708,0.15691316332242358,0.5333816018344673,0.5754147539523617,5.114819313208746,0
4.898927588794398,0.5226746403185081,0.1567587561309794,0.532940076996397,0.5754147539523617,5.114819313208746,0
4.904167083541771,0.5220466584821454,0.15660434893953518,0.532498552158327,0.5754147539523617,5.114819313208746,0
4.909406578289145,0.5214012703484054,0.15647042498393687,0.5320344237809749,0.5754147539523617,5.114819313208746,0
4.914646073036519,0.5206343862589734,0.1564794740145431,0.5314125226994355,0.5754147539523617,5.114819313208746,0
4.919885567783893,0.5198675021695411,0.15648852304514932,0.5307906216178961,0.5754147539523617,5.114819313208746,0
4.925125062531266,0.5191006180801091,0.15649757207575554,0.5301687205363568,0.5754147539523617,5.114819313208746,0
4.930364557278639,0.518333733990677,0.15650662110636177,0.5295468194548174,0.5754147539523617,5.114819313208746,0
4.935604052026013,0.5175668499012448,0.15651567013696796,0.5289249183732779,0.5754147539523617,5.114819313208746,0
4.940843546773387,0.5167999658118126,0.15652471916757418,0.5283030172917387,0.5754147539523617,5.114819313208746,0
4.946083041520761,0.5160330817223804,0.15653376819818038,0.5276811162101992,0.5754147539523617,5.114819313208746,0
4.951322536268134,0.5152661976329482,0.1565428172287866,0.5270592151286598,0.5754147539523617,5.114819313208746,0
4.956562031015508,0.5144993135435161,0.15655186625939282,0.5264373140471204,0.5754147539523617,5.114819313208746,0
4.961801525762882,0.5137163067870314,0.15656571407430028,0.5257975178857768,0.5754147539523617,5.114819313208746,0
4.967041020510256,0.5127962573605993,0.15662035155576828,0.5250056135460972,0.5754147539523617,5.114819313208746,0
4.972280515257629,0.5118762079341674,0.15667498903723628,0.5242137092064176,0.5754147539523617,5.114819313208746,0
4.977520010005003,0.5109561585077356,0.15672962651870428,0.5234218048667381,0.5754147539523617,5.114819313208746,0
4.9827595047523765,0.5100361090813037,0.15678426400017229,0.5226299005270585,0.5754147539523617,5.114819313208746,0
4.98799899949975,0.5091160596548718,0.15683890148164029,0.5218379961873789,0.5754147539523617,5.114819313208746,0
4.993238494247124,0.5081960102284399,0.15689353896310831,0.5210460918476993,0.5754147539523617,5.114819313208746,0
4.998477988994497,0.507275960802008,0.15694817644457632,0.5202541875080197,0.5754147539523617,5.114819313208746,0
5.003717483741871,0.506355911375576,0.15700281392604432,0.5194622831683401,0.5754147539523617,5.114819313208746,0
5.008956978489245,0.5054358619491441,0.15705745140751232,0.5186703788286606,0.5754147539523617,5.114819313208746,0
5.014196473236619,0.5045080664433815,0.15711472230501736,0.5178707414249563,0.5754147539523617,5.114819313208746,0
5.019435967983992,0.5034971144977463,0.15720026369821397,0.5169880873045168,0.5754147539523617,5.114819313208746,0
5.024675462731366,0.502486162552111,0.15728580509141055,0.5161054331840773,0.5754147539523617,5.114819313208746,0
5.02991495747874,0.5014752106064757,0.15737134648460713,0.5152227790636379,0.5754147539523617,5.114819313208746,0
5.035154452226114,0.5004642586608403,0.15745688787780376,0.5143401249431985,0.5754147539523617,5.114819313208746,0
5.040393946973487,0.4994533067152052,0.15754242927100032,0.513457470822759,0.5754147539523617,5.114819313208746,0
5.04563344172086,0.49844235476957005,0.15762797066419693,0.5125748167023197,0.5754147539523617,5.114819313208746,0
5.0508729364682345,0.49743140282393467,0.15771351205739353,0.5116921625818802,0.5754147539523617,5.114819313208746,0
5.056112431215608,0.4964204508782995,0.15779905345059012,0.5108095084614409,0.5754147539523617,5.114819313208746,0
5.061351925962982,0.4954094989326641,0.15788459484378672,0.5099268543410013,0.5754147539523617,5.114819313208746,0
5.066591420710355,0.4943948669442427,0.15797192940266214,0.5090409691454844,0.5754147539523617,5.114819313208746,0
5.0718309154577295,0.49332744049584965,0.15808498899223722,0.5081087304498147,0.5754147539523617,5.114819313208746,0
5.077070410205103,0.49226001404745673,0.1581980485818123,0.5071764917541453,0.5754147539523617,5.114819313208746,0
5.082309904952477,0.4911925875990637,0.15831110817138738,0.5062442530584756,0.5754147539523617,5.114819313208746,0
5.08754939969985,0.4901251611506708,0.1584241677609625,0.5053120143628063,0.5754147539523617,5.114819313208746,0
5.092788894447224,0.4890577347022778,0.15853722735053755,0.5043797756671368,0.5754147539523617,5.114819313208746,0
5.098028389194598,0.48799030825388484,0.15865028694011266,0.5034475369714672,0.5754147539523617,5.114819313208746,0
5.103267883941971,0.48692288180549204,0.15876334652968777,0.5025152982757977,0.5754147539523617,5.114819313208746,0
5.108507378689345,0.4858554553570989,0.15887640611926285,0.501583059580128,0.5754147539523617,5.114819313208746,0
5.113746873436718,0.484788028908706,0.15898946570883793,0.5006508208844587,0.5754147539523617,5.114819313208746,0
5.118986368184093,0.48371947476444094,0.1591039974468834,0.49971436129392743,0.5754147539523617,5.114819313208746,0
5.124225862931466,0.482627051057552,0.1592496896608843,0.4986885594288264,0.5754147539523617,5.114819313208746,0
5.12946535767884,0.48153462735066277,0.15939538187488525,0.49766275756372513,0.5754147539523617,5.114819313208746,0
5.134704852426213,0.4804422036437739,0.15954107408888618,0.496636955698624,0.5754147539523617,5.114819313208746,0
5.139944347173588,0.47934977993688466,0.15968676630288714,0.49561115383352267,0.5754147539523617,5.114819313208746,0
5.145183841920961,0.4782573562299957,0.1598324585168881,0.49458535196842157,0.5754147539523617,5.114819313208746,0
5.150423336668334,0.4771649325231067,0.159978150730889,0.4935595501033204,0.5754147539523617,5.114819313208746,0
5.155662831415708,0.47607250881621754,0.16012384294488996,0.49253374823821916,0.5754147539523617,5.114819313208746,0
5.1609023261630815,0.4749800851093285,0.1602695351588909,0.4915079463731181,0.5754147539523617,5.114819313208746,0
5.166141820910456,0.47388766140243943,0.16041522737289185,0.4904821445080168,0.5754147539523617,5.114819313208746,0
5.171381315657829,0.47279494309751297,0.16056283885085015,0.48945474304134207,0.5754147539523617,5.114819313208746,0
5.176620810405203,0.4716907649289289,0.1607851096967504,0.48836511707345287,0.5754147539523617,5.114819313208746,0
5.1818603051525765,0.47058658676034515,0.16100738054265062,0.4872754911055639,0.5754147539523617,5.114819313208746,0
5.187099799899951,0.46948240859176116,0.16122965138855086,0.4861858651376747,0.5754147539523617,5.114819313208746,0
5.192339294647324,0.4683782304231773,0.16145192223445104,0.4850962391697856,0.5754147539523617,5.114819313208746,0
5.197578789394698,0.46727405225459334,0.1616741930803513,0.4840066132018964,0.5754147539523617,5.114819313208746,0
5.202818284142071,0.46616987408600946,0.1618964639262515,0.4829169872340074,0.5754147539523617,5.114819313208746,0
5.208057778889445,0.46506569591742564,0.16211873477215172,0.48182736126611836,0.5754147539523617,5.114819313208746,0
5.213297273636819,0.4639615177488417,0.16234100561805195,0.4807377352982292,0.5754147539523617,5.114819313208746,0
5.218536768384192,0.4628573395802578,0.16256327646395216,0.4796481093303402,0.5754147539523617,5.114819313208746,0
5.223776263131566,0.46175321595536684,0.16278593263392716,0.478558160466072,0.5754147539523617,5.114819313208746,0
5.22901575787894,0.4606599192535341,0.1630850756327371,0.47740411667058164,0.5754147539523617,5.114819313208746,0
5.234255252626314,0.4595666225517011,0.16338421863154717,0.476250072875091,0.5754147539523617,5.114819313208746,0
5.239494747373687,0.4584733258498684,0.16368336163035715,0.4750960290796007,0.5754147539523617,5.114819313208746,0
5.244734242121061,0.45738002914803544,0.1639825046291672,0.4739419852841101,0.5754147539523617,5.114819313208746,0
5.2499737368684345,0.45628673244620277,0.1642816476279772,0.4727879414886198,0.5754147539523617,5.114819313208746,0
5.255213231615809,0.45519343574436977,0.1645807906267872,0.4716338976931292,0.5754147539523617,5.114819313208746,0
5.260452726363182,0.45410013904253704,0.1648799336255972,0.47047985389763874,0.5754147539523617,5.114819313208746,0
5.265692221110555,0.4530068423407043,0.16517907662440717,0.46932581010214847,0.5754147539523617,5.114819313208746,0
5.270931715857929,0.4519135456388713,0.16547821962321724,0.4681717663066579,0.5754147539523617,5.114819313208746,0
5.276171210605303,0.4508202489370386,0.16577736262202722,0.4670177225111676,0.5754147539523617,5.114819313208746,0
5.281410705352677,0.44975036407867386,0.1660872499288105,0.46590918852527896,0.5754147539523617,5.114819313208746,0
5.28665020010005,0.448680836653034,0.16639730127082997,0.46480134934564404,0.5754147539523617,5.114819313208746,0
5.291889694847424,0.4476113092273939,0.16670735261284947,0.4636935101660089,0.5754147539523617,5.114819313208746,0
5.297129189594798,0.44654178180175397,0.16701740395486897,0.46258567098637393,0.5754147539523617,5.114819313208746,0
5.302368684342172,0.44547225437611393,0.16732745529688847,0.46147783180673896,0.5754147539523617,5.114819313208746,0
5.307608179089545,0.44440272695047406,0.16763750663890792,0.46036999262710393,0.5754147539523617,5.114819313208746,0
5.312847673836918,0.44333319952483424,0.16794755798092742,0.459262153447469,0.5754147539523617,5.114819313208746,0
5.3180871685842925,0.44226367209919415,0.16825760932294692,0.4581543142678338,0.5754147539523617,5.114819313208746,0
5.323326663331666,0.4411941446735542,0.16856766066496642,0.4570464750881989,0.5754147539523617,5.114819313208746,0
5.32856615807904,0.4401246172479143,0.16887771200698592,0.4559386359085638,0.5754147539523617,5.114819313208746,0
5.333805652826413,0.43907518688739755,0.16928655532054673,0.4548531823316625,0.5754147539523617,5.114819313208746,0
5.339045147573788,0.4380264873292488,0.16969899106943637,0.4537685427766787,0.5754147539523617,5.114819313208746,0
5.344284642321161,0.4369777877711003,0.17011142681832594,0.452683903221695,0.5754147539523617,5.114819313208746,0
5.349524137068535,0.4359290882129515,0.17052386256721558,0.4515992636667112,0.5754147539523617,5.114819313208746,0
5.354763631815908,0.43488038865480294,0.17093629831610516,0.4505146241117275,0.5754147539523617,5.114819313208746,0
5.360003126563282,0.43383168909665415,0.17134873406499476,0.44942998455674366,0.5754147539523617,5.114819313208746,0
5.365242621310656,0.43278298953850564,0.17176116981388434,0.44834534500175993,0.5754147539523617,5.114819313208746,0
5.370482116058029,0.4317342899803571,0.1721736055627739,0.4472607054467763,0.5754147539523617,5.114819313208746,0
5.375721610805403,0.43068559042220833,0.17258604131166355,0.4461760658917924,0.5754147539523617,5.114819313208746,0
5.380961105552776,0.42963689086405976,0.1729984770605531,0.44509142633680876,0.5754147539523617,5.114819313208746,0
5.386200600300151,0.4286745104972923,0.1734048323487366,0.44399327958903184,0.5754147539523617,5.114819313208746,0
5.391440095047524,0.4277171673247173,0.17381083280897425,0.442894344623108,0.5754147539523617,5.114819313208746,0
5.396679589794898,0.426759824152142,0.174216833269212,0.44179540965718395,0.5754147539523617,5.114819313208746,0
5.401919084542271,0.42580248097956674,0.17462283372944964,0.4406964746912601,0.5754147539523617,5.114819313208746,0
5.4071585792896455,0.4248451378069914,0.17502883418968734,0.4395975397253361,0.5754147539523617,5.114819313208746,0
5.412398074037019,0.4238877946344163,0.17543483464992504,0.43849860475941227,0.5754147539523617,5.114819313208746,0
5.417637568784393,0.42293045146184094,0.17584083511016274,0.4373996697934882,0.5754147539523617,5.114819313208746,0
5.422877063531766,0.4219731082892658,0.17624683557040044,0.4363007348275644,0.5754147539523617,5.114819313208746,0
5.42811655827914,0.42101576511669064,0.1766528360306381,0.4352017998616405,0.5754147539523617,5.114819313208746,0
5.433356053026514,0.4200584219441153,0.17705883649087584,0.4341028648957165,0.5754147539523617,5.114819313208746,0
5.438595547773887,0.41913119311684005,0.1775022847731024,0.43303405624616775,0.5754147539523617,5.114819313208746,0
5.443835042521261,0.4182064126103207,0.17794877759370212,0.431967696890633,0.5754147539523617,5.114819313208746,0
5.449074537268634,0.4172816321038016,0.1783952704143018,0.4309013375350985,0.5754147539523617,5.114819313208746,0
5.454314032016009,0.41635685159728225,0.17884176323490153,0.42983497817956373,0.5754147539523617,5.114819313208746,0
5.459553526763382,0.4154320710907631,0.17928825605550117,0.42876861882402917,0.5754147539523617,5.114819313208746,0
5.464793021510756,0.41450729058424374,0.1797347488761009,0.42770225946849455,0.5754147539523617,5.114819313208746,0
5.470032516258129,0.4135825100777247,0.18018124169670058,0.42663590011295993,0.5754147539523617,5.114819313208746,0
5.475272011005503,0.4126577295712055,0.18062773451730021,0.4255695407574254,0.5754147539523617,5.114819313208746,0
5.480511505752877,0.41173294906468616,0.18107422733789993,0.42450318140189075,0.5754147539523617,5.114819313208746,0
5.48575100050025,0.41080816855816693,0.18152072015849963,0.42343682204635613,0.5754147539523617,5.114819313208746,0
5.490990495247624,0.40997332520366936,0.18205593131150147,0.4224250528504593,0.5754147539523617,5.114819313208746,0
5.496229989994998,0.40914794891780587,0.18260048123633504,0.42141902998715597,0.5754147539523617,5.114819313208746,0
5.501469484742372,0.4083225726319422,0.1831450311611687,0.42041300712385254,0.5754147539523617,5.114819313208746,0
5.506708979489745,0.4074971963460787,0.1836895810860023,0.4194069842605493,0.5754147539523617,5.114819313208746,0
5.511948474237119,0.4066718200602151,0.184234131010836,0.4184009613972458,0.5754147539523617,5.114819313208746,0
5.5171879689844925,0.40584644377435153,0.18477868093566954,0.4173949385339426,0.5754147539523617,5.114819313208746,0
5.522427463731867,0.4050210674884878,0.18532323086050323,0.4163889156706391,0.5754147539523617,5.114819313208746,0
5.52766695847924,0.40419569120262433,0.18586778078533683,0.4153828928073358,0.5754147539523617,5.114819313208746,0
5.532906453226613,0.4033703149167608,0.1864123307101704,0.41437686994403256,0.5754147539523617,5.114819313208746,0
5.538145947973987,0.40254493863089713,0.18695688063500407,0.41337084708072913,0.5754147539523617,5.114819313208746,0
5.543385442721361,0.40177453387428064,0.1875827556604576,0.41240414010437904,0.5754147539523617,5.114819313208746,0
5.548624937468735,0.4010112925464045,0.18821922829109117,0.41144255644474226,0.5754147539523617,5.114819313208746,0
5.553864432216108,0.40024805121852836,0.1888557009217246,0.41048097278510565,0.5754147539523617,5.114819313208746,0
5.559103926963482,0.39948480989065216,0.1894921735523582,0.4095193891254688,0.5754147539523617,5.114819313208746,0
5.564343421710856,0.3987215685627761,0.19012864618299166,0.4085578054658322,0.5754147539523617,5.114819313208746,0
5.56958291645823,0.3979583272348999,0.19076511881362523,0.4075962218061955,0.5754147539523617,5.114819313208746,0
5.574822411205603,0.3971950859070238,0.19140159144425867,0.40663463814655887,0.5754147539523617,5.114819313208746,0
5.580061905952977,0.3964318445791476,0.19203806407489224,0.40567305448692204,0.5754147539523617,5.114819313208746,0
5.585301400700351,0.3956686032512714,0.19267453670552573,0.4047114708272855,0.5754147539523617,5.114819313208746,0
5.590540895447724,0.39490536192339537,0.1933110093361592,0.4037498871676488,0.5754147539523617,5.114819313208746,0
5.595780390195098,0.3941599019621679,0.19400707423092267,0.40283517710955397,0.5754147539523617,5.114819313208746,0
5.601019884942471,0.39341722517137256,0.19471246661050634,0.4019278037890919,0.5754147539523617,5.114819313208746,0
5.606259379689845,0.3926745483805769,0.19541785899009012,0.4010204304686296,0.5754147539523617,5.114819313208746,0
5.611498874437219,0.3919318715897815,0.1961232513696738,0.4001130571481676,0.5754147539523617,5.114819313208746,0
5.616738369184593,0.39118919479898584,0.19682864374925757,0.39920568382770527,0.5754147539523617,5.114819313208746,0
5.621977863931966,0.3904465180081905,0.19753403612884127,0.39829831050724335,0.5754147539523617,5.114819313208746,0
5.62721735867934,0.3897038412173949,0.19823942850842505,0.3973909371867811,0.5754147539523617,5.114819313208746,0
5.632456853426714,0.38896116442659945,0.19894482088800872,0.396483563866319,0.5754147539523617,5.114819313208746,0
5.637696348174088,0.3882184876358038,0.1996502132675925,0.39557619054585685,0.5754147539523617,5.114819313208746,0
5.642935842921461,0.38747581084500854,0.20035560564717617,0.39466881722539476,0.5754147539523617,5.114819313208746,0
5.648175337668834,0.3867924160616798,0.20107001827016294,0.39384728891113485,0.5754147539523617,5.114819313208746,0
5.653414832416209,0.38611992776043685,0.20178609040380557,0.3930415540401523,0.5754147539523617,5.114819313208746,0
5.658654327163582,0.385447439459194,0.20250216253744807,0.39223581916916983,0.5754147539523617,5.114819313208746,0
5.663893821910956,0.3847749511579511,0.20321823467109074,0.3914300842981873,0.5754147539523617,5.114819313208746,0
5.669133316658329,0.3841024628567083,0.20393430680473326,0.3906243494272049,0.5754147539523617,5.114819313208746,0
5.674372811405704,0.3834299745554653,0.2046503789383759,0.3898186145562224,0.5754147539523617,5.114819313208746,0
5.679612306153077,0.3827574862542225,0.2053664510720184,0.38901287968523995,0.5754147539523617,5.114819313208746,0
5.684851800900451,0.38208499795297957,0.20608252320566106,0.38820714481425744,0.5754147539523617,5.114819313208746,0
5.690091295647824,0.38141250965173673,0.2067985953393036,0.38740140994327504,0.5754147539523617,5.114819313208746,0
5.6953307903951975,0.38074002135049395,0.2075146674729461,0.3865956750722926,0.5754147539523617,5.114819313208746,0
5.700570285142572,0.380122941358857,0.20833882823378616,0.38583844927384636,0.5754147539523617,5.114819313208746,0
5.705809779889945,0.379517650369264,0.20918598657488088,0.3850915445546633,0.5754147539523617,5.114819313208746,0
5.711049274637319,0.3789123593796709,0.21003314491597574,0.38434463983548006,0.5754147539523617,5.114819313208746,0
5.716288769384692,0.3783070683900779,0.21088030325707047,0.38359773511629713,0.5754147539523617,5.114819313208746,0
5.721528264132067,0.3777017774004848,0.21172746159816536,0.38285083039711393,0.5754147539523617,5.114819313208746,0
5.72676775887944,0.3770964864108918,0.21257461993926008,0.3821039256779309,0.5754147539523617,5.114819313208746,0
5.732007253626814,0.37649119542129866,0.21342177828035494,0.3813570209587477,0.5754147539523617,5.114819313208746,0
5.737246748374187,0.37588590443170566,0.21426893662144966,0.38061011623956464,0.5754147539523617,5.114819313208746,0
5.7424862431215615,0.3752806134421125,0.2151160949625445,0.3798632115203815,0.5754147539523617,5.114819313208746,0
5.747725737868935,0.37467532245251955,0.21596325330363922,0.37911630680119845,0.5754147539523617,5.114819313208746,0
5.752965232616308,0.3741537327281413,0.21676727286295777,0.37844735943627084,0.5754147539523617,5.114819313208746,0
5.758204727363682,0.37365248162895526,0.21756081010147105,0.3777973549798539,0.5754147539523617,5.114819313208746,0
5.763444222111056,0.37315123052976934,0.2183543473399842,0.37714735052343695,0.5754147539523617,5.114819313208746,0
5.76868371685843,0.3726499794305833,0.2191478845784975,0.3764973460670199,0.5754147539523617,5.114819313208746,0
5.773923211605803,0.37214872833139734,0.21994142181701062,0.375847341610603,0.5754147539523617,5.114819313208746,0
5.779162706353177,0.37164747723221137,0.2207349590555239,0.375197337154186,0.5754147539523617,5.114819313208746,0
5.784402201100551,0.3711462261330254,0.22152849629403706,0.37454733269776913,0.5754147539523617,5.114819313208746,0
5.789641695847925,0.3706449750338393,0.22232203353255034,0.3738973282413521,0.5754147539523617,5.114819313208746,0
5.794881190595298,0.37014372393465345,0.22311557077106348,0.37324732378493525,0.5754147539523617,5.114819313208746,0
5.800120685342672,0.36964247283546736,0.22390910800957675,0.37259731932851825,0.5754147539523617,5.114819313208746,0
5.805360180090045,0.36915082767949225,0.22475024373368116,0.37200793298170987,0.5754147539523617,5.114819313208746,0
5.810599674837419,0.3686618218561565,0.22560445763593528,0.37143520208993763,0.5754147539523617,5.114819313208746,0
5.815839169584793,0.36817281603282065,0.2264586715381895,0.3708624711981653,0.5754147539523617,5.114819313208746,0
5.821078664332166,0.36768381020948493,0.2273128854404436,0.37028974030639306,0.5754147539523617,5.114819313208746,0
5.82631815907954,0.3671948043861491,0.2281670993426978,0.36971700941462077,0.5754147539523617,5.114819313208746,0
5.831557653826914,0.3667057985628133,0.22902131324495192,0.36914427852284853,0.5754147539523617,5.114819313208746,0
5.836797148574288,0.3662167927394775,0.22987552714720616,0.3685715476310761,0.5754147539523617,5.114819313208746,0
5.842036643321661,0.3657277869161418,0.23072974104946023,0.3679988167393039,0.5754147539523617,5.114819313208746,0
5.847276138069035,0.36523878109280594,0.23158395495171447,0.3674260858475316,0.5754147539523617,5.114819313208746,0
5.8525156328164085,0.36474977526947017,0.23243816885396856,0.3668533549557594,0.5754147539523617,5.114819313208746,0
5.857755127563783,0.36431514788063823,0.2333169271643955,0.3663257022739641,0.5754147539523617,5.114819313208746,0
5.862994622311156,0.36389727974703057,0.23420324998094766,0.3658119425486866,0.5754147539523617,5.114819313208746,0
5.868234117058529,0.3634794116134228,0.23508957279749979,0.365298182823409,0.5754147539523617,5.114819313208746,0
5.873473611805903,0.363061543479815,0.23597589561405208,0.36478442309813125,0.5754147539523617,5.114819313208746,0
5.878713106553277,0.3626436753462073,0.23686221843060423,0.36427066337285363,0.5754147539523617,5.114819313208746,0
5.883952601300651,0.3622258072125995,0.23774854124715653,0.36375690364757596,0.5754147539523617,5.114819313208746,0
5.889192096048024,0.3618079390789919,0.23863486406370865,0.36324314392229834,0.5754147539523617,5.114819313208746,0
5.894431590795398,0.36139007094538395,0.23952118688026094,0.3627293841970206,0.5754147539523617,5.114819313208746,0
5.899671085542772,0.36097220281177633,0.24040750969681307,0.36221562447174305,0.5754147539523617,5.114819313208746,0
5.904910580290146,0.36055433467816855,0.2412938325133654,0.36170186474646526,0.5754147539523617,5.114819313208746,0
5.910150075037519,0.36015636758389025,0.24222352452837392,0.3611874189741609,0.5754147539523617,5.114819313208746,0
5.915389569784892,0.3597652351899879,0.24316811101557956,0.36067273758974616,0.5754147539523617,5.114819313208746,0
5.920629064532267,0.35937410279608517,0.24411269750278536,0.36015805620533137,0.5754147539523617,5.114819313208746,0
5.92586855927964,0.35898297040218274,0.245057283989991,0.3596433748209167,0.5754147539523617,5.114819313208746,0
5.931108054027014,0.3585918380082802,0.24600187047719682,0.3591286934365019,0.5754147539523617,5.114819313208746,0
5.936347548774387,0.35820070561437767,0.24694645696440248,0.35861401205208715,0.5754147539523617,5.114819313208746,0
5.9415870435217615,0.35780957322047513,0.24789104345160828,0.35809933066767236,0.5754147539523617,5.114819313208746,0
5.946826538269135,0.35741844082657265,0.24883562993881395,0.3575846492832577,0.5754147539523617,5.114819313208746,0
5.952066033016509,0.35702730843267005,0.24978021642601972,0.35706996789884293,0.5754147539523617,5.114819313208746,0
5.957305527763882,0.35663617603876757,0.2507248029132254,0.35655528651442825,0.5754147539523617,5.114819313208746,0
5.962545022511256,0.3562801415974891,0.2517763622878103,0.35608340295765234,0.5754147539523617,5.114819313208746,0
5.96778451725863,0.35593746623852446,0.252868637986311,0.35562780923146564,0.5754147539523617,5.114819313208746,0
5.973024012006003,0.3555947908795598,0.25396091368481166,0.35517221550527905,0.5754147539523617,5.114819313208746,0
5.978263506753377,0.35525211552059505,0.25505318938331256,0.3547166217790923,0.5754147539523617,5.114819313208746,0
5.98350300150075,0.3549094401616303,0.25614546508181324,0.3542610280529057,0.5754147539523617,5.114819313208746,0
5.988742496248125,0.3545667648026656,0.2572377407803141,0.35380543432671896,0.5754147539523617,5.114819313208746,0
5.993981990995498,0.3542240894437009,0.2583300164788147,0.35334984060053226,0.5754147539523617,5.114819313208746,0
5.999221485742872,0.35388141408473617,0.2594222921773156,0.35289424687434556,0.5754147539523617,5.114819313208746,0
6.004460980490245,0.35353873872577146,0.2605145678758163,0.3524386531481589,0.5754147539523617,5.114819313208746,0
6.00970047523762,0.3531960633668068,0.2616068435743171,0.3519830594219722,0.5754147539523617,5.114819313208746,0
6.014939969984993,0.3528709958700228,0.2626855302708367,0.35155400663716163,0.5754147539523617,5.114819313208746,0
6.020179464732367,0.35255332242212606,0.2637585105537131,0.3511360991586938,0.5754147539523617,5.114819313208746,0
6.02541895947974,0.35223564897422943,0.2648314908365893,0.35071819168022605,0.5754147539523617,5.114819313208746,0
6.0306584542271136,0.35191797552633275,0.26590447111946547,0.3503002842017584,0.5754147539523617,5.114819313208746,0
6.035897948974488,0.351600302078436,0.26697745140234186,0.3498823767232906,0.5754147539523617,5.114819313208746,0
6.041137443721861,0.3512826286305395,0.2680504316852181,0.3494644692448229,0.5754147539523617,5.114819313208746,0
6.046376938469235,0.35096495518264265,0.26912341196809453,0.349046561766355,0.5754147539523617,5.114819313208746,0
6.0516164332166085,0.35064728173474596,0.2701963922509707,0.3486286542878874,0.5754147539523617,5.114819313208746,0
6.056855927963983,0.3503296082868493,0.2712693725338471,0.3482107468094196,0.5754147539523617,5.114819313208746,0
6.062095422711356,0.35001193483895265,0.2723423528167233,0.347792839330952,0.5754147539523617,5.114819313208746,0
6.06733491745873,0.3497036638209204,0.2734541078957402,0.34741964401434267,0.5754147539523617,5.114819313208746,0
6.072574412206103,0.3493997323859026,0.27458375903451404,0.3470670850801297,0.5754147539523617,5.114819313208746,0
6.077813906953477,0.34909580095088477,0.2757134101732879,0.34671452614591663,0.5754147539523617,5.114819313208746,0
6.083053401700851,0.348791869515867,0.27684306131206193,0.3463619672117036,0.5754147539523617,5.114819313208746,0
6.088292896448224,0.3484879380808492,0.27797271245083577,0.3460094082774906,0.5754147539523617,5.114819313208746,0
6.093532391195598,0.3481840066458313,0.2791023635896098,0.3456568493432775,0.5754147539523617,5.114819313208746,0
6.098771885942972,0.34788007521081354,0.28023201472838366,0.3453042904090645,0.5754147539523617,5.114819313208746,0
6.104011380690346,0.34757614377579565,0.28136166586715766,0.3449517314748514,0.5754147539523617,5.114819313208746,0
6.109250875437719,0.3472722123407779,0.2824913170059315,0.34459917254063843,0.5754147539523617,5.114819313208746,0
6.114490370185093,0.34696828090576004,0.28362096814470555,0.3442466136064255,0.5754147539523617,5.114819313208746,0
6.1197298649324665,0.34666936905952644,0.2847811094252079,0.3439066736394563,0.5754147539523617,5.114819313208746,0
6.124969359679841,0.3463729954204516,0.2859566683622826,0.3435731145842256,0.5754147539523617,5.114819313208746,0
6.130208854427214,0.34607662178137677,0.2871322272993571,0.343239555528995,0.5754147539523617,5.114819313208746,0
6.135448349174587,0.345780248142302,0.2883077862364316,0.3429059964737644,0.5754147539523617,5.114819313208746,0
6.140687843921961,0.3454838745032272,0.2894833451735063,0.3425724374185337,0.5754147539523617,5.114819313208746,0
6.145927338669335,0.3451875008641523,0.2906589041105808,0.342238878363303,0.5754147539523617,5.114819313208746,0
6.151166833416709,0.3448911272250775,0.2918344630476555,0.34190531930807233,0.5754147539523617,5.114819313208746,0
6.156406328164082,0.3445947535860026,0.29301002198473003,0.3415717602528417,0.5754147539523617,5.114819313208746,0
6.161645822911456,0.34429837994692775,0.2941855809218047,0.341238201197611,0.5754147539523617,5.114819313208746,0
6.16688531765883,0.34400200630785294,0.29536113985887924,0.3409046421423803,0.5754147539523617,5.114819313208746,0
6.172124812406204,0.3437166872894984,0.29650693732607647,0.34054756022610017,0.5754147539523617,5.114819313208746,0
6.177364307153577,0.3434374762716974,0.29763629071264086,0.3401774812426255,0.5754147539523617,5.114819313208746,0
6.182603801900951,0.34315826525389637,0.2987656440992055,0.3398074022591507,0.5754147539523617,5.114819313208746,0
6.1878432966483246,0.34287905423609544,0.29989499748576987,0.339437323275676,0.5754147539523617,5.114819313208746,0
6.193082791395698,0.34259984321829445,0.3010243508723343,0.33906724429220136,0.5754147539523617,5.114819313208746,0
6.198322286143072,0.34232063220049347,0.3021537042588989,0.33869716530872657,0.5754147539523617,5.114819313208746,0
6.203561780890445,0.34204142118269254,0.3032830576454633,0.33832708632525177,0.5754147539523617,5.114819313208746,0
6.20880127563782,0.34176221016489144,0.3044124110320279,0.3379570073417771,0.5754147539523617,5.114819313208746,0
6.214040770385193,0.3414829991470905,0.30554176441859227,0.3375869283583024,0.5754147539523617,5.114819313208746,0
6.219280265132567,0.34120378812928953,0.3066711178051569,0.3372168493748276,0.5754147539523617,5.114819313208746,0
6.22451975987994,0.34091269005910874,0.3078442220726737,0.3368780788532699,0.5754147539523617,5.114819313208746,0
6.229759254627314,0.34061443111400047,0.3090436822925716,0.3365581688509394,0.5754147539523617,5.114819313208746,0
6.234998749374688,0.3403161721688922,0.3102431425124694,0.33623825884860886,0.5754147539523617,5.114819313208746,0
6.240238244122062,0.34001791322378394,0.31144260273236735,0.33591834884627836,0.5754147539523617,5.114819313208746,0
6.245477738869435,0.3397196542786756,0.3126420629522651,0.3355984388439478,0.5754147539523617,5.114819313208746,0
6.250717233616808,0.3394213953335674,0.31384152317216285,0.33527852884161735,0.5754147539523617,5.114819313208746,0
6.255956728364183,0.33912313638845903,0.31504098339206077,0.33495861883928685,0.5754147539523617,5.114819313208746,0
6.261196223111556,0.33882487744335077,0.3162404436119585,0.33463870883695634,0.5754147539523617,5.114819313208746,0
6.26643571785893,0.3385266184982425,0.3174399038318565,0.3343187988346259,0.5754147539523617,5.114819313208746,0
6.271675212606303,0.33822835955313424,0.31863936405175425,0.33399888883229534,0.5754147539523617,5.114819313208746,0
6.2769147073536775,0.3379089242202485,0.31980838943729917,0.3336432317194525,0.5754147539523617,5.114819313208746,0
6.282154202101051,0.3375756056123883,0.320957461694928,0.3332641387416265,0.5754147539523617,5.114819313208746,0
6.287393696848425,0.3372422870045281,0.32210653395255684,0.33288504576380057,0.5754147539523617,5.114819313208746,0
6.292633191595798,0.336908968396668,0.32325560621018556,0.3325059527859746,0.5754147539523617,5.114819313208746,0
6.297872686343172,0.3365756497888077,0.3244046784678143,0.33212685980814877,0.5754147539523617,5.114819313208746,0
6.303112181090546,0.3362423311809475,0.3255537507254432,0.3317477668303228,0.5754147539523617,5.114819313208746,0
6.308351675837919,0.3359090125730873,0.32670282298307196,0.33136867385249685,0.5754147539523617,5.114819313208746,0
6.313591170585293,0.3355756939652271,0.32785189524070085,0.3309895808746709,0.5754147539523617,5.114819313208746,0
6.3188306653326665,0.3352423753573669,0.3290009674983296,0.330610487896845,0.5754147539523617,5.114819313208746,0
6.324070160080041,0.33490905674950666,0.3301500397559585,0.33023139491901904,0.5754147539523617,5.114819313208746,0
6.329309654827414,0.33457355818972767,0.3313454714925507,0.3298417293025741,0.5754147539523617,5.114819313208746,0
6.334549149574788,0.33423650653115655,0.3325739318708081,0.3294445312483148,0.5754147539523617,5.114819313208746,0
6.339788644322161,0.33389945487258554,0.33380239224906527,0.32904733319405555,0.5754147539523617,5.114819313208746,0
6.345028139069536,0.3335624032140144,0.3350308526273228,0.32865013513979624,0.5754147539523617,5.114819313208746,0
6.350267633816909,0.3332253515554434,0.33625931300558,0.32825293708553704,0.5754147539523617,5.114819313208746,0
6.355507128564282,0.3328882998968724,0.3374877733838372,0.32785573903127774,0.5754147539523617,5.114819313208746,0
6.360746623311656,0.33255124823830123,0.3387162337620946,0.32745854097701843,0.5754147539523617,5.114819313208746,0
6.36598611805903,0.3322141965797303,0.3399446941403518,0.3270613429227592,0.5754147539523617,5.114819313208746,0
6.371225612806404,0.3318771449211591,0.3411731545186092,0.32666414486849993,0.5754147539523617,5.114819313208746,0
6.376465107553777,0.33154009326258804,0.3424016148968664,0.3262669468142406,0.5754147539523617,5.114819313208746,0
6.381704602301151,0.331186172939076,0.3436353642463952,0.3258696604863572,0.5754147539523617,5.114819313208746,0
6.3869440970485245,0.3308192075146763,0.3448732037337069,0.3254723058935378,0.5754147539523617,5.114819313208746,0
6.392183591795899,0.3304522420902765,0.34611104322101893,0.3250749513007185,0.5754147539523617,5.114819313208746,0
6.397423086543272,0.33008527666587684,0.34734888270833064,0.3246775967078992,0.5754147539523617,5.114819313208746,0
6.402662581290646,0.3297183112414771,0.3485867221956425,0.3242802421150797,0.5754147539523617,5.114819313208746,0
6.407902076038019,0.3293513458170775,0.3498245616829543,0.32388288752226035,0.5754147539523617,5.114819313208746,0
6.413141570785393,0.32898438039267774,0.351062401170266,0.32348553292944104,0.5754147539523617,5.114819313208746,0
6.418381065532767,0.328617414968278,0.352300240657578,0.3230881783366216,0.5754147539523617,5.114819313208746,0
6.42362056028014,0.3282504495438783,0.35353808014488974,0.32269082374380226,0.5754147539523617,5.114819313208746,0
6.428860055027514,0.32788348411947854,0.3547759196322016,0.3222934691509829,0.5754147539523617,5.114819313208746,0
6.434099549774888,0.3275231499907601,0.3559455628771675,0.3218622036377088,0.5754147539523617,5.114819313208746,0
6.439339044522262,0.3271683775939033,0.35705800927371434,0.32140249670727905,0.5754147539523617,5.114819313208746,0
6.444578539269635,0.32681360519704666,0.358170455670261,0.3209427897768493,0.5754147539523617,5.114819313208746,0
6.449818034017009,0.32645883280018984,0.3592829020668079,0.3204830828464196,0.5754147539523617,5.114819313208746,0
6.455057528764383,0.3261040604033332,0.36039534846335464,0.32002337591598984,0.009333109383200614,5.114819313208746,0
6.460297023511756,0.32574928800647646,0.3615077948599013,0.3195636689855602,0.009333109383200614,5.114819313208746,0
6.46553651825913,0.32539451560961974,0.36262024125644815,0.31910396205513036,0.009333109383200614,5.114819313208746,0
6.470776013006503,0.32503974321276297,0.3637326876529948,0.3186442551247008,0.009333109383200614,5.114819313208746,0
6.4760155077538775,0.32468497081590625,0.36484513404954166,0.318184548194271,0.009333109383200614,5.114819313208746,0
6.481255002501251,0.32433019841904953,0.3659575804460884,0.3177248412638413,0.009333109383200614,5.114819313208746,0
6.486494497248625,0.3239318820423083,0.3670732659838686,0.31724950767751253,0.009333109383200614,5.114819313208746,0
6.491733991995998,0.32349398022930853,0.36819189619549697,0.31675996804036644,0.009333109383200614,5.114819313208746,0
6.496973486743372,0.3230560784163088,0.3693105264071257,0.3162704284032204,0.009333109383200614,5.114819313208746,0
6.502212981490746,0.322618176603309,0.37042915661875414,0.3157808887660743,0.009333109383200614,5.114819313208746,0
6.50745247623812,0.3221802747903092,0.37154778683038275,0.3152913491289282,0.009333109383200614,5.114819313208746,0
6.512691970985493,0.32174237297730945,0.3726664170420112,0.3148018094917821,0.009333109383200614,5.114819313208746,0
6.517931465732866,0.3213044711643097,0.3737850472536396,0.3143122698546361,0.009333109383200614,5.114819313208746,0
6.523170960480241,0.3208665693513099,0.3749036774652682,0.31382273021748996,0.009333109383200614,5.114819313208746,0
6.528410455227614,0.3204286675383102,0.3760223076768966,0.313333190580344,0.009333109383200614,5.114819313208746,0
6.533649949974988,0.3199907657253104,0.3771409378885254,0.3128436509431979,0.009333109383200614,5.114819313208746,0
6.538889444722361,0.3195308575334973,0.3782027478208182,0.3123626225264921,0.009333109383200614,5.114819313208746,0
6.544128939469736,0.319049271416286,0.3792085855376464,0.31188997829708587,0.009333109383200614,5.114819313208746,0
6.549368434217109,0.31856768529907475,0.3802144232544745,0.3114173340676796,0.009333109383200614,5.114819313208746,0
6.554607928964483,0.3180860991818635,0.3812202609713027,0.31094468983827317,0.009333109383200614,5.114819313208746,0
6.559847423711856,0.31760451306465226,0.38222609868813073,0.31047204560886693,0.009333109383200614,5.114819313208746,0
6.56508691845923,0.31712292694744093,0.3832319364049589,0.30999940137946064,0.009333109383200614,5.114819313208746,0
6.570326413206604,0.3166413408302297,0.38423777412178695,0.3095267571500544,0.009333109383200614,5.114819313208746,0
6.575565907953977,0.3161597547130185,0.38524361183861494,0.3090541129206481,0.009333109383200614,5.114819313208746,0
6.580805402701351,0.3156781685958072,0.3862494495554432,0.3085814686912417,0.009333109383200614,5.114819313208746,0
6.5860448974487245,0.315196582478596,0.3872552872722712,0.30810882446183546,0.009333109383200614,5.114819313208746,0
6.591284392196099,0.31470133315504933,0.3882338666876879,0.30764287994930944,0.009333109383200614,5.114819313208746,0
6.596523886943472,0.31419150030556964,0.3891833517503024,0.3071840864299304,0.009333109383200614,5.114819313208746,0
6.601763381690846,0.31368166745608994,0.39013283681291716,0.3067252929105512,0.009333109383200614,5.114819313208746,0
6.607002876438219,0.31317183460661024,0.3910823218755317,0.3062664993911722,0.009333109383200614,5.114819313208746,0
6.6122423711855935,0.31266200175713055,0.39203180693814643,0.30580770587179307,0.009333109383200614,5.114819313208746,0
6.617481865932967,0.3121521689076509,0.392981292000761,0.305348912352414,0.009333109383200614,5.114819313208746,0
6.622721360680341,0.31164233605817115,0.39393077706337576,0.3048901188330348,0.009333109383200614,5.114819313208746,0
6.627960855427714,0.3111325032086915,0.39488026212599026,0.3044313253136557,0.009333109383200614,5.114819313208746,0
6.633200350175088,0.31062267035921187,0.39582974718860486,0.30397253179427663,0.009333109383200614,5.114819313208746,0
6.638439844922462,0.3101128375097321,0.3967792322512196,0.30351373827489747,0.009333109383200614,5.114819313208746,0
6.643679339669835,0.30961734721197903,0.3977281592638802,0.30304011730828156,0.009333109383200614,5.114819313208746,0
6.648918834417209,0.3091384477578448,0.3986764407484863,0.30254934459188887,0.009333109383200614,5.114819313208746,0
6.654158329164583,0.3086595483037107,0.3996247222330922,0.30205857187549623,0.009333109383200614,5.114819313208746,0
6.659397823911957,0.3081806488495765,0.4005730037176983,0.3015677991591035,0.009333109383200614,5.114819313208746,0
6.66463731865933,0.3077017493954423,0.4015212852023041,0.30107702644271095,0.009333109383200614,5.114819313208746,0
6.669876813406704,0.3072228499413081,0.4024695666869101,0.3005862537263182,0.009333109383200614,5.114819313208746,0
6.675116308154077,0.30674395048717396,0.40341784817151594,0.30009548100992556,0.009333109383200614,5.114819313208746,0
6.680355802901451,0.30626505103303986,0.40436612965612184,0.2996047082935329,0.009333109383200614,5.114819313208746,0
6.685595297648825,0.3057861515789056,0.4053144111407279,0.29911393557714017,0.009333109383200614,5.114819313208746,0
6.690834792396198,0.30530725212477144,0.40626269262533377,0.2986231628607475,0.009333109383200614,5.114819313208746,0
6.696074287143572,0.304822148044515,0.40714886273615114,0.29814309844265224,0.009333109383200614,5.114819313208746,0
6.701313781890946,0.3043292618908174,0.40795713044594534,0.29767646477157417,0.009333109383200614,5.114819313208746,0
6.70655327663832,0.30383637573711963,0.40876539815573976,0.297209831100496,0.009333109383200614,5.114819313208746,0
6.711792771385693,0.303343489583422,0.4095736658655339,0.29674319742941785,0.009333109383200614,5.114819313208746,0
6.717032266133067,0.30285060342972425,0.4103819335753283,0.29627656375833966,0.009333109383200614,5.114819313208746,0
6.7222717608804405,0.30235771727602656,0.4111902012851225,0.29580993008726153,0.009333109383200614,5.114819313208746,0
6.727511255627815,0.30186483112232876,0.4119984689949169,0.2953432964161834,0.009333109383200614,5.114819313208746,0
6.732750750375188,0.3013719449686312,0.4128067367047111,0.29487666274510527,0.009333109383200614,5.114819313208746,0
6.737990245122561,0.3008790588149335,0.4136150044145053,0.29441002907402714,0.009333109383200614,5.114819313208746,0
6.743229739869936,0.3003861726612358,0.41442327212429964,0.293943395402949,0.009333109383200614,5.114819313208746,0
6.748469234617309,0.299873483804862,0.41522201949295284,0.29346225807966797,0.009333109383200614,5.114819313208746,0
6.753708729364683,0.29933384452472783,0.41600781018431376,0.29296138205812267,0.009333109383200614,5.114819313208746,0
6.758948224112056,0.29879420524459377,0.4167936008756746,0.29246050603657747,0.009333109383200614,5.114819313208746,0
6.76418771885943,0.29825456596445954,0.41757939156703544,0.2919596300150321,0.009333109383200614,5.114819313208746,0
6.769427213606804,0.2977149266843254,0.41836518225839625,0.2914587539934869,0.009333109383200614,5.114819313208746,0
6.774666708354178,0.29717528740419125,0.4191509729497571,0.2909578779719416,0.009333109383200614,5.114819313208746,0
6.779906203101551,0.2966356481240572,0.4199367636411178,0.29045700195039637,0.009333109383200614,5.114819313208746,0
6.785145697848925,0.29609600884392295,0.42072255433247874,0.28995612592885106,0.009333109383200614,5.114819313208746,0
6.790385192596299,0.2955563695637889,0.42150834502383955,0.28945524990730587,0.009333109383200614,5.114819313208746,0
6.795624687343672,0.29501673028365477,0.42229413571520036,0.2889543738857606,0.009333109383200614,5.114819313208746,0
6.800864182091046,0.29449488519547906,0.42303558557290954,0.28845062542438005,0.009333109383200614,5.114819313208746,0
6.806103676838419,0.29399934456498106,0.42371148811130754,0.2879426307475911,0.009333109383200614,5.114819313208746,0
6.8113431715857935,0.293503803934483,0.42438739064970554,0.28743463607080194,0.009333109383200614,5.114819313208746,0
6.816582666333167,0.293008263303985,0.42506329318810343,0.2869266413940129,0.009333109383200614,5.114819313208746,0
6.821822161080541,0.29251272267348694,0.42573919572650154,0.28641864671722383,0.009333109383200614,5.114819313208746,0
6.827061655827914,0.292017182042989,0.42641509826489943,0.28591065204043475,0.009333109383200614,5.114819313208746,0
6.832301150575288,0.29152164141249093,0.42709100080329754,0.2854026573636457,0.009333109383200614,5.114819313208746,0
6.837540645322662,0.2910261007819929,0.4277669033416954,0.28489466268685665,0.009333109383200614,5.114819313208746,0
6.842780140070036,0.29053056015149487,0.42844280588009354,0.2843866680100675,0.009333109383200614,5.114819313208746,0
6.848019634817409,0.29003501952099686,0.4291187084184914,0.28387867333327854,0.009333109383200614,5.114819313208746,0
6.8532591295647824,0.2895359348039467,0.42977133835642356,0.2833919882242384,0.009333109383200614,5.114819313208746,0
6.858498624312157,0.28903115175165556,0.4303865496034108,0.28293956555746125,0.009333109383200614,5.114819313208746,0
6.86373811905953,0.28852636869936454,0.4310017608503978,0.28248714289068416,0.009333109383200614,5.114819313208746,0
6.868977613806904,0.28802158564707336,0.43161697209738503,0.28203472022390697,0.009333109383200614,5.114819313208746,0
6.874217108554277,0.28751680259478235,0.43223218334437213,0.2815822975571299,0.009333109383200614,5.114819313208746,0
6.879456603301652,0.2870120195424912,0.43284739459135935,0.2811298748903527,0.009333109383200614,5.114819313208746,0
6.884696098049025,0.28650723649020016,0.43346260583834645,0.2806774522235756,0.009333109383200614,5.114819313208746,0
6.889935592796399,0.2860024534379091,0.43407781708533366,0.28022502955679846,0.009333109383200614,5.114819313208746,0
6.895175087543772,0.285497670385618,0.4346930283323206,0.27977260689002137,0.009333109383200614,5.114819313208746,0
6.900414582291146,0.28499288733332695,0.43530823957930787,0.27932018422324423,0.009333109383200614,5.114819313208746,0
6.90565407703852,0.28449615353416924,0.4359016675828081,0.2788698617197244,0.009333109383200614,5.114819313208746,0
6.910893571785893,0.28401351980601774,0.43645693735289015,0.2784232181228761,0.009333109383200614,5.114819313208746,0
6.916133066533267,0.28353088607786614,0.4370122071229722,0.27797657452602775,0.009333109383200614,5.114819313208746,0
6.9213725612806405,0.28304825234971465,0.4375674768930541,0.2775299309291795,0.009333109383200614,5.114819313208746,0
6.926612056028015,0.28256561862156304,0.4381227466631361,0.2770832873323311,0.009333109383200614,5.114819313208746,0
6.931851550775388,0.28208298489341155,0.43867801643321813,0.27663664373548286,0.009333109383200614,5.114819313208746,0
6.937091045522762,0.28160035116525994,0.43923328620330027,0.2761900001386345,0.009333109383200614,5.114819313208746,0
6.942330540270135,0.28111771743710845,0.4397885559733822,0.2757433565417862,0.009333109383200614,5.114819313208746,0
6.94757003501751,0.28063508370895685,0.44034382574346426,0.27529671294493785,0.009333109383200614,5.114819313208746,0
6.952809529764883,0.2801524499808053,0.44089909551354617,0.2748500693480896,0.009333109383200614,5.114819313208746,0
6.958049024512256,0.2796808171825127,0.44140526763692634,0.27440868725471446,0.009333109383200614,5.114819313208746,0
6.96328851925963,0.2792302226588407,0.4418175449907018,0.27397736730666755,0.009333109383200614,5.114819313208746,0
6.968528014007004,0.27877962813516866,0.44222982234447716,0.27354604735862065,0.009333109383200614,5.114819313208746,0
6.973767508754378,0.27832903361149663,0.4426420996982525,0.27311472741057374,0.009333109383200614,5.114819313208746,0
6.979007003501751,0.27787843908782467,0.4430543770520279,0.27268340746252684,0.009333109383200614,5.114819313208746,0
6.984246498249125,0.2774278445641526,0.4434666544058033,0.27225208751447993,0.009333109383200614,5.114819313208746,0
6.9894859929964985,0.2769772500404807,0.44387893175957865,0.2718207675664331,0.009333109383200614,5.114819313208746,0
6.994725487743873,0.2765266555168086,0.444291209113354,0.2713894476183861,0.009333109383200614,5.114819313208746,0
6.999964982491246,0.27607606099313664,0.44470348646712937,0.2709581276703393,0.009333109383200614,5.114819313208746,0
7.00520447723862,0.2756254664694646,0.4451157638209048,0.2705268077222923,0.009333109383200614,5.114819313208746,0
7.0104439719859934,0.27518126925875164,0.4454805489951238,0.27010677938014926,0.009333109383200614,5.114819313208746,0
7.015683466733367,0.27475046177283663,0.44574593193306256,0.2697103846317582,0.009333109383200614,5.114819313208746,0
7.020922961480741,0.2743196542869215,0.4460113148710012,0.26931398988336713,0.009333109383200614,5.114819313208746,0
7.026162456228114,0.2738888468010065,0.44627669780893986,0.26891759513497615,0.009333109383200614,5.114819313208746,0
7.031401950975488,0.2734580393150914,0.44654208074687857,0.268521200386585,0.009333109383200614,5.114819313208746,0
7.036641445722862,0.2730272318291764,0.44680746368481716,0.268124805638194,0.009333109383200614,5.114819313208746,0
7.041880940470236,0.27259642434326126,0.44707284662275587,0.2677284108898029,0.009333109383200614,5.114819313208746,0
7.047120435217609,0.27216561685734625,0.4473382295606945,0.2673320161414119,0.009333109383200614,5.114819313208746,0
7.052359929964983,0.27173480937143113,0.44760361249863323,0.2669356213930208,0.009333109383200614,5.114819313208746,0
7.057599424712357,0.2713040018855161,0.4478689954365719,0.2665392266446298,0.009333109383200614,5.114819313208746,0
7.06283891945973,0.27089119999409694,0.4481013336965803,0.26615659615208026,0.009333109383200614,5.114819313208746,0
7.068078414207104,0.2705197663280485,0.44825775112630273,0.26580558932171194,0.009333109383200614,5.114819313208746,0
7.073317908954477,0.2701483326620001,0.4484141685560252,0.2654545824913437,0.009333109383200614,5.114819313208746,0
7.078557403701852,0.2697768989959516,0.4485705859857476,0.26510357566097537,0.009333109383200614,5.114819313208746,0
7.083796898449225,0.26940546532990317,0.44872700341547006,0.2647525688306071,0.009333109383200614,5.114819313208746,0
7.089036393196599,0.26903403166385476,0.4488834208451925,0.2644015620002388,0.009333109383200614,5.114819313208746,0
7.094275887943972,0.26866259799780634,0.4490398382749149,0.2640505551698705,0.009333109383200614,5.114819313208746,0
7.099515382691346,0.2682911643317578,0.4491962557046374,0.2636995483395022,0.009333109383200614,5.114819313208746,0
7.10475487743872,0.26791973066570945,0.44935267313435984,0.26334854150913395,0.009333109383200614,5.114819313208746,0
7.109994372186094,0.267548296999661,0.4495090905640823,0.26299753467876563,0.009333109383200614,5.114819313208746,0
7.115233866933467,0.26717883312517476,0.44959543859078066,0.26265951226585743,0.009333109383200614,5.114819313208746,0
7.12047336168084,0.2668143547408373,0.44950444281867497,0.2623543530688215,0.009333109383200614,5.114819313208746,0
7.125712856428215,0.26644987635649975,0.4494134470465692,0.26204919387178555,0.009333109383200614,5.114819313208746,0
7.130952351175588,0.26608539797216224,0.44932245127446346,0.2617440346747496,0.009333109383200614,5.114819313208746,0
7.136191845922962,0.26572091958782473,0.4492314555023576,0.26143887547771366,0.009333109383200614,5.114819313208746,0
7.141431340670335,0.2653564412034872,0.44914045973025185,0.2611337162806777,0.009333109383200614,5.114819313208746,0
7.1466708354177095,0.26499196281914966,0.44904946395814616,0.2608285570836418,0.009333109383200614,5.114819313208746,0
7.151910330165083,0.26462748443481215,0.4489584681860404,0.26052339788660583,0.009333109383200614,5.114819313208746,0
7.157149824912457,0.2642630060504746,0.44886747241393465,0.26021823868956984,0.009333109383200614,5.114819313208746,0
7.16238931965983,0.2638985276661371,0.44877647664182896,0.25991307949253395,0.009333109383200614,5.114819313208746,0
7.1676288144072045,0.2635430377146436,0.4486715559749651,0.25961032168850373,0.009333109383200614,5.114819313208746,0
7.172868309154578,0.2632127153751136,0.448527645602779,0.25931428778488974,0.009333109383200614,5.114819313208746,0
7.178107803901951,0.26288239303558353,0.44838373523059294,0.2590182538812757,0.009333109383200614,5.114819313208746,0
7.183347298649325,0.2625520706960534,0.44823982485840697,0.25872221997766165,0.009333109383200614,5.114819313208746,0
7.1885867933966985,0.26222174835652334,0.44809591448622077,0.2584261860740476,0.009333109383200614,5.114819313208746,0
7.193826288144073,0.2618914260169932,0.44795200411403463,0.25813015217043356,0.009333109383200614,5.114819313208746,0
7.199065782891446,0.2615611036774632,0.44780809374184855,0.2578341182668195,0.009333109383200614,5.114819313208746,0
7.20430527763882,0.2612307813379331,0.44766418336966246,0.25753808436320547,0.009333109383200614,5.114819313208746,0
7.209544772386193,0.26090045899840303,0.4475202729974764,0.2572420504595914,0.009333109383200614,5.114819313208746,0
7.214784267133568,0.26057013665887296,0.4473763626252903,0.2569460165559774,0.009333109383200614,5.114819313208746,0
7.220023761880941,0.26026116625260504,0.4472382938944,0.2566703764437459,0.009333109383200614,5.114819313208746,0
7.225263256628315,0.26001867299938003,0.44711841254156437,0.256458230403654,0.009333109383200614,5.114819313208746,0
7.230502751375688,0.2597761797461551,0.4469985311887289,0.25624608436356217,0.009333109383200614,5.114819313208746,0
7.235742246123062,0.2595336864929301,0.4468786498358935,0.2560339383234703,0.009333109383200614,5.114819313208746,0
7.240981740870436,0.2592911932397051,0.4467587684830579,0.2558217922833784,0.009333109383200614,5.114819313208746,0
7.246221235617809,0.25904869998648017,0.44663888713022254,0.25560964624328664,0.009333109383200614,5.114819313208746,0
7.251460730365183,0.25880620673325516,0.4465190057773869,0.25539750020319474,0.009333109383200614,5.114819313208746,0
7.2567002251125565,0.2585637134800302,0.44639912442455143,0.25518535416310284,0.009333109383200614,5.114819313208746,0
7.261939719859931,0.2583212202268052,0.44627924307171585,0.254973208123011,0.009333109383200614,5.114819313208746,0
7.267179214607304,0.25807872697358025,0.4461593617188804,0.25476106208291915,0.009333109383200614,5.114819313208746,0
7.272418709354678,0.2578476988152108,0.446018577643492,0.25456037986438845,0.009333109383200614,5.114819313208746,0
7.277658204102051,0.25765660525690004,0.4458049863322455,0.25439962781084624,0.009333109383200614,5.114819313208746,0
7.282897698849425,0.2574655116985893,0.445591395020999,0.2542388757573041,0.009333109383200614,5.114819313208746,0
7.288137193596799,0.2572744181402785,0.44537780370975233,0.2540781237037618,0.009333109383200614,5.114819313208746,0
7.293376688344172,0.2570833245819677,0.4451642123985059,0.25391737165021966,0.009333109383200614,5.114819313208746,0
7.298616183091546,0.25689223102365694,0.4449506210872594,0.2537566195966774,0.009333109383200614,5.114819313208746,0
7.30385567783892,0.2567011374653462,0.4447370297760129,0.25359586754313523,0.009333109383200614,5.114819313208746,0
7.309095172586294,0.25651004390703536,0.44452343846476633,0.25343511548959297,0.009333109383200614,5.114819313208746,0
7.314334667333667,0.25631895034872465,0.44430984715351984,0.25327436343605075,0.009333109383200614,5.114819313208746,0
7.319574162081041,0.25612785679041383,0.44409625584227325,0.25311361138250854,0.009333109383200614,5.114819313208746,0
7.324813656828415,0.2559499259658789,0.4438453792656798,0.25297293440509994,0.009333109383200614,5.114819313208746,0
7.330053151575789,0.2558236710591305,0.4434481234992056,0.252911070689549,0.009333109383200614,5.114819313208746,0
7.335292646323162,0.2556974161523822,0.44305086773273145,0.25284920697399815,0.009333109383200614,5.114819313208746,0
7.340532141070535,0.2555711612456338,0.4426536119662573,0.2527873432584472,0.009333109383200614,5.114819313208746,0
7.345771635817909,0.2554449063388854,0.4422563561997832,0.25272547954289637,0.009333109383200614,5.114819313208746,0
7.351011130565283,0.25531865143213706,0.44185910043330906,0.2526636158273454,0.009333109383200614,5.114819313208746,0
7.356250625312657,0.25519239652538867,0.44146184466683486,0.2526017521117946,0.009333109383200614,5.114819313208746,0
7.36149012006003,0.25506614161864033,0.4410645889003607,0.25253988839624364,0.009333109383200614,5.114819313208746,0
7.366729614807404,0.25493988671189194,0.4406673331338865,0.2524780246806928,0.009333109383200614,5.114819313208746,0
7.371969109554778,0.2548136318051436,0.4402700773674124,0.25241616096514186,0.009333109383200614,5.114819313208746,0
7.377208604302152,0.25469384569463416,0.4398806648470617,0.25236199264396014,0.009333109383200614,5.114819313208746,0
7.382448099049525,0.25460294763308233,0.43952627832994706,0.2523421900565364,0.009333109383200614,5.114819313208746,0
7.387687593796899,0.25451204957153045,0.43917189181283234,0.25232238746911273,0.009333109383200614,5.114819313208746,0
7.392927088544273,0.25442115150997857,0.4388175052957178,0.252302584881689,0.009333109383200614,5.114819313208746,0
7.398166583291646,0.25433025344842675,0.4384631187786032,0.2522827822942653,0.009333109383200614,5.114819313208746,0
7.40340607803902,0.25423935538687487,0.4381087322614885,0.2522629797068416,0.009333109383200614,5.114819313208746,0
7.408645572786393,0.254148457325323,0.437754345744374,0.2522431771194179,0.009333109383200614,5.114819313208746,0
7.413885067533767,0.25405755926377116,0.4373999592272593,0.25222337453199417,0.009333109383200614,5.114819313208746,0
7.419124562281141,0.2539666612022193,0.43704557271014477,0.2522035719445705,0.009333109383200614,5.114819313208746,0
7.424364057028515,0.2538757631406674,0.4366911861930301,0.25218376935714676,0.009333109383200614,5.114819313208746,0
7.429603551775888,0.2537962805392018,0.4363261974911363,0.25216928742534106,0.009333109383200614,5.114819313208746,0
7.4348430465232624,0.25377545584033284,0.4359067298705305,0.2521821454777878,0.009333109383200614,5.114819313208746,0
7.440082541270636,0.25375463114146396,0.43548726224992473,0.2521950035302345,0.009333109383200614,5.114819313208746,0
7.44532203601801,0.253733806442595,0.435067794629319,0.2522078615826812,0.009333109383200614,5.114819313208746,0
7.450561530765383,0.25371298174372614,0.43464832700871336,0.25222071963512793,0.009333109383200614,5.114819313208746,0
7.455801025512756,0.25369215704485726,0.4342288593881076,0.25223357768757465,0.009333109383200614,5.114819313208746,0
7.461040520260131,0.2536713323459884,0.4338093917675018,0.25224643574002137,0.009333109383200614,5.114819313208746,0
7.466280015007504,0.2536505076471195,0.43338992414689603,0.2522592937924681,0.009333109383200614,5.114819313208746,0
7.471519509754878,0.25362968294825056,0.43297045652629024,0.2522721518449148,0.009333109383200614,5.114819313208746,0
7.476759004502251,0.2536088582493817,0.43255098890568455,0.2522850098973615,0.009333109383200614,5.114819313208746,0
7.481998499249626,0.25360019498996517,0.4321259017813821,0.2523073213471707,0.009333109383200614,5.114819313208746,0
7.487237993996999,0.2536645003672631,0.43166709763489985,0.2523863531811543,0.009333109383200614,5.114819313208746,0
7.492477488744373,0.25372880574456114,0.43120829348841744,0.25246538501513804,0.009333109383200614,5.114819313208746,0
7.497716983491746,0.2537931111218591,0.43074948934193513,0.2525444168491217,0.009333109383200614,5.114819313208746,0
7.50295647823912,0.253857416499157,0.4302906851954529,0.2526234486831054,0.009333109383200614,5.114819313208746,0
7.508195972986494,0.253921721876455,0.42983188104897035,0.25270248051708905,0.009333109383200614,5.114819313208746,0
7.513435467733867,0.25398602725375297,0.42937307690248816,0.2527815123510727,0.009333109383200614,5.114819313208746,0
7.518674962481241,0.2540503326310509,0.4289142727560058,0.25286054418505644,0.009333109383200614,5.114819313208746,0
7.5239144572286145,0.2541146380083489,0.42845546860952344,0.25293957601904005,0.009333109383200614,5.114819313208746,0
7.529153951975989,0.25417894338564684,0.4279966644630412,0.25301860785302377,0.009333109383200614,5.114819313208746,0
7.534393446723362,0.25425102008164147,0.4275190700675505,0.25310516339435685,0.009333109383200614,5.114819313208746,0
7.539632941470736,0.2543786061968981,0.4269072596077144,0.25324545970247175,0.009333109383200614,5.114819313208746,0
7.544872436218109,0.25450619231215477,0.42629544914787854,0.2533857560105866,0.009333109383200614,5.114819313208746,0
7.550111930965484,0.2546337784274114,0.42568363868804254,0.2535260523187015,0.009333109383200614,5.114819313208746,0
7.555351425712857,0.254761364542668,0.4250718282282065,0.25366634862681636,0.009333109383200614,5.114819313208746,0
7.56059092046023,0.25488895065792466,0.4244600177683706,0.2538066449349312,0.009333109383200614,5.114819313208746,0
7.565830415207604,0.2550165367731813,0.42384820730853456,0.25394694124304606,0.009333109383200614,5.114819313208746,0
7.571069909954978,0.2551441228884379,0.4232363968486986,0.25408723755116097,0.009333109383200614,5.114819313208746,0
7.576309404702352,0.25527170900369456,0.4226245863888626,0.2542275338592759,0.009333109383200614,5.114819313208746,0
7.581548899449725,0.2553992951189512,0.42201277592902664,0.25436783016739073,0.009333109383200614,5.114819313208746,0
7.586788394197099,0.25553252385290715,0.42141268184635905,0.25451518916681326,0.009333109383200614,5.114819313208746,0
7.592027888944473,0.2557150222818473,0.4209148917399422,0.2547242175196054,0.009333109383200614,5.114819313208746,0
7.597267383691847,0.25589752071078736,0.4204171016335253,0.2549332458723976,0.009333109383200614,5.114819313208746,0
7.60250687843922,0.25608001913972744,0.41991931152710854,0.25514227422518976,0.009333109383200614,5.114819313208746,0
7.607746373186594,0.2562625175686676,0.4194215214206916,0.2553513025779819,0.009333109383200614,5.114819313208746,0
7.612985867933967,0.2564450159976076,0.41892373131427474,0.255560330930774,0.009333109383200614,5.114819313208746,0
7.618225362681341,0.2566275144265477,0.418425941207858,0.25576935928356614,0.009333109383200614,5.114819313208746,0
7.623464857428715,0.2568100128554878,0.4179281511014411,0.25597838763635833,0.009333109383200614,5.114819313208746,0
7.628704352176088,0.2569925112844279,0.41743036099502434,0.25618741598915046,0.009333109383200614,5.114819313208746,0
7.633943846923462,0.257175009713368,0.4169325708886074,0.25639644434194264,0.009333109383200614,5.114819313208746,0
7.639183341670836,0.2573616292625823,0.4164376271331756,0.25660906284776847,0.009333109383200614,5.114819313208746,0
7.64442283641821,0.2575939557821113,0.4159742519977594,0.2568614994145134,0.009333109383200614,5.114819313208746,0
7.649662331165583,0.2578262823016402,0.4155108768623433,0.2571139359812584,0.009333109383200614,5.114819313208746,0
7.654901825912957,0.25805860882116916,0.41504750172692706,0.2573663725480034,0.009333109383200614,5.114819313208746,0
7.660141320660331,0.258290935340698,0.41458412659151095,0.2576188091147483,0.009333109383200614,5.114819313208746,0
7.665380815407704,0.25852326186022695,0.4141207514560947,0.2578712456814933,0.009333109383200614,5.114819313208746,0
7.670620310155078,0.2587555883797559,0.41365737632067856,0.2581236822482383,0.009333109383200614,5.114819313208746,0
7.675859804902451,0.2589879148992848,0.4131940011852623,0.25837611881498324,0.009333109383200614,5.114819313208746,0
7.6810992996498255,0.2592202414188137,0.41273062604984606,0.25862855538172824,0.009333109383200614,5.114819313208746,0
7.686338794397199,0.25945256793834265,0.41226725091442984,0.2588809919484732,0.009333109383200614,5.114819313208746,0
7.691578289144573,0.2596881027377691,0.41179147332241917,0.2591362802371878,0.009333109383200614,5.114819313208746,0
7.696817783891946,0.2599716334044625,0.41113015497975547,0.25943423028656865,0.009333109383200614,5.114819313208746,0
7.70205727863932,0.2602551640711559,0.41046883663709166,0.2597321803359495,0.009333109383200614,5.114819313208746,0
7.707296773386694,0.2605386947378493,0.40980751829442796,0.2600301303853303,0.009333109383200614,5.114819313208746,0
7.712536268134068,0.26082222540454275,0.4091461999517641,0.2603280804347112,0.009333109383200614,5.114819313208746,0
7.717775762881441,0.26110575607123615,0.40848488160910046,0.260626030484092,0.009333109383200614,5.114819313208746,0
7.7230152576288145,0.2613892867379295,0.4078235632664367,0.2609239805334728,0.009333109383200614,5.114819313208746,0
7.728254752376189,0.26167281740462295,0.4071622449237729,0.26122193058285365,0.009333109383200614,5.114819313208746,0
7.733494247123562,0.26195634807131635,0.40650092658110915,0.26151988063223447,0.009333109383200614,5.114819313208746,0
7.738733741870936,0.2622398787380098,0.4058396082384453,0.26181783068161535,0.009333109383200614,5.114819313208746,0
7.743973236618309,0.2625257370266895,0.40517230950907646,0.2621178102500473,0.009333109383200614,5.114819313208746,0
7.749212731365684,0.26286389835059254,0.4043706279725657,0.2624633943053941,0.009333109383200614,5.114819313208746,0
7.754452226113057,0.2632020596744955,0.403568946436055,0.26280897836074085,0.009333109383200614,5.114819313208746,0
7.759691720860431,0.2635402209983986,0.40276726489954423,0.26315456241608765,0.009333109383200614,5.114819313208746,0
7.764931215607804,0.26387838232230154,0.4019655833630336,0.2635001464714344,0.009333109383200614,5.114819313208746,0
7.770170710355178,0.26421654364620456,0.40116390182652284,0.2638457305267812,0.009333109383200614,5.114819313208746,0
7.775410205102552,0.2645547049701076,0.4003622202900122,0.26419131458212786,0.009333109383200614,5.114819313208746,0
7.780649699849925,0.26489286629401054,0.3995605387535016,0.26453689863747465,0.009333109383200614,5.114819313208746,0
7.785889194597299,0.26523102761791356,0.39875885721699095,0.2648824826928214,0.009333109383200614,5.114819313208746,0
7.791128689344672,0.2655691889418165,0.3979571756804803,0.2652280667481681,0.009333109383200614,5.114819313208746,0
7.796368184092047,0.26590869690295627,0.39715789930225964,0.2655753472785781,0.009333109383200614,5.114819313208746,0
7.80160767883942,0.2663065591443511,0.3964628464499472,0.2659961417283921,0.009333109383200614,5.114819313208746,0
7.806847173586794,0.26670442138574596,0.3957677935976347,0.26641693617820617,0.009333109383200614,5.114819313208746,0
7.812086668334167,0.2671022836271408,0.39507274074532217,0.26683773062802013,0.009333109383200614,5.114819313208746,0
7.817326163081542,0.26750014586853565,0.39437768789300964,0.2672585250778342,0.009333109383200614,5.114819313208746,0
7.822565657828915,0.2678980081099305,0.3936826350406972,0.2676793195276482,0.009333109383200614,5.114819313208746,0
7.827805152576289,0.2682958703513254,0.3929875821883846,0.26810011397746225,0.009333109383200614,5.114819313208746,0
7.833044647323662,0.2686937325927202,0.39229252933607206,0.2685209084272762,0.009333109383200614,5.114819313208746,0
7.838284142071036,0.26909159483411504,0.39159747648375964,0.2689417028770902,0.009333109383200614,5.114819313208746,0
7.84352363681841,0.2694894570755099,0.390902423631447,0.26936249732690426,0.009333109383200614,5.114819313208746,0
7.848763131565783,0.26988744415472393,0.39020726981083415,0.2697833324944653,0.009333109383200614,5.114819313208746,0
7.854002626313157,0.27033511668596394,0.3894719306066106,0.27022037332535526,0.009333109383200614,5.114819313208746,0
7.85924212106053,0.2707827892172039,0.3887365914023875,0.2706574141562451,0.009333109383200614,5.114819313208746,0
7.864481615807905,0.2712304617484439,0.388001252198164,0.271094454987135,0.009333109383200614,5.114819313208746,0
7.869721110555278,0.2716781342796838,0.38726591299394075,0.27153149581802494,0.009333109383200614,5.114819313208746,0
7.874960605302652,0.27212580681092385,0.3865305737897174,0.27196853664891485,0.009333109383200614,5.114819313208746,0
7.8802001000500255,0.2725734793421638,0.3857952345854941,0.2724055774798047,0.009333109383200614,5.114819313208746,0
7.885439594797399,0.2730211518734037,0.38505989538127083,0.27284261831069456,0.009333109383200614,5.114819313208746,0
7.890679089544773,0.2734688244046437,0.38432455617704747,0.27327965914158453,0.009333109383200614,5.114819313208746,0
7.895918584292146,0.27391649693588366,0.3835892169728242,0.2737166999724744,0.009333109383200614,5.114819313208746,0
7.90115807903952,0.27436416946712366,0.3828538777686008,0.2741537408033643,0.009333109383200614,5.114819313208746,0
7.906397573786894,0.27484816743736395,0.3821396253881329,0.2746321308990493,0.009333109383200614,5.114819313208746,0
7.911637068534268,0.27533281407615795,0.38142574955808894,0.2751112593744629,0.009333109383200614,5.114819313208746,0
7.916876563281641,0.2758174607149518,0.38071187372804527,0.2755903878498764,0.009333109383200614,5.114819313208746,0
7.922116058029015,0.2763021073537457,0.37999799789800137,0.2760695163252899,0.009333109383200614,5.114819313208746,0
7.927355552776389,0.2767867539925396,0.3792841220679576,0.2765486448007034,0.009333109383200614,5.114819313208746,0
7.932595047523763,0.2772714006313336,0.37857024623791374,0.277027773276117,0.009333109383200614,5.114819313208746,0
7.937834542271136,0.2777560472701274,0.37785637040786996,0.2775069017515305,0.009333109383200614,5.114819313208746,0
7.943074037018509,0.2782406939089213,0.3771424945778262,0.27798603022694396,0.009333109383200614,5.114819313208746,0
7.9483135317658835,0.27872534054771525,0.37642861874778233,0.2784651587023575,0.009333109383200614,5.114819313208746,0
7.953553026513257,0.27920998718650913,0.3757147429177386,0.278944287177771,0.009333109383200614,5.114819313208746,0
7.958792521260631,0.27971104089205173,0.37504860183687017,0.2794716898250647,0.009333109383200614,5.114819313208746,0
7.964032016008004,0.2802127354986391,0.3743843253946414,0.28000097818219744,0.009333109383200614,5.114819313208746,0
7.969271510755378,0.2807144301052266,0.37372004895241273,0.2805302665393302,0.009333109383200614,5.114819313208746,0
7.974511005502752,0.281216124711814,0.37305577251018407,0.28105955489646295,0.009333109383200614,5.114819313208746,0
7.979750500250126,0.2817178193184015,0.3723914960679553,0.28158884325359573,0.009333109383200614,5.114819313208746,0
7.984989994997499,0.2822195139249889,0.37172721962572663,0.28211813161072846,0.009333109383200614,5.114819313208746,0
7.990229489744873,0.2827212085315764,0.371062943183498,0.28264741996786125,0.009333109383200614,5.114819313208746,0
7.995468984492247,0.2832229031381638,0.3703986667412693,0.283176708324994,0.009333109383200614,5.114819313208746,0
8.00070847923962,0.2837245977447512,0.36973439029904065,0.2837059966821267,0.009333109383200614,5.114819313208746,0
8.005947973986993,0.28422629235133856,0.369070113856812,0.2842352850392594,0.009333109383200614,5.114819313208746,0
8.011187468734368,0.28475359469357187,0.36849538137961907,0.2847601080562473,0.009333109383200614,5.114819313208746,0
8.016426963481742,0.2852824634664428,0.36792612632581945,0.2852846579274283,0.009333109383200614,5.114819313208746,0
8.021666458229115,0.2858113322393138,0.36735687127202,0.2858092077986093,0.009333109383200614,5.114819313208746,0
8.026905952976488,0.2863402010121848,0.3667876162182203,0.28633375766979025,0.009333109383200614,5.114819313208746,0
8.032145447723863,0.286869069785056,0.3662183611644206,0.2868583075409714,0.009333109383200614,5.114819313208746,0
8.037384942471236,0.28739793855792695,0.36564910611062096,0.2873828574121524,0.009333109383200614,5.114819313208746,0
8.04262443721861,0.28792680733079795,0.3650798510568214,0.2879074072833334,0.009333109383200614,5.114819313208746,0
8.047863931965983,0.28845567610366896,0.3645105960030218,0.2884319571545144,0.009333109383200614,5.114819313208746,0
8.053103426713356,0.2889845448765399,0.36394134094922226,0.28895650702569536,0.009333109383200614,5.114819313208746,0
8.058342921460731,0.2895134136494111,0.36337208589542247,0.28948105689687653,0.009333109383200614,5.114819313208746,0
8.063582416208105,0.29003865068141593,0.36275184637760455,0.29006935780381327,0.009333109383200614,5.114819313208746,0
8.068821910955478,0.2905635817787282,0.36212731197287185,0.29066302904256636,0.009333109383200614,5.114819313208746,0
8.074061405702851,0.29108851287604054,0.3615027775681392,0.2912567002813194,0.009333109383200614,5.114819313208746,0
8.079300900450226,0.291613443973353,0.3608782431634064,0.29185037152007265,0.009333109383200614,5.114819313208746,0
8.0845403951976,0.2921383750706653,0.36025370875867374,0.29244404275882574,0.009333109383200614,5.114819313208746,0
8.089779889944973,0.2926633061679776,0.35962917435394115,0.29303771399757883,0.009333109383200614,5.114819313208746,0
8.095019384692346,0.29318823726528986,0.3590046399492085,0.2936313852363319,0.009333109383200614,5.114819313208746,0
8.100258879439721,0.29371316836260236,0.35838010554447575,0.2942250564750852,0.009333109383200614,5.114819313208746,0
8.105498374187095,0.29423809945991464,0.3577555711397431,0.29481872771383827,0.009333109383200614,5.114819313208746,0
8.110737868934468,0.29476303055722697,0.35713103673501045,0.2954123989525913,0.009333109383200614,5.114819313208746,0
8.115977363681841,0.29533978013153894,0.3564358206953045,0.2960092025212691,0.009333109383200614,5.114819313208746,0
8.121216858429214,0.2959221433741925,0.3557329474784765,0.2966063454256887,0.009333109383200614,5.114819313208746,0
8.12645635317659,0.29650450661684624,0.3550300742616482,0.2972034883301085,0.009333109383200614,5.114819313208746,0
8.131695847923963,0.29708686985949984,0.3543272010448201,0.29780063123452816,0.009333109383200614,5.114819313208746,0
8.136935342671336,0.29766923310215343,0.3536243278279921,0.29839777413894775,0.009333109383200614,5.114819313208746,0
8.14217483741871,0.298251596344807,0.352921454611164,0.29899491704336734,0.009333109383200614,5.114819313208746,0
8.147414332166084,0.2988339595874608,0.3522185813943357,0.29959205994778715,0.009333109383200614,5.114819313208746,0
8.152653826913458,0.2994163228301144,0.35151570817750766,0.30018920285220674,0.009333109383200614,5.114819313208746,0
8.157893321660831,0.2999986860727679,0.3508128349606796,0.3007863457566264,0.009333109383200614,5.114819313208746,0
8.163132816408204,0.3005810493154215,0.35010996174385156,0.301383488661046,0.009333109383200614,5.114819313208746,0
8.168372311155577,0.30115487805751673,0.3494651660605204,0.3019962390045489,0.009333109383200614,5.114819313208746,0
8.173611805902953,0.3017275672498216,0.34882812504785476,0.3026110732958841,0.009333109383200614,5.114819313208746,0
8.178851300650326,0.3023002564421263,0.34819108403518945,0.3032259075872192,0.009333109383200614,5.114819313208746,0
8.1840907953977,0.302872945634431,0.347554043022524,0.30384074187855425,0.009333109383200614,5.114819313208746,0
8.189330290145072,0.3034456348267357,0.3469170020098587,0.30445557616988916,0.009333109383200614,5.114819313208746,0
8.194569784892447,0.30401832401904066,0.34627996099719305,0.30507041046122446,0.009333109383200614,5.114819313208746,0
8.19980927963982,0.3045910132113453,0.34564291998452773,0.3056852447525594,0.009333109383200614,5.114819313208746,0
8.205048774387194,0.3051637024036501,0.3450058789718623,0.3063000790438945,0.009333109383200614,5.114819313208746,0
8.210288269134567,0.3057363915959548,0.344368837959197,0.3069149133352296,0.009333109383200614,5.114819313208746,0
8.21552776388194,0.30630908078825947,0.34373179694653155,0.3075297476265646,0.009333109383200614,5.114819313208746,0
8.220767258629316,0.30692342196440464,0.34310112519229896,0.3081685914925902,0.009333109383200614,5.114819313208746,0
8.226006753376689,0.30754442261471027,0.3424714717788043,0.308811274098755,0.009333109383200614,5.114819313208746,0
8.231246248124062,0.3081654232650157,0.34184181836530986,0.3094539567049198,0.009333109383200614,5.114819313208746,0
8.236485742871436,0.30878642391532124,0.3412121649518153,0.31009663931108467,0.009333109383200614,5.114819313208746,0
8.24172523761881,0.309407424565627,0.34058251153832053,0.3107393219172496,0.009333109383200614,5.114819313208746,0
8.246964732366184,0.31002842521593255,0.33995285812482595,0.31138200452341447,0.009333109383200614,5.114819313208746,0
8.252204227113557,0.310649425866238,0.33932320471133137,0.31202468712957926,0.009333109383200614,5.114819313208746,0
8.25744372186093,0.3112704265165436,0.33869355129783674,0.3126673697357441,0.009333109383200614,5.114819313208746,0
8.262683216608306,0.3118914271668493,0.338063897884342,0.3133100523419091,0.009333109383200614,5.114819313208746,0
8.267922711355679,0.31251242781715477,0.33743424447084747,0.3139527349480739,0.009333109383200614,5.114819313208746,0
8.273162206103052,0.31311212640425,0.3368443140221079,0.31459518679986875,0.009333109383200614,5.114819313208746,0
8.278401700850425,0.31370783085449316,0.33626183162925993,0.31523759538521917,0.009333109383200614,5.114819313208746,0
8.283641195597799,0.31430353530473637,0.33567934923641213,0.3158800039705696,0.009333109383200614,5.114819313208746,0
8.288880690345174,0.3148992397549798,0.335096866843564,0.3165224125559203,0.009333109383200614,5.114819313208746,0
8.294120185092547,0.31549494420522295,0.33451438445071613,0.3171648211412707,0.009333109383200614,5.114819313208746,0
8.29935967983992,0.3160906486554661,0.3339319020578682,0.3178072297266212,0.009333109383200614,5.114819313208746,0
8.304599174587294,0.31668635310570936,0.3333494196650203,0.3184496383119716,0.009333109383200614,5.114819313208746,0
8.309838669334669,0.3172820575559528,0.3327669372721722,0.31909204689732223,0.009333109383200614,5.114819313208746,0
8.315078164082042,0.317877762006196,0.33218445487932424,0.3197344554826727,0.009333109383200614,5.114819313208746,0
8.320317658829415,0.31847346645643915,0.3316019724864764,0.3203768640680232,0.009333109383200614,5.114819313208746,0
8.325557153576788,0.31907168017189347,0.3310055230669723,0.32098823597895265,0.009333109383200614,5.114819313208746,0
8.330796648324162,0.3196704370514636,0.33040605029718595,0.32159288958535825,0.009333109383200614,5.114819313208746,0
8.336036143071537,0.3202691939310338,0.3298065775273994,0.32219754319176397,0.009333109383200614,5.114819313208746,0
8.34127563781891,0.320867950810604,0.32920710475761306,0.32280219679816946,0.009333109383200614,5.114819313208746,0
8.346515132566283,0.3214667076901741,0.32860763198782666,0.32340685040457506,0.009333109383200614,5.114819313208746,0
8.351754627313657,0.32206546456974416,0.3280081592180403,0.3240115040109805,0.009333109383200614,5.114819313208746,0
8.356994122061032,0.3226642214493145,0.3274086864482537,0.32461615761738627,0.009333109383200614,5.114819313208746,0
8.362233616808405,0.32326297832888456,0.3268092136784673,0.32522081122379176,0.009333109383200614,5.114819313208746,0
8.367473111555778,0.3238617352084546,0.326209740908681,0.3258254648301973,0.009333109383200614,5.114819313208746,0
8.372712606303152,0.3244604920880248,0.32561026813889465,0.32643011843660286,0.009333109383200614,5.114819313208746,0
8.377952101050525,0.3250579745930995,0.3250824842581704,0.3270409008319911,0.009333109383200614,5.114819313208746,0
8.3831915957979,0.3256551424869709,0.3245723985719332,0.3276531962721597,0.009333109383200614,5.114819313208746,0
8.388431090545273,0.3262523103808421,0.32406231288569626,0.3282654917123281,0.009333109383200614,5.114819313208746,0
8.393670585292647,0.3268494782747132,0.3235522271994592,0.3288777871524965,0.009333109383200614,5.114819313208746,0
8.39891008004002,0.3274466461685844,0.3230421415132222,0.3294900825926649,0.009333109383200614,5.114819313208746,0
8.404149574787395,0.32804381406245586,0.32253205582698496,0.3301023780328335,0.009333109383200614,5.114819313208746,0
8.409389069534768,0.32864098195632696,0.32202197014074796,0.33071467347300193,0.009333109383200614,5.114819313208746,0
8.414628564282141,0.32923814985019817,0.3215118844545109,0.3313269689131703,0.009333109383200614,5.114819313208746,0
8.419868059029515,0.3298353177440693,0.32100179876827395,0.3319392643533387,0.009333109383200614,5.114819313208746,0
8.42510755377689,0.3304324856379408,0.3204917130820368,0.3325515597935073,0.009333109383200614,5.114819313208746,0
8.430347048524263,0.33103649717026984,0.31996498329813183,0.3331741427368293,0.009333109383200614,5.114819313208746,0
8.435586543271636,0.33164241702486125,0.31943361237160806,0.3337995943108383,0.009333109383200614,5.114819313208746,0
8.44082603801901,0.33224833687945265,0.31890224144508417,0.3344250458848472,0.009333109383200614,5.114819313208746,0
8.446065532766383,0.33285425673404406,0.3183708705185604,0.33505049745885623,0.009333109383200614,5.114819313208746,0
8.451305027513758,0.3334601765886357,0.3178394995920364,0.33567594903286546,0.009333109383200614,5.114819313208746,0
8.456544522261131,0.33406609644322705,0.3173081286655125,0.33630140060687436,0.009333109383200614,5.114819313208746,0
8.461784017008505,0.3346720162978185,0.3167767577389888,0.33692685218088336,0.009333109383200614,5.114819313208746,0
8.467023511755878,0.3352779361524099,0.31624538681246495,0.3375523037548923,0.009333109383200614,5.114819313208746,0
8.472263006503253,0.33588385600700144,0.31571401588594095,0.3381777553289016,0.009333109383200614,5.114819313208746,0
8.477502501250626,0.3364897758615929,0.31518264495941706,0.33880320690291055,0.009333109383200614,5.114819313208746,0
8.482741995998,0.33707687309793755,0.314684662369174,0.33939041240276546,0.009333109383200614,5.114819313208746,0
8.487981490745373,0.33765808826608,0.31419711363401853,0.3399656660044472,0.009333109383200614,5.114819313208746,0
8.493220985492746,0.3382393034342225,0.31370956489886315,0.340540919606129,0.009333109383200614,5.114819313208746,0
8.498460480240121,0.3388205186023652,0.3132220161637076,0.34111617320781096,0.009333109383200614,5.114819313208746,0
8.503699974987494,0.33940173377050764,0.3127344674285521,0.34169142680949266,0.009333109383200614,5.114819313208746,0
8.508939469734868,0.3399829489386501,0.31224691869339666,0.3422666804111745,0.009333109383200614,5.114819313208746,0
8.514178964482241,0.3405641641067927,0.31175936995824133,0.3428419340128562,0.009333109383200614,5.114819313208746,0
8.519418459229616,0.3411453792749353,0.3112718212230857,0.3434171876145382,0.009333109383200614,5.114819313208746,0
8.52465795397699,0.34172659444307785,0.3107842724879303,0.3439924412162199,0.009333109383200614,5.114819313208746,0
8.529897448724363,0.34230780961122026,0.31029672375277484,0.3445676948179017,0.009333109383200614,5.114819313208746,0
8.535136943471736,0.3428610157941573,0.30987585381490845,0.34511948663968633,0.009333109383200614,5.114819313208746,0
8.540376438219111,0.34340447560724263,0.3094781862963688,0.34566311439616904,0.009333109383200614,5.114819313208746,0
8.545615932966484,0.34394793542032776,0.30908051877782916,0.3462067421526517,0.009333109383200614,5.114819313208746,0
8.550855427713858,0.344491395233413,0.30868285125928974,0.3467503699091342,0.009333109383200614,5.114819313208746,0
8.55609492246123,0.3450348550464981,0.3082851837407501,0.34729399766561686,0.009333109383200614,5.114819313208746,0
8.561334417208604,0.34557831485958324,0.30788751622221056,0.34783762542209945,0.009333109383200614,5.114819313208746,0
8.56657391195598,0.34612177467266847,0.3074898487036709,0.34838125317858226,0.009333109383200614,5.114819313208746,0
8.571813406703352,0.3466652344857537,0.3070921811851314,0.3489248809350648,0.009333109383200614,5.114819313208746,0
8.577052901450726,0.3472086942988389,0.30669451366659184,0.34946850869154744,0.009333109383200614,5.114819313208746,0
8.582292396198099,0.347752154111924,0.30629684614805225,0.35001213644803,0.009333109383200614,5.114819313208746,0
8.587531890945474,0.34828871794319294,0.3059431365261752,0.3505404960581452,0.009333109383200614,5.114819313208746,0
8.592771385692847,0.3488226239481367,0.3056063690103037,0.3510629710701809,0.009333109383200614,5.114819313208746,0
8.59801088044022,0.34935652995308036,0.30526960149443216,0.3515854460822166,0.009333109383200614,5.114819313208746,0
8.603250375187594,0.34989043595802416,0.30493283397856064,0.3521079210942524,0.009333109383200614,5.114819313208746,0
8.608489869934967,0.3504243419629678,0.30459606646268905,0.3526303961062881,0.009333109383200614,5.114819313208746,0
8.613729364682342,0.3509582479679117,0.30425929894681747,0.35315287111832405,0.009333109383200614,5.114819313208746,0
8.618968859429716,0.3514921539728555,0.30392253143094583,0.3536753461303599,0.009333109383200614,5.114819313208746,0
8.624208354177089,0.3520260599777991,0.3035857639150744,0.35419782114239556,0.009333109383200614,5.114819313208746,0
8.629447848924462,0.3525599659827428,0.3032489963992028,0.35472029615443124,0.009333109383200614,5.114819313208746,0
8.634687343671837,0.35309387198768666,0.3029122288833312,0.35524277116646724,0.009333109383200614,5.114819313208746,0
8.63992683841921,0.3536070771164371,0.3025989691607502,0.35576073281845894,0.009333109383200614,5.114819313208746,0
8.645166333166584,0.3541114843728053,0.3022957002503177,0.35627677629243193,0.009333109383200614,5.114819313208746,0
8.650405827913957,0.35461589162917356,0.30199243133988524,0.356792819766405,0.009333109383200614,5.114819313208746,0
8.65564532266133,0.35512029888554186,0.30168916242945276,0.357308863240378,0.009333109383200614,5.114819313208746,0
8.660884817408705,0.3556247061419103,0.30138589351902023,0.3578249067143512,0.009333109383200614,5.114819313208746,0
8.666124312156079,0.35612911339827846,0.3010826246085877,0.3583409501883241,0.009333109383200614,5.114819313208746,0
8.671363806903452,0.3566335206546466,0.3007793556981553,0.3588569936622972,0.009333109383200614,5.114819313208746,0
8.676603301650825,0.35713792791101495,0.30047608678772275,0.3593730371362701,0.009333109383200614,5.114819313208746,0
8.6818427963982,0.3576423351673835,0.3001728178772902,0.35988908061024333,0.009333109383200614,5.114819313208746,0
8.687082291145574,0.35814674242375166,0.2998695489668578,0.3604051240842163,0.009333109383200614,5.114819313208746,0
8.692321785892947,0.35863250478330155,0.2995905222542688,0.3608923336520443,0.009333109383200614,5.114819313208746,0
8.69756128064032,0.3591095616211753,0.2993228145090553,0.3613660803298709,0.009333109383200614,5.114819313208746,0
8.702800775387695,0.35958661845904916,0.2990551067638417,0.36183982700769757,0.009333109383200614,5.114819313208746,0
8.708040270135069,0.36006367529692296,0.2987873990186283,0.3623135736855241,0.009333109383200614,5.114819313208746,0
8.713279764882442,0.3605407321347967,0.29851969127341477,0.3627873203633506,0.009333109383200614,5.114819313208746,0
8.718519259629815,0.36101778897267045,0.29825198352820126,0.36326106704117717,0.009333109383200614,5.114819313208746,0
8.723758754377188,0.3614948458105441,0.2979842757829878,0.3637348137190036,0.009333109383200614,5.114819313208746,0
8.728998249124563,0.36197190264841805,0.2977165680377742,0.36420856039683036,0.009333109383200614,5.114819313208746,0
8.734237743871937,0.36244895948629186,0.2974488602925607,0.3646823070746569,0.009333109383200614,5.114819313208746,0
8.73947723861931,0.36292601632416555,0.2971811525473472,0.36515605375248344,0.009333109383200614,5.114819313208746,0
8.744716733366683,0.36337652616319616,0.2968694866328586,0.36560134361163366,0.009333109383200614,5.114819313208746,0
8.749956228114058,0.363813460832364,0.2965353421090815,0.36603208168850637,0.009333109383200614,5.114819313208746,0
8.755195722861432,0.3642503955015316,0.29620119758530444,0.366462819765379,0.009333109383200614,5.114819313208746,0
8.760435217608805,0.36468733017069926,0.2958670530615274,0.3668935578422515,0.009333109383200614,5.114819313208746,0
8.765674712356178,0.36512426483986693,0.2955329085377504,0.36732429591912413,0.009333109383200614,5.114819313208746,0
8.770914207103552,0.3655611995090345,0.2951987640139734,0.36775503399599674,0.009333109383200614,5.114819313208746,0
8.776153701850927,0.3659981341782024,0.2948646194901962,0.36818577207286945,0.009333109383200614,5.114819313208746,0
8.7813931965983,0.36643506884737,0.29453047496641915,0.36861651014974206,0.009333109383200614,5.114819313208746,0
8.786632691345673,0.3668720035165377,0.29419633044264215,0.3690472482266146,0.009333109383200614,5.114819313208746,0
8.791872186093046,0.36730893818570537,0.29386218591886515,0.3694779863034872,0.009333109383200614,5.114819313208746,0
8.797111680840421,0.3677351448191082,0.2935535042336126,0.3699063723126088,0.009333109383200614,5.114819313208746,0
8.802351175587795,0.36815535883878275,0.2932590459308173,0.3703334444713849,0.009333109383200614,5.114819313208746,0
8.807590670335168,0.36857557285845743,0.292964587628022,0.37076051663016096,0.009333109383200614,5.114819313208746,0
8.812830165082541,0.36899578687813206,0.2926701293252267,0.371187588788937,0.009333109383200614,5.114819313208746,0
8.818069659829915,0.3694160008978068,0.29237567102243134,0.371614660947713,0.009333109383200614,5.114819313208746,0
8.82330915457729,0.3698362149174815,0.29208121271963594,0.37204173310648936,0.009333109383200614,5.114819313208746,0
8.828548649324663,0.37025642893715616,0.29178675441684065,0.37246880526526543,0.009333109383200614,5.114819313208746,0
8.833788144072036,0.3706766429568307,0.2914922961140453,0.37289587742404146,0.009333109383200614,5.114819313208746,0
8.83902763881941,0.3710968569765054,0.29119783781125,0.37332294958281753,0.009333109383200614,5.114819313208746,0
8.844267133566785,0.37151707099618014,0.2909033795084546,0.3737500217415938,0.009333109383200614,5.114819313208746,0
8.849506628314158,0.3719039735112247,0.29061458248311767,0.3741597102872592,0.009333109383200614,5.114819313208746,0
8.854746123061531,0.37227059361820825,0.29032923244526543,0.37455881445558714,0.009333109383200614,5.114819313208746,0
8.859985617808904,0.3726372137251917,0.2900438824074132,0.37495791862391503,0.009333109383200614,5.114819313208746,0
8.86522511255628,0.3730038338321755,0.28975853236956084,0.37535702279224314,0.009333109383200614,5.114819313208746,0
8.870464607303653,0.3733704539391589,0.2894731823317086,0.37575612696057104,0.009333109383200614,5.114819313208746,0
8.875704102051026,0.3737370740461424,0.28918783229385636,0.376155231128899,0.009333109383200614,5.114819313208746,0
8.8809435967984,0.37410369415312594,0.2889024822560041,0.3765543352972269,0.009333109383200614,5.114819313208746,0
8.886183091545773,0.37447031426010946,0.2886171322181519,0.3769534394655548,0.009333109383200614,5.114819313208746,0
8.891422586293148,0.3748369343670931,0.28833178218029953,0.37735254363388293,0.009333109383200614,5.114819313208746,0
8.896662081040521,0.37520355447407666,0.28804643214244735,0.3777516478022108,0.009333109383200614,5.114819313208746,0
8.901901575787894,0.3755593082366917,0.2877732864560349,0.3781084281525047,0.009333109383200614,5.114819313208746,0
8.907141070535268,0.37590786304616264,0.2875082261524513,0.3784371689733511,0.009333109383200614,5.114819313208746,0
8.912380565282643,0.3762564178556337,0.2872431658488676,0.37876590979419766,0.009333109383200614,5.114819313208746,0
8.917620060030016,0.3766049726651047,0.286978105545284,0.3790946506150441,0.009333109383200614,5.114819313208746,0
8.92285955477739,0.37695352747457567,0.28671304524170044,0.3794233914358905,0.009333109383200614,5.114819313208746,0
8.928099049524763,0.37730208228404655,0.28644798493811685,0.3797521322567369,0.009333109383200614,5.114819313208746,0
8.933338544272136,0.37765063709351754,0.28618292463453326,0.3800808730775833,0.009333109383200614,5.114819313208746,0
8.93857803901951,0.3779991919029886,0.2859178643309496,0.38040961389842975,0.009333109383200614,5.114819313208746,0
8.943817533766884,0.37834774671245963,0.28565280402736604,0.3807383547192762,0.009333109383200614,5.114819313208746,0
8.949057028514257,0.3786963015219305,0.28538774372378245,0.38106709554012264,0.009333109383200614,5.114819313208746,0
8.95429652326163,0.37900860795448965,0.2851625611559152,0.38136508249709866,0.009333109383200614,5.114819313208746,0
8.959536018009006,0.3792948218053925,0.2849660836822919,0.3816409319744785,0.009333109383200614,5.114819313208746,0
8.964775512756379,0.3795810356562953,0.2847696062086688,0.38191678145185826,0.009333109383200614,5.114819313208746,0
8.970015007503752,0.3798672495071982,0.28457312873504564,0.38219263092923794,0.009333109383200614,5.114819313208746,0
8.975254502251126,0.38015346335810096,0.2843766512614225,0.3824684804066177,0.009333109383200614,5.114819313208746,0
8.980493996998499,0.3804396772090038,0.2841801737877993,0.3827443298839975,0.009333109383200614,5.114819313208746,0
8.985733491745874,0.3807258910599066,0.2839836963141761,0.3830201793613772,0.009333109383200614,5.114819313208746,0
8.990972986493247,0.3810121049108095,0.2837872188405529,0.3832960288387569,0.009333109383200614,5.114819313208746,0
8.99621248124062,0.3812983187617123,0.28359074136692974,0.38357187831613665,0.009333109383200614,5.114819313208746,0
9.001451975987994,0.38158453261261505,0.2833942638933066,0.3838477277935164,0.009333109383200614,5.114819313208746,0
9.006691470735369,0.3818617094184605,0.2832311285161862,0.38411085075938095,0.009333109383200614,5.114819313208746,0
9.011930965482742,0.3821318260328546,0.2830940416519586,0.384364031138124,0.009333109383200614,5.114819313208746,0
9.017170460230115,0.38240194264724875,0.2829569547877311,0.3846172115168671,0.009333109383200614,5.114819313208746,0
9.022409954977489,0.38267205926164305,0.28281986792350355,0.3848703918956101,0.009333109383200614,5.114819313208746,0
9.027649449724864,0.3829421758760373,0.2826827810592759,0.38512357227435334,0.009333109383200614,5.114819313208746,0
9.032888944472235,0.38321229249043154,0.2825456941950484,0.38537675265309645,0.009333109383200614,5.114819313208746,0
9.03812843921961,0.38348240910482567,0.28240860733082085,0.38562993303183957,0.009333109383200614,5.114819313208746,0
9.043367933966984,0.38375252571921986,0.28227152046659326,0.38588311341058257,0.009333109383200614,5.114819313208746,0
9.048607428714355,0.38402264233361416,0.28213443360236573,0.3861362937893257,0.009333109383200614,5.114819313208746,0
9.053846923461732,0.38429275894800835,0.28199734673813814,0.3863894741680689,0.009333109383200614,5.114819313208746,0
9.059086418209104,0.3845492154529191,0.28188939679556624,0.3866219598243226,0.009333109383200614,5.114819313208746,0
9.06432591295648,0.3847940988095176,0.2818061323005081,0.38683691245180063,0.009333109383200614,5.114819313208746,0
9.069565407703852,0.38503898216611604,0.28172286780545,0.3870518650792787,0.009333109383200614,5.114819313208746,0
9.074804902451229,0.38528386552271465,0.2816396033103918,0.38726681770675675,0.009333109383200614,5.114819313208746,0
9.0800443971986,0.3855287488793131,0.28155633881533365,0.3874817703342347,0.009333109383200614,5.114819313208746,0
9.085283891945974,0.38577363223591155,0.2814730743202755,0.3876967229617128,0.009333109383200614,5.114819313208746,0
9.090523386693349,0.38601851559251,0.2813898098252174,0.38791167558919076,0.009333109383200614,5.114819313208746,0
9.09576288144072,0.3862633989491085,0.28130654533015925,0.38812662821666877,0.009333109383200614,5.114819313208746,0
9.101002376188095,0.386508282305707,0.2812232808351011,0.3883415808441469,0.009333109383200614,5.114819313208746,0
9.106241870935468,0.38675316566230544,0.281140016340043,0.3885565334716249,0.009333109383200614,5.114819313208746,0
9.111481365682842,0.3869615872533239,0.2810903506440265,0.3887524161398843,0.009333109383200614,5.114819313208746,0
9.116720860430217,0.3871365271269106,0.2810715376913608,0.3889307874513612,0.009333109383200614,5.114819313208746,0
9.12196035517759,0.38731146700049746,0.281052724738695,0.389109158762838,0.009333109383200614,5.114819313208746,0
9.127199849924963,0.3874864068740841,0.2810339117860293,0.3892875300743149,0.009333109383200614,5.114819313208746,0
9.132439344672337,0.38766134674767083,0.2810150988333636,0.38946590138579174,0.009333109383200614,5.114819313208746,0
9.13767883941971,0.3878362866212575,0.28099628588069786,0.3896442726972685,0.009333109383200614,5.114819313208746,0
9.142918334167083,0.3880112264948442,0.28097747292803216,0.3898226440087454,0.009333109383200614,5.114819313208746,0
9.148157828914458,0.388186166368431,0.2809586599753664,0.3900010153202223,0.009333109383200614,5.114819313208746,0
9.153397323661832,0.3883611062420177,0.2809398470227007,0.3901793866316992,0.009333109383200614,5.114819313208746,0
9.158636818409205,0.3885360461156043,0.280921034070035,0.39035775794317595,0.009333109383200614,5.114819313208746,0
9.163876313156578,0.38869585370033805,0.2809268400755496,0.3905213322971236,0.009333109383200614,5.114819313208746,0
9.169115807903951,0.3888406046576628,0.28095714194445376,0.39067018367832973,0.009333109383200614,5.114819313208746,0
9.174355302651326,0.38898535561498726,0.28098744381335794,0.39081903505953575,0.009333109383200614,5.114819313208746,0
9.1795947973987,0.38913010657231206,0.28101774568226207,0.39096788644074176,0.009333109383200614,5.114819313208746,0
9.184834292146071,0.3892748575296368,0.2810480475511662,0.39111673782194784,0.009333109383200614,5.114819313208746,0
9.190073786893448,0.38941960848696144,0.2810783494200704,0.3912655892031539,0.009333109383200614,5.114819313208746,0
9.19531328164082,0.38956435944428613,0.2811086512889745,0.39141444058436003,0.009333109383200614,5.114819313208746,0
9.200552776388196,0.3897091104016108,0.2811389531578786,0.39156329196556594,0.009333109383200614,5.114819313208746,0
9.205792271135568,0.3898538613589354,0.2811692550267828,0.39171214334677196,0.009333109383200614,5.114819313208746,0
9.21103176588294,0.38999861231626004,0.28119955689568693,0.39186099472797814,0.009333109383200614,5.114819313208746,0
9.216271260630316,0.3901223876518692,0.28123639744705786,0.3919706782003629,0.009333109383200614,5.114819313208746,0
9.22151075537769,0.3902235486453161,0.2812802875154633,0.3920381337710499,0.009333109383200614,5.114819313208746,0
9.226750250125065,0.39032470963876303,0.28132417758386874,0.3921055893417367,0.009333109383200614,5.114819313208746,0
9.231989744872436,0.39042587063220996,0.2813680676522741,0.39217304491242366,0.009333109383200614,5.114819313208746,0
9.237229239619811,0.39052703162565694,0.28141195772067956,0.3922405004831105,0.009333109383200614,5.114819313208746,0
9.242468734367185,0.39062819261910386,0.28145584778908495,0.3923079560537975,0.009333109383200614,5.114819313208746,0
9.247708229114558,0.3907293536125508,0.2814997378574904,0.3923754116244844,0.009333109383200614,5.114819313208746,0
9.252947723861933,0.3908305146059977,0.2815436279258958,0.3924428671951713,0.009333109383200614,5.114819313208746,0
9.258187218609304,0.39093167559944464,0.2815875179943012,0.39251032276585823,0.009333109383200614,5.114819313208746,0
9.26342671335668,0.3910328365928917,0.28163140806270665,0.39257777833654517,0.009333109383200614,5.114819313208746,0
9.268666208104053,0.391113016556081,0.2816768901579306,0.3926419854165788,0.009333109383200614,5.114819313208746,0
9.273905702851426,0.39116868064152366,0.28172423250188294,0.39270239670590334,0.009333109383200614,5.114819313208746,0
9.2791451975988,0.3912243447269663,0.2817715748458352,0.3927628079952279,0.009333109383200614,5.114819313208746,0
9.284384692346174,0.391280008812409,0.28181891718978747,0.3928232192845525,0.009333109383200614,5.114819313208746,0
9.289624187093548,0.3913356728978517,0.2818662595337398,0.39288363057387704,0.009333109383200614,5.114819313208746,0
9.29486368184092,0.3913913369832944,0.28191360187769204,0.3929440418632016,0.009333109383200614,5.114819313208746,0
9.300103176588294,0.39144700106873703,0.2819609442216443,0.39300445315252613,0.009333109383200614,5.114819313208746,0
9.30534267133567,0.39150266515417975,0.2820082865655966,0.3930648644418507,0.009333109383200614,5.114819313208746,0
9.310582166083044,0.3915583292396224,0.2820556289095489,0.39312527573117517,0.009333109383200614,5.114819313208746,0
9.315821660830416,0.3916139933250652,0.28210297125350114,0.3931856870204998,0.009333109383200614,5.114819313208746,0
9.32106115557779,0.39166431156286985,0.28212573483346826,0.3932320217939661,0.009333109383200614,5.114819313208746,0
9.326300650325162,0.39170785636872424,0.28211735600224963,0.3932605209819984,0.009333109383200614,5.114819313208746,0
9.331540145072536,0.3917514011745787,0.28210897717103095,0.3932890201700308,0.009333109383200614,5.114819313208746,0
9.33677963981991,0.39179494598043296,0.2821005983398123,0.39331751935806303,0.009333109383200614,5.114819313208746,0
9.342019134567284,0.3918384907862874,0.2820922195085937,0.3933460185460953,0.009333109383200614,5.114819313208746,0
9.347258629314656,0.3918820355921418,0.282083840677375,0.3933745177341277,0.009333109383200614,5.114819313208746,0
9.352498124062032,0.3919255803979962,0.2820754618461564,0.39340301692216006,0.009333109383200614,5.114819313208746,0
9.357737618809406,0.3919691252038505,0.28206708301493777,0.39343151611019234,0.009333109383200614,5.114819313208746,0
9.36297711355678,0.3920126700097049,0.28205870418371914,0.39346001529822466,0.009333109383200614,5.114819313208746,0
9.368216608304152,0.3920562148155593,0.2820503253525005,0.393488514486257,0.009333109383200614,5.114819313208746,0
9.373456103051526,0.39207391881798936,0.28204606807581667,0.39349970858685773,0.009333109383200614,5.114819313208746,0
9.3786955977989,0.39205609171571054,0.28204747793661833,0.3934871081922401,0.009333109383200614,5.114819313208746,0
9.383935092546274,0.39203826461343183,0.28204888779741993,0.3934745077976224,0.009333109383200614,5.114819313208746,0
9.389174587293647,0.3920204375111531,0.28205029765822154,0.3934619074030048,0.009333109383200614,5.114819313208746,0
9.39441408204102,0.39200261040887435,0.28205170751902314,0.39344930700838715,0.009333109383200614,5.114819313208746,0
9.399653576788396,0.3919847833065957,0.28205311737982475,0.3934367066137695,0.009333109383200614,5.114819313208746,0
9.404893071535769,0.391966956204317,0.2820545272406264,0.3934241062191518,0.009333109383200614,5.114819313208746,0
9.410132566283142,0.3919491291020383,0.282055937101428,0.3934115058245342,0.009333109383200614,5.114819313208746,0
9.415372061030515,0.39193130199975956,0.2820573469622296,0.39339890542991657,0.009333109383200614,5.114819313208746,0
9.420611555777889,0.39191347489748085,0.2820587568230312,0.3933863050352989,0.009333109383200614,5.114819313208746,0
9.425851050525264,0.39188969962736625,0.28208635359645223,0.3933592865753544,0.009333109383200614,5.114819313208746,0
9.431090545272635,0.3918570392815468,0.2821530670705984,0.393310731130328,0.009333109383200614,5.114819313208746,0
9.43633004002001,0.39182437893572725,0.2822197805447445,0.3932621756853015,0.009333109383200614,5.114819313208746,0
9.441569534767384,0.3917917185899078,0.2822864940188907,0.39321362024027495,0.009333109383200614,5.114819313208746,0
9.44680902951476,0.3917590582440883,0.2823532074930369,0.3931650647952484,0.009333109383200614,5.114819313208746,0
9.452048524262132,0.3917263978982688,0.28241992096718305,0.3931165093502219,0.009333109383200614,5.114819313208746,0
9.457288019009503,0.3916937375524493,0.2824866344413292,0.3930679539051954,0.009333109383200614,5.114819313208746,0
9.46252751375688,0.39166107720662985,0.2825533479154754,0.3930193984601689,0.009333109383200614,5.114819313208746,0
9.467767008504254,0.3916284168608103,0.28262006138962154,0.3929708430151424,0.009333109383200614,5.114819313208746,0
9.473006503251629,0.39159575651499084,0.2826867748637677,0.3929222875701158,0.009333109383200614,5.114819313208746,0
9.478245997999,0.3915400616858993,0.28275627610208454,0.39286170208854765,0.009333109383200614,5.114819313208746,0
9.483485492746372,0.3914469358214905,0.28283030745717874,0.3927815677975991,0.009333109383200614,5.114819313208746,0
9.488724987493748,0.39135380995708174,0.28290433881227295,0.39270143350665065,0.009333109383200614,5.114819313208746,0
9.493964482241122,0.39126068409267295,0.28297837016736715,0.3926212992157021,0.009333109383200614,5.114819313208746,0
9.499203976988497,0.3911675582282641,0.28305240152246136,0.39254116492475355,0.009333109383200614,5.114819313208746,0
9.504443471735868,0.3910744323638554,0.28312643287755557,0.39246103063380505,0.009333109383200614,5.114819313208746,0
9.509682966483242,0.3909813064994466,0.2832004642326498,0.39238089634285656,0.009333109383200614,5.114819313208746,0
9.514922461230617,0.39088818063503783,0.28327449558774404,0.39230076205190795,0.009333109383200614,5.114819313208746,0
9.52016195597799,0.39079505477062915,0.28334852694283824,0.3922206277609595,0.009333109383200614,5.114819313208746,0
9.525401450725363,0.39070192890622035,0.28342255829793245,0.392140493470011,0.009333109383200614,5.114819313208746,0
9.530640945472737,0.3906016632776479,0.28350837008407337,0.3920435431895797,0.009333109383200614,5.114819313208746,0
9.53588044022011,0.3904887543167018,0.28361504305019275,0.39191681459443906,0.009333109383200614,5.114819313208746,0
9.541119934967483,0.3903758453557558,0.28372171601631224,0.39179008599929843,0.009333109383200614,5.114819313208746,0
9.546359429714858,0.3902629363948098,0.2838283889824316,0.3916633574041578,0.009333109383200614,5.114819313208746,0
9.551598924462231,0.39015002743386384,0.28393506194855106,0.39153662880901724,0.009333109383200614,5.114819313208746,0
9.556838419209605,0.3900371184729179,0.28404173491467044,0.39140990021387667,0.009333109383200614,5.114819313208746,0
9.56207791395698,0.3899242095119718,0.2841484078807899,0.391283171618736,0.009333109383200614,5.114819313208746,0
9.567317408704351,0.38981130055102586,0.2842550808469093,0.3911564430235955,0.009333109383200614,5.114819313208746,0
9.572556903451726,0.38969839159007985,0.28436175381302875,0.3910297144284548,0.009333109383200614,5.114819313208746,0
9.5777963981991,0.38958548262913384,0.2844684267791482,0.39090298583331423,0.009333109383200614,5.114819313208746,0
9.583035892946471,0.38946172688718583,0.2846030251982249,0.39076530539750354,0.009333109383200614,5.114819313208746,0
9.588275387693848,0.3893169953849176,0.2847916265153002,0.3906064460345145,0.009333109383200614,5.114819313208746,0
9.59351488244122,0.3891722638826494,0.28498022783237537,0.39044758667152557,0.009333109383200614,5.114819313208746,0
9.598754377188596,0.3890275323803812,0.2851688291494506,0.39028872730853653,0.009333109383200614,5.114819313208746,0
9.603993871935968,0.388882800878113,0.28535743046652573,0.3901298679455476,0.009333109383200614,5.114819313208746,0
9.609233366683345,0.38873806937584476,0.28554603178360105,0.3899710085825585,0.009333109383200614,5.114819313208746,0
9.614472861430716,0.38859333787357664,0.2857346331006762,0.38981214921956964,0.009333109383200614,5.114819313208746,0
9.61971235617809,0.3884486063713084,0.2859232344177514,0.3896532898565806,0.009333109383200614,5.114819313208746,0
9.624951850925465,0.3883038748690402,0.28611183573482657,0.38949443049359167,0.009333109383200614,5.114819313208746,0
9.630191345672838,0.388159143366772,0.2863004370519019,0.38933557113060263,0.009333109383200614,5.114819313208746,0
9.635430840420211,0.38800875495802656,0.28649467869835965,0.3891805384074718,0.009333109383200614,5.114819313208746,0
9.640670335167584,0.3878463898175992,0.2867008619796821,0.3890336073984155,0.009333109383200614,5.114819313208746,0
9.645909829914958,0.38768402467717167,0.2869070452610045,0.38888667638935914,0.009333109383200614,5.114819313208746,0
9.651149324662333,0.38752165953674417,0.287113228542327,0.38873974538030287,0.009333109383200614,5.114819313208746,0
9.656388819409706,0.38735929439631667,0.28731941182364956,0.38859281437124654,0.009333109383200614,5.114819313208746,0
9.66162831415708,0.3871969292558892,0.287525595104972,0.38844588336219027,0.009333109383200614,5.114819313208746,0
9.666867808904453,0.38703456411546167,0.2877317783862945,0.388298952353134,0.009333109383200614,5.114819313208746,0
9.672107303651826,0.3868721989750342,0.2879379616676169,0.3881520213440777,0.009333109383200614,5.114819313208746,0
9.6773467983992,0.3867098338346067,0.2881441449489395,0.3880050903350214,0.009333109383200614,5.114819313208746,0
9.682586293146574,0.3865474686941792,0.2883503282302619,0.3878581593259651,7.467642455638448e-05,5.114819313208746,0
9.687825787893948,0.3863744799610088,0.2885617468513322,0.38769549395293645,7.467642455638448e-05,5.114819313208746,0
9.69306528264132,0.3861767913747113,0.28878533763731606,0.387496246183672,7.467642455638448e-05,5.114819313208746,0
9.698304777388694,0.3859791027884137,0.28900892842329995,0.3872969984144077,7.467642455638448e-05,5.114819313208746,0
9.70354427213607,0.38578141420211615,0.2892325192092839,0.38709775064514323,7.467642455638448e-05,5.114819313208746,0
9.708783766883442,0.38558372561581855,0.2894561099952678,0.3868985028758788,7.467642455638448e-05,5.114819313208746,0
9.714023261630816,0.385386037029521,0.28967970078125166,0.38669925510661446,7.467642455638448e-05,5.114819313208746,0
9.719262756378187,0.38518834844322336,0.28990329156723554,0.3865000073373501,7.467642455638448e-05,5.114819313208746,0
9.724502251125564,0.38499065985692577,0.2901268823532195,0.3863007595680857,7.467642455638448e-05,5.114819313208746,0
9.729741745872936,0.3847929712706282,0.29035047313920337,0.38610151179882124,7.467642455638448e-05,5.114819313208746,0
9.73498124062031,0.38459528268433063,0.29057406392518725,0.3859022640295569,7.467642455638448e-05,5.114819313208746,0
9.740220735367684,0.38438250161627613,0.290784047524305,0.3856947026483966,7.467642455638448e-05,5.114819313208746,0
9.745460230115055,0.38413104606371934,0.2909591627070782,0.38546583763675335,7.467642455638448e-05,5.114819313208746,0
9.750699724862432,0.38387959051116255,0.29113427788985147,0.38523697262511,7.467642455638448e-05,5.114819313208746,0
9.755939219609806,0.3836281349586057,0.29130939307262466,0.38500810761346665,7.467642455638448e-05,5.114819313208746,0
9.76117871435718,0.38337667940604897,0.29148450825539785,0.38477924260182333,7.467642455638448e-05,5.114819313208746,0
9.766418209104552,0.38312522385349224,0.29165962343817103,0.38455037759018,7.467642455638448e-05,5.114819313208746,0
9.771657703851927,0.3828737683009354,0.2918347386209443,0.38432151257853664,7.467642455638448e-05,5.114819313208746,0
9.7768971985993,0.38262231274837866,0.29200985380371747,0.3840926475668933,7.467642455638448e-05,5.114819313208746,0
9.782136693346674,0.3823708571958218,0.2921849689864907,0.38386378255525,7.467642455638448e-05,5.114819313208746,0
9.787376188094049,0.382119401643265,0.29236008416926385,0.3836349175436067,7.467642455638448e-05,5.114819313208746,0
9.792615682841422,0.38186647774421567,0.29253091825417216,0.3833998075733241,7.467642455638448e-05,5.114819313208746,0
9.797855177588795,0.38160938882386525,0.29268960884032885,0.3831469835376709,7.467642455638448e-05,5.114819313208746,0
9.803094672336169,0.3813522999035148,0.29284829942648555,0.3828941595020177,7.467642455638448e-05,5.114819313208746,0
9.808334167083542,0.3810952109831643,0.2930069900126423,0.38264133546636453,7.467642455638448e-05,5.114819313208746,0
9.813573661830915,0.38083812206281387,0.293165680598799,0.38238851143071134,7.467642455638448e-05,5.114819313208746,0
9.81881315657829,0.3805810331424633,0.2933243711849557,0.3821356873950581,7.467642455638448e-05,5.114819313208746,0
9.824052651325664,0.3803239442221128,0.2934830617711124,0.3818828633594049,7.467642455638448e-05,5.114819313208746,0
9.829292146073035,0.3800668553017624,0.2936417523572691,0.3816300393237517,7.467642455638448e-05,5.114819313208746,0
9.83453164082041,0.37980976638141184,0.2938004429434258,0.38137721528809854,7.467642455638448e-05,5.114819313208746,0
9.839771135567783,0.37955267746106136,0.2939591335295826,0.38112439125244524,7.467642455638448e-05,5.114819313208746,0
9.84501063031516,0.3792878549911297,0.29413326508127835,0.3808594600563392,7.467642455638448e-05,5.114819313208746,0
9.850250125062532,0.37899862350533264,0.2943561321804567,0.38055631563505354,7.467642455638448e-05,5.114819313208746,0
9.855489619809903,0.3787093920195356,0.29457899927963505,0.380253171213768,7.467642455638448e-05,5.114819313208746,0
9.860729114557278,0.3784201605337385,0.2948018663788134,0.37995002679248235,7.467642455638448e-05,5.114819313208746,0
9.865968609304652,0.3781309290479414,0.29502473347799185,0.3796468823711967,7.467642455638448e-05,5.114819313208746,0
9.871208104052029,0.37784169756214425,0.2952476005771702,0.37934373794991105,7.467642455638448e-05,5.114819313208746,0
9.8764475987994,0.37755246607634724,0.29547046767634855,0.37904059352862546,7.467642455638448e-05,5.114819313208746,0
9.881687093546772,0.3772632345905501,0.29569333477552695,0.3787374491073399,7.467642455638448e-05,5.114819313208746,0
9.886926588294148,0.37697400310475304,0.29591620187470535,0.3784343046860542,7.467642455638448e-05,5.114819313208746,0
9.892166083041522,0.3766847716189559,0.29613906897388376,0.3781311602647686,7.467642455638448e-05,5.114819313208746,0
9.897405577788897,0.37639608843050143,0.2963591279740602,0.37782373375368616,7.467642455638448e-05,5.114819313208746,0
9.902645072536268,0.37610934297470094,0.2965692628970823,0.3775011739479808,7.467642455638448e-05,5.114819313208746,0
9.907884567283643,0.3758225975189003,0.2967793978201045,0.3771786141422753,7.467642455638448e-05,5.114819313208746,0
9.913124062031017,0.3755358520630997,0.29698953274312656,0.3768560543365698,7.467642455638448e-05,5.114819313208746,0
9.91836355677839,0.3752491066072992,0.2971996676661487,0.37653349453086454,7.467642455638448e-05,5.114819313208746,0
9.923603051525763,0.3749623611514986,0.2974098025891708,0.3762109347251592,7.467642455638448e-05,5.114819313208746,0
9.928842546273136,0.37467561569569807,0.2976199375121929,0.3758883749194537,7.467642455638448e-05,5.114819313208746,0
9.934082041020512,0.3743888702398975,0.2978300724352151,0.3755658151137483,7.467642455638448e-05,5.114819313208746,0
9.939321535767885,0.3741021247840969,0.29804020735823716,0.3752432553080429,7.467642455638448e-05,5.114819313208746,0
9.944561030515258,0.37381537932829634,0.29825034228125924,0.37492069550233753,7.467642455638448e-05,5.114819313208746,0
9.949800525262631,0.3735262705056861,0.2984542011215358,0.3745971443538417,7.467642455638448e-05,5.114819313208746,0
9.955040020010006,0.3732277377579224,0.2986330340818645,0.3742696402259691,7.467642455638448e-05,5.114819313208746,0
9.96027951475738,0.37292920501015875,0.2988118670421931,0.37394213609809657,7.467642455638448e-05,5.114819313208746,0
9.965519009504751,0.37263067226239516,0.29899070000252176,0.3736146319702239,7.467642455638448e-05,5.114819313208746,0
9.970758504252126,0.3723321395146314,0.29916953296285037,0.37328712784235135,7.467642455638448e-05,5.114819313208746,0
9.9759979989995,0.3720336067668679,0.29934836592317904,0.37295962371447877,7.467642455638448e-05,5.114819313208746,0
9.981237493746876,0.3717350740191041,0.2995271988835077,0.372632119586606,7.467642455638448e-05,5.114819313208746,0
9.986476988494248,0.3714365412713405,0.2997060318438364,0.3723046154587335,7.467642455638448e-05,5.114819313208746,0
9.99171648324162,0.37113800852357676,0.299884864804165,0.37197711133086087,7.467642455638448e-05,5.114819313208746,0
9.996955977988994,0.3708394757758132,0.3000636977644936,0.3716496072029883,7.467642455638448e-05,5.114819313208746,0
10.00219547273637,0.37054309919509143,0.30025462620035226,0.37132021105500723,7.467642455638448e-05,5.114819313208746,0
10.007434967483745,0.370256515206352,0.30050048825424286,0.3709822219823676,7.467642455638448e-05,5.114819313208746,0
10.012674462231116,0.36996993121761257,0.30074635030813346,0.370644232909728,7.467642455638448e-05,5.114819313208746,0
10.01791395697849,0.3696833472288732,0.300992212362024,0.3703062438370883,7.467642455638448e-05,5.114819313208746,0
10.023153451725864,0.3693967632401337,0.30123807441591455,0.3699682547644486,7.467642455638448e-05,5.114819313208746,0
10.028392946473238,0.3691101792513943,0.3014839364698052,0.3696302656918089,7.467642455638448e-05,5.114819313208746,0
10.033632441220613,0.36882359526265474,0.30172979852369575,0.3692922766191692,7.467642455638448e-05,5.114819313208746,0
10.038871935967984,0.3685370112739153,0.30197566057758624,0.3689542875465296,7.467642455638448e-05,5.114819313208746,0
10.044111430715358,0.3682504272851759,0.3022215226314768,0.36861629847389,7.467642455638448e-05,5.114819313208746,0
10.049350925462733,0.36796384329643633,0.30246738468536744,0.36827830940125017,7.467642455638448e-05,5.114819313208746,0
10.054590420210106,0.3676724511613695,0.30272333912081384,0.367940549562583,7.467642455638448e-05,5.114819313208746,0
10.05982991495748,0.3673558913853703,0.30303212086596676,0.3676039896204906,7.467642455638448e-05,5.114819313208746,0
10.065069409704853,0.367039331609371,0.30334090261111957,0.36726742967839826,7.467642455638448e-05,5.114819313208746,0
10.070308904452228,0.3667227718333717,0.3036496843562726,0.36693086973630584,7.467642455638448e-05,5.114819313208746,0
10.0755483991996,0.36640621205737256,0.30395846610142546,0.36659430979421337,7.467642455638448e-05,5.114819313208746,0
10.080787893946974,0.36608965228137313,0.3042672478465784,0.366257749852121,7.467642455638448e-05,5.114819313208746,0
10.086027388694347,0.365773092505374,0.3045760295917312,0.36592118991002864,7.467642455638448e-05,5.114819313208746,0
10.09126688344172,0.36545653272937473,0.3048848113368841,0.3655846299679363,7.467642455638448e-05,5.114819313208746,0
10.096506378189096,0.3651399729533754,0.3051935930820371,0.36524807002584386,7.467642455638448e-05,5.114819313208746,0
10.101745872936467,0.3648234131773762,0.3055023748271899,0.36491151008375144,7.467642455638448e-05,5.114819313208746,0
10.106985367683842,0.3645093069846691,0.30580595479800105,0.3645754949688831,7.467642455638448e-05,5.114819313208746,0
10.112224862431216,0.36421022898962696,0.3060776739009692,0.36424281692076177,7.467642455638448e-05,5.114819313208746,0
10.11746435717859,0.36391115099458454,0.3063493930039374,0.36391013887264034,7.467642455638448e-05,5.114819313208746,0
10.122703851925964,0.3636120729995421,0.30662111210690557,0.3635774608245191,7.467642455638448e-05,5.114819313208746,0
10.127943346673336,0.3633129950044998,0.3068928312098737,0.3632447827763977,7.467642455638448e-05,5.114819313208746,0
10.13318284142071,0.3630139170094576,0.3071645503128418,0.36291210472827645,7.467642455638448e-05,5.114819313208746,0
10.138422336168084,0.3627148390144153,0.3074362694158099,0.3625794266801552,7.467642455638448e-05,5.114819313208746,0
10.14366183091546,0.3624157610193729,0.3077079885187781,0.36224674863203377,7.467642455638448e-05,5.114819313208746,0
10.148901325662832,0.36211668302433064,0.30797970762174626,0.3619140705839124,7.467642455638448e-05,5.114819313208746,0
10.154140820410204,0.36181760502928834,0.3082514267247144,0.36158139253579114,7.467642455638448e-05,5.114819313208746,0
10.15938031515758,0.3615211854755327,0.3085215172395183,0.3612518834977317,7.467642455638448e-05,5.114819313208746,0
10.164619809904954,0.36124420577368493,0.3087796987033716,0.36094554784574995,7.467642455638448e-05,5.114819313208746,0
10.169859304652327,0.36096722607183734,0.30903788016722467,0.3606392121937683,7.467642455638448e-05,5.114819313208746,0
10.1750987993997,0.3606902463699897,0.3092960616310777,0.36033287654178664,7.467642455638448e-05,5.114819313208746,0
10.180338294147074,0.360413266668142,0.3095542430949309,0.36002654088980496,7.467642455638448e-05,5.114819313208746,0
10.185577788894449,0.36013628696629435,0.309812424558784,0.35972020523782333,7.467642455638448e-05,5.114819313208746,0
10.190817283641822,0.3598593072644466,0.3100706060226372,0.35941386958584154,7.467642455638448e-05,5.114819313208746,0
10.196056778389195,0.359582327562599,0.3103287874864903,0.35910753393385986,7.467642455638448e-05,5.114819313208746,0
10.201296273136569,0.3593053478607513,0.31058696895034343,0.35880119828187806,7.467642455638448e-05,5.114819313208746,0
10.206535767883942,0.35902836815890377,0.3108451504141965,0.35849486262989655,7.467642455638448e-05,5.114819313208746,0
10.211775262631315,0.35875071110438195,0.31110546993527466,0.35818937126268835,7.467642455638448e-05,5.114819313208746,0
10.21701475737869,0.3584669748096108,0.31138497851994573,0.3578914573513233,7.467642455638448e-05,5.114819313208746,0
10.222254252126064,0.35818323851483946,0.3116644871046168,0.3575935434399582,7.467642455638448e-05,5.114819313208746,0
10.227493746873437,0.3578995022200683,0.3119439956892879,0.3572956295285932,7.467642455638448e-05,5.114819313208746,0
10.232733241620812,0.357615765925297,0.3122235042739591,0.356997715617228,7.467642455638448e-05,5.114819313208746,0
10.237972736368183,0.3573320296305258,0.31250301285863025,0.3566998017058629,7.467642455638448e-05,5.114819313208746,0
10.243212231115558,0.3570482933357545,0.3127825214433013,0.3564018877944979,7.467642455638448e-05,5.114819313208746,0
10.248451725862932,0.3567645570409833,0.3130620300279724,0.35610397388313275,7.467642455638448e-05,5.114819313208746,0
10.253691220610303,0.3564808207462121,0.3133415386126435,0.3558060599717677,7.467642455638448e-05,5.114819313208746,0
10.25893071535768,0.3561970844514408,0.3136210471973147,0.3555081460604025,7.467642455638448e-05,5.114819313208746,0
10.264170210105052,0.35591600438149334,0.31390839707441853,0.35521125112914853,7.467642455638448e-05,5.114819313208746,0
10.269409704852428,0.3556653878899934,0.3142856767741092,0.35492604262604266,7.467642455638448e-05,5.114819313208746,0
10.2746491995998,0.3554147713984937,0.31466295647379994,0.3546408341229368,7.467642455638448e-05,5.114819313208746,0
10.279888694347177,0.3551641549069938,0.31504023617349075,0.3543556256198308,7.467642455638448e-05,5.114819313208746,0
10.285128189094548,0.354913538415494,0.3154175158731815,0.35407041711672493,7.467642455638448e-05,5.114819313208746,0
10.290367683841922,0.3546629219239942,0.31579479557287227,0.3537852086136191,7.467642455638448e-05,5.114819313208746,0
10.295607178589297,0.3544123054324944,0.3161720752725629,0.3535000001105132,7.467642455638448e-05,5.114819313208746,0
10.300846673336668,0.35416168894099465,0.31654935497225367,0.3532147916074074,7.467642455638448e-05,5.114819313208746,0
10.306086168084043,0.3539110724494946,0.3169266346719445,0.3529295831043014,7.467642455638448e-05,5.114819313208746,0
10.311325662831416,0.3536604559579949,0.31730391437163524,0.3526443746011956,7.467642455638448e-05,5.114819313208746,0
10.31656515757879,0.35341023782363457,0.31768014957383045,0.35236051899659293,7.467642455638448e-05,5.114819313208746,0
10.321804652326165,0.3531662440195761,0.31804006450265854,0.35209780243110367,7.467642455638448e-05,5.114819313208746,0
10.327044147073538,0.35292225021551765,0.3183999794314867,0.3518350858656143,7.467642455638448e-05,5.114819313208746,0
10.332283641820911,0.3526782564114593,0.31875989436031466,0.3515723693001249,7.467642455638448e-05,5.114819313208746,0
10.337523136568285,0.35243426260740096,0.31911980928914263,0.3513096527346356,7.467642455638448e-05,5.114819313208746,0
10.342762631315658,0.3521902688033427,0.31947972421797066,0.3510469361691463,7.467642455638448e-05,5.114819313208746,0
10.348002126063031,0.3519462749992842,0.3198396391467987,0.350784219603657,7.467642455638448e-05,5.114819313208746,0
10.353241620810406,0.3517022811952258,0.32019955407562684,0.35052150303816765,7.467642455638448e-05,5.114819313208746,0
10.35848111555778,0.3514582873911674,0.32055946900445487,0.35025878647267833,7.467642455638448e-05,5.114819313208746,0
10.363720610305151,0.3512142935871091,0.3209193839332829,0.349996069907189,7.467642455638448e-05,5.114819313208746,0
10.368960105052526,0.35097184322148933,0.3212764893350732,0.3497341331459175,7.467642455638448e-05,5.114819313208746,0
10.3741995997999,0.3507663389134936,0.321566341683399,0.3494908629481098,7.467642455638448e-05,5.114819313208746,0
10.379439094547276,0.35056083460549803,0.32185619403172466,0.34924759275030226,7.467642455638448e-05,5.114819313208746,0
10.384678589294648,0.35035533029750227,0.32214604638005023,0.34900432255249464,7.467642455638448e-05,5.114819313208746,0
10.38991808404202,0.3501498259895066,0.32243589872837597,0.348761052354687,7.467642455638448e-05,5.114819313208746,0
10.395157578789396,0.34994432168151085,0.3227257510767017,0.3485177821568793,7.467642455638448e-05,5.114819313208746,0
10.40039707353677,0.3497388173735152,0.32301560342502733,0.34827451195907166,7.467642455638448e-05,5.114819313208746,0
10.405636568284145,0.34953331306551944,0.323305455773353,0.3480312417612641,7.467642455638448e-05,5.114819313208746,0
10.410876063031516,0.3493278087575238,0.32359530812167864,0.34778797156345653,7.467642455638448e-05,5.114819313208746,0
10.41611555777889,0.3491223044495281,0.3238851604700043,0.34754470136564897,7.467642455638448e-05,5.114819313208746,0
10.421355052526264,0.3489173340213252,0.3241740178618937,0.34730193403436693,7.467642455638448e-05,5.114819313208746,0
10.426594547273638,0.34873845696799355,0.3244142467579553,0.3470837443045264,7.467642455638448e-05,5.114819313208746,0
10.431834042021013,0.34855957991466197,0.32465447565401695,0.3468655545746858,7.467642455638448e-05,5.114819313208746,0
10.437073536768384,0.3483807028613304,0.32489470455007863,0.34664736484484526,7.467642455638448e-05,5.114819313208746,0
10.44231303151576,0.34820182580799863,0.3251349334461404,0.34642917511500465,7.467642455638448e-05,5.114819313208746,0
10.447552526263133,0.348022948754667,0.325375162342202,0.34621098538516415,7.467642455638448e-05,5.114819313208746,0
10.452792021010506,0.34784407170133547,0.32561539123826366,0.3459927956553236,7.467642455638448e-05,5.114819313208746,0
10.45803151575788,0.3476651946480039,0.32585562013432534,0.34577460592548304,7.467642455638448e-05,5.114819313208746,0
10.463271010505252,0.3474863175946723,0.3260958490303869,0.3455564161956425,7.467642455638448e-05,5.114819313208746,0
10.468510505252627,0.34730744054134066,0.32633607792644864,0.34533822646580187,7.467642455638448e-05,5.114819313208746,0
10.47375,0.347128563488009,0.3265763068225103,0.3451200367359613,7.467642455638448e-05,5.114819313208746,0
